Q83_WINDOW_V1 577 32 2
H 63000 201
L 1 1 0 1 1 1 1 1 -2 -1 1 5 2 -3 1 -6 -1 -2 -4 8 -1 -1 0 -1 -3 -6 2 -1 -2 0 2 9 -6 -7 6 0 0 2 -1 2 3 2 0 -1 -4 0 -7 0 1 -7 1 0 -6 -3 5 1 3 5 -7 6 -7 -5 1 1 -6 -1 3 -1 -4 0 2 5 -2 2 -2 0 3 1 -3 -1 5 4 2 1 -3 2 -1 -4 2 -2 5 3 -5 -1 -2 -1 4 -1 -15 0 -1 1 -4 -4 7 2 2 -2 2 2 -16 5 1 7 10 -2 3 1 4 6 -2 -2 -2 -1 1 -1 0 1 1 -1 -3 -3 -1 -4 -2 -3 -4 -4 8 1 -7 0 -3 1 -1 -3 -2 2 2 2 -22 -4 4 4 1 8 -5 1 -1 2 0 -3 1 4 5 5 -1 -7 -1 2 2 21 5 -3 4 3 0 3 2 8 4 4 3 -8 1 -9 0 -1 3 -1 -5 -2 0 5 -2 2 -3 -1 -2 2 0 0 4 -9 -1 5 -1 1 -3 -3 3 -2 7 -2 -1 -2 1 -2 -1 1 4 -1 -2 2 -2 -1 -1 -2 3 6 2 -1 3 5 -10 -7 -4 1 -4 1 2 3 3 -2 -2 -8 0 0 5 1 -5 3 -12 -2 -5 1 0 0 1 7 -2 1 -1 -2 3 3 -4 3 2 3 0 2 -1 -2 1 -11 2 -3 -4 -1 -6 -5 -7 2 -5 -2 2 5 4 -1 -2 5 0 3 -1 0 6 2 -2 4 -3 0 16 9 4 -1 0 -3 3 2 0 -2 1 24 -2 -2 0 2 -19 3 0 0 -3 4 -4 0 1 1 -2 5 -6 -1 6 0 4 -5 -1 -3 4 -8 5 2 -2 3 -5 -2 -3 3 1 0 13 0 0 -1 1 2 1 1 -1 -6 1 0 0 -3 -1 1 -3 2 -1 7 1 -2 -8 0 2 1 -3 0 1 3 -2 3 -1 4 16 3 1 2 -1 -6 3 0 -2 3 1 2 4 -3 1 -1 -2 -2 -6 -4 0 0 0 3 -11 7 -3 -2 6 3 -2 -3 -1 0 1 0 4 2 -8 -5 7 1 -6 3 -4 -9 3 -5 -1 -3 4 -2 -1 5 4 -3 2 -1 1 -3 4 2 -4 0 -2 -2 0 -13 1 5 -3 -1 -1 -3 1 -2 0 1 3 3 2 -2 2 -1 -1 -3 -2 -3 2 2 -4 -4 15 0 -5 4 -5 3 1 0 1 1 -13 -1 -4 3 2 0 2 -3 1 1 -1 -3 -6 -4 0 5 4 -4 -1 2 4 -5 3 7 2 3 20 -1 4 0 2 -1 1 -5 1 -1 2 -1 0 0 -1 0 -1 -2 -3 -5 1 -2 2 6 5 -6 22 -1 -1 2 -5 7 0 0 -1 -6 -3 0 -3 6 -1 -7 2 1 -2 2 2 -2 0 2 2 -3 4 -1 5 3 -3 -1 -5 0 2 -1 8 3 2 1 0 -2 3 8
L 1 2 0 42 -1 4 3 0 -8 1 1 1 2 2 2 -4 -3 -6 0 -1 3 5 2 -5 -3 2 2 8 2 5 -4 5 -4 -2 8 -2 2 4 3 6 -1 -3 1 3 -1 -2 0 -1 0 -6 -2 -1 -2 -5 4 3 3 -11 2 3 -1 -9 -1 4 1 1 4 -1 -3 3 13 7 1 7 1 3 0 2 1 0 -4 -1 3 -2 1 -2 -1 -5 2 1 2 4 -5 -8 -4 -1 7 -1 -1 1 3 -2 1 1 2 2 3 0 -5 4 -7 -1 5 2 14 -1 1 2 -1 -2 0 -2 -5 39 -1 0 2 2 -5 4 -1 -4 -5 0 -1 -6 -4 -2 0 1 -4 -2 -2 2 -1 -4 -1 -3 -1 -3 0 4 -1 2 3 6 -3 -1 -2 0 1 -2 3 5 -2 4 -6 -13 -3 1 2 -4 -1 -2 1 3 -1 8 -1 -1 1 0 2 -9 5 4 -2 1 3 -3 -3 -1 10 5 3 -2 -5 -3 -2 5 2 -1 4 -9 -1 1 5 6 -3 -3 2 1 -6 -2 -4 -3 3 5 1 -2 1 -1 -3 1 -4 1 0 0 2 1 4 3 6 7 -8 -8 -4 5 2 -2 0 6 -8 -6 -2 -5 4 0 5 -1 -2 0 -4 1 -6 3 -4 -4 5 5 -1 1 -18 2 0 1 -1 1 0 1 3 -1 0 3 1 3 2 1 -2 -2 0 3 -8 2 -3 -3 1 3 8 3 -2 5 2 -1 1 1 -4 -1 4 2 -3 1 -1 8 -2 1 -4 -4 1 2 -2 -3 1 -4 -2 -3 -1 2 -14 -2 -4 -4 -7 3 -2 0 1 -7 -1 0 0 -1 3 4 -2 -3 -2 0 3 -4 3 -2 -1 3 0 2 0 0 -6 -2 1 6 0 -1 0 -4 -6 -1 2 -4 -1 3 5 -2 -1 2 0 -4 -3 5 -3 -5 -3 1 9 6 8 0 -3 -10 1 2 -2 -2 -7 -1 0 3 -3 -2 2 4 -1 -1 2 0 4 -1 -1 -1 10 2 9 1 -1 -3 1 3 -11 3 -4 2 1 3 -1 -4 -2 -6 0 -1 6 0 3 1 0 1 0 3 -3 -4 1 -2 1 -4 4 3 3 -10 8 -6 2 1 -1 0 8 -11 -1 -2 -1 -2 -1 -11 3 0 -7 -2 8 -1 0 -5 1 -1 -1 -6 0 -5 2 -1 -2 -4 0 4 0 1 4 -7 10 3 -9 -2 0 5 2 0 6 -5 -11 2 -1 4 3 -2 3 -3 0 -5 -3 0 2 -6 1 1 6 -1 4 12 1 -5 7 4 1 -1 19 -3 2 -1 2 -2 -4 -3 0 -2 1 0 -1 5 -1 11 -3 1 -2 -5 1 -3 -5 3 8 -1 12 -1 -2 7 -6 8 3 0 0 -7 -3 -1 -1 6 0 8 1 2 -1 2 -2 -3 -1 0 1 -2 5 -2 2 0 1 0 1 2 4 4 -8 10 -7 1 -4 2 5 -8
L 1 3 0 4 1 -8 -1 0 -5 4 0 -2 1 -2 3 -2 5 7 2 1 5 -9 -4 5 5 4 0 -4 5 -5 -2 -5 3 -7 -3 4 -3 -5 -2 -4 0 0 0 -3 3 3 5 -1 1 -2 4 1 -2 1 2 -3 -4 3 9 3 -2 -4 1 -4 1 1 -1 -1 -3 -3 -3 8 -2 -4 3 -2 3 -1 4 1 7 0 -5 -2 2 4 0 5 -7 -1 1 -1 4 5 6 -2 -8 -1 10 -2 -1 0 0 1 -3 -2 -5 2 2 -5 5 -4 -2 -3 -2 4 -3 0 3 7 1 1 4 -17 2 3 -2 0 4 -1 -1 4 0 -1 -1 2 1 1 -3 3 3 3 3 0 1 7 0 3 1 3 5 -3 -2 -3 -2 4 1 -2 2 1 -2 7 -9 2 -1 -1 3 -6 1 -3 2 -4 0 -3 0 -4 16 -2 -2 -2 -4 1 -1 0 -3 -2 3 -3 0 7 4 1 -8 -3 0 4 1 -1 3 -11 0 9 -2 13 1 0 -1 -5 0 4 4 4 -3 -3 1 3 -11 5 0 2 -2 1 -5 2 -1 1 -1 -4 -4 -1 1 -4 -4 -7 -1 24 -2 2 2 5 4 3 12 -1 -2 3 -5 2 -2 0 3 -2 8 6 0 3 1 -1 -4 -15 19 -5 3 4 -5 -1 0 -3 -1 5 -2 -2 2 1 -2 4 -2 -2 3 9 10 1 -12 -4 7 2 0 0 -10 -2 -7 -2 4 0 7 -4 4 0 7 -3 1 -3 -13 1 2 2 0 -4 -1 -1 1 0 -4 -14 -2 0 2 1 12 2 2 1 15 -4 2 1 -3 -6 2 -4 -2 4 -2 -2 0 -3 -2 1 -1 4 1 -1 4 -2 5 -3 3 12 2 0 -8 -3 0 0 -1 6 4 1 0 4 -2 -2 -3 -1 -4 2 -4 -2 0 -4 4 1 -3 -5 -3 0 -4 -2 -2 -2 0 -2 -3 -2 -10 -5 0 -4 1 -3 -3 0 1 3 3 6 -3 -1 -1 -2 2 0 -8 7 0 6 -1 -1 5 -4 1 -1 -4 -3 3 2 -2 -4 -1 -1 -6 3 1 -7 1 0 -7 -4 -5 5 2 -2 -1 2 -5 0 -3 -11 3 0 -7 3 3 3 -1 15 1 5 4 5 -1 11 -5 -1 3 3 6 0 -6 5 -4 2 1 6 2 0 -3 0 0 9 -2 1 0 -1 8 19 -6 -2 10 -1 1 -4 -2 -4 -2 3 5 3 -3 -2 -2 -1 -3 8 1 1 3 -2 3 -2 4 -3 -5 -1 -3 4 4 3 -4 -2 1 -2 -10 -2 -3 0 -1 3 -4 4 3 4 -3 -4 -4 -2 -3 3 1 2 3 -3 -2 5 1 2 -1 0 -6 -2 -1 9 -3 1 2 0 -1 6 6 -1 0 -16 0 -5 6 -3 -3 0 0 2 -1 0 2 3 -3 0 -3 0 0 1 1 -3 -4 -2 -1 -2 3 -1 3 -1 0 8
L 1 4 0 3 1 2 -1 7 1 -4 -1 3 0 0 1 -2 -5 -4 -3 4 1 8 -1 -3 -2 -2 1 1 -1 1 2 10 -6 4 4 -1 2 2 0 0 -1 1 -1 -4 -2 -2 -4 0 3 -7 0 2 -1 -2 -2 -2 4 -10 7 5 -3 -2 -1 7 -1 -2 5 0 -1 0 2 3 0 0 -1 1 -3 0 -5 -2 3 2 2 3 -1 0 -2 -3 1 -1 3 3 -5 3 -1 -4 3 1 -22 -1 -1 1 -2 -3 6 2 4 -2 3 2 -5 -3 0 4 2 -1 2 1 4 -3 -2 -4 -2 9 1 -1 -3 0 -3 1 -4 -2 1 0 -3 -3 -2 -4 -1 4 -5 -2 -3 0 2 3 -3 -1 1 0 -10 -1 3 2 2 7 0 -2 -2 1 0 -2 3 3 4 0 -3 -3 -2 4 3 17 2 -5 3 9 0 3 3 6 3 4 3 -3 2 -2 -1 1 4 -3 -1 -3 7 4 1 0 -1 -1 -3 3 0 13 2 5 -1 1 -1 3 -2 -3 4 -3 8 2 1 -1 1 -3 -1 1 3 -2 5 1 -2 2 -2 1 0 1 4 2 2 4 -10 -14 -3 -2 0 0 6 4 -4 1 -1 -6 -1 -1 2 0 -4 0 -11 -1 -4 0 -1 0 2 1 -6 2 4 -7 6 2 -2 4 0 1 1 0 0 0 0 -10 5 -6 -4 -4 -2 0 -1 5 0 0 -1 -1 3 2 -3 2 -2 1 -4 -2 -9 1 -4 2 -6 3 6 10 3 1 0 -1 1 4 -2 -1 -1 16 -2 -1 -1 0 -9 3 -2 -1 5 3 -4 1 1 -2 -6 -4 -3 -3 4 1 2 -2 2 -2 1 -5 0 3 -1 3 -4 -5 -2 1 1 -2 4 -2 1 -1 2 3 3 -1 -3 -5 2 0 -2 -5 -2 2 -5 -8 -2 8 3 0 -3 2 1 -2 1 -1 0 -1 -3 6 0 2 17 1 0 0 -1 -3 2 0 0 2 1 9 3 -3 0 -1 -4 -5 -2 5 -2 -1 -4 0 -12 2 2 -1 4 1 -2 -2 -1 -3 -1 -1 4 -5 -10 -4 5 0 2 3 -4 -6 1 -4 0 -3 3 -1 -2 4 -3 4 1 -2 -1 3 3 2 -1 0 -1 -2 1 -11 1 1 -4 -1 -6 -1 1 -3 2 1 0 -1 1 -4 2 -1 -1 -1 -1 -3 -1 0 -20 10 3 0 3 5 -3 2 2 1 -1 -1 -7 2 -4 0 -3 4 0 -2 2 -6 -1 -3 -2 -9 0 5 3 -2 -1 7 4 -4 4 3 2 4 14 0 1 -1 0 1 2 -8 1 0 4 -1 3 2 1 -3 1 -3 -2 -3 3 -1 1 -1 6 -5 8 0 1 4 11 1 -3 -1 0 -4 -2 1 0 2 -4 -7 2 3 -3 -1 3 -3 -4 1 2 -3 3 2 -1 1 3 -1 -2 2 3 0 4 1 2 3 -4 -2 5 8
L 1 5 0 54 1 2 -1 1 5 3 0 -4 -2 -1 -1 5 3 1 -1 -7 0 -7 2 1 -1 4 -1 4 -1 -1 0 -8 7 -9 -6 0 -3 1 -1 3 -2 -2 1 2 5 -1 8 -1 -2 9 3 -2 5 4 -5 2 -4 2 6 -5 6 2 1 -2 8 1 -7 -1 5 -2 -6 -7 2 -2 3 1 -1 1 5 0 -1 -3 -7 -1 2 -3 4 1 0 -1 -6 -1 3 -1 3 1 -4 0 20 1 3 0 1 3 -12 -2 2 1 -4 0 16 0 -1 -8 -11 1 -5 2 -4 0 3 1 3 -8 -2 -1 2 0 -1 0 2 1 0 3 3 1 2 8 -11 0 1 -1 1 -1 -1 0 4 -4 -2 -1 16 2 -2 -2 -3 -15 0 3 4 -1 -1 -1 -2 -6 -10 0 4 -2 -3 -8 -2 -20 -7 7 -4 -11 -4 -1 -4 -7 -2 -6 -1 8 -2 16 -1 1 -3 1 2 1 0 -5 1 -2 1 -3 2 0 1 -15 -4 5 0 -4 5 3 5 3 -3 1 -4 -1 1 3 -4 -1 1 -2 -2 0 -5 0 2 1 0 -1 -2 -4 -4 -2 -2 -1 8 13 7 1 5 0 -7 1 -8 3 4 8 3 0 -4 -1 4 2 12 -1 5 1 2 -1 -3 1 -5 -1 -5 10 -6 -1 5 -4 -3 -2 -1 -3 1 -1 1 12 -3 5 3 2 3 3 9 -2 4 2 -1 0 -4 -1 -2 -3 1 0 2 -2 -7 0 5 -5 8 -1 -14 -8 -3 -1 -2 1 -1 3 0 0 1 -24 2 1 1 1 10 -2 1 -1 -1 -4 6 0 -1 1 3 3 3 2 -6 1 -4 6 0 5 -1 5 -5 -4 2 -5 7 6 3 1 -1 -2 -5 -1 -1 -2 0 1 -1 -3 6 5 -1 1 -2 5 -1 -2 3 -2 2 -5 -3 4 4 -1 -2 -5 -1 2 2 -6 1 -6 1 -6 -21 0 1 -2 1 5 -3 2 3 -3 -1 -8 -1 3 0 2 9 5 7 5 0 0 0 3 16 0 3 4 0 1 2 0 -2 -1 1 1 -1 3 11 4 -4 -1 7 -2 5 4 -2 4 2 2 0 0 4 -3 -4 0 -3 -1 -4 1 -7 -12 1 -2 2 6 0 10 2 -2 2 -1 -1 1 0 1 4 -1 -3 -2 -2 0 2 5 -4 0 2 4 -4 2 13 -15 -14 1 -3 -3 4 -1 -1 1 1 1 13 -2 4 4 -1 -3 -1 1 -3 -3 1 5 6 7 -3 -6 -1 5 1 -1 -5 4 -4 -2 -5 0 -14 1 -4 3 -3 1 -4 8 -1 -1 0 4 1 -1 0 -4 -3 5 5 2 -3 2 -2 0 -4 6 -24 1 1 -5 2 -2 2 0 -1 6 1 2 1 7 4 10 -2 -2 6 1 -4 4 3 1 1 5 -5 -1 2 -2 0 -2 3 -3 1 2 -9 -6 -1 -2 2 7 -3 8
L 1 6 0 41 -1 6 0 0 -2 6 0 -3 -1 2 -1 0 2 3 3 -3 2 -4 -2 0 1 1 -1 -1 2 2 -10 -5 8 -5 -4 1 0 -5 0 -4 1 -3 0 1 0 3 13 4 -3 1 3 -2 4 0 -4 0 -4 11 -5 -2 6 -1 0 0 5 0 0 -4 2 -2 -5 -6 -1 -3 0 2 1 0 5 0 -5 -1 -7 -3 3 1 1 7 -3 0 -6 0 5 2 -2 0 -3 0 10 1 3 -3 2 5 -1 -3 -2 1 -1 0 7 -2 1 -10 -6 5 -4 -3 -4 -6 1 3 1 0 -1 0 2 1 0 -3 0 -1 1 2 1 2 4 4 -2 0 3 2 4 1 1 2 2 -3 -1 -3 3 1 0 -3 -4 -1 2 2 4 -6 -1 5 -6 -1 -4 -2 2 -11 0 -8 0 -18 -2 4 1 -7 -3 -3 -1 -6 -2 -2 0 4 0 4 2 1 -3 1 4 4 -3 -2 -3 3 2 2 1 -5 3 -5 -3 2 -1 -5 2 -3 2 2 0 3 -1 -2 2 2 -12 1 0 -2 -4 1 -2 -1 2 1 1 2 -2 -7 -2 -2 -3 -7 12 24 3 -3 4 1 -4 1 12 0 3 5 -4 -1 -5 0 2 -1 6 4 3 0 2 -2 -2 -7 10 -2 -8 10 -2 -1 0 -8 -4 -1 0 -4 2 0 1 3 0 9 4 6 12 -1 -1 -6 -1 2 0 -3 -8 -4 2 -2 0 -2 4 0 -8 -3 9 -4 6 1 -9 -3 -3 1 -1 -1 0 -2 4 -1 -3 -30 0 2 0 1 16 0 1 -3 12 -4 5 5 -2 -3 -2 -3 5 4 -5 0 -2 4 0 3 -1 2 1 -4 3 -4 4 3 2 4 0 -3 -8 0 -1 2 0 -3 -2 -2 3 3 1 -3 0 6 -2 -2 7 2 2 -6 2 3 7 -6 -6 6 -6 -1 0 1 1 -2 1 -4 -14 -3 1 -4 2 0 -6 0 2 -2 -2 -6 -4 1 0 2 3 2 16 2 -2 3 2 3 13 1 -1 -1 -8 1 3 0 2 4 -2 1 -3 -2 6 -3 -7 0 -2 -2 -2 6 3 2 2 1 0 4 2 0 4 0 -2 2 1 1 -6 2 1 4 1 8 -1 14 2 -2 5 4 2 3 1 1 -1 3 -3 0 0 2 -4 5 2 6 3 3 -4 -1 16 17 -16 -4 11 -2 7 -1 -2 -1 -2 0 6 0 1 -6 -2 2 -2 7 -1 1 2 3 1 7 5 -6 -3 3 1 -2 -4 3 -5 -5 0 -3 -14 -2 -5 3 3 3 -2 4 0 2 -2 0 -3 -1 -1 8 2 3 4 -4 4 1 -1 -1 -1 4 -7 1 2 12 -3 -7 3 3 -2 0 3 3 0 -7 -2 6 6 -2 -1 2 -1 3 2 1 2 3 -1 11 0 -2 1 -1 2 -1 -5 0 -4 -3 0 -3 3 3 0 -8
L 1 7 0 51 1 8 1 9 -2 -4 0 0 -2 2 -2 1 -4 -8 1 -1 0 10 1 -5 -2 3 0 8 -1 5 -4 6 -2 4 3 -2 4 2 2 3 -4 -1 0 0 -1 -2 -5 2 2 -2 -2 0 1 -3 -7 -2 2 -12 2 0 0 0 -3 2 2 0 4 0 0 3 9 -1 0 2 1 2 -5 0 -5 0 -7 -2 3 2 0 -4 -3 -2 1 0 -1 3 -4 -1 -6 -4 7 1 -7 0 3 -2 1 0 5 4 2 -2 0 5 -5 1 3 1 6 -3 2 1 0 -10 2 -1 -3 20 -1 0 -3 -1 -5 4 -1 -1 2 2 0 -4 -3 -2 -7 1 -2 -3 -2 2 0 -2 -3 -5 0 -2 1 3 1 2 5 -2 -1 -2 -3 -2 1 -2 5 -1 1 0 -8 1 -4 3 2 7 3 -1 -1 7 -12 3 1 1 1 -1 1 6 2 -1 -1 1 4 -5 -5 -6 12 5 1 -1 0 -2 -2 4 -1 7 0 -4 1 -2 3 8 0 -2 2 -5 1 3 -2 -2 12 0 0 0 0 1 7 -1 -3 1 -1 3 1 -4 1 4 2 4 -1 -16 -3 0 0 -2 -1 -2 -16 1 0 1 2 0 2 1 -3 1 -8 1 -5 -1 -3 -2 5 3 -10 3 -8 -8 2 2 0 2 0 -3 4 -1 -1 1 -1 -5 4 -2 0 -9 -2 2 6 4 -2 0 -1 -2 12 7 -1 0 -1 -1 -3 2 -9 0 -4 3 -7 5 4 5 0 2 0 0 -1 6 -2 0 0 6 -1 1 -1 -2 -3 -3 -4 -1 -3 2 -4 0 0 1 -5 -6 4 -3 3 4 -1 4 0 -2 0 -1 -2 1 -1 4 -1 0 -1 -3 -4 -2 -5 3 2 0 1 -2 -2 -3 -2 -2 0 2 0 -3 2 1 -2 -3 -2 4 -2 -1 1 6 0 2 4 0 -3 -3 0 3 2 1 3 -2 -1 4 -2 1 1 1 0 -2 -2 -8 1 0 1 1 -5 -3 10 6 -2 -3 -1 -3 -7 5 3 1 4 -1 -1 -2 0 -2 0 -2 1 -3 3 3 1 1 2 4 2 -10 -3 1 0 -1 4 2 1 1 5 0 3 0 -3 2 2 -9 0 -2 -2 -1 2 -10 3 -1 -5 -1 -2 0 5 -4 2 -1 -1 -7 -3 -1 2 2 1 -5 1 -3 -3 -2 -4 -1 8 1 -2 -1 -1 1 0 4 2 -5 -8 4 3 -1 0 3 0 -10 -1 -10 -4 0 -4 -6 -1 2 6 -1 2 8 -1 -3 5 -2 1 0 4 -1 0 -3 1 -1 2 -5 -2 -1 4 0 2 3 3 12 -1 -3 0 -3 1 -3 -4 -2 1 -3 10 1 2 5 6 -3 -1 2 2 -6 -1 2 2 8 -3 6 -1 1 -1 -1 4 -3 -3 -1 -2 -3 3 -4 4 -1 4 0 -1 2 5 2 -4 2 -4 3 -5 -2 2 8
L 1 8 0 28 -1 -6 -2 6 -4 -7 0 1 0 -7 -1 -2 -4 -1 -5 10 -2 3 -3 0 -1 -2 1 0 -3 -3 5 7 -5 -7 4 -1 -3 4 -2 2 -4 5 0 -4 0 -1 -15 -1 4 0 0 2 -5 0 9 0 1 0 7 2 -9 3 1 -2 -6 -2 0 0 0 1 0 3 1 2 0 -2 -4 0 -4 1 6 2 2 1 -3 1 -5 -9 -1 -2 6 0 -5 -1 3 -4 2 -3 -5 -2 -2 2 -4 -6 2 3 2 -3 5 -1 -11 8 -3 7 8 -4 4 2 4 6 1 -4 -3 -8 2 0 -2 -4 0 0 -3 1 -2 -1 -1 -2 -2 -5 2 4 -5 -1 -4 0 -4 -4 -2 2 1 4 -15 -6 3 4 4 1 -4 -1 -5 7 -2 -5 0 2 1 3 -3 12 1 4 -1 22 5 -5 -1 3 1 0 3 7 2 2 0 4 -5 -13 -1 -2 4 0 -5 -7 4 5 -1 0 -1 -1 -3 4 -3 9 1 -1 2 2 0 7 -1 -1 2 -2 5 3 1 -3 8 -5 3 2 6 -2 -1 0 -6 -1 -3 -1 2 5 2 -2 4 4 -9 -10 -5 3 -5 -1 3 5 -13 -2 -2 3 2 0 3 2 -2 2 -11 -1 -5 1 -2 0 0 10 -8 -1 11 -11 -1 1 -1 7 1 1 -1 5 -4 -1 -4 -14 2 -7 -1 -9 -10 -2 -2 3 -3 -3 -1 -3 14 3 -11 3 0 2 -4 0 2 2 -12 4 -4 -3 13 8 6 0 3 2 0 7 -1 -2 3 21 1 1 1 3 -13 0 -4 0 -9 3 -6 1 0 4 -3 -1 -6 -3 5 3 3 0 -1 -2 1 -4 -1 2 -5 5 -5 -2 -5 0 0 0 1 -4 -1 -6 1 2 3 1 0 -2 -4 -2 -2 -5 -2 0 -7 -1 -2 7 1 0 -4 3 3 -3 2 1 0 0 0 2 -1 5 16 0 1 3 -3 -2 6 -1 -3 3 -3 -1 4 -2 -3 -2 -6 -1 -5 4 -1 -2 -3 -2 -16 4 -3 0 10 -2 -1 -1 0 -3 1 -1 0 2 -3 0 7 0 -6 1 7 -4 -2 -2 -2 -1 1 -3 0 9 -3 -1 2 -1 -4 0 5 -6 -3 -2 0 2 3 -12 -2 2 -5 2 -13 -2 5 1 2 -2 1 1 1 -2 3 2 -1 -8 -3 -8 5 0 -9 -8 18 2 -2 4 -5 0 3 4 2 -2 -5 3 2 6 2 -2 3 -8 -2 -6 -1 -2 -5 -10 -7 3 4 -5 -3 5 3 -5 3 1 -4 2 6 0 2 -4 -1 -3 3 -5 1 0 2 -3 0 0 1 -2 0 -3 -4 -5 -1 -4 2 -2 5 -8 10 -1 -3 -5 1 4 -2 3 2 -2 -1 -2 -1 8 2 -14 -6 1 1 -3 1 -4 -4 -2 0 -3 4 -10 6 2 -1 0 -4 2 6 -2 1 -2 4 1 -3 -3 -1 -8
L 1 9 0 12 1 -1 1 -5 5 4 0 -1 1 4 2 1 2 5 1 -8 1 -5 2 3 1 0 -1 -8 2 -1 0 -2 3 8 -5 4 2 -5 -2 -4 4 -2 0 1 -1 1 12 -3 -3 -2 2 0 4 0 -3 0 -1 -2 4 2 5 2 0 1 3 2 -2 2 -1 -4 -7 1 -4 -5 -2 -1 3 1 3 -3 3 3 -1 1 3 1 5 8 0 1 -2 -1 6 6 3 4 -4 3 -3 2 -1 2 3 3 0 -5 -1 3 0 -2 11 -9 -1 -3 -13 4 -3 -1 -2 3 -2 2 3 -18 0 0 1 3 4 -1 2 0 -5 -1 -1 2 4 2 0 -2 3 0 2 -3 4 6 0 3 4 -2 7 2 0 -3 -5 2 5 0 3 -2 2 6 0 1 2 -3 9 -7 2 -2 2 -10 -4 1 2 -1 8 2 -4 -1 -1 2 -1 -12 3 10 0 0 -3 4 7 8 -5 -7 2 2 1 2 4 -5 5 -2 0 12 -2 2 -5 -8 0 1 1 4 -3 -3 1 4 -15 4 -3 0 -4 -1 0 1 6 0 2 -1 -2 -3 -1 -1 -5 -6 1 9 4 -2 3 4 2 -4 24 3 2 -6 -5 -1 -1 -3 2 -2 9 -1 6 0 4 3 -2 -11 9 0 8 10 0 -3 0 -6 1 1 -2 -3 6 1 4 10 -2 -1 -1 10 7 0 -1 -2 7 3 0 4 -18 -6 8 -4 1 0 4 -2 -1 0 10 -3 4 1 -11 -4 -3 1 0 -3 2 -6 0 1 -4 -6 1 -2 0 -2 5 5 6 2 15 -4 5 -3 0 -1 3 2 0 3 -5 -4 0 -4 3 2 -2 2 -2 2 3 -3 2 -2 6 4 3 2 5 -1 0 5 0 4 2 0 -3 0 7 0 -2 3 0 0 3 -2 3 -4 4 1 0 -4 -4 -6 -3 -3 1 -2 -3 -2 0 -6 -5 2 -2 -6 1 -1 -5 -1 3 1 4 12 -4 -1 3 0 4 -1 -11 -3 0 3 -1 1 11 -5 7 -1 -7 1 0 2 -1 3 0 1 1 -5 -8 -2 -3 -2 3 -3 -12 7 4 -2 1 -1 -3 -3 -3 -5 -3 6 -4 0 4 2 -4 13 2 4 2 -4 -1 10 0 -1 6 -3 9 1 -6 3 -2 3 1 5 4 2 -2 -6 -1 9 2 5 -3 1 -4 11 -17 -2 4 1 2 -3 -2 -4 -6 5 12 -5 -6 -4 -3 1 -5 8 4 5 4 -1 6 8 5 -3 -6 4 0 -6 0 5 -4 3 5 1 4 2 -2 5 -1 0 -3 6 0 -1 -1 2 3 -4 -1 -13 2 4 3 11 -1 5 2 3 -3 5 -17 -1 2 1 3 -3 1 -5 -2 4 0 3 0 -14 -1 2 8 0 -2 2 0 2 3 2 0 5 -5 12 -7 0 0 0 2 -2 -5 0 5 -1 -1 -1 5 1 1 8
L 1 10 0 36 -1 7 2 0 6 -2 1 2 0 5 -2 0 -4 -7 -4 1 -4 9 3 -6 -5 -5 -1 3 -2 6 2 8 -7 7 4 -5 4 4 4 5 2 -1 -1 2 -6 -3 -2 4 0 -4 -5 -1 1 1 -4 0 5 2 -14 -1 2 -2 -1 9 -1 -2 3 0 2 2 1 -6 2 4 -2 4 0 0 -5 -3 -3 0 4 3 -3 -2 0 -4 7 1 0 1 -4 -4 -6 2 8 2 -22 1 0 0 -2 -3 3 3 7 -2 -2 4 -5 -1 3 3 5 -2 4 -1 -1 -7 -2 -1 -5 29 -1 -2 4 1 -6 0 1 -3 4 2 0 -2 -1 -2 9 -3 -1 -1 -2 1 1 -3 0 -4 -4 -2 -9 3 2 3 2 3 -2 3 0 -2 2 -5 6 -1 3 2 -4 -3 0 4 0 5 0 0 2 3 -10 2 3 2 6 0 2 -5 3 3 -2 3 0 -8 -2 0 4 6 0 -4 -2 0 -3 11 0 -8 5 -12 -1 -2 1 1 0 -5 -5 -3 9 2 0 -3 7 -3 -1 -3 3 0 3 -3 1 1 1 3 3 2 1 5 7 8 -2 -24 2 -3 -1 -5 -2 3 -8 -2 1 -7 3 -2 4 0 -5 2 -12 -4 -1 -3 0 0 3 10 -13 4 -7 -1 8 1 2 3 0 -2 3 1 -1 -2 2 -6 2 4 -4 -4 -7 -2 3 3 -8 -3 2 0 6 -2 7 3 -5 0 -6 2 -6 -1 -5 3 -1 4 11 0 0 -1 0 2 2 -1 0 -1 4 9 0 1 -2 1 -11 1 -2 -3 -12 3 -3 2 4 3 -1 3 -1 -4 4 1 0 1 3 -1 1 -5 3 0 -2 2 -5 2 -6 -12 -2 -2 12 5 -1 1 1 -6 -5 -2 0 -5 2 3 5 1 2 -2 2 2 0 5 -3 -1 5 1 7 5 3 0 1 5 0 8 3 3 13 5 0 -1 2 1 2 1 -2 -1 0 2 2 -1 2 3 -2 0 12 -12 -1 -5 0 2 -5 4 -6 1 1 2 -3 -3 1 -2 -1 1 6 0 -5 4 -1 1 10 5 3 -5 2 2 1 -3 6 3 1 10 -4 -2 6 -4 -1 -4 1 -9 -1 -6 -5 -5 -1 -9 4 1 -3 -2 -7 -2 3 -7 2 0 -1 -5 -2 -2 5 1 -1 -6 3 0 1 2 -11 -9 1 2 -5 3 -2 3 3 -1 2 -3 -11 -1 0 2 3 2 3 0 0 4 -2 3 -2 -1 -2 5 6 1 3 -3 -2 -6 4 2 0 2 20 2 5 0 2 -1 5 -6 -1 -1 1 4 2 3 0 -6 -1 -3 -2 -2 4 -4 -2 -1 5 -1 11 2 2 -4 3 2 -2 0 -1 -8 -7 0 -1 12 -2 3 -1 4 2 1 0 0 2 1 -1 -3 4 4 -2 2 0 0 -1 3 3 2 3 5 0 -1 -3 0 1 -8
L 1 11 0 32 -1 -7 -2 1 -1 0 -1 1 -1 3 0 2 -5 -6 3 0 -2 12 2 -5 -1 0 -2 6 0 0 6 3 -8 10 6 -5 -2 3 3 6 -2 -1 -4 0 -2 -3 -5 1 0 -8 -4 3 -3 2 2 -3 2 -5 -4 -2 -1 -8 -2 5 0 0 7 -1 3 3 9 -1 4 1 1 4 -1 -1 -4 0 -3 -3 4 3 2 -1 -2 -5 1 0 2 1 -2 -3 -3 -3 6 0 -15 -3 1 -3 0 -3 -2 3 5 -3 -5 -1 4 -6 2 5 9 -1 1 0 4 -8 1 -3 -3 39 -1 -1 0 -1 -7 2 0 1 3 4 -2 -3 -2 -3 4 1 1 -1 -2 3 6 3 -1 -8 -8 -3 6 1 -3 1 5 5 1 -3 0 0 0 -3 -2 0 0 0 -8 7 -1 5 0 3 1 -5 -2 3 -4 1 2 -1 5 -1 1 5 0 4 0 3 3 -7 -3 -1 5 4 0 -2 -3 -1 -5 2 -1 9 3 3 1 -5 5 2 0 -3 -2 -2 3 2 -3 -2 9 -2 -1 -3 2 2 6 -2 -3 2 -1 1 0 6 6 4 6 9 -4 -5 -1 -4 2 0 5 2 -21 -7 -2 -7 2 1 4 4 -2 1 -6 1 -2 -4 -3 -1 1 0 -7 2 -5 -18 3 3 4 4 -2 -1 5 0 -3 3 -1 -4 3 0 0 -2 -1 1 -3 4 3 -2 1 3 10 1 1 4 -2 1 -3 1 -14 0 -6 2 -2 5 -3 5 1 4 -2 -1 -1 1 -1 0 4 2 0 0 -5 0 3 -4 -3 -2 -3 4 -6 0 1 -10 -5 -4 -2 -5 8 -1 -1 -1 1 -3 -1 -1 5 -2 -1 1 -1 -1 -5 -6 0 -5 -4 1 1 -3 3 0 -2 -2 0 -5 -3 1 6 -6 -1 1 -5 3 -2 5 -1 0 5 3 9 6 5 0 -3 2 1 8 1 2 5 0 1 1 2 1 1 1 1 -1 -1 9 1 0 -3 1 -2 -1 8 -1 -4 -4 -1 -1 -1 -1 -4 5 1 2 0 -2 0 -9 -3 1 -2 -4 2 6 0 3 4 1 -2 3 -1 2 -1 -1 2 4 0 -5 -5 -2 3 -1 0 0 5 -6 2 -6 -2 -2 -6 -8 2 0 -8 1 -4 1 -2 -7 1 0 -1 -7 -3 -5 3 4 1 -2 0 1 2 -1 -17 7 1 0 -4 4 -4 2 4 -1 4 -2 -20 6 2 2 1 6 1 8 0 5 -2 2 1 -11 -2 3 3 -1 0 0 1 -5 8 1 -3 2 2 2 4 -2 1 1 1 -6 3 4 -4 0 -3 6 1 -4 -3 -2 -2 -4 5 -3 -2 -3 5 -3 14 -1 -1 -3 8 6 -4 -2 1 -4 -2 -2 1 5 -2 6 1 2 1 -3 -1 2 1 -1 1 -3 5 -5 -5 -1 6 -1 0 4 3 4 -6 6 0 2 -5 -2 4 -8
L 1 12 0 55 1 -5 0 1 0 -2 2 1 -1 -1 -1 -1 -5 -7 -1 2 -3 3 3 -4 -2 -1 2 6 -3 4 2 7 -2 -3 5 -1 0 3 2 7 0 0 0 2 -4 -2 -8 1 0 -1 -2 -1 0 -3 8 1 1 -2 -2 -2 -3 -1 -2 -5 -4 1 -2 -1 1 4 9 1 2 1 1 0 -1 2 -2 -1 -3 -1 4 0 0 -2 -1 -6 0 0 0 2 -4 -4 -2 0 7 -1 -3 1 3 -2 -1 -2 0 3 6 -3 -3 5 -3 5 1 4 7 -4 2 1 -1 0 2 -2 -5 14 -2 -1 0 0 -1 2 -1 -3 -1 0 1 -3 -3 1 -2 0 -4 -1 -4 1 -2 -5 -1 -4 0 -2 1 1 1 4 4 -8 -2 0 0 2 1 -4 4 0 -1 3 -5 4 -2 4 -1 5 1 -2 0 2 -9 5 0 2 3 -2 -1 0 0 6 -3 1 2 -5 -6 -2 9 5 -2 0 -2 -1 -3 4 1 -2 3 2 2 0 4 12 1 -2 0 0 -6 2 -1 0 8 1 3 0 2 -1 -2 -3 -5 0 -1 1 3 3 0 2 7 11 -4 -1 -2 2 0 1 -3 0 -20 -3 -1 -3 4 0 5 1 -3 2 -8 -1 -4 -1 0 -2 2 11 -16 4 -9 -8 -3 3 1 3 0 -3 0 0 -2 -1 -2 -3 1 -1 -3 -8 -5 0 5 3 -2 -2 -2 7 12 6 0 5 0 2 -1 -1 -11 1 -8 3 -2 1 1 5 0 2 1 -1 0 6 -1 -2 3 8 3 2 -1 3 -9 -4 -3 -1 -10 2 -3 -1 0 -1 -4 5 -1 -1 4 5 -2 -1 0 -3 0 -1 3 -1 -3 3 -2 1 -3 -6 -2 -1 2 4 0 -4 3 -1 -2 -3 0 -2 -1 1 2 -2 3 -1 -2 5 1 2 -3 -1 3 1 8 0 5 2 -1 -7 0 3 2 0 -3 1 -1 3 -2 2 2 2 -1 -1 -1 -4 3 -1 -2 2 3 1 8 4 -2 -3 2 2 -4 7 -1 2 6 3 0 -2 1 -6 -1 3 4 1 6 6 1 0 -1 1 2 -5 0 1 0 0 6 -1 1 -6 -1 -5 3 -2 -4 1 7 -16 -1 -4 -1 2 -1 -11 4 0 -3 2 -5 0 2 -3 4 -1 -1 -6 -6 -1 4 2 -1 -5 2 -1 3 -1 -5 -19 9 0 -11 0 -2 3 2 3 5 -4 -10 0 2 6 2 1 0 -5 -4 -4 -2 0 -2 -8 -5 2 5 -1 3 1 -1 -4 6 1 -3 0 8 1 1 -4 -1 -3 -1 1 -1 -1 2 2 -1 2 3 0 -3 -1 -5 0 -1 -3 -1 1 3 -2 6 -1 0 -3 2 3 2 1 2 -7 -5 -2 -1 14 2 7 -2 1 3 -1 -1 -1 0 0 -2 -3 3 -8 8 0 -1 -1 0 2 6 4 -7 5 -2 2 -5 0 0 8
L 1 13 0 7 1 -11 -2 0 3 -2 2 5 0 -2 2 -4 -5 -2 -5 6 -3 2 2 -2 -1 -5 2 -1 -3 0 9 10 -7 -4 6 0 -3 2 -1 3 4 2 -1 -1 -5 -2 -7 -1 2 -8 0 1 -1 -2 13 1 2 1 3 3 -3 -3 0 0 -6 -2 -1 -1 0 0 2 5 1 -1 -1 0 0 2 -2 -3 8 3 2 2 -1 2 0 -7 0 -1 5 2 -5 0 1 0 3 -1 -18 0 0 1 -4 -6 1 2 8 -4 0 2 -3 1 -2 7 5 -2 1 2 4 7 -2 -5 -4 2 0 -1 1 0 0 0 -4 -3 -3 -1 -1 -3 -3 -1 5 2 -6 0 -6 0 0 1 -1 0 1 0 -11 -3 5 4 1 1 -3 1 1 4 0 -3 2 3 2 3 0 0 -1 5 2 15 2 -5 3 4 4 4 1 6 5 3 2 -9 0 5 -2 0 3 -3 -2 0 4 4 -2 1 -2 0 -4 3 2 4 5 11 -1 3 0 6 -1 -2 2 2 2 1 1 1 -1 -3 1 0 4 -3 -6 -1 -4 0 -2 -1 2 7 3 0 6 11 -13 -1 -2 1 -1 3 4 6 -8 -4 -2 -9 1 0 6 1 -3 2 -12 -1 -3 1 2 -1 0 7 -13 4 3 -8 1 3 -1 3 0 1 -3 1 1 -2 0 -7 2 -5 -6 -3 -4 -2 -3 3 0 -2 -1 8 2 -1 -2 5 -2 3 -2 -4 -12 2 -8 3 0 -2 2 11 3 2 1 -3 3 4 -1 -3 2 17 2 0 -1 4 -15 1 0 -1 -1 2 -3 0 2 -3 -6 6 -7 -1 5 1 2 -7 1 -2 1 -5 5 2 -2 3 -4 -4 -4 -3 3 -2 11 -1 -1 -5 3 4 3 -1 -1 -5 1 -1 1 -4 -1 0 -6 1 2 7 2 0 -2 -3 8 -5 1 1 1 -5 -3 6 0 0 10 3 0 -1 -2 -2 2 1 -1 2 2 13 3 -4 -2 0 2 -1 -4 2 -3 -1 -2 5 -9 5 -1 1 6 5 0 -2 0 -7 -2 4 6 0 -7 -1 5 -2 0 0 -3 -2 4 -4 0 -3 4 -4 -1 -2 -8 0 0 -3 -1 1 7 -5 -1 -2 -1 1 -1 -11 1 1 -3 2 -9 -1 -1 -3 3 0 0 0 -1 -3 4 -1 -4 -2 -1 -1 4 1 -21 -7 5 0 -5 6 -5 3 3 0 2 -1 -9 -1 -5 6 0 2 0 3 -1 0 1 -3 1 -10 -4 4 3 -2 -1 0 4 -5 5 7 -2 3 20 3 2 -1 -1 -2 -1 -1 3 -2 2 0 -1 0 1 -16 -1 -1 -5 0 0 -2 2 2 9 -5 5 -2 -1 -4 6 6 1 -2 1 -6 -4 -2 -2 6 1 -6 2 3 1 -1 -1 -1 -1 1 2 -2 4 -3 3 2 -2 -3 -2 2 5 2 1 4 3 2 -4 -1 3 8
L 1 14 0 61 1 2 2 -1 -1 -2 0 2 -1 1 -3 3 -5 -8 3 -2 0 5 2 -4 -2 2 1 4 -1 1 0 2 -2 9 4 -1 0 2 3 5 -1 -3 0 4 -2 -1 -3 0 -2 -6 -3 0 -3 -3 3 1 0 -8 -9 -1 -3 0 -2 -4 -1 2 0 1 -1 4 10 1 1 1 1 2 -1 1 -2 0 -7 -1 4 1 1 -1 -2 -4 1 0 0 3 -2 -5 -3 -1 10 0 -7 0 2 -1 3 1 6 4 -1 -1 -4 3 -3 2 6 2 5 -3 2 1 0 -8 2 1 -2 16 -3 1 1 0 -4 4 -1 -3 -2 -1 1 -4 -3 -3 0 -2 -1 -3 -2 3 1 -6 -2 -5 0 -2 3 1 -1 2 6 -3 0 -4 -2 -2 3 -1 5 0 1 3 -6 5 -1 5 -1 3 2 0 -2 2 -11 4 0 -1 2 -2 -2 -6 1 0 -1 3 3 -3 -7 -1 8 3 1 0 -3 -1 -3 3 0 0 1 -5 0 1 3 10 0 -3 0 -2 -8 1 -3 -2 11 0 0 0 1 1 2 -1 -2 -1 -3 3 2 0 1 3 2 6 -3 -4 -2 1 -2 -1 -1 -8 -8 -3 -1 -6 4 1 3 2 -4 1 -5 0 -2 -2 -4 0 5 5 -6 4 -6 -9 -2 2 -1 1 2 -3 1 1 -4 2 0 1 2 0 -2 -5 -2 1 6 2 1 0 1 5 10 3 7 1 1 1 1 5 -4 1 -5 4 -3 4 5 3 -2 3 0 -2 -2 0 -2 -1 2 13 -1 -1 -3 0 -4 -5 -1 0 -7 2 -5 -2 -1 -4 -5 -1 2 -2 3 1 -1 0 0 -4 0 0 5 0 -1 3 -1 0 -1 -5 -3 1 -3 3 2 1 1 -1 -4 0 -4 -4 -2 1 5 -4 3 1 3 8 -3 3 -4 -5 1 5 5 3 6 0 -2 2 0 1 1 0 0 -1 -2 5 -2 0 0 0 1 -1 -2 -7 3 1 0 0 -5 -1 2 -2 1 -3 2 -2 -2 3 6 2 3 1 -2 -1 1 1 1 -2 2 -6 4 7 -2 1 -2 2 -8 -4 -4 1 -2 -2 3 1 2 -6 7 -5 4 2 -2 -1 3 -7 -1 -2 -2 -7 -2 -10 3 0 -4 -2 7 -1 2 -4 2 -1 0 -5 -2 1 1 0 2 -4 2 -2 1 -2 -5 -9 9 1 -11 -2 -2 2 0 2 2 -1 -12 3 2 0 2 1 -2 -6 0 -1 -4 0 -4 -6 -2 2 3 -1 3 0 -2 -2 7 1 -1 2 3 0 1 -2 0 -1 0 -3 -2 -2 -1 0 0 2 4 6 -2 -3 -1 4 1 -2 -1 2 0 -2 13 0 0 0 1 1 0 -1 1 -4 -3 0 2 10 -1 15 -1 0 0 0 1 -1 2 -1 -2 -3 3 -6 5 -1 1 -1 1 2 2 3 -4 6 -5 6 -3 -2 1 8
L 1 15 0 30 -1 -8 -2 5 7 -6 -1 3 0 -2 -1 -2 -3 -4 -2 0 -2 -6 4 -1 0 0 0 2 -4 -4 9 8 -6 -2 5 -2 -2 3 1 2 0 0 0 0 -1 -1 -11 -3 1 -3 2 2 -6 -3 1 -1 1 -7 3 4 -10 -3 1 -5 -4 1 -4 1 0 0 3 8 0 -2 1 -2 0 1 -5 0 3 1 4 2 -2 -1 -2 -3 3 -4 4 1 -4 -1 1 -1 2 1 -16 -1 -1 2 -1 -3 5 5 2 -3 1 2 -3 3 0 6 2 -6 4 3 4 8 1 -2 0 -18 -1 -2 -5 -4 3 2 -2 0 6 -2 -1 -5 -6 0 -3 0 -7 -2 -5 1 -1 -6 -3 2 4 2 -4 -2 2 4 2 -5 -2 -3 -1 4 1 -4 3 0 5 2 -1 7 -2 5 1 26 5 -6 0 6 -4 2 -1 8 3 0 0 0 -5 -1 -1 1 4 1 -7 -4 -3 2 0 2 -3 -1 -3 0 -1 4 3 7 0 7 -2 6 2 -1 1 -4 1 0 -1 -1 11 -3 0 3 3 -2 3 1 -5 1 -2 -2 2 1 3 -2 -3 5 -8 -14 -3 1 -3 1 3 -6 -12 2 -5 -10 0 0 3 2 -4 -1 -9 -6 -1 -2 -2 3 2 6 -13 3 -1 -15 -6 2 0 7 5 -1 -1 2 -2 -2 -1 -7 5 -12 -4 -6 -10 -1 3 4 5 0 1 6 4 4 -3 3 0 6 -3 1 2 4 -8 4 -5 -2 8 5 4 2 3 -3 1 4 -4 0 3 34 -1 -1 -1 -1 -12 -1 0 3 1 3 -6 -3 -1 1 -6 4 -6 -1 5 0 3 -3 -1 -5 -2 -3 0 5 0 3 -4 -4 -1 0 1 3 6 -2 0 -4 2 6 1 1 -7 -1 -1 1 -2 -8 1 2 -7 -1 -2 9 -1 1 -5 5 -5 -4 4 1 0 -2 -4 3 -1 1 11 5 -1 6 -2 -3 2 0 0 4 -1 2 3 -3 -1 0 -9 -3 -19 4 0 0 -2 -3 -5 3 10 -1 12 1 -2 1 0 0 3 1 2 3 -4 0 7 0 -2 2 -4 -19 -2 -3 -1 -1 4 -6 0 -2 2 3 1 0 -2 -1 4 1 -3 -2 0 -2 -1 -12 2 1 -1 -3 -1 -1 2 -1 0 1 2 3 0 0 3 0 -1 -6 -1 -4 0 0 -15 -11 14 1 -4 3 -5 -2 0 1 2 1 -12 1 0 3 -1 4 -2 -6 -1 -5 -2 -7 -4 -11 -5 1 2 -3 -2 5 3 -3 2 8 -3 5 3 1 0 -5 -2 0 1 0 -1 0 3 -2 3 1 3 -2 -2 -2 -2 5 -1 1 2 2 -3 -5 8 -2 -1 -6 7 4 -3 -1 2 -4 -1 0 1 10 1 3 -2 -1 0 -3 3 -4 -1 -1 0 -2 1 -15 10 2 0 -1 -6 2 3 0 3 3 0 4 -2 -3 2 -8
L 1 16 0 21 -1 7 2 0 11 1 1 -2 0 -1 1 5 3 3 -4 -7 0 1 2 2 0 0 1 -5 0 -2 1 -3 3 2 -9 4 0 -1 -3 -2 2 2 2 -2 3 -1 4 -4 0 8 1 0 6 4 -6 3 -1 -2 7 -1 7 10 1 1 2 0 -4 1 2 -3 -14 -9 -3 -4 0 -1 2 1 3 -3 5 3 -3 1 1 0 4 2 -2 -1 -1 -2 3 7 2 4 -4 2 2 2 -2 3 2 2 -2 -2 1 3 3 0 7 -2 -3 -6 -15 3 -1 0 -4 4 -1 2 3 -27 0 -1 2 4 2 0 2 0 -3 0 1 2 5 4 -5 -2 3 -1 4 -4 -1 6 1 2 2 2 4 0 3 -1 -3 -5 2 5 2 -1 1 3 4 -3 -2 -4 8 0 1 -3 0 -9 -4 5 1 -3 -3 0 0 -2 -2 1 -2 -4 0 6 -3 0 -2 2 6 3 0 -6 2 -1 4 0 4 0 1 -8 -3 4 -1 0 -4 -7 4 2 -1 -1 3 0 3 4 -10 -2 0 1 -3 -2 0 -1 6 -2 2 -2 0 -2 -5 0 -3 -7 2 -8 5 -4 0 0 -3 -1 15 5 5 7 -1 -1 -3 -4 2 1 7 -6 5 2 5 4 -2 -2 0 1 16 18 7 -1 1 -2 1 -1 -3 -1 5 -2 1 6 -5 -1 -1 0 -2 1 12 -1 0 3 0 2 -13 -5 6 -3 0 0 2 -2 5 0 3 -4 6 -1 -4 -9 -1 -2 -1 4 1 -1 3 3 -3 -5 4 1 2 0 1 3 3 3 1 -6 6 -2 3 9 1 3 2 3 -6 -1 -2 1 5 4 -1 3 -6 2 -1 -4 1 0 4 -2 3 5 8 -6 -1 4 -2 3 3 0 1 4 4 2 -6 6 1 -2 5 -4 3 -4 2 2 1 -2 -1 -11 -3 -3 6 0 -2 -6 2 0 2 1 -1 -3 1 3 -2 0 1 -2 1 2 -1 1 4 2 5 0 -5 -4 1 0 -1 -1 5 0 4 0 -5 -1 0 2 -1 6 2 2 3 -2 -4 0 0 -4 11 -1 2 7 2 0 3 -1 -2 -2 -3 8 -11 3 -3 -2 0 0 -6 3 0 1 0 -1 2 9 0 0 4 -3 -2 -1 0 4 2 0 1 2 4 3 -1 -5 -2 5 2 0 -3 3 -1 -6 -17 0 -2 -1 -1 -2 -3 0 -5 2 21 -8 -1 -1 -2 -5 -3 -2 4 -2 2 1 3 10 0 -1 -5 4 -1 -6 -2 5 -6 -2 2 0 -2 1 -3 4 -2 0 -2 3 -1 -4 1 5 7 -6 -3 -15 1 1 1 6 -3 3 3 1 -4 3 -22 0 2 -9 6 -2 -1 -3 -3 7 -2 1 1 -5 1 -4 -2 2 4 3 0 1 2 2 -2 4 -8 10 -8 -1 0 -2 3 -3 0 -3 6 -8 2 -1 3 0 -2 -8
L 1 17 0 63 1 2 1 -3 -10 -3 0 0 0 -1 -2 0 -5 -7 1 5 -2 9 0 -5 -3 -2 0 5 -2 3 -4 4 -2 5 4 -1 1 1 2 6 -3 1 -1 2 -2 -1 -9 2 0 -2 -4 0 -2 -3 9 2 1 -2 -4 -1 -2 5 -2 -1 -2 0 6 1 -1 5 8 -4 -1 4 -2 2 -1 2 -4 1 -6 -1 6 0 0 0 -3 -7 0 2 3 2 -4 -4 -6 -1 8 -1 1 1 1 0 1 0 6 2 0 -3 -1 3 -10 6 4 4 11 -3 2 -1 -2 -6 1 -1 -4 25 0 1 0 0 -2 2 1 -1 -12 0 2 -1 -2 -3 4 -2 -2 -3 -2 2 0 -2 0 -3 -3 -1 -5 0 0 1 7 5 -1 -2 -5 0 0 -4 5 0 0 3 -8 9 2 3 -1 0 3 0 -2 1 -8 3 1 0 2 -3 0 4 2 -7 1 0 2 -5 -6 -2 13 5 0 -1 -4 0 -2 7 0 3 0 -12 1 0 4 8 -1 -4 0 -2 -6 2 -2 -6 8 0 2 0 1 1 2 -1 0 -2 1 1 3 5 0 3 5 7 -3 0 -3 1 -2 -2 -1 -1 -9 -5 1 4 4 1 4 3 -1 1 -6 0 -4 -1 -2 -1 2 9 -6 3 0 -8 2 1 0 1 0 -2 2 3 -4 1 -4 -3 2 2 0 -6 -5 -2 1 3 -6 -3 0 1 18 7 -2 2 -1 -2 0 5 -3 0 -7 4 -3 5 6 4 0 0 1 0 -2 3 -1 0 3 5 -1 0 -1 0 -7 -5 -4 -3 -12 4 -5 0 0 2 -2 0 1 -3 2 5 -2 1 -1 -2 2 -1 4 -1 -6 4 -2 3 -4 -6 -4 -2 -3 3 1 0 -1 -4 -2 0 4 -3 -3 1 6 -1 0 -2 2 4 -2 2 -4 -4 -1 2 7 3 4 0 -3 -3 4 1 0 4 4 0 3 3 -1 1 3 -2 -1 -2 -1 -6 3 1 -3 -1 0 -1 15 -2 -1 -4 1 -1 -10 5 -4 3 3 0 -2 -3 2 -3 1 0 3 -6 4 6 0 1 -6 1 4 8 -2 1 -2 -2 1 4 2 3 1 -6 6 -1 -2 0 5 -13 -1 -2 -3 -2 1 -13 3 0 -7 -1 -4 2 6 -3 3 -2 1 -8 -2 -2 0 1 2 -7 1 -2 5 -1 0 -8 12 1 -12 -1 -2 2 2 4 3 -5 -8 1 4 2 5 -1 2 -7 -1 -3 -3 1 -2 -3 -2 1 5 -4 3 0 -1 -3 9 -2 0 -1 5 1 4 -2 1 -3 2 -5 -1 0 0 -2 -1 2 4 8 -2 0 -3 -3 0 -4 -1 0 4 -3 16 0 -3 -2 -4 3 1 1 2 -5 -1 -1 0 8 -2 0 -4 3 -1 -1 0 -3 1 -2 -3 -4 6 0 0 1 0 1 -1 2 2 2 -5 5 -4 2 -3 -3 0 8
L 1 18 0 57 1 0 2 0 0 -4 0 0 0 1 0 1 -2 -7 0 0 -1 6 3 -3 -2 2 0 7 -1 2 3 2 -5 6 5 -4 2 6 3 5 -2 1 0 3 0 -2 -11 0 1 0 -4 1 -3 -1 -2 -1 3 -9 -5 -2 -4 -3 -1 0 -3 1 0 2 0 4 11 3 3 4 1 0 1 0 -4 2 -4 -3 6 2 -2 -4 -1 -6 4 0 2 0 -4 -6 -3 -1 6 -1 -4 0 0 -1 1 -2 0 5 0 -1 -3 2 -6 2 3 6 11 -6 4 1 0 -2 1 -1 -2 24 -1 1 -1 -1 -3 4 1 0 4 0 -1 -2 -4 -2 1 -2 -1 -1 -3 1 -1 -6 -1 -2 -3 0 5 4 -3 2 5 -2 -3 -1 -3 3 1 -5 6 -1 1 2 -8 7 0 7 -1 8 1 -1 -2 5 -5 3 0 1 2 -2 -1 2 1 -2 -2 0 2 -3 -6 -4 3 4 3 -5 -2 -2 -1 6 -4 -1 3 -12 3 1 2 4 0 -3 -2 -4 -1 3 -4 -4 18 1 1 -1 2 1 4 -1 -4 0 -1 1 2 4 2 4 5 8 -4 -25 -2 4 -2 -3 -2 -2 -21 0 -2 -4 6 0 4 1 -1 2 -5 -2 -3 -1 -4 -1 4 8 -11 2 -10 -9 -1 1 2 6 2 -1 4 3 -4 1 -2 -2 0 -3 -2 -8 -9 1 3 4 -2 -3 0 2 12 6 2 3 1 1 -4 2 7 0 -7 5 -6 2 8 0 1 0 0 1 -1 3 -3 1 4 14 0 -2 -1 -1 -11 -4 -4 1 -16 4 -5 -3 1 -1 1 1 0 -4 5 2 -1 1 -1 -3 0 0 0 0 -2 3 -2 1 -3 -8 -4 1 3 6 1 -1 0 -1 -5 0 -2 -2 -4 3 4 -4 4 1 -2 2 -3 3 -6 -3 -1 7 6 3 7 2 -3 0 1 2 1 4 4 1 -2 5 0 2 5 1 -3 -1 1 -3 4 -1 0 0 -3 0 -2 -4 1 -4 1 -3 -9 0 -2 1 6 -2 -1 -1 0 -4 1 -1 1 6 5 7 2 3 3 3 5 -10 -4 2 -1 0 1 0 1 -4 3 -4 5 0 -2 -3 5 -9 -1 -5 -3 -5 -1 -12 0 0 -5 -3 1 -1 1 -4 0 -2 1 -6 -4 -2 3 0 0 -8 0 0 3 0 -3 -20 17 3 -12 -1 -4 2 2 1 5 -4 -12 2 4 5 4 -1 3 -10 -3 0 -4 0 -3 -5 -4 3 6 -2 2 3 1 -4 6 1 -1 1 9 0 5 -5 -1 -3 3 -4 -1 0 1 1 1 3 3 5 -3 -3 -3 -2 -2 -2 -3 -2 0 -2 13 0 -2 -7 -2 5 -2 1 3 -3 -3 -2 1 13 2 4 -7 1 1 -2 0 -3 -1 -2 -4 -4 2 -13 2 0 0 2 -1 2 5 2 -2 6 -4 1 -4 -2 0 8
L 1 19 0 37 -1 12 2 -2 9 4 2 -3 -1 1 2 4 3 1 -2 -8 2 2 2 -2 -2 2 0 0 2 1 -4 -4 3 4 -6 0 2 0 0 -3 3 0 2 0 1 0 8 1 -2 5 1 -1 7 5 -12 0 -1 3 -6 -4 10 2 -1 6 4 0 -4 -2 3 -3 -8 -11 0 -2 -1 3 5 2 3 0 -1 0 -5 1 2 0 4 3 0 0 -4 -2 4 2 -3 2 -3 1 0 2 0 -1 2 4 -3 -1 2 3 -1 0 8 -5 1 -8 -10 4 -2 -3 -6 -3 -2 3 1 6 -1 0 4 5 -2 0 2 -1 5 3 0 2 5 5 -1 -2 5 1 4 -1 0 4 2 -3 -2 0 6 6 0 -2 -3 -3 1 7 6 -4 1 3 2 -3 -3 -6 4 -10 0 -4 0 -17 -4 6 3 -5 -6 -1 -1 -6 -1 0 0 -2 2 8 -3 1 -4 0 6 4 -4 -2 2 -4 3 1 2 2 1 -13 -2 -5 -2 -5 -1 -10 5 0 -5 -1 6 0 0 3 -7 0 1 -3 -4 1 2 -2 3 -1 1 0 -1 -4 -3 2 0 -5 8 -8 5 -4 3 -2 -6 3 10 3 5 3 -1 -2 -3 -2 3 1 6 -2 4 2 4 -1 -1 -4 0 -1 -4 21 5 -1 2 -4 -2 0 0 -3 3 -3 2 5 -5 6 0 1 4 0 7 -3 -4 1 1 0 -14 -7 11 -1 -2 -1 0 -3 2 -3 7 -4 8 1 -5 -11 -1 -1 -3 4 1 -2 5 1 -2 -24 3 1 1 0 7 2 1 -2 0 -6 6 3 2 1 0 1 4 2 -5 -1 -4 3 4 5 -2 3 -2 -2 2 -6 2 3 2 -6 2 0 7 1 0 4 -2 0 -5 -3 3 3 1 1 -1 9 1 -2 9 0 3 -5 0 3 8 -4 -1 -1 -5 -2 3 3 0 -2 4 0 -4 0 0 -6 5 2 -3 2 -1 -4 0 0 -2 -1 3 2 5 2 9 -8 1 0 2 2 9 0 -2 1 -9 0 1 1 1 5 -1 2 1 3 2 0 -4 -1 13 0 4 3 3 1 4 -1 -1 2 1 4 -5 1 -1 -1 0 -4 -7 1 0 0 -2 3 0 12 1 -2 4 -2 0 1 1 -1 0 1 -3 -2 1 1 -2 0 -1 4 4 4 -3 2 7 -1 -19 -2 2 -1 3 -1 -1 -3 -1 -1 12 -5 1 -2 -1 -1 -1 1 1 5 1 5 1 11 3 -3 -3 4 0 -4 -5 2 -7 -3 1 -2 0 -1 -3 5 1 2 -1 1 0 -1 -1 5 2 -3 -3 -7 1 2 2 -3 2 2 -1 -3 -2 4 -14 2 2 -1 1 -4 1 0 -4 2 -2 3 0 -2 0 1 1 1 2 3 -2 3 3 2 -1 3 -6 11 -10 -1 1 -1 2 -2 -2 0 2 -5 1 -4 3 2 -1 -8
L 1 20 0 22 -1 -1 1 -2 -5 -4 0 3 1 -1 -1 -3 -4 -2 2 5 0 6 -2 0 1 -2 2 -2 -2 1 0 5 -4 9 5 0 2 -1 1 -3 0 2 0 -2 -2 0 -10 -2 1 -3 -1 2 -5 -6 6 1 3 -8 -2 4 -7 4 -2 -3 -8 1 5 3 -5 3 9 4 -2 1 -4 -3 0 -1 -4 1 -4 2 7 -1 -2 2 -4 -3 0 1 5 2 -4 1 -2 -2 4 0 -8 0 -3 -1 1 -2 12 2 -4 -2 5 2 -15 6 -1 7 7 -4 4 -1 1 0 -2 -1 -2 -5 1 0 -3 -1 2 1 -2 -1 -4 -3 -2 -1 -2 -7 4 0 -3 -1 -2 1 -1 -3 -4 5 4 1 -12 -2 2 1 3 7 0 -4 -7 1 1 1 5 4 8 1 -4 11 1 8 0 19 6 -5 2 11 -2 2 3 7 1 4 0 -3 1 -16 0 -1 3 0 -4 -3 4 1 -1 3 0 2 -2 0 0 13 1 -6 1 6 -5 2 -5 -2 4 -2 -1 2 -1 -3 8 -1 0 4 1 -1 6 0 -1 -2 -1 3 3 2 2 0 -1 -2 -6 -13 -6 1 -5 1 4 -6 3 1 -4 -4 -1 0 1 1 -3 -2 -8 0 -4 -1 -3 1 3 2 -1 2 11 -13 3 0 -6 5 4 0 -1 4 -1 2 -1 -10 4 -6 -3 -8 -6 -3 0 3 -3 -1 -1 0 8 6 1 1 -1 0 -2 3 10 1 -7 5 -8 0 15 8 2 0 2 1 1 0 -2 2 -1 29 -1 -1 -1 -4 -11 0 -1 3 -2 5 -5 -3 -1 4 -3 -3 0 -2 4 1 4 -4 0 -5 0 -4 1 5 -4 4 -7 -4 0 -1 0 3 0 -2 3 1 0 -1 1 3 -6 -4 1 0 0 -4 2 2 -1 2 -3 5 2 -5 -5 5 -1 0 1 -1 -2 3 -2 -1 -3 5 17 0 -1 7 -4 -1 5 -2 -3 2 -2 -1 2 -2 0 -3 -9 -5 -11 0 2 0 1 -5 -17 1 3 -4 4 -1 -1 3 3 6 1 -1 1 -5 -7 -1 3 0 -11 1 -3 -4 -2 -2 -3 -1 -1 -2 -2 3 5 2 4 2 2 0 6 8 -1 2 -1 -5 3 -12 -1 1 -2 0 1 1 3 1 -2 0 3 1 2 1 -3 -4 5 -2 -2 -5 4 -3 -9 3 18 -1 -2 2 -3 2 0 3 -1 -1 -8 0 -2 -4 0 1 2 -9 2 -3 -1 -6 -7 -6 0 4 0 -5 -1 1 4 -1 3 3 3 1 3 -1 3 -4 3 -2 3 -5 -1 -1 2 -3 2 1 2 7 2 -3 -5 3 0 -2 3 0 0 -5 19 -1 -2 -1 -1 0 -2 0 3 -5 0 -1 1 -3 -3 -8 -3 2 -5 -1 5 -6 -3 0 -2 -6 3 -4 3 1 0 2 -3 3 0 -1 7 3 -1 4 -1 -7 2 -8
L 1 21 0 50 1 15 0 6 3 2 0 -5 0 3 -2 7 4 0 3 -17 4 4 1 -1 0 5 0 4 4 2 -8 -5 7 -2 -5 -2 2 -2 1 -4 -3 -5 1 -1 4 0 13 -1 -3 13 3 1 9 3 -12 2 -2 -10 11 -4 5 4 -1 4 6 2 0 -1 5 -3 -3 -6 0 1 0 1 -4 -1 5 1 -10 -3 -5 -5 1 -4 2 8 -2 0 -8 -3 3 0 0 -1 -6 3 19 2 3 -3 6 5 -2 2 -1 2 -1 0 10 -3 -4 -11 -10 3 -4 -2 -8 -10 0 2 1 0 -1 -2 -1 -1 -3 -2 2 1 8 5 0 -1 6 4 -15 0 4 -2 5 -1 -2 2 1 0 -1 -2 14 6 -2 -2 -3 -8 3 1 2 -4 1 5 1 -1 -5 -9 2 -4 -5 -5 -2 -24 -4 5 0 -1 -12 -3 3 -6 -6 -1 1 9 0 7 -3 1 -2 2 5 0 1 -5 2 -1 3 1 2 -2 4 -6 -4 0 -2 -4 0 -4 4 3 0 -2 0 1 2 2 -6 0 -1 -1 -2 -1 7 -2 2 3 0 3 -1 -10 -5 -2 -5 -12 13 -9 3 -3 6 -3 -7 0 1 4 2 12 -2 -1 -9 -5 4 -4 14 -3 3 0 0 -2 2 -4 2 -2 -1 12 2 -1 0 -2 -2 -3 1 -4 3 0 3 7 0 4 4 -6 5 6 11 -2 1 3 0 -6 -5 2 3 -2 0 -2 1 1 -3 -2 10 -7 3 1 -10 -6 -5 -1 -4 7 -1 -1 1 3 -4 -27 3 5 2 -4 14 -1 0 0 6 -5 6 1 1 3 1 -5 10 3 -5 1 -2 5 1 4 -4 5 -13 -2 3 -4 4 3 5 1 -4 2 -9 -3 0 3 -3 -5 -2 -2 4 9 3 4 -6 7 1 1 7 -10 2 -3 0 3 5 2 -8 1 -1 -1 3 -2 1 -4 -1 -1 -15 -3 -2 4 -2 4 -3 2 1 -5 -5 -10 -3 2 3 1 6 4 10 4 1 0 1 -2 7 -3 3 1 -8 -1 2 4 -1 8 0 2 1 -2 9 1 -5 -3 8 1 7 -2 -1 8 6 2 2 2 3 1 0 5 -3 4 -2 2 -6 -3 2 2 4 4 1 11 1 -2 3 -1 2 4 3 2 2 -1 -2 -1 0 0 -4 0 2 4 4 4 -9 1 15 7 -17 0 9 -6 7 -2 -5 3 0 -2 13 2 3 -10 -5 0 0 -3 1 -11 -2 2 4 8 2 -5 -2 3 0 6 -4 4 -8 -5 0 -2 -31 -5 -8 2 3 3 -3 5 -1 -3 2 2 5 2 -2 12 3 3 2 -2 2 1 -4 -4 -8 6 -20 2 4 6 5 -6 -1 1 0 6 1 3 3 -6 -1 9 -2 0 2 1 1 -2 -2 0 0 1 -7 5 -2 -5 7 1 5 0 0 -1 -6 -7 -2 -2 0 3 0 8
L 1 22 0 62 1 9 1 -6 -8 4 0 -4 -1 -1 -1 3 2 4 4 -1 0 5 -4 2 0 1 1 0 1 2 -9 -11 9 2 -6 2 1 -3 -1 -3 -2 0 1 1 5 0 10 0 -3 9 -1 -2 7 1 1 4 -3 1 2 -6 11 8 -1 0 3 1 2 1 1 1 0 -10 0 0 -2 0 -2 -1 6 1 -7 -1 -3 -4 3 0 3 2 -3 3 -4 0 4 0 0 1 -2 -1 28 2 1 -3 4 4 -5 -5 -3 2 -1 0 3 3 -1 -7 -5 2 -4 -3 -6 -8 1 2 1 6 0 1 3 3 -2 -1 2 0 -10 2 2 5 6 0 -3 -1 5 0 3 -2 0 3 4 -1 -1 -3 7 2 -2 -4 -1 -2 3 2 -1 -4 -1 3 1 -2 -7 -2 2 3 1 -6 -2 -28 -5 8 -2 -5 -2 -2 0 -8 -4 -2 -1 4 4 0 -1 -1 -4 1 6 2 7 -6 -1 -2 3 1 3 0 1 -6 -6 -8 1 -4 3 -1 -1 2 0 3 -7 0 0 1 -7 1 1 -1 -3 1 -2 0 6 -3 1 4 0 -2 -5 0 0 -8 11 15 3 1 3 -1 -6 1 8 2 6 15 2 0 -6 -2 5 1 13 4 2 2 1 -3 -1 -2 7 -2 6 11 4 -2 -1 -6 -4 -2 0 -1 2 3 1 9 -4 10 4 1 7 2 6 -2 -5 1 -3 -6 0 0 2 -4 0 -7 3 1 0 -3 7 -4 4 1 -5 -6 -5 -3 -3 6 -2 -1 2 2 -2 -28 2 1 1 -1 10 -1 1 -1 -4 -2 6 0 0 3 5 -3 9 1 -7 1 -2 5 0 5 1 5 -4 -4 -2 -4 4 5 4 0 -1 -2 -11 -1 2 4 -3 -7 -1 -1 7 3 1 -1 0 8 1 -1 10 1 1 -9 0 -2 5 0 2 -1 -4 1 0 -2 4 -10 0 -2 -15 -4 2 0 -1 7 -1 -1 1 -5 -1 -11 -3 4 -1 -1 9 2 15 1 2 0 3 1 4 -3 -4 1 -8 0 3 1 2 6 0 -1 -1 -6 8 3 -8 -2 -2 -3 6 19 -2 4 1 1 -4 3 2 3 -1 0 0 1 0 2 -5 -7 2 2 1 3 4 10 -1 -2 1 2 1 4 1 2 2 -2 -2 -4 0 2 -4 0 2 4 0 3 0 -1 20 -1 -10 -1 -1 -4 6 3 -1 4 -1 -1 18 -3 2 -3 0 -6 3 -3 0 -2 1 6 3 13 3 -4 -2 3 2 -6 -5 6 -2 -7 1 -5 -14 -1 -2 4 1 -2 -2 2 -1 -3 -1 2 -1 -1 0 5 2 4 2 1 -1 -1 -1 -2 -1 6 -14 2 0 1 -5 -7 3 1 -1 4 2 1 0 -6 1 0 -3 1 1 2 -2 1 1 1 -1 1 -3 10 -6 -3 0 0 6 -2 -2 0 -5 -6 -3 -3 3 3 -2 8
L 1 23 0 40 -1 3 -1 5 -8 1 1 4 -1 4 -1 -3 -1 -9 2 5 1 5 -2 -5 -4 -5 0 6 1 5 -8 7 -3 -3 7 0 0 -2 2 4 2 -2 -3 -1 -9 0 1 6 -1 -11 0 -3 -2 -3 5 -4 0 7 -13 2 -2 -5 -4 0 -2 0 8 -3 -2 3 7 0 0 1 0 4 -2 0 -4 -1 -3 -1 3 2 -2 1 -2 -2 -3 2 -2 3 -5 -2 -4 -3 6 1 -13 -2 4 -2 -2 -3 11 5 2 -3 -2 1 -10 1 4 5 12 0 1 -1 3 -11 1 -2 -3 24 -2 3 -4 1 -2 -2 -4 -4 1 0 0 -3 -3 -2 7 0 -4 -1 -3 4 3 0 1 -4 -4 -2 -12 -1 -1 1 6 5 -3 -2 1 -5 -2 0 -2 1 3 2 -8 -6 -4 1 0 7 3 -2 2 0 -11 5 3 2 2 -1 3 1 4 -5 4 0 2 -6 -8 -1 7 9 -3 3 -3 1 -1 1 -1 5 2 -3 0 -2 3 10 -4 -3 1 -5 -3 2 -2 -4 3 1 -2 -2 3 2 0 -1 -3 3 -3 4 1 4 -2 3 5 10 -4 13 -7 0 -1 1 0 0 -7 -8 0 -3 -2 2 6 5 -5 3 -11 3 -6 -2 -1 -3 1 2 0 3 -11 -8 1 5 -2 -2 -3 0 2 -1 -3 -4 -1 -8 2 4 0 1 3 -3 -4 1 -4 -2 2 3 11 8 -1 2 0 2 3 0 -17 1 -2 1 -7 8 5 10 2 1 2 -6 0 4 0 -1 -1 3 -4 2 -2 2 2 -3 -1 -2 0 5 -4 2 -1 -6 -7 -3 1 -1 6 3 0 1 -1 -6 1 -2 10 -4 1 4 -1 0 -7 1 -2 -5 -1 5 2 1 1 -2 2 -2 0 -3 -3 -1 3 -2 1 1 0 10 -1 0 -2 -2 2 -1 2 10 -2 2 -2 4 3 7 2 2 7 -1 2 1 2 -3 -1 0 -2 0 1 -5 1 2 1 0 -6 -1 21 0 -2 0 3 4 0 9 -3 -1 1 4 0 -6 0 -8 -2 2 4 -5 2 0 1 2 -8 4 -5 -2 0 1 -1 -1 7 4 -1 -1 8 -7 4 1 -1 2 2 -5 -1 1 -2 0 -1 -10 3 3 -3 0 -4 -1 1 -6 2 -1 2 -5 -4 -2 0 4 2 1 1 -1 2 -2 -1 11 6 -2 -1 0 -2 1 -1 1 1 1 -19 8 0 -2 2 5 -1 2 -2 2 -3 2 -7 -7 2 7 6 -4 1 2 1 -7 6 -4 4 1 0 -1 1 -1 2 1 3 -6 1 1 1 -2 -5 5 4 12 0 -4 -2 -10 3 -4 -1 4 4 -5 28 1 2 12 1 0 0 1 1 -10 -2 1 -2 8 -4 7 8 1 -2 1 2 1 1 1 -1 -5 8 2 5 2 0 -2 -2 0 0 2 -2 6 2 5 -3 -2 0 -8
L 1 24 0 38 -1 6 2 -1 -5 0 0 3 1 4 0 -5 -2 -5 6 5 2 9 -2 -4 0 -2 2 3 2 5 -5 3 -5 9 8 -2 5 -1 5 -1 1 -1 -2 1 -4 1 -5 5 0 -7 -5 0 -4 -4 -1 -2 4 0 -18 1 -3 -7 -3 3 -5 0 8 0 -4 5 13 3 0 5 -2 2 2 -3 -4 1 -9 -3 6 -1 -2 1 -4 0 1 2 2 2 -4 -4 -8 -2 6 0 -13 -1 0 -3 0 -1 10 4 -2 -2 -1 3 -16 1 4 4 16 0 3 -3 2 -9 -2 1 -3 34 0 1 0 1 -4 1 -1 -2 7 -1 -2 -2 -4 -5 10 -1 1 1 1 4 1 -3 -2 -1 -3 -1 -9 3 -1 0 3 12 0 -1 -3 -4 1 1 1 3 7 0 -10 -3 0 7 0 8 6 -3 4 8 -6 0 4 1 0 2 2 0 3 -13 2 1 2 -5 -4 -2 1 6 -2 -1 -1 2 -3 0 -2 7 4 -16 1 0 0 -2 -4 -3 0 -2 3 1 -3 -4 11 2 -1 0 0 3 7 -1 -2 1 0 4 2 3 3 4 2 2 -1 -13 -6 -2 -3 -2 2 -2 -3 -3 -3 -5 0 0 3 3 -4 -1 -9 3 -6 -2 -4 -2 5 0 4 2 -13 -9 6 2 -4 3 1 0 5 2 -3 1 -1 -8 4 4 -1 -4 0 -2 -6 1 -8 -2 2 -1 9 5 4 4 -1 -1 -1 4 6 -2 -3 4 -8 3 11 5 1 0 0 -1 0 -4 1 1 0 8 -3 -1 -3 -3 -2 -2 -4 -2 -4 5 -5 1 0 -5 -3 -5 3 -2 6 1 1 -2 -1 -5 2 -3 7 0 0 3 -3 -1 -4 -4 -3 -1 -1 5 3 3 -1 -7 -5 1 -3 -3 -2 1 6 -2 2 2 1 6 -3 2 -2 -4 1 2 4 16 1 0 -4 9 1 7 -1 6 11 -2 0 4 0 -2 3 -1 -2 -1 -1 -2 2 0 1 0 -7 -2 8 -6 0 0 3 -3 -11 0 -8 -3 -3 0 -1 0 3 1 -2 0 -1 0 0 -2 -1 3 -4 4 -1 -8 0 1 -2 -1 2 6 -1 -3 11 -4 5 2 3 -2 6 5 0 -1 -4 -5 -2 -9 1 1 -3 2 5 1 1 -5 -5 1 1 -4 -2 -2 -3 0 6 0 -1 -1 2 -2 1 12 13 -1 1 -1 -2 3 0 -1 3 -3 -20 4 0 -6 2 3 5 -1 1 5 -4 -1 -7 -6 5 6 3 -4 1 2 2 -4 5 -2 4 -3 4 -3 4 -4 5 2 4 -9 0 1 -1 -2 -4 5 1 18 2 -5 -4 -9 4 -4 -2 -2 2 -3 31 0 -1 9 -6 2 -1 2 1 -9 -1 -3 0 -1 -4 2 0 1 -5 0 3 -2 0 -1 -2 -7 5 0 -1 0 1 2 0 4 -2 1 2 8 -2 3 -3 -4 3 -8
L 1 25 0 56 1 4 2 -5 7 2 -1 -4 1 0 0 3 3 5 3 -8 1 -3 2 2 3 7 1 2 1 -1 3 -12 6 2 -5 -3 2 2 2 -1 -3 -2 2 5 10 -1 2 -2 -1 13 -2 0 3 2 -11 4 -1 -5 2 -6 6 0 2 1 5 2 -7 1 4 0 0 -4 3 2 2 -1 3 -1 5 2 -7 -4 -4 -4 3 -3 3 3 3 -1 -3 -2 4 -4 -2 2 -4 -2 21 2 -1 -1 4 5 -13 -3 -3 2 -3 2 10 1 0 -9 -7 1 -3 -1 -6 2 0 4 2 3 0 -2 5 1 -3 3 5 3 6 2 1 2 1 5 -9 -3 6 1 4 -1 -3 -4 2 -2 -1 0 20 6 -3 -2 -5 -9 2 3 1 0 2 0 1 -4 -6 -3 2 1 1 -3 -2 -20 -5 5 -2 -3 1 -6 -2 -9 -3 -3 -2 6 -3 8 -3 2 -3 2 6 0 -7 -7 1 -5 3 -2 1 -1 -1 -13 -3 -9 1 -2 2 -8 5 3 -4 4 1 -2 0 2 4 1 2 -1 -5 1 1 0 3 -1 4 -1 -1 -5 0 0 -4 -9 12 -13 8 -1 2 -4 -5 -1 -4 7 0 6 5 -2 -8 -3 5 -2 14 -1 5 1 -1 0 1 0 -2 -2 -8 10 0 -3 3 0 1 -2 2 -1 2 5 1 12 -2 5 2 -3 0 4 7 -2 -1 2 -1 -4 -6 -5 4 -1 0 -4 -2 3 15 -3 4 -1 7 -6 -6 -13 -4 -1 -4 6 -2 -5 2 2 2 -20 3 -1 0 -4 5 -2 -1 -1 -6 -4 5 0 0 2 7 1 5 1 -6 -1 -3 4 0 5 -1 5 -7 0 1 -6 4 5 6 -5 -1 3 -5 0 -1 0 -2 -5 -8 1 3 5 0 3 1 5 1 -1 5 -6 -1 -4 -3 1 3 2 0 1 3 0 0 -1 0 -7 -1 -2 -17 -1 -1 2 0 6 1 2 2 -4 -3 -7 0 2 -1 2 8 3 -5 -1 3 -1 0 -4 6 -9 -2 2 -5 -3 1 5 2 8 2 -1 -6 8 10 3 -7 0 11 -2 9 -2 -3 4 1 3 -6 2 4 -5 0 3 -2 0 1 -4 -3 -3 2 -4 0 3 -1 12 0 -4 2 1 7 2 0 2 -2 1 -4 -2 -1 0 0 1 0 -1 1 4 -3 1 16 -14 -7 1 -1 -4 5 1 0 -1 3 -3 12 -5 4 0 -1 -4 5 -2 -1 0 0 2 6 8 0 -7 -4 5 2 -1 -5 6 -5 0 -5 -4 -9 -1 -1 0 0 1 -3 5 -2 -1 -2 4 2 0 -3 3 -1 4 4 3 -2 2 -3 -5 -6 7 -20 0 -2 -7 -5 -1 1 1 -1 7 2 -2 3 -2 3 5 -10 -2 3 0 -2 1 1 -2 0 3 -7 -3 -4 -4 2 2 4 1 -1 1 -5 -4 -6 -5 1 4 0 8
L 1 26 0 46 -1 -2 0 6 7 -2 0 2 1 4 0 -3 0 -8 1 -2 1 -4 4 -5 -1 1 0 8 0 1 4 6 -7 -2 8 -5 1 4 5 5 2 -4 -2 3 -4 0 -6 3 1 -7 -1 -1 -5 -1 -7 -4 3 1 -13 2 -7 -13 -1 1 0 1 0 -2 1 2 7 7 3 2 3 4 3 -1 -6 0 -2 -4 3 2 -2 -2 -2 0 4 -2 -1 1 -4 -6 -6 -1 4 1 -21 -2 2 -1 -2 -2 3 7 3 -2 -4 3 -3 -2 5 4 10 -2 3 2 4 -1 1 -1 -1 20 -2 -1 -2 -1 -3 2 -1 -1 17 0 0 -5 -8 2 2 -1 -3 1 -2 5 1 -6 -2 -5 -3 1 1 3 -1 3 2 -1 -4 0 3 -1 1 -3 -1 -1 4 2 -8 -7 -4 4 1 15 4 -5 1 2 -8 1 0 1 2 -2 2 3 -3 2 1 3 3 -5 -7 -3 -6 7 -1 0 -3 -2 -4 1 -3 -2 5 -3 0 0 2 2 2 -2 -3 -5 5 0 -2 -3 15 1 -1 -2 2 2 3 -1 -6 4 -1 -1 0 0 3 2 1 9 -4 -15 -2 -2 -1 -2 1 -2 -19 -3 -5 -12 0 0 4 4 -5 0 -11 -2 -3 -2 -3 0 3 3 -8 3 -24 -10 -4 4 2 5 2 -1 3 -1 -3 -3 0 -5 4 -2 -2 -2 -4 0 -3 2 0 -1 5 5 4 3 1 5 0 5 -2 1 -2 1 -5 3 -4 1 3 2 3 2 1 -5 0 1 -1 -1 4 13 -3 -1 -2 0 -3 -3 -3 -2 -1 3 -5 3 0 -7 -5 1 -3 -1 7 0 0 0 -1 -5 -1 -2 6 0 4 2 -1 -1 -4 -3 -2 -1 4 5 -1 -3 2 0 -5 -1 -4 -1 -4 3 4 -6 1 1 -6 3 -2 6 -5 1 1 2 0 12 5 2 -2 4 -1 10 1 2 4 2 -1 3 2 -4 1 2 -1 2 0 0 3 -1 1 3 -7 0 0 -3 -1 -1 0 0 1 3 0 0 5 1 -1 -2 -1 -6 0 2 0 9 3 0 3 4 5 5 -2 -22 0 1 0 0 6 3 1 -8 7 -5 2 0 0 -3 4 -1 -1 -5 -3 -1 -6 -9 4 2 -2 -1 2 -2 -1 -6 -2 2 0 -2 -5 -4 4 4 0 -4 1 0 -2 0 -6 -2 9 1 0 0 -4 -1 1 -4 6 -1 -25 5 2 2 1 7 0 2 -2 3 -5 -2 -5 -12 -1 3 5 -2 1 7 1 -7 3 3 -2 2 4 -1 2 -5 1 4 1 -3 0 3 -1 0 -2 6 0 9 -4 -4 -1 -7 3 0 -3 1 -1 -3 21 0 1 4 1 6 -2 2 1 -7 -2 -2 1 12 -2 12 1 -1 1 -1 2 1 1 -1 0 -3 4 -12 6 1 2 0 -4 3 1 2 -3 8 -1 3 -5 -1 3 -8
L 1 27 0 11 1 -9 -3 3 4 -2 -1 3 0 1 1 -3 -3 -2 -1 8 -2 1 -1 -1 -1 -7 -2 -2 -3 -3 5 7 -9 4 5 -3 -4 3 2 0 4 3 -3 -6 -5 -1 -11 -1 2 -8 -1 2 -8 1 3 -3 2 7 -11 4 -4 -4 0 1 -5 -2 5 -1 0 0 -1 -2 1 0 -2 1 0 -2 -6 -1 7 1 4 5 -3 4 -4 -5 1 -1 6 0 -4 1 0 -1 1 0 -28 -4 -2 0 -4 -6 5 1 4 -2 3 -2 -6 -1 0 9 6 -2 3 1 7 5 -1 -4 0 -3 -1 -1 -3 -1 0 -1 -3 0 5 -1 -1 -2 -3 -4 13 1 -2 2 -3 1 3 -1 -3 -1 -2 2 -16 -6 1 2 2 7 -2 -2 0 2 -1 -4 -4 0 6 1 -1 9 0 4 0 26 3 -7 2 4 -2 1 2 8 4 3 1 4 -2 -10 2 3 1 -4 -5 -1 -5 5 -4 2 -2 1 -4 1 -4 9 3 4 -1 0 -2 -1 -3 -2 -2 -4 10 2 -1 -4 8 -6 -1 1 4 -1 4 0 -3 2 -1 0 1 7 3 2 2 7 -8 -9 -4 -4 -4 0 7 1 -6 -5 -4 -10 -3 0 5 5 -5 0 -15 -4 -1 -2 -1 2 -1 2 -6 1 6 -17 4 2 1 6 2 2 1 2 -2 -4 0 -16 2 -6 -3 1 -8 -4 -4 2 -1 -2 3 1 4 0 -3 3 -3 4 -5 -1 -2 1 -11 2 -4 -1 12 5 7 -1 3 -3 2 0 0 0 3 29 -1 1 -5 1 -3 1 0 1 0 5 -5 -2 1 0 -5 -1 -7 -3 7 -2 5 -2 1 -5 0 -7 8 2 -1 3 -6 -4 -7 -5 4 -2 8 -3 1 -4 3 4 3 0 -6 -4 -2 -3 1 -6 -1 0 -7 7 -3 7 3 2 2 3 0 4 0 2 0 9 -1 7 1 2 28 4 2 0 2 -2 3 -2 -3 3 -2 8 1 -1 -2 0 -12 -3 -7 -5 -2 0 -1 -1 -4 3 -2 -1 6 3 -2 -1 2 -3 0 1 -1 -1 -12 -2 6 2 -3 1 -2 -4 0 -4 -1 -2 2 0 -4 11 -4 0 3 -2 -1 -3 4 7 -2 -3 -2 -1 -2 -7 2 1 -2 0 -13 -2 0 -3 -1 0 3 2 2 -2 2 2 0 -3 -2 -5 7 -1 -20 9 9 0 2 6 -6 0 2 -3 0 3 -16 2 -1 2 1 6 1 8 2 10 1 -2 -6 -9 -3 6 1 -2 -3 -3 3 -6 3 4 0 3 5 2 5 -3 1 1 6 -7 3 4 -2 -1 -2 2 -3 -10 0 -4 -4 -2 3 -1 5 0 2 -7 21 0 -1 -8 7 4 -4 0 0 -9 -3 -1 -1 6 -2 -9 0 1 -1 -2 1 0 1 1 1 -3 6 -3 1 2 -1 -2 -6 2 0 0 9 1 7 5 -1 -4 0 8
L 1 28 0 2 1 7 0 7 5 1 1 -4 1 2 1 4 3 4 -3 -13 4 3 0 1 0 1 -1 -4 5 0 -2 3 1 -2 -4 0 0 -3 -3 -6 0 -2 0 -6 0 1 13 -2 0 5 4 3 6 5 -8 -1 0 -7 18 2 1 3 1 8 4 -1 0 -1 2 -7 -13 0 -3 -1 -1 0 -2 0 3 -1 3 2 -4 -1 0 0 1 8 -3 -1 -3 -4 4 6 6 1 -8 4 -1 2 -1 1 2 0 1 0 2 4 4 -3 9 -9 -7 -7 -11 5 -3 -1 -3 -1 -3 1 1 -13 1 -1 -1 0 1 -3 0 2 6 3 -2 -1 8 1 -6 2 3 -1 5 -2 -1 8 -1 4 1 1 2 2 2 0 -5 2 3 1 2 -1 0 6 -2 4 0 -7 8 -9 -1 -2 1 -10 -3 -1 3 0 4 -2 3 0 -3 4 1 -3 0 5 -2 -1 -2 5 9 2 -3 -4 4 1 2 2 3 -1 6 3 0 12 -2 -1 -6 -9 3 2 2 0 7 0 4 4 -17 0 -2 -1 1 -2 4 -2 2 3 0 -1 -2 -7 -2 -3 -4 -12 3 -9 1 -3 6 -1 0 6 16 2 2 4 -6 -1 -5 -5 3 -4 7 -3 3 1 3 0 -1 -10 10 -3 12 14 3 -3 0 -1 -1 2 -1 -2 4 -2 3 0 -1 -2 2 1 5 3 0 -2 5 1 0 -5 -14 -6 1 -1 -1 0 1 -3 -3 -1 10 -6 3 0 -10 -2 -2 0 0 4 2 -3 1 1 -6 -18 3 4 2 0 8 7 2 -1 14 -6 5 2 3 2 1 -4 2 2 -4 -2 0 -1 4 3 -5 2 -11 1 3 -2 0 -2 3 5 -1 3 2 -5 -2 3 -2 2 4 -2 1 5 5 3 -8 5 -3 0 0 -13 4 1 6 3 1 -3 -7 -4 -3 -5 4 -1 -2 3 -1 -1 -1 -1 -3 -4 0 -1 -5 1 -1 0 -1 10 -4 -2 3 0 5 2 0 0 -1 2 -4 -1 2 -3 3 -1 -8 -2 1 3 -4 3 -2 2 2 -2 -7 -5 1 -3 9 0 1 2 5 2 5 -1 1 -1 -2 4 -9 7 -5 2 0 2 -5 11 2 4 3 1 0 11 -2 0 3 0 -2 0 -2 3 0 0 1 6 5 0 -3 -4 -1 7 3 2 -7 3 -4 21 -21 0 16 0 4 -5 -3 -1 -4 0 14 1 -4 -7 -5 1 -3 6 4 -7 2 -1 6 4 3 -3 -3 3 -3 6 1 1 -9 -2 2 1 -9 -3 -6 3 2 2 -2 4 2 0 1 2 5 -1 -3 -6 4 2 1 -1 3 2 -1 -2 -2 2 -20 1 4 7 10 -2 -3 -2 -2 6 0 2 1 -16 -3 -5 6 2 -1 0 1 -1 -2 0 1 2 -5 11 -9 -1 5 1 2 -1 -1 -4 3 -7 4 -5 1 0 0 8
L 1 29 0 44 -1 0 0 6 -4 -3 0 1 0 -2 0 -4 0 -5 -2 9 1 5 -3 -4 -2 -2 1 7 1 3 0 5 -6 -8 7 -4 -1 4 2 5 -2 1 -1 -2 -2 0 -10 6 3 -4 -3 -1 -6 2 1 -3 3 7 -8 -1 -5 -7 0 3 -3 -3 4 -3 0 3 4 2 3 6 2 3 0 -2 -4 2 1 -3 1 1 -3 1 -5 -6 -1 0 2 0 -6 -5 -3 -4 5 -3 -9 -3 1 -1 -5 -5 0 5 2 -3 -1 1 -12 4 1 4 16 -1 3 0 4 -3 1 -2 -4 30 1 0 1 -1 -5 0 -2 0 8 1 0 -2 -4 -3 7 3 -2 2 -1 4 -2 -3 0 -5 -7 4 -11 -2 0 3 5 5 -5 2 -1 2 -2 -5 -3 1 0 3 -10 -2 0 3 -1 12 3 -4 0 0 -2 -2 4 1 2 0 2 7 -2 -10 1 0 2 -4 -5 -6 1 9 -2 -2 -2 -2 -3 6 -5 3 4 -12 2 -5 4 4 -1 -2 -1 -3 9 2 -2 -3 10 -1 1 -3 5 2 -1 -3 -6 2 -1 0 0 4 2 3 7 8 -4 -10 -4 1 -2 -3 1 9 -20 -6 -1 2 3 0 4 4 -3 3 -14 3 -7 0 -3 -3 1 7 -3 -1 -13 -7 2 3 1 5 -3 1 4 2 -5 -2 -3 -12 2 3 1 -6 -4 -1 -7 1 -7 -4 2 -4 14 2 -7 5 -1 1 -3 0 -1 -1 -8 3 -4 0 9 5 5 0 1 0 0 3 1 -3 4 -1 -2 2 -1 3 -4 -2 -7 -6 -11 3 -5 6 1 -3 -2 -3 -3 -4 6 3 0 2 -1 -2 3 -3 5 -3 -2 3 -2 2 -9 -3 -3 -3 0 3 -1 -5 1 -3 -2 -2 3 -2 -6 0 5 -3 -3 -1 -6 2 -2 5 -3 -1 1 0 8 12 2 1 -2 5 3 9 1 6 9 -2 2 0 2 -1 4 1 -4 0 -1 -3 4 -1 -2 1 -3 1 15 -2 -2 -2 0 1 -10 4 -12 1 4 -1 -1 -4 -1 -9 -2 0 -2 8 3 -1 3 4 1 4 10 -8 0 1 -1 -1 3 5 0 4 2 -8 3 0 -3 -3 4 -7 0 -5 -4 3 -1 -9 0 1 -6 4 -11 -3 2 -5 -1 -1 -1 -4 -3 -5 4 6 0 -6 -1 -4 3 0 1 0 13 2 1 1 -4 2 3 0 6 -4 -18 7 3 4 4 1 5 1 -3 1 -3 2 -5 -11 -2 5 7 -3 0 7 2 -8 5 -3 -3 -2 10 -3 4 -4 1 1 4 -8 2 4 -1 -1 -5 5 -1 10 -2 -5 -3 -17 3 -5 -3 -2 7 -7 23 1 -2 4 -4 6 -1 5 0 -5 -1 -4 -2 10 -1 -4 -3 1 1 -1 -1 1 -2 -1 0 -5 7 -8 1 2 0 0 -2 3 4 0 -4 3 3 0 -6 -1 0 -8
L 1 30 0 23 -1 5 1 0 -1 1 -2 -3 1 0 -1 3 5 5 2 -3 2 -3 -3 5 2 2 -1 -5 2 -4 -3 -8 5 3 -7 2 1 -3 -2 -5 -2 0 0 -2 5 2 5 -3 0 6 1 0 0 2 -7 0 -1 -2 6 1 1 6 2 0 4 1 1 4 -1 -2 -8 -2 -3 -1 0 -2 -1 -2 2 1 0 1 -2 -1 0 0 1 6 -1 0 -1 -2 5 5 3 0 -6 2 12 0 -2 2 2 3 0 -3 -7 4 4 -3 3 -1 -2 -4 -8 2 -1 0 0 1 1 3 6 -26 1 1 -1 -1 2 -1 2 4 -3 -1 1 3 3 0 -4 -1 4 0 5 -2 1 3 0 5 2 2 4 -2 -2 -4 -3 2 3 -1 -2 -1 0 3 -1 -1 0 -2 5 4 1 -4 -1 -6 -1 2 -2 -2 4 -4 -1 -2 -4 0 -1 4 -1 -6 3 -1 -1 5 4 1 -4 -7 2 2 3 0 4 -4 -1 2 -5 -1 0 1 -4 -7 -1 2 1 -1 1 -1 1 0 -5 0 -2 2 -2 0 3 3 6 -1 1 -1 -2 -4 -2 -2 -9 -12 6 1 2 -1 -1 -1 1 -5 16 4 2 8 -2 0 -5 -2 2 -2 11 -1 4 0 0 3 -2 -8 14 -3 14 7 2 -3 -1 -2 2 1 0 1 2 2 1 6 -1 -1 3 5 2 2 1 -2 3 3 1 -7 -7 -1 -1 -6 2 -2 3 3 13 0 6 -3 0 -1 -1 -7 -1 -3 0 3 -1 -4 0 3 -3 -2 -1 -1 2 -4 8 2 3 3 6 -2 2 -2 -1 6 6 -4 3 2 -5 -3 1 3 0 2 0 3 -7 2 1 -2 2 0 4 6 0 4 -5 -5 0 4 -2 1 4 3 0 4 2 0 -4 2 -1 0 2 -5 -1 -4 1 0 -4 2 -8 -3 -1 -2 1 4 1 -6 -2 0 0 -1 0 0 0 1 -1 -3 1 0 0 -4 -3 2 3 -1 -2 -1 -9 -1 3 2 -1 -5 5 -6 4 -2 -4 -4 -1 2 -2 7 2 -3 -4 -3 -3 -3 -1 -1 -1 -2 0 5 -3 1 0 1 -5 0 -2 6 2 4 -2 2 2 1 -7 12 0 3 2 -4 3 10 -3 0 3 -2 6 -1 -1 6 -2 0 2 5 5 3 -3 -3 2 4 -2 -1 -3 1 9 10 -6 1 6 -3 1 -3 -4 0 -5 4 14 -1 0 -6 -2 -4 -1 -1 5 -2 1 0 1 8 2 -2 -5 1 -2 -1 0 6 -6 -3 2 0 -15 -1 -1 2 -1 2 0 1 -2 0 -1 -1 4 -3 -2 4 1 1 4 5 -2 4 1 0 -8 3 -10 1 0 -1 -1 -4 -2 -1 -1 9 4 2 2 -12 -1 -4 -1 -2 -2 1 2 0 0 -1 0 3 -5 4 -4 0 1 2 1 -2 -4 -4 5 -7 0 0 5 -1 -2 -8
L 1 31 0 16 -1 -13 -3 0 -2 -4 -1 2 -1 -3 -1 4 -8 -3 0 0 -4 10 1 -1 0 -2 -2 -1 -3 -5 10 5 -6 11 3 -2 -4 3 -1 4 -2 2 -2 -3 0 -4 -10 -5 1 -5 -1 6 -3 0 9 0 0 -13 12 1 -5 3 -1 -1 -3 0 4 1 2 2 5 1 1 -3 -1 -1 -4 1 -4 0 3 2 5 4 2 0 -2 -7 0 -1 5 1 -2 2 4 -3 4 0 -11 -2 -1 1 1 -4 -1 1 4 -2 1 -2 4 -1 -2 7 1 -4 1 2 4 0 1 -5 -2 1 0 -1 -3 -3 -2 3 -1 2 -8 1 -2 -3 1 -5 -1 3 -2 -3 -4 -1 4 2 -2 -2 0 -2 2 -4 0 2 5 0 3 -6 -3 5 1 -4 2 0 2 1 -1 21 0 6 0 13 2 -5 -2 7 0 3 1 5 5 1 0 1 -1 0 -1 1 4 -3 -3 -2 8 -1 1 1 -2 0 -4 2 1 15 1 14 1 1 1 6 0 -2 2 -1 -1 4 -1 -1 5 -6 0 1 2 -3 6 -1 -3 -1 -3 0 1 7 5 1 3 5 -10 -5 -1 -2 0 3 7 -2 -13 -3 -2 -6 1 1 2 2 -2 0 -6 -2 0 -3 -1 1 -1 3 -11 2 18 -22 1 0 2 5 1 -2 0 3 -2 4 -2 -5 3 -10 -2 -6 -6 1 4 5 8 -1 -2 5 10 2 -3 2 -1 2 -3 0 -10 4 -9 3 -3 3 1 8 2 4 1 0 -1 4 -4 1 3 23 3 0 -3 0 -5 -1 -1 2 0 4 -7 -5 -1 -2 -6 -2 -4 -4 6 -1 2 -3 0 -3 -3 -2 0 3 -4 3 -4 -4 -1 -3 3 -1 -2 -6 1 -5 3 5 4 0 -3 -4 0 0 0 -8 0 1 -8 -2 -1 8 2 -1 -1 5 5 -9 5 -1 -1 -4 -2 1 -1 0 11 2 1 3 -3 1 3 -1 2 1 -3 11 2 -2 -4 -2 -3 -4 -11 5 -3 -4 -4 -3 -8 -2 5 5 7 2 -1 1 1 -3 0 -1 0 -9 -5 6 5 -1 -3 -2 -4 7 -3 -2 -2 -1 0 -4 -1 0 -11 5 2 -2 -2 3 6 -3 0 -4 1 -3 -2 -11 0 0 -7 -1 -8 1 0 0 3 -2 1 -2 0 -2 1 -1 -1 -4 -2 -3 3 -2 -27 -1 6 1 -7 7 -5 1 3 4 0 0 -8 1 0 3 0 5 -2 0 2 -3 0 -3 1 -10 -5 1 0 -2 -2 -1 3 -1 7 5 -3 5 2 3 3 -2 -1 -3 1 -3 2 1 -1 -2 2 1 4 -15 -2 1 -3 8 1 -1 2 -1 3 -5 1 -2 -2 -11 13 5 -4 -4 3 0 -1 -1 2 3 0 -3 -2 2 0 -5 1 -3 -1 -2 1 -2 3 -7 -2 -1 4 -1 -2 3 4 2 -1 1 0 4 -3 -4 3 -8
L 1 32 0 13 1 -4 0 -2 2 -2 0 5 1 0 0 -1 -6 -3 -1 3 0 4 1 -2 0 -3 1 -3 -1 -3 6 6 -7 8 6 0 -1 2 0 2 2 -1 -1 0 -3 -1 -2 -3 0 -12 -1 1 -4 -2 7 1 3 -6 -4 5 -5 -3 -1 0 -3 0 2 1 -2 0 2 5 0 -1 -1 1 1 2 -2 -2 4 2 4 3 -1 2 -1 -4 2 0 4 3 -3 -1 2 -1 6 0 -22 -2 -1 2 -1 -3 7 2 1 -1 -1 1 -3 -2 3 6 3 -1 2 2 4 -1 -1 -2 -2 4 -1 0 1 1 -2 1 -3 -3 -5 -3 -2 -4 -3 -5 7 1 -4 -2 -4 2 3 -1 -2 0 1 0 -8 -2 2 2 3 6 1 -3 -1 0 2 -1 3 3 5 4 -1 1 1 6 1 14 3 -4 2 4 2 5 1 4 4 4 0 -15 1 -1 0 2 3 -1 -3 1 4 2 0 1 -3 -1 -3 2 1 6 3 4 -3 3 -1 5 -3 -4 2 -1 -1 0 -1 -1 1 -2 -2 1 3 -2 -1 1 -2 0 -3 1 2 3 4 1 2 7 -12 -3 -2 -1 -2 1 6 -2 4 -3 -2 -13 0 0 5 2 -4 1 -8 -1 -2 -1 -2 2 2 2 -3 3 6 -8 2 2 -3 2 2 1 -2 2 -2 0 1 -5 3 -6 -5 1 -1 -1 -2 3 3 -1 2 6 1 -2 5 3 -1 3 0 1 -5 2 -5 4 -2 2 6 8 1 3 0 -4 1 -2 -1 -1 1 22 -1 -3 -2 1 -10 1 2 0 2 3 -5 -2 1 -5 -6 1 -5 -2 4 -2 2 -6 2 -3 0 -4 7 3 -1 3 -4 -4 -1 -1 2 1 6 -2 1 0 2 4 2 1 -5 -7 0 -1 3 -6 -1 3 -2 4 -2 7 1 -4 -2 2 6 -1 3 -1 0 3 -3 5 -1 0 14 2 -1 1 -1 -4 1 0 0 3 1 10 3 -2 0 -1 -5 -3 -10 -4 0 -1 -1 2 -7 1 5 0 3 3 -2 -1 0 -1 0 -1 4 -7 -10 0 3 0 -2 1 -13 -1 1 -4 -3 -4 1 -2 -2 -3 -1 0 2 -1 1 0 4 4 0 0 -1 -8 -2 -11 0 2 -4 -3 3 -2 -3 -3 1 0 1 1 3 -1 1 -3 -1 -1 -1 -2 2 -1 -20 3 5 0 -4 4 -4 2 2 -1 -1 2 -11 1 -5 1 0 2 -3 2 4 3 0 -2 -1 -9 -2 5 0 -2 -1 -1 3 -4 5 6 1 4 14 1 2 0 0 0 0 -4 1 -2 -1 -1 1 1 2 -9 0 -2 -2 5 2 -1 3 3 4 -4 11 -1 0 -1 5 3 -1 -4 -1 -4 -3 0 0 3 -2 3 4 2 -2 0 1 -1 2 1 2 -3 4 0 0 1 0 -2 -1 2 2 0 3 5 1 5 -2 -3 3 8
L 1 33 0 17 -1 -6 -2 -1 5 0 -1 -2 -1 1 0 5 1 5 2 -6 0 0 -1 4 3 3 -2 -6 1 -5 4 -6 4 6 -7 2 -3 -2 -1 -3 -1 0 -1 -2 4 0 5 -4 1 5 0 2 5 4 0 0 -2 -7 16 -2 5 7 0 -1 3 0 -2 3 3 -2 -8 -2 -1 -4 1 -3 -3 -1 2 -1 3 0 -2 1 2 0 2 3 -3 1 -1 -2 5 6 6 1 -7 1 9 -1 -1 2 2 1 -5 -4 -1 2 1 -3 15 -4 -5 -5 -13 2 -4 1 -1 2 1 1 4 -21 0 0 -1 -1 1 0 1 4 -4 1 1 2 5 3 -6 0 5 0 3 -2 1 7 1 2 1 0 15 -1 -1 -3 -3 -5 5 -2 -1 1 0 3 -1 -3 -3 -4 6 11 2 -1 -1 -12 -5 0 -3 -1 8 -2 -2 -3 -3 -1 -2 3 -2 7 0 0 -2 3 7 3 0 -7 2 -1 3 0 3 -4 1 6 -4 18 0 -2 -3 -2 1 3 0 3 -4 1 3 3 -7 -1 0 2 -2 -1 0 0 3 1 1 0 -3 -3 -1 -1 -5 -7 2 7 4 -2 3 1 3 -1 6 3 2 7 -1 0 -5 -2 4 -3 12 -1 6 0 2 2 -3 -8 3 -1 18 0 0 -3 3 -2 0 -1 -3 0 3 2 0 9 -1 -3 2 3 3 4 6 -1 9 3 -2 -4 -8 -1 -2 -5 0 -2 2 -1 -4 0 0 -5 1 -2 -15 -5 -3 0 1 3 -1 -2 -1 3 -2 -9 3 1 1 -2 13 1 3 2 8 -4 4 -3 0 2 3 -3 1 1 -5 -2 -1 0 2 3 -3 6 -6 1 2 -2 3 -2 4 1 2 2 -7 -6 0 0 -1 2 7 1 0 4 2 -1 -4 1 -1 0 -1 -6 2 -4 3 2 2 0 -1 -8 2 -1 1 -4 0 -3 -1 -3 -6 -1 -1 -3 -1 5 -2 -1 3 0 0 7 -3 2 -1 0 2 0 -8 5 1 1 -4 -3 7 -8 5 1 -4 -2 1 3 -1 0 0 1 -2 -6 -2 1 -3 -4 5 -4 0 13 -2 2 0 1 -4 -2 -2 -1 -11 7 -4 0 0 6 -4 5 3 1 4 -1 1 12 -2 -3 3 0 -2 1 -4 5 1 -1 -1 3 2 1 -1 -3 -1 5 0 1 -1 0 -8 7 -17 0 5 -1 2 -3 -1 0 -4 2 18 -1 0 -3 -4 -1 -3 5 3 -2 3 0 8 3 -1 -4 -6 3 -1 -3 -1 5 -4 -3 -1 0 -17 2 -3 1 -3 1 -1 5 0 -1 -1 1 3 -3 -1 -12 2 3 2 10 -3 4 2 -4 -5 4 -27 0 1 -6 11 -5 -1 -3 0 9 3 0 2 -11 1 -2 -1 0 1 -2 -1 1 -1 -1 0 4 -5 4 -6 -2 2 0 4 -1 -2 -2 -3 -6 1 1 1 0 -3 -8
L 1 34 0 14 1 1 1 -5 -6 3 1 -2 0 -1 2 1 1 8 -2 2 0 4 -5 4 1 -2 0 -9 3 1 -3 -3 4 2 -6 4 0 -4 -4 -4 0 3 1 -3 1 1 9 -1 0 1 0 0 4 3 5 1 0 5 8 0 6 7 1 4 0 -2 2 1 -2 -3 -10 -4 -3 -1 -2 -2 -1 0 4 -2 6 4 -3 0 1 3 2 2 -5 2 1 -2 4 6 5 2 -3 0 9 1 -2 1 0 0 -3 -7 -1 3 4 -4 3 -3 -3 -3 -6 5 -2 -2 -1 2 -2 1 1 -7 3 2 4 3 1 -3 1 1 -13 0 -1 5 8 -3 5 2 4 2 3 -4 1 9 2 3 0 0 -5 -2 1 -2 -3 8 3 2 -1 0 -1 4 -2 3 -2 -2 7 -2 5 -3 1 -14 -3 2 0 -3 14 0 0 -1 -1 3 -1 -7 4 -2 0 -3 -3 3 9 4 2 -4 2 0 2 2 4 -1 2 3 -2 4 0 -2 -3 -7 -3 1 2 5 1 -1 3 3 -18 1 0 0 -1 -1 -4 0 6 -3 1 0 -2 1 -2 0 2 -7 1 14 2 0 2 2 2 7 24 -1 5 7 -2 0 -2 -3 4 0 7 4 2 3 4 -1 -5 -8 15 -4 19 13 6 -4 0 -5 -3 3 -2 0 4 2 1 3 -5 4 2 8 7 -1 -6 -3 0 0 -3 -5 -8 -7 -1 -4 0 -5 3 -3 0 -2 5 -4 4 1 -6 -2 -1 -1 0 3 1 -4 2 0 -5 -19 2 1 2 2 4 6 3 -1 4 -3 5 0 1 3 6 -3 0 1 -4 -1 0 -2 2 5 1 1 -2 -1 -2 -2 1 0 2 3 2 -1 1 -3 -1 3 -1 0 5 1 4 -1 3 -3 -1 5 -3 -2 3 -3 3 -6 5 -1 0 -6 4 -6 -5 -3 2 -1 1 -3 0 -1 -1 -3 1 -8 1 1 -2 -1 0 0 2 9 -3 0 0 -2 7 0 5 -2 -1 1 -1 2 0 -4 -6 0 -8 -1 1 0 -1 0 -2 -2 -1 -6 -7 -3 -2 -2 -1 -4 0 22 4 -2 0 -1 -5 0 -3 7 -8 2 -2 -1 2 3 -4 7 2 4 1 0 3 11 -4 0 2 3 -3 0 -3 4 0 -1 0 3 5 1 -2 -5 -1 7 -1 1 2 1 2 13 -14 -1 6 2 3 0 0 0 -6 2 19 -3 -4 -1 0 -5 -1 6 3 3 5 3 6 9 3 -1 -4 2 -1 -6 1 4 -3 -4 3 -3 7 1 0 5 0 -2 -1 1 2 0 -2 1 0 -5 -2 -12 4 3 1 2 -1 0 2 -1 5 3 -15 0 0 1 -2 -3 1 -2 -2 6 1 1 -2 -16 0 -15 5 2 -1 2 -2 2 0 1 1 3 -2 17 -11 0 -2 0 4 -3 -2 -3 4 -5 3 -5 4 1 -2 8
L 1 35 0 33 -1 -1 -2 -2 4 4 -1 -4 -2 4 1 4 1 3 4 -7 2 0 0 0 3 4 -3 0 3 -1 -1 -8 4 7 -4 -1 0 -2 2 -4 -1 -2 -1 1 3 1 9 1 -1 3 0 0 6 4 -6 -3 -2 -1 3 -5 8 -1 -1 3 6 0 -2 -1 5 -1 -3 -4 3 -2 1 1 -1 0 3 1 -3 -4 -3 0 3 0 2 4 -1 2 -4 -3 4 0 2 0 -5 0 7 0 1 -2 3 3 -8 -2 -1 1 -3 -2 18 -9 -1 -7 -8 4 -4 -2 -3 -6 0 1 2 13 -1 1 2 0 -2 0 2 2 5 4 0 3 4 4 -2 1 7 1 3 0 2 5 2 -4 -3 -2 16 5 -4 -4 -2 -2 4 0 3 -3 0 3 -3 -3 -5 -5 1 -1 1 -1 0 -20 -5 1 -2 -3 5 -3 -2 -8 -2 -2 -1 5 0 9 0 1 -4 1 7 4 -4 -3 1 -4 2 1 1 -2 0 1 -3 8 -1 -6 1 -6 2 2 -4 2 -1 1 0 2 -4 2 0 -2 -3 1 2 -2 1 2 1 2 -3 -5 0 1 -1 -4 9 6 4 -2 6 0 -1 2 1 1 1 3 -1 0 -5 0 5 -3 10 3 4 -1 1 -2 -1 -10 4 -2 -3 4 -1 -2 4 -4 -3 0 1 -2 1 1 1 7 -2 4 3 5 8 3 1 -3 5 1 -1 -6 -8 -3 3 -3 -2 -3 0 -1 -7 -3 3 -4 4 0 -16 -7 -3 1 -1 2 -1 -3 1 1 -1 -30 1 2 -1 -1 18 -1 1 -2 8 -4 4 2 0 -6 1 -5 3 0 -5 -2 -3 2 1 3 -4 6 -3 -3 3 -4 4 1 2 -3 1 -2 -9 1 0 1 -1 -1 -2 -2 1 3 -2 -1 1 4 -1 -1 3 -1 1 -5 0 3 9 -3 -2 3 0 -1 -2 0 1 1 0 -4 -13 -2 -1 -5 3 4 -3 1 1 -1 -1 6 -4 1 -2 1 2 3 7 2 -1 1 -1 0 12 -8 -1 1 -8 -1 2 2 1 -2 -2 1 -5 -1 5 2 -7 0 8 -2 2 9 -1 4 1 1 -4 3 1 -6 -5 4 -3 1 0 1 -5 3 5 0 1 3 -2 14 -1 -4 2 2 0 3 -3 0 -2 0 -4 -2 -1 0 -2 2 0 5 2 5 -1 -1 1 13 -19 -2 10 -2 5 -2 1 -3 -1 -1 9 2 2 -3 -2 2 -1 9 -1 5 1 4 7 3 2 -5 -3 4 1 -2 -3 3 -3 -4 -1 -2 -14 1 -3 2 -1 3 -1 3 2 3 -3 1 -2 0 -1 -4 2 2 4 0 2 2 -1 -7 -2 5 -18 1 1 2 4 -6 0 1 0 4 3 1 2 -8 0 3 1 -1 1 -2 -2 3 0 -1 0 3 -3 5 -8 -2 3 0 4 0 -3 1 -7 -2 0 -3 0 3 -1 -8
L 1 36 0 52 1 0 -1 0 -7 4 -1 -3 0 -2 1 0 5 3 8 -3 5 -7 -3 3 4 8 2 4 4 -3 -7 -12 8 -6 -3 2 -2 -4 0 -3 -3 -2 0 2 6 2 5 0 -2 6 4 -1 0 -1 -2 0 -6 0 3 -3 1 -3 -1 -9 3 3 -2 -1 -1 1 6 2 1 -2 3 -1 1 -2 6 4 -5 -5 -5 -5 4 0 0 5 -6 0 -5 0 3 -1 1 -3 -7 -2 29 -1 3 -3 4 5 -4 -1 -8 1 -3 -2 5 2 0 -6 -1 2 -5 -1 -2 -2 4 2 4 -4 -1 3 -3 0 1 0 0 2 3 0 1 2 -1 4 -10 0 3 1 3 2 0 1 2 -1 -1 0 16 2 -5 -5 -1 -6 1 -2 2 -2 -2 5 -7 -2 -6 -2 -2 -1 -2 -6 -2 -17 -1 3 -3 -6 1 -3 -2 -8 -7 -4 -1 12 -2 0 3 -1 -1 4 1 -1 -3 -5 -1 2 2 -1 3 -11 -1 1 -6 2 2 -3 4 0 1 5 2 2 -11 -2 -1 1 -1 4 2 1 -5 2 -2 2 -1 1 -1 0 -3 -4 -2 -3 -6 -7 9 24 -1 2 3 2 -2 -4 -2 2 -1 10 0 2 -5 1 5 -1 14 6 0 2 -2 -3 -1 -9 12 -3 -10 2 -7 0 -1 -4 -1 0 0 -3 -1 2 -2 10 -1 4 6 2 10 4 -1 -4 4 3 0 -1 -3 5 -4 -2 5 -2 7 0 5 -1 8 -4 1 -2 -13 -3 -2 0 -2 -1 -4 1 2 2 -2 -23 -1 0 1 -2 18 -5 0 1 6 -2 3 1 -5 -6 2 -4 7 4 -4 0 -2 3 -4 1 -1 7 0 -4 4 -4 8 2 5 9 -1 0 -18 0 2 -1 -2 0 -1 0 3 8 -4 -1 -1 2 0 2 2 2 -1 -7 -1 0 0 0 -5 4 -3 2 -3 -3 3 -8 -3 -2 -23 -6 1 4 -1 2 -2 0 2 -2 -1 -13 -2 4 -2 -1 4 2 2 10 2 4 3 -2 9 -4 1 0 -4 -2 4 3 1 2 0 0 -7 3 15 -1 -5 0 -8 -3 0 2 -4 3 0 5 -4 3 2 -15 11 -2 -4 5 1 3 -2 2 1 3 4 7 -1 10 -2 -2 3 2 11 3 -1 4 -2 0 -1 0 -2 1 -5 4 3 6 -1 3 -3 -3 24 6 -2 -2 3 -7 4 -1 -3 1 2 1 5 3 4 -4 -2 -2 0 -1 -2 -3 -1 1 0 2 3 -5 -4 0 0 4 -2 6 -3 -6 -1 -4 -30 -4 -5 -1 0 3 -5 5 0 1 -2 -3 -5 1 0 19 0 3 4 -4 -2 3 -1 0 -6 3 -5 0 -1 8 -7 -3 3 3 1 5 7 -1 1 -6 2 8 -1 -5 -1 0 -1 2 0 -1 0 2 -4 -6 3 -3 1 0 3 -2 -4 1 -9 -3 -4 1 2 2 -1 8
L 1 37 0 15 1 -4 -1 -4 -7 -2 1 4 1 -2 1 -3 -5 -2 -3 9 -2 8 -1 -2 -3 -8 -1 -3 -3 -1 3 7 -7 5 4 0 -1 1 -1 2 1 3 -2 -3 -3 -1 -8 0 2 -7 -2 0 -3 -1 13 1 3 1 0 4 -4 2 0 3 -5 -2 7 0 -2 2 1 -1 -2 2 -4 1 0 2 -4 -1 4 3 5 2 -1 4 -3 -8 0 1 8 2 -6 0 -2 0 3 -1 -14 -1 -2 3 -2 -4 6 0 3 -3 2 0 -9 3 1 7 9 -2 2 -1 3 1 -3 -3 -3 14 1 1 1 0 0 0 -2 -1 -13 -2 -1 -1 -2 -4 11 1 -4 -2 -3 1 2 3 0 1 -1 1 -17 -4 4 1 3 14 0 -1 -3 2 -1 -3 3 3 3 3 -2 5 3 4 1 11 3 -4 2 2 5 3 2 6 5 3 3 -5 2 -9 1 0 3 -3 -2 0 8 4 0 0 -4 1 -2 6 1 10 2 -3 -1 3 0 3 -4 -4 2 0 2 0 0 -4 -2 -3 0 0 3 -2 -1 1 0 -2 0 -1 2 9 3 2 5 7 -12 1 -3 0 -2 1 6 6 3 -6 0 -3 0 1 4 3 -2 0 -10 -1 -4 1 0 0 -1 6 -2 2 12 -7 6 2 -1 2 0 2 -1 5 -1 0 -2 -8 3 -3 -4 0 -4 -4 -7 3 -3 -3 0 1 9 1 -5 2 -3 0 -1 1 -4 1 -7 3 -2 2 7 10 3 -1 1 -2 1 2 -1 0 2 14 -1 -1 -1 2 -13 1 -1 -3 -3 5 -6 0 2 0 -3 0 -6 -3 3 2 2 -5 0 -1 3 -6 5 2 -5 4 -5 -2 -4 -2 1 -2 6 -2 0 -2 0 1 3 1 3 -7 -1 0 3 -3 -3 -1 -3 0 -1 5 1 -3 -5 -2 8 -2 1 -1 -1 -1 1 4 -2 5 18 3 4 -2 -1 -2 4 -2 -2 2 2 11 3 -2 -3 -3 0 -3 3 -4 -1 -2 -2 3 -14 3 -5 1 3 3 -2 -3 0 -4 1 1 5 -7 -8 -1 5 0 -5 0 -1 11 3 -5 -3 -4 0 1 -1 6 -7 -1 3 -3 0 1 6 -2 -1 0 -2 -3 0 -13 1 2 -6 0 -8 0 2 -3 1 -1 2 -2 3 -4 1 -2 0 -3 -2 -3 6 1 -15 4 7 0 -5 5 -5 3 4 1 1 -1 -7 -1 -3 3 3 -1 1 1 2 1 0 -1 1 -6 0 4 2 -5 -1 -1 4 -4 7 3 2 3 16 1 5 1 1 -1 2 -7 2 -1 0 -3 0 0 2 -8 0 -1 -5 -2 2 -3 3 1 9 -5 15 -1 -3 -3 0 6 0 -3 0 -3 -2 -1 -2 1 -3 -13 0 5 -3 -1 0 -2 0 0 1 -3 7 6 -4 3 -1 0 -3 1 1 0 2 4 2 2 -2 -4 3 8
L 1 38 0 29 -1 -1 -1 3 0 1 0 -3 1 -2 1 0 5 7 -2 0 -1 -5 -2 5 1 0 -1 -3 0 -1 0 -3 4 -9 -7 2 -1 -3 -3 -3 -1 3 1 -4 3 0 0 -2 2 10 3 1 4 2 -2 0 -2 4 13 0 2 6 3 0 0 -1 -2 1 1 -3 -8 -2 -2 -1 0 -4 -1 -2 2 0 5 1 -3 -2 -1 0 1 3 -2 -1 -1 -3 3 6 3 2 -9 0 16 1 -2 2 -1 0 -5 -4 0 2 4 -2 2 2 -6 -3 -7 1 -2 0 -1 9 0 0 4 -27 2 -1 -2 -2 4 -2 2 4 -1 0 0 3 3 3 -5 0 1 2 3 -4 -2 4 1 5 2 1 1 -2 1 -1 -5 -4 0 3 0 3 -2 1 -3 -1 -2 -3 6 3 1 -5 0 -5 -2 2 -1 -2 6 -4 0 1 -3 0 0 9 -2 0 0 -3 -2 4 5 -1 -5 -4 0 1 4 0 4 -3 0 -1 -3 6 2 1 -2 -6 1 4 0 2 3 -1 3 2 -7 -1 1 2 -1 -1 -1 1 3 0 3 -3 -2 0 -3 -3 -4 -8 4 3 3 0 1 1 0 3 5 4 2 11 -2 0 -4 -3 4 -1 7 -1 3 2 4 1 -4 -3 4 -3 10 7 0 -2 1 -1 0 1 -2 -1 4 -1 0 2 -2 -1 3 1 -2 1 0 -2 0 1 -2 -5 -6 0 -8 -3 1 -2 0 -3 6 0 3 -4 2 -4 -5 -5 1 -4 1 3 0 2 1 2 -2 -7 2 2 3 -1 4 2 1 2 2 -3 5 -1 0 9 6 1 1 2 -4 0 0 1 0 3 0 2 -8 1 0 -2 2 0 2 5 1 1 -1 -4 -2 -1 -1 1 5 1 4 6 3 0 -7 4 0 -2 -2 -8 3 -4 3 5 -3 -2 -5 -7 -4 0 2 -4 1 -5 -1 0 -4 0 1 -2 -1 3 0 -1 0 0 0 -1 -2 1 0 0 5 1 -3 5 0 2 -2 -2 3 -2 -3 -1 -1 -3 1 2 -2 1 1 1 -2 4 -1 -3 2 -2 0 -3 9 5 0 1 2 2 -2 -2 -1 7 -6 4 -4 -1 0 2 -3 3 0 2 3 6 4 10 -2 0 4 2 -6 1 0 6 0 0 1 4 1 0 -1 -1 0 3 -2 0 -1 2 8 0 -6 0 5 -1 1 -3 -2 1 -2 2 16 -3 1 0 -2 -4 1 0 0 -4 3 0 3 7 0 -3 -3 1 -2 0 1 4 -6 -2 0 -2 -10 0 -2 0 -2 -1 0 4 0 0 2 0 2 -3 -3 -3 1 3 1 0 -4 2 2 0 -3 2 -17 0 0 -3 0 -1 0 1 0 7 2 0 -1 -8 2 -12 -3 -1 1 0 0 0 -3 0 0 4 -5 2 -1 0 -1 1 0 -2 -1 -2 3 -8 2 -4 3 1 -2 -8
L 1 39 0 53 1 -7 -1 2 -11 -2 -1 1 0 1 -3 -3 -3 -5 5 5 -1 -1 -2 -1 1 1 -1 6 -1 3 -2 2 -1 -3 7 -3 0 1 3 4 -5 -2 -2 3 -2 1 -7 2 0 -4 -2 0 -5 -5 7 -2 0 -2 -3 0 -8 -5 -1 -5 -2 1 4 1 -2 4 14 8 2 4 2 -1 -3 -2 -3 3 -8 -3 4 -2 0 -1 -4 -2 1 1 1 2 -3 -6 -1 -4 6 -1 6 -1 2 -2 0 -1 3 2 -3 -3 -2 1 -7 5 2 5 14 -4 2 1 3 -3 3 -1 -3 16 0 1 -4 -5 -1 1 -1 1 0 -1 0 -2 -5 -3 0 1 -3 0 -3 4 0 -8 -1 -1 -1 -2 0 -1 -3 1 5 0 -2 -6 -5 2 -1 -3 -2 2 1 5 -9 7 -1 3 -1 8 4 -4 -4 3 -2 1 0 1 1 -3 0 7 -1 -7 3 0 3 -2 -8 -4 5 5 -2 2 -3 -1 -2 0 -2 8 2 -3 3 1 4 11 -4 -1 2 0 -8 1 -2 -4 13 2 1 1 2 2 0 0 -5 2 -1 2 1 1 3 0 1 5 -1 8 -5 4 -1 0 1 -4 -18 -4 -4 -2 3 2 3 3 -3 -1 -4 4 -4 -3 -6 -2 2 4 -1 1 -12 -19 -8 1 0 2 1 -1 3 2 -5 3 -2 -3 4 0 3 -4 -1 1 -6 2 1 -2 -1 -1 18 9 -8 1 2 0 0 4 -3 1 -5 4 -8 1 4 7 -1 2 2 -3 -2 3 -4 -2 3 10 -3 -1 -2 -1 -1 -6 -3 -1 -5 6 -6 -1 -3 -4 0 -2 0 -3 5 3 1 1 -5 -5 1 -1 3 -2 -1 5 0 1 -3 2 -5 -2 -12 5 1 -4 1 -4 -2 1 -2 -2 -4 0 5 -7 1 1 -5 4 -3 2 -4 -3 -3 4 1 8 5 3 -6 -2 2 2 -2 0 -6 -2 0 7 -4 -1 2 -1 0 1 -2 -9 1 1 -4 -1 -5 0 4 7 -1 -1 1 -3 -5 1 -1 0 7 -1 0 -1 1 -5 0 -2 -3 0 7 4 0 3 -12 1 -1 -7 -5 3 -4 2 2 1 2 -7 12 -4 3 2 -1 2 6 -8 0 -1 0 -1 -1 -10 0 1 -4 2 3 1 1 -2 -1 -1 1 -3 -5 -1 1 4 3 -6 -2 -2 2 -3 4 -2 20 1 -3 -2 0 1 1 3 5 -2 -17 7 4 1 3 2 2 -3 -4 -3 -3 -2 -4 -9 -2 1 5 -3 2 6 1 -3 7 0 -3 -1 -5 -1 3 -6 1 -2 2 -1 -1 3 0 -4 -4 6 4 19 -2 -1 -1 -2 0 -4 -3 1 1 -3 19 -1 -2 6 -6 2 1 3 5 -5 2 -2 0 7 0 8 -2 -2 -2 -4 1 -2 -2 -3 0 -4 7 -13 11 0 0 2 -2 3 2 2 -8 8 -5 2 -4 -1 0 8
L 1 40 0 39 -1 10 1 -1 -2 4 -2 -4 0 3 0 2 4 3 4 -5 4 -2 -2 1 1 4 -2 0 4 0 -9 -9 5 4 -4 -2 3 -2 1 -5 -1 -2 0 1 4 2 10 3 -2 3 1 -1 1 3 -14 -2 -1 3 -8 -2 5 -3 0 5 7 0 2 -1 1 -2 -3 -4 -1 1 0 2 3 -1 2 3 -6 -3 -4 -1 1 0 1 7 1 1 -4 -2 5 0 -2 -1 -4 1 9 -1 0 -1 3 5 -1 -2 -7 3 0 -3 4 -4 2 -7 -3 4 -2 -3 -3 -7 -1 4 4 9 0 1 1 1 -2 -1 3 2 7 2 0 3 2 1 0 -1 6 1 6 1 1 2 2 -1 -3 1 6 4 -4 -5 -3 5 2 1 1 -5 -1 4 -4 -1 -2 -3 0 -8 1 -5 0 -14 -1 4 -1 -4 2 -6 -1 -6 -4 -1 0 6 1 -4 2 1 -3 3 4 2 -8 -2 2 -3 1 1 3 -3 -2 -4 -4 -12 -1 -4 0 -11 1 2 -2 -1 4 -1 -1 -1 -2 2 -2 -2 -3 3 5 1 4 0 1 1 -2 -6 -1 0 -5 -10 12 0 2 -1 2 -3 -2 -1 11 3 2 4 -2 0 -5 0 4 -2 9 3 3 0 -1 -1 0 -10 15 -4 -7 10 0 -2 1 -4 -2 2 4 -1 -1 1 1 4 -2 7 5 6 8 1 -3 -4 -1 1 2 -8 -8 -4 4 -4 0 -3 1 2 10 -3 9 -3 2 2 -3 -9 -1 -2 -1 2 -1 -5 2 2 -2 -23 -3 -1 0 -3 15 1 1 -2 5 -2 3 3 -1 -3 4 -7 5 1 -5 -3 -1 5 -1 3 -1 3 -2 -3 4 -4 4 3 2 3 -1 -1 -7 2 0 5 -3 -3 -5 1 2 3 -1 0 2 5 -1 0 6 0 -2 -5 -1 0 3 0 -8 8 -4 -1 -1 8 2 -3 0 0 -6 -3 1 -3 4 0 -3 -1 0 -1 -1 -5 -3 2 1 -1 -3 1 6 -5 2 2 1 -2 8 -7 -3 -2 -9 -3 1 1 1 6 0 -3 -6 2 4 -3 -5 3 3 0 2 1 -1 2 1 1 -5 5 2 1 8 2 -1 3 2 -3 -8 10 2 3 -1 1 -1 12 -2 -1 2 -1 7 2 0 0 -5 1 -1 0 2 1 -4 3 4 3 0 3 -4 0 18 16 -8 -1 10 -4 5 -3 -2 -3 -1 1 5 1 2 -6 -1 -1 1 2 1 5 0 3 0 9 7 -4 -2 1 0 1 -3 3 -5 -5 2 -2 -12 -3 -2 3 2 4 1 -1 0 3 -3 -1 -2 0 -2 12 2 1 5 -5 3 2 -2 -3 -5 4 -1 2 1 7 -6 -5 -1 2 -2 4 4 3 2 -9 -2 2 1 -2 -3 1 0 2 1 -1 1 2 -3 7 -7 -1 2 2 1 -2 -6 -2 1 -3 -1 -3 4 2 0 -8
L 1 41 0 45 -1 4 0 1 -1 4 1 -4 0 1 1 -2 6 3 0 -1 1 -4 -2 1 0 2 -2 2 2 3 -6 -5 4 -8 -3 -1 2 -2 0 -3 0 1 0 -1 2 1 5 4 0 7 2 -1 4 3 -8 -3 -1 10 -1 -4 5 -3 1 4 3 -1 0 -3 2 -2 -3 -4 1 1 0 1 2 -1 3 2 -2 -3 -5 -3 0 0 2 5 -1 0 -3 -3 3 0 -2 1 -7 0 13 1 0 -2 0 2 -8 -2 0 1 0 -2 3 -2 -2 -5 -1 3 -2 -3 -3 0 -1 1 1 7 1 0 0 0 1 -2 2 2 8 3 0 4 2 4 -1 1 3 3 3 -1 -2 3 3 0 -3 0 3 3 -2 -2 -4 0 -1 5 3 -1 -3 2 -5 -2 -4 -4 1 -8 0 -6 0 -13 -3 2 1 -4 4 -5 0 -4 -3 -2 1 12 0 2 1 -1 -4 1 5 1 -8 0 0 -2 3 1 3 -2 -1 -6 -2 -5 1 -5 1 -9 2 3 -2 1 6 -1 1 1 -4 2 1 -2 -2 1 0 -1 1 1 3 -1 -2 -2 -2 -1 0 -5 11 3 2 0 4 -1 -4 7 -1 3 2 7 -2 0 -4 -1 4 -1 5 3 1 1 2 -3 -3 -5 5 -4 -11 11 -1 -2 3 -2 -4 1 3 -3 2 -1 0 1 -2 7 4 2 4 0 -4 -3 -4 -1 -1 -6 -5 -1 -4 -1 -1 -2 -1 -3 3 -3 7 -4 4 -2 -7 -7 0 -2 -1 2 1 0 2 0 -1 -28 0 2 2 0 10 1 -2 -3 2 -2 4 5 0 0 5 -1 3 1 -3 1 -1 4 -1 4 0 2 -4 -3 2 -4 3 4 0 1 0 -3 -2 3 -1 0 -2 -3 -3 -2 5 5 -1 0 -1 6 -1 -3 2 -4 2 -6 0 5 4 -5 -5 4 -5 1 -1 0 2 -1 1 0 -11 -1 1 -5 4 2 -1 1 -1 -2 0 -2 -3 0 -1 1 5 4 12 1 -1 2 1 1 6 -2 -9 -1 -5 -2 2 0 0 -1 -2 1 -5 9 7 -3 -3 1 3 0 12 1 2 2 3 3 -1 3 1 3 0 1 -2 0 0 -1 -4 0 1 1 0 10 1 12 -1 -1 4 3 -5 2 0 1 -3 2 -1 -1 -2 -1 -2 4 0 3 1 4 -1 1 17 6 -9 -2 9 -2 5 -1 0 -2 2 -2 6 -1 3 -1 -1 0 3 4 -4 2 1 3 2 7 4 -4 0 2 0 1 -1 2 -6 -4 0 -4 -6 -1 -2 1 1 1 0 2 1 4 0 1 -3 0 -3 6 1 2 2 -9 1 1 -3 -4 -1 4 -8 1 0 4 -6 -3 1 3 -1 1 3 1 -2 -5 1 -6 -1 -2 0 0 -1 2 -1 1 0 2 -2 4 -4 0 0 2 0 -2 -3 0 -2 -4 1 -7 2 4 -1 -8
L 1 42 0 20 -1 1 0 0 6 -6 0 3 -1 -1 -2 2 -7 -3 -7 1 -6 7 3 -2 -4 -7 -1 -3 -6 1 7 10 -5 6 1 -2 1 4 -1 3 1 3 1 -1 -3 -3 -7 -2 1 0 -2 1 1 -1 3 3 5 -5 1 1 -1 8 0 3 -4 -2 0 2 2 1 -3 -4 0 1 -4 -1 -3 2 -5 -3 1 5 6 4 -3 -2 0 -6 6 -1 4 0 -4 0 0 2 6 1 -18 2 -2 3 -1 -4 4 0 6 -2 3 3 -5 3 -2 6 -2 -5 4 1 -1 2 -3 -3 -3 -7 0 -3 1 -1 -1 1 0 -3 -6 -1 0 -2 1 -3 4 -1 -5 -3 -4 -2 -2 -4 -2 2 3 -1 -13 -2 5 5 1 -1 -1 0 -3 3 2 -6 9 0 4 2 3 10 1 5 0 15 1 0 1 6 -7 3 2 8 6 2 1 -7 2 0 -4 1 1 -3 -2 -1 7 1 1 -2 -1 1 -2 10 2 -3 3 -3 -1 5 -3 5 -1 -4 -1 -3 6 3 1 -1 4 -6 -1 1 4 -3 3 -1 1 -2 0 1 4 3 1 1 3 5 -7 -24 2 -1 -3 -2 0 -2 -1 2 1 -6 3 -2 2 -2 -4 2 -11 -8 1 -2 1 3 2 13 -18 4 15 -5 5 0 0 5 2 -2 -1 3 0 -1 2 -7 2 -6 -6 -7 -13 -3 10 5 -3 -2 -2 1 7 -1 4 1 -4 1 -7 2 -2 2 -10 4 -1 1 14 3 1 -1 2 3 3 2 -3 0 3 29 3 0 -1 0 -19 2 1 2 -9 3 -3 -4 4 10 -2 5 -3 -4 2 1 3 -2 3 -1 0 -6 -3 5 -5 4 -8 -1 -2 -9 1 2 14 -2 -1 0 2 0 1 0 -3 -6 4 1 -1 -1 3 -2 0 -2 1 7 0 -1 -2 4 2 -10 3 0 3 0 -3 2 1 2 20 7 -1 1 -2 1 3 -1 -1 1 -2 4 3 -2 1 0 -4 -3 -6 -6 0 -5 -3 0 -10 4 3 0 7 2 -4 -1 1 4 2 0 7 -6 -11 4 4 -2 4 2 1 -2 0 -2 0 -4 3 -5 0 16 -10 4 5 -4 -3 -2 1 -7 -2 -3 -2 -6 3 -12 2 1 -3 -4 -11 -1 4 -2 4 -1 1 -1 2 0 4 -4 -2 -8 1 -4 2 2 -20 -17 6 2 -9 5 -3 1 2 4 -2 -1 1 -5 -2 4 1 0 0 -7 1 -3 0 -2 -1 0 -5 3 3 0 0 -5 0 -3 3 6 -1 5 19 3 4 0 0 -5 4 -3 -2 -4 4 3 7 -1 3 -16 0 -1 -4 9 0 -3 2 0 3 -2 0 0 1 -13 8 0 -3 -3 1 -4 -6 1 0 10 0 -6 -4 4 1 0 2 -4 -1 1 -1 -2 2 3 2 2 -2 -1 -3 2 5 0 8 0 1 1 -2 -2 0 -8
L 1 43 0 34 -1 -9 0 -7 -4 1 0 5 0 0 1 -7 -2 -4 2 14 -2 -3 -1 -2 -1 -3 1 3 -2 2 3 0 -5 2 6 -1 0 2 3 7 2 1 -1 5 -3 0 -10 5 0 -11 -5 -3 -7 -3 6 -2 1 12 -23 -1 -1 -8 -1 -3 -4 0 2 -1 -3 6 10 2 3 1 2 2 4 -1 -4 0 1 -2 4 3 0 2 -1 -7 2 2 4 4 -4 -5 -6 0 8 -4 -11 -2 0 0 -4 -3 0 1 0 -3 -4 3 -10 4 8 8 15 -3 3 1 5 1 2 -1 -2 25 -1 2 3 2 -2 2 -1 -2 -2 -3 1 0 -8 -2 13 -1 -2 3 -4 4 2 -5 1 -5 -4 0 -7 -2 -2 0 4 5 -4 0 0 0 0 -5 -1 -1 2 8 -9 0 2 3 0 12 3 -2 -1 -1 3 2 -2 0 4 -2 0 -2 1 -5 3 1 2 -6 -7 -1 0 7 -4 -1 -3 -2 -3 2 -6 -3 3 -11 2 -1 5 5 -3 -3 -3 1 -1 -1 -4 -3 13 2 1 -1 0 3 -5 1 -2 -1 0 0 1 9 4 4 6 13 -6 10 -2 2 -5 1 2 -1 -12 -5 -2 -9 4 1 7 6 -4 5 -11 5 -4 -1 -2 -1 0 5 -4 3 -17 -11 -1 3 1 0 0 1 3 2 -4 1 -2 -3 1 4 -2 4 -2 -5 -9 1 -6 -3 2 5 9 1 0 3 0 1 0 2 2 0 -8 6 -3 1 8 3 3 1 1 -6 -1 1 0 -2 6 11 -4 -4 -3 2 -7 -4 -2 -2 -11 6 -5 1 -2 -7 0 3 -5 -3 6 1 0 -1 -3 -4 5 -3 15 -2 -1 3 0 2 -6 -5 1 -4 3 7 1 -2 2 -1 -4 1 -1 -7 -5 -2 10 -5 0 -1 -3 14 -3 0 -5 -3 0 -1 10 10 2 3 -5 5 2 4 2 1 5 1 3 -2 3 -1 3 -1 -1 1 4 -1 3 1 -3 1 -4 -2 5 -6 -1 -1 3 2 -1 4 -8 0 5 2 -1 -5 2 -9 0 -1 -3 5 2 2 0 5 -5 1 -4 -2 -1 -3 -5 0 0 3 0 -6 7 -9 5 -2 2 -4 5 -5 -1 -5 -5 -2 -3 -10 2 1 -4 2 1 -2 -2 -6 -2 2 0 -5 -4 -2 4 4 0 -4 -2 -1 7 -2 -1 -10 16 0 -10 1 -5 4 4 -4 4 0 -20 0 1 8 6 1 3 2 -3 13 -2 2 -5 -6 0 5 4 -2 3 -6 1 -4 10 1 -1 -1 22 3 7 -3 -1 0 3 -6 0 3 -3 -1 -7 3 2 3 -4 -3 -1 -5 0 -2 0 3 6 -3 26 -1 -3 -2 -10 5 2 1 0 -8 -1 -4 -2 12 1 3 0 -1 0 0 -2 4 3 0 0 -2 7 -6 3 3 -5 0 -3 1 0 4 -1 9 -2 3 -2 -1 0 -8
L 1 44 0 26 -1 -1 2 0 -7 -3 1 1 2 -3 1 -2 -6 -3 -3 0 0 3 2 -2 -2 1 2 2 -1 0 1 7 -3 -1 5 1 0 4 -1 4 -3 0 3 0 1 -2 -5 -6 1 -2 1 1 -3 -7 11 6 2 -18 17 6 -6 1 0 -2 -1 2 1 2 -5 1 9 9 -2 3 -1 -2 -2 3 1 0 1 3 4 -2 0 -2 -1 -7 1 -1 6 3 -5 -4 2 -1 5 -1 3 2 1 1 2 0 3 -1 2 0 0 3 -6 3 1 4 6 -3 1 3 -1 6 0 -4 -3 3 0 0 -1 0 0 4 -2 -3 -15 -2 -1 -5 -2 -4 -5 1 -7 -5 -5 -2 -3 -5 -2 3 5 -1 -4 0 3 3 3 2 -1 -4 -5 5 1 -3 6 6 0 4 1 0 -2 3 2 6 0 -2 0 6 4 9 -2 5 1 2 1 -11 3 1 -4 0 4 1 -2 -2 14 0 4 1 -4 -3 -1 4 3 5 2 1 0 7 2 11 -4 -2 6 1 -10 -1 -2 -2 0 1 1 1 3 -4 -3 3 -3 -1 -1 -2 3 2 3 0 2 4 -13 -8 -4 7 1 1 2 2 -2 -2 -2 -3 4 -1 3 -3 -1 -1 -3 -2 -4 4 -2 -2 4 7 -6 1 4 -2 -3 0 -3 2 2 1 -1 1 0 4 1 2 2 -7 -4 -5 -5 2 -1 4 2 -3 -2 3 8 4 -5 2 3 0 1 1 -1 2 0 3 -4 -2 2 11 -2 1 -2 -3 1 5 -4 -2 -1 17 0 -3 1 2 -22 1 -1 0 -4 2 -3 -6 0 0 -1 2 -2 -1 1 4 2 -6 -2 0 2 -5 -2 2 -4 4 -3 -1 3 2 -3 1 3 0 0 -2 0 2 0 1 -1 -4 2 2 -1 -4 -1 2 -2 -8 -2 7 0 -5 -9 4 4 -8 7 -1 0 -15 -2 -4 -4 -2 -1 1 0 6 -7 -1 4 1 -1 1 1 2 5 -3 -2 -4 8 -1 -9 7 0 -3 -2 0 -17 3 6 1 8 2 -2 -1 -1 -1 3 -2 7 -7 -4 2 4 -2 -5 -1 -5 -1 0 -5 -1 -4 2 -4 2 -6 2 0 -1 0 -2 3 8 -8 -2 1 2 -3 3 -14 0 0 -6 -4 5 -1 2 1 4 -2 2 -2 3 -3 1 -5 -3 -6 -1 -1 2 1 -5 -14 14 3 -12 0 -1 3 2 5 2 -4 1 -2 -3 6 1 -4 0 -11 1 -13 -1 -5 3 -5 -3 -1 3 -2 1 11 3 -1 6 9 1 2 17 -1 1 -1 0 -5 -4 0 -1 -5 4 -1 4 0 1 1 -2 3 -3 6 -4 -2 -1 5 6 -3 1 -2 -2 -1 0 8 3 -2 1 -3 -2 0 0 4 2 -2 -2 2 -1 0 0 -8 -2 0 2 -1 3 -4 6 0 0 -1 0 0 6 2 -3 5 -5 1 -2 0 4 -8
L 1 45 0 31 -1 -1 0 5 10 1 -1 -1 0 0 0 2 4 5 1 -6 1 -9 0 6 3 4 2 -4 1 -3 3 -5 4 -6 -6 2 -1 -2 -2 -3 0 -1 1 -1 3 0 6 -4 0 6 3 1 2 1 -8 0 -2 -2 9 0 1 1 2 -3 2 1 -7 1 1 -4 -7 4 0 -4 3 -4 0 -3 4 -2 4 0 -5 0 0 -2 3 7 -1 -2 -4 -2 5 5 6 1 -7 2 8 1 -1 1 1 1 -5 -2 -1 3 1 -1 9 -2 -4 -4 -13 2 -2 2 0 7 2 1 5 -37 0 -1 -1 -1 3 0 1 2 8 -1 0 0 2 3 -9 0 2 2 2 -3 -1 0 -1 4 5 1 10 -1 -1 0 -5 -11 1 0 2 1 0 3 -3 -2 -1 -2 8 -1 -2 -3 0 -1 -2 1 -1 0 3 -2 -1 -1 -4 1 -2 0 -3 7 0 -1 -2 5 4 0 -9 -7 0 2 4 -1 3 -7 0 -4 -1 13 1 1 -3 -4 2 5 1 2 1 -1 2 5 -5 0 -1 2 -2 -1 -1 1 1 2 0 -1 -2 -6 -2 -4 -7 -9 5 0 3 -1 1 1 -1 -4 6 7 0 2 -2 -1 -4 -4 1 0 9 -2 5 0 1 3 -1 -6 3 -2 4 6 -3 -2 0 0 2 0 -2 -3 4 0 3 6 -2 -3 1 2 2 3 5 -2 7 4 -1 -1 -13 -3 1 -3 3 1 1 -3 5 1 6 -3 2 -4 -6 -6 -1 0 0 2 0 -2 0 1 -3 2 2 0 2 -1 7 3 4 5 8 -4 5 -2 -1 3 4 1 2 4 -3 -3 1 1 1 1 -2 4 -7 1 4 -3 3 -2 5 6 2 5 -1 -4 -1 1 0 4 4 0 -4 6 4 0 -7 1 2 1 -2 -4 1 -3 3 3 -1 1 -7 -6 -2 0 3 0 -3 -4 0 -4 -8 -1 -4 1 -1 1 -3 1 3 0 -1 -2 -3 1 3 2 0 0 -16 5 2 4 -1 -3 10 -4 8 -2 -1 -2 2 4 -2 4 0 0 -2 4 -2 -3 0 -2 4 -1 -2 -8 -1 2 2 3 0 -5 -3 -2 0 4 -5 1 0 2 -5 9 0 1 4 1 1 11 -2 0 7 0 5 -1 -4 5 -1 0 1 7 1 4 0 -2 -1 5 0 1 -5 1 3 -1 -9 0 6 -2 1 -3 -4 -1 -4 5 12 -1 -2 -2 -4 -1 -2 1 1 -2 2 -2 2 5 -1 -2 -5 4 -2 0 -1 5 -8 0 -1 0 -12 0 -4 0 -2 1 -3 7 -1 -1 1 2 3 -2 -3 -5 1 1 3 7 -4 4 1 2 -8 3 -19 0 3 -1 5 -3 -1 0 0 6 2 1 1 -6 3 3 1 -4 2 1 1 1 0 1 1 4 -7 -4 3 -2 0 -1 2 -2 -1 -2 3 -7 1 0 3 2 -2 -8
L 1 46 0 10 1 -6 -3 0 9 1 -1 0 -2 0 -1 1 4 6 -2 2 -1 -5 -3 5 2 -4 -3 -8 0 -3 4 -3 1 1 -6 1 -2 -5 -2 -5 3 2 -2 -4 -1 3 2 3 1 0 1 1 1 7 -6 -6 -1 16 -6 -2 2 3 1 1 -2 -2 -2 -1 3 -4 -16 -5 -1 -6 0 -1 2 -2 -2 -1 8 1 -3 4 -1 4 1 5 -2 0 -2 -4 5 9 3 2 -7 1 -11 -1 -4 2 -3 -3 -2 -1 -1 0 4 -5 6 -3 -4 -1 -11 3 0 -2 2 3 -1 2 5 -27 1 0 -1 -1 4 -4 1 4 9 0 0 5 4 1 7 0 5 4 3 -1 2 7 1 2 -1 3 -4 -4 1 -2 -4 1 2 2 3 -1 -2 3 -6 -4 3 -3 5 4 4 -1 -1 6 1 -1 1 -3 6 -8 2 1 1 1 -1 5 -5 -3 3 -1 -3 2 5 3 -15 -2 -2 2 4 3 1 -5 -2 2 -1 10 0 -2 -6 -11 2 2 -3 0 12 1 4 3 -7 -3 -2 1 -1 2 2 -2 3 0 0 -1 -3 1 -2 -2 -3 -5 6 8 3 -6 -2 2 2 -1 12 3 1 0 -6 1 -2 1 1 0 0 0 6 -3 5 4 -6 -8 7 -2 13 1 3 -1 2 -1 0 1 -1 1 1 -4 0 -5 -2 0 2 7 2 -4 -1 -3 3 2 1 -2 -12 -7 2 -3 -3 2 -1 -3 2 -1 -3 -3 3 0 -1 -8 4 -1 4 2 1 -5 3 1 -1 -2 1 2 0 -1 15 4 3 2 9 -3 2 3 0 3 1 -1 -3 1 -1 -5 1 1 3 0 -3 3 0 1 3 -2 0 -2 -3 1 6 0 3 -5 -1 2 1 4 6 1 -2 2 1 -3 -3 2 -1 -2 -2 4 4 -4 4 5 4 -5 -5 -1 -8 -1 2 13 -1 4 2 2 11 1 -1 -8 6 -1 -4 -3 1 2 0 8 -4 0 1 2 -10 -2 -5 -6 -1 4 -1 -1 12 -4 -1 -3 -4 -3 1 2 0 1 -2 2 -6 3 -7 -5 0 0 3 -1 1 4 2 1 0 3 -3 -1 -5 10 -8 4 -2 -1 2 -1 -8 16 1 1 0 1 -2 13 -3 1 6 3 -9 -1 -3 3 -3 2 1 7 1 3 -1 1 1 7 0 -2 0 0 -7 17 -14 -3 14 4 -1 -5 -2 -4 -6 6 5 0 -1 -4 -2 3 -3 11 1 11 4 1 -1 3 1 1 -5 1 -4 -12 1 2 -7 -4 0 1 -8 3 0 1 -1 3 4 1 2 5 -3 0 -1 -4 -1 -14 3 -2 2 -1 2 3 5 -3 -4 1 -7 1 2 -2 5 -6 -4 -1 -1 5 2 1 0 -10 -2 -10 4 -1 0 -1 1 6 1 0 0 2 -3 6 -7 2 -1 0 -1 -1 -5 -5 9 -7 9 -2 3 -3 -4 8
L 1 47 0 59 1 -4 -1 5 2 -3 -1 0 -1 3 -2 0 -2 -7 3 4 -3 3 1 -3 -1 -1 -3 4 -2 1 -1 3 -5 5 4 -3 -1 3 4 3 1 2 -1 -2 -5 -1 -13 1 1 -2 -2 0 -6 0 -2 -3 0 5 -15 -1 -3 -2 -2 -2 -3 0 4 -2 2 4 5 -5 2 2 1 2 -1 -1 -7 1 -3 -3 5 3 -3 0 -4 -4 2 0 2 -1 -2 -2 -4 -1 5 0 -14 -3 1 -2 -2 -3 5 3 0 -2 1 0 -6 2 3 5 8 -4 4 0 3 -2 3 -1 0 8 -2 -1 -3 -2 -2 1 -1 0 6 1 1 -3 -4 -2 6 -2 0 0 -2 3 0 -5 -3 -5 -3 0 -4 -3 -2 2 4 -1 -2 -1 -2 0 0 -5 -1 -3 4 1 -7 13 -1 3 -1 17 4 -4 -1 2 -15 1 1 3 2 -2 -1 12 -2 -9 2 3 1 -6 -9 -3 -1 6 -3 1 -1 0 -3 1 -5 3 2 -5 2 -3 1 5 0 -2 -4 -6 2 4 -3 -5 17 -3 1 -1 2 2 6 -2 -3 2 0 2 2 4 1 3 2 7 1 -10 -3 -3 -4 -1 1 -6 -18 -3 -2 -3 1 -1 4 6 -4 1 -11 -2 -2 -5 -3 2 1 5 -9 2 -5 -17 1 2 3 5 2 -2 4 1 -4 -3 -2 -11 1 -2 0 -6 -9 -2 4 1 -3 -2 2 0 13 6 0 2 -1 3 -3 3 -2 1 -10 3 -5 1 11 0 4 0 3 -1 -1 2 -1 0 4 20 0 2 -4 -1 2 -5 -3 0 -8 5 -5 -1 0 2 -5 -1 -1 -3 6 1 1 4 0 -6 -1 -2 6 0 -3 3 -4 1 -6 -8 0 -1 0 3 1 -2 2 -1 -3 -1 -5 -1 -4 -1 3 -4 3 -1 -3 11 -3 3 -3 1 6 6 -2 9 3 3 -2 6 2 3 3 3 15 2 2 4 1 2 3 -1 -3 -1 -4 -8 1 1 -1 2 -12 -1 5 -3 -1 -3 2 -4 0 5 -1 0 6 0 0 -1 3 -2 1 0 -3 0 0 5 2 3 -3 2 4 -6 -3 2 -2 1 3 2 -1 8 3 -4 6 -1 -3 -3 3 -4 -2 -5 -3 -1 -1 -7 3 0 -2 0 -9 -1 3 -4 -1 0 2 -4 -3 0 1 6 3 -6 0 -4 5 -2 -6 -3 13 0 -5 0 -4 0 0 1 2 -1 -17 3 7 2 3 4 1 0 -1 5 -3 1 -10 -6 -4 3 3 -2 0 -2 -1 -4 3 -2 -2 -1 -7 1 3 -6 1 0 5 -5 -1 4 -1 0 -2 4 0 5 -2 -4 -3 -2 1 -3 1 0 -3 -5 23 1 0 -7 2 0 -3 3 1 -10 -2 -1 0 13 -1 3 -5 -1 1 -2 1 -1 2 0 -3 -3 5 -8 5 0 0 0 -4 3 1 1 1 3 1 4 -3 -4 -2 8
L 1 48 0 19 -1 -7 0 -6 2 2 0 -1 2 -2 0 1 5 7 0 -1 -2 -9 0 7 2 -1 0 -7 0 -5 3 -8 4 -5 -5 3 -4 -2 -2 -2 2 1 1 0 2 2 3 -4 -1 6 1 0 0 3 7 3 -3 8 2 -1 0 5 3 -7 -2 1 -5 2 0 -2 -8 0 -2 -2 0 -4 3 -1 5 0 5 1 -2 -2 0 2 2 2 -2 0 0 -3 4 1 6 4 -6 -1 15 1 -2 2 0 0 -5 -3 -3 2 1 -3 5 3 -4 -1 -6 1 -2 0 -1 10 1 2 4 -31 0 0 2 0 5 -2 2 3 -6 -3 1 3 2 2 2 -3 3 1 3 -2 -1 0 2 6 2 2 3 -4 0 -1 -4 -5 1 1 1 2 -1 1 -3 -1 -2 0 8 7 3 -3 -2 -7 -2 2 -1 -7 8 -3 -2 -1 -2 -1 -2 -2 -3 1 1 -1 -3 5 3 3 -8 -7 -1 2 1 1 3 -5 1 -7 -2 4 1 3 -2 -4 0 3 -1 4 -5 -2 1 2 -8 1 1 2 -1 -1 -7 1 4 -2 1 -3 -1 3 -4 -4 -4 -5 2 15 3 1 -2 2 0 -2 13 0 1 4 -1 1 -2 -1 3 0 10 -2 5 0 2 3 -4 -1 7 -2 12 6 -3 -2 0 -2 2 1 -4 2 2 -1 0 9 -4 1 1 7 -1 0 0 -4 4 1 0 2 -8 -4 -1 -2 2 0 4 0 10 1 2 -3 5 -5 -4 -7 -1 -2 1 1 0 -4 1 2 0 0 2 0 2 0 4 0 5 3 0 -3 4 -3 0 5 6 6 -2 4 -4 -3 0 -2 0 1 0 3 -1 0 0 -2 2 1 3 3 1 4 1 -4 -1 0 -1 2 4 3 1 4 1 -1 -2 3 0 -1 1 4 2 -5 1 0 -2 -3 0 -5 -2 0 3 0 1 -6 -2 -2 -7 1 0 -1 0 2 -1 -2 1 0 1 0 -2 2 0 0 4 2 -12 -3 3 3 0 0 7 -3 0 0 -1 0 1 3 -1 4 2 2 -2 2 0 0 -1 -2 -3 -4 0 10 0 1 0 2 -4 -3 -1 0 -4 -1 -3 0 2 -1 -2 4 0 1 3 0 0 10 -2 1 5 0 3 0 -4 6 -1 -1 2 6 2 3 -1 -3 0 3 -1 1 2 1 8 -7 -4 0 -2 -1 0 -2 -2 -1 -2 5 12 -4 0 1 1 -5 -1 4 1 5 3 0 4 8 -1 -3 -6 2 -1 -8 0 5 -4 0 -1 -1 -10 1 0 2 -2 -2 -2 8 0 -1 -3 0 0 -4 -2 -9 0 3 0 8 -5 3 4 3 -6 3 -13 -1 -2 -8 -5 1 1 -2 -1 7 1 -2 -1 -7 4 -2 -1 -2 2 1 -2 2 3 0 0 4 -5 0 0 0 -4 0 1 -2 -3 -2 2 -4 1 -2 4 1 -4 -8
L 1 49 0 48 1 14 3 -1 0 2 0 -2 0 0 0 -2 7 2 1 -2 3 -10 -2 2 0 3 3 2 1 3 -11 -8 9 -11 -5 2 4 -3 0 -4 1 -2 3 4 2 3 8 3 -2 10 2 -6 4 -2 -8 3 -2 7 -7 -3 5 3 0 -4 3 1 -5 0 -1 0 -2 -3 -1 2 0 -1 2 -1 5 1 -7 -2 -4 -5 -1 -2 3 6 0 1 -6 -1 2 -2 -4 2 -4 0 22 3 1 -1 1 5 0 -1 -6 2 -1 3 -4 6 2 -8 -4 1 -1 -2 -6 0 1 5 2 -13 0 1 2 2 3 -1 1 -2 3 -2 3 2 -1 6 -5 -3 1 2 3 0 -6 -5 3 3 3 1 2 4 0 -2 -4 -8 -2 5 2 -4 0 3 1 -3 -4 0 2 -11 -1 -7 -2 -15 -2 7 1 -6 -6 -3 -2 -5 -7 -3 -1 3 1 -1 1 -1 -4 3 1 1 -4 -3 -2 1 3 0 4 -2 0 -17 -4 -14 0 1 0 -1 0 3 -1 0 -4 -3 1 1 -2 4 1 0 -3 1 -5 1 3 -1 2 2 0 -7 -7 -3 -5 -8 12 5 2 3 -1 -3 -9 -3 9 6 3 10 1 -1 -5 -3 2 0 9 1 0 3 1 -1 2 1 5 -2 -14 19 -3 -1 -3 -5 0 -1 -2 -2 2 -3 1 8 -2 8 3 1 4 0 5 -4 -7 2 1 -5 -7 2 2 -3 2 -2 3 2 12 -2 8 -3 3 -4 1 -9 -4 -5 -1 1 0 -2 3 1 -2 -17 -2 1 4 -2 4 0 1 0 -3 -4 7 2 -1 6 5 2 7 5 -8 3 -2 5 -2 3 2 3 -3 -2 3 -3 4 5 3 2 -3 3 -2 3 0 4 -4 -6 -4 1 3 7 0 0 -2 8 2 -1 10 1 1 -8 -3 0 1 -2 -7 3 -4 2 1 1 2 -8 0 -1 -15 -2 0 2 0 2 -1 1 -1 -2 0 -20 -1 3 4 1 4 3 7 -1 4 4 4 1 6 2 -1 -4 -4 -2 1 1 0 9 2 0 0 7 9 -3 -6 -1 -1 0 6 -6 -1 3 2 2 -1 2 3 1 12 -3 -2 2 1 -2 -5 -2 -1 4 1 4 4 9 1 0 7 0 8 1 3 3 -1 0 -1 1 0 4 -3 1 2 2 1 2 -4 0 31 -10 -2 0 2 -9 6 0 -5 1 1 0 13 -3 2 -3 0 -6 3 -9 -2 -3 -2 2 -3 12 3 -3 -1 2 3 1 -4 4 -7 -5 2 -4 -12 -3 -4 1 1 1 -2 5 -3 -4 3 2 0 -2 -1 18 1 1 3 -2 -4 1 -1 2 -7 6 -7 2 1 7 -12 -7 4 5 -1 1 2 2 -1 1 2 6 -3 -3 0 4 0 0 0 1 -2 2 -5 3 6 0 -4 1 2 -3 -3 -1 -1 -4 -3 -3 3 4 -3 8
L 1 50 0 9 1 -7 0 -2 3 -4 0 3 1 -1 3 -2 -2 -2 -4 5 -1 4 2 -1 -1 -3 0 0 -1 -1 10 6 -10 6 6 -2 -1 5 1 2 2 3 -1 -1 -1 -3 -10 -2 3 -7 -2 2 -4 0 3 -1 5 -6 0 3 -5 -5 1 4 -5 -1 2 1 -1 1 4 7 2 2 -1 -1 2 0 -4 0 7 1 5 4 -3 1 0 -7 3 0 7 0 -5 -3 1 -1 1 -1 -19 -2 -4 2 -2 -5 1 3 4 -1 0 0 -6 -1 0 10 8 -4 3 2 5 6 -3 -3 -2 13 1 0 0 -1 -2 2 -1 -1 3 -1 -3 -2 -4 -4 9 1 -3 0 -4 0 1 -1 -1 1 0 2 -8 0 0 2 3 7 -3 -1 -2 6 0 -5 3 3 4 2 -2 3 0 7 1 19 2 -5 1 7 9 2 2 5 5 4 2 -7 1 -3 -2 0 3 -1 -2 -2 -2 3 2 -4 -2 -1 -2 5 -3 5 5 -2 0 4 -1 -2 -3 -3 -1 -3 7 1 -2 -2 8 -2 -1 0 4 -2 1 2 -3 0 -2 -2 1 7 5 3 4 7 -14 -24 -3 3 -3 -1 6 5 -8 -1 -3 -10 2 0 4 1 -2 2 -10 -2 -3 1 -2 0 1 4 -8 1 2 -9 2 1 0 7 2 3 1 4 -2 0 0 -6 1 -8 -5 -2 -9 -1 -6 5 -1 -4 2 2 2 -1 -1 4 -2 2 -5 -2 7 1 -7 3 -4 -1 9 4 5 -1 0 -1 2 1 -2 0 3 24 -1 -3 -2 1 -16 2 -1 1 -7 5 -6 -2 2 -3 -1 1 -7 -4 6 -1 3 -6 0 -2 2 -5 2 2 -2 2 -5 -4 -3 -4 1 0 12 0 0 -3 1 3 1 2 -3 -5 -1 1 2 -5 0 2 -7 -2 -2 7 -1 -2 -5 3 7 -2 3 0 0 2 -2 5 -1 4 17 4 0 1 0 -2 5 0 -3 4 3 15 4 -4 -1 -2 -4 -2 -15 -6 0 -2 -3 0 -13 -3 -3 0 5 1 -2 -1 -1 -6 1 0 2 4 -8 -1 6 1 4 3 0 -6 0 -4 -2 -3 1 -3 -1 -1 -4 2 2 -2 -1 -4 5 3 -1 -4 -2 -5 -2 -13 -2 2 -5 -2 -3 -3 -1 -4 -1 -1 2 0 1 -4 3 -3 -3 -5 -3 0 4 1 -19 -8 12 2 -5 5 -7 2 4 -2 2 0 -11 0 -3 6 2 0 2 -1 1 5 -1 -3 -1 -8 -2 6 3 -3 -2 2 5 -5 5 7 0 4 22 1 6 -1 -2 -2 3 -6 2 -1 0 0 1 1 0 -11 -1 -3 -3 -1 1 -1 1 0 5 -5 11 -1 -2 -8 2 9 -3 -3 0 -2 -3 -2 -1 4 2 -9 -3 2 -1 -2 0 -2 -2 0 0 -3 3 -7 -2 3 -1 0 -3 2 3 0 6 5 3 2 -2 -3 3 8
L 1 51 0 0 1 6 2 0 2 2 1 0 1 -1 1 -4 6 7 -4 1 3 -11 -3 4 1 -1 2 -7 2 1 -5 0 4 -11 -4 4 2 -4 -3 -5 3 1 3 -1 -1 4 7 2 1 2 3 -3 2 1 -4 1 0 11 -1 3 1 2 3 1 0 -1 -6 0 -4 -4 -12 3 -4 0 0 -2 3 1 3 -2 6 3 -4 -2 -2 2 2 6 -1 0 -1 -2 2 4 2 3 -5 0 3 2 -2 3 -2 2 2 -3 -2 3 4 0 -3 1 -1 -4 -6 4 0 -1 -2 9 -2 3 2 -26 2 1 2 2 5 -3 0 -1 1 -3 0 2 2 2 2 -1 0 3 3 -2 -5 1 1 7 5 4 -10 0 3 0 -6 3 -2 5 2 -1 -1 5 -1 2 1 0 7 -16 2 -4 2 -1 -1 2 3 -4 10 -1 -1 1 -3 3 -1 -9 0 -3 1 -3 -3 7 5 3 -9 -1 1 1 2 1 5 -2 0 -8 0 -3 -1 3 -5 -7 -1 2 1 2 4 -4 3 3 -13 4 0 1 -1 0 -7 1 3 0 2 -3 -1 -5 -4 -3 -4 -7 2 4 0 3 -1 0 -3 4 25 4 2 3 -3 -1 -1 -4 1 -1 3 0 1 4 4 1 -2 -4 12 -3 0 22 -1 -2 -3 -4 1 4 -4 -1 4 -4 2 2 -3 2 0 7 3 -3 -6 -4 -3 1 0 -4 -14 -5 -1 -3 1 0 3 -2 12 -2 7 -2 2 -5 1 -4 0 -3 2 -1 3 -4 2 -1 -4 -8 -2 0 5 1 -2 6 3 0 6 -4 6 2 1 6 5 3 -1 4 -6 0 1 -1 1 2 2 0 -2 1 3 -1 1 0 2 6 0 3 9 1 -2 4 -2 1 2 2 0 3 2 -1 -3 6 -1 -1 3 -2 3 -5 2 1 -4 -7 -6 -1 -6 -1 3 2 -1 -1 0 -1 -1 0 -1 -6 2 -3 -3 0 -2 2 4 0 -2 -1 4 0 2 1 -3 -4 2 5 0 2 2 2 -1 -6 -4 -3 0 -1 -2 4 0 0 1 6 -6 -9 0 -1 0 0 0 -3 5 -3 1 -1 -2 -2 -2 5 4 0 -4 1 2 -1 -6 11 -1 6 1 1 4 9 -2 1 7 1 3 -2 -2 4 -3 2 1 7 4 3 -1 -3 -1 5 0 0 -1 2 14 4 -6 0 8 -2 2 -3 -3 -3 -4 2 14 -4 -4 -1 -1 -5 -1 0 0 1 3 -1 0 9 4 -1 -2 1 0 1 1 2 -8 -1 4 -2 8 -2 -2 2 0 0 0 3 -1 -2 3 1 1 -5 -4 1 3 0 2 -2 -3 3 2 3 -1 2 -8 0 1 7 -8 -3 3 2 -3 3 1 2 -2 -9 1 -9 4 -2 -2 4 0 1 0 2 0 3 -3 9 0 3 -5 1 0 -4 -4 -4 8 -3 3 -4 4 1 -3 8
L 1 52 0 43 -1 9 2 -5 -4 4 1 -3 0 -1 1 1 3 4 0 -7 4 -2 0 0 0 4 2 1 4 3 -5 -6 7 -3 -3 1 3 -3 -2 -2 -2 -4 2 5 4 1 14 2 -3 4 1 -2 7 0 -4 2 -1 -3 6 -3 5 -1 0 2 5 1 -4 0 0 -2 1 2 0 0 0 1 2 2 7 1 -5 -1 -6 -4 4 -2 4 5 -1 1 -6 1 3 -2 0 0 -2 0 20 3 2 -1 3 6 -6 -1 -2 2 -4 1 7 -2 1 -8 -4 4 -4 -2 -6 -5 -2 3 -1 14 1 1 4 2 -1 0 2 -1 -1 1 0 3 3 4 -7 0 2 0 2 -1 -1 2 3 0 0 -2 11 7 -1 -3 -3 -1 1 2 2 -2 0 5 1 1 -6 -1 2 -17 0 -4 0 -26 -4 6 0 -4 7 -1 -2 -8 -3 -1 0 -7 3 11 -2 -2 -2 4 7 3 1 -3 3 -3 1 0 3 0 4 -9 -2 -4 -1 -1 2 -4 2 2 1 5 -4 -3 1 4 -11 6 0 -2 -4 1 -4 0 2 -1 0 0 -2 -7 -2 -1 0 -6 6 9 4 4 6 0 -6 4 10 3 3 5 1 0 -5 -4 5 -1 13 5 1 4 2 -5 0 -4 8 -2 -11 19 -3 -2 -1 -7 -3 1 -1 -2 2 3 1 13 -2 7 2 3 11 3 -3 -3 0 1 -2 -1 -9 -4 4 -1 1 -4 3 -1 1 -3 12 -3 6 1 -13 -4 -5 1 -4 1 0 -2 1 0 -3 -34 0 -1 3 0 3 2 0 -3 4 -5 5 4 -1 -5 5 0 5 3 -7 1 -4 0 -1 6 0 5 -5 -3 3 -4 6 3 6 5 -3 -1 -5 3 -1 3 -2 -3 -4 -1 6 2 2 2 0 6 -1 0 7 -7 2 -5 -1 -1 -1 -5 1 -1 -2 -1 -1 -5 0 -4 -1 -3 -25 -3 -2 -3 0 0 -4 3 2 -2 2 -1 -1 -1 1 -1 12 3 8 2 0 2 1 4 4 -4 -1 1 -8 -1 2 1 -2 1 -2 -1 1 4 10 -1 -6 -1 4 0 -1 3 2 2 2 0 -2 2 4 -12 4 1 -4 2 2 0 -4 -3 2 4 1 3 0 8 -2 -1 2 1 11 2 -1 1 0 1 -4 -1 -1 0 -2 -1 -1 5 2 7 -6 1 18 -1 -12 -1 4 -4 7 0 0 -1 1 -3 12 -1 -2 -3 -1 -4 0 -2 -3 -4 0 2 7 8 5 -5 0 2 2 3 -2 4 -3 -1 1 -2 2 -3 -3 5 0 1 -5 5 -1 -2 0 1 0 -1 1 7 1 4 4 -3 1 2 -5 -2 2 7 -19 0 1 11 -7 -2 4 0 -1 7 3 2 0 -8 1 6 4 -1 0 2 -2 1 -1 0 1 3 -4 6 -4 -1 1 1 5 -2 -1 1 -6 0 -4 -6 1 5 2 -8
L 1 53 0 8 1 -5 1 -4 9 1 -1 -3 1 -1 3 1 2 10 -4 -5 0 -4 1 5 4 3 -1 -7 2 -4 9 -4 0 3 -5 -1 1 1 -1 -3 0 1 1 1 6 1 1 -3 1 3 -2 2 2 5 -6 1 2 -1 9 0 2 -1 4 6 3 -1 -6 1 1 -4 -10 2 0 -1 1 -2 4 -1 3 0 7 1 -3 0 2 0 2 4 2 -2 2 -4 6 2 4 3 -5 -1 0 1 -4 3 0 2 -11 -4 0 4 2 -2 9 -6 -3 -4 -7 3 0 0 -1 11 -2 2 3 -10 3 -2 5 0 0 1 3 4 4 0 -1 2 4 2 1 0 5 3 4 -3 -1 2 -1 2 0 2 8 2 1 -1 -6 3 2 4 2 4 1 1 -1 0 0 -2 7 -4 5 0 2 -6 -3 -1 0 0 17 -5 -3 -3 0 3 -1 -6 -4 5 -2 0 -2 4 10 3 -12 -5 3 -4 2 -1 1 0 0 -4 2 4 0 0 -4 -15 4 2 -2 5 9 -3 2 4 -7 1 0 -1 -3 -1 -1 0 2 -1 4 -6 -2 -2 4 -1 -2 -8 1 -14 7 -2 1 -1 3 5 12 3 0 -1 0 -2 -4 -4 4 -2 7 -2 6 3 2 2 -2 -7 7 -4 5 12 2 -5 4 1 1 3 0 0 3 3 2 6 -3 -2 0 5 0 2 -6 -3 3 1 -1 -3 -15 -12 2 0 -1 -2 -2 -1 15 -2 4 -1 7 -6 -7 -9 0 1 -1 3 1 -6 1 0 0 -9 3 -2 1 0 -1 5 1 -1 3 -5 3 1 2 2 6 1 -4 1 -4 -4 0 -3 2 5 -1 1 -6 3 1 -3 1 -1 3 -1 3 3 6 -2 -4 0 0 2 -2 2 0 1 2 1 -1 2 -3 -2 -3 -11 2 0 2 2 -2 -4 1 -4 2 -4 1 0 -3 1 0 -2 -3 1 -2 -7 2 -1 0 1 1 2 2 15 -1 -3 0 1 6 1 -16 -5 0 0 -5 -2 1 -10 -4 0 -5 -4 0 4 -1 2 0 -2 -4 8 -6 -3 -1 0 12 -2 3 2 3 -2 1 0 -6 -2 -1 0 -8 5 -5 -2 2 -3 -2 11 2 -2 0 0 -1 13 -3 -2 2 1 3 -1 -4 4 -4 2 -2 6 4 -1 1 -4 -3 2 -1 2 -1 4 -2 0 -11 1 6 2 1 -2 2 -5 -1 0 13 -6 -3 3 -1 -3 1 7 2 5 4 -1 9 4 1 -4 -5 4 -1 -1 1 4 -6 4 -2 -2 12 1 1 1 -1 1 -3 3 0 2 -3 2 2 -4 -6 -15 0 3 2 4 0 4 -1 -4 0 4 -22 -2 -2 -6 -1 4 0 -1 -3 8 1 -2 1 -12 3 -9 -2 -1 1 0 -2 2 0 -2 2 6 -6 3 -11 0 0 2 1 0 -1 -3 3 -2 1 -7 2 1 1 8
L 1 54 0 58 1 2 -2 0 7 1 -1 -2 -2 1 -3 4 5 2 4 -1 -2 -3 -1 3 2 0 -2 0 -1 -1 -1 -10 6 1 -7 -1 0 -3 1 -5 1 0 -2 0 2 2 3 4 -2 7 1 -1 3 5 -10 -3 -4 13 -12 -7 5 4 0 -3 1 0 -3 -1 5 0 -7 -10 2 -4 1 0 0 -3 0 1 -4 -4 -4 0 0 0 2 6 -1 1 -6 -3 4 3 -2 0 -6 1 8 -1 0 -2 0 1 -4 0 -4 -1 0 -2 6 2 -2 -5 -9 1 -2 -3 -2 -6 2 4 5 -14 -1 0 0 -1 1 -3 2 3 11 2 2 5 2 4 -1 -3 6 2 4 1 1 2 2 -2 -3 1 7 0 -2 -4 -2 -9 2 2 3 -4 -1 2 -3 -8 -2 -5 0 10 1 -3 -3 -8 0 4 -2 -6 -9 -10 2 -5 -3 -4 -2 15 -4 -2 3 1 -3 -1 1 1 -10 -3 -4 0 5 2 1 -4 -3 -7 -5 -2 1 -5 -1 -6 4 3 -5 -2 4 2 2 2 3 -3 0 0 -3 4 4 -2 4 0 0 4 -2 -3 -4 -1 -5 -6 16 8 5 -6 -1 -1 -4 -7 -3 5 2 8 -2 1 -6 2 2 1 6 1 5 -4 2 2 -3 -4 0 0 1 -1 0 0 2 -2 -1 -4 0 -1 -1 -3 -1 1 -1 6 5 0 3 -1 10 -3 -1 3 0 -3 -5 0 5 -3 -2 0 0 1 3 -1 -1 -3 3 1 -1 -11 0 -1 2 5 -2 -3 3 3 1 -11 1 3 0 -4 21 -2 2 2 2 -2 3 3 -2 3 1 -2 5 1 -2 -2 -1 8 1 0 -3 6 -2 -2 3 -4 3 2 0 -3 3 0 -7 -2 1 1 -1 -2 0 0 1 6 -1 -2 -1 4 3 -2 4 7 2 -8 -1 4 8 0 -8 4 -7 2 1 12 2 -2 3 2 -3 -1 1 -1 5 4 -3 -2 1 -2 -3 -10 -4 4 1 3 -8 0 6 -2 2 2 3 -3 16 -2 -1 -1 -4 -2 2 3 3 6 0 2 -7 3 8 2 -5 0 2 -1 7 1 -3 6 0 5 -2 2 0 6 -1 2 1 0 1 -2 -9 4 1 -1 -1 4 0 13 0 -1 6 3 -4 3 1 1 -2 1 -1 1 -4 4 -2 5 4 4 1 -1 -3 -2 9 4 -11 -3 7 -2 3 -3 -2 0 -2 4 5 0 5 -6 -2 2 0 3 -2 6 0 4 -4 7 1 -2 -4 2 -1 -11 -4 4 -6 -8 -2 -2 -28 1 -2 0 0 4 4 2 -1 2 -2 1 -2 -1 2 2 2 -1 3 -1 1 2 2 -4 -10 4 -6 2 2 -3 2 -10 -3 2 0 4 3 1 1 -1 0 4 -3 -3 2 -1 1 5 2 0 -2 1 -4 0 -1 -1 1 1 0 0 -5 -2 2 -8 3 0 3 0 -4 8
L 1 55 0 35 -1 -2 0 -9 0 5 1 -2 0 0 1 0 5 5 2 -2 0 -9 0 2 1 1 -1 -2 2 -1 -2 -9 4 -3 -2 -1 -2 -2 1 -2 3 -1 0 3 0 3 6 2 -3 2 1 -2 0 3 1 1 -3 14 -12 -5 3 -4 1 -2 1 1 -4 -2 1 -1 -3 -2 2 0 0 1 6 1 6 2 -1 -2 -4 -3 1 2 3 3 0 0 -2 -3 5 -3 1 3 -4 -2 13 1 0 -2 1 2 -6 -2 -4 2 -4 -3 6 0 1 -4 -1 3 -2 -3 -3 3 0 3 2 3 0 0 4 2 2 -3 2 0 3 0 1 3 2 4 6 -2 4 3 2 1 -1 -1 3 0 -3 0 6 2 -3 -3 -3 -1 0 3 4 -1 -1 2 -5 -1 -3 0 3 -5 3 -4 -2 -16 -3 3 0 -9 4 -4 -2 -6 -2 -2 -2 0 -1 2 1 0 -5 2 3 6 -12 -2 -1 -1 0 1 2 -3 0 -13 0 -5 -1 -2 1 -6 2 2 -5 4 -3 -2 0 1 -5 3 1 -2 -2 2 -5 -1 1 0 1 -1 -1 0 -2 -2 0 -3 8 15 3 1 2 0 -4 1 7 -2 1 0 0 0 -2 0 4 -1 9 2 4 0 1 -1 -3 -3 9 -3 -9 9 -5 -1 2 -4 -1 1 0 -1 -1 -1 1 7 -4 8 2 7 5 -1 -4 -5 -1 -1 2 1 -8 -5 4 0 1 0 3 0 8 -2 6 -3 8 -3 -6 -8 -2 -1 -1 0 0 -6 3 0 1 -21 1 0 0 1 9 -1 2 -1 -1 -2 4 2 -1 -4 5 4 0 2 -3 -2 -2 0 -1 2 0 3 3 -4 3 -5 3 4 0 -1 1 0 0 3 -1 1 -2 -2 -4 0 3 3 -2 -1 4 5 0 -2 6 8 1 -7 -2 1 4 -5 0 5 -3 1 0 5 2 -3 0 -1 -14 0 0 -4 3 1 -2 0 -1 -1 0 -2 -2 1 -1 0 5 5 3 -8 2 2 4 3 11 -4 -6 0 -6 1 2 2 1 2 -1 2 -3 7 7 0 -6 1 0 -3 1 7 2 2 1 2 -3 2 2 -5 2 -4 -1 1 2 -5 -3 2 1 0 0 4 -3 12 -2 -1 4 2 5 2 -3 1 -3 1 0 1 0 1 -2 3 1 3 1 5 2 0 16 -3 -7 -2 1 -3 4 -1 0 -4 1 1 3 -2 1 1 2 -2 1 7 -3 11 2 3 2 8 3 -4 -3 1 0 -7 -2 2 -5 -2 -2 -3 -8 0 0 2 1 1 -2 5 1 2 -5 1 -5 -1 -2 0 0 3 1 -2 1 2 0 -1 -3 4 -5 0 -2 0 -11 0 3 1 -2 3 2 -1 -1 -3 3 4 0 -3 1 1 -4 4 4 0 0 2 -2 2 -3 0 -2 1 1 -2 -5 0 -2 1 1 -5 4 3 -2 -8
L 1 56 0 49 1 7 3 2 -6 -2 1 2 1 -2 -2 -3 -1 -8 -1 4 -1 0 1 -3 -4 -1 2 6 -2 5 -5 5 -1 -6 5 -1 2 2 1 5 -1 0 2 3 -3 0 -8 3 -1 -1 -1 -2 -5 -5 1 1 1 3 -12 1 -6 -2 0 -3 -3 1 2 -1 -3 3 9 1 -1 4 0 1 2 1 -3 1 -5 0 3 -1 -2 -2 -2 -3 2 -1 0 3 -4 -5 -6 -1 8 -1 -1 1 2 -1 -1 -1 6 4 0 -2 0 4 -17 8 5 5 12 -4 4 0 0 -2 2 0 -3 10 0 0 -1 0 -1 1 0 -3 1 -2 1 -3 -5 -2 1 -2 -5 -1 -2 2 -3 -9 -1 -1 0 0 -10 0 1 4 4 -1 -5 1 -2 0 1 -3 3 2 3 5 -6 -3 -2 1 -1 10 5 1 1 1 -13 3 1 3 1 -2 1 0 1 -7 0 0 3 -3 -9 -4 4 5 -1 2 -2 -1 -2 3 -1 -6 2 -18 2 2 3 7 0 -2 1 -4 -2 0 -3 -3 11 1 1 0 1 1 1 0 -3 -1 0 0 4 2 -1 1 3 5 -1 -7 -4 2 -5 -2 -4 -4 -9 -2 -1 -2 3 0 4 1 -4 3 -9 -1 -5 0 -2 0 3 11 -5 2 -14 -2 -1 2 -3 2 1 -2 2 1 -3 -1 -1 -5 1 2 -1 -7 -6 -3 1 2 -8 -2 1 5 12 5 1 4 2 2 -1 2 6 1 -2 4 -3 2 15 3 1 -1 0 -1 0 4 -1 -2 2 15 -2 -1 0 0 -12 -3 -3 0 -12 3 -4 0 -1 3 -1 4 1 0 4 4 0 2 -3 -3 3 -4 4 0 -2 3 -2 3 -3 -1 -3 0 4 5 1 1 0 -3 -5 0 0 -2 -1 2 2 -1 3 0 2 6 -2 3 -4 -4 -3 3 1 4 1 2 -1 1 1 -1 2 3 2 0 0 6 -1 -2 3 1 -2 -1 -1 -15 4 -1 2 0 -3 0 6 -3 0 -2 4 0 -7 9 -2 0 6 0 -1 -3 0 2 1 -1 3 5 5 2 3 3 -7 3 2 -13 -1 0 0 0 5 1 2 2 12 -8 5 1 -1 -4 5 -9 -4 -1 -3 -1 1 -12 3 3 -3 -1 3 -2 6 -2 1 0 1 -3 -3 1 1 2 2 -6 1 -3 1 0 11 -16 19 1 -10 -2 -2 3 -1 3 4 -2 -14 1 3 2 4 -1 2 -11 -2 -3 -4 -1 -9 -2 0 3 6 -3 2 3 -1 -3 4 1 0 0 10 -2 3 -3 2 -3 1 -3 -3 -1 2 -1 -1 2 2 16 -3 -2 -2 -5 0 -4 -2 5 1 -4 23 0 -1 2 -9 4 1 2 1 -7 -3 -1 -2 13 0 6 -3 0 0 1 2 -2 1 0 -2 -4 3 -8 9 1 -2 1 -3 1 3 1 1 4 -4 1 -1 -2 1 8
L 1 57 0 27 -1 4 2 -3 -1 1 1 -1 1 -3 0 2 2 6 -2 -6 2 -2 0 4 2 3 3 -4 1 -1 1 -4 7 -5 -6 5 1 -3 -5 -1 -3 -1 2 2 5 1 10 -2 -1 6 1 0 7 -1 2 5 -1 -9 20 0 2 7 2 -2 3 1 -4 3 -1 -2 -5 4 -3 -2 1 -4 0 1 6 -1 1 2 -4 -4 2 -2 4 4 -3 0 -3 0 3 3 4 1 -4 0 22 3 0 3 2 3 -4 -3 -2 2 0 1 6 1 -3 -6 -10 2 -3 1 -4 3 -1 2 1 -19 2 0 2 1 3 0 2 1 -10 -2 0 2 4 3 -12 0 1 -2 2 -3 -2 4 2 5 5 0 9 2 2 -1 -3 -4 3 1 -1 1 0 4 3 1 -4 0 6 -5 1 -3 1 -18 -3 5 -1 -2 10 0 -1 -3 -4 0 0 -9 1 8 -2 -3 0 6 7 1 5 -8 4 1 2 -1 5 -2 5 -4 -3 6 0 4 -1 0 0 3 5 5 -8 -3 4 5 -14 3 -1 2 -2 -1 -6 1 5 -2 1 -2 -1 -4 -3 -4 -4 -8 0 9 4 4 3 2 -2 1 14 5 3 9 1 0 -4 -6 4 -1 14 1 2 3 2 0 -1 -3 7 -1 9 16 -1 -2 -2 -4 0 0 -4 -1 4 3 1 14 -2 0 1 2 6 3 3 0 4 3 -3 0 -8 -2 -1 -3 3 -3 5 -1 4 0 9 -3 3 -1 -11 -2 -5 0 -2 2 0 -1 -1 1 -4 -14 1 -1 5 0 -2 2 3 1 5 -5 5 -1 0 3 6 2 3 4 -7 0 -2 -2 0 5 1 4 -8 1 1 -2 5 0 7 8 -1 4 -3 -3 -1 3 -3 0 4 2 4 3 5 2 -5 4 -1 1 3 -11 3 -5 1 -2 -7 -3 1 -12 -1 -3 2 -9 -1 -7 -3 -2 -18 -2 -2 -1 -3 1 -2 0 3 0 3 1 -1 1 2 -1 12 1 -7 6 2 2 -2 0 0 -4 5 0 -4 -2 1 1 -4 3 1 -1 3 -2 2 -1 -2 -5 1 -2 -2 7 1 1 1 0 -3 -3 1 -7 -3 3 -6 1 1 5 -3 -1 1 4 4 -1 3 6 -3 0 3 0 10 0 -2 5 2 -1 -1 3 2 2 -1 -7 -2 5 0 3 -6 2 9 -6 -10 0 -1 -3 3 0 -2 2 -3 0 21 -4 -4 -2 -3 -7 -2 -5 1 -11 1 -1 9 7 1 -4 -3 2 1 2 0 6 -3 0 1 0 -1 -1 -4 3 -2 -1 -6 7 -2 -5 3 1 5 -4 2 -1 1 4 3 6 -5 3 -1 3 -1 6 -26 -1 1 4 -1 -1 3 -3 0 11 3 1 1 -11 2 0 1 1 1 2 0 -1 -1 -1 1 4 -7 5 -2 -1 0 1 5 -3 1 -2 -4 -4 -4 -3 3 3 0 -8
L 1 58 0 47 -1 3 0 3 8 4 0 -3 -1 3 1 1 5 3 2 -8 3 -8 1 2 2 6 0 2 3 1 -2 -7 4 -4 -2 -1 2 -1 1 -4 2 -3 1 1 2 1 10 2 -2 3 3 -1 3 2 -14 -3 -2 4 -5 -3 4 -8 0 2 5 1 -6 -2 2 -3 -2 1 3 -2 2 1 3 -1 4 1 -2 -3 -6 -1 1 -2 3 8 1 -1 -6 -2 5 -1 1 0 -5 1 5 0 2 -3 1 3 -7 0 -1 2 -3 -1 11 -6 0 -7 -7 3 -3 -1 -2 -1 0 3 3 -2 -2 0 1 0 -1 -1 0 1 18 3 -1 1 1 4 -6 0 4 3 2 0 0 -2 1 -2 0 -1 12 5 -3 -2 -5 -8 0 2 6 -3 0 4 -5 -2 -3 -4 3 -13 -3 -4 0 -10 -3 2 1 -3 0 -4 -2 -5 -3 0 -1 2 -2 9 -1 1 -3 2 4 2 -12 -2 -1 -1 3 0 2 -6 -1 -9 0 3 0 -4 0 -7 3 3 -3 1 4 -1 0 5 -1 3 -1 -2 -3 2 0 -1 -1 3 0 1 -3 -8 -1 -1 -3 -6 11 -1 3 0 4 0 -5 -1 0 5 -1 -2 -2 -1 -4 -2 2 0 7 2 4 0 0 -2 0 -8 4 -3 -16 9 -4 -1 2 -3 -2 1 2 -5 2 0 3 5 -3 4 3 4 7 3 0 -4 3 2 0 -2 -14 -5 6 -1 1 0 -1 -3 2 -2 9 -3 4 -2 -7 -8 -2 1 -2 1 1 -3 2 -1 -2 -20 0 1 0 -1 13 2 1 1 8 -4 5 3 -1 -5 2 -1 4 3 -2 -3 -1 3 0 2 -3 4 -3 -2 7 -5 4 1 3 2 1 0 -2 3 0 1 0 0 -4 -2 -2 5 1 -1 -2 4 2 1 2 0 1 -4 0 4 7 -1 -7 5 -4 1 1 4 -2 0 2 -4 -14 -2 -3 -2 3 0 -4 3 1 -1 -1 -4 -3 -1 2 2 0 3 -1 1 0 3 2 1 15 -4 1 -2 -6 -1 3 3 0 3 -2 0 -5 10 6 -2 -5 1 7 1 0 -12 0 3 3 3 0 0 1 -7 6 2 -3 2 1 -2 -6 7 2 0 1 5 -2 14 -1 -1 6 2 7 0 -4 0 -4 2 -3 3 -2 2 -1 3 -1 5 2 5 -6 -1 12 5 -11 -1 11 -2 5 -2 -2 -4 0 1 3 1 0 -3 -3 2 -1 5 -2 5 1 2 0 5 3 -3 -2 5 0 1 -3 2 -8 -2 -1 -2 -9 -2 -4 1 0 3 -2 5 0 2 -1 2 -2 0 -3 4 1 0 5 -2 2 3 -2 -2 -5 5 -11 1 3 7 -1 -5 0 2 -1 1 1 2 1 -2 2 10 2 -5 1 1 -1 4 1 1 1 3 -5 -2 1 -2 1 0 2 -1 -2 0 -1 -3 1 -3 1 5 -1 -8
L 1 59 0 25 -1 1 -1 2 0 2 -1 -1 0 -2 -2 1 2 6 1 -3 0 -5 -3 5 1 0 1 -5 0 -3 -4 -3 8 -7 -8 4 -1 -6 -3 -3 -1 0 1 -3 2 2 8 -2 -1 5 3 0 4 0 3 2 -4 5 10 2 2 8 1 -4 3 0 -1 0 0 -3 -11 -4 -4 -4 1 -2 -3 -1 4 -2 2 2 -5 -3 2 2 1 6 -4 0 -3 0 4 7 4 2 -4 1 12 1 1 1 0 2 0 -5 -2 1 3 -1 6 1 -4 -7 -12 4 -3 0 -2 2 2 1 4 -37 0 0 -1 0 5 -3 0 2 -8 -2 2 1 4 2 -7 0 1 0 3 -3 -1 5 0 3 4 0 0 -4 3 -1 -5 -4 4 0 1 -3 0 5 -3 -1 -2 -2 7 1 0 -6 0 -10 -2 3 0 -5 0 -1 -1 0 -4 0 -2 2 -2 1 3 -1 -2 3 4 2 1 -6 -2 7 3 1 2 -6 4 1 -4 13 -1 0 -2 1 1 3 4 3 -5 -2 4 3 -15 -1 0 2 -2 -1 -4 0 4 -1 1 -1 -1 -4 -4 -5 -6 -8 6 25 3 -3 1 3 0 -4 17 2 2 9 -4 0 -4 -2 1 -2 9 0 4 0 3 2 -3 -5 10 -1 15 7 1 -1 -2 -5 0 -1 -5 -2 4 -1 1 4 -1 2 3 5 6 0 4 -3 5 5 -2 -1 -7 -1 -3 -4 2 -1 6 0 -5 1 5 -4 4 -2 -8 -1 -3 0 1 0 -1 -2 1 1 -4 -8 2 2 2 0 10 1 4 1 12 -4 6 -1 -1 6 1 1 2 4 -5 -1 0 1 2 2 -1 2 -3 1 1 -1 3 0 4 8 2 2 -6 -7 0 1 0 1 6 0 2 4 4 -1 -6 2 -2 -1 2 -3 3 -5 5 2 -1 -4 -6 -6 -4 -1 3 -3 -1 -5 -1 -4 -7 -2 0 -2 -2 1 -4 -2 4 -1 -1 -5 -3 3 1 1 4 0 1 7 0 4 -1 0 9 2 6 0 -3 0 2 1 -1 6 1 1 0 -8 -3 -3 -2 -4 -6 -3 -4 10 1 1 1 2 -1 -1 -2 5 -3 2 -4 0 1 6 -4 4 0 5 4 3 3 11 1 0 5 2 0 2 -1 7 1 1 1 6 3 4 -3 -1 1 7 1 -2 -3 0 7 11 -13 -2 6 -2 3 -3 -4 2 -5 4 16 -2 -2 -5 -3 -1 -3 4 3 -6 3 0 3 6 1 -4 -6 2 0 -4 -1 6 -5 -4 1 -1 -17 0 -5 2 0 1 -3 7 -1 -1 1 0 2 -4 -1 -2 2 3 2 6 -2 2 3 3 -4 3 -16 0 2 3 3 -7 2 -1 -1 5 2 2 0 -10 -2 0 3 -1 0 2 1 2 1 1 1 4 -4 9 1 -1 0 -1 2 -3 -3 -2 0 -8 1 0 4 1 -2 -8
L 1 60 0 6 1 -7 -2 2 6 2 0 -2 -1 -2 1 2 2 6 -7 -4 -1 -8 1 3 0 0 -3 -5 0 -4 6 0 2 -9 -6 2 -4 0 -4 2 1 1 1 -1 1 0 7 -2 0 0 3 0 4 6 0 -1 -2 6 13 1 3 1 4 3 5 -2 -6 -1 3 -6 -15 0 -1 -4 3 0 0 2 2 -2 13 2 -7 2 1 0 4 2 -1 -2 -1 -3 4 4 8 3 -6 1 0 0 0 4 -3 0 -10 -4 4 2 0 -4 15 -6 -3 -4 -11 4 -2 3 1 9 1 -1 3 -21 1 0 2 0 2 -2 1 2 -2 1 1 1 4 5 -3 2 0 1 0 -3 0 6 2 0 0 1 5 -2 1 0 -4 -4 0 3 5 3 -1 0 -4 -1 -5 0 10 -7 1 -6 2 -7 -5 1 -1 -8 12 0 -4 -1 1 -1 0 -4 -3 14 0 -1 -2 3 7 4 -5 -3 2 -1 0 -2 3 0 2 -6 0 17 -1 -2 -1 -3 4 2 -1 3 3 -2 3 4 -15 -1 0 -2 0 -2 -8 0 2 1 1 -5 -3 -1 -1 -2 0 0 -1 12 5 1 3 1 0 7 8 0 3 1 -1 0 0 -2 3 1 5 -2 5 2 5 1 -6 -4 3 -2 7 12 -4 -2 6 -4 -2 2 -3 -2 3 -2 1 7 -4 -2 1 10 3 1 -3 -3 7 0 -1 1 -13 -9 -4 -2 1 2 2 -6 -8 1 4 -4 8 -2 -13 -5 0 1 0 -2 1 1 0 -2 0 -14 2 0 2 5 3 5 3 0 7 -6 4 1 1 0 3 4 -6 2 -3 -2 -1 -1 1 5 -1 1 -4 -1 2 -2 3 0 1 4 4 -1 7 -3 -4 -2 1 7 5 -1 4 2 1 -1 -4 2 -4 -3 -3 -6 4 -2 3 5 -1 -6 -1 -10 -2 -1 4 -5 -1 1 2 -6 -7 2 0 -10 3 -1 -4 1 2 2 3 11 -2 -1 0 1 7 3 -3 1 -3 0 -5 5 12 -1 2 2 -1 0 0 -2 -4 -6 -1 0 1 2 -4 -2 1 -2 8 -3 -1 7 3 -2 2 -1 -1 -5 -1 2 -12 3 -5 -3 -1 2 -6 0 0 0 2 4 -1 11 -1 0 3 -1 -5 -2 -4 3 2 0 -1 5 2 0 4 0 -7 3 1 2 -2 4 -5 0 -17 1 4 3 1 -4 0 -3 -3 4 14 -2 -2 6 -1 -2 -5 9 0 2 5 3 9 4 -2 -4 -2 5 -2 -2 0 1 -5 1 -3 2 7 2 -2 5 -4 0 -3 7 2 1 -1 2 2 -5 -2 -21 -1 4 4 3 -1 4 1 2 2 3 -26 0 2 -3 6 2 1 -2 -3 7 0 2 -1 -3 3 -4 5 -1 4 0 -4 5 1 0 2 7 -4 5 -3 1 -1 -2 1 -4 1 -1 -1 -5 5 -4 2 4 -2 8
L 1 61 0 5 1 -12 -3 0 -8 -2 -1 4 1 -1 0 -6 -3 0 1 9 -1 -2 -3 1 1 -4 -1 -1 -1 -2 5 5 -5 -4 8 -2 -2 1 1 1 -1 0 -3 -1 -2 0 -6 0 2 -9 0 1 -7 -4 11 -1 2 1 2 4 -9 -7 1 -2 -4 -1 4 1 -3 1 8 12 2 2 -1 -2 -2 -1 -3 1 3 0 4 0 -2 2 -3 -3 1 0 5 2 -5 -3 2 -3 2 -1 -8 -3 -1 1 -3 -4 3 1 0 -3 0 -1 -7 2 -1 8 12 -3 1 2 7 3 0 -4 -2 5 1 0 -3 -4 1 -1 -3 0 -2 -2 -2 -2 -4 -6 7 4 -5 1 -5 2 2 -3 -2 2 1 0 -11 -5 0 2 2 8 -1 -6 -3 4 -2 -3 -5 4 4 5 -3 3 0 4 0 18 4 -7 0 5 11 1 1 6 3 2 2 -1 -1 -8 3 0 3 0 -4 -2 0 4 -2 3 -4 0 -3 -1 0 14 4 5 0 4 0 6 -6 -1 4 2 -1 0 -1 -3 4 -1 -2 2 4 -1 -2 2 -5 1 -2 0 0 5 5 -2 1 6 -10 8 -5 3 -1 2 8 2 -7 -5 -5 -8 -1 2 3 3 -4 -2 -8 4 -4 -1 -3 -1 0 1 1 -1 0 -19 -4 1 -3 3 0 2 0 3 -3 2 0 -7 6 -4 -1 2 -1 -2 -13 2 3 -2 -1 -1 9 3 -10 2 0 2 -1 1 -4 2 -5 3 -6 -1 5 12 3 1 2 -5 1 1 -4 -2 2 19 -4 -2 -2 1 -7 0 -1 -1 3 6 -7 0 -2 -6 -1 -2 -6 -3 6 -1 4 -5 -4 -4 2 -5 5 1 0 5 -3 -4 -3 6 0 -3 -3 0 0 -5 2 1 4 2 -3 -5 -1 -2 2 -8 -3 2 -9 0 -3 6 1 -2 -6 1 1 4 2 2 -3 0 0 6 -4 0 7 1 1 2 -3 -4 3 -2 -1 5 0 7 2 -2 -4 -3 -5 -2 -8 5 -1 1 -2 1 -9 -1 -1 -1 7 2 -1 -1 0 -6 0 -1 -1 -1 -5 -3 4 2 -12 1 -6 -4 -1 -3 -4 0 1 -1 0 -4 4 0 0 1 1 2 7 3 0 0 1 -1 -1 -10 -1 2 -4 2 -1 0 -2 -1 -2 0 1 3 0 -3 1 2 0 -3 -4 -2 4 -2 -10 9 16 0 2 4 -2 1 3 0 2 1 -16 6 -4 2 0 3 2 4 -1 1 0 -4 -1 -12 -1 3 3 -4 -1 4 6 -4 6 5 -1 3 7 1 3 -3 1 0 2 -3 2 2 0 -5 -4 4 2 3 0 -1 -2 -2 2 -2 1 1 5 -5 17 -1 -2 5 -1 5 0 0 3 -4 2 -2 -1 0 -1 -4 3 -1 -4 -3 1 -1 -3 -1 4 -3 7 -8 6 2 -1 0 -4 2 1 1 0 6 2 3 -2 -1 3 8
L 1 62 0 18 -1 -14 -1 -7 -4 -3 -1 5 -1 -5 0 -4 -5 0 -1 15 -5 -5 -1 3 0 -4 0 -3 -7 -4 8 2 -3 2 3 3 -2 2 -1 4 1 5 0 2 -1 -1 -15 -2 2 -7 -2 -1 -8 -4 14 2 1 5 -7 2 -5 2 1 -9 -7 0 -2 2 -4 4 6 4 0 -2 -1 -3 1 1 -4 0 7 2 5 3 -1 3 -1 -9 1 0 7 3 -4 -1 0 0 6 -4 -7 -1 -2 3 -4 -3 1 -2 0 -3 1 1 -9 8 3 11 7 -6 4 3 6 11 2 -2 0 -12 0 1 0 -1 3 3 -2 -1 -12 -5 1 1 -6 -4 8 0 -5 0 -6 0 0 -5 -1 1 4 1 -10 -6 2 2 4 1 -2 -2 -4 5 -1 -5 2 -1 3 8 -2 14 3 4 1 22 4 -2 -2 2 6 3 -3 6 4 0 -1 -4 -1 -8 2 -1 3 -1 -7 -1 3 2 -3 1 -3 -1 -2 1 -4 4 1 -1 2 6 2 8 -4 -3 1 2 -5 0 -2 -2 10 -2 2 3 1 0 -6 3 -1 -4 -1 -2 3 9 3 0 3 10 -11 9 -2 4 -7 3 4 -5 -5 -1 -2 -8 4 1 6 4 -3 4 -9 1 -2 0 -1 2 -2 8 -9 3 6 -15 -3 1 -1 2 3 1 -2 4 -3 2 -3 -4 1 -6 -4 1 -8 -5 -2 3 0 -2 -1 6 10 2 -4 0 1 2 0 1 5 3 -13 6 -3 -2 11 5 4 0 3 -5 -1 4 -3 -1 4 34 -1 -4 -1 1 -16 -2 1 3 -9 6 -6 -4 -3 2 -1 5 -7 -2 4 1 3 -4 -2 -4 4 -4 8 3 -4 4 -4 -2 -2 -2 4 -1 5 0 1 -3 3 5 2 4 -4 -7 -3 -4 4 -7 1 -1 -4 9 -3 2 -1 -3 -6 2 6 -6 2 3 -2 -2 0 -3 0 1 11 3 2 1 -1 -2 4 -3 0 4 3 1 4 -1 -4 -2 -7 -4 -14 1 1 -1 0 0 -7 3 2 0 11 1 -1 -2 3 -3 3 -2 -1 -1 -5 3 4 1 -11 -2 -6 1 -3 -6 -5 -1 -3 -5 -1 1 2 -2 4 -3 0 -1 6 -3 -3 -2 -2 -3 1 -12 0 1 -3 0 -2 -2 1 1 0 0 2 -1 0 1 3 0 -1 -6 -4 -5 9 -2 -10 -18 21 1 -14 4 -6 3 3 1 0 2 -7 -4 -1 10 4 -2 0 -6 -1 5 1 -3 -4 -6 -4 3 1 -3 0 -7 3 -1 8 6 -2 2 19 5 7 -3 -3 -4 2 -3 -1 0 1 -3 -2 -3 4 -8 -3 -1 -2 8 -4 -1 5 4 3 -5 13 -3 -4 -11 -4 4 2 -1 2 -4 0 -2 -2 10 4 -7 -3 -1 -1 -1 0 -1 1 0 0 -1 5 -9 8 3 -7 -1 -4 0 2 2 4 4 -1 4 0 -3 -1 -8
L 1 63 0 24 -1 -3 -2 4 -8 -4 1 4 -1 -2 -2 -1 -4 -5 -1 7 -2 2 -2 -1 -3 -6 0 0 -4 1 -3 10 -2 -3 3 3 -2 -2 -2 1 1 2 -1 -4 -6 0 -4 -1 0 -6 4 0 -2 -5 12 -1 -1 -1 3 5 -6 6 -2 -6 -6 0 5 1 -3 1 3 2 -3 -3 -2 -2 -5 2 -4 -1 3 4 4 2 -2 2 -2 -5 -3 0 2 3 -5 3 2 -3 3 2 -8 -1 1 0 -1 -4 13 2 1 -4 4 0 -10 6 -1 8 2 -4 1 1 3 -1 1 -3 -2 -17 -1 2 -7 -2 4 -1 -4 -2 -11 -3 0 -2 -2 -5 1 2 -7 -3 -6 0 1 1 -1 3 4 0 -17 -6 2 2 5 1 -2 -5 -3 0 -1 -1 2 2 4 3 -1 9 -2 2 0 18 4 -3 1 3 -7 7 2 9 2 1 1 -1 2 -8 2 -2 3 0 -7 -2 11 3 -1 6 -2 2 0 0 2 12 -1 8 -1 5 -1 15 -5 -2 6 -4 -7 3 0 -2 0 -3 0 3 4 -2 -1 0 -2 0 -4 3 2 3 -2 -2 1 6 -9 13 -8 3 -2 4 2 -4 -1 -2 -1 -2 -3 2 5 3 -4 2 -10 0 -4 -2 0 0 0 5 -5 3 14 -13 -2 3 -4 1 1 0 -4 2 -2 -3 -2 -10 3 -7 -2 -3 -3 -4 3 4 2 -1 -1 4 11 9 -5 -1 1 3 2 -1 -13 4 -6 2 -7 4 8 12 2 0 3 -4 1 7 -3 -1 -2 26 -2 2 0 1 -6 -1 2 3 3 5 -4 -4 -1 2 -7 0 -2 -1 4 3 3 -2 -1 -5 0 -3 3 1 -3 5 -4 -3 -3 4 0 -1 0 -3 3 -1 1 5 8 0 -3 -3 0 -3 -3 -4 1 2 -2 7 0 3 2 -2 -4 3 -3 -7 -3 1 0 -2 0 -1 -1 2 14 2 1 4 -3 -2 0 -2 -1 2 0 -3 1 0 0 -3 -8 -3 0 7 -1 1 1 1 -7 10 8 -1 8 4 0 -2 0 -2 1 1 6 -12 -6 0 6 -2 -15 0 -7 2 -1 -3 -2 -2 5 -5 -2 5 1 0 3 1 -2 4 3 -3 -3 4 2 -2 4 -14 1 3 -2 -2 -7 0 3 0 4 -2 4 0 1 1 -1 0 1 -1 -1 -5 3 -3 -12 3 11 -1 -5 3 -3 0 -1 5 -3 3 -6 3 -2 -1 0 2 -4 -7 0 -7 -1 -3 -7 -6 -3 4 3 -5 -1 0 3 -3 5 1 3 5 -3 1 0 0 0 -3 3 -2 1 -2 5 -3 1 0 6 0 1 -2 -4 3 -1 -2 5 5 2 -6 14 0 1 2 6 -2 -1 -1 3 -6 -2 3 -1 6 -2 -3 4 2 -3 -1 3 -4 -1 2 -1 -4 5 -1 10 2 -2 -2 -3 -1 2 0 4 0 3 7 0 -4 -1 -8
L 1 64 0 60 1 7 1 -6 3 5 0 -2 0 5 -1 4 2 1 7 -11 1 -4 3 1 1 4 -1 1 0 1 -6 -10 8 7 -5 1 2 -3 2 -3 2 -5 1 5 3 0 13 -2 -5 6 1 -2 7 -2 -6 3 -3 -5 -3 -4 8 2 -1 -3 6 4 -2 2 2 1 3 -5 0 -4 -1 0 1 0 5 0 -10 -2 -2 -3 3 -3 6 7 1 2 -6 1 5 0 -3 3 -3 2 17 3 2 -3 7 7 -2 -3 -3 2 -5 2 11 -3 2 -8 -11 1 -4 -1 -7 -5 1 4 4 -4 -3 0 1 3 1 1 3 -1 -1 1 2 1 3 5 -8 -5 4 -1 3 -1 2 0 2 -1 3 -5 18 6 -4 -4 -3 -8 4 0 3 -6 2 4 3 -4 -4 -4 4 -2 -2 -5 -1 -24 -5 7 -1 -3 -8 0 -3 -7 -4 -4 -1 0 4 12 0 2 -3 1 3 6 0 -8 1 0 2 1 3 -5 4 -11 -4 0 -1 0 2 -3 1 2 -1 2 -11 -2 -1 2 -4 2 -1 0 -6 1 2 1 6 0 2 3 -1 -6 -4 0 -7 -6 11 10 5 -2 4 0 -6 -10 8 5 2 1 0 0 -6 -3 3 -2 16 -1 6 -1 1 0 1 -6 1 1 -6 8 -2 -1 0 -6 0 -4 -1 -4 4 2 4 17 -1 5 1 4 7 3 10 -2 3 4 0 3 -10 1 10 -4 1 -3 4 2 0 -1 9 -4 4 2 -12 -8 -8 -1 -4 1 -1 -4 1 3 -3 -14 0 -1 0 -5 12 -2 4 3 6 -2 6 -3 -2 -1 3 1 8 4 -6 -2 -2 2 0 2 -1 6 -3 -2 4 -5 5 3 8 -1 0 1 -6 1 3 6 -2 -3 -3 0 0 4 4 2 0 5 5 1 10 2 1 -8 -2 0 4 1 -6 -3 -1 1 0 -2 0 -8 0 -6 -19 0 -1 2 0 5 -4 0 4 -4 0 -8 -3 4 2 1 5 1 0 1 3 2 4 0 15 -4 7 0 -7 3 2 3 2 9 1 1 0 -5 8 4 -8 -2 2 -2 -6 4 -2 4 2 2 -1 1 3 -9 5 4 -1 2 2 1 -5 -1 1 2 2 -1 -1 11 3 -2 5 -3 14 5 -1 1 0 1 -1 -2 -1 3 -4 -1 2 6 3 7 -5 -1 13 -3 -14 -2 -3 -5 6 1 -4 0 -2 2 11 -4 0 -6 -3 0 -2 -1 0 0 0 1 3 12 4 -5 -5 5 3 -6 -5 7 -3 -1 2 -1 -19 0 -3 3 0 1 -4 7 -3 -3 0 2 2 0 1 5 1 4 4 11 -2 3 -1 1 -10 9 -16 0 2 0 0 -6 2 -2 0 3 1 3 2 -4 0 16 0 -1 0 3 0 1 4 1 0 3 -6 6 0 -3 1 0 4 -2 -5 3 -3 -1 -7 1 4 3 1 8
P 1 0 32 -28 -5 -34 0 23 -4 -13 -1 -12 2 -5 37 63 4 0 -2 -87 -22 54 17 6 -8 -44 2 -17 -6 -66 54 -47 -52 20 -6 -32 -17 -29 4 7 8 6 25 20 48 -2 -8 39 19 -14 21 11 -1 4 -21 73 20 -14 21 22 20 -29 11 2 -36 7 -1 -18 -57 4 -8 -23 5 -29 16 -7 34 4 26 -2 -35 -15 5 9 29 39 -13 4 -15 -19 37 21 31 17 -57 -6 135 8 -10 12 1 15 -49 -41 -32 13 6 -19 48 11 -18 -30 -60 15 -20 -6 -14 60 7 19 39 -196 7 9 9 -4 35 -15 14 19 -17 -16 8 32 18 24 -4 -8 21 21 16 -16 -13 11 20 32 21 7 28 -7 -7 -22 -40 -25 7 12 10 6 -15 22 -32 -15 -24 0 54 -4 21 -41 -4 -82 -20 23 -12 -47 88 -30 -23 -20 -26 -10 -11 11 -12 10 18 -14 -27 41 43 28 -66 -45 -2 8 20 4 37 -42 0 -47 -23 31 8 8 -10 -37 -5 30 -1 34 -22 -19 16 24 -69 14 2 9 -22 4 -47 10 30 -6 13 -13 -17 -14 -22 -30 -38 -58 50 138 29 18 7 14 -11 -8 104 32 14 42 -8 4 -34 -15 31 -4 85 18 38 10 21 3 -35 -46 75 -26 31 73 -34 -22 7 -37 -2 13 -20 -3 18 2 9 68 -24 21 24 64 35 -5 -19 -31 24 10 -14 -25 -81 -27 -19 -34 14 -13 27 -10 65 -6 39 -29 34 -31 -58 -58 -13 -17 7 2 2 -22 3 7 -13 -90 0 -4 19 -6 61 15 32 12 39 -21 38 -3 -15 20 58 14 2 25 -44 -12 2 1 -11 23 3 28 -23 -8 21 -22 30 12 27 41 17 8 -17 -10 -7 9 -12 9 21 18 13 31 10 -16 -17 32 -1 -14 15 1 17 -61 7 11 -13 -32 -37 -34 -37 7 4 1 5 -47 -8 -23 -92 -2 0 -34 9 14 -18 -12 9 8 12 -12 -21 10 -4 -5 21 11 -46 9 13 32 -1 1 75 -35 -4 -17 -24 -14 17 15 -4 22 7 -2 -32 26 10 -19 -26 -10 -24 -27 4 52 -2 5 -3 19 -35 -18 -1 -3 5 18 -29 3 13 4 -43 48 4 23 20 26 14 105 -21 0 46 15 24 9 -23 42 -21 6 3 39 11 21 -14 -1 0 40 -8 17 -2 2 105 -1 -61 -11 35 -18 28 -19 -14 -10 -22 31 119 -26 -7 1 -6 -36 -6 20 -10 27 24 6 28 72 17 -35 -35 19 -2 -43 -3 46 -44 -14 -3 -13 -60 5 -7 14 -13 -2 -11 52 -5 3 -4 -1 -7 -31 -5 -20 11 28 27 33 -26 26 18 9 -34 39 -130 -3 -1 -1 -43 -28 17 1 -4 51 30 8 -8 -68 26 -31 1 -27 -3 5 -10 22 7 1 7 38 -35 26 0 6 -29 7 9 -27 -31 -14 10 -38 5 -28 37 18 -23 -16
P 1 1 0 0 0 0 0 0 0 0 0 0 0 0 0 0 0 0 0 0 0 0 0 0 0 0 0 0 0 0 0 0 0 0 0 0 0 0 0 0 0 0 0 0 0 0 0 0 0 0 0 0 0 0 0 0 0 0 0 0 0 0 0 0 0 0 0 0 0 0 0 0 0 0 0 0 0 0 0 0 0 0 0 0 0 0 0 0 0 0 0 0 0 0 0 0 0 0 0 0 0 0 0 0 0 0 0 0 0 0 0 0 0 0 0 0 0 0 0 0 0 0 0 0 0 0 0 0 0 0 0 0 0 0 0 0 0 0 0 0 0 0 0 0 0 0 0 0 0 0 0 0 0 0 0 0 0 0 0 0 0 0 0 0 0 0 0 0 0 0 0 0 0 0 0 0 0 0 0 0 0 0 0 0 0 0 0 0 0 0 0 0 0 0 0 0 0 0 0 0 0 0 0 0 0 0 0 0 0 0 0 0 0 0 0 0 0 0 0 0 0 0 0 0 0 0 0 0 0 0 0 0 0 0 0 0 0 0 0 0 0 0 0 0 0 0 0 0 0 0 0 0 0 0 0 0 0 0 0 0 0 0 0 0 0 0 0 0 0 0 0 0 0 0 0 0 0 0 0 0 0 0 0 0 0 0 0 0 0 0 0 0 0 0 0 0 0 0 0 0 0 0 0 0 0 0 0 0 0 0 0 0 0 0 0 0 0 0 0 0 0 0 0 0 0 0 0 0 0 0 0 0 0 0 0 0 0 0 0 0 0 0 0 0 0 0 0 0 0 0 0 0 0 0 0 0 0 0 0 0 0 0 0 0 0 0 0 0 0 0 0 0 0 0 0 0 0 0 0 0 0 0 0 0 0 0 0 0 0 0 0 0 0 0 0 0 0 0 0 0 0 0 0 0 0 0 0 0 0 0 0 0 0 0 0 0 0 0 0 0 0 0 0 0 0 0 0 0 0 0 0 0 0 0 0 0 0 0 0 0 0 0 0 0 0 0 0 0 0 0 0 0 0 0 0 0 0 0 0 0 0 0 0 0 0 0 0 0 0 0 0 0 0 0 0 0 0 0 0 0 0 0 0 0 0 0 0 0 0 0 0 0 0 0 0 0 0 0 0 0 0 0 0 0 0 0 0 0 0 0 0 0 0 0 0 0 0 0 0 0 0 0 0 0 0 0 0 0 0 0 0 0 0 0 0 0 0 0 0 0 0 0 0 0 0 0 0 0 0 0 0 0 0 0 0 0 0 0 0 0 0 0 0 0 0 0 0 0 0 0 0 0 0 0 0 0 0 0 0 0
Q 1 256 0 -7697 1 7 0 -3 7 -1 5 2 -4 -12 1 -14 -1 9 -9 8 -4 11 0 -8 1 -13 15 -13 -5 8 -2 -2 -1 -1 3 8 -7 -1 -4 4 -3 -1 -5 2 -7 0 -5 -3 8 13 7 1 -9 2 2 -8 5 -13 -7 -1 -11 7 1 4 3 5 -9 -5 -7 -7 -17 12 -1 4 0 6 5 -5 7 5 0 6 -1 2 -4 6 5 -21 -9 2 10 0 -5 -18 -1 -4 2 0 -2 -6 6 -1 -11 -2 -11 6 19 -2 5 -6 12 3 0 4 -1 7 -5 -3 3 1 -4 -3 12 11 2 -2 3 -3 -1 -2 -1 -2 9 -6 -3 0 -6 4 6 4 -3 1 3 4 -3 1 2 -3 -6 -7 -14 12 -1 12 -3 -10 -4 4 6 1 3 -3 15 2 7 -5 -2 -41 -4 -2 0 -9 -5 -6 -1 -13 35 -3 6 0 4 -1 4 19 -2 22 9 4 1 1 -1 1 -16 9 3 -15 1 -6 6 0 2 9 0 5 -2 26 9 10 1 -9 10 4 8 -4 2 -2 4 2 3 -1 7 1 0 7 2 -4 2 -8 -1 6 -3 -5 -3 7 0 2 -19 12 -2 1 10 10 -22 1 6 -11 -2 5 6 0 -9 5 8 10 -2 5 0 -2 0 12 -4 -1 10 -5 -1 9 2 -6 -3 3 -3 5 -4 4 -8 -2 1 -16 5 6 6 -9 18 8 10 -3 3 4 15 15 -4 -2 4 2 8 -6 -31 1 7 -3 -4 -2 -7 3 0 -3 0 -10 -1 2 8 3 4 -27 -5 -6 -1 3 -7 -1 2 5 -3 -3 2 -6 -1 -1 -4 16 -8 2 4 -6 8 -2 3 1 4 -6 -24 4 2 3 5 1 6 19 -2 -5 -4 -4 -2 -5 5 15 11 3 3 -8 0 -1 0 10 7 -3 2 -7 4 -1 0 -3 -11 -3 0 -19 13 5 1 12 2 11 -3 5 2 7 8 -7 2 0 -2 -4 7 4 -2 -18 2 -8 -3 -5 12 0 8 -11 -6 7 -1 4 2 1 10 -2 4 -2 -7 -3 -1 -8 -6 4 1 -21 -6 -5 5 4 1 -3 -14 -13 9 -3 2 0 4 -4 0 -11 1 -4 -7 7 -3 -1 10 5 0 -8 3 -9 0 -25 -5 3 -2 -2 -23 4 -4 6 7 1 3 3 3 4 3 6 -10 -6 2 -5 -11 -6 2 10 -4 -1 1 7 3 7 -5 0 -4 9 -3 7 -7 10 -4 -2 -4 23 2 16 9 0 -6 5 2 16 7 -1 -1 -4 -1 -1 1 11 -9 -2 7 -1 4 -2 -4 2 2 -19 -2 4 0 -7 2 0 -7 8 -8 -4 -6 -6 9 -1 3 -1 -2 -8 -10 -4 5 -6 -5 0 -4 -3 -5 17 1 -2 -8 8 -7 21 1 -3 0 0 -8 2 -6 10 -2 -3 -4 22 20 2 3 4 6 -3 4 4 1 0 5 -2 -4 -3 -9 8
Q 1 257 0 2991 1 5 -1 -2 -1 -2 7 8 -4 -7 -2 -16 3 6 -6 -1 -6 11 2 -14 2 -8 8 -15 2 8 -6 7 2 -7 6 4 -4 -4 1 -4 5 -3 -4 -4 1 -4 -9 -11 6 16 -4 1 -1 -5 3 -5 0 -19 9 -5 -14 26 2 -2 6 4 -8 -5 0 -4 -16 2 -9 0 1 1 -9 0 3 15 4 8 -2 -1 -1 6 0 -14 -4 -2 9 -1 -1 -13 -6 -7 -5 -4 12 -3 9 -7 -6 1 -4 0 23 1 -3 -7 16 18 2 2 -1 3 -1 1 4 10 2 -1 8 30 -7 -3 2 -1 -2 3 -7 7 -4 -6 -8 -3 -8 9 9 1 2 3 -8 5 -2 1 3 0 -5 1 4 9 2 9 -7 -4 -4 -1 4 1 0 -4 -4 1 2 -6 -2 -29 -8 -8 6 -9 5 -8 -6 -20 39 -3 8 3 8 0 2 28 -2 12 7 4 2 -2 -2 -4 -16 2 6 -1 0 -2 6 -2 -2 8 5 2 -2 19 12 10 8 -6 12 7 -13 -5 0 2 14 4 1 -9 0 5 -4 4 1 -3 1 -7 -4 13 -6 -5 1 13 10 44 -8 8 -2 0 7 -1 -14 10 3 -15 -12 6 -1 -2 -10 10 -3 3 -2 8 -7 7 -5 4 13 -2 1 -18 -23 1 -8 -6 0 -3 0 -3 -2 -2 -4 2 6 -8 6 5 -3 -6 11 3 7 -3 -2 15 11 4 -25 -5 4 0 10 3 -41 1 13 2 4 6 -2 21 -6 -3 5 -4 -1 9 12 -1 5 -26 -8 -3 0 1 -13 -4 1 4 11 1 3 -8 0 5 -9 4 -5 -1 3 -5 10 -8 2 0 2 -4 -20 -2 5 1 5 1 1 7 -5 -6 -8 -2 1 0 7 13 8 -4 10 -8 4 6 -3 8 12 1 14 -6 4 -1 5 2 -10 -11 0 -16 15 4 -1 -8 3 2 -4 -3 7 6 2 -5 3 2 -5 -5 7 3 3 -9 1 0 -6 -12 0 -2 10 -15 -9 9 -2 7 -2 5 -13 7 3 7 -1 -4 -3 -1 -4 -1 -9 -15 -2 0 1 5 12 1 -9 4 11 -3 0 1 -8 0 0 -2 5 -7 -12 9 -2 -5 8 9 1 -2 5 -5 -7 -13 -6 0 3 10 -2 11 -2 0 4 9 -2 3 6 0 -1 -4 0 -6 6 -5 1 -7 5 5 7 -1 -1 2 1 9 -8 0 5 0 3 8 0 21 0 -8 -3 12 -2 12 3 -5 1 2 -1 13 9 1 5 -8 -8 -5 1 -2 -8 3 18 1 -5 5 -6 0 5 -6 -2 10 3 -7 -3 0 -8 15 -4 -1 -1 -2 13 -3 4 16 10 -8 -14 -5 -3 -20 -7 -5 -4 -3 -4 -2 2 -5 0 9 -9 8 3 -6 -1 -1 -1 -5 5 7 -4 2 0 24 20 0 -3 0 1 -4 -2 -1 16 0 2 5 -3 -3 -7 8
Q 1 272 0 2839 -1 4 3 -2 5 2 3 4 -5 -11 0 -13 2 5 -12 -3 -7 21 1 -10 1 -9 15 1 -10 8 1 -5 -1 -5 4 10 -8 -2 -2 4 -1 1 -8 3 0 -1 -6 5 5 23 8 2 -7 0 10 -4 4 -8 2 -1 -5 6 3 2 -6 5 -9 -4 -2 -6 -9 3 -2 2 -3 5 4 -6 7 5 3 4 0 -2 -3 3 0 -16 -5 2 2 1 -9 -13 2 0 2 -1 7 -6 4 -1 -8 0 -21 9 18 -3 6 -6 3 -5 -1 4 -3 2 -7 -1 2 3 -4 -2 9 6 1 3 1 -1 -4 -5 0 0 11 -6 -2 4 -4 4 -2 3 0 3 6 4 0 -2 1 -4 -6 -14 -18 19 -8 10 -5 -8 2 0 6 -4 2 -4 8 3 5 -9 0 -32 -1 -5 1 -15 -4 -6 -6 -3 22 2 8 0 4 1 3 47 -4 26 10 5 1 6 1 -4 -12 6 -9 -16 3 -10 3 12 0 7 -2 -6 3 26 6 2 -1 -4 3 3 1 -7 4 -4 10 -2 2 -2 2 1 9 9 -3 -4 -2 -8 -3 14 -3 -5 -8 -2 0 17 -10 13 -1 -1 2 7 -19 -5 6 -10 2 3 -1 0 -5 -1 -3 5 -2 3 3 0 -4 9 -2 0 24 -9 1 13 1 -8 -4 3 0 2 1 5 -10 6 4 -6 5 14 16 -7 15 3 5 -1 9 4 1 8 2 -1 2 3 7 -2 -35 1 13 -2 -5 0 -9 3 -3 -3 3 -6 0 2 6 3 4 -22 -4 -11 -1 4 -2 1 -1 8 0 -2 7 -6 -1 -3 2 12 -5 0 3 -11 9 -2 6 1 0 -5 -21 1 6 0 1 6 5 16 -3 -4 -4 -7 -2 -4 3 17 14 3 3 2 -6 -8 -4 8 8 0 -3 4 5 1 1 1 -9 -3 -5 -24 19 3 2 16 3 7 -3 -1 6 7 2 -4 3 -4 -1 -3 7 1 -6 -27 5 -2 -7 -9 15 -2 -3 -7 -3 7 0 6 1 3 3 -4 5 1 -10 -3 2 -3 -2 2 5 1 7 -7 3 7 -7 -3 -1 -28 -2 -2 -2 -1 -2 -1 3 -1 6 -6 -4 6 -4 -8 8 0 2 -7 5 -1 0 -33 -8 4 2 -2 -24 7 -13 8 5 1 3 -2 -1 5 2 7 -9 -3 2 3 -12 -7 6 5 22 1 6 1 2 8 -3 -1 -7 7 0 5 -6 8 -2 -7 1 21 -3 18 4 2 -10 -8 0 15 8 0 -8 -17 0 -2 0 7 -10 3 -34 -6 2 -1 0 -3 3 -16 -6 2 -2 -6 1 0 -6 1 -4 -5 -4 -6 10 -4 3 -1 -5 -4 -21 -2 4 -18 -10 -2 -7 -2 -6 22 0 -1 -2 18 -7 27 -2 -2 -1 -2 -5 2 -5 5 -1 -1 -3 18 11 -1 4 3 6 -2 0 4 -1 -1 3 0 -1 -2 -9 8
Q 1 273 0 11115 -1 2 2 -1 -2 0 5 8 -4 -7 -3 -15 5 4 -8 -10 -9 18 3 -14 1 -5 9 -3 -3 8 -4 4 2 -10 7 8 -6 -6 2 -3 6 0 -6 -1 6 -4 -9 -3 3 24 0 3 -1 -6 11 -3 0 -14 13 -3 -7 24 4 -2 -2 4 -8 -5 3 -4 -9 -6 -9 -1 -2 2 -9 -2 3 14 5 6 -1 -4 0 4 -4 -11 -3 -2 2 1 -6 -9 -4 -3 -3 -5 19 -2 7 -5 -3 3 -11 4 22 0 0 -6 7 9 2 4 -2 0 -3 1 2 11 1 -1 5 22 -7 0 2 1 -5 -1 -5 7 1 -6 -6 1 -6 8 -1 0 3 5 -4 4 1 -3 2 -1 -6 -7 -3 16 -6 7 -8 -4 2 -4 6 -5 -1 -4 -7 3 3 -8 1 -24 -5 -10 5 -15 4 -8 -10 -11 28 1 11 2 7 2 1 51 -5 17 8 6 1 3 1 -8 -13 1 -5 -4 1 -6 3 8 -3 7 3 -10 2 18 10 2 6 -2 6 6 -16 -7 2 0 18 0 -1 -9 -3 4 4 6 -4 -3 -3 -8 -5 20 -5 -5 -3 4 9 50 -1 10 -2 -3 0 -1 -11 3 3 -12 -6 4 -5 -2 -7 4 -13 0 -1 7 -4 6 -9 2 13 1 14 -20 -18 5 -8 -8 -2 -2 3 -4 2 -3 -6 7 8 1 6 12 8 -5 11 -1 2 -1 4 13 0 -1 -15 -2 1 1 8 6 -42 0 16 3 1 7 -4 17 -8 -4 6 -1 1 6 9 0 4 -22 -8 -8 0 3 -7 0 -2 6 10 0 7 -9 0 4 -3 2 -3 -3 3 -9 11 -7 5 0 -2 -3 -19 -4 8 -2 1 4 1 6 -5 -6 -8 -6 2 1 5 15 10 -2 9 2 0 -1 -5 8 12 4 7 4 6 0 6 4 -8 -11 -6 -20 18 1 0 1 3 0 -5 -7 10 6 -3 -2 4 -2 -5 -5 6 1 -1 -18 4 6 -8 -13 4 -4 -1 -9 -5 8 -1 8 -2 6 -15 3 3 7 -5 -3 0 2 -1 -2 -4 4 11 -2 0 8 2 -1 2 -13 -1 -3 -3 1 -13 3 4 6 9 -7 -10 9 -2 -12 6 5 2 -2 6 2 -7 -21 -8 2 7 8 -6 13 -10 2 3 8 -2 -2 2 1 -1 -3 -2 -3 7 3 -2 -8 9 1 28 1 4 -3 1 10 -5 0 0 0 4 7 0 17 1 -9 1 11 -6 14 -2 -3 -5 -10 -3 11 10 3 -1 -20 -6 -5 -1 -5 -9 7 -18 -2 -6 6 -2 -2 5 -4 -5 7 1 -5 -3 2 -7 9 0 -3 -2 -4 13 -4 4 15 7 -6 -24 -3 -2 -27 -11 -6 -6 0 -5 5 1 -4 4 16 -8 14 -1 -4 -3 -3 1 -5 5 5 -3 3 0 19 12 -2 -1 0 2 -2 -4 1 12 -1 1 5 -2 -2 -9 8
Q 1 288 0 -8616 -1 11 0 -1 -2 3 1 -1 -5 -14 0 -14 -2 8 -7 5 -4 17 -1 -7 2 -11 13 -7 -7 4 1 -7 -1 -4 4 10 -9 0 -3 2 -2 0 -6 2 -7 2 -3 2 6 14 6 4 -10 3 4 -6 5 -2 7 1 -9 7 -1 -1 2 5 -12 -5 -6 -5 -18 4 -2 4 2 4 0 -6 7 6 -1 4 -2 1 -4 1 3 -16 -9 0 3 1 -7 -17 1 -3 7 -3 -12 -6 5 -1 -8 -3 -14 7 23 -4 6 -2 -4 6 0 4 0 7 -3 -3 5 10 -6 -1 11 19 -1 0 2 -5 1 -1 2 -3 24 -4 -3 4 -4 7 12 7 -2 -1 3 6 -2 -4 6 -3 -3 -8 -21 12 -3 7 -2 -12 -4 1 3 -1 6 -5 5 3 6 -2 -2 -22 -4 -1 -2 4 -4 -6 -5 -10 23 2 8 -1 2 -2 4 34 -2 7 9 2 -1 2 -3 -4 -15 8 2 -8 -1 -5 7 -4 -1 4 -3 -12 0 24 10 15 3 -6 8 5 6 -5 1 1 9 2 2 -4 10 0 5 5 3 -4 -2 -9 -1 8 -5 -3 -3 6 6 8 -15 9 3 0 8 11 -17 -5 8 -3 1 7 -2 -2 -8 9 0 11 -2 8 -2 -1 -1 1 1 -2 15 -12 -5 9 1 -4 -2 3 -2 3 -2 2 -11 -5 1 -13 7 16 0 -10 23 3 9 -3 7 1 10 16 3 0 5 5 6 -5 -18 0 12 -3 -2 -1 -12 2 -1 -4 2 -7 0 0 5 2 5 -31 -4 -7 -2 7 -7 0 -1 3 -1 -1 2 -2 -2 -1 -1 14 -7 -2 6 -6 8 -1 0 3 4 -5 -19 2 1 3 9 3 8 8 -4 -4 -9 -1 0 -6 6 16 2 4 5 -1 1 -3 0 6 8 -4 6 11 6 -2 2 -5 -17 -5 -3 -13 20 6 6 8 4 5 -4 6 7 5 9 -4 0 4 3 -2 7 4 -2 -18 6 -5 -6 -6 6 0 0 -1 -4 6 -1 5 -4 -1 7 -2 7 -1 -9 -1 2 -6 -8 1 1 -11 -1 1 4 7 2 -3 -5 2 2 0 -1 0 8 -2 -2 -5 5 -1 -4 7 -5 -4 9 4 -1 -5 3 -13 0 -29 -8 6 -1 -3 -22 5 -3 2 7 -3 4 3 0 3 5 5 -12 -5 3 -6 -4 -5 7 29 3 0 3 1 1 4 -10 2 1 5 5 6 -8 9 -1 3 -2 24 2 8 10 0 -9 2 2 15 4 -1 -3 -11 -4 -2 0 20 -6 -2 -2 -2 7 0 -3 2 1 -12 -5 6 -1 -5 5 0 -11 -1 -10 -3 -2 0 12 -3 4 -2 -1 -10 -2 -2 1 -9 -4 1 -5 -2 -2 17 0 -3 -6 13 -10 15 -2 -2 1 -3 -6 2 -6 6 -2 0 -4 31 17 1 0 0 2 -2 7 0 0 -4 1 1 -5 -2 -10 8
Q 1 289 0 1460 -1 8 -1 1 -8 2 4 4 -5 -8 -3 -19 0 5 -5 -4 -6 14 -1 -13 3 -5 6 -10 0 5 -4 2 2 -10 7 6 -5 -3 1 -7 4 -2 -5 -5 -1 -3 -5 -5 3 17 -3 3 -3 -3 6 -4 3 -8 21 -3 -9 26 2 -7 5 4 -10 -5 0 -4 -19 -5 -11 2 2 0 -12 -2 3 16 2 6 -3 -1 -1 2 -3 -10 -6 -3 3 0 -3 -11 -5 -5 0 -8 1 -2 9 -7 -2 1 -8 1 24 -1 -3 -2 3 20 2 4 0 5 1 2 7 18 1 1 6 38 -9 -2 1 -3 0 3 -5 6 9 -3 -8 1 -6 10 14 3 1 3 -7 4 -2 -5 5 1 -2 1 -2 9 0 5 -6 -6 -4 -3 1 1 2 -4 -14 2 3 -4 -1 -13 -7 -7 3 3 3 -8 -9 -14 29 2 11 1 5 1 0 37 -3 -2 8 3 1 -3 -4 -8 -15 3 4 7 -1 -3 7 -6 -4 4 3 -15 0 17 14 12 9 -3 9 7 -11 -7 -1 4 18 3 -1 -12 3 4 1 2 2 -3 -3 -9 -4 14 -7 -4 1 10 15 46 -4 6 2 -4 6 0 -10 5 4 -8 -9 7 -7 -3 -9 12 -14 5 -1 12 -8 9 -7 -4 14 -1 5 -23 -25 -1 -8 -5 1 -3 1 -4 -1 -5 -8 1 5 -4 8 15 -7 -6 16 -2 6 -3 3 10 8 5 -19 -4 4 3 8 3 -29 1 15 -1 4 8 -10 21 -6 -5 7 -2 0 7 10 -1 5 -31 -8 -3 -1 5 -11 -4 1 2 12 1 2 -2 -1 6 -6 2 -5 -4 5 -5 12 -6 0 0 1 -5 -15 -4 5 1 6 3 5 -2 -8 -7 -14 -1 3 -2 6 13 -2 0 12 -1 5 4 -3 5 13 0 19 9 5 -2 8 -1 -16 -12 -2 -8 17 3 4 -8 4 -2 -3 -3 12 6 4 -3 4 4 0 -5 6 5 4 -11 5 3 -9 -12 -4 -4 4 -4 -6 8 -1 9 -6 5 -12 7 5 6 -4 -2 1 -1 -7 -3 -8 -7 2 6 2 7 11 0 -1 18 3 0 -2 0 -3 2 -2 3 9 -3 -8 11 -3 -6 6 11 0 0 4 -7 -6 -16 -9 2 4 9 0 9 0 -4 3 6 -2 4 2 -2 2 -4 0 -4 7 -3 5 -8 9 22 10 2 2 -4 -1 6 -11 3 9 -4 5 7 -2 20 4 -3 -2 14 -2 5 6 -5 -1 -2 -1 12 8 2 3 -15 -11 -6 0 4 -6 3 14 -1 -4 6 -5 1 4 0 -3 11 1 -6 0 0 -11 7 -5 -2 2 2 13 -4 4 16 12 -10 -7 -3 -5 -22 -3 -7 -3 -2 -1 1 0 -6 2 13 -12 4 0 -3 -1 -1 0 -4 7 4 -4 5 0 30 20 -1 -6 -3 -1 -5 1 -2 14 -6 0 6 -4 -1 -9 8
Q 1 304 0 1989 1 7 3 -1 -2 5 1 1 -6 -13 0 -13 2 5 -9 -7 -8 25 -1 -8 1 -7 13 5 -12 5 3 -8 -2 -8 5 11 -11 -1 -1 3 0 2 -8 3 0 1 -5 8 4 23 8 4 -8 1 11 -3 4 1 12 0 -3 6 2 -3 -6 5 -13 -4 -1 -5 -11 -3 -3 2 -1 3 -1 -8 7 6 2 2 -2 -1 -3 -1 -2 -12 -5 0 -3 3 -11 -14 3 0 7 -4 -2 -5 4 0 -6 -1 -23 10 22 -4 6 -2 -11 -2 -1 5 -2 3 -6 -1 4 11 -6 0 8 13 -1 4 0 -3 -3 -5 2 -1 23 -4 -3 7 -3 6 4 6 1 1 6 5 1 -7 4 -5 -4 -14 -24 19 -10 6 -4 -10 2 -2 3 -6 4 -6 0 3 5 -5 1 -17 -1 -4 -2 -5 -3 -6 -9 -1 13 5 10 -1 2 0 3 58 -4 13 10 4 -1 6 -1 -8 -12 6 -9 -10 1 -9 4 7 -2 3 -4 -20 4 23 7 6 1 -2 2 3 -1 -7 3 -2 13 -2 2 -5 5 0 13 7 -2 -3 -5 -10 -3 15 -4 -3 -7 -3 6 22 -6 10 3 -3 1 8 -15 -9 7 -3 4 5 -7 -2 -4 1 -10 7 -2 5 1 0 -6 0 2 0 28 -15 -2 12 -1 -6 -3 3 1 0 2 2 -12 3 5 -4 7 22 11 -8 20 -1 4 -1 12 2 -3 10 8 1 3 5 5 -1 -23 1 17 -3 -4 1 -13 3 -4 -4 4 -4 1 0 3 2 5 -27 -3 -12 -1 8 -2 2 -4 5 1 -1 7 -3 -2 -2 5 10 -4 -4 5 -10 9 -1 3 2 0 -4 -18 0 5 0 5 6 7 7 -5 -3 -8 -5 1 -5 4 19 5 4 5 9 -4 -8 -3 5 8 -2 -1 18 7 0 3 -1 -14 -5 -8 -18 24 4 5 13 5 2 -4 1 10 6 3 -1 1 -1 3 -2 8 1 -7 -27 8 1 -9 -10 10 -2 -8 2 -1 6 1 6 -3 1 1 -4 7 1 -12 -1 5 -1 -4 0 5 8 10 -2 3 9 -6 -3 6 -16 -8 0 -4 -2 2 1 1 4 10 -3 -1 6 -6 -10 8 0 1 -5 5 -4 -1 -36 -10 7 3 -2 -23 8 -12 4 6 -3 4 -2 -3 4 4 6 -10 -2 4 3 -6 -6 11 21 26 2 7 -4 0 5 -7 2 -3 4 7 5 -7 8 1 -3 2 21 -2 11 4 1 -13 -9 0 13 6 0 -8 -22 -2 -3 0 15 -8 4 -38 -6 5 1 2 -3 1 -10 -9 4 -3 -5 3 0 -9 -7 -5 -4 -2 -1 11 -5 4 -2 -4 -6 -15 0 1 -20 -10 -1 -7 -1 -4 22 -1 -3 -1 22 -9 22 -4 0 0 -3 -3 2 -5 2 -1 2 -3 25 9 -2 1 -1 2 -1 3 1 -1 -4 0 2 -3 -2 -10 8
Q 1 305 0 9542 1 5 2 2 -8 3 3 4 -5 -9 -3 -17 3 3 -6 -13 -9 20 0 -12 2 -2 7 1 -5 6 -3 1 2 -12 8 10 -7 -5 2 -5 5 1 -7 -2 4 -3 -5 2 1 25 0 4 -2 -5 14 -2 2 -4 23 -1 -3 24 4 -6 -2 4 -10 -5 3 -5 -12 -11 -10 1 -1 1 -12 -4 4 15 4 4 -3 -3 0 0 -7 -8 -4 -3 -3 2 -8 -7 -3 -2 1 -9 10 -2 7 -5 0 2 -13 5 23 -2 0 -2 -4 11 2 5 -1 2 -2 2 5 17 0 1 3 29 -8 1 1 -1 -3 -1 -3 6 12 -4 -6 4 -4 9 4 2 3 5 -4 4 2 -7 4 -1 -4 -7 -7 15 -6 4 -7 -5 1 -6 3 -4 1 -5 -16 3 4 -7 2 -11 -4 -9 3 -5 3 -8 -11 -6 20 5 13 0 4 2 -1 59 -5 5 9 5 0 3 0 -11 -13 2 -6 2 0 -7 5 5 -4 3 2 -23 3 16 12 5 7 0 4 6 -14 -9 0 2 20 -1 -2 -11 0 3 7 4 -4 -2 -6 -10 -5 22 -6 -3 -2 2 14 52 2 8 1 -5 -1 -1 -8 -1 4 -6 -4 4 -10 -3 -6 5 -23 1 -1 10 -4 8 -10 -5 14 2 17 -25 -21 3 -9 -7 -1 -2 4 -6 3 -6 -10 7 7 3 8 20 5 -4 15 -5 1 -1 8 10 -3 0 -10 -1 1 3 7 6 -32 1 18 0 2 9 -10 17 -8 -5 8 1 1 5 8 -1 5 -27 -8 -8 0 6 -5 1 -2 4 11 1 6 -4 0 4 -1 -1 -2 -6 5 -9 12 -6 2 0 -2 -4 -15 -6 7 -2 3 6 5 -1 -8 -6 -13 -5 4 -1 5 15 2 2 11 8 1 -2 -5 5 13 2 11 16 6 -1 8 2 -12 -12 -7 -13 21 1 4 0 5 -3 -4 -7 13 6 -1 -1 4 0 -1 -5 6 2 -2 -19 7 8 -10 -14 0 -5 -5 0 -3 8 -1 10 -6 5 -15 4 5 7 -7 -2 3 2 -3 -4 -4 10 14 4 1 10 2 -2 8 0 -7 0 -4 0 -8 4 2 10 12 -3 -7 11 -3 -13 5 7 1 0 5 -1 -6 -24 -11 4 8 8 -4 12 -8 -1 2 5 -1 -1 -1 -1 1 -2 -2 -2 8 5 1 -9 12 16 30 3 6 -8 -1 7 -8 3 3 -3 6 6 -2 17 5 -6 2 13 -6 7 0 -3 -7 -12 -3 10 10 3 -2 -25 -9 -6 -1 1 -7 7 -18 -4 -4 7 -1 -2 4 1 -6 8 -1 -4 0 2 -10 2 -2 -3 1 0 13 -4 4 15 8 -8 -18 -1 -4 -28 -8 -9 -6 1 -3 6 0 -6 5 20 -10 11 -3 -1 -2 -2 2 -5 5 2 -3 6 0 23 13 -2 -3 -3 0 -3 0 -1 10 -6 0 6 -3 -1 -9 8
Q 1 320 1 0 1 -9 3 9 -11 2 2 -2 2 1 3 3 -2 8 2 -3 3 13 -6 -1 8 7 8 13 4 6 -6 6 1 -12 -3 -5 -3 2 1 3 4 -2 -4 8 -18 0 -10 -7 5 -1 -1 1 -8 -2 -3 0 4 5 -24 3 -16 -2 -6 10 -4 1 -6 -8 -7 2 -29 -25 4 6 -3 -5 3 -3 2 6 0 2 -1 -4 -1 -2 6 1 3 -5 10 6 -12 -7 10 5 -1 0 -24 -3 0 1 -9 -2 15 4 12 -4 1 2 5 10 -9 -5 31 -4 5 -2 -2 22 -2 -7 6 40 -3 7 2 -2 -6 8 -5 1 6 0 1 5 6 1 -6 4 -1 -1 1 3 -2 4 -2 3 0 -12 -8 6 -1 1 -1 3 5 -1 1 6 1 1 14 4 2 0 -5 13 1 3 0 6 -5 1 -1 -10 3 -1 -1 -2 5 1 -3 3 4 -2 -2 1 3 1 7 16 -2 6 10 13 -2 -3 7 11 -1 3 -2 19 3 -2 -12 0 6 0 -1 8 -8 2 -2 -6 10 -1 4 -2 0 6 -19 2 -5 3 2 -5 0 -16 -6 0 0 4 2 -27 -5 13 1 5 3 8 -11 -4 4 -2 6 -1 4 -1 -1 9 4 2 -2 0 -5 0 -1 -11 -6 -1 -26 14 12 16 7 -2 -2 6 -4 1 2 -1 -3 1 2 -6 11 7 -1 -8 -9 -8 7 -8 14 -8 11 -12 14 5 4 3 10 4 -14 -7 6 -1 2 6 7 -14 -1 -8 -16 -1 1 -12 -5 1 -3 -15 4 -6 1 3 -12 -3 -5 10 -7 6 3 -5 -3 -10 -1 -7 -5 5 4 2 -1 -6 3 1 -2 -2 4 4 -4 2 5 6 -2 -16 0 -3 -13 -3 2 -6 0 1 5 1 -7 -1 2 1 5 1 2 -7 5 5 -1 4 -3 -6 -13 -7 9 -3 18 -2 3 -9 0 -1 3 1 6 4 -2 2 10 -3 4 0 1 5 0 9 3 -3 -6 -2 7 3 1 4 -4 0 2 1 -2 -7 -19 1 6 -1 1 -5 2 3 1 0 -8 -13 -10 -1 -4 -1 12 0 12 2 2 5 -1 -7 12 2 -2 0 -4 -1 -8 3 1 -10 -5 -8 4 -3 6 -7 -1 -1 -4 4 -1 -8 1 -1 11 3 2 7 1 -8 -4 -1 3 0 -3 -9 1 11 -7 0 10 -17 12 -5 1 -5 4 -3 -1 -1 -3 3 -22 -8 -2 3 1 5 12 10 4 2 2 5 -6 -7 6 3 -4 -4 -1 -5 -4 3 -1 12 4 2 -30 0 8 -2 3 8 5 10 -7 3 4 0 -7 4 -10 -2 -8 -3 -1 7 -3 -4 -10 9 -5 2 23 -5 -2 -6 -9 2 -3 -7 5 6 3 -3 0 6 -4 -7 4 -16 -1 0 5 -4 2 -2 4 0 0 -9 -3 -3 -3 4 -4 2 -1 -5 -17 0 0 5 -1 2 -1 7
Q 1 321 1 0 1 -20 6 7 -2 2 11 1 -4 8 4 4 6 0 7 -5 5 11 -5 0 2 7 9 4 2 13 -9 13 1 -5 -1 -11 -14 3 -1 5 6 7 -4 5 -21 0 -13 -7 1 -4 1 3 0 -3 3 -6 1 13 -8 2 -14 -5 -4 9 7 -2 -5 0 -7 8 -11 -15 9 6 12 5 -7 -1 -1 3 -10 3 4 -7 1 0 6 0 1 -11 4 2 -15 -2 4 -1 0 3 -17 -4 0 6 -8 -5 25 13 13 1 7 2 6 -1 -11 3 20 2 7 -5 -4 25 7 -2 1 26 -4 5 7 3 3 7 -6 1 5 -4 -1 1 2 7 -18 3 -2 9 2 9 2 -12 -5 -4 -3 -3 -18 7 -2 1 0 0 19 6 6 -2 5 1 11 0 2 -6 -9 13 -2 -7 -2 3 -4 2 -2 -12 -6 -12 -2 3 6 4 -5 -21 0 -8 2 7 4 5 6 7 7 -4 5 12 -1 -1 10 16 -5 34 0 28 2 -4 -7 -18 3 2 1 8 -3 8 3 -10 15 -15 -1 4 -3 10 -2 4 -3 -1 4 -4 -1 -15 -3 0 -1 7 4 -28 -9 14 -4 2 7 13 6 -6 3 10 6 6 17 -4 -4 11 -10 -5 0 -2 -7 -4 2 -1 0 3 -33 -2 -13 10 10 -1 -5 -3 -2 0 1 -13 1 1 -5 -1 3 5 -16 -7 -2 -4 7 -6 12 -8 1 -2 0 6 7 4 5 0 -7 -4 3 -5 -4 8 1 -11 0 -5 -14 -1 -1 -8 0 7 -1 16 1 -4 0 3 -11 -1 -4 6 9 -4 1 -8 -2 -7 10 -7 -1 7 1 3 -2 -5 8 2 -4 -6 9 5 -11 -2 0 4 -3 -14 4 -6 -13 -4 2 -2 1 -4 4 1 0 -3 5 2 6 1 2 -3 12 -1 -1 2 3 -7 3 -5 5 17 23 -2 -2 -6 0 6 7 -8 -6 4 -2 -4 13 -6 1 -1 0 6 4 7 -5 -5 -8 2 -3 -5 -6 9 2 0 -1 -2 -4 -6 -20 3 17 -3 0 -2 4 6 -5 0 -5 4 -14 6 -8 -2 2 4 17 -6 4 6 -3 2 11 2 -5 1 13 -2 -11 1 -2 -16 -3 -14 2 -3 2 -6 2 20 -5 11 -2 -4 -2 5 7 -3 3 3 0 -6 -2 0 0 2 -1 -5 -1 14 -8 -3 -2 -2 19 0 14 1 0 -5 1 -2 -4 -1 -28 1 4 -4 0 8 -1 9 9 10 1 6 -5 -6 9 -4 -4 -9 -1 4 7 -2 -2 5 -2 -2 -9 3 1 1 1 -10 2 16 -5 5 1 -6 -2 5 -11 -9 -7 -1 -6 5 -3 -1 -3 -8 -12 6 26 0 3 7 -20 6 -2 -4 -1 3 5 -4 0 6 -3 -14 9 -5 -1 -8 -1 0 4 -4 6 7 8 -6 2 -2 1 -5 -7 3 -3 -4 -14 0 -8 4 0 3 1 7
Q 1 336 1 0 -1 -13 2 5 -9 1 1 4 4 2 2 3 -4 7 -3 -8 1 8 -3 4 9 7 9 18 2 1 -10 7 -5 -17 0 4 -4 -1 3 6 1 2 -6 10 -13 1 -8 -2 1 -5 3 0 -10 -4 -4 0 4 0 -15 3 -11 1 -5 4 -8 0 -10 -9 -5 0 -23 -19 0 4 0 -4 5 -3 -1 3 6 2 1 -4 0 -1 6 1 -1 -4 10 4 -10 -5 10 9 -5 -1 -11 -2 4 -1 -5 -2 9 3 7 -3 0 1 7 7 -7 -3 18 -5 3 -2 0 13 -2 -5 4 16 -1 5 2 -1 -4 6 -3 2 -2 -2 0 1 10 0 -2 4 0 -3 1 2 0 4 -3 -1 -3 -10 -2 3 -1 1 -1 -15 4 0 5 3 1 -1 2 1 5 0 -2 15 0 2 0 -3 -5 1 -3 -5 -3 2 -2 -4 3 -1 -2 19 2 11 -4 1 4 -1 8 12 5 7 9 1 -1 -4 0 7 1 -8 1 3 4 -5 -7 7 8 2 -2 9 -12 2 -2 -3 -1 2 3 -4 -3 3 -15 4 -4 0 3 -8 1 -4 -4 -1 -2 3 4 -22 -2 8 5 5 5 1 -10 -1 3 -9 2 -2 4 -5 -1 8 5 9 -1 3 -1 3 -4 -1 -9 2 -9 5 16 15 10 -7 -2 3 -3 -1 -1 0 -3 -2 5 -5 12 1 5 -3 -5 -10 8 -5 14 4 14 -18 15 7 2 0 8 4 -6 -7 14 -1 2 3 5 -11 -1 -5 -9 1 0 -12 -6 3 -1 -14 6 -4 0 5 -21 0 -8 10 4 1 4 -5 -5 -15 -2 -1 -3 2 0 -4 1 -5 4 0 -1 0 1 5 -3 2 4 5 1 5 -2 -2 -8 0 6 -7 -1 9 4 4 -10 3 3 -1 5 8 2 -6 3 3 0 1 -2 -4 -13 -10 5 -6 20 -3 5 -8 1 0 2 0 0 -1 -2 -1 8 0 1 2 1 3 -2 18 4 -4 -7 -1 7 2 -4 -2 -2 1 3 3 1 -6 -11 0 6 -2 -1 -3 -1 4 0 3 -4 -5 -3 1 -3 1 12 -2 18 2 0 4 -1 -6 10 0 0 3 -11 -8 -3 1 -3 -10 -3 -8 6 -3 8 -6 1 -5 -7 6 1 -6 -9 2 -2 1 2 5 3 -7 -4 -2 1 -1 -4 -5 2 9 -6 -1 7 -13 22 -10 3 -5 2 -2 2 1 -4 1 -12 -7 -8 10 2 7 10 4 1 -1 -2 6 -4 0 5 1 -2 -4 1 -16 -8 3 3 11 5 2 -37 4 6 -3 3 5 2 11 -3 2 1 0 -6 4 -6 -9 -8 0 -1 7 6 -6 -8 17 -4 1 20 -2 -3 -13 -10 -6 -3 -6 0 6 1 0 -1 -1 -5 -6 5 -15 -3 2 5 1 6 -2 3 1 -3 -10 -8 -2 0 2 -3 2 0 -5 -9 -7 0 5 1 0 -2 7
Q 1 337 1 0 -1 -23 2 3 0 -2 10 7 -2 13 3 5 5 2 -2 -12 3 6 -4 6 4 8 11 9 -1 5 -13 12 -5 -14 -1 -1 -17 -1 5 6 3 7 -5 6 -17 3 -13 -2 0 -10 2 0 -5 -6 4 -8 1 5 -4 3 -8 -1 -5 1 -4 1 -11 -2 -5 7 -4 -12 3 4 12 3 -1 -2 -3 2 -2 0 3 -8 3 -1 4 0 -4 -9 4 0 -11 -1 6 5 -3 3 -7 -4 6 4 -4 -6 14 10 9 4 4 2 9 -3 -7 3 11 0 6 -6 1 12 3 -2 1 5 -2 1 6 4 6 5 -7 3 -4 -3 -2 -3 8 0 -14 2 -2 5 3 8 2 -6 -4 -7 -7 -4 -9 0 -2 1 -2 -13 14 5 8 -5 3 -3 -5 -4 3 -4 -4 16 -3 -8 -1 -8 -2 2 -1 -4 -13 -7 -4 0 5 2 -4 -2 1 3 -3 5 4 3 7 6 8 0 3 -4 -2 0 2 13 -3 19 2 8 3 -6 -4 -11 4 2 3 11 -8 9 2 -6 2 -8 0 3 -7 5 0 6 -4 -3 2 -6 2 1 -1 0 -3 4 5 -19 -4 9 3 3 10 5 6 -3 2 1 2 3 14 -4 -5 13 -11 4 -1 2 -1 1 -3 11 -3 2 -12 -10 -6 7 11 -7 -5 -4 -1 -1 -2 -11 1 -1 2 -1 2 -2 -9 -5 2 -7 9 0 12 5 3 -8 1 6 4 -1 0 -2 1 -5 12 -5 -1 4 0 -7 0 -3 -6 2 -2 -6 -1 5 2 10 3 0 2 3 -21 0 -5 2 20 -7 2 -7 -4 -7 4 -1 2 1 -1 -5 -1 -4 6 -2 0 1 5 5 -10 -1 0 -1 1 7 -2 -2 -5 -1 3 -5 -2 5 3 0 -2 2 5 -1 6 5 4 -4 9 -3 -1 -5 4 -5 -3 -8 1 10 19 -3 1 -4 0 6 4 -8 -6 -4 0 -7 8 -3 -2 -1 1 2 2 18 -3 -5 -9 -1 -1 -3 -9 3 4 4 0 1 -5 -7 -11 1 15 -3 -1 -4 2 10 -3 4 2 9 -2 4 -4 1 5 0 23 -3 1 2 -4 1 9 -1 -3 6 1 -9 -6 1 -8 -16 -2 -9 6 -1 4 -10 4 19 -8 8 3 -2 -11 4 -3 -3 2 2 0 -4 -2 0 -3 0 -2 -4 -1 12 -3 -3 -5 0 29 -3 13 1 -3 -3 7 -2 -4 -1 -15 2 -6 8 2 9 0 4 3 6 -1 7 -2 2 7 -5 -4 -8 -1 -7 0 -1 2 4 2 -6 -19 9 1 2 2 -10 -2 14 -2 3 0 -3 -1 5 -4 -15 -5 2 -6 2 6 -2 -3 3 -10 6 22 0 3 -1 -19 -8 -5 -5 -3 7 2 -3 1 -1 -3 -12 10 -6 -2 -2 5 6 8 -4 1 4 2 -7 -5 -3 1 -6 -4 0 -4 -2 -10 -7 -7 2 1 4 -1 7
Q 1 352 1 0 1 -6 5 12 -12 3 2 -6 2 1 4 3 1 4 4 -5 2 14 -5 -1 7 6 12 12 5 2 -6 9 -1 -12 -2 -2 -3 2 -2 2 3 0 -4 6 -20 -2 -11 -11 5 1 0 2 -9 -4 -5 0 4 8 -13 4 -11 -3 -6 7 -5 1 -7 -8 -4 2 -29 -26 5 6 -4 -3 4 -5 1 5 -5 2 -2 -4 -4 0 6 0 2 -5 11 7 -10 -7 9 4 0 1 -29 -3 0 2 -8 -2 23 3 6 -6 2 2 7 4 -9 -6 24 -4 6 -3 0 14 -2 -8 3 37 -1 8 -1 -1 -5 7 -2 -1 12 0 0 4 4 4 -6 2 -2 -2 -1 6 -3 4 -2 3 1 -13 -7 5 -1 -4 0 4 4 -1 1 6 2 3 17 3 3 1 -7 4 0 4 2 9 -5 3 -4 -8 1 -2 1 -3 2 3 -2 3 4 -3 0 1 1 2 5 15 0 6 11 9 -2 -3 3 9 -3 -3 -2 6 2 -2 -10 5 4 1 -1 6 -3 3 -3 -5 14 -4 4 -2 -3 6 -20 2 -5 2 3 -9 -1 -13 -6 -1 -1 5 -1 -25 -3 14 2 3 4 4 -19 -3 3 -2 6 -1 3 -4 0 11 5 -1 -1 -1 -6 -2 3 -11 -3 0 -28 7 8 17 7 -3 0 6 -4 2 1 4 -4 3 4 -1 11 13 4 -8 -6 -5 7 -8 15 -8 10 -10 10 4 4 5 10 5 -9 -5 7 2 2 5 9 -17 -2 -4 -16 1 3 -10 -5 0 -2 -18 2 -5 1 2 -11 -1 -3 11 -12 3 5 -4 -2 -9 1 -10 -4 6 4 1 -1 -7 3 2 0 1 6 3 -4 4 4 2 -2 -10 0 -3 -8 -1 3 -4 -1 3 5 2 -10 -3 2 1 5 1 0 -6 7 6 -2 5 -4 -6 -11 -7 11 -6 19 -2 2 -8 -1 3 4 1 1 3 1 2 7 -3 4 -1 1 6 0 13 1 -4 -5 -1 0 4 -2 5 -5 1 5 1 4 -4 -18 3 6 -1 1 -3 2 3 0 -2 -9 -13 -7 -2 -7 0 8 1 14 10 3 6 -1 -8 12 1 -2 -1 -5 1 -8 4 0 -13 -5 -12 2 -3 4 -14 -3 0 -3 0 -1 -10 7 -3 7 3 3 6 1 -11 -5 -1 1 1 -2 -10 2 10 -8 2 13 -29 16 -6 4 -6 3 -2 -1 0 -2 3 -21 -6 -1 8 0 6 13 7 4 -1 4 3 -7 -2 5 3 -3 -3 0 -3 -1 4 -2 13 6 2 -33 1 8 -2 5 9 6 10 -6 1 5 0 -6 4 -9 -4 -7 -2 -3 6 -2 -5 -10 10 -7 2 19 -4 -3 -7 -12 3 -4 -8 6 6 2 -2 -2 8 -5 0 3 -13 -1 -1 4 -5 2 -1 5 -1 2 -11 -6 -2 -3 4 -4 4 4 -5 -12 -2 -1 4 -2 2 -1 7
Q 1 353 1 0 1 -17 9 10 -3 2 12 -4 -5 7 5 5 8 -4 8 -9 3 12 -3 2 0 6 12 4 2 10 -11 15 0 -3 0 -8 -14 3 -3 5 6 8 -3 3 -23 0 -13 -12 2 -1 3 4 -1 -6 0 -6 1 16 2 3 -9 -6 -5 6 7 -1 -7 0 -3 8 -11 -17 11 7 11 6 -6 -4 -2 2 -15 2 1 -7 -3 1 4 -2 0 -11 6 3 -13 -2 3 -3 1 5 -22 -5 0 7 -7 -4 33 12 8 0 8 2 9 -8 -11 2 13 1 8 -6 -2 16 7 -3 -1 22 -2 7 4 4 4 5 -4 -1 10 -3 -2 0 -1 10 -18 0 -3 7 1 14 1 -12 -5 -6 0 -4 -16 6 -3 -3 1 2 18 6 6 -2 5 3 14 -1 4 -5 -11 4 -2 -5 1 5 -4 3 -4 -10 -8 -14 0 2 2 6 -5 -22 0 -8 3 7 1 6 4 7 9 -3 5 8 -1 -3 5 15 -6 27 0 16 1 -4 -4 -13 3 2 2 6 3 8 2 -8 19 -19 -1 5 -8 11 -3 5 -3 -1 4 -7 -2 -12 -3 -1 -2 7 1 -26 -7 17 -3 -1 8 8 -3 -5 3 10 6 6 16 -7 -2 13 -8 -8 1 -3 -8 -6 6 -1 4 3 -35 -9 -17 11 10 -3 -3 -2 -1 1 0 -9 1 3 -4 3 2 12 -11 -7 0 -1 7 -7 14 -8 1 1 -4 6 6 6 5 1 -3 -2 2 -2 -4 8 3 -14 0 -2 -14 2 0 -7 -1 5 0 13 0 -3 0 0 -10 0 -3 6 5 -7 2 -7 0 -6 12 -11 0 8 1 3 -2 -7 7 3 -3 -4 11 3 -10 0 -2 1 -2 -8 4 -5 -9 -2 3 0 0 -3 6 1 -2 -6 4 2 5 0 -1 -2 16 0 -3 3 2 -7 6 -5 7 15 23 -3 -4 -6 -1 11 7 -8 -11 4 1 -5 10 -6 1 -3 0 8 5 11 -8 -6 -7 3 -10 -4 -9 10 0 1 2 -2 2 -3 -20 5 16 -3 -1 -1 4 7 -7 -3 -6 4 -10 6 -12 -1 -2 6 19 2 5 7 -3 1 11 2 -5 1 11 -1 -11 2 -2 -18 -3 -17 0 -3 0 -15 -1 22 -3 7 -2 -6 5 2 3 -3 3 3 1 -9 -2 -1 -1 3 0 -6 0 13 -8 0 2 -15 23 -1 17 -1 -1 -5 0 -1 -2 0 -25 2 6 0 -1 9 0 6 9 7 3 3 -7 -1 8 -4 -3 -8 0 7 9 -3 -3 8 0 0 -13 4 2 0 2 -9 3 14 -5 4 1 -7 -1 6 -9 -11 -6 0 -8 5 -2 0 -3 -8 -14 5 21 2 2 5 -25 8 -3 -5 0 4 4 -3 -2 8 -4 -7 8 -2 -1 -8 -2 -2 4 -2 6 6 9 -8 -2 -1 1 -5 -6 6 3 -4 -8 -2 -8 3 -1 4 1 7
Q 1 368 1 0 -1 -10 3 7 -10 2 1 0 5 2 3 3 -1 4 -2 -9 -1 8 -3 3 7 6 12 17 3 -3 -10 8 -6 -17 1 5 -4 -1 1 5 1 3 -5 8 -15 0 -10 -6 2 -3 4 1 -11 -6 -6 -1 4 2 -6 4 -7 0 -5 1 -8 1 -11 -8 -3 0 -23 -20 2 4 -1 -3 6 -5 -1 2 3 1 -1 -4 -2 0 5 0 -2 -4 12 4 -9 -4 10 8 -4 1 -16 -2 3 0 -4 -1 18 3 3 -5 0 1 8 2 -6 -3 13 -6 3 -3 2 6 -2 -5 2 13 0 6 0 0 -3 5 -1 1 3 -2 -1 0 8 2 -2 2 -1 -4 0 5 -1 4 -3 -2 -2 -10 -1 3 -1 -2 0 -14 3 1 5 3 2 1 5 0 7 2 -3 8 0 3 1 0 -4 2 -5 -3 -5 2 -1 -5 0 0 -1 19 1 10 -2 2 3 0 7 11 7 8 10 -2 0 -4 -4 6 -1 -12 1 -9 3 -5 -5 12 7 2 -2 7 -7 2 -2 -3 2 -2 3 -3 -5 3 -16 4 -4 0 3 -11 0 -1 -3 -2 -3 4 1 -21 0 9 6 3 6 -4 -18 -1 2 -9 2 -3 3 -8 0 9 6 6 1 2 -1 1 0 -1 -6 3 -10 -1 12 15 10 -8 0 4 -3 0 -2 5 -4 -1 7 -1 11 7 9 -4 -3 -7 6 -5 14 4 13 -16 11 6 2 2 7 5 -3 -5 13 1 2 2 7 -13 -1 -2 -9 3 1 -11 -6 2 0 -17 5 -3 0 3 -20 1 -6 11 0 -2 5 -4 -4 -14 0 -5 -2 3 -1 -5 1 -7 3 0 0 3 3 4 -3 3 3 2 2 10 -2 -2 -4 2 6 -5 -2 10 3 4 -13 2 2 -1 5 8 0 -6 5 4 -1 2 -2 -3 -11 -10 7 -7 20 -3 4 -6 0 3 2 0 -4 -2 1 -1 6 0 0 2 2 4 -1 21 2 -5 -6 -1 0 3 -8 -1 -2 2 6 3 5 -4 -11 1 5 -2 -1 -1 -1 5 -1 1 -5 -6 -2 0 -5 2 9 -1 19 9 1 5 0 -6 10 -1 0 2 -11 -7 -4 3 -4 -13 -3 -11 5 -4 6 -12 -2 -3 -6 3 2 -7 -4 0 -5 1 2 4 5 -10 -5 -1 -1 0 -5 -6 3 9 -7 1 10 -23 26 -11 5 -6 1 -1 2 2 -2 2 -11 -5 -6 14 2 8 11 1 1 -4 0 4 -5 3 4 1 -1 -4 1 -13 -6 3 2 13 7 3 -40 5 6 -3 4 6 3 11 -3 1 2 -1 -6 5 -5 -10 -7 1 -3 7 6 -6 -7 18 -6 1 16 -1 -4 -13 -12 -5 -3 -6 2 6 0 1 -3 1 -6 0 4 -13 -4 1 5 -1 6 -1 3 0 -2 -13 -11 -2 0 2 -2 4 4 -5 -5 -8 0 5 0 1 -3 7
Q 1 369 1 0 -1 -20 4 4 -2 -2 10 2 -2 13 4 6 7 -2 0 -15 2 6 -3 7 2 7 15 9 0 2 -14 13 -5 -13 0 1 -16 -2 2 5 3 8 -3 4 -18 2 -15 -6 1 -7 4 2 -6 -8 2 -8 1 7 6 4 -3 -2 -6 -1 -3 1 -14 -2 -2 7 -5 -14 5 5 12 3 0 -5 -4 1 -6 0 1 -7 0 0 2 -2 -4 -9 6 1 -10 0 6 4 -2 5 -11 -4 6 5 -2 -5 23 11 5 3 3 2 12 -9 -7 3 5 -1 6 -7 3 4 3 -3 -2 1 0 3 3 5 7 3 -5 2 1 -3 -2 -4 5 2 -14 -1 -3 4 2 10 2 -6 -4 -7 -5 -3 -8 -1 -2 -2 -1 -12 13 6 8 -5 4 -1 -2 -4 5 -3 -6 9 -3 -6 1 -6 -1 4 -3 -1 -15 -8 -2 -1 1 3 -3 -3 1 3 -1 5 2 4 4 6 9 0 4 -7 -2 -1 -3 12 -4 14 3 -3 2 -7 -2 -6 3 2 3 9 -3 9 2 -6 6 -12 0 4 -11 6 -2 5 -3 -3 2 -9 1 4 -1 -1 -3 4 2 -17 -2 11 4 1 12 1 -2 -3 2 1 2 4 13 -8 -2 14 -9 1 0 1 -2 0 1 11 1 2 -13 -16 -10 8 10 -9 -3 -3 0 0 -2 -7 0 0 4 3 2 4 -4 -6 3 -4 8 -1 13 6 3 -5 -4 6 3 2 0 0 5 -2 11 -2 -2 4 3 -9 1 0 -5 5 -1 -5 -2 3 3 8 2 1 1 0 -20 2 -4 3 15 -10 3 -5 -3 -7 6 -4 3 2 -2 -5 -1 -7 6 -1 1 3 7 4 -9 1 -1 -4 2 12 -1 -1 1 2 5 -3 -3 5 4 1 -5 0 4 -1 6 5 1 -3 11 -2 -3 -4 2 -4 1 -9 3 9 20 -3 0 -3 -1 10 5 -7 -10 -4 2 -8 6 -3 -3 -3 1 3 3 21 -5 -6 -8 0 -9 -3 -12 3 3 5 2 0 0 -4 -12 3 13 -3 -1 -2 3 11 -4 2 0 8 0 3 -7 2 2 2 25 5 2 3 -4 0 9 -1 -2 6 0 -9 -6 2 -8 -20 -2 -12 4 -1 2 -17 1 21 -7 5 3 -4 -5 2 -7 -4 1 2 1 -8 -2 -1 -4 1 -2 -6 0 12 -4 -1 -1 -12 32 -5 16 -1 -4 -2 7 -1 -2 -2 -13 4 -3 12 2 11 1 1 3 3 0 4 -3 6 7 -4 -3 -7 -1 -5 2 -3 1 7 4 -4 -22 10 2 2 3 -9 0 13 -2 2 0 -4 -1 7 -2 -17 -5 3 -7 2 7 -2 -2 3 -13 5 17 2 2 -3 -23 -6 -5 -6 -2 8 1 -2 -1 2 -4 -5 8 -3 -3 -2 4 4 8 -2 2 4 3 -9 -7 -2 1 -6 -3 3 1 -1 -6 -9 -6 3 0 5 -1 7
L 2 65 1 112 -1 -5 0 1 -4 4 -2 0 3 5 2 -3 -1 3 2 3 -1 0 -1 -1 1 2 -2 -5 3 4 3 8 1 -5 -4 -4 -11 3 0 1 1 -2 4 3 -1 -2 0 3 3 -3 0 1 -1 -2 2 -1 4 1 -4 0 -6 -3 1 13 3 0 0 -2 -3 5 2 -12 4 3 2 1 -2 1 -4 -3 -1 3 -1 -4 1 -2 1 2 0 -4 -1 5 -5 -2 0 -2 0 0 11 2 -1 -7 -6 4 2 2 0 -2 0 -5 -3 -4 1 1 4 -1 4 -1 -2 11 -2 1 -3 5 0 -1 -2 2 -2 1 -1 1 10 -3 2 3 -1 2 -1 3 -4 1 0 2 -3 -1 -5 -3 0 2 4 3 -2 -3 -1 1 5 0 0 4 3 1 6 2 0 -8 -2 5 -2 0 -2 -12 -2 1 -1 -3 5 -1 -3 3 2 2 1 2 1 4 -3 -2 -2 2 1 0 -5 -3 -6 -6 -1 4 -1 4 0 -9 0 -3 -3 3 0 2 1 2 9 1 -2 1 -2 -3 -4 0 -1 -2 3 -1 -1 3 -3 1 -2 -2 1 -4 -3 0 -2 3 -1 3 -2 3 0 1 6 -4 14 -8 1 16 -3 -2 -1 6 -1 2 11 -4 -1 -1 -5 -3 1 5 -3 0 -10 6 5 0 4 0 -5 1 6 -3 2 3 -2 5 -1 -4 4 -1 -6 0 7 -2 3 -4 0 0 7 -1 -4 6 1 -1 1 2 -10 0 -2 -4 -2 2 10 -5 0 -3 -2 3 -1 2 -2 2 4 5 2 3 3 6 5 3 -2 -1 3 -1 -1 -2 -3 5 1 6 0 3 -1 2 -5 6 1 5 0 -1 12 3 -3 -2 6 3 0 -9 2 -3 9 -5 -3 0 1 3 3 -2 -1 1 4 0 3 6 1 -1 -8 0 -2 -1 0 -2 0 2 4 5 16 3 -1 -10 -2 5 3 -4 -1 -1 -2 1 -2 -1 3 1 2 2 5 0 -3 -2 0 -3 -5 -3 -1 11 3 4 0 -1 4 -9 -3 2 5 -2 0 -1 2 3 -3 -1 7 4 6 3 -1 -2 -7 4 6 3 3 2 5 0 0 -1 0 -4 -1 7 1 -4 -3 0 3 4 0 1 3 -9 1 5 3 0 -1 -1 3 3 -4 -4 -1 3 1 -6 3 -2 3 -2 9 -3 0 0 -3 -4 -1 4 -12 -2 2 3 0 -1 -4 -3 0 1 6 2 2 -4 -2 5 1 2 3 -1 -3 2 -2 -6 0 -1 1 1 2 1 2 -3 -3 2 0 -1 23 -1 1 -2 2 -1 -1 -4 -2 2 3 -4 -6 4 -3 5 0 3 -3 2 -2 0 5 -4 -6 6 -12 0 0 -1 -7 7 2 -3 -2 -7 -1 0 -5 -3 3 -9 -2 -4 4 0 -4 -1 6 0 3 1 0 4 -8 -4 1 2 1 -1 -3 -2 -3 -2 -8 3 2 2 -2 -7
L 2 66 1 103 1 -10 2 2 -9 0 -3 -2 1 2 1 -8 7 1 5 -5 -1 -3 2 4 3 -4 3 -2 2 5 1 4 0 1 -6 -4 -13 4 -2 1 5 4 3 1 -4 -4 6 0 4 5 0 0 -1 -3 1 1 3 2 9 3 -8 3 -2 10 1 2 4 -2 -2 3 1 -4 7 2 -3 0 5 -2 -4 -1 -4 0 1 2 1 0 1 0 1 2 3 -1 -3 2 4 -5 -5 3 5 -2 2 -3 -2 0 11 5 -2 -2 1 -4 4 0 1 2 1 2 3 -2 0 4 -1 5 -4 -6 -2 4 -1 -1 -4 -1 -2 3 10 -6 5 2 -2 -2 -5 1 -5 1 -4 0 -3 -12 -2 -4 0 -4 1 -4 -3 1 1 3 3 0 4 1 0 0 9 0 -5 -7 -3 -3 0 4 -1 -2 1 5 -1 -1 -1 -7 -3 1 -2 1 -2 1 -2 3 -1 -1 0 3 0 -3 -5 -1 -2 -4 3 3 -1 3 0 -2 -1 2 -5 3 -2 8 7 5 -2 2 -4 3 -2 -2 6 -1 0 -8 0 -1 0 2 -3 6 -2 -2 0 -5 1 0 -2 0 -1 -18 -1 1 -4 1 2 -6 -13 -1 1 2 2 -1 2 3 1 0 9 -6 0 1 -2 -4 2 -1 5 -1 -12 9 -1 2 4 0 -1 0 1 -4 -1 2 -2 7 -4 -2 4 3 -7 -1 -7 2 -2 -2 -1 -12 3 -7 -3 4 3 -1 -2 2 -7 -1 -1 -3 -2 2 7 -1 2 -5 3 1 1 5 -2 3 3 8 2 2 -1 2 9 -2 -2 1 3 1 0 -2 0 3 5 7 -3 1 1 2 -4 3 -2 2 1 -4 10 4 -5 0 1 2 -1 -6 1 -1 0 -2 1 -2 0 -1 4 2 -4 -4 3 4 -3 5 3 0 -8 6 -2 4 1 -1 7 4 8 -2 17 1 1 -5 0 -1 -1 0 1 2 1 0 -3 1 2 -4 2 1 0 -7 -1 4 -3 -1 -10 0 -10 15 -1 4 0 -3 -1 -7 0 0 2 -3 -1 -3 -1 -2 -5 -2 5 -5 -1 5 -4 -2 -14 1 15 20 4 0 3 0 3 -6 -2 -14 3 5 0 -1 0 6 1 0 2 -3 2 6 -2 -5 4 1 0 -3 2 1 1 -2 -1 4 4 -3 0 -1 1 5 3 -2 4 -2 0 -4 8 1 -14 1 -6 -2 3 1 -6 -1 -3 3 6 1 2 -10 0 10 4 7 3 1 -1 4 -7 -2 3 -1 -1 0 3 -2 2 -1 -3 -7 -2 1 0 -3 0 -2 -1 -2 3 -8 0 -1 4 -4 -6 4 4 4 -1 0 -3 -4 5 2 0 -13 -6 3 -8 -1 -4 4 -6 5 2 -1 1 -9 0 1 -3 12 4 -1 -7 -1 3 -2 -5 -2 6 0 -1 0 1 -7 -1 -2 0 2 2 1 0 -3 -3 2 -4 -4 3 3 2 7
L 2 67 1 92 -1 -1 3 2 -7 -1 -1 -3 1 -6 2 -10 8 -1 5 -5 -4 -3 1 7 3 -3 -2 -3 0 8 1 0 -3 -5 -12 -2 -4 5 0 0 5 3 2 -3 -2 -7 3 0 6 7 0 3 -2 -2 3 -1 1 13 3 4 -5 0 -3 11 0 2 9 0 1 3 -2 0 8 2 -1 0 2 -1 -6 1 -6 0 -3 3 1 1 2 1 5 1 2 -1 -2 0 9 -6 -5 2 12 -2 3 -3 -5 1 19 7 -1 -4 0 -2 11 -6 3 5 -1 1 4 -1 -2 8 -4 4 -4 -9 0 2 1 -1 -4 1 -2 0 4 -11 1 2 -3 1 -8 0 -5 -1 -1 -1 -5 -5 -2 -3 0 -4 0 -2 -3 0 -1 3 0 -1 1 3 -2 -1 9 -1 -5 -6 -2 -7 -5 6 0 4 -2 5 3 4 -1 -9 -3 -1 -4 1 -1 -13 2 3 -3 -5 1 2 1 -4 -12 2 -6 -3 2 4 -3 4 -1 5 -2 -5 -7 1 -2 9 7 5 -7 -1 -12 0 -1 1 3 -2 5 -3 -1 -3 -3 3 -2 8 -1 -2 -1 -10 1 1 -1 -5 -1 -35 1 2 -2 -1 0 -4 -14 3 3 -2 4 1 5 0 0 2 9 -13 2 -1 0 -5 1 -3 3 -2 -12 5 0 4 3 3 -2 1 -4 -3 0 1 -3 11 -2 -3 1 -2 -12 -3 -5 3 0 -1 -8 -21 6 -5 -3 3 2 -1 -4 0 -1 -5 -4 0 -4 2 7 -7 4 -7 2 1 1 6 -5 2 2 16 3 1 1 2 7 0 -2 1 7 2 -1 -1 3 3 5 14 0 3 -1 2 -5 0 -2 0 2 -5 14 5 -4 1 1 4 0 -16 3 1 4 -1 1 -1 1 -2 4 3 -3 -6 2 5 -5 5 4 -1 -7 3 -6 3 1 0 5 7 1 2 10 5 0 4 2 6 2 4 0 6 2 0 -2 2 2 -2 1 -1 1 -13 2 3 0 -1 -7 -1 -15 15 1 7 -3 -3 -12 -2 -5 -1 -1 -4 2 -4 0 -7 -2 -2 8 -4 0 5 -1 -3 -8 1 18 24 3 2 2 -2 6 -9 -4 -16 2 6 -2 -1 -1 5 2 5 2 -5 1 8 -5 -11 1 -2 2 0 4 -2 0 -3 2 5 4 -5 -1 -5 1 2 3 -4 1 0 4 -1 5 2 -16 1 -6 1 5 -3 -4 -2 -5 1 4 0 8 -16 1 8 1 5 5 11 -1 2 -8 -7 6 -1 -2 1 2 9 2 -2 -3 -10 0 -4 6 -1 -1 -2 -2 -2 1 -8 -1 -5 8 -2 -7 3 4 5 -1 0 0 2 7 4 3 -11 -5 4 1 0 -2 10 -13 7 2 -3 1 -11 4 2 -1 17 2 -10 -8 -5 6 -5 -3 -2 5 1 -2 0 2 -4 0 -4 1 1 5 4 1 -3 -3 3 -5 -6 1 3 3 -7
L 2 68 1 124 -1 1 -1 -1 0 2 -1 1 4 4 3 -6 -2 0 1 2 -2 -3 0 3 2 0 -3 -8 1 8 1 6 -3 -6 -9 -2 -8 4 1 2 1 1 2 2 -1 -3 1 0 4 -1 2 2 -1 -1 2 -1 2 10 -4 1 1 -7 1 13 6 -2 4 -3 -2 4 0 -8 5 2 2 2 -4 1 -3 -2 -3 4 -2 -3 1 -2 1 2 3 -4 0 4 -6 -3 3 -2 -2 0 13 1 -1 -7 -7 5 10 3 3 -3 0 -4 2 -10 3 4 6 -2 3 -2 -3 11 -4 3 -3 3 2 -3 1 2 -2 3 -1 0 9 -8 0 3 -3 2 -9 2 -3 1 1 1 -2 1 -5 -3 0 3 5 5 -1 -3 -2 3 -1 -1 0 4 1 2 6 -1 -1 -6 -3 -4 -3 1 -3 -3 -1 1 0 2 2 -4 -3 1 1 4 -1 -11 1 11 -5 -1 0 2 3 2 -7 -1 -7 -5 -1 4 -1 8 1 -3 -3 -7 -4 3 1 3 3 1 5 -2 -8 1 -1 -3 -4 0 1 -2 2 -5 2 4 -2 3 -1 -1 0 -5 -2 0 -3 -1 -3 -16 -2 5 1 -2 4 -3 2 -6 0 5 0 -1 3 1 0 5 13 -11 2 -2 -5 -3 -3 1 -8 1 -15 0 0 3 4 0 -4 2 2 -2 3 2 -3 6 -2 -4 1 -3 -10 0 4 -3 1 -3 -5 -3 7 -4 3 7 0 0 -1 1 -3 -4 -6 -4 -2 2 7 -9 2 -5 -3 3 -1 3 -5 3 4 13 3 3 3 5 2 4 -3 -1 12 -1 -2 -1 0 3 2 11 3 3 -3 2 -6 4 -1 4 -1 -2 17 4 -5 -3 5 6 0 -8 2 -3 5 -3 -3 1 1 5 3 -1 1 0 5 3 0 6 2 -3 -10 1 -4 -2 0 -2 0 4 3 5 13 4 1 -4 0 6 3 0 -2 1 -1 3 0 1 3 1 1 2 6 0 -1 -1 1 -2 -6 -3 -6 13 5 5 -2 -1 -4 -6 -5 1 3 -1 0 -2 1 -2 1 0 9 1 4 3 1 -2 -4 4 16 14 4 3 5 -2 5 -4 -1 -10 6 8 -1 -3 -4 -1 2 6 -1 -1 4 -8 1 0 2 0 2 -1 11 0 -3 -4 1 1 3 -4 2 -6 3 -5 6 -5 -3 3 2 -1 -2 3 -10 -1 3 4 0 -5 -3 -4 -1 1 5 1 3 -7 -1 3 1 0 4 7 -3 1 -3 -8 2 -1 0 2 0 6 3 -2 -2 -2 0 -3 23 4 0 -2 0 -2 -2 -1 -4 -1 3 -2 -5 4 -3 12 0 3 -2 6 1 3 5 -5 -8 7 5 0 0 7 -13 8 2 -4 -2 -12 0 2 -5 4 1 -10 -5 -6 5 -3 -2 -2 5 0 2 2 1 5 -12 -6 0 1 2 2 0 -3 -4 0 -8 -1 2 4 -1 -7
L 2 69 1 89 -1 -4 1 -5 -10 -5 1 2 -2 3 0 0 2 -2 3 -3 2 0 1 0 1 0 6 2 -2 -7 0 -7 1 4 -1 1 8 -2 -1 1 2 0 0 -9 -1 -1 5 -2 3 1 -2 -1 0 4 7 2 -2 8 7 -1 -7 -8 1 -2 -4 2 8 1 3 -1 4 -8 0 -3 -2 0 9 0 -8 4 -2 -2 0 3 1 2 0 1 -1 3 -2 -3 2 -1 5 -2 1 0 -2 -2 -3 3 0 -3 -4 -2 -8 1 2 -2 -1 5 -4 1 -7 -2 3 1 -1 0 3 2 2 8 -3 2 2 -5 -1 0 2 1 3 3 2 6 0 4 4 -2 2 0 -5 2 -2 4 2 5 -2 1 -2 -1 0 0 2 1 -2 0 1 4 -5 2 5 -1 2 3 1 -5 0 1 1 4 2 0 1 -3 9 4 3 -2 -2 3 -2 6 1 -7 1 -4 -2 2 0 -1 -2 -1 -6 1 0 1 2 -10 -3 -2 -1 0 0 1 4 0 2 -3 -3 -1 -5 -2 -1 4 7 -1 0 0 2 0 2 -3 4 -1 0 3 -2 -10 3 2 2 -3 4 4 1 -8 1 0 1 -1 -17 3 -2 -8 2 0 1 6 -1 -2 -1 4 2 0 5 0 3 -1 3 -2 1 9 4 -2 3 5 2 -1 -6 0 0 -8 2 -2 -3 0 0 -1 -1 0 -8 7 5 4 0 -6 -2 0 0 -3 2 0 -4 0 3 -1 -2 4 -2 4 3 -2 1 -2 -3 1 0 2 5 1 0 -14 1 0 -2 -2 4 -5 2 -1 1 1 0 2 2 -1 0 3 -1 -3 2 -4 0 -1 0 -6 -1 2 1 -1 1 2 4 -1 -1 10 6 0 0 -3 2 2 3 -6 4 2 0 0 -2 4 -1 -3 -1 2 -3 4 3 4 3 -1 -8 2 1 0 -18 1 -3 6 3 -4 -6 4 -1 1 2 -2 -3 -1 0 -3 -1 -5 -5 -10 -1 1 0 3 -9 -3 -5 4 -1 0 3 -4 -3 12 4 0 -3 1 2 -3 2 -7 3 0 6 -8 3 -1 0 -2 2 0 6 0 -5 -1 -1 2 -2 2 -2 -4 -8 -7 -1 2 -1 7 -4 7 -1 1 -2 3 2 6 1 -1 1 2 0 1 3 2 -1 -3 1 6 4 -1 -1 4 1 3 1 -4 2 5 8 -6 -16 3 1 2 0 1 -1 2 3 1 1 3 0 -3 0 -8 -1 -9 -3 -4 5 -2 -9 3 -4 0 5 0 2 -6 -3 0 0 -9 1 2 -12 -1 -4 -1 0 1 5 -3 0 -1 2 -1 -3 -1 7 1 3 -4 5 -13 6 -2 -4 -1 4 -1 3 2 -1 -3 6 -4 -1 0 4 -5 3 0 1 5 6 5 -7 2 -1 3 -1 -2 0 -1 1 -5 -4 -5 -1 5 -2 -1 1 -1 3 -1 -3 5 7 -4 0 0 -1 -7
L 2 70 1 88 -1 -2 2 2 -15 0 -1 -6 1 -6 1 -8 9 2 6 -5 -4 -3 2 4 3 -4 0 1 0 4 3 0 1 0 -8 -4 -10 4 -1 0 6 3 3 -3 -2 -5 1 3 4 4 -2 2 -4 -4 6 -3 3 9 4 3 -12 5 -3 13 -1 5 4 -1 -1 3 1 -3 7 2 -2 -1 11 -2 -7 0 -7 -1 -2 3 2 3 0 0 2 2 2 0 -2 0 7 -5 -3 1 10 -2 2 -2 -3 -1 10 7 -5 -2 -1 -3 4 -1 1 3 1 3 5 0 -1 6 -3 2 -4 -11 -3 4 0 -1 -6 -1 -1 2 8 -8 3 2 -1 -1 -3 2 -5 -3 -4 0 -6 -7 -3 -3 -1 -5 -8 -5 -3 1 0 1 5 0 3 2 -2 1 8 1 -5 -6 0 -6 -4 6 0 3 -2 5 1 0 -1 -7 -2 1 -5 -1 -1 -6 2 2 0 -5 0 1 0 -5 -8 2 -5 1 3 3 -4 -1 -1 5 0 -3 -7 0 -3 5 6 5 -5 1 -7 -1 -1 1 3 -3 3 -4 -2 0 -4 -1 -2 8 -2 -3 0 -6 1 1 0 -1 0 -17 1 0 -5 1 3 0 -7 -1 5 3 3 -1 2 4 -1 -3 8 -6 -1 2 -1 -3 3 -1 9 -1 -10 12 1 3 3 1 -2 -1 -1 -4 -1 2 -3 11 -3 -3 3 2 -7 -2 -6 5 2 -2 -3 -20 1 -2 -7 2 2 -2 -4 -1 -8 -1 0 -1 -4 2 4 -2 2 -4 5 0 2 5 -5 2 4 12 0 2 1 5 10 -2 0 2 3 2 1 -2 -1 5 5 9 -3 2 0 1 -4 1 0 0 1 -6 8 4 -1 2 1 2 -1 -5 3 0 3 -4 -1 -3 0 -3 7 4 -3 -4 2 4 -1 4 3 1 -2 2 -4 4 1 -1 4 7 4 1 15 4 -1 2 0 6 0 1 -3 4 4 -1 -5 2 1 -3 1 1 0 -24 -1 2 0 -1 -6 0 -10 14 -2 6 0 -3 -3 -6 -5 1 3 -4 3 -4 0 -5 -3 -2 8 -9 1 7 -2 -3 -11 1 13 15 2 1 2 2 2 -6 -2 -13 2 4 -1 -2 2 6 2 5 4 -3 0 2 -5 -8 2 -2 1 1 -5 2 -2 -3 1 7 2 -6 0 -2 -1 4 3 -1 3 -2 -2 -4 4 -2 -22 -1 -7 -1 5 0 -5 0 -5 2 5 1 8 -15 0 11 1 7 3 7 -2 2 -8 -4 3 -1 -2 0 3 0 1 -2 -4 -7 -1 -2 -1 -5 0 -2 -1 -1 3 -12 -1 -2 6 -4 -10 4 4 1 -2 0 -2 -3 5 3 1 -9 -2 2 -16 -1 -1 1 0 6 1 -1 2 -6 3 2 0 11 3 1 -6 -5 5 -1 -5 -4 7 2 -1 0 1 -6 4 -2 2 2 4 1 -1 -2 -5 2 -7 -2 0 1 3 -7
L 2 71 1 84 -1 3 3 6 -16 -1 -1 -3 -2 -4 1 -8 5 2 3 -4 -4 -5 3 1 3 -4 1 0 -1 5 6 2 2 -6 -8 -5 -10 2 -2 -2 4 2 2 -1 0 -4 1 2 3 6 -1 0 0 -2 0 -2 2 6 9 5 -4 5 -1 11 3 3 5 -1 1 3 0 -4 6 2 -1 2 2 -2 -8 2 -8 -2 -2 4 -1 2 3 -2 1 2 4 -3 -1 -3 4 -6 -4 2 3 0 3 0 -3 -1 13 5 -5 -1 0 -2 8 0 4 3 -3 2 4 0 -3 6 -2 3 -5 -2 -2 4 2 -1 -4 -1 -3 2 10 -6 4 4 -3 -2 3 2 -5 -2 -3 -1 -3 -7 -1 -3 -1 0 -3 -4 -5 0 0 5 6 -2 3 0 0 0 11 0 -6 -6 1 -9 -4 3 0 -4 -1 4 -1 2 -2 -6 -1 2 -3 0 0 -6 -1 -2 1 -4 -1 3 -3 -6 0 -1 -1 -9 5 2 -4 0 -1 3 2 -2 -7 1 0 8 5 5 -5 1 -2 1 -2 0 6 -2 2 -5 0 0 -3 1 -1 10 -4 -2 0 -7 3 -2 1 3 -2 -29 2 -3 -4 1 3 -4 -9 0 6 8 2 0 3 3 2 0 9 -5 -2 0 0 -3 2 -1 9 -2 -9 4 5 2 4 2 0 -2 3 -2 -1 4 -3 12 -1 -1 4 2 -11 0 1 6 -1 -3 -2 -20 -7 -8 2 1 3 -1 -1 1 -7 -1 6 0 -3 0 1 -1 2 -4 5 3 1 4 -1 1 3 11 1 2 1 2 1 -1 0 1 -3 0 1 -3 -1 1 7 6 -4 2 1 2 -5 2 -2 1 2 -3 7 5 -5 2 0 1 1 -11 2 1 7 -2 0 -1 -2 -3 7 2 -6 -5 -1 1 -7 5 3 4 1 2 -3 3 -2 0 7 6 5 1 17 4 -2 0 -1 2 1 1 3 2 3 -2 -4 3 2 -4 2 -2 2 -7 0 1 -3 -3 -4 -1 -4 11 -1 7 1 -1 -3 -8 -7 1 2 -5 1 -2 0 -1 -3 -5 3 0 -1 8 -5 -3 1 0 13 23 1 3 0 2 1 -5 -3 -6 -1 5 1 0 1 2 5 2 2 -3 -1 0 -7 -5 0 -3 0 -1 3 1 -1 -3 -2 6 2 -6 1 -2 -1 2 1 -2 5 -1 -1 -4 -1 3 -17 2 -6 -1 4 2 -5 -1 -7 0 -1 1 10 -11 0 7 0 7 2 0 -2 2 -4 -2 4 0 -2 -1 3 4 2 -2 -4 -9 -2 -2 10 -5 3 -2 -4 -1 5 -7 0 -2 7 -4 -8 5 3 -3 -1 -1 -3 -2 4 3 4 -20 -5 2 -3 -1 -2 2 -1 9 2 -2 1 -9 1 1 -2 4 7 -6 -7 -2 5 -2 -4 -2 5 1 0 0 0 -1 0 -4 0 2 5 0 1 -1 0 4 -5 -4 1 1 2 -7
L 2 72 1 96 1 6 0 1 -3 -5 2 0 -4 -5 0 -1 4 -3 3 -6 0 -4 2 2 0 -1 2 2 -4 -7 2 -10 1 4 -3 -1 10 -2 0 -1 1 0 0 -10 0 -2 2 0 1 2 -3 -1 -2 5 8 0 -4 17 7 2 -2 -6 0 -1 -1 1 8 0 4 -2 2 -2 0 -3 -1 0 9 1 -7 7 -5 -3 -2 5 0 3 -1 -2 0 4 -3 -3 6 -3 6 -2 0 0 -6 -1 -2 5 1 -4 0 -2 -11 1 0 1 4 5 -2 2 -3 0 2 0 -3 1 1 1 0 3 -2 3 6 -5 -2 0 1 -2 0 0 -1 4 0 3 3 -1 2 -1 -1 0 -2 5 2 4 -2 1 -1 -3 0 1 1 6 -4 1 0 5 -5 1 3 -2 2 4 2 -8 -2 3 2 3 1 -1 0 0 6 2 4 -2 -4 1 -3 -4 1 -10 1 -4 -1 3 -1 -3 -2 0 -4 -3 2 1 1 -11 -3 4 0 3 -1 -2 4 1 2 -3 -7 -2 -1 -3 -1 6 5 0 1 1 2 0 -1 -4 4 1 0 3 -3 -8 5 1 4 -4 2 -5 3 -10 1 -1 0 1 -20 8 -1 -12 2 1 3 1 0 -4 -5 3 2 -2 6 0 1 -2 8 -3 -4 4 4 0 -2 4 3 -1 -9 2 -2 -7 1 3 -3 -2 -1 -2 -2 -1 -7 8 6 3 -1 -8 -7 -2 2 -5 2 1 -4 -1 2 -3 4 5 -2 4 -2 0 3 0 -1 2 2 1 5 -1 2 -12 0 -1 -1 -1 1 -5 2 0 3 2 -1 1 3 -5 -1 1 -1 -2 3 -3 0 -2 -2 -6 0 1 -1 -1 1 2 1 0 -1 2 5 2 0 -3 1 1 0 -7 5 3 -1 -1 -3 4 -3 -4 0 2 5 3 1 5 -1 1 -6 2 -2 1 -19 1 -3 9 2 -3 -5 5 6 4 6 -1 -3 0 -2 -3 -1 -6 -4 -9 2 1 2 2 -5 -2 -4 4 -1 2 3 -3 -7 13 2 0 -4 1 3 -2 1 -9 5 -2 3 -11 -2 2 1 -1 6 -2 5 7 -6 1 -4 2 -1 0 -4 -4 2 -5 -2 5 1 3 -3 10 -2 -1 -3 4 -1 -1 -1 -2 3 1 9 0 5 0 2 -1 0 5 3 -4 -4 2 -2 3 1 -5 2 5 1 -8 -11 3 1 1 2 1 0 3 0 0 -5 3 2 -6 2 -6 -4 -11 0 -4 3 -1 -6 1 -2 1 3 0 1 4 0 -1 1 -16 0 0 -12 0 -2 -1 -1 0 3 -2 -1 -4 3 0 -2 -2 7 0 1 -5 6 -7 6 1 0 -3 4 -2 15 1 -1 0 5 -3 -1 1 3 -6 3 1 3 10 3 1 -7 1 1 1 2 -2 -2 -1 0 -5 -4 -5 -2 4 -1 -1 2 0 4 0 -2 6 3 -5 -1 -1 0 7
L 2 73 1 109 1 4 3 6 -11 2 -3 -4 0 -2 1 -5 7 4 2 -7 -1 0 3 0 3 -5 4 2 1 1 0 5 3 -2 -6 -5 -12 4 -5 2 5 3 3 -2 -3 -2 -2 6 2 1 -3 2 -4 -4 4 -1 3 2 0 3 -17 5 -4 13 -2 5 0 -3 -2 3 1 -3 7 3 -4 1 10 -1 -5 -1 -2 0 0 1 0 4 0 -2 -2 2 5 -2 0 0 3 -4 -2 1 5 0 2 0 0 -1 6 4 -8 -2 -1 -4 1 3 2 1 4 4 3 -2 0 7 0 1 -4 -8 -4 5 -1 -3 -6 -2 0 5 4 -4 6 2 2 -2 3 2 -3 -2 -5 -2 -2 -9 -2 -3 -2 -3 -7 -7 -4 2 1 1 7 -1 3 -1 1 0 9 2 -3 -8 1 1 -4 5 0 -7 -1 5 0 -1 0 -5 -2 2 -3 -4 2 1 0 -7 -1 -3 -1 1 -2 -3 -4 -1 0 -4 3 2 -3 -2 -1 1 3 5 -5 1 -3 5 3 4 1 2 4 3 -2 -2 2 -1 2 -3 1 0 -6 0 -3 8 -2 -3 1 -3 -1 -1 -1 3 3 -8 0 -1 -5 4 4 2 4 -2 4 11 0 -2 2 4 -1 -3 12 -4 -3 3 -1 -3 5 4 17 -1 -12 10 5 0 5 -2 0 -2 2 -5 0 2 0 9 -2 -1 2 3 -4 1 2 7 0 -3 1 -11 -5 -2 -7 1 2 -2 -1 2 -10 1 10 -4 -4 1 -5 1 0 0 4 2 -1 -1 -1 4 3 8 0 1 3 4 8 -2 1 2 -4 -2 2 -4 -2 3 5 2 -7 1 -3 1 -2 2 -1 0 2 -4 0 3 0 2 1 0 -1 -9 4 0 4 -3 -2 -3 -2 -6 7 3 -3 -4 1 2 3 2 1 1 1 2 1 4 0 0 4 4 3 2 16 1 -1 -5 -1 5 0 -1 0 0 2 -2 -4 1 0 -3 4 2 -2 -14 -3 1 -3 -6 -3 1 -2 11 -2 5 4 -2 3 -5 -4 3 5 -2 2 -2 1 -1 -7 -3 3 -4 -1 9 -5 0 -10 2 -1 8 0 -1 1 3 1 -2 -2 -5 4 5 0 -2 2 4 2 4 4 -1 1 0 -6 -1 3 -2 -2 -2 -4 3 0 -1 -1 6 -1 -9 2 0 -2 4 3 2 3 -1 0 -5 -1 1 -12 -1 -4 -2 2 3 -5 0 -4 1 0 1 4 -13 -5 13 3 4 2 -1 -2 1 -4 -3 2 -2 -2 -1 3 0 0 1 -5 -7 -1 0 2 -8 2 -1 -1 -2 2 -12 0 1 4 -4 -9 4 0 -6 -2 0 -3 3 1 2 0 -8 -5 1 -16 -1 1 -3 2 8 2 -1 1 -1 1 3 -1 0 5 -3 -4 -2 1 -1 -5 -4 6 3 1 0 1 -5 2 -2 1 2 1 -3 -2 -2 -4 6 -10 2 0 -1 0 7
L 2 74 1 69 1 1 0 2 4 3 -2 -1 3 -1 1 -4 -1 1 1 5 -2 3 -1 2 2 1 -4 -6 4 3 -1 3 0 -3 -7 -5 -8 6 -2 2 4 4 3 2 -3 -1 -2 7 5 -6 -1 1 -5 -3 6 0 3 9 -9 1 -7 -4 0 13 2 1 -1 -2 -5 5 0 -8 5 2 1 0 4 1 -1 -2 -2 4 -2 -4 0 -1 -1 2 -1 -3 0 4 -4 0 4 -1 -2 0 15 0 0 -5 -4 3 5 3 -2 -3 -1 -3 -5 -1 -2 2 13 -1 5 -1 0 16 -4 1 -4 -6 -1 -1 1 0 -5 1 0 3 7 -7 -1 4 -1 1 -7 2 -3 -2 1 0 -5 -2 -4 -2 2 -4 1 0 1 0 -1 2 3 1 1 3 1 2 1 3 -3 -7 -1 5 -2 0 -2 -4 -2 3 2 1 2 -4 -4 1 -1 0 2 -8 3 5 -1 -2 0 4 1 -1 -11 0 -6 -2 -1 4 -2 2 -1 -5 1 1 -3 3 0 -1 0 2 7 0 -3 0 0 -3 -6 0 2 0 3 -1 -1 2 -3 3 -2 -2 3 -2 -3 2 -2 1 -1 3 -1 3 -3 2 6 6 13 -6 0 6 0 -3 -1 3 -3 2 7 -5 -1 1 -4 -2 0 6 1 1 -18 5 4 -2 4 -2 -4 1 2 -5 2 5 -3 10 -3 -5 3 -1 -4 -1 1 -4 3 -3 -4 2 11 1 -12 6 1 0 -1 -1 -9 0 -1 -6 -6 2 5 -6 1 -1 0 1 1 1 -6 3 5 8 1 3 3 8 10 2 -2 0 9 1 -1 1 -1 6 3 5 -1 3 0 4 -4 3 -3 5 0 -1 12 2 -2 -1 2 2 3 -7 1 -6 6 -5 -4 -4 1 2 1 1 2 0 6 4 7 5 1 -2 -6 0 -2 2 1 -1 -1 3 2 5 17 1 -2 -6 2 8 2 -1 0 1 0 3 0 0 3 -1 0 5 4 -13 -1 2 2 -2 -9 0 -7 14 1 3 -1 0 -1 -7 -1 4 2 -1 1 -4 3 -2 -1 -3 6 -5 5 5 0 -2 -12 3 6 -1 3 2 5 1 2 -3 0 -9 12 10 -1 -5 -1 2 0 7 3 0 2 -7 0 -1 2 -2 0 -1 4 2 -2 -6 1 5 1 -6 1 -5 1 -2 6 -2 0 -1 -3 -6 -4 -3 -7 -2 5 1 3 -2 -3 -2 0 3 10 0 1 -8 -1 10 2 0 5 5 -3 1 -1 -7 -1 -1 0 2 1 5 2 -1 -4 0 2 -3 32 -4 -1 -1 0 0 -3 -6 -1 2 3 -3 -6 3 -1 7 -3 3 -2 11 0 2 4 4 -6 3 -10 0 1 -1 -6 6 4 0 -2 -3 1 3 -1 3 0 -6 -1 -5 4 -2 -5 0 7 1 1 3 0 -3 -3 -3 2 2 -1 -2 -2 -3 -4 -2 -13 4 0 -1 2 7
L 2 75 1 110 1 -4 1 2 -13 -7 3 1 -3 -1 1 -1 6 -3 4 -6 0 -1 1 0 0 2 2 3 -5 -3 3 -7 0 -1 -2 -1 14 -2 1 -2 2 -3 -1 -9 2 -3 3 -3 2 4 -3 -1 1 6 3 1 -4 10 7 0 -5 -6 1 -2 -5 2 9 3 5 -1 2 -1 -3 -3 1 -1 7 2 -9 7 -7 -4 -2 4 1 2 1 2 -1 3 -5 -2 5 -3 3 -3 -1 0 -6 0 0 3 -1 -2 -4 -3 -11 0 2 0 2 7 -3 2 -14 -1 4 2 -3 2 2 2 0 13 -2 2 4 -4 -1 0 0 1 -3 1 0 6 0 4 5 -1 0 0 -2 2 -1 7 2 4 -2 2 -1 -2 0 -3 1 0 -3 0 -2 4 -7 1 3 -4 2 3 1 -2 -3 3 4 4 0 1 2 0 8 4 4 -4 -1 3 -1 2 2 -10 0 -5 -3 4 -2 -4 -6 -1 -7 0 1 2 2 -11 -2 1 0 2 0 -4 5 5 1 -2 -5 -1 -8 -5 -1 6 6 1 0 1 1 1 0 -2 5 1 1 3 -5 -14 5 0 5 -2 4 -5 4 -9 1 -1 -1 -7 -15 11 0 -7 0 1 4 4 1 1 -4 2 2 -2 7 1 3 0 7 -4 2 6 5 0 1 9 0 -1 -8 1 -2 -7 1 5 -1 3 1 -4 -1 -1 -1 10 8 4 -2 -10 -6 3 3 -6 3 -1 -3 0 3 -2 -2 7 -1 5 5 -1 0 -1 -2 2 0 2 5 -2 -2 -12 -1 0 -1 -3 4 -4 2 -3 -2 0 -2 3 4 -1 2 4 0 -1 2 -3 -1 -1 2 -6 1 2 7 -1 0 1 3 -1 -1 1 6 4 10 -3 2 4 3 -8 2 3 0 -3 -4 2 -7 -3 0 3 3 -1 2 4 2 2 -6 4 -4 -2 -23 2 -5 9 2 -2 -4 5 -1 4 2 -4 -2 -2 0 -1 -1 -6 -4 3 1 -1 -1 4 -7 -7 0 1 1 3 0 -4 -3 18 2 1 -4 -1 3 -4 1 -5 4 -1 2 -4 1 0 0 -1 8 -1 6 10 -4 2 -2 3 -1 3 -2 -5 -13 -3 0 3 0 4 -1 9 -3 -1 -3 5 -1 1 0 -1 3 5 0 2 1 1 0 -1 2 8 2 -2 -3 3 2 1 1 -3 2 6 6 -9 -11 4 -2 3 1 2 1 2 1 -1 -5 4 6 -5 1 -12 -5 -12 -4 -5 4 -2 -9 3 -2 0 4 -1 1 -5 -4 -3 1 -10 2 1 -14 -2 -5 0 0 0 3 0 0 -3 4 2 -1 -1 6 0 4 -5 6 -14 8 -1 -3 0 5 1 7 3 -2 0 3 -4 -2 0 3 -6 1 -1 2 6 7 0 -6 0 2 3 1 0 -1 1 0 -7 -2 -3 3 3 -3 1 3 1 4 0 1 5 8 -6 -1 1 -1 7
L 2 76 1 101 1 0 2 3 -2 1 -2 -2 2 -1 2 -7 6 1 3 -2 -2 2 1 5 3 -2 0 -3 2 3 -1 1 0 -1 -7 -4 -10 6 -4 2 6 5 3 -1 -4 -2 -1 4 4 1 -2 2 -6 -4 6 2 2 8 -3 2 -14 1 -3 11 -2 3 3 -2 -3 3 -1 -1 7 2 -3 0 10 -2 -3 -2 -2 1 0 1 2 2 0 1 0 2 4 -1 -2 2 8 -4 -4 1 12 -2 3 -3 -2 -1 11 6 -3 -4 0 -4 1 1 1 2 7 1 5 0 2 11 -3 4 -2 -13 -2 4 -1 -2 -6 0 1 2 0 -7 2 3 0 0 -8 0 -4 -2 -3 -1 -5 -8 -1 -3 0 -8 -3 -3 -2 2 0 0 4 1 2 0 -1 0 6 2 -3 -7 -2 3 -3 4 0 0 1 5 4 1 -1 -8 -3 0 -2 -2 3 -5 2 -1 -2 -3 0 3 -1 -2 -16 1 -4 0 2 3 -2 -1 0 1 1 4 -4 3 -2 5 4 5 -3 2 -5 2 -1 -2 2 -2 5 -1 1 -2 -5 2 -2 6 -2 -3 0 -6 -2 1 -2 -3 2 -13 0 1 -5 1 3 5 -2 1 2 0 2 -1 1 3 -2 0 8 -6 -1 2 0 -3 2 3 11 -1 -15 11 3 1 5 -1 -3 1 -2 -7 1 1 -3 11 -3 -3 2 0 -6 -2 -6 3 0 -2 -5 -10 8 -1 -12 1 2 0 -4 -1 -6 0 3 -4 -6 1 0 -5 1 -3 4 0 -1 1 -5 3 4 14 2 3 0 3 12 -1 0 2 2 2 0 -1 0 5 4 6 -3 0 -1 1 -3 1 -4 1 1 -4 8 3 -1 1 1 -1 0 -11 3 -3 5 -1 -1 -3 2 -4 1 4 -1 -4 4 5 3 3 1 -2 -6 2 -2 4 1 0 1 5 1 2 13 1 -1 -2 0 5 0 0 -2 4 1 0 -3 1 2 -3 3 3 -2 -21 -1 5 0 -2 -10 0 -13 16 -1 4 -1 -1 -5 -4 -1 2 3 -2 1 -4 1 -5 -4 -3 6 -8 -1 8 -2 -2 -17 2 5 6 3 0 3 0 5 -7 -3 -12 6 7 -1 -2 0 7 2 6 6 -3 1 7 -3 -5 4 -1 -2 -2 -3 2 1 -3 0 6 1 -6 0 -3 -1 3 2 0 1 -2 1 -5 1 -1 -10 0 -3 0 4 -2 -5 -1 -4 3 5 0 4 -17 -2 13 3 5 5 7 -2 1 -6 -4 3 0 -2 0 3 4 1 0 -4 -6 2 -2 0 -7 -1 -1 0 -3 -1 -9 -1 1 3 -3 -7 3 2 1 -2 1 -1 8 4 3 1 -1 -5 1 -13 0 0 4 -7 7 3 -1 2 -5 3 3 -1 10 1 -5 -4 -4 3 -3 -5 -1 6 2 -1 1 1 -10 5 -2 1 3 1 0 0 -3 -4 3 -9 0 -1 0 2 7
L 2 77 1 91 -1 -5 0 3 -5 -5 2 1 -3 2 -1 1 4 -3 2 -4 2 1 2 0 0 1 5 0 -2 -6 1 -6 1 2 0 -1 10 -3 -1 0 2 0 0 -8 -1 -1 1 0 3 1 -3 -1 -1 4 5 3 -3 7 10 -2 -5 -7 0 -1 -3 1 6 1 2 -1 2 -2 -1 -2 -2 0 9 1 -7 5 -2 -2 0 1 1 2 1 1 -2 3 -3 -2 4 -1 4 -1 0 0 -5 -1 -3 3 1 -3 -4 -3 -12 0 1 -1 -2 9 -3 1 -3 -1 2 0 -1 1 3 2 1 6 -4 2 2 -5 -1 -1 0 1 -6 2 1 5 1 4 2 -2 1 1 -4 1 -2 0 3 3 -1 2 2 -3 0 -1 1 3 -4 0 0 5 -3 1 2 -1 3 2 1 -4 -1 3 2 0 3 0 0 -4 9 3 3 -1 -2 0 0 4 0 -12 1 -3 -2 4 -1 -1 -4 -4 -3 -1 0 1 3 -10 -2 -5 1 7 1 1 4 -1 1 -1 -1 0 -1 -1 -1 4 7 0 0 0 4 1 3 -3 3 0 0 3 -2 -9 3 1 2 -3 4 4 1 -8 1 1 2 -3 -19 6 -3 -6 -1 -1 2 5 -1 -2 -3 5 2 -1 4 -1 2 1 12 -3 -4 6 5 -3 2 5 2 -1 -7 -1 -1 -7 2 3 -3 -2 1 -3 -1 0 -8 7 7 5 1 -2 -6 -1 -2 -4 3 1 -2 1 0 -1 4 2 -1 4 4 1 0 0 -3 2 0 2 6 0 0 -13 1 -1 -1 -2 6 -5 3 0 0 0 -2 2 3 -4 1 -2 -1 -2 2 -4 1 1 -2 -4 1 3 4 -1 0 1 3 -1 -1 2 7 2 3 -4 2 1 1 -8 2 2 0 -1 -2 4 -1 -3 0 2 -1 3 4 6 1 0 -5 1 -1 -2 -17 -1 -3 2 2 -6 -4 2 8 1 2 -2 -3 0 0 -1 1 -4 -5 1 0 0 0 0 -10 -4 -3 4 0 1 3 -5 -2 14 7 1 -3 2 3 -2 2 -7 2 0 2 -10 1 0 -1 -1 0 -1 0 1 -3 -1 -1 3 -1 2 -2 -5 -2 -4 -2 3 -1 4 -3 7 -2 0 -2 6 2 5 1 1 2 1 6 2 5 1 -1 -2 1 7 3 -3 -4 4 2 3 -1 -4 0 4 7 -6 -9 3 0 2 1 2 -1 1 3 1 0 4 -2 -7 -1 -6 -2 -12 -1 -8 4 -1 -7 2 -3 0 4 0 2 -6 -2 1 0 -13 1 2 -12 -3 -5 0 1 0 4 1 0 -1 1 -1 -2 -1 6 3 3 -5 4 -7 4 -1 -2 3 1 0 10 2 -1 0 4 -5 0 2 3 -5 2 1 1 7 6 2 -4 1 -1 3 -1 0 1 -2 0 -5 -4 -8 2 4 -3 -1 0 -1 2 -1 -1 6 5 -4 1 0 -1 -7
L 2 78 1 99 1 2 3 3 -12 -1 -2 -2 0 -1 1 -6 5 0 3 -3 -3 -2 2 5 3 -4 1 -2 1 4 -1 4 -1 -6 -8 -2 -10 5 -3 2 5 2 2 -2 -2 -4 -2 2 4 4 -1 2 -3 -3 1 0 3 2 4 3 -8 3 -3 11 -1 4 5 -1 -1 3 0 0 8 2 -1 1 3 -3 -5 -1 -2 1 -1 1 1 2 1 0 1 2 3 -1 -3 0 6 -5 -4 1 13 -2 2 -2 -2 -1 14 7 -4 -3 0 -4 8 -4 4 2 1 0 3 0 1 6 -3 3 -2 -10 -1 4 -1 1 -3 -1 -1 2 0 -7 4 1 -1 0 -5 1 -5 -1 -3 -1 -4 -10 -1 -3 -3 -4 -4 -1 -3 2 -1 2 4 0 3 -1 1 0 8 1 -3 -8 -1 -9 -4 5 -2 -2 1 5 3 2 -2 -8 -1 1 -1 -2 1 -6 1 5 -2 -3 0 1 0 -1 -7 -1 -4 -2 3 3 -2 3 0 2 1 -4 -5 3 -2 3 5 5 -6 0 -6 1 -2 -2 5 -3 4 -4 2 -1 -3 2 -2 7 -2 -3 -1 -7 0 1 -2 -2 0 -30 0 0 -3 1 2 3 -8 -1 3 6 2 -1 4 2 0 1 13 -8 0 2 0 -5 2 -1 9 0 -9 6 3 3 3 1 -1 -1 1 -6 0 -1 -2 11 -3 -5 2 1 -11 0 -4 4 -2 -1 -3 -19 1 -7 -2 3 2 -1 -3 0 -2 -1 2 -3 -3 0 -1 -4 2 -5 2 2 1 4 -3 3 2 19 3 3 1 3 5 1 0 2 0 -1 0 -3 0 3 6 10 -1 0 -1 1 -5 2 -3 1 1 -3 9 5 -3 1 2 0 -2 -12 3 -1 5 0 1 -2 1 -2 5 3 -4 -4 3 4 -1 3 2 0 -6 3 -2 3 0 0 5 6 3 2 14 4 0 -2 0 4 0 0 1 2 0 -1 -3 2 2 -3 3 0 -1 -17 0 2 -1 -3 -5 -1 -11 14 0 6 0 -3 -6 -9 -4 1 4 -3 0 -3 -1 -4 -3 -2 8 -1 1 6 -3 -2 -9 2 7 12 4 1 1 0 5 -7 -3 -4 1 5 -1 -2 0 4 2 3 3 -2 2 4 -5 -3 3 0 -1 -1 0 1 0 -2 -1 5 2 -5 2 -1 0 2 2 -1 1 0 2 -3 4 7 -17 1 -5 0 3 -1 -6 -2 -4 2 4 0 6 -19 -2 10 3 6 4 8 -1 2 -6 -5 4 -1 -3 -1 2 0 1 0 -4 -7 0 0 5 -4 1 -1 -1 -1 0 -8 -1 -1 5 -4 -7 4 2 2 -1 0 -2 4 3 3 1 -9 -6 2 -6 0 0 5 -8 9 3 -1 1 -9 2 1 -2 9 4 -5 -7 -3 3 -3 -4 -3 7 2 -1 0 2 -6 2 -3 0 1 3 0 1 -3 -4 4 -6 -2 1 2 1 7
L 2 79 1 107 1 5 4 1 -9 0 -3 -1 0 -2 1 -7 3 1 4 -4 -1 -3 1 5 3 -4 1 1 0 5 1 5 -1 -2 -8 -3 -12 5 -3 2 5 2 2 -1 -2 -4 3 1 3 3 0 3 -3 -3 5 -1 3 8 -3 4 -11 3 -3 11 0 4 6 -1 -1 2 0 -4 8 2 -2 1 4 -2 -5 -2 -2 0 -1 2 0 2 1 0 3 1 5 -3 -2 2 4 -6 -4 1 8 -2 3 -2 -2 2 14 6 0 -3 1 -5 9 -3 4 2 1 0 4 0 -1 9 -3 4 -2 -7 -1 3 -1 1 -4 0 1 2 8 -6 4 1 -1 -2 0 2 -4 -1 -3 0 -4 -5 -1 -2 -2 -4 -4 -1 -3 2 1 2 5 0 2 -1 -1 0 11 0 -4 -8 -2 -1 -3 5 -1 -3 1 5 2 2 -2 -8 -2 0 -1 -1 0 -4 1 1 -2 -4 -1 1 -1 -3 -8 1 -3 -4 3 2 -2 3 -1 4 -1 -3 -7 0 -2 10 4 4 -5 1 -4 2 -1 -1 4 -2 3 -3 0 -1 -7 2 -3 6 -2 -3 0 -6 -1 1 -1 0 1 -26 0 0 -3 0 1 2 -1 -2 3 5 4 0 4 2 1 2 12 -9 -1 1 0 -4 3 1 3 -1 -10 7 3 2 3 1 -1 -1 0 -6 1 -1 -2 6 -3 -3 2 2 -10 -2 1 4 -3 -2 -4 -17 6 -6 -1 1 1 -1 -4 0 -4 -1 0 -1 -3 0 -3 -6 3 -5 3 1 0 1 -2 4 3 14 3 4 1 3 5 0 -2 0 0 -1 1 -3 -1 3 4 10 -3 0 -2 1 -5 1 -2 1 0 -5 2 4 -4 1 2 0 -1 -14 2 -1 4 0 0 -2 1 -2 5 3 -4 -4 2 3 -2 4 2 -1 -4 5 -3 1 0 -1 2 6 4 4 14 5 0 -1 0 5 0 1 -6 2 0 -1 -3 1 1 -2 3 0 0 -18 0 4 -2 -1 -3 0 -10 13 0 4 -1 -2 -7 -8 -6 1 3 -3 0 -3 0 -4 -3 -3 7 2 -1 8 -3 -1 -7 2 10 15 1 0 2 0 5 -6 -4 -8 0 4 1 -3 0 5 2 5 4 -2 2 4 -5 -3 3 -2 -2 -2 -3 0 -1 -2 0 5 1 -7 1 -1 1 3 2 -2 3 0 4 -3 -1 4 -15 1 -3 0 3 0 -6 -1 -5 2 0 0 7 -12 -1 9 3 8 4 6 -1 1 -6 -4 3 -1 -1 -1 2 7 1 -1 -4 -8 0 -1 8 -3 2 -1 -2 -1 1 -10 -2 -1 6 -4 -7 4 1 -4 -2 0 -1 3 5 2 2 -15 -4 1 -11 -2 -1 2 -8 11 2 -2 1 -10 1 1 -3 5 3 -8 -8 -1 3 -4 -3 -2 5 3 0 0 3 -1 -2 -2 1 2 4 1 2 -3 -5 4 -7 -2 0 3 0 7
L 2 80 1 119 -1 11 0 0 0 -3 1 4 -2 -1 -1 6 -6 -2 -2 5 2 1 -1 -2 -1 4 -1 0 -1 -7 0 -3 2 -2 -1 0 11 -1 -1 1 -1 -3 0 -7 1 2 -2 3 2 -8 -3 0 -2 4 8 -1 -2 12 -7 -2 -1 -11 2 1 0 0 2 1 2 0 2 -9 -2 -3 3 1 1 5 -5 4 0 2 -3 -2 -1 1 0 0 -1 -3 -5 0 3 -5 0 1 3 -3 -1 1 -4 2 -1 2 -7 -5 -7 0 0 -1 -3 3 -3 1 1 -3 1 1 -3 9 0 -1 1 14 0 -3 5 -2 0 1 2 0 -1 3 -3 4 1 5 7 1 3 1 2 2 -1 15 1 6 -1 5 2 4 2 -2 0 2 -2 0 -3 5 -2 2 -1 0 4 2 3 0 -1 -2 1 -4 0 -2 1 -1 10 7 2 -1 0 1 1 -2 3 -6 0 -4 -2 3 -1 0 -1 -1 -6 -2 -4 1 2 -7 -4 -5 1 -1 1 -2 5 -5 -5 -5 5 -3 1 -4 1 4 -3 1 1 5 5 1 -1 -4 3 -3 1 2 -1 -6 1 2 3 -1 2 12 1 -6 4 -1 3 6 8 -2 -2 2 -2 0 1 3 -1 2 -3 3 1 -2 2 1 1 5 -2 -1 -2 -2 9 -5 0 4 1 -1 -2 1 1 -5 2 -1 -2 -3 0 -5 -2 1 7 3 7 3 0 7 -2 3 1 -2 -1 1 -1 -1 1 -1 1 3 -1 2 -2 -4 1 3 -5 4 0 -2 5 0 0 -13 1 1 3 1 -3 0 2 -2 3 -2 -1 3 1 -3 -3 0 1 -1 0 -2 0 0 -1 -1 -2 4 0 -1 1 0 4 0 1 0 5 -2 8 -4 -1 2 1 -2 2 0 2 4 -2 1 3 -3 -2 1 3 -1 3 1 1 0 -11 1 -4 8 -17 2 -3 2 3 3 -1 3 3 -1 1 1 1 -1 0 2 -1 -3 -1 -1 0 -3 2 0 -1 -4 4 -2 2 0 1 -1 -2 9 1 3 -1 3 3 -1 5 -4 7 -1 3 1 6 -2 3 -1 13 1 -4 -11 -5 1 -1 4 -3 6 -1 5 -1 -1 -2 0 0 -2 -3 11 -4 4 -1 -10 3 9 -1 -2 2 3 7 1 0 -2 0 -2 -3 4 5 -4 -2 -3 3 1 -2 -2 0 3 -6 -5 -4 1 11 4 -1 1 1 1 5 0 -2 2 0 -1 -2 -11 -4 -15 -1 -6 3 -4 -2 -2 -6 0 6 1 -2 3 -2 0 1 -5 2 0 26 0 -3 1 1 3 -1 2 -2 0 2 -1 -2 -1 -1 1 2 -2 5 2 -1 -2 2 5 1 1 10 2 3 -6 3 -1 0 1 -1 -4 1 0 1 -7 4 -5 -2 1 -1 3 1 1 0 0 2 -4 -4 5 -7 3 -2 -1 -1 -3 0 -1 -1 2 -1 2 -1 -1 -3 -7
L 2 81 1 117 -1 0 0 -1 -6 -4 0 3 -3 1 -2 4 -6 -2 0 2 4 -3 0 -3 -2 2 2 0 -1 -4 4 -1 1 0 0 0 8 -3 1 0 -3 -4 0 -4 1 0 4 0 2 -4 0 -1 3 6 3 -1 -1 6 5 -1 5 -8 2 0 3 -1 4 2 3 -1 4 -12 -2 -2 3 1 -4 4 -6 5 -2 1 -2 -2 -2 -1 0 -1 -1 -3 -6 0 2 -4 -3 1 2 -1 -7 2 -5 2 0 3 -6 -6 -7 2 2 -1 -1 1 -2 2 -5 -3 -1 0 -5 3 2 0 0 20 0 -2 5 -1 1 1 -1 1 9 5 0 5 0 3 9 0 2 4 1 3 0 11 0 5 -1 9 6 3 2 -2 1 5 -3 -2 -2 5 -1 3 3 -1 2 1 2 -5 0 -1 -1 -7 0 -2 -2 -2 9 8 2 0 -1 4 -3 4 -1 -2 1 -1 -2 3 0 0 8 -3 -3 -7 -3 1 2 -4 -4 -8 -1 -3 0 -2 5 -2 -2 -5 6 -3 1 -3 0 4 0 2 -4 0 4 3 4 -4 3 -3 1 4 -1 -4 4 0 4 2 0 7 0 -6 4 -1 1 -5 -3 -4 -3 4 -1 1 2 2 1 2 -2 4 1 -2 2 0 1 1 -7 -2 0 -4 4 -4 -1 5 2 -1 -1 3 -2 -5 2 -4 -2 -2 1 -1 -3 2 6 2 4 3 3 5 -6 -2 9 1 1 0 1 2 0 -2 -3 4 2 3 5 -1 2 2 -6 5 2 2 8 0 -1 -19 0 0 2 0 -5 -1 1 -3 3 -3 -1 2 1 -5 -2 2 1 0 1 0 -1 1 1 0 -2 5 1 -1 -2 0 4 3 0 5 2 1 3 -5 1 3 -1 0 5 -2 0 3 -3 0 -3 -2 0 4 1 2 4 1 -1 -2 -4 -1 2 3 -14 2 -2 0 3 -3 -2 3 5 -3 1 1 1 -1 0 1 -2 -4 1 13 0 -3 0 1 -1 -4 7 -2 2 -1 2 -2 2 6 2 1 -3 2 2 0 3 -2 6 -1 2 4 7 -5 1 0 15 0 6 2 -5 2 -1 3 -5 7 0 3 -4 -4 -1 1 0 -3 -4 5 -7 3 0 -11 4 9 -1 0 2 2 13 0 0 0 -1 -3 0 7 5 -1 -1 -1 4 -1 1 -2 0 5 0 -3 -8 3 8 3 -2 4 1 0 6 -1 -2 3 -1 6 0 -13 -4 -14 -3 -11 4 -2 -2 0 -6 -1 6 1 -2 -3 -1 -1 1 -7 -2 2 25 4 -2 0 0 4 3 2 -1 -2 4 -2 -1 -1 2 3 2 -4 4 -9 0 -2 2 -6 1 3 15 1 0 -7 2 -2 0 1 -2 -7 -1 -1 -1 -6 7 -1 -4 4 0 3 0 0 0 -1 2 -4 -4 7 -12 3 -2 -2 1 -2 1 0 0 1 4 -2 2 1 -3 -7
L 2 82 1 100 1 -5 1 0 3 -3 1 0 -1 -7 -1 1 8 -3 6 -3 2 1 -2 4 0 1 1 2 -2 -7 2 -10 -1 7 -1 1 14 -1 1 0 2 0 2 -11 -2 -3 3 2 3 2 -4 0 -5 4 12 2 -3 13 0 0 -9 -6 -1 -2 -7 2 6 1 2 0 2 -2 0 -1 -2 -2 11 2 -5 4 -2 -2 -3 2 2 3 -2 2 1 4 -5 -1 6 1 8 -1 1 -1 1 -2 -2 3 1 -4 -1 -1 -8 0 0 0 0 6 -5 0 -1 1 2 2 1 3 2 1 0 -3 -2 2 3 -5 -3 0 1 -2 -5 0 -1 3 3 7 -1 -2 1 0 -2 0 -4 4 2 4 -1 -2 1 -3 2 0 1 1 -4 2 -1 6 -7 -1 1 -1 2 2 1 3 -3 5 3 1 -1 0 4 -4 9 1 2 -3 -5 0 -1 2 4 -13 1 -5 -2 3 1 -1 -11 2 -6 3 0 2 2 -11 -4 1 -1 3 1 -2 1 2 0 -2 -4 0 -4 -3 1 6 2 0 2 2 0 0 -5 -4 3 -1 2 2 -3 -9 2 3 5 -7 5 9 2 -7 1 0 -1 1 -13 9 -2 -9 2 1 2 3 -3 -4 -9 3 2 -1 4 -1 2 -1 8 -4 -1 10 4 0 -2 5 0 1 -11 0 -1 -8 1 0 -3 -4 0 -4 1 -4 -9 5 8 4 -2 -4 6 5 -10 -4 2 0 -6 -2 1 -3 -3 5 -3 6 7 -2 3 0 -2 0 1 2 3 -2 0 -15 1 0 -1 -1 10 -4 2 0 1 3 -1 3 3 0 -3 3 0 -1 2 -4 1 -1 0 -5 -1 -1 0 -1 3 3 1 -1 -3 -3 6 2 0 -3 1 -1 3 -8 3 3 1 -2 -1 3 0 -3 0 -1 -1 2 1 4 2 1 -8 2 -6 2 -24 0 -2 6 4 -1 -3 5 4 5 5 -1 -2 -2 -2 -3 0 -3 -6 -13 2 3 3 2 -7 -3 -9 4 -2 1 1 -5 -8 16 6 0 -4 0 4 -2 0 -8 2 1 5 -12 1 -2 4 -1 -4 -1 0 -4 -4 -1 0 1 0 0 -3 -8 -3 -5 -3 2 1 7 -4 9 -1 -1 -2 10 2 -3 2 -2 1 2 1 0 3 0 3 0 0 4 1 -3 -3 5 2 2 0 -7 1 5 7 -8 -11 2 -2 1 4 -1 0 2 2 1 2 1 -1 -7 3 -3 -2 -9 1 -2 5 -2 -8 0 -3 1 4 0 1 2 -2 0 1 -10 2 0 -17 -2 -6 -2 1 1 1 -6 0 -4 3 0 -3 -2 7 1 1 -5 7 -7 6 0 -1 7 5 -2 2 2 -2 0 0 -6 -2 2 3 -3 5 1 4 14 0 1 -4 0 0 1 1 0 -1 -1 -1 -6 -2 -9 4 6 0 -1 1 1 2 -1 -4 4 3 -2 -2 -1 0 7
L 2 83 1 85 -1 0 1 0 -12 -6 0 2 -4 1 -1 1 1 -2 2 -5 3 -5 2 -1 0 -1 5 4 -3 -4 4 -3 1 2 -1 1 7 -3 -1 0 0 -3 0 -8 0 -2 5 -3 1 3 -1 0 2 5 4 0 -2 6 10 1 -2 -4 -1 -1 0 2 9 2 4 -2 3 -6 0 -2 -1 1 2 1 -8 5 -3 -2 -1 2 0 2 2 -2 0 2 -2 -4 4 -2 1 -3 0 0 -9 -1 -3 4 1 -1 -1 -3 -9 1 3 -2 6 4 0 1 -10 -2 0 0 -3 -1 3 3 1 14 -2 2 3 -3 0 0 0 1 3 4 3 4 1 2 9 -1 1 3 -3 2 0 5 3 4 -3 6 2 -1 0 0 1 4 -3 -1 0 3 -3 1 7 -3 2 1 1 -7 -1 3 1 -3 3 0 -2 -3 8 4 3 -1 -1 2 -3 6 -1 -9 1 -3 -3 2 -2 -2 4 -2 -1 -5 0 0 2 -7 -3 -2 -1 -1 -2 -2 4 4 2 -2 -3 -1 -1 -1 -1 5 8 0 -2 -2 4 2 0 -4 3 0 0 3 -3 -8 5 0 3 -1 3 -9 2 -9 3 0 -1 -6 -18 2 -2 -1 1 1 5 3 1 0 1 2 2 -1 5 -1 3 -1 3 -3 2 2 4 -1 0 6 4 -2 -4 1 -2 -9 2 -2 -3 0 1 0 -5 0 0 8 2 4 2 -8 -9 -4 9 -3 2 0 -2 2 2 -2 1 5 2 2 1 -1 2 -1 -4 4 0 2 10 0 -2 -13 1 0 0 -3 -2 -3 2 -1 -3 -2 -1 0 2 -5 0 3 -1 -2 1 -3 -1 0 0 -4 -1 2 -1 0 -2 2 4 0 -2 0 5 4 2 -3 4 3 0 -5 6 1 -3 0 -4 1 -6 -3 0 4 1 5 4 3 0 -1 -4 1 2 1 -17 3 -2 4 2 -5 -5 4 3 0 2 -2 -2 0 -1 -1 0 -6 -3 5 1 0 -1 1 -3 -3 1 0 0 1 3 -4 -3 9 2 0 -2 2 2 -1 1 -6 2 0 3 1 2 0 -2 -1 10 -1 6 10 -5 0 -2 2 -1 4 -3 0 -9 -7 -1 3 0 2 -2 4 -4 1 -1 2 0 7 0 0 1 1 6 0 3 2 -2 -3 0 6 5 0 -2 4 2 1 2 -3 4 6 5 -1 -13 4 1 1 -1 4 -1 1 2 -1 -5 3 1 -2 -1 -10 -3 -10 -3 -9 6 -2 -7 3 -2 0 5 -1 0 -3 -2 0 1 -14 -2 3 -4 1 -1 0 -1 2 6 -1 -1 -3 4 -2 -2 -1 5 -2 3 -6 4 -12 4 -1 -1 -11 2 1 13 1 -1 -2 1 -1 -1 1 2 -9 1 -1 0 1 8 -1 -8 5 0 2 0 -1 0 -1 1 -6 -3 1 -5 4 -3 -2 3 0 4 -1 -1 7 7 -6 1 2 -3 -7
L 2 84 1 90 -1 -3 3 11 -8 0 -2 -6 0 -5 2 -7 13 1 5 -5 -4 -1 4 4 3 -1 0 -2 1 4 2 1 1 -3 -7 -5 -7 5 -1 2 6 3 2 -3 -2 -4 -4 6 5 4 -2 0 -6 -3 1 0 2 7 7 3 -10 2 -3 13 -1 4 3 -1 -2 3 -1 3 9 3 -2 -1 13 -1 -7 1 -7 0 -1 1 1 2 0 1 0 3 1 1 0 -1 8 -4 -4 2 7 -2 2 -2 -2 -3 10 6 -9 -2 -2 -2 4 3 3 2 4 5 4 -1 0 9 -2 2 -5 -12 -2 5 1 -2 -5 -2 -3 2 -2 -10 2 3 -1 0 -4 1 -5 -3 -2 -2 -4 -11 -2 -5 0 -5 -3 -8 -3 1 -1 3 3 0 4 4 0 -1 6 0 -4 -7 0 -4 -5 6 1 -1 -1 6 0 -1 -1 -7 -2 1 -5 -3 1 -6 1 -4 0 -3 -1 4 0 -4 -9 -1 -4 -1 4 3 -3 -2 0 2 2 7 -5 1 -2 5 5 6 -3 1 -4 1 -1 1 4 -2 3 -3 0 0 -3 0 -2 9 -2 -3 0 -7 1 0 0 -2 1 -19 1 0 -5 2 4 -3 -9 3 4 4 1 -3 2 2 -1 -3 7 -6 -1 0 -1 -4 3 1 19 0 -15 9 3 3 3 2 -1 -1 -1 -5 -2 3 -2 15 -2 -4 3 -1 -6 0 -7 6 4 -2 -3 -16 -4 -3 -10 2 3 -2 -2 1 -9 -3 7 -3 -4 3 5 0 1 -2 4 2 2 5 -3 1 3 11 0 1 1 4 13 -3 0 3 3 2 0 -3 0 4 6 5 -4 3 1 2 -5 3 -1 0 4 -4 13 3 -3 1 -1 3 -2 -11 4 0 5 -3 -1 -4 -1 -5 6 3 -3 -7 3 3 0 3 2 1 0 2 -4 6 1 1 5 5 1 -1 13 1 -1 -5 0 3 0 0 8 5 4 -1 -4 2 1 -4 3 0 1 -11 -1 2 -1 -3 -7 -1 -6 15 -2 7 0 -3 -3 -1 0 3 3 -4 3 -3 0 -4 -4 -3 4 -10 -1 8 -3 -3 -12 2 5 17 2 2 2 1 3 -7 -2 -11 10 9 -1 -1 0 4 3 3 4 -4 0 5 -4 -8 2 -2 0 -1 3 3 1 -3 0 7 2 -6 1 -4 -2 4 3 -1 2 -3 -2 -4 3 -3 -14 0 -8 -1 5 0 -6 -1 -5 2 3 0 6 -19 0 15 1 3 5 3 -2 2 -4 -5 2 0 -4 1 3 0 2 -1 -4 -10 0 -1 -2 -7 0 -3 -1 -1 1 -9 0 -3 5 -3 -7 4 4 4 -1 -1 -2 4 4 4 2 -5 -5 2 -6 0 -1 5 -3 5 2 -1 -1 -6 1 2 0 13 5 -3 -6 -5 4 -2 -5 -3 7 1 -2 0 0 -11 8 -3 1 2 3 1 -2 -1 -3 3 -7 -3 1 -1 2 -7
L 2 85 1 102 1 -16 1 -3 -6 -4 2 0 -1 -1 0 -2 7 -1 6 -4 2 -2 0 0 0 -1 3 3 -3 -4 6 -10 1 8 -2 0 9 -3 1 -1 1 0 1 -9 0 -3 9 -3 3 7 0 -2 1 4 6 2 -4 7 18 0 1 -2 2 -3 -5 2 7 2 4 0 3 -7 -1 -3 -2 -1 7 0 -7 6 -4 -4 -1 6 -1 2 0 1 1 4 -4 -3 5 -1 6 -3 1 1 -8 -1 -1 3 0 -5 -2 -1 -6 0 3 2 1 6 -4 1 -10 0 3 2 -2 -3 3 2 0 6 -3 3 3 -4 1 -1 -1 0 8 2 1 4 -1 3 4 -2 1 0 -2 2 -3 1 1 3 0 1 5 -2 1 -2 2 2 -4 1 1 7 -5 1 5 0 0 3 1 -4 1 2 2 1 1 1 -3 -5 7 3 2 -2 -5 3 -3 9 1 -10 3 -3 -1 4 1 -3 -1 -1 -3 -3 0 0 2 -9 -2 -3 1 3 -1 2 0 4 3 -1 -4 0 -6 -1 0 6 7 1 -1 -2 0 0 1 -4 3 1 0 3 -3 -10 5 2 4 -4 1 4 0 -9 1 0 0 -11 -25 4 -2 -9 2 2 2 7 -1 -4 -7 7 1 -1 3 -1 1 -5 0 -4 2 8 3 0 -2 6 2 0 -7 3 -3 -7 0 -1 -2 -1 2 -1 -1 -1 -10 4 2 4 0 -4 0 0 -2 -4 3 1 -3 0 0 -3 -3 5 -1 4 16 3 2 -3 -2 1 2 5 6 -2 -1 -19 1 -1 -2 -4 6 -5 1 0 1 3 -1 3 3 -1 -1 2 -1 -1 5 -4 1 -1 2 -4 -1 0 1 1 -1 3 1 1 0 7 3 2 -4 -2 3 2 0 -5 2 2 -3 0 -4 4 -7 0 1 3 -5 4 0 5 2 -1 -3 2 2 -2 -17 2 -2 5 4 -7 -4 4 6 3 5 -1 -3 0 -2 -5 -2 -6 -4 0 1 1 -2 2 -9 -2 -7 3 -1 2 2 -4 -5 12 8 -2 -6 0 3 -2 1 -6 2 -1 4 -9 2 -5 -2 -3 1 -2 13 10 -3 -1 0 1 -3 -1 -2 -9 -10 -9 -2 3 -1 5 -3 1 -3 -1 -4 9 1 -1 1 -2 3 1 6 0 4 1 0 -2 3 6 1 0 -4 5 1 2 2 -6 0 4 11 -6 -14 4 -5 0 2 1 1 3 1 0 2 3 0 1 3 -7 -3 -7 -2 -9 4 -1 -9 3 -3 0 4 0 2 -6 -2 -2 0 -11 1 1 -20 0 -4 -1 0 1 7 0 1 -3 2 -2 -2 1 10 4 3 -6 5 -19 7 -1 -1 -10 2 0 8 0 -4 -2 4 -7 0 1 5 -5 3 -1 2 14 6 4 -5 1 0 3 0 1 -1 -3 0 -5 -3 -7 0 4 0 -1 4 1 2 0 -1 4 9 -8 1 1 0 7
L 2 86 1 76 1 1 -2 0 0 -1 1 3 -2 6 0 6 -5 2 -1 4 2 0 1 -7 -1 4 2 0 -1 -10 4 -2 5 5 5 -3 4 -4 -1 1 -3 -5 2 -5 1 3 -1 4 1 -9 -4 -2 -3 5 8 -1 -1 7 -1 -4 -3 -10 3 2 3 -1 0 -1 1 0 5 -15 -3 -3 3 0 6 5 -7 3 0 1 0 -3 1 -1 0 0 -3 -2 -5 2 3 -4 -3 2 6 -2 -6 3 -7 -1 0 -1 -17 -7 -11 4 -1 -2 -10 8 -5 -2 3 -2 2 0 -2 6 4 -2 0 19 -3 -3 3 -3 -1 0 1 -1 7 7 0 7 2 5 12 1 4 1 0 3 0 10 -1 4 -2 8 3 1 1 -2 2 4 1 1 0 8 0 4 1 1 5 3 2 4 1 -4 1 -11 0 -5 -4 -8 14 11 2 3 1 2 -1 11 1 -10 2 -3 -4 3 -1 1 5 -4 -5 -6 -2 2 3 -11 -3 -11 1 5 3 0 6 -6 -4 -5 11 0 11 -2 -1 2 -1 2 -4 2 5 2 1 -5 3 -4 -2 4 -1 -3 0 -1 4 5 2 35 -1 -9 4 1 7 0 9 -4 -2 8 -5 -2 -3 8 -2 -3 -3 12 -1 -3 0 1 1 6 2 -1 -4 3 9 -4 2 2 1 -1 1 1 0 -3 2 -4 -2 -3 2 -2 3 1 5 3 10 1 7 13 -6 2 -1 -2 1 0 2 1 -8 1 6 2 1 2 2 0 -1 3 -5 5 0 -1 8 -1 4 -23 -1 1 0 3 0 -3 3 -2 1 0 -1 1 -4 -3 -4 -7 -1 -1 2 -2 -1 3 2 -1 -1 6 -2 -3 1 -2 6 0 -1 9 7 -1 6 -8 -2 2 0 -2 7 -3 0 6 -2 -2 6 -2 -3 4 3 1 5 2 0 -3 -12 -3 1 5 -11 -1 -4 -5 -1 -4 -4 -3 7 -4 2 0 -2 -1 0 0 -2 -3 2 3 -4 -4 2 0 -4 -3 10 -1 1 -2 6 -1 9 7 4 4 2 2 3 0 4 -1 4 -1 3 -3 6 -1 0 -2 9 1 -6 -15 -7 1 0 5 -8 9 2 6 -1 -5 0 1 -3 0 -2 10 -4 6 -2 -14 6 15 1 -1 0 0 8 5 0 -3 -3 -3 -3 4 8 -1 -2 0 5 3 0 -5 -4 3 -4 -6 -9 0 9 3 -2 4 -1 1 6 0 -1 5 -4 6 -1 -10 -4 -14 -3 -16 1 -1 0 1 -9 1 8 1 1 -4 -1 -1 2 -5 0 2 9 0 -2 -1 2 2 2 2 -3 2 0 -3 -2 0 1 0 2 -3 3 -7 -4 -3 2 3 3 0 3 0 1 -11 12 -3 -1 -1 0 -2 -1 -1 -1 -11 6 1 -1 2 -1 7 -1 -1 0 -3 4 -4 -6 4 -9 5 -3 0 -2 -4 -2 1 -2 1 0 3 0 -2 -4 7
L 2 87 1 111 1 1 4 7 -15 -1 -3 -3 -1 -1 2 -6 7 -1 3 -5 -1 -1 3 4 3 -2 2 0 2 6 -1 6 0 -6 -8 -4 -10 4 -3 1 5 3 1 -1 -2 -4 -1 -1 4 4 0 1 -3 -3 0 -1 3 5 1 2 -13 3 -3 12 2 3 4 0 1 3 0 3 7 2 -2 2 7 -2 -7 -1 -5 0 1 1 2 2 2 1 2 1 3 -1 -3 -1 4 -5 -5 1 7 -2 3 -3 -4 1 13 6 -2 -3 0 -5 6 0 4 3 -3 0 3 -1 -1 8 -3 4 -3 -2 -1 4 -2 0 -6 0 -1 3 1 -7 4 2 -2 -1 -1 2 -6 0 -3 0 -3 -7 -2 -4 -2 -4 -4 -2 -4 0 0 0 4 -2 2 -1 0 0 8 -2 -5 -7 -1 -2 -3 5 -1 1 0 5 1 3 -2 -7 -2 0 0 -1 1 -6 0 1 -2 -4 -1 3 -1 -4 -12 -1 -3 1 2 2 -2 1 0 3 -1 0 -6 1 -1 8 5 4 -2 1 -8 1 -2 -1 6 -2 3 -3 3 0 -3 3 -2 6 -1 -4 0 -7 0 1 -1 1 1 -28 1 1 -4 1 1 -4 -4 -2 3 6 2 0 5 3 2 2 11 -11 -1 0 -1 -4 3 4 9 0 -11 8 2 2 5 3 -2 -1 0 -6 -1 0 -1 11 -3 -1 3 0 -10 0 0 6 -1 -2 -3 -17 -1 -4 -1 2 2 -1 -2 1 -6 0 3 -3 -2 1 1 -6 1 -4 3 1 0 2 -2 3 2 16 2 3 1 2 9 0 -1 1 0 -1 0 -3 1 1 6 7 -3 1 -1 2 -5 3 -2 1 2 -5 12 3 -4 0 3 2 -1 -14 3 0 10 -1 0 -1 2 -4 4 2 -4 -4 4 3 -3 3 3 1 -2 3 -2 3 0 0 6 5 3 0 15 3 0 -3 -1 4 0 2 -2 3 0 -1 -3 1 2 -1 4 1 0 -5 -1 2 -1 -1 -5 -2 -5 13 1 5 -2 -2 -3 -5 -5 1 4 -3 0 -3 -1 -3 -3 -2 5 -2 -3 9 -3 -1 -9 2 9 19 2 1 3 1 5 -5 -3 -12 1 8 1 -2 1 5 4 5 3 -2 3 3 -4 -3 3 1 0 -1 -5 2 -1 -1 -1 6 2 -5 0 -1 1 4 4 -2 2 0 1 -4 3 -1 -13 1 -5 0 2 1 -7 -2 -4 1 0 1 8 -18 -3 9 2 4 3 5 0 2 -8 -5 4 -1 -2 -1 3 -2 1 0 -3 -7 0 2 6 -4 0 -1 -1 -2 0 -8 -2 -1 5 -3 -7 5 1 0 1 1 -2 5 3 3 1 -8 -6 3 -11 0 -1 5 -5 10 2 -2 0 -11 0 1 -3 5 5 -7 -7 -4 3 -4 -4 -2 6 2 0 0 1 -4 2 -3 -1 3 3 1 1 -3 -3 4 -4 0 1 2 0 7
L 2 88 1 67 1 3 1 3 -7 1 -2 -1 1 -1 0 -3 -3 0 1 4 -2 -1 0 2 2 -1 -3 -5 3 4 0 6 0 -9 -8 -4 -9 5 -1 2 2 1 2 2 -1 -2 -3 5 5 -2 0 2 -2 -2 0 -2 4 3 -1 2 0 -2 0 14 3 1 1 -1 -3 4 1 -9 6 2 2 1 -4 1 -3 0 -2 4 -2 -4 -1 -1 0 0 0 -3 0 3 -5 -3 2 -2 -2 0 16 0 -1 -4 -4 4 8 3 -2 -2 -1 -4 2 -6 2 3 6 -2 3 -1 -2 11 -4 1 -4 -2 0 0 2 3 -3 1 -2 2 8 -6 1 2 -2 1 -5 3 -4 0 1 0 -5 -3 -4 -2 0 0 1 2 -1 0 -2 4 3 -1 1 2 3 2 4 2 -3 -8 -1 -8 -4 0 -3 -7 -2 3 1 2 1 -3 -2 2 0 0 1 -9 1 11 -2 -2 0 2 1 0 -2 -2 -5 -4 -1 3 -2 6 -1 -5 1 -7 -4 3 0 -3 2 2 4 -2 -5 0 -1 -2 -3 -2 1 -3 4 0 1 1 -3 4 -2 -2 2 -3 -1 1 -2 2 -3 -14 -2 2 -1 1 5 4 6 -9 1 13 0 -2 2 1 0 3 12 -7 -1 1 -4 -3 0 1 -2 1 -12 0 4 0 3 0 -3 -1 5 -4 1 3 -2 9 -2 -6 3 0 -10 1 4 -3 1 -2 -2 -7 3 -5 -1 8 1 -1 0 1 -5 -1 -2 -5 -3 1 5 -6 2 -2 -1 4 3 4 -4 2 3 13 1 3 4 7 1 4 -2 0 7 -2 0 -1 -1 3 4 10 1 3 -1 4 -6 3 -2 5 0 0 13 4 -3 0 3 4 1 -8 0 -4 6 -4 -2 -2 0 4 6 0 0 0 4 2 2 5 2 0 -6 0 -2 1 -1 -1 4 4 4 6 17 3 -1 -6 2 7 3 -1 2 -1 -1 3 0 1 3 -1 1 2 4 -8 0 -1 1 -3 -4 -2 -4 12 2 4 0 -1 -1 -12 -5 3 4 -2 1 -3 2 0 1 -2 7 3 8 2 -1 -2 -3 3 8 5 4 3 3 1 2 -3 0 -1 6 8 -1 -5 0 -2 0 3 1 0 2 -11 -1 1 2 -1 0 0 8 1 -3 -5 0 4 2 -5 3 -3 2 -4 6 -4 0 1 -2 -4 -2 6 -14 -1 3 2 1 -1 -3 -3 -1 2 9 -1 4 -10 -2 7 1 2 4 5 -2 1 -1 -8 0 -1 -1 2 -1 1 2 -1 -3 -1 -1 -2 39 0 1 -1 -1 1 -2 -5 -1 0 6 -4 -7 4 -2 8 -1 2 -3 6 -2 2 5 -5 -7 6 -3 0 2 1 -8 9 4 -1 -3 -8 0 2 -3 0 3 -6 -4 -4 4 -2 -5 -2 8 1 0 2 0 1 -6 -4 1 1 1 -1 -2 -3 -3 -2 -9 2 3 1 1 7
L 2 89 1 79 1 2 2 7 -10 1 -3 -2 1 -1 1 -3 0 0 1 2 -1 0 1 1 1 1 -3 -3 4 7 1 8 1 -8 -8 -5 -8 4 -1 1 3 1 1 3 -1 -3 -1 2 4 -3 1 0 -1 -2 0 -3 3 6 -4 1 -7 -2 0 15 7 1 0 0 -1 4 1 -5 6 2 2 2 1 1 -5 0 -6 3 -1 -4 0 -1 1 1 1 -4 -1 3 -5 -4 0 -2 -3 0 9 0 -1 -5 -5 6 7 3 -1 -3 -1 -5 0 -2 2 4 3 -2 3 -2 -4 13 -4 1 -4 7 0 -1 1 2 -5 1 -2 3 8 -7 1 3 -2 0 0 3 -6 2 1 1 -3 0 -5 -3 1 0 0 1 -1 -2 0 1 3 -2 0 2 2 2 4 -1 -4 -7 -1 0 -2 0 -3 -4 -3 3 -1 3 1 -2 -3 2 1 1 1 -9 0 7 -1 -3 -1 3 0 -2 -7 -2 -4 -2 -2 3 -2 5 -1 -4 -1 -3 -6 1 2 2 1 1 8 0 -6 0 -1 -1 -3 -1 0 -2 5 0 1 3 -3 4 -1 -3 2 -3 -1 1 -1 4 -3 -12 0 3 -2 1 4 -4 11 -10 1 13 0 -1 2 2 1 4 10 -10 -2 0 -4 -2 1 6 -1 1 -14 2 3 -1 5 3 -4 -1 4 -4 0 4 -2 9 -2 -3 4 -1 -9 1 8 -1 2 -3 -2 -4 1 -1 -1 7 0 -1 1 1 -9 0 -1 -5 -2 1 7 -8 0 -2 0 3 2 3 -2 2 3 10 1 3 4 6 5 4 -2 0 6 -2 0 -1 0 1 4 6 -1 3 -1 5 -6 5 -2 5 0 -1 16 2 -5 -2 5 6 1 -9 0 -3 13 -4 -2 -1 0 2 4 -1 0 0 6 1 0 5 3 1 -2 1 -3 1 0 -1 5 3 3 3 17 3 -1 -7 1 7 2 1 -1 0 0 2 0 1 3 2 1 3 5 6 -2 -1 1 -1 -4 -2 2 11 3 4 -2 0 1 -8 -6 3 4 -2 1 -2 2 1 1 -3 5 2 3 6 -1 -1 -3 3 10 13 1 3 5 2 2 -1 0 -9 6 12 1 -5 1 0 3 5 0 0 3 -12 0 0 2 0 2 0 3 3 -5 -4 0 5 2 -4 2 -3 2 -1 8 -4 1 1 -2 -5 -2 -4 -10 0 4 3 0 0 -5 -3 0 0 4 1 6 -8 -2 5 1 -1 3 2 -2 2 -3 -9 -1 -2 1 2 1 -1 2 0 -2 -1 -1 0 40 -1 0 -1 0 1 -2 -5 -3 0 6 -4 -6 5 -3 6 0 2 -3 8 -2 2 5 -4 -7 6 -8 0 0 1 -5 9 3 -2 -4 -9 -2 2 -3 -3 5 -8 -4 -5 4 -3 -5 -1 7 1 1 3 0 4 -7 -4 0 2 1 0 -1 -2 -3 -2 -8 4 3 1 0 7
L 2 90 1 80 -1 -7 3 5 -12 0 -2 -4 1 -3 2 -7 10 2 6 -4 -3 -2 1 3 3 -2 0 1 1 5 4 1 1 -3 -7 -4 -8 4 -1 1 6 1 3 -2 -1 -5 1 3 5 7 -2 2 -4 -3 4 -1 3 3 2 3 -12 5 -3 12 -3 4 5 1 -1 4 1 -3 7 3 -1 0 5 -1 -7 0 -4 0 -1 2 1 2 1 1 2 3 1 0 -1 2 7 -5 -3 0 10 -1 3 -3 -4 -1 11 7 -4 -2 0 -3 6 1 1 2 -2 3 5 1 -1 8 -2 3 -5 -8 -3 4 -1 -1 -5 -1 -2 2 5 -7 4 2 0 1 0 2 -5 -2 -3 0 -6 -7 -2 -3 -1 -5 -2 -4 -3 0 0 2 6 0 2 3 -1 -1 9 2 -5 -7 -1 2 -5 6 1 -5 -3 6 3 -2 2 -6 -2 0 -3 -1 0 0 2 -5 -1 -6 -1 3 -1 -5 -10 0 -5 -3 3 4 -3 -1 -2 0 1 0 -6 1 -3 10 4 6 -3 2 -5 1 -2 0 4 -2 3 -3 -1 0 -7 1 -3 7 -2 -3 0 -9 1 0 1 -2 2 -16 1 0 -4 2 3 -7 -1 1 5 10 2 -1 2 5 -1 -2 7 -6 -2 1 0 -5 4 0 9 -2 -7 11 5 3 3 3 -4 0 0 -5 0 2 -3 10 -2 -3 4 -1 -7 -3 -2 5 1 -2 -3 -17 6 -1 -10 1 3 -2 -2 0 -9 -1 0 -1 -4 2 9 -2 3 -4 3 2 1 4 -3 1 2 9 1 2 1 2 11 0 -1 1 -4 2 1 -3 -1 6 4 9 -3 3 1 1 -4 3 1 1 2 -5 9 4 -2 2 1 1 -2 -17 3 1 8 -2 0 -2 1 -5 5 3 -4 -5 0 2 -3 5 2 1 -5 2 -3 3 1 0 5 6 2 2 13 3 -2 -2 -1 5 1 0 0 4 2 -2 -5 1 2 -3 2 0 -1 -14 0 2 -2 -2 -6 -1 -9 13 -2 6 -1 -3 -4 -4 -2 0 3 -5 2 -3 -1 -2 -5 -2 6 -1 2 5 -3 -3 -11 2 8 14 2 1 3 1 2 -5 -3 -10 -7 4 0 -2 1 7 3 4 4 -3 0 7 -5 -7 3 -2 0 1 -5 1 -2 -4 -1 8 2 -7 0 -1 -1 5 5 -2 4 -4 -1 -5 5 3 -19 0 -9 -1 5 0 -5 0 -5 1 4 0 7 -14 1 10 2 7 3 2 0 2 -7 -5 3 -1 -2 0 4 2 1 -2 -3 -7 0 -1 -2 -7 0 -2 0 -1 2 -12 0 -1 7 -4 -9 4 4 -3 -1 0 -1 -3 5 2 2 -10 -4 2 -17 -1 -2 2 -6 6 1 -1 2 -6 3 0 -1 9 4 -8 -5 -3 4 -1 -5 -2 6 2 -1 -1 2 -6 6 -2 2 3 4 2 -1 -2 -2 2 -5 -2 0 1 1 -7
L 2 91 1 75 1 6 2 0 -4 2 -3 0 2 -2 0 -4 -4 2 2 3 -1 -2 -1 2 2 -1 -4 -2 2 5 3 7 0 -4 -8 -4 -11 6 -1 2 2 1 2 2 -2 -2 3 3 4 -3 0 2 -2 -2 5 -4 4 9 -9 3 -5 -2 0 14 4 1 2 -1 -2 3 1 -13 6 2 2 2 -3 1 -4 -2 -2 4 -3 -3 -1 -1 0 0 2 -4 1 2 -4 -1 0 -3 -1 0 11 0 0 -4 -3 6 8 3 2 -2 0 -4 3 -6 2 3 6 -2 3 -1 -3 14 -4 2 -4 2 1 -1 2 3 -4 2 0 2 17 -5 1 2 -2 0 0 4 -4 0 1 1 -4 2 -4 -1 0 0 1 3 0 0 0 3 4 0 0 2 1 2 7 1 -4 -9 -1 1 -2 0 -2 -8 -2 2 0 2 1 -4 -3 2 0 2 0 -6 1 8 -2 -3 -1 2 0 -2 -3 1 -4 -7 -1 3 -3 6 -2 -2 -1 -7 -6 -1 0 4 1 1 5 0 -2 0 0 -2 -5 -1 0 -2 2 0 -3 1 -3 3 -1 -2 2 -2 -2 1 -1 3 -2 -9 -1 2 -1 0 4 3 14 -10 2 11 2 -1 2 1 0 4 11 -8 -2 1 -3 -2 1 3 -8 1 -13 1 4 -1 3 0 -3 0 4 -3 2 3 -2 4 -3 -4 3 1 -9 -1 8 -2 -1 -4 -3 -5 8 -3 -1 6 0 -1 -1 0 -7 0 -4 -3 -3 1 2 -8 3 -2 -1 3 2 2 -2 3 3 8 2 5 4 7 2 3 -3 -1 7 -2 1 -1 -2 3 2 10 -2 3 -1 4 -5 3 -1 6 -2 -2 6 3 -4 0 3 3 1 -10 0 -4 6 -4 -3 -2 0 4 5 0 -1 -1 3 1 1 6 2 -1 -4 3 -3 -1 0 -2 1 4 5 8 17 5 0 -5 1 8 2 0 -5 -1 -1 2 0 0 3 0 0 2 5 -9 0 1 0 -2 -2 0 -4 10 2 3 -1 0 -2 -11 -7 3 3 -1 0 -2 2 -1 0 -4 7 6 5 4 -1 -1 0 3 11 9 1 3 3 1 2 -2 -1 -5 5 8 0 -5 0 0 1 5 1 0 3 -11 -1 1 2 -3 -1 -1 5 0 -4 -4 0 4 1 -7 2 -3 3 -2 5 -5 2 1 0 -4 -6 2 -12 -1 5 1 1 0 -3 -2 -2 1 5 0 5 -3 -1 6 1 3 4 4 -2 1 -1 -8 -1 -2 2 1 0 9 2 -1 -3 -2 -1 -3 42 1 2 0 -1 1 0 -7 -2 0 6 -4 -6 3 -2 2 -3 1 -2 5 1 1 5 -12 -5 4 -8 -2 0 -3 -8 10 3 -2 -3 -8 0 1 -3 -4 2 -9 -5 -2 4 -2 -4 -1 6 2 2 3 1 7 -11 -3 2 1 2 -1 0 -3 -4 -2 -11 2 2 2 0 7
L 2 92 1 114 -1 3 0 4 2 4 -2 -1 3 4 2 -4 0 4 1 0 -1 -1 0 0 1 0 -3 -4 3 4 3 8 2 0 -5 -6 -13 2 -1 2 1 -1 3 1 -1 -1 0 4 3 -5 -1 1 -4 -2 5 -3 3 10 -8 1 -8 -4 0 13 5 1 -1 -3 -4 4 0 -11 4 2 2 1 5 2 -3 -2 -3 3 1 -3 2 -1 0 1 0 -4 -2 5 -4 -2 -1 -2 0 0 4 1 0 -8 -4 4 3 1 -2 -1 -2 -4 -2 -1 1 2 9 1 5 -2 -1 14 -2 0 -4 5 -1 -1 0 2 -5 1 -1 1 14 -4 2 2 -3 0 0 4 -4 2 1 0 -1 1 -6 -3 1 0 2 1 -2 -2 0 4 4 0 0 4 2 2 5 1 -1 -6 -2 8 -1 0 -1 -10 -2 1 -2 -2 4 -2 -3 3 1 0 0 -4 1 2 -1 -2 -2 2 1 0 -6 -1 -3 -6 0 4 0 3 0 -4 0 2 -4 0 2 3 1 1 10 1 2 1 -1 -3 -6 1 -2 -2 4 -1 -1 2 -2 3 -2 -1 0 -2 -4 -1 -1 5 -2 6 -1 2 -1 0 7 -3 16 -8 1 9 -3 -2 1 4 -2 1 10 -4 -2 -1 -6 -3 0 8 -3 1 -19 4 4 -1 3 -2 -4 2 4 -3 2 4 -1 6 -2 -3 3 0 -4 1 10 -2 3 -4 0 3 4 0 -3 6 1 -1 1 0 -14 -1 2 -5 -2 3 3 -4 0 -1 0 2 0 0 -1 3 6 3 1 3 2 8 6 1 -2 -1 8 -1 -2 -2 -4 3 1 3 -2 3 -2 3 -4 5 0 5 0 -2 9 1 -2 -3 5 4 0 -7 2 -4 8 -6 -4 -1 -1 3 4 -2 -1 1 4 0 4 5 1 -1 -2 3 -2 -1 0 -2 -2 2 4 5 17 3 0 -9 -2 5 2 -2 -1 -1 0 2 -2 -1 1 1 2 3 5 1 -3 -1 0 -3 -5 -2 2 12 3 4 1 -1 5 -7 -4 4 6 0 1 -1 2 0 -2 -2 6 -2 0 6 -1 -1 -7 4 7 9 1 1 4 1 1 0 1 -9 13 10 1 -3 -2 0 2 8 0 2 3 -12 1 3 3 0 0 -2 6 3 -4 -5 0 3 1 -7 3 -2 1 -1 8 -2 1 0 -1 -4 -7 -7 -5 -3 4 2 0 0 -5 -3 0 2 1 4 2 -2 -3 7 1 -1 3 -2 -5 3 -1 -7 -2 -1 2 1 2 5 2 -3 -3 -3 -1 -1 26 0 1 -1 1 -2 -2 -5 -4 1 4 -4 -5 4 -3 4 -1 2 -2 6 -2 2 6 -4 -5 5 -7 -1 1 -1 -2 9 1 -3 -2 -7 -2 1 -5 -3 1 -8 -3 -4 4 -1 -3 -1 5 0 4 2 0 5 -13 -4 1 2 0 -1 -1 -1 -4 -1 -12 5 2 2 -2 -7
L 2 93 1 95 -1 -1 1 -3 0 -4 2 3 -2 1 -1 -1 1 -2 1 -3 2 -2 0 0 1 0 3 1 -3 -8 1 -7 1 6 -1 0 7 -1 -2 1 1 -1 2 -9 -1 0 5 1 2 1 -3 0 -2 4 10 2 -3 10 6 1 -4 -7 0 -2 -6 2 8 0 1 -1 4 -9 -1 -2 -2 0 5 2 -6 5 1 -1 -1 4 0 2 0 -1 -2 3 -2 -4 5 1 5 -2 1 0 -3 -1 -2 3 2 -4 -3 -2 -11 1 3 -1 1 6 -4 0 -1 -1 3 0 0 2 3 2 1 1 -3 2 3 -5 -1 0 1 1 2 3 1 5 1 4 3 -2 3 0 -3 1 -3 3 3 5 -2 2 3 -1 1 1 1 5 -2 2 0 5 -5 1 4 1 3 2 1 -2 0 3 2 -4 3 0 1 -5 9 2 2 -1 -3 2 -1 7 1 -11 0 -4 -2 3 -1 0 -1 -2 -3 -5 1 2 2 -9 -3 -4 0 3 0 -1 2 1 1 -1 -3 -1 2 -1 -1 3 5 0 1 1 1 0 -2 -4 3 0 -1 3 -2 -9 3 1 3 -3 4 6 0 -10 2 0 2 4 -16 6 -2 -8 1 0 2 4 -2 -2 -1 7 3 0 5 -1 2 -2 5 -3 -2 6 5 -3 0 2 3 -1 -7 0 0 -8 1 -1 -3 -3 0 0 -2 -2 -7 6 5 4 1 -3 0 -2 -2 -4 3 1 -4 0 2 -1 2 4 -2 3 0 0 2 0 -4 3 -1 1 6 0 1 -14 1 0 -1 -2 2 -5 2 -1 1 1 -1 2 1 -1 -1 1 -2 -3 2 -5 0 -2 -1 -4 -1 2 -5 0 1 2 2 -3 0 2 6 0 -4 -3 2 1 2 -6 4 3 -1 0 -5 4 0 -3 -1 1 -3 4 3 4 1 -1 -9 2 0 3 -18 1 -3 5 3 -4 -5 2 4 1 2 -1 -2 -1 0 -3 -1 -5 -5 -13 1 2 -1 1 -8 -2 -8 5 -1 0 4 -4 -5 10 6 1 -3 2 2 -2 2 -7 1 -1 4 -7 3 0 -2 -2 1 -1 2 -3 -4 -1 -2 2 -1 1 -3 -1 -4 -8 -3 3 -2 5 -5 6 -2 1 -2 7 1 5 1 -1 0 0 8 0 6 1 -1 -2 -1 5 4 -3 -3 4 1 3 1 -5 4 5 4 -1 -11 2 2 0 1 1 0 2 2 2 1 2 -2 -2 0 -6 -2 -8 -1 -7 4 -2 -6 3 -3 1 4 -1 1 3 -2 -1 0 -13 1 0 -13 -2 -3 0 0 0 5 -2 0 -1 2 -1 -3 -2 7 -1 1 -5 5 -10 6 -2 -2 -4 1 -2 10 1 -2 -3 1 -3 -1 2 4 -4 4 1 1 7 4 1 -5 4 -1 3 0 -1 0 -1 1 -6 -3 -6 -2 5 -2 -1 1 -2 2 -2 -2 6 2 -5 -1 0 -1 -7
L 2 94 1 65 1 10 1 5 -2 1 -2 -1 1 -2 0 -4 -3 1 0 3 -2 -1 0 2 2 -1 -3 -4 3 5 2 7 0 -5 -7 -5 -10 5 -1 3 2 2 2 2 -2 -1 -2 6 4 -7 -1 1 -3 -3 2 -4 3 12 -4 3 -2 -4 -2 14 4 2 0 -2 -3 3 -1 -8 6 2 1 2 2 1 -3 0 -5 4 -2 -3 0 -1 1 -1 0 -4 0 3 -4 -3 2 -1 -2 1 8 0 0 -4 -2 5 8 2 -2 -3 -2 -3 1 -4 2 4 11 0 3 -2 -2 13 -4 0 -4 -2 -1 -1 2 2 -5 1 -1 2 11 -8 -1 2 -2 -1 -5 3 -4 1 1 0 -3 -1 -4 -3 1 -1 -1 1 -1 0 -1 4 3 -1 0 3 2 2 4 0 -3 -9 0 -6 -2 1 -3 -5 -1 3 0 2 0 -4 -2 3 -1 0 1 -13 0 8 -1 -2 -1 2 0 0 -3 -1 -3 -6 0 3 -3 6 -1 -1 0 -2 -5 0 1 -1 1 2 6 -1 -2 0 -1 -2 -5 -1 1 -1 4 0 1 0 -3 5 -1 -2 3 0 -1 0 -3 2 -2 -12 -1 3 -2 0 5 5 8 -9 1 6 0 -2 3 0 -1 3 10 -7 -1 0 -4 -2 1 4 0 1 -20 -2 2 -1 3 -2 -2 0 4 -3 1 5 -2 10 -3 -6 3 2 -8 1 5 -2 2 -3 -2 -5 -3 -4 -1 7 0 -1 -1 1 -10 -1 3 -5 -4 2 -1 -5 1 0 0 3 2 2 -3 3 4 11 0 3 4 8 4 2 -2 0 12 -2 0 -2 -1 2 4 6 -1 3 -1 4 -5 3 -3 6 1 -1 10 3 -4 -1 3 5 2 -6 1 -4 5 -6 -3 -3 -1 3 5 1 -1 0 4 3 3 4 2 0 -1 3 -3 0 -1 -1 0 3 4 4 16 3 -1 -5 1 8 3 0 2 -1 1 4 0 1 2 0 1 2 5 -6 0 0 1 -4 -5 -1 -2 12 2 5 0 0 -1 -10 -6 4 4 0 1 -1 3 -1 1 -3 7 -2 4 7 -1 -1 -3 3 10 11 3 3 2 2 4 -2 0 -7 19 12 -1 -3 0 -3 0 6 1 0 3 -13 -1 0 0 -1 1 -1 12 2 -2 -3 1 5 1 -5 1 -5 0 -3 6 -4 1 2 -1 -5 -9 -3 -8 -1 6 2 1 0 -5 -4 -1 3 4 1 4 -8 -3 8 0 0 4 4 -4 1 1 -7 -1 -1 -1 2 -1 7 3 0 -4 -5 -1 -2 40 -1 1 -1 -2 0 -1 -5 -2 0 6 -4 -7 3 -2 7 -2 2 -3 10 -2 2 5 -6 -7 5 1 -1 1 1 -3 10 4 -1 -3 -8 0 3 -3 -1 3 -4 -4 -4 4 -3 -4 -2 8 1 1 3 0 3 -10 -4 1 0 1 -1 -1 -3 -4 -2 -13 3 2 1 0 7
L 2 95 1 81 -1 -8 1 -2 -8 -5 1 3 -2 2 0 1 3 -3 3 -3 3 0 1 -1 0 1 4 3 -2 -6 0 -6 1 3 -1 0 8 -1 -2 -1 2 -1 1 -8 -1 -1 5 -1 3 4 -2 0 -1 5 8 3 -2 4 6 -1 -7 -5 1 -1 -3 1 8 2 3 -1 5 -7 -1 -2 -1 0 4 1 -8 4 0 -2 0 2 1 2 0 0 0 3 -2 -4 3 1 4 -3 1 -1 -3 -1 -2 3 -1 -3 -4 -2 -9 0 4 -2 0 7 -4 0 -8 -2 2 1 -2 2 3 3 1 10 -3 2 2 -5 -1 0 1 1 0 4 3 6 1 5 7 -2 2 0 -3 2 -2 4 2 4 -2 3 4 -1 1 -1 2 2 -3 1 0 4 -4 1 5 -1 2 2 1 2 0 1 2 -2 2 0 1 -4 11 4 2 -3 -1 2 -1 11 2 -13 0 -5 -2 3 -1 -2 -5 -1 -5 -1 0 1 3 -11 -4 -6 0 3 0 1 3 5 1 -2 -1 0 -2 0 -1 4 7 0 0 0 3 0 -2 -2 3 -1 0 2 -3 -11 3 2 4 -2 5 6 1 -9 1 0 1 -5 -13 5 -2 -2 1 0 2 6 0 -2 -3 4 2 0 5 -1 2 0 3 -3 3 9 6 -2 2 7 2 -1 -6 -1 0 -9 1 -3 -3 0 1 -3 -2 -1 -5 7 4 4 0 -3 4 0 -3 -4 2 1 -2 0 2 -1 -2 4 -1 3 7 -1 1 -2 -4 2 -1 2 7 0 0 -17 2 1 -1 -3 4 -3 2 -2 -5 0 -1 3 2 -1 0 2 -1 -2 2 -4 0 0 0 -5 -1 2 1 -1 0 2 4 -2 -1 -1 6 1 4 -2 3 2 3 -7 2 1 -1 0 -3 2 -3 -2 0 2 -4 3 4 5 2 -1 -5 2 -1 2 -16 1 -3 2 3 -5 -5 3 2 1 1 -2 -3 -1 0 -1 0 -4 -5 -2 0 1 -1 3 -7 -4 -5 3 0 -1 2 -4 -3 12 6 0 -3 1 2 -3 1 -6 1 -1 2 -2 2 -2 -1 -2 2 -1 2 -2 -5 -1 0 2 -3 2 -3 -3 -15 -8 -1 2 -1 7 -3 6 -3 1 -2 8 2 6 2 -1 0 1 -1 1 3 1 -2 -2 0 5 4 -1 -2 5 2 3 1 -6 3 4 10 -1 -13 4 0 1 1 2 0 3 3 0 0 3 -1 -3 0 -7 -1 -10 -2 -8 6 -1 -9 1 -3 0 5 -1 2 -4 -3 -1 2 -10 1 2 -11 -2 -4 0 1 1 4 -2 0 -1 2 -2 -2 -1 7 -2 2 -5 5 -12 6 -2 -2 -2 3 -1 2 1 -2 -3 0 -4 -1 1 3 -5 2 -1 1 5 6 -3 -5 3 0 4 0 0 -1 -1 1 -6 -3 -5 1 5 -3 0 1 -1 3 -1 -1 6 7 -5 0 0 -1 -7
L 2 96 1 122 -1 -1 -1 7 0 3 -2 -2 2 4 2 -4 2 2 1 1 -3 0 3 0 2 2 -2 -6 4 4 1 7 1 -5 -5 -5 -11 3 0 3 1 0 3 1 -1 0 -5 5 3 -5 0 0 -4 -2 0 -2 3 4 0 0 -4 -5 0 14 6 0 -1 -3 -4 4 0 -6 6 2 2 0 5 0 -4 -1 -3 4 0 -5 1 -3 0 2 -1 -3 -1 6 -6 -4 1 -1 -1 1 9 2 -2 -7 -4 2 2 1 -5 -1 -3 -4 -3 -2 2 1 10 0 4 -3 -2 11 -2 0 -4 2 0 -1 0 1 -2 0 -2 1 4 -6 1 2 -1 1 -6 2 -3 1 1 0 -1 -5 -5 -5 1 2 3 0 -2 -2 -2 2 2 0 2 5 4 2 3 1 0 -7 -2 -1 -3 0 -3 -9 -1 1 -2 -2 3 -2 -2 4 1 0 1 -5 0 5 -2 0 -1 3 2 1 -4 -3 -5 -4 0 4 -1 3 2 -7 1 3 -1 3 1 -2 1 1 9 0 0 2 -2 -3 -3 0 -1 -2 4 -2 3 2 -3 4 -2 -2 1 -2 -4 0 -3 3 -1 1 -2 3 0 0 7 -1 8 -6 1 11 -3 -4 0 3 -2 1 12 -4 -1 -2 -6 -3 -1 6 6 2 -18 4 3 0 5 -2 -3 1 4 -3 1 4 -1 9 -2 -6 3 -2 -4 2 4 -1 5 -3 0 1 -2 -3 -4 6 1 -1 1 2 -11 -2 4 -6 -3 3 6 -3 -1 0 -2 4 -1 2 -2 2 5 8 1 3 3 8 7 0 0 0 9 -1 -1 -2 -2 3 3 3 0 3 -1 4 -5 6 0 4 2 -1 16 3 -3 -3 4 5 -1 -3 3 -3 7 -6 -4 -2 -1 3 4 -2 1 0 7 1 5 4 2 -1 -3 0 -2 1 -1 -2 0 1 3 2 17 1 0 -12 -1 3 2 -4 6 0 0 3 -1 0 2 0 1 2 6 2 -4 -2 1 -4 -7 -3 1 13 4 5 0 0 6 -6 -2 5 7 -1 1 -1 2 0 -1 -1 6 -5 3 6 -1 -2 -8 4 4 6 3 3 4 1 2 -2 0 -6 14 12 0 -3 -3 -2 3 5 0 1 2 -12 1 5 3 1 0 -3 10 4 -2 -4 0 4 2 -6 4 -4 2 -3 7 -2 -2 0 -4 -3 -3 -1 -7 -2 2 2 -1 -1 -5 -3 0 1 5 3 0 -9 -3 9 1 -2 4 -1 -5 2 0 -7 -1 0 -1 2 2 -2 3 -1 -3 -2 0 0 21 -1 1 -2 1 -1 -2 -2 -3 1 2 -3 -4 4 -3 11 0 3 -4 8 -3 2 5 0 -8 6 -1 0 1 2 -4 7 2 -3 -4 -7 -3 3 -3 1 4 -3 -3 -6 3 0 -4 -2 7 -1 2 3 -2 -1 -6 -6 0 2 0 -1 -3 -1 -3 -1 -11 2 2 1 -1 -7
L 2 97 1 125 -1 -3 -1 -4 2 -4 1 5 -1 1 -1 2 -7 -5 1 7 2 -1 -2 1 -1 4 -2 -4 -1 -2 2 -4 -2 0 -2 1 11 -1 2 0 -2 -2 0 -4 0 0 5 -2 4 -3 1 -1 1 6 4 1 -3 12 2 -2 8 -12 3 -1 3 -3 6 3 2 0 2 -9 -3 -3 3 0 -4 3 -4 4 -2 1 -3 -2 -1 -2 1 2 2 -3 -6 0 1 -2 2 1 0 -1 0 -1 -5 -1 -2 3 -2 -4 -2 0 3 -1 -1 -1 -3 2 -2 -6 1 1 -3 6 -1 2 1 15 1 -4 5 0 1 3 -1 -2 5 2 -4 5 -2 5 -1 -1 1 3 3 4 -3 11 0 5 0 4 9 7 4 -2 0 4 -6 1 -3 6 -3 3 -1 -2 2 2 -1 -3 1 -1 -1 0 2 -2 1 0 8 5 1 -2 1 6 -3 -2 1 4 0 -2 -1 4 1 0 -3 -1 -7 -3 -3 3 2 -3 -3 -7 -3 -4 1 0 6 -1 -1 -4 3 -3 -8 -4 0 3 0 1 -1 2 4 0 4 -2 4 -4 2 4 -1 -7 2 2 2 -4 -1 3 0 -5 5 -3 0 -1 -9 -1 -6 -6 0 1 2 2 0 4 -5 1 3 -3 2 1 -1 -1 -13 -1 -2 -4 2 -3 0 5 0 1 -4 1 0 -5 0 -2 -3 -4 1 -4 -5 -1 -3 -2 5 3 -2 6 6 -1 5 1 0 2 -2 -1 4 -3 -10 4 0 2 10 -7 2 -1 -7 2 2 4 4 -1 0 -13 2 2 0 0 -1 1 -1 -3 10 1 -3 5 3 -3 -2 5 5 -1 3 -1 -2 1 -2 1 -2 4 9 -1 -3 -1 4 2 1 2 2 -2 4 -4 2 3 3 2 0 -1 1 3 0 3 -2 -1 0 1 -6 3 0 0 1 -1 -8 0 1 3 -17 2 -2 2 4 -3 -2 4 4 0 0 2 2 -1 2 1 -3 -3 1 7 2 0 2 4 -7 -5 -4 2 2 -2 -1 -1 -6 8 5 0 -6 2 1 -2 3 -6 9 0 6 1 6 -6 3 -2 9 0 11 1 -2 2 1 1 -1 3 0 -4 -2 -2 -2 0 -2 0 -5 6 -5 2 0 -3 6 6 -1 0 3 2 14 -1 1 -2 0 -4 2 9 3 -5 0 -2 4 -2 -2 -3 1 5 2 -5 -6 3 8 4 -1 -1 1 -1 6 1 4 3 -2 2 3 -13 -4 -13 0 -3 4 -1 -4 -1 -5 1 6 2 -2 1 -1 -2 3 -5 1 1 24 6 -5 0 0 3 1 5 -2 -2 2 -1 1 -1 4 10 2 -3 5 -4 3 -2 2 0 1 3 18 1 -1 0 -5 -4 0 0 -1 -11 1 -1 -1 4 2 -4 -4 1 2 1 1 2 0 -2 0 -4 -3 3 -10 3 -3 -2 0 1 3 -1 -1 -2 5 -3 2 2 -1 -7
L 2 98 1 77 1 5 1 5 -6 3 -3 -3 2 -1 0 -2 0 5 -1 0 -1 1 2 -3 2 -2 0 -1 3 1 1 7 4 -4 -6 -6 -11 4 -4 2 3 1 3 2 -2 0 -4 9 2 -6 -3 2 -3 -3 5 -3 4 3 -5 2 -11 1 -1 15 2 3 -4 -3 -4 4 3 -11 5 3 0 1 4 3 -4 -1 -2 3 -1 -4 -1 1 -1 -2 -4 -3 2 3 -2 -3 -1 -1 0 0 7 2 -1 -2 -1 3 0 1 -7 -2 -2 -3 -5 1 0 2 10 3 3 -2 -3 12 -1 -2 -6 0 -3 0 1 -1 -6 -1 0 6 11 -3 3 3 1 -1 4 4 -2 -1 -1 -1 -2 -2 -4 -2 0 1 -3 -4 -1 0 0 2 6 -2 2 2 3 2 6 4 -3 -8 2 3 -3 1 -1 -12 -4 3 -1 -2 3 -1 -2 3 -2 -2 2 -1 0 -2 0 -2 -1 2 -1 -1 2 -2 -1 -6 0 2 -3 1 -2 -6 4 2 -4 1 -1 -1 -1 2 12 1 7 2 -1 -2 -7 0 -1 -2 3 1 -2 -1 -4 5 -2 -3 4 1 -1 0 -1 7 1 9 -1 2 -4 4 7 2 19 -9 3 18 -2 -3 -1 3 -1 -2 10 -3 -4 2 -5 -2 3 7 7 0 -15 5 6 -3 4 -3 -1 -1 5 -4 1 6 -1 7 -2 -2 3 3 -2 2 10 1 2 -4 2 2 -3 0 -8 6 1 -2 2 3 -13 1 8 -6 -4 2 0 0 0 3 1 4 1 -1 -1 4 4 1 -2 1 5 8 5 0 0 1 2 -3 2 -2 -3 3 3 1 -5 3 -2 4 -3 3 0 4 0 -1 3 2 0 0 2 3 1 -4 2 -3 6 -6 -5 -4 -3 0 7 0 0 0 2 0 6 4 0 2 1 0 1 2 0 -1 2 1 4 5 20 0 -1 -9 0 7 2 -3 1 -3 1 2 -1 1 1 0 2 4 3 -6 -4 -2 -2 -6 -2 1 5 9 0 4 4 0 8 -8 -5 5 5 -1 3 -1 3 3 -4 -4 2 0 5 6 -2 0 -4 3 0 1 0 1 3 4 -2 2 2 -2 9 8 0 -4 1 -1 1 5 2 1 1 -15 -2 3 1 -2 -1 -1 3 3 -3 -3 -1 5 -1 -9 3 -1 -1 -1 6 0 3 0 -4 -6 -6 -1 -10 -2 4 0 1 3 -3 -1 0 0 4 1 2 -4 -5 10 1 -1 2 -4 -3 1 0 -6 -2 -3 0 1 1 1 1 0 -5 -1 -1 -2 33 -5 1 -1 0 0 0 -9 0 3 5 -5 -9 3 -3 -1 -3 2 -4 5 -4 1 3 -5 -6 3 -14 0 2 -8 3 7 3 0 -3 1 0 3 -1 -9 5 -3 -1 -3 2 0 -5 -3 7 2 2 3 -1 2 -6 -3 2 2 -1 -5 -5 -2 -3 1 -14 6 1 -2 0 7
L 2 99 1 98 1 -3 0 -2 -9 -5 2 2 -4 -4 0 0 3 -4 4 -3 0 -3 1 1 0 1 2 2 -4 -7 2 -10 0 0 -2 2 12 -2 1 -2 1 0 0 -8 0 -3 1 0 2 4 -2 0 1 5 5 2 -3 7 10 1 1 -5 1 -1 -3 0 10 1 5 -1 4 -4 0 -2 0 0 2 0 -8 5 -3 -3 -3 3 -1 2 0 0 1 4 -2 -3 5 -3 7 -2 1 0 1 0 -3 5 -1 -5 0 -1 -9 1 2 0 4 2 -2 1 -7 -1 1 2 -3 -1 2 1 0 3 -2 3 4 -5 1 -1 1 -1 -5 1 -1 5 2 5 2 -2 1 -2 -2 1 -4 3 3 4 -3 4 1 -1 0 0 0 4 -4 1 0 4 -5 0 4 -1 2 3 2 -11 -3 3 1 1 1 0 2 -1 7 3 4 -2 -3 3 -2 2 2 -8 0 -4 -1 3 0 -3 -1 -1 -7 -2 1 2 0 -9 -3 -1 0 -3 1 2 3 0 1 -2 -7 -2 -4 -2 -1 6 7 -1 2 1 1 0 0 -3 4 0 0 2 -3 -10 5 2 3 -6 3 -8 2 -9 1 0 -1 0 -22 8 -1 -4 3 1 1 3 0 -2 -4 4 3 -2 7 -1 1 -5 7 -4 5 6 5 1 0 7 3 -2 -7 2 -2 -7 0 1 -2 -3 0 -3 -5 -2 -9 7 6 4 -2 -11 -4 -4 1 -5 2 0 -4 1 7 -3 0 6 -2 3 5 -1 3 -3 -3 3 1 3 4 -2 0 -10 1 0 0 -3 -1 -3 3 0 -2 2 0 2 4 -3 0 5 1 -1 3 -4 -1 -2 -1 -6 -1 1 2 1 0 3 1 -1 -1 0 6 3 2 -1 2 2 1 -7 5 3 -1 -1 -3 4 -4 -3 0 3 -2 1 1 4 -1 0 -5 3 -2 2 -19 1 -3 8 3 -3 -4 4 6 3 4 -2 -3 1 1 -3 -1 -6 -4 -10 2 0 1 2 -6 -3 -8 2 -1 2 1 -3 -8 11 4 -2 -4 -1 3 -2 1 -6 4 -1 5 -5 5 -2 1 -3 7 -2 4 1 -4 2 -3 1 -2 0 -4 0 -12 -7 -2 4 0 4 -2 5 -2 -1 -4 6 -1 1 0 -2 1 2 5 0 4 0 0 0 1 6 3 -4 -2 1 -1 2 -1 -5 0 5 8 3 -18 4 -1 2 3 0 1 3 0 -1 1 1 1 -8 3 -8 -3 -7 0 -3 5 -2 -7 2 -1 2 2 0 1 -1 0 -1 1 -11 1 0 -14 -1 -2 -2 0 1 4 -1 1 -4 2 0 -3 -2 7 2 2 -5 5 -11 6 -1 -1 -3 2 -1 11 2 -2 1 0 -5 -1 1 3 -7 4 0 3 9 5 1 -5 1 1 3 1 -2 0 -1 -2 -5 -3 -6 4 3 -2 -1 3 1 2 -1 -1 6 7 -7 -2 0 0 7
L 2 100 1 66 1 -1 -2 -5 -4 -2 2 6 -1 6 1 4 -8 -2 -1 5 1 -3 1 -3 -1 5 1 -5 -2 -6 2 -4 1 -2 0 1 8 -3 2 0 -3 -4 2 -5 1 1 0 1 2 -6 -1 0 2 6 5 0 -2 8 4 -3 6 -15 5 1 5 -4 6 -1 3 0 6 -14 -2 -3 4 0 -5 4 -7 3 1 1 -3 -3 0 -3 2 1 0 -4 -5 2 -2 -5 1 0 4 -2 3 3 -9 -1 -4 0 -9 -6 -8 2 2 -3 -4 -3 -2 1 -1 -6 1 -1 -4 3 2 0 1 17 0 -4 4 -3 2 2 1 -2 2 4 -2 7 -1 7 4 -1 3 1 1 4 -2 11 -1 4 -2 11 7 5 1 -3 -1 5 -5 0 -2 8 -1 4 2 0 6 3 1 -9 -1 -4 -1 -4 1 -5 -1 -4 13 8 2 1 1 6 -2 4 1 0 -2 -2 -2 3 2 2 5 -3 -10 -4 -4 3 2 -5 -2 -11 -2 -7 3 2 7 -6 -2 -5 6 -4 -1 -3 -3 3 1 0 -2 2 4 -1 6 -3 4 -4 0 4 -2 -7 1 1 1 -2 0 12 -1 -6 7 -2 4 0 -7 -1 -3 3 -3 -1 -2 5 -1 2 -1 5 5 -4 1 -1 -2 -1 -5 -1 1 0 6 -3 4 4 1 -1 -1 2 2 -5 1 -3 -1 -4 1 -6 -4 0 -2 0 9 3 1 6 -2 -3 6 -1 0 2 0 1 4 -3 -4 3 0 3 8 -5 1 -2 -9 5 -1 4 5 0 3 -14 2 0 1 0 -6 0 2 -2 6 0 -2 3 1 -3 -3 2 4 0 1 -2 -3 1 0 -2 -2 6 7 1 -2 -2 7 2 1 8 6 -1 3 -6 0 4 2 1 5 -3 2 4 0 2 1 -1 -1 2 -6 0 2 0 -1 -3 -10 0 -1 6 -14 2 -3 0 1 -3 -2 0 6 -1 1 1 0 0 3 2 -2 -5 3 1 -1 -5 3 1 -6 -5 0 2 4 -1 2 -2 1 7 3 1 -1 1 2 0 4 -3 7 0 7 1 11 -4 2 -4 12 0 4 -11 -4 2 0 1 -5 5 -1 5 -7 -5 -2 2 -5 -1 -2 8 -6 4 -1 -10 6 14 0 0 3 2 15 1 1 -2 -2 -5 0 7 8 -6 2 -4 4 0 -4 -2 -1 7 2 5 -15 2 9 5 -2 -1 1 0 6 -1 4 3 -3 1 1 -14 -4 -14 -1 -6 2 -3 -2 -1 -4 1 6 2 -1 -2 1 -2 2 -5 0 0 16 5 -2 -1 2 2 2 6 -3 -1 1 -1 -2 -1 1 10 3 -2 5 -7 -1 -3 2 2 0 4 17 2 1 -2 0 -4 -1 -3 0 -9 1 0 -2 -3 5 -2 -3 0 2 6 1 -2 0 -4 2 -4 -6 4 -9 1 -4 -1 0 -1 -1 0 -1 2 3 -3 1 2 -3 7
L 2 101 1 70 1 -16 -1 -6 -1 -2 1 2 1 9 1 1 -3 0 2 4 2 -1 0 -5 -2 4 2 -2 -1 -4 6 -4 2 6 0 0 5 -5 3 1 -3 -3 2 -6 0 2 8 -2 3 -1 1 -3 1 5 6 0 -3 8 12 -4 6 -11 5 -1 2 -3 4 1 2 1 5 -18 -3 -3 3 0 1 3 -7 4 -1 1 0 0 0 -2 1 2 1 -3 -7 3 0 -3 1 1 4 -1 -7 2 -6 -2 -3 0 -10 -5 -4 1 3 -1 -7 1 -4 1 -4 -3 3 0 -4 1 4 1 1 20 -2 -3 2 -2 3 2 0 0 16 5 0 6 -3 5 4 -1 3 3 0 4 -1 10 -3 3 1 9 11 4 3 -5 1 4 -5 0 0 11 -1 3 2 0 3 4 0 -2 3 -4 1 -4 2 -4 -5 -8 13 8 0 1 -1 6 -3 10 0 -2 1 0 -1 3 3 1 5 -3 -6 -6 -4 3 3 -4 -2 -14 -1 0 1 3 5 -2 1 -4 9 -1 -3 -1 -1 2 0 2 -5 -1 3 0 7 -3 3 -3 -1 5 -1 -7 1 1 1 -1 -1 24 -3 -5 6 -1 5 -13 -10 -5 -5 -3 -3 0 -1 8 -2 0 -3 10 3 -3 -2 -1 -2 -1 -13 -1 -2 2 2 -3 1 3 0 1 -1 4 -1 -5 0 -6 -2 -3 2 -3 0 2 -2 -2 5 3 3 12 2 1 3 1 1 2 1 1 -3 -4 -6 3 1 3 18 0 0 -1 -8 3 0 5 7 0 1 -23 2 0 -1 -1 2 -3 0 -2 10 1 -2 4 -1 -1 -4 0 2 0 3 -2 0 2 3 0 -2 4 6 0 -2 -2 6 4 1 15 3 -2 -3 -7 0 4 0 3 2 -4 0 6 -2 2 -1 2 0 2 -10 2 2 1 1 -4 -8 -1 4 1 -13 3 -2 -2 3 -7 -2 0 6 -2 2 3 0 -1 0 0 -4 -4 2 12 -2 -2 0 2 -9 -3 1 2 3 0 2 -3 3 9 7 0 -3 2 2 -1 4 -4 5 0 6 -4 9 -8 0 -4 5 1 14 1 -3 0 3 2 -6 4 1 -6 -5 -6 -2 1 -5 0 -3 3 -6 3 -1 -7 8 11 0 0 5 0 15 1 1 -1 -1 -6 3 6 5 -2 -1 -1 5 0 -2 -4 -1 5 7 -5 -11 1 5 3 -3 0 1 1 8 1 5 5 -4 10 1 -12 -4 -14 -2 -12 2 -1 -5 0 -6 0 8 2 -1 -7 -1 -3 2 -5 0 1 5 5 -4 0 2 2 6 7 -2 0 0 -3 -1 1 5 12 4 -3 4 -16 1 -3 2 -6 0 4 14 -1 -1 -4 3 -7 -1 -2 2 -6 0 -1 -2 2 6 1 -2 1 1 6 -1 1 0 -5 4 -4 -5 3 -13 2 -2 -2 0 0 -1 1 -1 0 6 -5 4 2 -3 7
L 2 102 1 82 -1 1 3 8 -5 1 -2 -6 1 -6 1 -8 11 2 5 -5 -3 -2 1 4 3 -3 -1 2 1 4 5 1 1 1 -8 -6 -9 4 -2 1 6 2 3 -4 -2 -5 1 3 4 4 -3 1 -6 -3 6 -1 3 13 -1 4 -14 4 -4 12 -1 5 3 0 -2 3 -2 -2 7 3 -2 0 13 0 -6 1 -7 -1 0 3 2 3 0 0 2 3 1 -1 1 1 6 -4 -3 1 3 -2 4 -3 -2 -1 11 6 -5 -2 -2 -2 6 5 0 3 3 5 5 0 0 11 -2 2 -5 -8 -3 4 0 -1 -8 -1 -1 1 9 -8 3 2 -2 -1 1 2 -5 -1 -2 -2 -4 -6 -2 -4 0 -7 -4 -6 -3 0 1 3 5 0 3 3 -2 0 8 0 -6 -6 -1 6 -3 6 2 -4 -3 6 1 -1 0 -7 -2 1 -4 -2 0 -5 2 -7 0 -6 -1 3 -1 -5 -12 1 -2 -5 4 3 -2 -2 -2 5 1 6 -7 -2 -2 10 5 6 -3 3 -1 1 0 0 1 -1 2 -3 0 0 -7 1 -2 8 -3 -2 -1 -7 0 -1 1 0 0 -13 2 -1 -5 2 3 -5 1 0 5 2 2 -1 3 3 -1 -3 6 -6 -3 1 -1 -4 3 3 10 -1 -16 9 4 2 1 1 -3 0 -2 -4 -1 3 -2 11 -2 -2 3 1 -6 -2 1 6 2 -3 -2 -14 2 0 -9 2 3 -3 -3 0 -13 -1 4 -1 -4 2 2 -2 2 -3 5 1 2 1 -2 2 3 6 0 2 0 4 13 -2 -1 1 3 2 -1 -3 -2 3 4 5 -5 2 0 2 -3 2 0 1 2 -5 5 2 -2 2 0 2 -2 -14 3 0 6 -3 -1 -3 -1 -5 6 3 -4 -4 1 2 -1 4 2 1 1 4 -4 4 1 0 3 5 2 1 13 3 -1 -1 -1 6 0 1 1 4 3 -1 -5 1 -1 -3 3 1 0 -12 0 3 -2 -1 -6 0 -5 14 -2 6 1 -3 -4 -2 -3 2 2 -3 3 -3 0 -5 -5 -3 4 -7 -5 9 -3 -2 -11 2 10 20 0 1 2 2 3 -5 -2 -15 8 7 0 -1 1 7 3 7 4 -3 0 4 -5 -10 2 -3 0 -1 -1 2 -1 -4 0 7 1 -8 0 -1 -3 6 4 -1 5 -3 1 -5 -1 -9 -12 -1 -6 -1 5 1 -6 -1 -6 2 0 2 7 -11 0 12 1 4 3 0 -2 3 -6 -5 2 0 -1 0 4 7 0 -2 -3 -11 0 -2 0 -6 0 -2 -2 -2 2 -12 -1 -2 7 -4 -8 4 4 -4 -2 -1 -1 1 5 4 4 -10 -2 0 -12 -1 -2 1 -2 8 1 -2 1 -5 2 1 -1 10 3 -7 -6 -3 3 -3 -4 -1 5 2 0 0 2 -5 0 -1 2 2 3 1 0 -2 -4 2 -8 -1 0 0 1 -7
L 2 103 1 68 1 -3 -2 -3 9 0 2 2 2 4 1 4 -2 -2 1 4 2 1 -1 0 -1 6 -1 -3 0 -7 0 -4 0 5 1 1 10 -1 2 3 -1 -4 2 -8 -1 1 0 2 3 -8 -3 0 -4 5 12 0 -2 14 -7 -4 -5 -16 1 2 0 -1 3 0 0 1 3 -12 -1 -2 3 -2 5 5 -4 2 2 3 -1 -5 3 -2 -1 3 1 -3 -8 4 1 0 3 2 4 -3 3 1 -7 -4 -3 1 -10 -5 -7 0 0 -3 -7 2 -6 0 6 -3 2 0 0 9 2 0 1 10 0 -5 2 -2 -1 2 2 -3 0 3 -3 5 2 8 0 -1 3 2 1 3 -2 12 -2 4 -1 5 6 4 3 -3 0 2 -6 1 -2 11 -3 3 -2 0 6 3 -1 7 0 0 1 -3 0 -4 1 -6 14 7 1 0 0 4 -1 4 4 -5 -2 -3 -2 2 4 4 -8 -1 -9 1 -5 5 3 -6 -3 -9 -3 1 3 -1 5 -4 -2 -5 9 -2 0 -3 -1 3 -5 2 -1 4 4 -1 1 -3 3 -6 1 4 -2 -7 -2 3 2 -4 3 30 -1 -4 7 -1 3 0 3 0 -4 -3 -3 -1 -2 5 -4 -1 -3 4 4 -4 -1 -1 -1 4 -4 -1 -6 5 4 -2 1 2 -2 2 -6 0 2 -6 1 -5 -2 -6 -1 -6 2 -1 -1 0 12 3 1 11 8 6 -6 0 0 1 -2 -1 -2 -3 -6 2 0 4 9 -6 1 0 -9 2 -1 1 4 0 3 -18 1 1 0 3 6 -2 1 -2 11 2 -3 3 0 0 -6 1 3 0 0 -3 -1 2 2 -2 -2 4 5 -2 2 -2 6 3 -1 5 6 -2 2 -7 -1 1 3 -1 3 -2 4 4 1 2 7 -2 -2 -2 -6 1 2 1 2 -2 -14 -1 -4 6 -19 0 -2 -1 2 0 -3 1 3 1 2 2 0 -2 0 2 -2 -2 1 -3 -2 -2 5 2 -7 -4 -1 4 2 -2 2 -4 0 13 7 2 0 3 4 -1 3 -7 5 3 8 -8 8 -4 5 -1 -1 2 -1 -14 -5 0 3 1 -2 5 0 -4 2 -3 -3 1 -4 3 -5 12 -4 4 1 -6 8 9 2 0 2 1 9 2 1 -2 1 -4 0 5 7 -5 -1 0 7 1 -4 -4 0 6 1 -7 -8 -1 8 4 -1 -2 0 0 8 1 5 4 -6 1 1 -9 -3 -16 1 -5 3 -2 -4 -3 -6 1 8 2 -1 1 -1 0 3 -6 2 1 4 3 -5 -1 4 1 -1 1 -3 -1 0 -1 -1 -2 2 9 2 -1 7 -3 0 -1 2 13 3 2 7 2 1 -2 -1 -5 -2 -1 0 -5 2 0 0 2 0 -3 -2 -2 0 4 0 -1 0 -3 3 -4 -4 0 -9 4 -3 -1 -2 0 -1 0 -5 1 1 1 0 0 -3 7
L 2 104 1 71 1 -10 0 2 -4 1 -3 -1 2 2 0 -6 0 2 3 2 0 -2 0 0 2 -1 -1 -5 4 5 3 6 0 -1 -5 -6 -12 5 0 1 2 3 3 5 -3 -2 5 3 5 -2 1 0 0 -2 1 -1 3 2 5 2 -1 -1 1 12 5 0 0 -2 -4 4 2 -12 5 2 1 0 -1 1 -2 -1 -4 3 0 -3 0 -3 0 0 0 -3 -1 3 -5 -1 0 -1 -3 2 8 0 -1 -5 -3 4 5 2 -1 -2 0 -4 -2 -2 -1 3 6 0 3 -2 -2 9 -2 3 -5 2 -1 -1 1 1 -4 0 -3 3 18 -5 2 3 -3 -1 -5 2 -4 2 0 1 -4 -6 -5 -4 2 0 6 -1 0 -1 0 5 2 -1 2 4 2 2 6 1 -5 -8 -2 -2 1 0 -3 -6 -2 2 -2 -1 2 -3 -4 2 -2 4 -2 -1 -2 9 0 1 0 4 1 -1 0 -2 -3 -7 0 3 -1 6 -1 -8 -1 -1 -4 3 0 2 4 3 8 1 -2 2 -1 -3 -2 0 -3 -7 2 0 4 2 -3 4 -2 -1 2 -1 0 0 -2 3 -4 -2 -2 3 -3 2 5 -6 0 -8 0 7 0 -2 -1 2 0 1 8 -4 -1 1 -5 -3 0 1 -5 0 -15 3 -1 -1 4 -1 -3 1 4 -3 0 6 -2 5 -4 -4 5 3 -5 0 0 -4 0 -3 0 0 6 -5 -3 8 2 -1 1 2 -9 -1 -5 -5 -2 3 13 -2 1 -2 0 2 2 6 -3 3 4 2 1 3 1 7 6 1 -3 0 9 0 0 0 -1 3 3 7 -1 4 2 6 -5 5 -1 6 0 -1 13 3 -6 -2 2 6 1 -1 -1 -4 1 -5 -2 -2 -1 5 4 0 -1 -1 4 3 0 7 3 0 -8 4 -2 2 0 -2 7 2 9 0 20 1 0 -9 1 1 1 -1 2 -2 0 3 0 1 3 -2 -1 3 5 3 -1 1 -1 -2 -9 0 -4 13 1 2 0 -1 3 -10 0 2 1 -2 -1 -2 2 2 -2 -3 5 -1 4 1 -2 -2 -9 2 17 14 4 3 5 1 0 -2 1 -12 8 8 -1 -4 -1 2 0 0 -1 0 2 -8 2 -1 3 0 1 -2 10 1 -2 -4 0 4 4 -3 1 -2 2 0 7 -4 3 0 -4 -5 3 -1 -11 0 2 0 1 0 -3 -3 1 2 10 1 -1 -1 1 7 2 2 3 -1 -2 4 -2 -5 -2 -2 1 2 1 -1 3 -2 -2 -1 -2 -1 32 0 -1 -1 0 0 2 -5 0 0 5 -4 -5 3 2 10 -2 1 -4 -3 1 1 3 -10 -6 5 -5 -1 -3 0 -6 4 3 -1 -2 -7 -1 2 -3 4 3 -2 -3 -2 4 -1 -6 -2 7 -1 1 2 -1 0 -9 -2 2 1 1 0 -2 -2 -2 -3 -7 -1 4 2 1 7
L 2 105 1 116 -1 5 0 2 -9 2 -2 1 1 6 2 -4 -5 3 -2 0 -2 -5 3 -3 1 -1 -2 -4 1 5 4 8 2 -7 -6 -6 -15 1 -1 1 0 -1 1 4 0 -1 -1 2 1 -2 1 0 2 -2 -2 -3 3 4 2 1 2 -2 2 13 9 -1 2 -3 -1 3 1 -12 3 1 4 3 -4 0 -5 -1 -3 2 0 -2 -1 -2 3 -1 -1 -4 1 3 -5 -7 -2 -3 0 1 5 3 -1 -6 -5 3 4 1 -2 0 0 -3 1 -5 4 2 3 -2 4 -2 -4 9 -2 1 -4 10 0 -1 1 2 0 1 -1 2 15 -3 2 3 -3 -2 2 4 -3 0 1 1 -1 -1 -5 -3 -1 5 3 2 -3 -2 -1 6 4 -1 1 2 4 3 8 0 -1 -6 -1 -5 -1 -2 -3 -10 0 0 -4 1 2 -1 -2 4 2 3 0 -4 -2 7 -2 -1 -2 2 -1 -1 4 -4 -3 -11 1 3 -2 4 1 -6 1 -4 -4 4 3 1 1 1 7 0 1 2 -2 -3 -2 0 -3 -4 4 -2 2 3 -2 3 -4 0 0 -2 -1 -3 -2 7 -4 -10 -2 0 0 -1 6 -3 7 -8 2 14 -2 -2 0 4 1 3 15 -4 -1 -1 -4 -2 -1 4 -3 2 -13 0 5 1 6 -1 -2 -1 8 -1 1 4 -2 7 -1 -2 3 1 -9 3 10 0 1 -4 0 -3 -5 -8 7 4 1 0 3 3 -8 0 4 -4 0 0 1 -4 0 -3 -1 5 -1 1 -1 2 5 9 1 4 3 6 -4 2 -2 -1 4 -2 0 -3 -3 -1 4 4 -1 3 -1 3 -6 4 -1 5 0 1 10 4 -5 -3 5 4 2 -4 1 -3 9 -4 -3 1 -2 5 6 -3 -3 1 2 0 0 6 1 2 -2 1 -2 -1 -3 -3 2 2 7 4 22 4 -1 -7 -3 3 1 -4 1 -3 -1 1 -2 2 3 0 1 0 7 5 -3 -3 -2 -3 -4 -2 4 9 4 5 2 2 5 -12 -7 2 5 -1 0 -1 2 3 -1 -3 5 5 4 6 -4 -2 3 3 11 13 2 3 2 1 -1 0 0 0 3 8 3 -2 -3 -3 5 4 -1 1 2 -15 -1 7 1 0 0 -2 10 3 -3 -4 -2 2 2 -4 5 -2 2 -5 5 -2 1 2 -2 -3 -6 4 -11 -1 4 3 -2 0 -4 -3 -2 -1 0 4 4 -2 -3 2 0 1 2 -2 -5 2 0 -4 0 -1 0 1 1 2 4 -3 -3 -3 -2 -1 24 0 4 -1 -1 -1 1 0 -3 2 3 -3 -5 5 -3 5 0 3 -4 3 -2 2 5 -13 -7 6 1 -2 1 -1 -2 10 1 -4 -3 -9 -3 1 -6 -8 6 -7 -4 -2 5 0 -3 -2 5 0 3 2 -1 8 -12 -6 -1 2 2 -1 0 0 -1 0 -9 1 2 2 -2 -7
L 2 106 1 78 1 -2 -3 -1 -7 -4 2 4 0 9 2 3 -5 -2 -1 1 2 -1 1 -4 -1 7 0 -2 -3 -3 3 -2 1 -3 -1 -1 10 -3 2 0 -2 -7 0 -6 3 1 1 -2 3 -5 -2 -1 2 7 3 0 -3 10 -1 -5 0 -15 4 1 4 -2 6 1 3 1 4 -12 -4 -3 5 0 1 4 -9 4 -4 1 -1 -3 2 -3 2 3 -2 -4 -7 3 -1 -5 -2 0 3 -2 -4 4 -5 -3 -5 3 -13 -8 -8 2 1 -2 -5 2 -4 2 -7 -5 3 0 -5 7 1 0 1 28 0 -5 4 -2 0 3 0 0 4 4 -1 8 -2 6 6 0 2 4 1 5 1 17 -1 4 -1 9 5 5 1 -7 0 2 -4 -1 -3 8 -2 5 0 -3 5 3 0 1 -1 -4 1 -2 0 -4 -1 -2 15 9 3 -1 3 7 -1 3 0 -2 -2 -3 -4 3 0 1 -1 -4 -9 -2 -4 4 4 -7 -1 -9 -1 -1 2 -3 9 -1 -2 -6 8 -3 -3 -5 -2 3 -2 2 -4 3 5 -1 5 -1 4 -3 1 6 -4 -10 1 -1 2 2 1 15 2 -6 7 -3 4 -9 1 0 -3 1 -5 -1 1 5 0 5 0 2 3 -5 2 1 -1 5 -6 -1 -3 0 5 -3 4 6 -1 0 -2 2 1 -5 1 0 -1 2 1 -6 -2 1 8 5 12 3 1 7 -4 3 9 -1 0 0 2 0 0 -2 -5 4 1 4 7 -5 -1 -1 -7 5 -2 2 6 1 1 -17 0 0 1 0 -1 -1 1 -5 7 -2 -4 4 1 0 -1 1 4 -1 0 -1 -3 3 3 -2 0 7 13 -1 -2 -3 8 3 1 8 6 0 13 -7 0 7 2 -1 2 -3 4 3 0 -1 -1 -2 -1 2 -1 -1 2 1 2 -1 -11 1 -1 2 -18 3 -5 1 1 -2 -3 0 -1 -1 -1 -1 0 -3 2 4 -2 -4 3 17 -2 -6 2 4 -7 -9 9 1 6 0 1 -2 4 15 2 3 -1 2 2 -2 4 -2 8 1 4 0 7 -3 1 -3 14 2 6 1 -5 2 1 3 -3 7 1 -2 -7 0 0 1 -5 -1 -2 12 -7 5 0 -12 6 12 0 1 4 4 9 3 -2 -1 -3 -6 1 9 7 -4 0 -2 8 -1 -3 0 0 6 1 -8 -9 1 7 6 -4 0 1 0 7 -2 -2 7 1 4 -2 -17 -6 -19 -4 -9 2 -2 -4 0 -5 0 9 2 0 -5 -2 -4 2 -4 2 1 14 3 -4 0 2 0 1 7 -4 0 2 1 0 0 -1 8 5 -1 5 -9 0 -3 0 6 3 6 13 2 1 -3 2 -4 -2 -3 -1 -9 -2 -1 -2 -7 7 -3 -3 -1 3 6 1 0 -1 -2 4 -5 -5 8 -10 1 -5 0 0 0 1 1 2 1 5 -2 1 2 -4 7
L 2 107 1 126 -1 4 -1 1 5 6 -3 -1 2 1 1 -3 -3 3 1 3 -1 -4 0 0 2 -1 -3 -6 3 1 2 6 1 0 -5 -5 -15 3 -1 3 1 2 5 2 -2 -1 -1 5 2 -5 0 1 -5 -3 7 -3 4 8 -4 2 -2 -3 0 14 7 0 -1 -5 -3 4 2 -13 7 2 1 2 0 1 -2 -3 1 4 -1 -4 0 -1 0 -1 2 -3 1 4 -4 -2 2 -2 1 0 11 2 -3 -6 -3 3 6 3 -1 -1 -2 -4 -1 -5 2 0 15 0 3 -2 -1 11 -2 0 -4 -4 0 -1 0 1 -3 1 0 -1 13 -5 1 1 -1 1 -3 3 -3 0 1 -1 -4 -4 -5 -3 -1 2 4 2 -1 1 -1 6 4 1 1 5 4 1 6 3 0 -6 -1 -1 -1 0 -3 -13 -2 0 -3 -2 3 -3 -4 5 -1 1 -1 -4 0 4 -2 -1 0 1 3 2 -2 -1 -3 -8 -1 3 -2 5 0 -6 -1 -3 -3 5 -1 -2 1 1 7 1 5 3 -2 -3 -5 0 0 -2 3 -2 -1 1 -3 2 -3 -2 2 1 -3 1 -3 2 -2 3 -4 2 0 0 7 4 9 -10 1 12 -1 -2 -1 3 -2 -1 9 -2 -1 -1 -7 -4 -2 3 -2 1 -16 4 4 0 2 -4 -2 1 4 -2 2 4 -2 3 -3 -8 2 0 -7 0 3 -4 1 -4 1 2 6 -6 -5 6 1 0 0 1 -10 -2 4 -6 -3 1 4 -5 2 -2 -1 3 0 2 -2 2 7 7 3 3 2 7 1 3 -2 1 8 1 0 -3 -4 1 -1 3 -1 3 0 3 -5 4 -3 5 -2 -2 4 4 -2 -2 4 4 0 -7 2 -4 -1 -4 -4 -3 -2 5 6 -2 -2 2 5 1 6 6 2 -1 -7 3 -3 0 -2 -3 0 1 5 8 20 2 1 -10 -2 4 2 -4 5 -1 2 4 -2 1 1 -1 1 3 6 -12 -2 0 2 -4 -4 2 -6 13 2 3 2 0 1 -13 -3 2 6 -1 0 1 1 -1 -2 -2 8 -3 4 5 0 -2 -9 3 6 0 1 2 4 -1 0 -4 -1 -4 13 5 -1 -2 -2 -1 2 4 1 1 3 -11 2 3 3 -2 -1 -5 11 1 -1 -6 1 4 0 -8 4 -4 2 -3 5 -1 0 -1 -3 -4 -6 5 -12 -4 4 1 1 -2 -4 -2 -1 3 6 1 -1 -5 -1 10 2 3 6 0 -4 2 0 -8 -1 0 0 1 1 8 5 0 -2 -3 -1 -2 25 0 3 -2 1 -1 -1 -6 -3 1 2 -5 -7 4 -2 6 -3 3 -3 8 -4 2 8 -7 -8 3 -4 -1 0 -1 -5 8 3 -3 -1 -8 0 3 -4 0 0 -7 -3 -3 3 -2 -4 -3 6 -1 3 4 -1 2 -12 -4 1 0 0 -2 -3 -2 -6 0 -13 4 2 0 -1 -7
L 2 108 1 121 -1 -3 -1 -6 -4 -3 1 3 -1 2 0 4 -5 -2 1 5 4 1 -2 -2 -1 3 2 -1 -1 -7 1 -4 2 2 0 0 9 -1 1 1 0 -2 0 -5 0 2 4 1 3 -6 -2 -2 1 5 6 1 -2 8 2 -2 0 -11 4 -1 0 -1 3 1 1 0 5 -14 -3 -3 2 0 3 3 -5 4 -2 1 -2 -1 -1 -1 -1 1 -2 -2 -6 1 1 -3 1 1 3 -1 0 1 -6 1 -1 1 -10 -5 -6 1 1 -2 -8 2 -6 2 -2 -3 2 1 -3 4 2 0 1 16 -1 -3 4 -3 0 1 1 2 9 4 -2 7 0 5 4 -1 3 1 0 3 -2 11 -1 5 0 5 3 2 2 -2 1 2 -3 -1 -1 6 -3 4 0 1 2 2 1 -3 1 -3 -1 -1 0 -2 0 -2 10 8 2 -1 -1 5 -2 4 1 -1 1 -1 -1 3 1 1 3 -1 -7 -1 -3 2 2 -6 -4 -8 -1 -2 2 1 5 -6 -2 -6 6 -3 -2 -4 0 3 -1 1 -2 1 3 2 5 -4 3 -3 0 4 0 -5 2 2 2 0 1 20 0 -6 3 0 3 0 -2 -3 -4 -2 -1 -1 -1 5 -1 0 -5 6 1 -1 1 2 0 1 -7 -2 -1 2 5 -5 1 4 0 0 -2 2 0 -4 2 -3 -3 -2 1 -2 0 1 0 1 6 3 1 8 0 2 2 1 1 0 -1 0 1 -1 -5 3 -1 5 7 -3 1 1 -5 2 2 2 5 0 1 -20 0 0 1 2 1 -2 1 -2 7 0 0 4 2 -1 -2 1 1 -1 3 0 -1 0 1 -1 -2 5 3 -2 0 0 5 1 1 14 3 -2 2 -5 -1 2 2 0 3 0 2 4 -1 3 1 -1 -1 2 -3 1 3 2 2 -2 -8 -1 2 3 -15 0 -3 2 4 -2 -3 2 0 -2 1 2 1 -2 1 -1 -3 -2 0 1 -1 -2 2 2 -7 -3 2 1 1 -2 2 -2 2 9 4 1 -4 2 2 -2 4 -3 7 -1 5 -3 9 -5 3 -1 7 1 7 -7 -4 1 1 3 -5 7 1 0 -3 -4 -2 0 -1 1 -6 7 -4 3 -1 -10 5 9 -1 -1 2 2 8 1 0 -1 0 -3 1 7 4 -2 0 -1 4 0 0 -3 -2 4 2 -7 -11 2 8 3 -1 1 1 1 6 0 5 3 -2 5 0 -11 -3 -13 -3 -7 3 -2 -3 1 -7 0 7 2 -1 -5 -2 -1 1 -2 1 1 19 2 -4 0 1 3 2 1 -1 0 2 -1 -1 -1 3 6 2 -3 4 -10 1 -3 -1 3 3 1 6 1 0 -7 6 -6 0 0 0 -4 1 0 1 -3 4 5 -3 1 0 4 -1 0 0 -2 2 -3 -5 2 -9 4 -1 -1 -1 -2 0 -1 -2 -1 3 0 1 0 -1 -7
L 2 109 1 120 -1 0 -1 -1 -7 4 -2 -2 3 4 2 -4 -1 3 1 1 -2 -2 0 1 2 0 -2 -5 2 4 2 6 1 -2 -5 -4 -13 3 0 2 1 0 3 2 -1 -1 0 2 3 -4 0 1 -2 -3 4 -4 3 6 -4 0 -6 -3 1 14 5 1 0 -3 -3 5 2 -12 4 1 2 1 4 0 -4 -3 -3 3 0 -3 1 -2 0 2 0 -4 -1 6 -6 -3 0 -2 0 0 11 2 -2 -7 -5 4 2 1 -1 -2 -1 -4 -5 -6 1 2 7 -1 4 -2 -2 10 -3 0 -3 2 -1 -1 0 2 -3 1 0 2 14 -5 2 2 -2 1 -4 4 -4 0 -1 2 -3 -1 -5 -3 0 1 -1 2 -2 -2 -1 2 4 0 1 4 2 3 5 1 -1 -7 -1 -4 -2 0 -3 -5 -2 0 -2 -1 3 -2 -2 4 1 3 0 -4 0 9 -3 -1 -1 1 2 1 -3 -1 -6 -2 -1 4 -1 4 1 -4 -1 -5 -3 2 0 -2 3 0 7 0 -3 0 -2 -3 -5 -1 -1 -3 2 -2 2 1 -2 2 -2 -2 1 -1 -3 0 -3 4 -3 3 -2 3 0 0 6 1 9 -9 1 10 -1 -2 -1 5 -1 1 13 -4 -1 0 -6 -2 -1 4 -3 2 -14 6 1 0 5 -3 -4 1 5 -3 2 3 -2 6 -3 -4 3 1 -5 1 4 -2 3 -4 -1 -2 3 -1 -1 6 1 -1 0 1 -9 0 -2 -5 -3 2 5 -5 -1 -2 0 2 -1 3 -3 4 6 9 1 3 2 8 4 2 -2 0 9 -1 0 -1 -3 4 2 6 0 3 -2 3 -4 4 0 4 -1 -2 11 4 -2 -2 6 4 1 2 2 -3 4 -6 -4 0 0 6 6 -1 0 2 6 1 4 5 2 -1 -5 1 -2 -1 -1 -3 -1 3 6 4 18 4 0 -7 -1 6 1 -3 -4 -1 0 2 -2 0 2 0 0 3 5 -9 -3 -2 2 -3 -6 -1 -2 12 3 4 1 0 5 -10 -6 3 7 -1 1 -2 2 0 0 -1 9 -3 6 3 0 -2 -8 3 10 4 2 2 4 1 1 -2 1 -7 7 7 0 -4 -2 0 2 6 1 1 2 -14 0 4 3 0 0 -1 4 4 -5 -4 0 3 2 -5 3 -2 3 -3 7 -2 0 2 -4 -3 -2 0 -16 -3 3 3 -1 -1 -4 -2 0 1 6 2 3 -5 -3 5 0 1 2 3 -5 2 -3 -6 -1 -2 1 1 1 -2 2 -2 -3 1 -1 -1 23 1 1 -1 1 -1 -1 -5 -3 1 3 -4 -7 4 -3 9 -1 3 -3 2 -2 2 3 -3 -5 6 -11 -1 1 -1 -1 7 2 -3 -1 -8 -1 2 -4 -2 2 0 -3 -6 4 0 -4 -3 6 0 3 2 0 4 -10 -4 1 2 0 -1 -2 -1 -5 -2 -10 4 2 2 -1 -7
L 2 110 1 86 -1 16 2 8 -6 0 -2 -2 -1 -9 1 -5 6 0 3 -4 -4 -3 2 5 4 -2 -2 0 0 2 0 2 0 -6 -7 -5 -6 5 -2 0 5 1 2 -2 -2 -5 -7 6 3 0 -5 3 -6 -2 5 -1 3 12 -9 5 -14 1 -4 13 1 4 5 -2 0 2 -1 2 7 3 -1 1 6 0 -5 -1 -4 0 -3 0 2 2 1 0 1 2 3 -1 0 -1 6 -5 -3 0 12 0 2 -1 -2 0 12 6 -7 -2 -3 -3 9 1 3 2 6 3 4 -1 0 13 -4 1 -5 -10 -1 3 2 -2 -8 -1 0 0 -4 -8 2 3 1 1 0 3 -5 -3 -1 -2 -5 -5 -1 -3 -3 -5 -8 -4 -4 2 -1 4 6 0 1 0 -2 0 8 0 -3 -7 0 -1 -6 6 1 -3 -3 4 5 4 0 -7 0 0 -2 -3 1 -12 2 -4 -2 -7 -2 2 -3 -4 -11 1 -5 -2 4 4 -3 -2 -2 7 0 -1 -6 -3 0 6 2 4 -5 0 1 -1 -2 2 1 -3 5 -1 0 0 -8 1 -2 7 -1 -3 -1 -7 0 0 1 0 2 -24 3 -1 -4 1 2 8 4 4 6 8 2 -1 3 0 0 -1 8 -10 -2 0 2 -3 3 4 17 -1 -13 7 7 3 3 2 -2 -1 -2 -6 1 4 -2 13 -2 -4 2 -1 -9 -3 2 8 5 -3 -4 -20 -1 -4 -5 0 2 -3 -3 -1 -6 0 7 -1 -4 1 -9 -6 3 -3 5 3 1 0 -4 1 5 16 0 2 2 5 4 0 0 1 -2 1 0 -4 0 2 5 7 -3 3 -2 2 -6 1 -4 0 2 -3 6 2 -1 1 0 0 -1 -21 5 1 12 -2 -1 -3 1 -7 9 4 -2 -6 3 1 2 2 1 0 4 1 -3 3 0 2 1 5 -2 5 12 2 -2 1 -2 10 0 1 0 4 3 -3 -4 1 2 -1 3 0 1 -22 0 1 1 -2 -2 -2 -6 13 -2 6 0 -1 -6 -4 -7 3 4 -4 3 -3 -1 -4 -3 -3 5 -3 -2 12 -1 -1 -4 2 -1 9 -1 3 -1 1 4 -4 -3 -4 6 8 0 -1 2 5 3 11 4 -2 1 1 -7 -7 2 -3 -1 0 -2 1 0 -5 0 7 -1 -6 2 -4 0 3 3 -1 2 -1 1 -3 -6 1 -15 -1 -2 0 5 0 -5 -1 -7 1 -1 -1 8 -20 0 11 1 5 4 7 -2 1 -3 -5 4 0 -2 -1 3 11 2 0 -2 -10 0 -2 10 -7 2 -2 -2 -2 -2 -12 -1 -2 8 -2 -9 2 0 -6 -2 1 -1 10 2 4 4 -3 -2 0 -10 1 0 3 -5 10 1 -2 -1 -7 2 2 0 5 1 -10 -6 -3 4 -4 -3 -4 5 3 -1 0 1 -4 4 -2 0 3 3 0 0 -2 -3 4 -10 1 -3 0 1 -7
L 2 111 1 83 -1 -2 1 0 -2 -4 1 2 -3 2 -1 0 3 -2 2 -4 3 -1 1 0 0 1 4 3 -2 -6 2 -5 1 7 -1 0 7 -2 -2 0 1 0 0 -8 -3 -1 6 -1 2 0 -2 -1 -2 4 10 1 -3 12 3 0 -9 -7 0 -1 -2 2 7 1 3 -2 3 -6 0 -3 -2 0 10 2 -7 4 -2 -2 0 3 1 3 1 0 0 3 -2 -4 4 1 3 -2 1 0 -10 -1 -2 3 1 -2 -4 -3 -9 0 2 -2 0 10 -4 1 -4 -1 2 0 -2 4 3 3 1 10 -4 2 3 -5 -2 1 1 1 3 3 2 6 1 3 7 -2 2 2 -4 2 -1 6 3 4 -1 1 2 -2 1 -1 3 3 -2 0 0 5 -5 1 4 -2 2 2 1 5 1 2 2 -1 2 0 0 -4 9 3 2 -2 -1 2 -2 7 1 -15 1 -5 -3 3 -2 -3 -6 -1 -2 -4 0 1 2 -11 -3 -2 -1 8 -1 -2 4 7 0 -2 1 1 1 0 0 4 6 1 -1 1 3 1 -1 -3 3 0 0 3 -2 -9 3 1 3 -2 5 8 2 -9 1 0 1 -4 -12 4 -2 -8 0 1 2 5 -1 -2 -4 5 1 -1 5 0 3 3 5 -4 -5 7 4 -4 2 5 2 -1 -7 0 0 -7 2 -2 -4 0 1 -1 0 -2 -3 8 6 3 1 -1 -2 0 -2 -5 2 1 -3 0 -2 -1 3 3 -1 3 1 -1 0 0 -3 2 -1 0 7 1 1 -18 1 1 -1 -2 6 -5 2 -2 0 1 -2 2 2 -3 -1 -1 -3 -3 1 -4 1 0 -1 -4 0 1 -2 -2 0 1 3 -1 -1 0 6 1 3 -4 2 2 2 -8 2 2 -1 -1 -3 3 -1 -3 0 2 1 5 3 4 2 -1 -8 1 -1 1 -18 1 -3 4 2 -5 -5 4 2 1 3 -2 -3 -1 -1 -1 0 -4 -4 0 0 2 -1 2 -8 -3 -3 3 -1 -1 3 -4 -2 14 5 1 -3 3 3 -2 2 -7 2 -1 2 -7 -1 3 -1 -2 3 -1 4 4 -6 -1 -1 2 -1 3 -3 -9 -3 -5 -1 2 -1 6 -3 8 -2 1 -2 6 1 5 1 -1 1 0 2 2 4 2 -1 -2 0 4 3 -2 -3 5 2 3 1 -5 3 4 3 -10 -7 3 2 1 0 3 -1 2 3 1 -4 4 -1 -1 0 -7 -2 -11 -2 -10 5 -1 -7 3 -4 0 6 0 2 1 -2 0 0 -14 1 1 -9 -2 -3 0 0 0 5 -1 -1 -2 2 -1 -2 -1 6 -3 1 -5 5 -8 6 -2 -2 -3 3 -1 6 1 -2 -3 4 -4 -1 1 3 -5 2 0 1 4 5 -2 -5 3 -1 2 0 0 -1 -1 2 -5 -3 -3 -3 5 -3 0 1 -1 3 -1 -2 7 4 -4 -1 0 -2 -7
L 2 112 1 105 1 4 3 8 -4 0 -2 -2 0 -2 0 -6 6 0 2 -4 -2 -3 2 4 3 -3 -1 -1 2 5 1 5 -1 -4 -7 -4 -11 4 -4 2 5 2 2 -1 -3 -4 -1 2 3 3 -1 3 -5 -3 3 -1 3 7 0 3 -10 3 -4 12 1 3 5 -1 -1 2 -2 1 8 2 -2 2 4 -1 -5 -1 -3 1 0 1 1 2 2 -1 2 1 3 -2 -1 1 4 -5 -5 2 5 -2 4 -2 -2 1 15 6 -5 -3 1 -4 9 0 5 2 4 1 3 -1 -1 10 -3 4 -3 -8 -2 4 -1 1 -5 0 -1 1 0 -7 4 0 -1 -1 -2 1 -5 0 -2 -1 -3 -8 -1 -3 -1 -4 0 -2 -3 2 0 4 5 0 1 1 1 -1 8 0 -3 -8 -2 1 -4 6 0 -6 1 5 1 1 -2 -8 -2 1 -1 -2 1 -5 0 -3 -2 -4 -1 3 -2 -3 -10 -1 0 -6 3 2 -2 1 -1 2 0 3 -6 0 -1 10 4 6 -3 1 -1 2 -1 -1 5 -1 3 -2 2 -1 -6 2 -3 6 -1 -3 0 -6 0 0 -1 -1 1 -27 1 0 -4 0 2 0 -3 0 3 7 1 -1 5 1 0 1 11 -9 -1 1 0 -5 3 3 11 -1 -14 4 4 2 3 0 -1 0 0 -6 0 1 -2 11 -3 -5 3 1 -10 -2 0 5 -1 -2 -2 -15 2 -6 -4 2 2 -1 -2 1 -8 -1 6 -3 -3 0 -2 -3 2 -2 3 2 -1 1 -1 3 2 15 3 3 2 3 7 1 -1 1 -1 -1 -1 -4 0 1 5 6 -3 1 -2 1 -4 3 -3 3 2 -5 7 3 -4 1 1 1 -1 -21 4 0 7 -2 0 -2 0 -4 3 3 -4 -4 2 3 -2 3 2 1 -2 4 -2 3 -1 0 5 5 2 3 14 3 0 -5 -1 3 1 1 3 3 1 -1 -4 1 1 -1 4 0 0 -8 0 3 -2 -3 -4 -1 -8 14 0 5 0 -3 -6 -7 -2 2 4 -2 1 -2 -1 -4 -4 -3 4 0 -4 10 -5 -2 -9 2 4 16 2 1 1 0 6 -6 -4 -9 6 7 -1 -2 0 3 3 4 3 -2 2 7 -4 -4 3 0 -1 -3 2 1 1 -2 0 6 0 -7 1 -2 -1 3 4 -1 2 -1 2 -4 -1 4 -8 0 -4 -1 3 1 -6 -2 -5 2 -1 0 5 -17 -2 11 2 4 5 2 -1 2 -5 -5 3 -1 -2 -1 2 7 1 0 -3 -11 -1 0 6 -5 1 -1 -1 -2 1 -7 -2 -2 5 -4 -7 4 1 -2 -1 0 -2 8 4 3 3 -11 -7 2 -4 -1 -1 5 -10 10 2 -1 0 -9 1 2 -3 7 3 -12 -6 -2 3 -4 -4 -1 6 2 0 0 2 -4 2 -3 0 2 3 1 1 -3 -3 5 -8 -1 0 2 0 7
L 2 113 1 72 1 3 -2 0 8 -2 1 6 -1 6 1 4 -6 -2 -2 5 2 -2 1 -4 -1 6 0 -4 -1 -6 3 -2 1 -1 0 0 9 -3 1 1 -3 -5 1 -7 1 1 0 2 2 -6 -2 -1 -1 7 6 1 -2 12 -1 -3 3 -16 4 1 5 -4 5 0 3 0 3 -13 -2 -2 4 1 -3 5 -6 4 1 2 -1 -3 0 -2 2 1 0 -3 -6 1 1 -4 1 1 4 -2 -4 3 -6 -2 -3 1 -8 -6 -8 2 1 -1 -2 3 -2 1 1 -3 2 0 -4 9 2 0 -1 21 0 -5 4 -3 1 2 0 -2 3 4 -3 8 -2 7 7 0 4 3 3 3 1 13 -1 4 -1 10 11 5 1 -4 0 7 -4 0 -2 9 -1 2 1 -1 5 3 0 4 0 -3 1 -11 1 -4 -1 -5 14 9 2 0 1 4 -1 4 1 -9 -1 -3 -3 4 1 2 1 -4 -7 -9 -3 3 3 -7 -3 -11 -1 2 2 0 8 -1 -3 -5 9 -2 6 -2 -2 3 -1 2 -3 3 5 -1 2 -1 4 -4 -1 5 -2 -8 1 0 3 0 1 16 0 -7 7 -2 5 -4 1 0 -3 2 -4 -1 0 4 -2 1 -2 5 3 -6 0 -1 -2 4 -5 -2 -6 -3 9 -3 2 4 0 0 -2 2 1 -4 1 -3 -1 -4 0 -7 -3 0 5 2 9 3 2 11 -1 -1 4 -1 1 1 1 1 -1 -3 2 4 1 3 6 -4 2 0 -9 6 -1 1 7 -1 2 -19 2 1 1 0 -3 -1 0 -3 5 0 -3 1 0 -5 -4 -1 2 0 1 -2 -3 3 0 -1 -1 7 5 -2 -2 -3 6 2 0 -2 7 -1 7 -5 0 4 1 -1 3 -4 1 3 -2 0 1 -1 -2 2 -3 1 2 0 0 -2 -12 -2 -2 6 -16 1 -4 -3 0 -3 -2 0 9 -1 1 1 0 -1 1 2 -1 -4 3 14 -1 -3 1 1 -5 -6 5 2 3 -1 3 -2 0 11 5 1 -2 2 3 1 3 -3 6 -1 3 2 5 -2 2 -2 13 2 1 -5 -6 2 0 1 -4 6 -1 3 -1 -3 -1 2 -5 -1 -2 11 -7 4 0 -8 6 12 0 -1 3 0 18 1 3 -3 -2 -5 -1 5 8 -5 0 -2 5 0 -3 -4 2 6 -4 -3 -4 1 10 5 -2 0 1 -1 5 -1 -2 4 -4 4 0 -12 -4 -16 0 -13 2 -2 0 -2 -5 1 7 2 0 6 1 -2 3 -9 1 0 17 3 -2 -1 1 1 1 6 -3 0 2 -1 0 -1 1 5 3 -3 5 -2 0 -2 5 1 0 2 21 2 0 -2 -2 -2 -1 -3 -1 -8 0 -1 -2 -4 5 -11 -3 2 1 3 1 0 -2 -3 4 -4 -5 6 -13 2 -4 -1 0 -1 0 0 0 3 2 -1 1 1 -5 7
L 2 114 1 73 1 5 1 7 1 2 -2 -1 1 -2 0 -3 -2 1 0 3 -2 -2 0 1 2 0 -5 -4 3 6 3 7 0 -6 -7 -5 -10 5 -2 1 2 1 2 2 -2 -2 -1 5 4 -4 0 2 -3 -2 3 -4 3 8 -5 2 -3 -1 -2 15 5 1 0 -1 -3 3 0 -7 6 2 2 2 -3 2 -3 -1 -3 4 -2 -4 -1 -1 1 -1 1 -4 0 2 -3 -2 1 -2 -3 1 8 0 1 -4 -3 5 8 2 -4 -3 0 -3 3 -2 3 2 10 0 2 -2 -3 15 -4 1 -5 1 0 -1 2 2 -4 1 -2 2 8 -6 0 1 -1 0 -1 3 -5 1 2 0 -4 -1 -4 -2 1 0 4 1 0 0 -1 6 3 0 0 4 3 1 4 1 -3 -9 -1 2 -3 2 -2 -11 -2 2 -1 1 1 -4 -3 3 0 0 1 -8 0 2 -1 -2 -1 4 -1 -2 -5 -2 -1 -9 0 3 -2 5 -1 -5 1 0 -5 0 1 4 0 3 7 0 1 1 0 -2 -4 0 0 -1 4 0 -2 1 -3 4 -1 -3 2 -2 -1 0 0 3 -2 -10 -1 3 -2 0 4 0 12 -7 1 13 -1 -2 2 0 -1 3 10 -7 -1 0 -4 -3 1 5 1 0 -18 -2 5 -2 2 0 -2 0 3 -4 0 5 -2 9 -3 -6 3 0 -8 -1 8 -1 2 -3 -1 -2 4 -4 -4 6 1 -1 1 2 -11 -1 2 -5 -3 0 3 -5 1 0 -1 4 1 2 -2 2 3 9 1 4 5 7 4 4 -2 0 6 -2 -1 -2 -1 2 3 5 -2 3 -1 4 -5 5 -3 7 1 -1 11 2 -5 -1 2 4 2 -17 1 -2 9 -5 -3 -3 -1 2 4 0 -1 -1 4 1 1 5 2 1 -3 2 -3 1 -1 -1 3 3 3 6 18 3 -1 -9 1 6 3 -1 5 -1 0 3 0 1 2 1 2 2 5 2 0 0 0 -4 -3 -2 -1 12 2 4 0 -1 -2 -10 -3 4 4 -1 1 -1 2 -1 -1 -3 4 4 2 6 -2 -2 -2 3 5 10 2 3 3 2 3 -2 -1 -6 12 11 -1 -4 0 -2 2 4 0 0 2 -8 -1 0 2 -1 0 -2 11 1 -2 -5 0 5 0 -6 2 -4 0 -2 7 -4 1 0 -1 -5 -7 2 -4 -1 5 1 1 1 -4 -4 -1 2 3 0 3 -8 -2 8 0 -1 5 -1 -2 1 0 -8 -1 -1 0 1 0 8 3 -1 -3 -5 -1 -2 40 -2 1 -1 -1 0 -1 -4 -2 -1 6 -4 -6 3 -3 4 -2 1 -3 11 -1 2 6 -8 -8 5 0 0 1 0 -10 9 3 0 -4 -8 -1 2 -3 -2 3 -13 -3 -2 4 -3 -4 0 7 1 1 2 1 3 -7 -4 1 1 2 -1 -2 -3 -2 0 -12 3 2 1 0 7
L 2 115 1 108 1 -1 1 3 -6 -3 1 0 -4 -3 -1 2 5 0 4 -4 1 -1 1 -3 -1 0 4 5 -2 -10 4 -7 4 6 3 -2 7 -3 -2 -1 1 -3 1 -9 -1 -1 0 3 1 1 -4 -2 -3 4 8 0 -2 7 6 0 -8 -2 0 -1 -4 4 3 1 3 -1 4 -5 -2 -2 -1 -1 11 2 -7 5 -2 -4 -1 3 0 3 0 -1 -3 4 -3 -3 8 -1 3 -2 2 -1 -8 0 -2 4 3 -6 -8 -3 -13 3 0 0 -2 12 -4 -2 -4 1 3 2 -1 1 3 -1 0 5 -5 4 3 -5 -2 -2 1 0 0 4 1 4 2 2 11 0 1 -2 -2 1 -3 2 2 4 -2 1 -2 -5 0 1 2 3 2 2 1 5 -4 0 3 1 2 2 3 2 -1 2 3 -6 0 -1 -1 -5 7 5 3 -1 -3 -1 -1 9 2 -17 3 -5 -3 3 -3 -4 0 -1 -2 -3 2 1 1 -14 -3 -2 2 7 1 -1 3 0 -1 -2 -2 1 6 -3 -1 5 5 0 0 1 2 3 -4 -5 3 0 -1 2 -2 -7 4 0 6 0 5 14 2 -12 0 2 2 0 -7 7 1 1 0 0 0 6 -1 -6 -7 10 -2 0 5 0 4 1 13 -3 2 9 8 -2 -1 4 2 -2 -5 1 -2 -5 2 0 -2 -1 2 -1 2 -1 -4 8 7 2 3 -4 -7 1 -5 -6 3 -1 -2 0 -5 1 8 5 -1 4 1 4 0 2 0 2 1 0 7 -2 1 -19 -1 0 -1 0 4 -6 3 0 -7 2 0 0 -1 -4 -1 -4 -4 -2 4 -3 1 0 1 -4 0 1 -6 -2 3 2 1 -4 -2 1 6 3 4 -4 1 -1 0 -9 6 1 -3 0 -4 0 0 -4 -1 5 7 2 4 5 0 0 -6 0 -2 1 -14 -1 -4 3 1 -5 -4 1 7 1 5 -3 -5 0 -2 -4 -1 -5 -4 -8 0 0 0 1 -4 -2 1 0 -3 1 4 -3 1 10 4 1 -1 0 4 -1 1 -4 1 -2 1 -7 1 2 -1 -1 4 -1 -5 -4 -6 0 -3 4 -6 4 -2 2 -6 -6 0 3 2 5 -1 7 -1 1 -4 3 -1 4 1 -3 -1 2 0 3 3 -1 -1 2 -2 3 4 0 -4 5 1 5 3 -7 -3 2 2 -7 -12 2 -1 -1 2 5 -1 4 1 0 -4 3 0 -3 1 -5 -3 -8 -2 -12 3 -1 -5 4 -5 1 4 -1 2 -3 -3 -1 1 -12 0 2 -16 -6 -2 -1 0 2 4 -5 1 -1 3 -1 -3 -1 7 -7 0 -6 4 -11 3 -1 0 -2 5 -4 -2 1 -1 -8 12 -4 -2 2 3 0 2 0 3 2 5 4 -3 3 -1 4 -1 -1 0 -1 0 -5 -4 -6 4 6 -1 1 1 -2 1 1 -1 5 3 0 -2 -3 -1 7
L 2 116 1 97 1 8 3 5 -7 0 -2 -3 0 -2 1 -7 5 0 2 -4 -2 -3 2 5 3 -4 1 -1 1 5 1 5 0 -2 -7 -3 -11 4 -3 3 5 3 2 -2 -2 -3 -1 2 3 0 -2 2 -4 -4 2 -2 2 10 1 4 -9 1 -4 11 1 4 4 -2 -2 2 -2 0 8 2 -2 2 9 -2 -5 0 -5 1 0 2 1 2 2 -1 1 1 3 -1 -2 0 6 -5 -5 2 6 -2 3 -2 0 1 15 6 -4 -3 -1 -4 7 -1 5 3 5 1 3 -1 1 7 -3 3 -3 -10 -2 4 0 0 -5 0 -1 2 3 -8 3 1 -1 -2 -5 2 -5 0 -3 -1 -3 -8 -1 -3 -1 -5 -5 -3 -3 2 0 3 4 -1 2 0 0 0 8 -1 -4 -8 -1 -7 -3 6 -1 0 2 5 2 2 -3 -9 -1 2 -1 -2 1 -10 0 2 -2 -3 -1 2 -1 -2 -8 -1 -1 -3 3 2 -3 3 0 6 0 1 -6 0 -1 5 4 5 -4 1 -4 1 -2 -1 4 -2 4 -3 2 -1 -3 1 -2 7 -1 -3 0 -5 0 0 -3 -1 1 -28 1 1 -4 0 2 4 -7 -1 2 0 2 -1 5 1 0 1 12 -8 0 1 0 -4 3 2 11 0 -16 4 1 2 3 -2 0 -1 0 -5 0 1 -1 12 -3 -4 2 2 -9 -1 -2 5 0 -2 -3 -17 -4 -6 -1 2 2 -1 -4 1 -7 -1 6 -3 -4 1 -6 -4 1 -2 4 1 0 1 -2 3 4 17 2 3 2 4 7 -1 -1 2 5 -1 0 -4 0 2 5 7 -3 0 -2 1 -5 2 -4 2 2 -5 6 4 -3 1 1 1 -1 -11 3 -1 3 -2 0 -2 0 -3 5 4 -4 -4 2 5 0 2 2 0 -1 5 -3 2 0 0 2 5 3 1 13 3 0 -1 -1 4 1 1 1 3 1 0 -3 1 1 -2 3 0 -1 -15 0 3 -1 -3 -5 0 -8 14 0 6 0 -2 -5 -7 -6 3 4 -1 1 -2 1 -5 -3 -2 7 -6 -2 10 -4 -1 -9 2 8 18 3 1 0 0 7 -6 -3 -10 13 8 -1 -1 0 3 2 6 4 -3 2 2 -5 -3 2 0 0 -2 3 2 1 -1 0 6 1 -6 0 -3 -1 2 3 -1 2 1 2 -4 -3 -1 -11 0 -3 0 3 0 -7 -3 -5 3 0 1 6 -17 -3 11 2 5 4 6 -2 1 -4 -4 3 0 -3 -1 2 5 2 0 -5 -11 0 0 6 -4 2 -1 -2 -2 1 -8 -2 -1 5 -4 -8 4 1 1 -2 0 -2 8 3 3 2 -10 -6 2 -3 -1 0 6 -4 10 3 -1 1 -9 2 2 -2 7 3 -3 -8 -3 3 -5 -4 -3 7 2 0 1 2 -4 -1 -3 0 1 3 0 2 -3 -4 4 -9 -1 1 2 0 7
L 2 117 1 123 -1 -4 -1 1 1 -3 1 2 -2 2 -1 4 -3 -3 0 3 3 2 0 -3 -1 4 1 -3 0 -6 2 -4 2 0 1 -2 11 -2 0 0 -1 -1 0 -5 0 1 -1 3 3 -7 -2 -2 1 5 5 2 -3 7 5 -3 2 -11 3 0 1 -1 1 1 1 0 3 -8 -3 -3 2 0 2 4 -4 5 -2 1 -2 -3 0 -1 0 1 -3 -2 -6 1 3 -4 1 2 2 -1 -3 1 -6 1 -1 1 -9 -6 -10 1 0 -1 -8 6 -5 1 2 -2 1 0 -3 4 2 -1 -1 14 -2 -2 4 -3 0 0 -1 1 1 3 -2 5 1 5 2 -1 2 2 1 2 -1 7 0 4 1 5 7 1 3 -3 0 4 -4 -1 -2 7 -1 3 -2 0 3 2 2 -2 0 -2 0 -4 1 -2 -1 -3 10 7 1 0 -1 3 0 3 0 -5 1 -1 -1 5 0 1 1 -4 -5 -3 -3 2 3 -6 -2 -11 1 4 2 1 5 -7 -3 -4 8 -2 1 -2 0 3 0 2 -2 1 5 2 6 -4 3 -3 1 4 0 -5 2 1 2 0 1 19 0 -5 3 1 3 -2 -4 -1 -4 -1 -4 -1 0 4 -1 0 -6 6 1 -2 0 0 0 3 1 -2 -5 0 6 -5 1 3 1 0 -3 1 -1 -2 2 1 -3 -3 1 -3 0 2 0 1 8 3 2 11 -4 2 -1 1 1 1 1 2 -2 -1 -1 1 -1 4 8 0 0 3 -6 3 1 1 5 -1 0 -19 -1 -1 2 1 2 -2 2 -1 6 -1 -2 4 2 -3 -1 -2 1 0 2 0 0 2 -1 0 -1 5 7 -2 0 -1 4 2 1 7 4 -1 4 -6 0 1 0 -2 2 -1 2 3 -1 2 2 -2 -1 2 -2 0 4 4 0 0 -6 -1 0 1 -14 -1 -3 -2 3 -4 -1 1 9 -2 2 2 1 -1 1 0 -2 -2 -1 10 -1 -3 1 0 -8 -4 4 1 2 -1 2 -2 3 10 7 3 -3 3 3 -1 4 -3 5 -1 2 -5 6 -4 2 0 6 0 1 -6 -3 1 1 4 -4 6 1 -1 3 -1 -3 1 -1 -1 -4 7 -5 2 -1 -8 6 8 0 0 3 2 13 2 2 -1 0 -2 1 7 4 -3 -2 -1 5 1 -2 -3 -4 3 2 -7 -4 2 8 3 -1 2 1 1 7 0 4 3 -4 2 -1 -9 -4 -17 -2 -11 3 -2 -2 0 -7 0 6 2 -1 -6 -1 0 1 -5 1 1 18 0 -5 0 1 2 1 4 -1 0 1 -1 -1 -1 2 8 2 -3 3 -4 -1 -2 1 6 0 3 13 2 0 -4 4 -6 1 2 0 -3 0 1 1 -1 5 2 -1 0 0 4 -1 1 1 -2 1 -3 -5 -1 -5 3 -2 -1 -2 -2 0 -1 0 1 2 0 2 -1 -1 -7
L 2 118 1 104 1 1 1 4 0 -5 2 2 -4 -4 0 0 5 -3 3 -4 1 -2 1 0 0 1 1 2 -3 -6 3 -8 0 1 -2 0 12 -2 0 -1 1 -2 0 -10 0 -3 2 0 2 4 -2 -1 -1 5 6 2 -3 11 6 2 -2 -6 0 -1 -3 1 9 2 4 -1 2 -3 -1 -2 0 0 4 2 -6 6 -3 -3 -2 3 0 3 1 -1 0 4 -4 -4 7 -2 6 -2 0 0 -6 0 -1 4 0 -4 1 -1 -9 1 2 1 6 8 -2 0 -6 1 2 2 -2 3 2 2 -1 6 -1 2 4 -5 0 -1 0 -2 -4 1 -1 5 1 4 6 -2 2 0 0 0 -2 5 3 4 -2 3 5 -2 0 -1 1 6 -3 1 -1 5 -5 -1 4 -1 2 3 1 1 -2 4 4 -5 1 1 2 -2 8 3 3 -3 -3 1 -2 2 2 -16 1 -5 -2 4 -1 -4 -4 -1 -4 -6 2 1 2 -11 -4 -1 0 5 0 -1 4 5 0 -1 -5 0 1 -2 0 6 7 1 1 2 2 0 -4 -2 4 0 0 3 -3 -12 5 0 6 -4 4 -5 2 -10 1 0 0 -4 -15 10 0 -5 1 0 4 3 -1 -3 -7 4 1 -3 6 -2 2 -1 8 -4 -1 3 8 0 -2 8 2 -1 -8 1 -2 -6 1 2 -1 -3 0 -5 -3 -2 -4 7 6 4 -1 -7 -2 -2 -1 -5 3 1 -3 0 1 -3 4 6 -1 4 4 0 3 -1 -3 3 1 1 6 -3 -1 -15 1 0 0 -3 2 -3 2 -1 -3 2 -1 1 3 -5 -1 1 -1 -1 3 -4 -1 -1 -1 -4 0 2 0 -1 0 2 1 -2 -2 -9 6 3 6 -1 2 1 1 -9 3 1 -2 -2 -5 2 -5 -3 0 3 2 3 1 4 0 1 -5 2 -4 2 -21 0 -3 6 2 -4 -3 4 9 4 4 -3 -3 0 -1 -2 0 -6 -4 1 2 2 -1 2 -5 -4 -4 2 -1 2 2 -4 -8 14 5 -1 -5 0 3 -1 0 -6 2 -2 1 -3 -2 1 0 -1 7 -1 1 6 -5 1 -3 1 -2 1 -4 -1 -7 -5 -1 4 0 3 -2 8 -3 -1 -3 9 0 0 0 -2 2 1 8 -1 5 -1 0 0 0 5 3 -3 -3 3 0 2 1 -6 3 5 2 -4 -7 4 0 1 3 1 1 2 0 -1 -5 2 1 -5 3 -7 -3 -10 0 -9 4 -2 -6 1 -2 2 3 0 2 6 -1 -1 2 -15 1 1 -12 -2 -3 -2 0 0 3 -1 0 -3 4 0 -1 -2 7 -3 2 -6 6 -7 7 0 1 -5 2 -2 15 3 -2 0 -1 -3 -2 0 2 -6 3 0 2 8 5 -7 -6 3 0 1 2 0 -2 -1 0 -6 -3 -5 1 4 -2 -1 3 1 3 -1 0 6 5 -5 -1 -1 -1 7
L 2 119 1 87 -1 10 2 1 -5 -5 2 3 -3 -1 0 3 1 -3 0 -2 1 0 1 1 0 1 2 3 -3 -7 0 -5 1 -1 -2 1 10 -1 -2 1 2 -2 0 -11 0 -1 -2 0 1 -1 -4 1 -3 4 9 0 -2 12 -3 -1 -8 -7 -1 0 -4 3 7 1 4 -2 2 -3 0 -3 -1 1 7 2 -7 4 0 -1 -2 2 1 3 1 0 -1 2 -2 -4 5 -2 4 -2 1 -2 -2 -1 -1 4 0 -2 -2 -2 -9 0 1 -1 4 6 -1 0 -4 -3 2 1 -2 6 0 1 2 7 -2 1 3 -4 -1 1 3 0 -7 2 0 4 2 5 7 0 2 0 -2 1 -2 9 4 5 -3 2 -3 1 0 0 1 1 -1 0 -1 4 -4 1 3 -1 3 2 2 -1 -3 2 2 0 3 0 2 -2 8 3 4 -2 -1 -1 2 0 3 -12 -1 -6 -3 2 -2 -1 -7 0 -4 0 -1 1 2 -11 -4 1 1 1 -1 -2 4 1 -2 -2 -4 -2 -1 -3 0 5 4 -1 3 5 4 0 -4 -3 3 -1 0 1 -2 -10 2 2 3 -3 6 -4 3 -9 2 0 1 6 -6 5 -1 -3 0 1 4 3 -1 0 0 2 1 -1 6 0 3 3 9 -1 0 3 9 -2 1 5 2 -2 -6 -1 0 -9 2 1 -2 -2 -1 -4 -4 -1 0 9 6 4 -1 -6 -4 1 -1 -6 1 0 -4 -1 3 -1 5 4 -1 1 -7 -4 1 0 -3 3 -1 -2 6 0 0 -7 2 1 1 -2 1 -2 3 -1 -3 -1 -1 0 2 -3 -1 1 -1 -3 -1 -5 0 -1 -2 -5 -1 2 -2 -1 2 2 4 -3 -1 -5 8 1 7 -2 1 2 2 -8 3 2 0 0 -3 2 0 -5 -1 1 3 2 2 3 1 1 -11 3 -6 6 -20 2 -3 6 2 1 -4 4 2 2 1 -2 -2 -1 0 0 1 -5 -5 -11 0 0 1 1 -2 -4 -2 1 0 1 2 -3 -7 12 1 2 -1 2 4 -2 2 -8 4 0 4 -3 1 3 0 -1 8 0 -5 -5 -6 -1 -3 3 1 2 -4 2 -5 -4 -2 2 0 3 -2 12 -1 2 -2 3 -1 6 0 -2 0 2 0 1 3 1 -1 -2 -3 3 4 -3 -4 2 1 3 -1 -3 4 4 -2 -3 -9 2 4 2 1 2 -1 1 1 0 -6 2 3 -9 -3 -8 -3 -11 -1 -3 4 -4 -6 0 -2 1 4 -1 1 3 -3 1 0 -12 2 1 -2 -3 -2 1 0 1 2 -1 -2 -1 2 -1 -3 -1 2 -5 2 -4 6 0 3 -1 -1 2 2 -2 7 2 2 -2 2 1 -1 1 2 -5 3 0 2 0 5 -6 -5 2 -1 2 1 0 -1 1 1 -5 -3 -2 1 4 -3 0 1 -2 3 -1 -2 7 2 -1 -2 -1 -3 -7
L 2 120 1 127 -1 0 -1 -4 6 -2 1 4 0 1 -1 3 -6 -1 0 4 3 0 -2 -2 0 3 0 -2 -1 -8 2 -5 1 5 0 -1 8 -1 0 1 -1 -2 2 -5 0 3 3 4 2 -7 -3 0 0 5 9 1 -2 10 1 0 3 -10 3 -1 -2 -1 3 0 0 0 4 -15 -3 -3 2 0 -1 5 -4 4 1 2 -3 -1 -1 -1 -1 -1 -2 -2 -5 0 3 -2 1 1 3 -1 -2 2 -5 1 1 1 -9 -5 -8 1 2 0 -6 3 -5 0 5 -3 2 0 -2 6 2 0 0 9 -1 -3 5 -3 0 1 1 1 8 5 -2 5 1 5 3 -1 4 1 1 2 -2 10 0 5 0 5 7 2 3 -1 1 6 -3 1 -2 7 -2 3 0 2 3 1 1 -1 1 -2 1 -8 0 -3 0 -4 10 6 1 0 -2 4 -2 5 1 -4 1 -1 -1 4 0 1 4 -2 -5 -7 -3 2 2 -5 -3 -9 0 0 1 -1 4 -5 -3 -4 6 -3 4 -2 0 2 -3 2 -2 2 2 1 2 -4 3 -3 0 4 0 -4 2 1 3 -1 1 21 -1 -7 4 -1 3 4 -1 -1 -4 -2 -1 -1 -1 3 -2 0 -4 8 2 -1 2 0 0 0 -5 -2 -4 0 6 -5 -1 1 2 0 -3 2 0 -3 1 -3 -3 -4 1 -1 0 -1 0 0 6 3 2 11 2 0 0 0 1 1 -1 0 0 -1 -2 3 -1 3 5 -1 2 2 -6 4 1 1 5 0 1 -20 0 0 1 2 -2 -2 1 -2 7 0 -1 4 0 -1 -3 0 0 -1 2 -2 0 -1 0 0 -2 5 -2 -1 1 0 2 0 2 7 3 -2 -2 -6 -1 1 0 0 3 0 2 3 -3 2 2 -2 -1 1 -3 1 3 2 1 -2 -9 0 1 5 -15 1 -3 1 4 -2 -2 1 5 -2 2 2 1 -2 0 -1 -3 -3 0 -3 0 -1 1 0 -6 -2 -1 2 1 -2 3 -2 -1 7 6 3 -4 2 2 -1 4 -3 5 -2 4 -2 8 -5 1 -1 7 0 2 -10 -4 1 0 3 -4 5 0 2 1 -4 -3 1 -2 -1 -6 7 -4 3 -2 -7 5 8 -1 -2 2 1 15 0 3 -2 0 -3 0 6 5 -4 -2 -1 3 1 0 -3 0 4 -2 -2 -6 1 9 2 0 1 2 1 5 1 4 2 -5 6 1 -9 -4 -12 -1 -9 2 -2 -1 1 -6 0 6 2 -2 3 -1 -1 1 -6 1 -1 18 1 -3 0 1 3 3 2 0 0 2 -1 -2 -3 3 4 0 -4 4 -7 1 -3 1 -1 0 1 13 1 0 -7 2 -5 0 2 1 -3 2 1 1 -1 3 1 -2 3 0 4 0 0 0 -2 2 -4 -4 1 -10 4 -1 -1 -1 -3 0 -1 -1 1 -1 -1 1 0 -1 -7
L 2 121 1 93 -1 -4 1 -3 -3 -6 2 4 -2 1 0 -2 0 -6 3 0 1 -2 0 3 0 1 1 -1 -2 -2 2 -6 -3 2 -3 2 9 -1 0 0 0 -1 -1 -8 -1 -2 6 -5 3 4 0 -1 -1 5 5 3 -3 12 7 -1 1 -9 1 -3 -1 0 11 3 4 -1 1 -3 0 -3 0 0 2 0 -6 4 -2 -1 -1 2 1 0 2 2 3 2 -3 -4 2 1 6 -3 -2 0 -1 -3 -2 1 0 -1 4 -1 -4 0 4 -2 6 2 -2 2 -7 -5 2 1 -1 2 0 5 3 8 -1 1 3 -2 0 2 0 -2 -1 0 -1 4 -2 4 -1 -2 0 2 -1 3 -3 5 3 4 -2 0 5 4 2 0 1 3 -6 1 -1 5 -5 1 3 -4 1 3 -2 -5 0 3 1 4 4 0 1 -1 6 1 2 -3 0 4 -2 0 1 -2 -1 -4 -2 3 0 -1 -8 -1 -5 -1 -1 2 2 -6 -2 -2 -3 -2 0 0 5 5 3 -2 -6 -2 -11 -3 -1 4 8 -1 2 1 3 -1 1 -1 4 -2 1 3 -3 -11 3 2 1 -7 2 -13 1 -7 3 -3 -2 -2 -24 5 -4 -12 3 1 5 3 0 3 -3 0 5 -2 6 -1 1 -3 -4 -2 -1 2 1 -1 1 6 1 0 -8 0 0 -9 0 0 -3 -3 1 -4 -7 -3 -10 4 4 4 -4 -8 4 -4 3 -3 1 2 -5 -1 6 -3 -7 5 0 2 6 -7 3 -4 -5 1 0 4 5 -1 0 -7 3 3 -2 -3 2 -1 0 -2 4 1 -3 3 4 -3 -1 7 3 -3 3 -4 -2 0 -3 -3 -1 1 8 0 -3 0 4 0 0 -2 5 0 3 -1 5 3 5 -4 1 2 -2 0 -1 5 -5 -2 1 0 -7 5 0 2 1 -1 -7 2 0 1 -20 3 -2 6 4 -5 -4 5 2 3 0 -1 -1 0 1 -1 -1 -5 -3 -2 3 3 1 5 -9 -5 -11 5 1 0 -1 -4 -11 11 5 -2 -5 1 1 -3 1 -10 6 0 7 -3 1 -2 0 -3 3 -1 11 8 -3 0 0 -1 3 -1 -4 -8 -7 -5 -2 2 -2 5 -3 6 -3 0 -1 10 3 3 1 0 2 2 7 -1 5 0 0 -3 2 9 3 -4 -1 3 2 0 -1 -4 6 6 8 -3 -11 4 1 3 0 -1 -1 0 2 2 0 3 1 -7 2 -10 -2 -9 0 0 6 -1 -9 1 -2 2 5 0 0 1 -1 -1 2 -12 1 2 -5 3 -4 0 0 1 3 2 -1 -3 2 -1 0 -1 7 5 3 -5 6 -7 7 -1 0 -4 2 0 16 1 -2 5 -6 -2 0 0 3 -12 3 -1 -1 12 3 -4 -7 2 1 0 1 1 0 -2 -1 -5 -2 -3 -3 4 -3 -1 2 3 6 -1 -1 4 9 -7 1 3 -1 -7
L 2 122 1 74 1 4 -2 -9 0 -1 2 6 -1 6 1 3 -10 -1 -1 4 3 -3 -2 -4 -1 2 0 -2 -3 -6 5 -3 1 3 0 0 6 -4 2 -1 -3 -5 2 -5 2 1 5 -2 2 -5 -2 0 1 6 11 -2 -1 14 -5 -3 2 -14 4 0 5 -3 6 0 3 0 5 -20 -4 -4 4 1 -5 4 -6 3 1 0 -3 -1 1 -1 2 1 2 -4 -5 0 0 -3 -1 0 5 -2 -1 3 -7 -2 -4 3 -8 -6 -3 2 2 -2 -2 -1 -4 2 -2 -5 3 0 -4 6 1 1 1 22 0 -5 4 -1 0 3 2 -2 14 6 -1 7 -1 6 9 1 3 2 1 4 -2 16 -1 6 -2 9 6 7 2 -3 1 6 -2 0 -3 7 -3 3 4 0 5 4 0 2 1 -3 1 -6 0 -5 -1 -3 15 8 1 0 2 7 -3 4 2 -2 -1 -5 -3 1 0 2 1 -1 -7 -8 -4 4 3 -5 -3 -9 -3 -8 0 -1 7 -1 -2 -6 7 -2 2 -3 -2 3 -3 2 -2 2 3 -1 1 -2 4 -5 -1 5 -2 -7 1 0 3 1 0 18 0 -6 7 -2 4 -2 3 -4 -3 1 -2 1 0 6 -1 1 0 4 3 -4 1 0 -2 2 -15 -2 -1 0 7 -3 1 4 0 1 -2 3 2 -5 1 -7 -2 -2 1 -4 -4 -1 6 1 6 2 1 8 4 0 7 -1 0 1 0 -1 0 -1 -6 5 1 2 4 -7 2 -2 -8 4 -2 1 6 0 3 -19 2 1 0 1 -7 0 0 -4 4 0 -2 3 -1 -4 -4 3 2 -1 1 -3 -2 1 0 -1 -4 5 -1 0 -1 -1 7 1 1 5 6 -1 4 -5 0 5 2 2 5 -3 0 6 -3 0 0 0 -2 1 -5 2 2 -2 0 -3 -13 0 1 8 -14 4 -3 4 1 -1 -2 1 -2 -2 0 0 -1 -1 2 2 -2 -4 2 0 0 -3 3 3 -5 -4 1 0 3 -2 3 -1 -1 7 0 0 -2 2 2 -1 4 -4 6 0 7 3 8 -4 2 -2 14 1 8 -7 -7 1 0 2 -5 6 -1 1 -9 -8 -1 1 -4 1 -3 12 -6 5 0 -12 5 12 0 -2 3 2 10 0 0 -3 -2 -6 -1 6 7 -3 1 -3 5 0 -1 -3 2 6 -3 -2 -12 0 11 5 -2 0 2 0 5 0 0 5 -1 9 0 -17 -4 -13 -2 -8 3 -2 -4 0 -5 0 9 0 -1 6 -1 -2 3 -5 0 -1 17 5 -2 0 1 2 3 2 -4 0 2 -3 -3 -1 1 2 2 -2 6 -9 1 -2 4 -3 3 2 10 1 0 -6 1 -2 -2 -3 1 -8 2 -2 -3 -7 2 -7 -3 2 2 4 1 -1 -2 -3 5 -4 -4 11 -17 3 -3 -1 0 -1 2 0 -2 1 1 0 0 2 -4 7
L 2 123 1 115 -1 0 0 -1 3 -2 1 3 -1 2 -1 4 -4 -2 1 3 4 1 -2 -3 -2 4 1 -1 0 -5 3 -3 2 5 0 -1 8 -2 0 0 -1 -2 0 -4 -1 2 5 2 3 -8 -2 -1 0 5 9 -1 -3 12 -2 -2 -2 -11 3 0 2 -1 2 1 1 0 4 -12 -3 -3 2 0 3 5 -5 4 -2 1 -2 -1 -1 0 -1 0 -1 -2 -5 0 3 -2 0 1 2 -1 -8 1 -5 0 0 2 -10 -6 -7 0 1 -1 -7 6 -6 1 1 -2 1 0 -4 7 2 1 0 18 -1 -3 5 -3 -1 1 1 2 9 5 -2 7 0 4 7 0 3 3 1 3 -1 13 0 5 1 5 6 2 3 -2 2 4 -3 -1 -2 7 -3 3 0 0 3 2 1 6 2 -2 1 -5 0 -3 -1 -3 11 7 1 0 -1 4 -2 5 1 -8 2 -2 -2 4 -1 -1 0 -1 -4 -5 -3 2 2 -7 -4 -8 0 5 1 -2 5 0 -3 -5 10 -1 3 -2 1 3 -2 3 -3 2 4 2 2 -3 3 -3 1 4 0 -5 2 1 3 1 2 23 1 -6 2 -1 3 -3 3 -2 -4 -2 -2 0 0 4 -1 1 -7 6 0 -2 1 1 1 5 -5 -3 -6 1 5 -6 1 3 1 0 -3 1 0 -2 2 -3 -3 -1 1 -1 2 0 4 1 7 1 2 13 0 3 -1 0 0 1 0 1 -4 -1 -2 2 -1 4 6 -2 0 3 -5 3 1 0 6 0 1 -23 0 0 2 1 2 -2 1 -3 6 0 -1 4 1 -3 -3 -2 -1 0 2 0 0 1 0 0 -2 4 0 -3 -1 -1 4 2 1 5 3 -1 4 -6 -1 1 1 -2 2 -1 2 3 -2 2 1 -1 -1 2 0 2 3 2 1 -2 -8 -1 0 3 -15 0 -3 0 3 -3 -2 2 3 -2 2 2 1 -2 0 1 -2 -2 1 9 -1 -1 1 1 -6 -3 4 0 1 -2 2 -2 2 11 5 3 -4 3 3 -1 5 -3 5 -2 1 -2 5 -2 2 -1 8 1 4 -3 -6 1 1 3 -4 7 0 -5 2 -1 -2 0 -1 0 -4 8 -5 3 -1 -8 5 8 0 -1 2 1 10 1 1 -1 0 -3 0 5 3 -3 -2 0 5 0 0 -3 -1 3 -2 -10 -2 2 9 2 -1 2 1 1 6 0 0 4 -4 7 0 -11 -4 -16 -2 -12 3 -2 -2 0 -7 0 8 2 -1 1 -1 -1 1 -6 1 0 21 1 -4 0 1 2 2 2 -2 -1 2 -1 -1 -2 2 3 1 -3 5 -5 1 -3 1 1 2 1 9 1 -1 -8 5 -5 0 1 0 -4 0 0 0 -4 4 -2 -2 2 0 3 0 1 -1 -1 3 -4 -4 4 -10 4 -2 -1 -1 -2 1 0 -1 1 0 1 1 0 -2 -7
L 2 124 1 106 1 2 1 -5 -7 -4 2 2 -3 -4 0 0 1 -2 4 -4 2 -4 -2 1 0 -1 2 4 -5 -6 4 -9 0 4 -2 1 10 -2 0 -2 1 -1 1 -8 0 -4 7 -2 2 5 -3 0 1 5 10 1 -3 13 3 1 -3 -4 1 -2 -4 2 9 2 5 -1 4 -9 -2 -3 0 0 2 2 -6 5 -3 -4 -4 5 1 4 1 -1 2 3 -3 -5 7 -1 4 -4 1 -1 -3 0 -1 4 0 -2 1 -1 -6 1 3 0 5 3 -3 1 -8 -1 3 3 -3 2 1 2 1 7 -2 2 4 -4 -1 1 2 -1 6 3 1 4 0 4 8 0 1 -1 -2 2 -4 8 3 6 -3 1 0 0 0 0 2 5 -1 1 -2 4 -7 0 6 -1 1 3 2 -2 -1 3 3 -1 0 0 2 -1 8 3 3 -3 -3 3 -3 2 3 -11 1 -7 -2 2 -2 -3 -4 1 -4 -4 1 2 1 -9 -4 2 -1 -4 -2 -1 3 5 1 -3 -7 0 -3 -3 0 6 5 0 1 1 0 1 -5 -3 4 -1 0 3 -3 -10 5 1 6 -4 3 -2 2 -10 1 0 -1 -2 -14 7 0 -6 3 3 3 5 0 -2 -5 3 1 -1 6 0 2 -3 -1 -5 4 6 6 0 -2 7 2 0 -8 2 0 -8 1 -2 -2 0 0 -2 -4 -3 -3 6 3 3 -2 -9 2 0 1 -6 2 1 -5 -1 3 -1 -3 7 -1 3 3 -2 4 -3 -1 2 1 1 5 -2 -1 -15 1 1 0 -3 -2 -2 1 -2 -4 2 -1 2 2 -4 -1 5 0 -1 3 -4 0 -2 -1 -5 -2 1 -6 0 1 3 2 -3 0 -3 5 3 2 -1 3 2 2 -6 5 2 -3 0 -6 2 -6 -1 0 2 -1 3 1 3 0 0 -7 3 -1 5 -19 3 -3 11 2 -1 -4 5 -1 2 3 -3 -4 0 -1 -2 -1 -6 -5 -11 3 1 0 3 -4 -2 -7 1 -2 0 2 -3 -9 10 1 -2 -5 0 3 -2 1 -7 3 -1 5 -2 2 -1 1 -1 8 -2 8 4 -6 0 -2 1 -3 2 -4 -3 -14 -10 0 3 1 5 -2 9 -3 0 -3 7 -1 -1 0 -4 1 3 1 -1 2 0 1 -1 0 5 2 -1 -2 3 0 2 3 -5 3 5 3 -3 -16 3 0 1 3 1 2 3 0 0 -3 2 3 0 3 -11 -3 -6 -2 -4 5 -2 -9 2 -2 0 5 -1 1 6 -2 -2 2 -11 0 -1 -10 0 -2 -1 0 0 5 -4 0 -3 5 -1 -4 -2 7 -6 0 -6 7 -14 8 -1 0 -8 5 -3 4 1 -3 -3 1 -3 -2 1 5 -6 5 -2 1 6 2 -3 -6 3 2 2 2 -1 -2 0 1 -6 -1 0 -4 5 -1 0 3 0 4 -1 -2 5 5 -4 -2 1 0 7
L 2 125 1 118 -1 16 -1 4 0 3 -2 1 1 1 2 -2 -4 1 -2 2 -3 -2 1 1 1 2 -4 -5 2 2 -1 8 0 -8 -5 -5 -10 4 -2 2 1 -1 2 2 -1 -1 -7 6 2 -8 -3 3 -4 -2 4 -3 4 10 -15 1 -8 -6 -1 14 7 0 1 -4 -3 4 1 -7 5 2 4 1 0 2 -3 -3 -1 4 -1 -6 2 -2 1 0 0 -4 0 4 -5 -4 0 -1 0 -1 13 2 -2 -6 -4 4 4 1 -4 -1 -3 -5 1 -4 3 1 11 -1 3 -2 -2 15 -4 -1 -4 2 0 -2 1 2 -4 1 1 0 2 -5 0 2 0 1 -2 5 -3 -1 1 0 -2 2 -4 -2 -1 2 -1 2 -2 -1 -1 5 4 0 -1 2 2 1 4 0 1 -7 -1 1 -5 1 -2 -10 -2 0 2 2 3 -2 -1 3 3 0 1 -11 1 4 -4 -3 -2 1 -1 1 -6 -2 -6 -5 0 4 -1 3 0 -2 -1 -3 -2 -1 4 -1 -1 0 7 0 3 -1 -2 -3 -6 -1 1 0 4 -2 -2 3 -2 1 -2 -2 1 -2 -3 -1 -1 4 0 -5 0 2 0 0 6 8 19 -4 2 13 -2 -3 0 0 -1 3 13 -8 -1 -2 -3 -2 0 8 4 2 -15 2 6 1 5 -1 -4 0 4 -4 3 4 -1 8 -1 -4 2 -2 -6 0 11 1 7 -4 -2 -3 1 -3 0 4 0 -2 0 0 -8 0 5 -4 -2 2 -7 -8 1 -1 0 4 -2 -2 -4 2 7 12 1 4 4 8 0 3 -1 -1 4 -2 0 -3 -3 0 2 5 0 3 -3 3 -6 4 -3 3 0 0 10 2 -2 -3 5 2 -1 -13 4 -3 13 -4 -4 -1 1 1 7 -2 1 0 5 0 6 3 0 -1 1 -1 -1 -1 -2 0 -3 2 0 7 15 2 -1 -6 -3 9 2 -2 -1 -1 -1 1 -1 0 4 2 2 3 5 -8 -3 -2 3 -3 -2 -2 2 11 3 3 1 1 2 -8 -8 4 8 -1 0 -1 2 1 0 -2 7 2 2 10 2 0 -1 4 -1 0 0 3 2 1 3 0 -1 1 10 11 1 -3 -2 -1 3 12 1 2 3 -14 -1 4 2 0 -1 -1 5 3 -3 -5 0 4 -1 -6 5 -5 3 -4 6 -2 -1 2 -1 -2 -11 2 -9 -3 7 3 0 -1 -4 -3 -1 1 0 1 3 -10 -3 5 1 -1 4 4 -4 1 1 -7 1 0 0 1 1 9 3 -1 -2 -2 -1 -1 28 -1 2 -1 0 -1 -4 -5 -4 1 4 -2 -6 2 -7 2 -2 4 -2 13 -3 3 6 2 -5 4 -5 1 2 1 -6 10 1 -3 -4 -7 -1 2 -4 -7 0 -11 -4 -4 4 -2 -2 -4 5 1 2 2 0 6 -9 -4 -1 2 -1 -1 -1 -2 -4 0 -14 6 0 1 -2 -7
L 2 126 1 64 1 8 -3 -3 4 -1 1 4 -2 3 1 2 -7 -1 -2 4 1 -3 1 -3 -1 3 0 -4 -3 -7 2 -3 1 2 0 -1 7 -4 1 1 -3 -3 1 -7 1 2 0 1 1 -8 -2 -1 -1 6 8 -1 -3 18 0 -2 4 -16 3 1 6 -3 5 -2 2 -1 3 -13 -2 -3 4 1 3 4 -6 4 -2 1 -1 -2 1 -2 0 0 0 -3 -5 2 0 -6 1 1 4 -1 -4 2 -8 -1 -2 2 -9 -7 -9 2 -1 -1 -4 1 -3 2 4 -3 2 -2 -3 6 1 -1 1 17 0 -5 6 -2 -1 2 1 -2 7 3 -3 7 -2 5 4 0 4 2 1 2 0 13 -1 3 -2 9 5 4 1 -3 0 7 -6 0 -2 9 -2 5 1 -2 5 4 1 -6 0 -3 0 -3 1 -5 -3 -3 12 7 2 2 0 5 -2 -2 0 -2 0 -2 -2 3 1 1 3 -2 -7 -6 -3 3 2 -7 -2 -6 -2 0 1 -1 8 -6 -1 -6 7 -4 3 -3 -1 3 -3 1 -2 3 5 -1 5 -3 4 -3 0 5 -2 -5 1 0 1 0 -1 16 0 -7 6 -3 5 2 -5 -2 -4 -5 -2 -1 0 3 -1 0 -1 5 3 -5 0 0 -3 3 -4 0 -9 -2 4 -3 2 2 2 0 -3 3 1 -4 2 -2 -2 -4 -1 -4 -2 1 2 2 10 2 1 9 -6 -2 8 0 0 1 -1 0 0 -4 1 2 0 3 0 -4 1 0 -7 4 -1 1 6 0 4 -16 1 0 0 3 -5 -2 1 -2 12 0 -3 2 0 -6 -4 -1 2 -1 1 -2 -2 1 -1 -2 -2 6 3 -1 -1 -2 6 3 1 11 6 -2 2 -7 -1 3 0 1 5 -3 1 5 0 2 3 -3 -1 1 0 2 2 1 0 -2 -12 -1 0 5 -15 2 -2 1 1 -3 -3 2 6 -1 3 3 0 -1 0 2 -2 -4 3 4 -1 -3 4 1 -5 -4 4 3 3 0 3 -2 1 10 2 3 -2 3 2 0 4 -6 8 0 5 -6 4 -1 3 -1 11 1 6 -4 -6 2 -1 3 -4 5 0 -1 9 -2 -2 3 -4 -1 -3 12 -6 4 -1 -13 6 11 -1 -1 3 0 19 2 2 -2 0 -6 0 6 7 -6 -1 -3 3 1 -3 -2 1 6 -4 -7 -8 1 12 4 -2 1 0 0 6 0 -1 5 -3 3 0 -12 -5 -17 -1 -7 1 -2 -1 -1 -6 1 7 2 -1 4 1 -2 2 -9 0 0 17 5 -2 -1 0 1 2 6 -4 -1 1 -1 -1 -1 1 9 2 -2 5 -3 -1 -1 4 2 2 2 22 1 1 -3 4 -2 -1 -3 -1 -8 0 1 -1 -2 3 -1 -5 0 2 3 1 -2 -1 -3 4 -3 -6 5 -15 2 -4 -1 -1 -2 0 1 -3 2 0 -1 1 1 -3 7
L 2 127 1 113 -1 -6 -1 -3 -2 -2 1 4 -1 2 -1 5 -4 -2 1 4 4 1 -1 -3 -2 4 1 -1 0 -6 2 -4 1 1 0 -1 9 -1 0 -1 -1 -2 1 -4 0 1 4 2 3 -4 -1 -1 1 6 7 2 -1 5 1 -2 0 -9 4 0 1 -2 3 2 2 0 6 -13 -4 -3 3 0 -2 4 -5 4 0 0 -2 -2 -1 -1 -1 0 -1 -2 -5 0 2 -2 0 1 3 -2 -1 1 -5 1 -2 2 -10 -6 -7 0 3 -2 -7 3 -6 0 -3 -3 1 1 -4 6 2 1 0 17 -1 -3 4 -3 0 1 1 1 7 6 -1 7 1 5 7 -1 3 2 1 3 -2 11 -1 5 0 6 8 3 3 -3 1 3 -3 0 -2 6 -2 3 1 1 2 2 1 4 1 -3 1 -6 -1 -2 0 -3 12 8 1 -1 -1 4 -2 9 2 -6 1 -2 -2 4 0 0 1 -2 -6 -3 -3 2 3 -7 -4 -12 0 0 2 0 5 -2 -3 -4 8 -2 0 -2 0 3 -1 2 -3 1 4 1 2 -3 3 -4 1 3 -1 -6 2 2 4 1 1 22 -1 -6 3 0 3 -4 2 -2 -4 4 -2 0 -1 5 -1 0 -6 5 1 -1 1 0 0 2 -7 -3 1 2 7 -5 0 5 0 0 -2 1 0 -4 1 -4 -3 -2 2 -3 0 0 3 0 5 2 2 10 5 2 -1 0 1 1 1 0 0 0 -6 3 0 3 11 -2 1 1 -7 3 1 2 6 0 0 -22 1 0 1 0 0 -1 1 -3 2 -1 -1 5 1 -1 -2 1 1 0 3 -1 0 1 1 0 -2 5 3 -2 -1 0 4 1 1 4 3 -1 5 -5 0 2 2 -1 2 -2 1 3 -1 1 0 -1 -1 2 -4 0 4 2 1 -2 -6 0 0 4 -13 0 -3 -2 3 -3 -2 1 3 -2 1 1 1 -2 1 1 -2 -2 0 8 -1 -2 1 2 -6 -4 2 0 1 -3 1 -2 2 9 6 2 -4 1 2 -1 3 -2 5 -1 1 2 7 -6 2 -1 8 1 3 -9 -5 1 2 3 -6 6 1 1 -9 -4 -2 0 -1 1 -4 6 -5 3 -1 -6 5 8 1 -2 2 2 7 1 0 -2 -1 -3 0 6 5 -2 0 0 4 1 0 -4 -2 3 4 -3 -8 3 7 3 0 2 2 2 6 -1 4 3 -3 6 1 -11 -3 -14 -2 -10 4 -2 -4 -1 -7 -1 7 2 0 -4 -2 -2 2 -3 1 0 19 1 -5 0 2 3 1 2 0 0 2 -1 -1 -1 3 4 2 -3 5 -9 1 -3 1 1 2 2 5 1 -1 -8 0 -6 0 1 0 -4 0 0 0 -3 4 -3 -1 2 0 5 0 1 -1 -2 2 -4 -4 2 -7 4 -2 0 0 -2 0 -1 0 1 3 0 1 0 -2 -7
L 2 128 1 94 -1 2 3 5 -1 2 -2 -4 0 -9 0 -7 8 2 5 -3 -3 -3 2 4 3 -5 0 -1 1 1 3 0 1 2 -7 -4 -10 4 -2 1 5 5 4 -3 -3 -4 0 6 3 4 -2 2 -7 -4 8 -2 3 11 4 6 -9 5 -4 13 -1 3 3 -3 -1 3 0 -5 9 3 -3 0 6 0 -4 0 -3 0 -2 3 1 3 0 -2 3 3 3 -2 1 1 9 -4 -2 2 10 -2 1 -1 -1 -3 14 8 -5 -2 -2 -2 7 0 2 1 9 4 3 -1 1 8 -2 2 -5 -18 -2 5 0 -2 -6 -2 -1 0 8 -8 3 1 -1 0 -2 2 -4 -3 -3 -3 -7 -11 -2 -4 -2 -5 -2 -5 -2 4 0 6 5 2 4 3 -1 -1 9 3 -4 -6 -1 -3 -4 6 1 -6 -2 5 0 -2 -1 -8 -3 3 -6 -3 -1 -5 2 -4 1 -5 1 2 0 -3 -6 2 -2 -6 4 3 -4 0 -2 3 0 0 -7 2 -4 5 5 5 -5 2 1 2 -1 1 3 -2 4 -3 -1 0 -7 -1 -2 7 -4 -4 1 -4 1 1 0 -3 -1 -16 -1 -1 -4 2 4 3 -7 -1 5 5 4 0 1 2 -2 -6 6 -3 -2 1 -2 -5 2 -2 11 -1 -14 9 4 3 2 0 0 -1 -2 -4 -1 4 -3 8 -3 -8 3 1 -9 -3 -7 2 -1 -2 -2 -16 4 -5 -11 1 3 -1 -4 0 -9 -2 6 -2 -4 1 3 -2 4 -3 4 1 3 4 -3 1 5 10 2 2 1 4 8 -1 -1 4 2 4 2 -4 -2 1 2 6 -5 3 2 1 -4 1 -3 1 1 -5 0 4 -1 2 -1 1 -1 -14 3 -1 -3 -1 -1 -5 -1 -3 8 3 -6 -3 1 4 1 5 2 0 -4 4 -4 4 -1 -1 3 4 3 5 17 2 1 -2 0 5 1 1 7 4 6 1 -5 3 0 -5 2 0 0 -27 0 5 0 -4 -5 3 -14 15 -4 5 2 -2 -8 -9 -2 0 3 -4 2 -1 -1 -6 -5 -4 7 -8 -1 8 -2 -2 -13 1 7 10 1 1 1 0 1 -8 -4 -9 8 2 -1 0 1 6 2 3 5 -4 0 6 -5 -9 2 -4 0 -4 4 1 3 -5 2 8 1 -9 0 -3 -1 5 1 0 3 -5 -1 -5 0 3 -18 -1 -5 -3 6 0 -5 -1 -6 3 5 -1 4 -14 2 15 3 9 7 3 -1 2 -4 -6 3 1 -3 0 3 11 3 1 -3 -11 -2 -3 1 -6 1 -3 -2 -1 2 -13 0 -3 6 -5 -10 3 5 -2 -4 -1 -2 3 4 4 5 -14 -6 -1 -9 -1 -2 2 -4 8 2 -1 2 -6 5 2 0 13 1 -6 -6 -2 3 -4 -5 -4 7 1 0 1 1 -8 1 -1 2 1 3 0 -1 -2 -6 3 -10 -1 0 -1 3 -7
P 2 0 32 -28 -5 -34 0 23 -4 -13 -1 -12 2 -5 37 63 4 0 -2 -87 -22 54 17 6 -8 -44 2 -17 -6 -66 54 -47 -52 20 -6 -32 -17 -29 4 7 8 6 25 20 48 -2 -8 39 19 -14 21 11 -1 4 -21 73 20 -14 21 22 20 -29 11 2 -36 7 -1 -18 -57 4 -8 -23 5 -29 16 -7 34 4 26 -2 -35 -15 5 9 29 39 -13 4 -15 -19 37 21 31 17 -57 -6 135 8 -10 12 1 15 -49 -41 -32 13 6 -19 48 11 -18 -30 -60 15 -20 -6 -14 60 7 19 39 -196 7 9 9 -4 35 -15 14 19 -17 -16 8 32 18 24 -4 -8 21 21 16 -16 -13 11 20 32 21 7 28 -7 -7 -22 -40 -25 7 12 10 6 -15 22 -32 -15 -24 0 54 -4 21 -41 -4 -82 -20 23 -12 -47 88 -30 -23 -20 -26 -10 -11 11 -12 10 18 -14 -27 41 43 28 -66 -45 -2 8 20 4 37 -42 0 -47 -23 31 8 8 -10 -37 -5 30 -1 34 -22 -19 16 24 -69 14 2 9 -22 4 -47 10 30 -6 13 -13 -17 -14 -22 -30 -38 -58 50 138 29 18 7 14 -11 -8 104 32 14 42 -8 4 -34 -15 31 -4 85 18 38 10 21 3 -35 -46 75 -26 31 73 -34 -22 7 -37 -2 13 -20 -3 18 2 9 68 -24 21 24 64 35 -5 -19 -31 24 10 -14 -25 -81 -27 -19 -34 14 -13 27 -10 65 -6 39 -29 34 -31 -58 -58 -13 -17 7 2 2 -22 3 7 -13 -90 0 -4 19 -6 61 15 32 12 39 -21 38 -3 -15 20 58 14 2 25 -44 -12 2 1 -11 23 3 28 -23 -8 21 -22 30 12 27 41 17 8 -17 -10 -7 9 -12 9 21 18 13 31 10 -16 -17 32 -1 -14 15 1 17 -61 7 11 -13 -32 -37 -34 -37 7 4 1 5 -47 -8 -23 -92 -2 0 -34 9 14 -18 -12 9 8 12 -12 -21 10 -4 -5 21 11 -46 9 13 32 -1 1 75 -35 -4 -17 -24 -14 17 15 -4 22 7 -2 -32 26 10 -19 -26 -10 -24 -27 4 52 -2 5 -3 19 -35 -18 -1 -3 5 18 -29 3 13 4 -43 48 4 23 20 26 14 105 -21 0 46 15 24 9 -23 42 -21 6 3 39 11 21 -14 -1 0 40 -8 17 -2 2 105 -1 -61 -11 35 -18 28 -19 -14 -10 -22 31 119 -26 -7 1 -6 -36 -6 20 -10 27 24 6 28 72 17 -35 -35 19 -2 -43 -3 46 -44 -14 -3 -13 -60 5 -7 14 -13 -2 -11 52 -5 3 -4 -1 -7 -31 -5 -20 11 28 27 33 -26 26 18 9 -34 39 -130 -3 -1 -1 -43 -28 17 1 -4 51 30 8 -8 -68 26 -31 1 -27 -3 5 -10 22 7 1 7 38 -35 26 0 6 -29 7 9 -27 -31 -14 10 -38 5 -28 37 18 -23 -16
P 2 1 32 36 0 8 -60 -36 2 43 -19 23 11 -11 -31 -23 37 23 17 -51 10 -13 12 39 1 -47 -14 -76 74 -35 25 5 -85 -59 45 2 -12 20 19 -33 46 -126 -22 -26 37 56 82 -77 -54 3 -47 73 190 -15 -11 306 12 -1 -86 -208 28 151 52 6 127 -11 24 32 77 -284 32 -30 41 16 74 69 -167 68 -61 21 -47 -23 12 -1 20 6 4 -30 -80 8 19 -68 73 -40 22 -14 42 21 -87 -32 -57 22 -29 -44 -192 -3 17 -65 -15 49 -47 41 47 -43 79 -7 -73 221 1 31 -40 229 -39 -22 84 -55 -57 24 7 7 174 -3 0 138 -15 96 79 20 -1 22 -6 45 -77 142 -30 52 -29 89 92 30 9 -37 11 133 -17 3 -13 164 -46 57 113 -1 31 -33 5 -23 -35 17 7 -151 -1 -13 -6 -60 221 63 13 14 -26 73 -31 3 31 -106 -14 -97 -52 90 -3 -22 -75 -45 -150 -146 -24 84 18 -118 -68 -143 -15 -3 -38 4 103 18 3 -42 101 -26 -1 -38 -30 55 5 10 -13 6 91 -3 1 -42 40 4 -22 46 -24 -187 32 18 43 -8 25 109 4 -129 46 -9 99 -22 -62 -29 -27 59 -20 -19 29 111 -29 1 48 27 24 -48 14 -42 17 63 8 -41 -218 90 155 -49 56 76 -6 -6 -56 -17 9 -60 1 60 -75 -102 47 -60 -122 -17 27 75 159 20 -3 -11 12 -44 -13 11 39 2 -36 14 -101 -46 5 30 -43 78 119 -103 42 -26 -92 94 7 50 84 18 75 -221 33 44 35 67 55 -27 8 -33 127 5 -34 23 3 -35 -8 84 -8 11 27 -14 -75 49 -27 0 -22 47 138 15 -42 -11 112 44 4 -54 129 -27 138 -134 -15 22 22 -48 133 -5 -16 28 -2 59 16 16 4 38 -71 63 15 57 3 -38 -150 45 27 120 -127 55 -64 -20 34 6 -42 29 99 5 51 16 -44 -7 29 -10 -11 -59 25 -73 -17 -18 25 1 -174 -83 -51 183 32 40 51 -61 -41 108 32 51 -7 11 65 -43 69 -114 73 -44 151 -71 113 36 5 -53 77 34 160 56 -80 41 23 53 -38 46 -38 -105 23 5 -35 5 -45 49 -36 232 -62 39 -7 -131 50 133 28 -38 39 7 245 40 24 -70 -12 -1 12 42 121 -100 -20 3 125 0 2 -77 -3 46 -16 -79 -321 23 125 64 15 18 -41 -6 55 19 41 79 11 -87 -5 -106 -56 -225 21 -136 33 -16 -111 -63 -85 3 114 26 17 72 7 -37 -2 -225 5 -7 369 -6 -48 -26 9 17 50 -46 -52 -26 98 -66 -116 17 62 95 16 -54 71 -77 49 -7 73 -90 -28 55 149 20 -11 -59 -21 23 7 -27 6 -205 34 18 -30 32 110 -125 -124 -7 56 39 -39 -33 60 -27 51 -68 -74 23 -196 31 -42 4 24 -24 13 -31 -67 65 -59 -22 18 19 -41 0
Q 2 256 0 -7697 1 7 0 -3 7 -1 5 2 -4 -12 1 -14 -1 9 -9 8 -4 11 0 -8 1 -13 15 -13 -5 8 -2 -2 -1 -1 3 8 -7 -1 -4 4 -3 -1 -5 2 -7 0 -5 -3 8 13 7 1 -9 2 2 -8 5 -13 -7 -1 -11 7 1 4 3 5 -9 -5 -7 -7 -17 12 -1 4 0 6 5 -5 7 5 0 6 -1 2 -4 6 5 -21 -9 2 10 0 -5 -18 -1 -4 2 0 -2 -6 6 -1 -11 -2 -11 6 19 -2 5 -6 12 3 0 4 -1 7 -5 -3 3 1 -4 -3 12 11 2 -2 3 -3 -1 -2 -1 -2 9 -6 -3 0 -6 4 6 4 -3 1 3 4 -3 1 2 -3 -6 -7 -14 12 -1 12 -3 -10 -4 4 6 1 3 -3 15 2 7 -5 -2 -41 -4 -2 0 -9 -5 -6 -1 -13 35 -3 6 0 4 -1 4 19 -2 22 9 4 1 1 -1 1 -16 9 3 -15 1 -6 6 0 2 9 0 5 -2 26 9 10 1 -9 10 4 8 -4 2 -2 4 2 3 -1 7 1 0 7 2 -4 2 -8 -1 6 -3 -5 -3 7 0 2 -19 12 -2 1 10 10 -22 1 6 -11 -2 5 6 0 -9 5 8 10 -2 5 0 -2 0 12 -4 -1 10 -5 -1 9 2 -6 -3 3 -3 5 -4 4 -8 -2 1 -16 5 6 6 -9 18 8 10 -3 3 4 15 15 -4 -2 4 2 8 -6 -31 1 7 -3 -4 -2 -7 3 0 -3 0 -10 -1 2 8 3 4 -27 -5 -6 -1 3 -7 -1 2 5 -3 -3 2 -6 -1 -1 -4 16 -8 2 4 -6 8 -2 3 1 4 -6 -24 4 2 3 5 1 6 19 -2 -5 -4 -4 -2 -5 5 15 11 3 3 -8 0 -1 0 10 7 -3 2 -7 4 -1 0 -3 -11 -3 0 -19 13 5 1 12 2 11 -3 5 2 7 8 -7 2 0 -2 -4 7 4 -2 -18 2 -8 -3 -5 12 0 8 -11 -6 7 -1 4 2 1 10 -2 4 -2 -7 -3 -1 -8 -6 4 1 -21 -6 -5 5 4 1 -3 -14 -13 9 -3 2 0 4 -4 0 -11 1 -4 -7 7 -3 -1 10 5 0 -8 3 -9 0 -25 -5 3 -2 -2 -23 4 -4 6 7 1 3 3 3 4 3 6 -10 -6 2 -5 -11 -6 2 10 -4 -1 1 7 3 7 -5 0 -4 9 -3 7 -7 10 -4 -2 -4 23 2 16 9 0 -6 5 2 16 7 -1 -1 -4 -1 -1 1 11 -9 -2 7 -1 4 -2 -4 2 2 -19 -2 4 0 -7 2 0 -7 8 -8 -4 -6 -6 9 -1 3 -1 -2 -8 -10 -4 5 -6 -5 0 -4 -3 -5 17 1 -2 -8 8 -7 21 1 -3 0 0 -8 2 -6 10 -2 -3 -4 22 20 2 3 4 6 -3 4 4 1 0 5 -2 -4 -3 -9 8
Q 2 257 0 2991 1 5 -1 -2 -1 -2 7 8 -4 -7 -2 -16 3 6 -6 -1 -6 11 2 -14 2 -8 8 -15 2 8 -6 7 2 -7 6 4 -4 -4 1 -4 5 -3 -4 -4 1 -4 -9 -11 6 16 -4 1 -1 -5 3 -5 0 -19 9 -5 -14 26 2 -2 6 4 -8 -5 0 -4 -16 2 -9 0 1 1 -9 0 3 15 4 8 -2 -1 -1 6 0 -14 -4 -2 9 -1 -1 -13 -6 -7 -5 -4 12 -3 9 -7 -6 1 -4 0 23 1 -3 -7 16 18 2 2 -1 3 -1 1 4 10 2 -1 8 30 -7 -3 2 -1 -2 3 -7 7 -4 -6 -8 -3 -8 9 9 1 2 3 -8 5 -2 1 3 0 -5 1 4 9 2 9 -7 -4 -4 -1 4 1 0 -4 -4 1 2 -6 -2 -29 -8 -8 6 -9 5 -8 -6 -20 39 -3 8 3 8 0 2 28 -2 12 7 4 2 -2 -2 -4 -16 2 6 -1 0 -2 6 -2 -2 8 5 2 -2 19 12 10 8 -6 12 7 -13 -5 0 2 14 4 1 -9 0 5 -4 4 1 -3 1 -7 -4 13 -6 -5 1 13 10 44 -8 8 -2 0 7 -1 -14 10 3 -15 -12 6 -1 -2 -10 10 -3 3 -2 8 -7 7 -5 4 13 -2 1 -18 -23 1 -8 -6 0 -3 0 -3 -2 -2 -4 2 6 -8 6 5 -3 -6 11 3 7 -3 -2 15 11 4 -25 -5 4 0 10 3 -41 1 13 2 4 6 -2 21 -6 -3 5 -4 -1 9 12 -1 5 -26 -8 -3 0 1 -13 -4 1 4 11 1 3 -8 0 5 -9 4 -5 -1 3 -5 10 -8 2 0 2 -4 -20 -2 5 1 5 1 1 7 -5 -6 -8 -2 1 0 7 13 8 -4 10 -8 4 6 -3 8 12 1 14 -6 4 -1 5 2 -10 -11 0 -16 15 4 -1 -8 3 2 -4 -3 7 6 2 -5 3 2 -5 -5 7 3 3 -9 1 0 -6 -12 0 -2 10 -15 -9 9 -2 7 -2 5 -13 7 3 7 -1 -4 -3 -1 -4 -1 -9 -15 -2 0 1 5 12 1 -9 4 11 -3 0 1 -8 0 0 -2 5 -7 -12 9 -2 -5 8 9 1 -2 5 -5 -7 -13 -6 0 3 10 -2 11 -2 0 4 9 -2 3 6 0 -1 -4 0 -6 6 -5 1 -7 5 5 7 -1 -1 2 1 9 -8 0 5 0 3 8 0 21 0 -8 -3 12 -2 12 3 -5 1 2 -1 13 9 1 5 -8 -8 -5 1 -2 -8 3 18 1 -5 5 -6 0 5 -6 -2 10 3 -7 -3 0 -8 15 -4 -1 -1 -2 13 -3 4 16 10 -8 -14 -5 -3 -20 -7 -5 -4 -3 -4 -2 2 -5 0 9 -9 8 3 -6 -1 -1 -1 -5 5 7 -4 2 0 24 20 0 -3 0 1 -4 -2 -1 16 0 2 5 -3 -3 -7 8
Q 2 272 0 2839 -1 4 3 -2 5 2 3 4 -5 -11 0 -13 2 5 -12 -3 -7 21 1 -10 1 -9 15 1 -10 8 1 -5 -1 -5 4 10 -8 -2 -2 4 -1 1 -8 3 0 -1 -6 5 5 23 8 2 -7 0 10 -4 4 -8 2 -1 -5 6 3 2 -6 5 -9 -4 -2 -6 -9 3 -2 2 -3 5 4 -6 7 5 3 4 0 -2 -3 3 0 -16 -5 2 2 1 -9 -13 2 0 2 -1 7 -6 4 -1 -8 0 -21 9 18 -3 6 -6 3 -5 -1 4 -3 2 -7 -1 2 3 -4 -2 9 6 1 3 1 -1 -4 -5 0 0 11 -6 -2 4 -4 4 -2 3 0 3 6 4 0 -2 1 -4 -6 -14 -18 19 -8 10 -5 -8 2 0 6 -4 2 -4 8 3 5 -9 0 -32 -1 -5 1 -15 -4 -6 -6 -3 22 2 8 0 4 1 3 47 -4 26 10 5 1 6 1 -4 -12 6 -9 -16 3 -10 3 12 0 7 -2 -6 3 26 6 2 -1 -4 3 3 1 -7 4 -4 10 -2 2 -2 2 1 9 9 -3 -4 -2 -8 -3 14 -3 -5 -8 -2 0 17 -10 13 -1 -1 2 7 -19 -5 6 -10 2 3 -1 0 -5 -1 -3 5 -2 3 3 0 -4 9 -2 0 24 -9 1 13 1 -8 -4 3 0 2 1 5 -10 6 4 -6 5 14 16 -7 15 3 5 -1 9 4 1 8 2 -1 2 3 7 -2 -35 1 13 -2 -5 0 -9 3 -3 -3 3 -6 0 2 6 3 4 -22 -4 -11 -1 4 -2 1 -1 8 0 -2 7 -6 -1 -3 2 12 -5 0 3 -11 9 -2 6 1 0 -5 -21 1 6 0 1 6 5 16 -3 -4 -4 -7 -2 -4 3 17 14 3 3 2 -6 -8 -4 8 8 0 -3 4 5 1 1 1 -9 -3 -5 -24 19 3 2 16 3 7 -3 -1 6 7 2 -4 3 -4 -1 -3 7 1 -6 -27 5 -2 -7 -9 15 -2 -3 -7 -3 7 0 6 1 3 3 -4 5 1 -10 -3 2 -3 -2 2 5 1 7 -7 3 7 -7 -3 -1 -28 -2 -2 -2 -1 -2 -1 3 -1 6 -6 -4 6 -4 -8 8 0 2 -7 5 -1 0 -33 -8 4 2 -2 -24 7 -13 8 5 1 3 -2 -1 5 2 7 -9 -3 2 3 -12 -7 6 5 22 1 6 1 2 8 -3 -1 -7 7 0 5 -6 8 -2 -7 1 21 -3 18 4 2 -10 -8 0 15 8 0 -8 -17 0 -2 0 7 -10 3 -34 -6 2 -1 0 -3 3 -16 -6 2 -2 -6 1 0 -6 1 -4 -5 -4 -6 10 -4 3 -1 -5 -4 -21 -2 4 -18 -10 -2 -7 -2 -6 22 0 -1 -2 18 -7 27 -2 -2 -1 -2 -5 2 -5 5 -1 -1 -3 18 11 -1 4 3 6 -2 0 4 -1 -1 3 0 -1 -2 -9 8
Q 2 273 0 11115 -1 2 2 -1 -2 0 5 8 -4 -7 -3 -15 5 4 -8 -10 -9 18 3 -14 1 -5 9 -3 -3 8 -4 4 2 -10 7 8 -6 -6 2 -3 6 0 -6 -1 6 -4 -9 -3 3 24 0 3 -1 -6 11 -3 0 -14 13 -3 -7 24 4 -2 -2 4 -8 -5 3 -4 -9 -6 -9 -1 -2 2 -9 -2 3 14 5 6 -1 -4 0 4 -4 -11 -3 -2 2 1 -6 -9 -4 -3 -3 -5 19 -2 7 -5 -3 3 -11 4 22 0 0 -6 7 9 2 4 -2 0 -3 1 2 11 1 -1 5 22 -7 0 2 1 -5 -1 -5 7 1 -6 -6 1 -6 8 -1 0 3 5 -4 4 1 -3 2 -1 -6 -7 -3 16 -6 7 -8 -4 2 -4 6 -5 -1 -4 -7 3 3 -8 1 -24 -5 -10 5 -15 4 -8 -10 -11 28 1 11 2 7 2 1 51 -5 17 8 6 1 3 1 -8 -13 1 -5 -4 1 -6 3 8 -3 7 3 -10 2 18 10 2 6 -2 6 6 -16 -7 2 0 18 0 -1 -9 -3 4 4 6 -4 -3 -3 -8 -5 20 -5 -5 -3 4 9 50 -1 10 -2 -3 0 -1 -11 3 3 -12 -6 4 -5 -2 -7 4 -13 0 -1 7 -4 6 -9 2 13 1 14 -20 -18 5 -8 -8 -2 -2 3 -4 2 -3 -6 7 8 1 6 12 8 -5 11 -1 2 -1 4 13 0 -1 -15 -2 1 1 8 6 -42 0 16 3 1 7 -4 17 -8 -4 6 -1 1 6 9 0 4 -22 -8 -8 0 3 -7 0 -2 6 10 0 7 -9 0 4 -3 2 -3 -3 3 -9 11 -7 5 0 -2 -3 -19 -4 8 -2 1 4 1 6 -5 -6 -8 -6 2 1 5 15 10 -2 9 2 0 -1 -5 8 12 4 7 4 6 0 6 4 -8 -11 -6 -20 18 1 0 1 3 0 -5 -7 10 6 -3 -2 4 -2 -5 -5 6 1 -1 -18 4 6 -8 -13 4 -4 -1 -9 -5 8 -1 8 -2 6 -15 3 3 7 -5 -3 0 2 -1 -2 -4 4 11 -2 0 8 2 -1 2 -13 -1 -3 -3 1 -13 3 4 6 9 -7 -10 9 -2 -12 6 5 2 -2 6 2 -7 -21 -8 2 7 8 -6 13 -10 2 3 8 -2 -2 2 1 -1 -3 -2 -3 7 3 -2 -8 9 1 28 1 4 -3 1 10 -5 0 0 0 4 7 0 17 1 -9 1 11 -6 14 -2 -3 -5 -10 -3 11 10 3 -1 -20 -6 -5 -1 -5 -9 7 -18 -2 -6 6 -2 -2 5 -4 -5 7 1 -5 -3 2 -7 9 0 -3 -2 -4 13 -4 4 15 7 -6 -24 -3 -2 -27 -11 -6 -6 0 -5 5 1 -4 4 16 -8 14 -1 -4 -3 -3 1 -5 5 5 -3 3 0 19 12 -2 -1 0 2 -2 -4 1 12 -1 1 5 -2 -2 -9 8
Q 2 288 0 -8616 -1 11 0 -1 -2 3 1 -1 -5 -14 0 -14 -2 8 -7 5 -4 17 -1 -7 2 -11 13 -7 -7 4 1 -7 -1 -4 4 10 -9 0 -3 2 -2 0 -6 2 -7 2 -3 2 6 14 6 4 -10 3 4 -6 5 -2 7 1 -9 7 -1 -1 2 5 -12 -5 -6 -5 -18 4 -2 4 2 4 0 -6 7 6 -1 4 -2 1 -4 1 3 -16 -9 0 3 1 -7 -17 1 -3 7 -3 -12 -6 5 -1 -8 -3 -14 7 23 -4 6 -2 -4 6 0 4 0 7 -3 -3 5 10 -6 -1 11 19 -1 0 2 -5 1 -1 2 -3 24 -4 -3 4 -4 7 12 7 -2 -1 3 6 -2 -4 6 -3 -3 -8 -21 12 -3 7 -2 -12 -4 1 3 -1 6 -5 5 3 6 -2 -2 -22 -4 -1 -2 4 -4 -6 -5 -10 23 2 8 -1 2 -2 4 34 -2 7 9 2 -1 2 -3 -4 -15 8 2 -8 -1 -5 7 -4 -1 4 -3 -12 0 24 10 15 3 -6 8 5 6 -5 1 1 9 2 2 -4 10 0 5 5 3 -4 -2 -9 -1 8 -5 -3 -3 6 6 8 -15 9 3 0 8 11 -17 -5 8 -3 1 7 -2 -2 -8 9 0 11 -2 8 -2 -1 -1 1 1 -2 15 -12 -5 9 1 -4 -2 3 -2 3 -2 2 -11 -5 1 -13 7 16 0 -10 23 3 9 -3 7 1 10 16 3 0 5 5 6 -5 -18 0 12 -3 -2 -1 -12 2 -1 -4 2 -7 0 0 5 2 5 -31 -4 -7 -2 7 -7 0 -1 3 -1 -1 2 -2 -2 -1 -1 14 -7 -2 6 -6 8 -1 0 3 4 -5 -19 2 1 3 9 3 8 8 -4 -4 -9 -1 0 -6 6 16 2 4 5 -1 1 -3 0 6 8 -4 6 11 6 -2 2 -5 -17 -5 -3 -13 20 6 6 8 4 5 -4 6 7 5 9 -4 0 4 3 -2 7 4 -2 -18 6 -5 -6 -6 6 0 0 -1 -4 6 -1 5 -4 -1 7 -2 7 -1 -9 -1 2 -6 -8 1 1 -11 -1 1 4 7 2 -3 -5 2 2 0 -1 0 8 -2 -2 -5 5 -1 -4 7 -5 -4 9 4 -1 -5 3 -13 0 -29 -8 6 -1 -3 -22 5 -3 2 7 -3 4 3 0 3 5 5 -12 -5 3 -6 -4 -5 7 29 3 0 3 1 1 4 -10 2 1 5 5 6 -8 9 -1 3 -2 24 2 8 10 0 -9 2 2 15 4 -1 -3 -11 -4 -2 0 20 -6 -2 -2 -2 7 0 -3 2 1 -12 -5 6 -1 -5 5 0 -11 -1 -10 -3 -2 0 12 -3 4 -2 -1 -10 -2 -2 1 -9 -4 1 -5 -2 -2 17 0 -3 -6 13 -10 15 -2 -2 1 -3 -6 2 -6 6 -2 0 -4 31 17 1 0 0 2 -2 7 0 0 -4 1 1 -5 -2 -10 8
Q 2 289 0 1460 -1 8 -1 1 -8 2 4 4 -5 -8 -3 -19 0 5 -5 -4 -6 14 -1 -13 3 -5 6 -10 0 5 -4 2 2 -10 7 6 -5 -3 1 -7 4 -2 -5 -5 -1 -3 -5 -5 3 17 -3 3 -3 -3 6 -4 3 -8 21 -3 -9 26 2 -7 5 4 -10 -5 0 -4 -19 -5 -11 2 2 0 -12 -2 3 16 2 6 -3 -1 -1 2 -3 -10 -6 -3 3 0 -3 -11 -5 -5 0 -8 1 -2 9 -7 -2 1 -8 1 24 -1 -3 -2 3 20 2 4 0 5 1 2 7 18 1 1 6 38 -9 -2 1 -3 0 3 -5 6 9 -3 -8 1 -6 10 14 3 1 3 -7 4 -2 -5 5 1 -2 1 -2 9 0 5 -6 -6 -4 -3 1 1 2 -4 -14 2 3 -4 -1 -13 -7 -7 3 3 3 -8 -9 -14 29 2 11 1 5 1 0 37 -3 -2 8 3 1 -3 -4 -8 -15 3 4 7 -1 -3 7 -6 -4 4 3 -15 0 17 14 12 9 -3 9 7 -11 -7 -1 4 18 3 -1 -12 3 4 1 2 2 -3 -3 -9 -4 14 -7 -4 1 10 15 46 -4 6 2 -4 6 0 -10 5 4 -8 -9 7 -7 -3 -9 12 -14 5 -1 12 -8 9 -7 -4 14 -1 5 -23 -25 -1 -8 -5 1 -3 1 -4 -1 -5 -8 1 5 -4 8 15 -7 -6 16 -2 6 -3 3 10 8 5 -19 -4 4 3 8 3 -29 1 15 -1 4 8 -10 21 -6 -5 7 -2 0 7 10 -1 5 -31 -8 -3 -1 5 -11 -4 1 2 12 1 2 -2 -1 6 -6 2 -5 -4 5 -5 12 -6 0 0 1 -5 -15 -4 5 1 6 3 5 -2 -8 -7 -14 -1 3 -2 6 13 -2 0 12 -1 5 4 -3 5 13 0 19 9 5 -2 8 -1 -16 -12 -2 -8 17 3 4 -8 4 -2 -3 -3 12 6 4 -3 4 4 0 -5 6 5 4 -11 5 3 -9 -12 -4 -4 4 -4 -6 8 -1 9 -6 5 -12 7 5 6 -4 -2 1 -1 -7 -3 -8 -7 2 6 2 7 11 0 -1 18 3 0 -2 0 -3 2 -2 3 9 -3 -8 11 -3 -6 6 11 0 0 4 -7 -6 -16 -9 2 4 9 0 9 0 -4 3 6 -2 4 2 -2 2 -4 0 -4 7 -3 5 -8 9 22 10 2 2 -4 -1 6 -11 3 9 -4 5 7 -2 20 4 -3 -2 14 -2 5 6 -5 -1 -2 -1 12 8 2 3 -15 -11 -6 0 4 -6 3 14 -1 -4 6 -5 1 4 0 -3 11 1 -6 0 0 -11 7 -5 -2 2 2 13 -4 4 16 12 -10 -7 -3 -5 -22 -3 -7 -3 -2 -1 1 0 -6 2 13 -12 4 0 -3 -1 -1 0 -4 7 4 -4 5 0 30 20 -1 -6 -3 -1 -5 1 -2 14 -6 0 6 -4 -1 -9 8
Q 2 304 0 1989 1 7 3 -1 -2 5 1 1 -6 -13 0 -13 2 5 -9 -7 -8 25 -1 -8 1 -7 13 5 -12 5 3 -8 -2 -8 5 11 -11 -1 -1 3 0 2 -8 3 0 1 -5 8 4 23 8 4 -8 1 11 -3 4 1 12 0 -3 6 2 -3 -6 5 -13 -4 -1 -5 -11 -3 -3 2 -1 3 -1 -8 7 6 2 2 -2 -1 -3 -1 -2 -12 -5 0 -3 3 -11 -14 3 0 7 -4 -2 -5 4 0 -6 -1 -23 10 22 -4 6 -2 -11 -2 -1 5 -2 3 -6 -1 4 11 -6 0 8 13 -1 4 0 -3 -3 -5 2 -1 23 -4 -3 7 -3 6 4 6 1 1 6 5 1 -7 4 -5 -4 -14 -24 19 -10 6 -4 -10 2 -2 3 -6 4 -6 0 3 5 -5 1 -17 -1 -4 -2 -5 -3 -6 -9 -1 13 5 10 -1 2 0 3 58 -4 13 10 4 -1 6 -1 -8 -12 6 -9 -10 1 -9 4 7 -2 3 -4 -20 4 23 7 6 1 -2 2 3 -1 -7 3 -2 13 -2 2 -5 5 0 13 7 -2 -3 -5 -10 -3 15 -4 -3 -7 -3 6 22 -6 10 3 -3 1 8 -15 -9 7 -3 4 5 -7 -2 -4 1 -10 7 -2 5 1 0 -6 0 2 0 28 -15 -2 12 -1 -6 -3 3 1 0 2 2 -12 3 5 -4 7 22 11 -8 20 -1 4 -1 12 2 -3 10 8 1 3 5 5 -1 -23 1 17 -3 -4 1 -13 3 -4 -4 4 -4 1 0 3 2 5 -27 -3 -12 -1 8 -2 2 -4 5 1 -1 7 -3 -2 -2 5 10 -4 -4 5 -10 9 -1 3 2 0 -4 -18 0 5 0 5 6 7 7 -5 -3 -8 -5 1 -5 4 19 5 4 5 9 -4 -8 -3 5 8 -2 -1 18 7 0 3 -1 -14 -5 -8 -18 24 4 5 13 5 2 -4 1 10 6 3 -1 1 -1 3 -2 8 1 -7 -27 8 1 -9 -10 10 -2 -8 2 -1 6 1 6 -3 1 1 -4 7 1 -12 -1 5 -1 -4 0 5 8 10 -2 3 9 -6 -3 6 -16 -8 0 -4 -2 2 1 1 4 10 -3 -1 6 -6 -10 8 0 1 -5 5 -4 -1 -36 -10 7 3 -2 -23 8 -12 4 6 -3 4 -2 -3 4 4 6 -10 -2 4 3 -6 -6 11 21 26 2 7 -4 0 5 -7 2 -3 4 7 5 -7 8 1 -3 2 21 -2 11 4 1 -13 -9 0 13 6 0 -8 -22 -2 -3 0 15 -8 4 -38 -6 5 1 2 -3 1 -10 -9 4 -3 -5 3 0 -9 -7 -5 -4 -2 -1 11 -5 4 -2 -4 -6 -15 0 1 -20 -10 -1 -7 -1 -4 22 -1 -3 -1 22 -9 22 -4 0 0 -3 -3 2 -5 2 -1 2 -3 25 9 -2 1 -1 2 -1 3 1 -1 -4 0 2 -3 -2 -10 8
Q 2 305 0 9542 1 5 2 2 -8 3 3 4 -5 -9 -3 -17 3 3 -6 -13 -9 20 0 -12 2 -2 7 1 -5 6 -3 1 2 -12 8 10 -7 -5 2 -5 5 1 -7 -2 4 -3 -5 2 1 25 0 4 -2 -5 14 -2 2 -4 23 -1 -3 24 4 -6 -2 4 -10 -5 3 -5 -12 -11 -10 1 -1 1 -12 -4 4 15 4 4 -3 -3 0 0 -7 -8 -4 -3 -3 2 -8 -7 -3 -2 1 -9 10 -2 7 -5 0 2 -13 5 23 -2 0 -2 -4 11 2 5 -1 2 -2 2 5 17 0 1 3 29 -8 1 1 -1 -3 -1 -3 6 12 -4 -6 4 -4 9 4 2 3 5 -4 4 2 -7 4 -1 -4 -7 -7 15 -6 4 -7 -5 1 -6 3 -4 1 -5 -16 3 4 -7 2 -11 -4 -9 3 -5 3 -8 -11 -6 20 5 13 0 4 2 -1 59 -5 5 9 5 0 3 0 -11 -13 2 -6 2 0 -7 5 5 -4 3 2 -23 3 16 12 5 7 0 4 6 -14 -9 0 2 20 -1 -2 -11 0 3 7 4 -4 -2 -6 -10 -5 22 -6 -3 -2 2 14 52 2 8 1 -5 -1 -1 -8 -1 4 -6 -4 4 -10 -3 -6 5 -23 1 -1 10 -4 8 -10 -5 14 2 17 -25 -21 3 -9 -7 -1 -2 4 -6 3 -6 -10 7 7 3 8 20 5 -4 15 -5 1 -1 8 10 -3 0 -10 -1 1 3 7 6 -32 1 18 0 2 9 -10 17 -8 -5 8 1 1 5 8 -1 5 -27 -8 -8 0 6 -5 1 -2 4 11 1 6 -4 0 4 -1 -1 -2 -6 5 -9 12 -6 2 0 -2 -4 -15 -6 7 -2 3 6 5 -1 -8 -6 -13 -5 4 -1 5 15 2 2 11 8 1 -2 -5 5 13 2 11 16 6 -1 8 2 -12 -12 -7 -13 21 1 4 0 5 -3 -4 -7 13 6 -1 -1 4 0 -1 -5 6 2 -2 -19 7 8 -10 -14 0 -5 -5 0 -3 8 -1 10 -6 5 -15 4 5 7 -7 -2 3 2 -3 -4 -4 10 14 4 1 10 2 -2 8 0 -7 0 -4 0 -8 4 2 10 12 -3 -7 11 -3 -13 5 7 1 0 5 -1 -6 -24 -11 4 8 8 -4 12 -8 -1 2 5 -1 -1 -1 -1 1 -2 -2 -2 8 5 1 -9 12 16 30 3 6 -8 -1 7 -8 3 3 -3 6 6 -2 17 5 -6 2 13 -6 7 0 -3 -7 -12 -3 10 10 3 -2 -25 -9 -6 -1 1 -7 7 -18 -4 -4 7 -1 -2 4 1 -6 8 -1 -4 0 2 -10 2 -2 -3 1 0 13 -4 4 15 8 -8 -18 -1 -4 -28 -8 -9 -6 1 -3 6 0 -6 5 20 -10 11 -3 -1 -2 -2 2 -5 5 2 -3 6 0 23 13 -2 -3 -3 0 -3 0 -1 10 -6 0 6 -3 -1 -9 8
Q 2 320 1 4512 1 -9 3 9 -11 2 2 -2 2 1 3 3 -2 8 2 -3 3 13 -6 -1 8 7 8 13 4 6 -6 6 1 -12 -3 -5 -3 2 1 3 4 -2 -4 8 -18 0 -10 -7 5 -1 -1 1 -8 -2 -3 0 4 5 -24 3 -16 -2 -6 10 -4 1 -6 -8 -7 2 -29 -25 4 6 -3 -5 3 -3 2 6 0 2 -1 -4 -1 -2 6 1 3 -5 10 6 -12 -7 10 5 -1 0 -24 -3 0 1 -9 -2 15 4 12 -4 1 2 5 10 -9 -5 31 -4 5 -2 -2 22 -2 -7 6 40 -3 7 2 -2 -6 8 -5 1 6 0 1 5 6 1 -6 4 -1 -1 1 3 -2 4 -2 3 0 -12 -8 6 -1 1 -1 3 5 -1 1 6 1 1 14 4 2 0 -5 13 1 3 0 6 -5 1 -1 -10 3 -1 -1 -2 5 1 -3 3 4 -2 -2 1 3 1 7 16 -2 6 10 13 -2 -3 7 11 -1 3 -2 19 3 -2 -12 0 6 0 -1 8 -8 2 -2 -6 10 -1 4 -2 0 6 -19 2 -5 3 2 -5 0 -16 -6 0 0 4 2 -27 -5 13 1 5 3 8 -11 -4 4 -2 6 -1 4 -1 -1 9 4 2 -2 0 -5 0 -1 -11 -6 -1 -26 14 12 16 7 -2 -2 6 -4 1 2 -1 -3 1 2 -6 11 7 -1 -8 -9 -8 7 -8 14 -8 11 -12 14 5 4 3 10 4 -14 -7 6 -1 2 6 7 -14 -1 -8 -16 -1 1 -12 -5 1 -3 -15 4 -6 1 3 -12 -3 -5 10 -7 6 3 -5 -3 -10 -1 -7 -5 5 4 2 -1 -6 3 1 -2 -2 4 4 -4 2 5 6 -2 -16 0 -3 -13 -3 2 -6 0 1 5 1 -7 -1 2 1 5 1 2 -7 5 5 -1 4 -3 -6 -13 -7 9 -3 18 -2 3 -9 0 -1 3 1 6 4 -2 2 10 -3 4 0 1 5 0 9 3 -3 -6 -2 7 3 1 4 -4 0 2 1 -2 -7 -19 1 6 -1 1 -5 2 3 1 0 -8 -13 -10 -1 -4 -1 12 0 12 2 2 5 -1 -7 12 2 -2 0 -4 -1 -8 3 1 -10 -5 -8 4 -3 6 -7 -1 -1 -4 4 -1 -8 1 -1 11 3 2 7 1 -8 -4 -1 3 0 -3 -9 1 11 -7 0 10 -17 12 -5 1 -5 4 -3 -1 -1 -3 3 -22 -8 -2 3 1 5 12 10 4 2 2 5 -6 -7 6 3 -4 -4 -1 -5 -4 3 -1 12 4 2 -30 0 8 -2 3 8 5 10 -7 3 4 0 -7 4 -10 -2 -8 -3 -1 7 -3 -4 -10 9 -5 2 23 -5 -2 -6 -9 2 -3 -7 5 6 3 -3 0 6 -4 -7 4 -16 -1 0 5 -4 2 -2 4 0 0 -9 -3 -3 -3 4 -4 2 -1 -5 -17 0 0 5 -1 2 -1 7
Q 2 321 1 -5019 1 -20 6 7 -2 2 11 1 -4 8 4 4 6 0 7 -5 5 11 -5 0 2 7 9 4 2 13 -9 13 1 -5 -1 -11 -14 3 -1 5 6 7 -4 5 -21 0 -13 -7 1 -4 1 3 0 -3 3 -6 1 13 -8 2 -14 -5 -4 9 7 -2 -5 0 -7 8 -11 -15 9 6 12 5 -7 -1 -1 3 -10 3 4 -7 1 0 6 0 1 -11 4 2 -15 -2 4 -1 0 3 -17 -4 0 6 -8 -5 25 13 13 1 7 2 6 -1 -11 3 20 2 7 -5 -4 25 7 -2 1 26 -4 5 7 3 3 7 -6 1 5 -4 -1 1 2 7 -18 3 -2 9 2 9 2 -12 -5 -4 -3 -3 -18 7 -2 1 0 0 19 6 6 -2 5 1 11 0 2 -6 -9 13 -2 -7 -2 3 -4 2 -2 -12 -6 -12 -2 3 6 4 -5 -21 0 -8 2 7 4 5 6 7 7 -4 5 12 -1 -1 10 16 -5 34 0 28 2 -4 -7 -18 3 2 1 8 -3 8 3 -10 15 -15 -1 4 -3 10 -2 4 -3 -1 4 -4 -1 -15 -3 0 -1 7 4 -28 -9 14 -4 2 7 13 6 -6 3 10 6 6 17 -4 -4 11 -10 -5 0 -2 -7 -4 2 -1 0 3 -33 -2 -13 10 10 -1 -5 -3 -2 0 1 -13 1 1 -5 -1 3 5 -16 -7 -2 -4 7 -6 12 -8 1 -2 0 6 7 4 5 0 -7 -4 3 -5 -4 8 1 -11 0 -5 -14 -1 -1 -8 0 7 -1 16 1 -4 0 3 -11 -1 -4 6 9 -4 1 -8 -2 -7 10 -7 -1 7 1 3 -2 -5 8 2 -4 -6 9 5 -11 -2 0 4 -3 -14 4 -6 -13 -4 2 -2 1 -4 4 1 0 -3 5 2 6 1 2 -3 12 -1 -1 2 3 -7 3 -5 5 17 23 -2 -2 -6 0 6 7 -8 -6 4 -2 -4 13 -6 1 -1 0 6 4 7 -5 -5 -8 2 -3 -5 -6 9 2 0 -1 -2 -4 -6 -20 3 17 -3 0 -2 4 6 -5 0 -5 4 -14 6 -8 -2 2 4 17 -6 4 6 -3 2 11 2 -5 1 13 -2 -11 1 -2 -16 -3 -14 2 -3 2 -6 2 20 -5 11 -2 -4 -2 5 7 -3 3 3 0 -6 -2 0 0 2 -1 -5 -1 14 -8 -3 -2 -2 19 0 14 1 0 -5 1 -2 -4 -1 -28 1 4 -4 0 8 -1 9 9 10 1 6 -5 -6 9 -4 -4 -9 -1 4 7 -2 -2 5 -2 -2 -9 3 1 1 1 -10 2 16 -5 5 1 -6 -2 5 -11 -9 -7 -1 -6 5 -3 -1 -3 -8 -12 6 26 0 3 7 -20 6 -2 -4 -1 3 5 -4 0 6 -3 -14 9 -5 -1 -8 -1 0 4 -4 6 7 8 -6 2 -2 1 -5 -7 3 -3 -4 -14 0 -8 4 0 3 1 7
Q 2 336 1 -37150 -1 -13 2 5 -9 1 1 4 4 2 2 3 -4 7 -3 -8 1 8 -3 4 9 7 9 18 2 1 -10 7 -5 -17 0 4 -4 -1 3 6 1 2 -6 10 -13 1 -8 -2 1 -5 3 0 -10 -4 -4 0 4 0 -15 3 -11 1 -5 4 -8 0 -10 -9 -5 0 -23 -19 0 4 0 -4 5 -3 -1 3 6 2 1 -4 0 -1 6 1 -1 -4 10 4 -10 -5 10 9 -5 -1 -11 -2 4 -1 -5 -2 9 3 7 -3 0 1 7 7 -7 -3 18 -5 3 -2 0 13 -2 -5 4 16 -1 5 2 -1 -4 6 -3 2 -2 -2 0 1 10 0 -2 4 0 -3 1 2 0 4 -3 -1 -3 -10 -2 3 -1 1 -1 -15 4 0 5 3 1 -1 2 1 5 0 -2 15 0 2 0 -3 -5 1 -3 -5 -3 2 -2 -4 3 -1 -2 19 2 11 -4 1 4 -1 8 12 5 7 9 1 -1 -4 0 7 1 -8 1 3 4 -5 -7 7 8 2 -2 9 -12 2 -2 -3 -1 2 3 -4 -3 3 -15 4 -4 0 3 -8 1 -4 -4 -1 -2 3 4 -22 -2 8 5 5 5 1 -10 -1 3 -9 2 -2 4 -5 -1 8 5 9 -1 3 -1 3 -4 -1 -9 2 -9 5 16 15 10 -7 -2 3 -3 -1 -1 0 -3 -2 5 -5 12 1 5 -3 -5 -10 8 -5 14 4 14 -18 15 7 2 0 8 4 -6 -7 14 -1 2 3 5 -11 -1 -5 -9 1 0 -12 -6 3 -1 -14 6 -4 0 5 -21 0 -8 10 4 1 4 -5 -5 -15 -2 -1 -3 2 0 -4 1 -5 4 0 -1 0 1 5 -3 2 4 5 1 5 -2 -2 -8 0 6 -7 -1 9 4 4 -10 3 3 -1 5 8 2 -6 3 3 0 1 -2 -4 -13 -10 5 -6 20 -3 5 -8 1 0 2 0 0 -1 -2 -1 8 0 1 2 1 3 -2 18 4 -4 -7 -1 7 2 -4 -2 -2 1 3 3 1 -6 -11 0 6 -2 -1 -3 -1 4 0 3 -4 -5 -3 1 -3 1 12 -2 18 2 0 4 -1 -6 10 0 0 3 -11 -8 -3 1 -3 -10 -3 -8 6 -3 8 -6 1 -5 -7 6 1 -6 -9 2 -2 1 2 5 3 -7 -4 -2 1 -1 -4 -5 2 9 -6 -1 7 -13 22 -10 3 -5 2 -2 2 1 -4 1 -12 -7 -8 10 2 7 10 4 1 -1 -2 6 -4 0 5 1 -2 -4 1 -16 -8 3 3 11 5 2 -37 4 6 -3 3 5 2 11 -3 2 1 0 -6 4 -6 -9 -8 0 -1 7 6 -6 -8 17 -4 1 20 -2 -3 -13 -10 -6 -3 -6 0 6 1 0 -1 -1 -5 -6 5 -15 -3 2 5 1 6 -2 3 1 -3 -10 -8 -2 0 2 -3 2 0 -5 -9 -7 0 5 1 0 -2 7
Q 2 337 1 -41102 -1 -23 2 3 0 -2 10 7 -2 13 3 5 5 2 -2 -12 3 6 -4 6 4 8 11 9 -1 5 -13 12 -5 -14 -1 -1 -17 -1 5 6 3 7 -5 6 -17 3 -13 -2 0 -10 2 0 -5 -6 4 -8 1 5 -4 3 -8 -1 -5 1 -4 1 -11 -2 -5 7 -4 -12 3 4 12 3 -1 -2 -3 2 -2 0 3 -8 3 -1 4 0 -4 -9 4 0 -11 -1 6 5 -3 3 -7 -4 6 4 -4 -6 14 10 9 4 4 2 9 -3 -7 3 11 0 6 -6 1 12 3 -2 1 5 -2 1 6 4 6 5 -7 3 -4 -3 -2 -3 8 0 -14 2 -2 5 3 8 2 -6 -4 -7 -7 -4 -9 0 -2 1 -2 -13 14 5 8 -5 3 -3 -5 -4 3 -4 -4 16 -3 -8 -1 -8 -2 2 -1 -4 -13 -7 -4 0 5 2 -4 -2 1 3 -3 5 4 3 7 6 8 0 3 -4 -2 0 2 13 -3 19 2 8 3 -6 -4 -11 4 2 3 11 -8 9 2 -6 2 -8 0 3 -7 5 0 6 -4 -3 2 -6 2 1 -1 0 -3 4 5 -19 -4 9 3 3 10 5 6 -3 2 1 2 3 14 -4 -5 13 -11 4 -1 2 -1 1 -3 11 -3 2 -12 -10 -6 7 11 -7 -5 -4 -1 -1 -2 -11 1 -1 2 -1 2 -2 -9 -5 2 -7 9 0 12 5 3 -8 1 6 4 -1 0 -2 1 -5 12 -5 -1 4 0 -7 0 -3 -6 2 -2 -6 -1 5 2 10 3 0 2 3 -21 0 -5 2 20 -7 2 -7 -4 -7 4 -1 2 1 -1 -5 -1 -4 6 -2 0 1 5 5 -10 -1 0 -1 1 7 -2 -2 -5 -1 3 -5 -2 5 3 0 -2 2 5 -1 6 5 4 -4 9 -3 -1 -5 4 -5 -3 -8 1 10 19 -3 1 -4 0 6 4 -8 -6 -4 0 -7 8 -3 -2 -1 1 2 2 18 -3 -5 -9 -1 -1 -3 -9 3 4 4 0 1 -5 -7 -11 1 15 -3 -1 -4 2 10 -3 4 2 9 -2 4 -4 1 5 0 23 -3 1 2 -4 1 9 -1 -3 6 1 -9 -6 1 -8 -16 -2 -9 6 -1 4 -10 4 19 -8 8 3 -2 -11 4 -3 -3 2 2 0 -4 -2 0 -3 0 -2 -4 -1 12 -3 -3 -5 0 29 -3 13 1 -3 -3 7 -2 -4 -1 -15 2 -6 8 2 9 0 4 3 6 -1 7 -2 2 7 -5 -4 -8 -1 -7 0 -1 2 4 2 -6 -19 9 1 2 2 -10 -2 14 -2 3 0 -3 -1 5 -4 -15 -5 2 -6 2 6 -2 -3 3 -10 6 22 0 3 -1 -19 -8 -5 -5 -3 7 2 -3 1 -1 -3 -12 10 -6 -2 -2 5 6 8 -4 1 4 2 -7 -5 -3 1 -6 -4 0 -4 -2 -10 -7 -7 2 1 4 -1 7
Q 2 352 1 3050 1 -6 5 12 -12 3 2 -6 2 1 4 3 1 4 4 -5 2 14 -5 -1 7 6 12 12 5 2 -6 9 -1 -12 -2 -2 -3 2 -2 2 3 0 -4 6 -20 -2 -11 -11 5 1 0 2 -9 -4 -5 0 4 8 -13 4 -11 -3 -6 7 -5 1 -7 -8 -4 2 -29 -26 5 6 -4 -3 4 -5 1 5 -5 2 -2 -4 -4 0 6 0 2 -5 11 7 -10 -7 9 4 0 1 -29 -3 0 2 -8 -2 23 3 6 -6 2 2 7 4 -9 -6 24 -4 6 -3 0 14 -2 -8 3 37 -1 8 -1 -1 -5 7 -2 -1 12 0 0 4 4 4 -6 2 -2 -2 -1 6 -3 4 -2 3 1 -13 -7 5 -1 -4 0 4 4 -1 1 6 2 3 17 3 3 1 -7 4 0 4 2 9 -5 3 -4 -8 1 -2 1 -3 2 3 -2 3 4 -3 0 1 1 2 5 15 0 6 11 9 -2 -3 3 9 -3 -3 -2 6 2 -2 -10 5 4 1 -1 6 -3 3 -3 -5 14 -4 4 -2 -3 6 -20 2 -5 2 3 -9 -1 -13 -6 -1 -1 5 -1 -25 -3 14 2 3 4 4 -19 -3 3 -2 6 -1 3 -4 0 11 5 -1 -1 -1 -6 -2 3 -11 -3 0 -28 7 8 17 7 -3 0 6 -4 2 1 4 -4 3 4 -1 11 13 4 -8 -6 -5 7 -8 15 -8 10 -10 10 4 4 5 10 5 -9 -5 7 2 2 5 9 -17 -2 -4 -16 1 3 -10 -5 0 -2 -18 2 -5 1 2 -11 -1 -3 11 -12 3 5 -4 -2 -9 1 -10 -4 6 4 1 -1 -7 3 2 0 1 6 3 -4 4 4 2 -2 -10 0 -3 -8 -1 3 -4 -1 3 5 2 -10 -3 2 1 5 1 0 -6 7 6 -2 5 -4 -6 -11 -7 11 -6 19 -2 2 -8 -1 3 4 1 1 3 1 2 7 -3 4 -1 1 6 0 13 1 -4 -5 -1 0 4 -2 5 -5 1 5 1 4 -4 -18 3 6 -1 1 -3 2 3 0 -2 -9 -13 -7 -2 -7 0 8 1 14 10 3 6 -1 -8 12 1 -2 -1 -5 1 -8 4 0 -13 -5 -12 2 -3 4 -14 -3 0 -3 0 -1 -10 7 -3 7 3 3 6 1 -11 -5 -1 1 1 -2 -10 2 10 -8 2 13 -29 16 -6 4 -6 3 -2 -1 0 -2 3 -21 -6 -1 8 0 6 13 7 4 -1 4 3 -7 -2 5 3 -3 -3 0 -3 -1 4 -2 13 6 2 -33 1 8 -2 5 9 6 10 -6 1 5 0 -6 4 -9 -4 -7 -2 -3 6 -2 -5 -10 10 -7 2 19 -4 -3 -7 -12 3 -4 -8 6 6 2 -2 -2 8 -5 0 3 -13 -1 -1 4 -5 2 -1 5 -1 2 -11 -6 -2 -3 4 -4 4 4 -5 -12 -2 -1 4 -2 2 -1 7
Q 2 353 1 -7154 1 -17 9 10 -3 2 12 -4 -5 7 5 5 8 -4 8 -9 3 12 -3 2 0 6 12 4 2 10 -11 15 0 -3 0 -8 -14 3 -3 5 6 8 -3 3 -23 0 -13 -12 2 -1 3 4 -1 -6 0 -6 1 16 2 3 -9 -6 -5 6 7 -1 -7 0 -3 8 -11 -17 11 7 11 6 -6 -4 -2 2 -15 2 1 -7 -3 1 4 -2 0 -11 6 3 -13 -2 3 -3 1 5 -22 -5 0 7 -7 -4 33 12 8 0 8 2 9 -8 -11 2 13 1 8 -6 -2 16 7 -3 -1 22 -2 7 4 4 4 5 -4 -1 10 -3 -2 0 -1 10 -18 0 -3 7 1 14 1 -12 -5 -6 0 -4 -16 6 -3 -3 1 2 18 6 6 -2 5 3 14 -1 4 -5 -11 4 -2 -5 1 5 -4 3 -4 -10 -8 -14 0 2 2 6 -5 -22 0 -8 3 7 1 6 4 7 9 -3 5 8 -1 -3 5 15 -6 27 0 16 1 -4 -4 -13 3 2 2 6 3 8 2 -8 19 -19 -1 5 -8 11 -3 5 -3 -1 4 -7 -2 -12 -3 -1 -2 7 1 -26 -7 17 -3 -1 8 8 -3 -5 3 10 6 6 16 -7 -2 13 -8 -8 1 -3 -8 -6 6 -1 4 3 -35 -9 -17 11 10 -3 -3 -2 -1 1 0 -9 1 3 -4 3 2 12 -11 -7 0 -1 7 -7 14 -8 1 1 -4 6 6 6 5 1 -3 -2 2 -2 -4 8 3 -14 0 -2 -14 2 0 -7 -1 5 0 13 0 -3 0 0 -10 0 -3 6 5 -7 2 -7 0 -6 12 -11 0 8 1 3 -2 -7 7 3 -3 -4 11 3 -10 0 -2 1 -2 -8 4 -5 -9 -2 3 0 0 -3 6 1 -2 -6 4 2 5 0 -1 -2 16 0 -3 3 2 -7 6 -5 7 15 23 -3 -4 -6 -1 11 7 -8 -11 4 1 -5 10 -6 1 -3 0 8 5 11 -8 -6 -7 3 -10 -4 -9 10 0 1 2 -2 2 -3 -20 5 16 -3 -1 -1 4 7 -7 -3 -6 4 -10 6 -12 -1 -2 6 19 2 5 7 -3 1 11 2 -5 1 11 -1 -11 2 -2 -18 -3 -17 0 -3 0 -15 -1 22 -3 7 -2 -6 5 2 3 -3 3 3 1 -9 -2 -1 -1 3 0 -6 0 13 -8 0 2 -15 23 -1 17 -1 -1 -5 0 -1 -2 0 -25 2 6 0 -1 9 0 6 9 7 3 3 -7 -1 8 -4 -3 -8 0 7 9 -3 -3 8 0 0 -13 4 2 0 2 -9 3 14 -5 4 1 -7 -1 6 -9 -11 -6 0 -8 5 -2 0 -3 -8 -14 5 21 2 2 5 -25 8 -3 -5 0 4 4 -3 -2 8 -4 -7 8 -2 -1 -8 -2 -2 4 -2 6 6 9 -8 -2 -1 1 -5 -6 6 3 -4 -8 -2 -8 3 -1 4 1 7
Q 2 368 1 -40275 -1 -10 3 7 -10 2 1 0 5 2 3 3 -1 4 -2 -9 -1 8 -3 3 7 6 12 17 3 -3 -10 8 -6 -17 1 5 -4 -1 1 5 1 3 -5 8 -15 0 -10 -6 2 -3 4 1 -11 -6 -6 -1 4 2 -6 4 -7 0 -5 1 -8 1 -11 -8 -3 0 -23 -20 2 4 -1 -3 6 -5 -1 2 3 1 -1 -4 -2 0 5 0 -2 -4 12 4 -9 -4 10 8 -4 1 -16 -2 3 0 -4 -1 18 3 3 -5 0 1 8 2 -6 -3 13 -6 3 -3 2 6 -2 -5 2 13 0 6 0 0 -3 5 -1 1 3 -2 -1 0 8 2 -2 2 -1 -4 0 5 -1 4 -3 -2 -2 -10 -1 3 -1 -2 0 -14 3 1 5 3 2 1 5 0 7 2 -3 8 0 3 1 0 -4 2 -5 -3 -5 2 -1 -5 0 0 -1 19 1 10 -2 2 3 0 7 11 7 8 10 -2 0 -4 -4 6 -1 -12 1 -9 3 -5 -5 12 7 2 -2 7 -7 2 -2 -3 2 -2 3 -3 -5 3 -16 4 -4 0 3 -11 0 -1 -3 -2 -3 4 1 -21 0 9 6 3 6 -4 -18 -1 2 -9 2 -3 3 -8 0 9 6 6 1 2 -1 1 0 -1 -6 3 -10 -1 12 15 10 -8 0 4 -3 0 -2 5 -4 -1 7 -1 11 7 9 -4 -3 -7 6 -5 14 4 13 -16 11 6 2 2 7 5 -3 -5 13 1 2 2 7 -13 -1 -2 -9 3 1 -11 -6 2 0 -17 5 -3 0 3 -20 1 -6 11 0 -2 5 -4 -4 -14 0 -5 -2 3 -1 -5 1 -7 3 0 0 3 3 4 -3 3 3 2 2 10 -2 -2 -4 2 6 -5 -2 10 3 4 -13 2 2 -1 5 8 0 -6 5 4 -1 2 -2 -3 -11 -10 7 -7 20 -3 4 -6 0 3 2 0 -4 -2 1 -1 6 0 0 2 2 4 -1 21 2 -5 -6 -1 0 3 -8 -1 -2 2 6 3 5 -4 -11 1 5 -2 -1 -1 -1 5 -1 1 -5 -6 -2 0 -5 2 9 -1 19 9 1 5 0 -6 10 -1 0 2 -11 -7 -4 3 -4 -13 -3 -11 5 -4 6 -12 -2 -3 -6 3 2 -7 -4 0 -5 1 2 4 5 -10 -5 -1 -1 0 -5 -6 3 9 -7 1 10 -23 26 -11 5 -6 1 -1 2 2 -2 2 -11 -5 -6 14 2 8 11 1 1 -4 0 4 -5 3 4 1 -1 -4 1 -13 -6 3 2 13 7 3 -40 5 6 -3 4 6 3 11 -3 1 2 -1 -6 5 -5 -10 -7 1 -3 7 6 -6 -7 18 -6 1 16 -1 -4 -13 -12 -5 -3 -6 2 6 0 1 -3 1 -6 0 4 -13 -4 1 5 -1 6 -1 3 0 -2 -13 -11 -2 0 2 -2 4 4 -5 -5 -8 0 5 0 1 -3 7
Q 2 369 1 -45158 -1 -20 4 4 -2 -2 10 2 -2 13 4 6 7 -2 0 -15 2 6 -3 7 2 7 15 9 0 2 -14 13 -5 -13 0 1 -16 -2 2 5 3 8 -3 4 -18 2 -15 -6 1 -7 4 2 -6 -8 2 -8 1 7 6 4 -3 -2 -6 -1 -3 1 -14 -2 -2 7 -5 -14 5 5 12 3 0 -5 -4 1 -6 0 1 -7 0 0 2 -2 -4 -9 6 1 -10 0 6 4 -2 5 -11 -4 6 5 -2 -5 23 11 5 3 3 2 12 -9 -7 3 5 -1 6 -7 3 4 3 -3 -2 1 0 3 3 5 7 3 -5 2 1 -3 -2 -4 5 2 -14 -1 -3 4 2 10 2 -6 -4 -7 -5 -3 -8 -1 -2 -2 -1 -12 13 6 8 -5 4 -1 -2 -4 5 -3 -6 9 -3 -6 1 -6 -1 4 -3 -1 -15 -8 -2 -1 1 3 -3 -3 1 3 -1 5 2 4 4 6 9 0 4 -7 -2 -1 -3 12 -4 14 3 -3 2 -7 -2 -6 3 2 3 9 -3 9 2 -6 6 -12 0 4 -11 6 -2 5 -3 -3 2 -9 1 4 -1 -1 -3 4 2 -17 -2 11 4 1 12 1 -2 -3 2 1 2 4 13 -8 -2 14 -9 1 0 1 -2 0 1 11 1 2 -13 -16 -10 8 10 -9 -3 -3 0 0 -2 -7 0 0 4 3 2 4 -4 -6 3 -4 8 -1 13 6 3 -5 -4 6 3 2 0 0 5 -2 11 -2 -2 4 3 -9 1 0 -5 5 -1 -5 -2 3 3 8 2 1 1 0 -20 2 -4 3 15 -10 3 -5 -3 -7 6 -4 3 2 -2 -5 -1 -7 6 -1 1 3 7 4 -9 1 -1 -4 2 12 -1 -1 1 2 5 -3 -3 5 4 1 -5 0 4 -1 6 5 1 -3 11 -2 -3 -4 2 -4 1 -9 3 9 20 -3 0 -3 -1 10 5 -7 -10 -4 2 -8 6 -3 -3 -3 1 3 3 21 -5 -6 -8 0 -9 -3 -12 3 3 5 2 0 0 -4 -12 3 13 -3 -1 -2 3 11 -4 2 0 8 0 3 -7 2 2 2 25 5 2 3 -4 0 9 -1 -2 6 0 -9 -6 2 -8 -20 -2 -12 4 -1 2 -17 1 21 -7 5 3 -4 -5 2 -7 -4 1 2 1 -8 -2 -1 -4 1 -2 -6 0 12 -4 -1 -1 -12 32 -5 16 -1 -4 -2 7 -1 -2 -2 -13 4 -3 12 2 11 1 1 3 3 0 4 -3 6 7 -4 -3 -7 -1 -5 2 -3 1 7 4 -4 -22 10 2 2 3 -9 0 13 -2 2 0 -4 -1 7 -2 -17 -5 3 -7 2 7 -2 -2 3 -13 5 17 2 2 -3 -23 -6 -5 -6 -2 8 1 -2 -1 2 -4 -5 8 -3 -3 -2 4 4 8 -2 2 4 3 -9 -7 -2 1 -6 -3 3 1 -1 -6 -9 -6 3 0 5 -1 7
L 3 129 0 35 1 2 0 9 0 -5 -1 2 0 0 -1 0 -5 -5 -2 2 0 9 0 -2 -1 -1 1 2 -2 1 2 9 -4 3 2 1 2 2 -1 2 -3 1 0 -3 0 -3 -6 -2 3 -2 -1 2 0 -3 -1 -1 3 -14 12 5 -3 4 -1 2 -1 -1 4 2 -1 1 3 2 -2 0 0 -1 -6 -1 -6 -2 1 2 4 3 -1 -2 -3 -3 0 0 2 3 -5 3 -1 -3 4 2 -13 -1 0 2 -1 -2 6 2 4 -2 4 3 -6 0 -1 4 1 -3 2 3 3 -3 0 -3 -2 -3 0 0 -4 -2 -2 3 -2 0 -3 0 -1 -3 -2 -4 -6 2 -4 -3 -2 -1 1 1 -3 0 3 0 -6 -2 3 3 3 1 0 -3 -4 1 1 -2 5 1 3 0 -3 5 -3 4 2 16 3 -3 0 9 -4 4 2 6 2 2 2 0 1 -2 -1 0 5 -2 -3 -6 12 2 1 1 0 -1 -2 3 0 13 0 5 1 2 -1 6 -2 -2 5 -4 3 2 0 -1 5 -3 -1 2 2 -2 5 1 -1 0 -1 1 1 0 2 2 0 3 -8 -15 -3 -1 -2 0 4 -1 -7 2 -1 0 0 0 2 0 -4 1 -9 -2 -4 0 -1 1 3 3 -9 3 9 -9 5 1 -2 4 1 -1 0 1 1 1 -1 -7 4 -8 -2 -7 -5 1 4 5 1 1 -2 -1 8 5 -4 0 -1 0 -3 0 -8 2 -6 3 -8 3 6 8 2 1 1 0 0 6 -3 0 -1 21 -1 0 0 -1 -9 1 -2 1 1 2 -4 -2 1 4 -5 -4 0 -2 3 2 2 0 1 -2 0 -3 -3 4 -3 5 -3 -4 0 1 -1 0 0 -3 1 -1 2 2 4 0 -3 -3 2 1 -4 -5 0 2 -6 -8 -1 7 2 -1 -4 5 0 -5 3 -1 0 -5 -2 3 0 1 14 0 0 4 -3 -1 2 0 1 1 0 2 2 -1 1 0 -5 -5 -3 8 -2 -2 -4 -3 -11 4 6 0 6 -1 -2 -2 -1 -2 1 -2 3 -7 -7 0 6 -1 0 3 -1 -7 -2 -2 -1 -2 3 -2 -2 5 -2 4 1 -1 -2 5 3 -2 -1 0 0 -4 3 -12 2 1 -4 -2 -5 -2 3 -1 3 -1 0 -1 0 -1 2 -3 -1 -3 -1 -5 -2 0 -16 3 7 2 -1 3 -4 1 0 4 -1 -1 -3 2 -1 -1 -2 2 -1 -7 3 -11 -2 -3 -2 -8 -3 4 3 -1 0 7 2 -2 5 2 2 3 8 0 0 -2 -1 -1 2 -5 -1 -2 5 -1 5 1 2 0 0 -3 -1 2 -1 -2 0 1 3 -4 5 0 2 0 11 0 -3 -1 2 -3 -2 1 1 3 -3 -4 0 3 -1 -1 4 -4 -4 0 0 -2 2 -2 3 0 2 -1 -1 2 5 0 2 -1 -1 5 -4 -3 2 8
L 3 130 0 58 -1 -2 2 0 -7 -1 1 2 2 -1 3 -4 -5 -2 -4 1 2 3 1 -3 -2 0 2 0 1 1 1 10 -6 -1 7 1 0 3 -1 5 -1 0 2 0 -2 -2 -3 -4 2 -7 -1 1 -3 -5 10 3 4 -13 12 7 -5 -4 0 3 -1 0 3 1 -5 0 7 10 -2 4 -1 0 0 3 0 -1 4 4 4 0 0 0 -2 -6 1 -1 6 3 -4 -3 2 0 6 -1 -8 1 0 2 0 -1 4 0 4 1 0 2 -6 -2 2 5 9 -1 2 3 2 6 -2 -4 -5 14 1 0 0 1 -1 3 -2 -3 -11 -2 -2 -5 -2 -4 1 3 -6 -2 -4 -1 -1 -2 -2 2 3 -1 -7 0 2 4 2 9 -2 -2 -3 4 1 -2 3 8 2 5 0 -10 -1 3 3 8 0 -4 2 6 9 10 -2 5 3 4 2 -15 4 2 -3 -1 3 1 -1 -1 10 3 4 0 -5 -2 -1 4 3 7 5 2 -1 5 1 6 -4 -3 5 2 -4 -2 -2 -2 -3 3 0 0 3 -4 -4 2 -4 0 0 -4 2 3 4 1 5 6 -16 -8 -5 6 1 1 4 7 3 -5 -2 -8 2 -1 6 -2 -2 -1 -6 -1 -5 4 -2 -2 3 4 0 0 -1 1 0 0 -2 2 1 4 0 1 1 3 1 -1 1 -6 -5 0 -3 1 -10 3 1 -3 0 3 5 0 -5 3 2 0 0 -1 -3 1 1 3 -3 -1 1 11 0 1 -2 -5 2 3 -3 -3 -1 11 -1 -3 0 4 -21 2 -2 -2 -2 2 -3 -3 2 -3 -1 2 -5 -1 2 2 1 -8 -1 0 3 -6 2 2 -3 4 -3 -2 0 3 -3 0 7 2 -1 -1 1 2 0 0 -1 -6 1 2 1 -4 -3 2 -4 -7 -2 8 1 -4 -8 0 8 -4 7 -2 -1 -12 -2 2 -3 -2 3 1 -1 1 -5 -4 3 2 -1 2 3 10 4 -4 -1 -3 8 0 -6 2 -2 -2 -3 3 -16 2 1 1 4 2 -2 -3 -3 -6 0 -2 7 -3 -8 -2 5 0 -2 1 -7 -1 3 -6 0 -5 2 -2 0 -6 1 -2 -1 0 -1 2 9 -4 -1 1 1 -4 0 -13 0 1 -6 -3 4 -3 -1 -1 2 -1 1 -1 4 -4 2 -5 -4 -4 -1 1 3 2 -9 -4 11 3 -7 2 -3 3 2 0 2 -4 -5 0 -5 6 2 -2 0 -3 2 -6 0 -4 4 -7 -1 2 4 -2 1 11 4 -4 6 8 2 2 28 -1 2 0 0 -4 -4 -2 1 -2 2 -1 2 1 -2 -2 -2 1 -3 1 -1 -2 -2 4 10 -4 6 -2 -2 3 -2 10 3 -2 0 -4 -3 -1 -1 1 0 -4 3 3 -2 1 -1 -5 -2 0 2 -1 4 0 1 1 -1 -1 0 0 5 2 -2 8 -3 0 -3 0 4 -8
L 3 131 0 32 1 7 2 -1 1 0 1 -1 1 -3 0 -2 5 6 -3 0 2 -12 -2 5 1 0 2 -6 0 0 -6 -3 8 -10 -6 5 2 -3 -3 -6 2 1 4 0 2 3 5 -1 0 8 4 -3 3 -2 -2 3 -2 5 4 2 1 8 2 -5 0 0 -7 1 -3 -3 -9 1 -4 -1 -1 -4 1 1 4 0 3 3 -4 -3 -2 1 2 5 -1 0 -2 -1 2 3 3 3 -6 0 15 3 -1 3 0 3 2 -3 -5 3 5 1 -4 6 -2 -5 -9 1 -1 0 -4 8 -1 3 3 -39 1 1 0 1 7 -2 0 -1 -3 -4 2 3 2 3 -4 -1 -1 1 2 -3 -6 -3 1 8 8 3 -6 -1 3 -1 -5 -5 -1 3 0 0 0 3 2 0 0 0 8 -7 1 -5 0 -3 -1 5 2 -3 4 -1 -2 1 -5 1 -1 -5 0 -4 0 -3 -3 7 3 1 -5 -4 0 2 3 1 5 -2 1 -9 -3 -3 -1 5 -5 -2 0 3 2 2 -3 -2 3 2 -9 2 1 3 -2 -2 -6 2 3 -2 1 -1 0 -6 -6 -4 -6 -9 4 5 1 4 -2 0 -5 -2 21 7 2 7 -2 -1 -4 -4 2 -1 6 -1 2 4 3 1 -1 0 7 -2 5 18 -3 -3 -4 -4 2 1 -5 0 3 -3 1 4 -3 0 0 2 1 -1 3 -4 -3 2 -1 -3 -10 -1 -1 -4 2 -1 3 -1 14 0 6 -2 2 -5 3 -5 -1 -4 2 1 1 -1 1 0 -4 -2 0 0 5 0 -3 4 3 2 3 -4 6 0 -1 10 5 4 2 5 -8 1 1 1 -1 3 1 1 -5 2 1 -1 1 1 5 6 0 5 4 -1 -1 3 -3 0 2 2 0 5 3 -1 -6 6 1 -1 5 -3 2 -5 1 0 -5 -3 -9 -6 -5 0 3 -2 -1 -8 -1 -2 -5 0 -1 -1 -2 -1 -1 -1 -1 1 1 -9 -1 0 3 -1 2 1 -8 1 4 4 1 1 1 1 4 -5 -1 -2 0 2 0 9 3 -1 2 4 -2 -6 0 -3 -4 -1 2 -3 1 -2 1 1 -2 -4 0 5 5 2 -3 1 0 0 -5 6 -2 6 2 2 6 8 -2 0 8 -1 4 -1 2 7 -1 0 1 7 3 5 -3 -4 -1 2 0 -1 -2 1 17 -7 -1 0 4 -4 4 -2 -4 1 -4 2 20 -6 -2 -2 -1 -6 -1 -8 0 -5 2 -2 -1 11 2 -3 -3 1 0 0 -1 5 -8 -1 3 -2 -2 -2 -4 2 -1 -1 -1 6 -3 -4 4 0 3 -6 -1 4 3 2 2 4 -5 3 2 3 -5 3 -14 1 1 3 -8 -6 4 2 -1 4 2 2 -1 -5 2 -6 -1 -2 -1 3 1 -2 -1 1 -1 3 -5 5 5 1 -6 1 0 -4 -3 -4 6 -6 0 -2 5 2 -4 8
L 3 132 0 53 -1 7 1 -2 11 2 1 -1 0 -1 3 3 3 5 -5 -5 1 1 2 1 -1 -1 1 -6 1 -3 2 -2 1 3 -7 3 0 -1 -3 -4 5 2 2 -3 2 -1 7 -2 0 4 2 0 5 5 -7 2 0 2 3 0 8 5 1 5 2 -1 -4 -1 2 -4 -14 -8 -2 -4 -2 1 3 2 3 -3 8 3 -4 2 0 1 4 2 -1 -1 -1 -2 3 6 1 4 -6 1 -6 1 -2 2 0 1 -3 -2 3 3 2 -1 7 -5 -2 -5 -14 4 -2 -1 -3 3 -3 1 3 -16 0 -1 4 5 1 -1 1 -1 0 1 0 2 5 3 0 -1 3 0 3 -4 0 8 1 1 1 2 0 1 3 -1 -5 0 2 6 5 -2 1 3 2 -2 -1 -5 9 -7 1 -3 1 -8 -4 4 4 -3 2 -1 0 -1 -1 3 0 -7 1 7 -3 0 -3 2 8 4 -5 -5 2 -2 3 1 2 0 2 -8 -2 3 -3 -1 -4 -11 4 1 -2 0 8 -1 2 4 -13 -2 -1 -1 -2 -2 0 0 5 -2 1 -2 -1 -1 -3 0 -1 -5 1 -8 5 -4 1 0 -1 4 18 4 4 2 -3 -2 -3 -3 3 1 4 -4 4 3 6 2 -2 -4 1 -1 12 19 8 -1 0 -2 -1 1 -3 -2 5 -3 2 3 -4 0 -3 4 1 -1 6 -2 -1 2 1 1 -18 -9 8 -1 -2 0 0 -4 3 -1 5 -4 8 -1 -4 -7 1 -2 -2 3 2 -3 4 2 -3 -10 3 1 2 1 1 6 3 1 5 -6 6 1 3 4 0 2 0 3 -5 -3 -1 -1 5 5 -1 1 -3 2 1 -5 0 -1 3 -2 5 2 12 -5 -1 4 -1 4 2 -1 2 2 4 0 -5 7 -1 -1 5 -4 3 -2 4 3 3 -4 -1 -8 -5 -3 6 2 -2 -2 2 0 6 2 0 -7 4 1 -2 1 0 -1 2 9 -1 -1 4 1 5 0 -4 -7 1 1 -1 3 5 -1 1 0 -7 1 0 1 -1 5 0 2 3 0 -7 -4 0 -3 12 -1 1 7 5 -3 4 -2 -2 -1 -2 7 -12 4 -3 -2 1 -2 -6 8 0 1 0 1 1 10 0 -1 4 -2 -3 -1 -1 2 1 1 -1 3 5 1 -1 -4 -3 6 2 2 -2 3 -4 2 -20 -1 3 2 0 -1 -1 -3 -5 2 17 -7 -4 -1 -3 -2 -2 3 4 3 3 2 4 9 2 -1 -5 3 -2 -6 -1 3 -7 0 3 1 5 1 -3 6 -1 2 -2 1 1 -3 0 4 4 -6 -4 -19 2 1 1 2 0 4 3 -1 -1 3 -19 1 2 -6 6 -2 -1 -3 -5 5 -2 2 0 -7 0 -8 2 2 2 4 -1 2 2 3 0 4 -7 13 -11 0 0 -2 2 -3 -2 -2 8 -8 5 -2 4 1 0 -8
L 3 133 0 12 -1 1 -1 5 -5 -4 0 1 -1 -4 -2 -1 -2 -5 -1 8 -1 5 -2 -3 -1 0 1 8 -2 1 0 2 -3 -8 5 -4 -2 5 2 4 -4 2 0 -1 1 -1 -12 3 3 2 -2 0 -4 0 3 0 1 2 -4 -2 -5 -2 0 -1 -3 -2 2 -2 1 4 7 -1 4 5 2 1 -3 -1 -3 3 -3 -3 1 -1 -3 -1 -5 -8 0 -1 2 1 -6 -6 -3 -4 4 -3 3 -2 1 -2 -3 -3 0 5 1 -3 0 2 -11 9 1 3 13 -4 3 1 2 -3 2 -2 -3 18 0 0 -1 -3 -4 1 -2 0 5 1 1 -2 -4 -2 0 2 -3 0 -2 3 -4 -6 0 -3 -4 2 -7 -2 0 3 5 -2 -5 0 -3 2 -2 -6 0 -1 -2 3 -9 7 -2 2 -2 10 4 -1 -2 1 -8 -2 4 1 1 -2 1 12 -3 -10 0 0 3 -4 -7 -8 5 7 -2 -2 -1 -2 -4 5 -5 2 0 -12 2 -2 5 8 0 -1 -1 -4 3 3 -1 -4 15 -4 3 0 4 1 0 -1 -6 0 -2 1 2 3 1 1 5 6 -1 -9 -4 2 -3 -4 -2 4 -24 -3 -2 6 5 1 1 3 -2 2 -9 1 -6 0 -4 -3 2 11 -9 0 -8 -10 0 3 0 6 -1 -1 2 3 -6 -1 -4 -10 2 1 1 -10 -7 0 1 2 -7 -3 0 -4 18 6 -8 4 -1 0 -4 2 1 0 -10 3 -4 -1 11 4 3 -1 0 3 -2 6 0 -1 4 6 -1 2 0 2 -5 -5 -6 -2 -15 4 -5 3 0 1 -3 -2 0 -3 5 4 0 4 -3 -2 2 -2 2 -2 -3 3 -2 2 -6 -4 -3 -2 -5 1 0 -5 0 -4 -2 0 3 0 -7 0 2 -3 0 0 -3 2 -3 4 -4 -1 0 4 4 6 3 3 -1 2 3 2 0 6 5 -2 2 6 -1 1 5 1 -3 -1 -4 -12 4 1 -3 0 -4 1 11 3 0 -3 1 -1 -11 5 -7 1 7 -1 0 -2 1 -3 0 -1 -1 5 8 2 3 2 -3 3 12 -7 -4 2 -1 1 3 3 3 5 3 -6 4 0 -4 -2 4 -13 -2 -4 -2 4 1 -10 0 1 -6 3 -9 -1 6 -3 2 -3 -1 -5 -4 -2 2 6 1 -9 -2 -5 3 -1 4 -11 17 2 -4 -1 -2 3 2 4 6 -5 -12 5 6 4 3 -1 5 -8 -4 -5 -4 1 -6 -8 -5 3 6 -4 0 6 0 -5 4 -3 -5 -1 -4 -2 2 -5 1 0 3 -6 0 1 1 -2 -3 4 1 13 -2 -4 -3 -11 1 -5 -2 -3 3 -5 17 1 -2 -1 -3 3 -1 5 2 -4 0 -3 0 14 1 -2 -8 0 2 -2 0 -2 -3 -2 0 -5 5 -12 7 0 0 0 -2 2 5 0 -5 1 1 1 -5 -1 -1 -8
L 3 134 0 41 1 -6 0 0 2 -6 0 3 1 -2 1 0 -2 -3 -3 3 -2 4 2 0 -1 -1 1 1 -2 -2 10 5 -8 5 4 -1 0 5 0 4 -1 3 0 -1 0 -3 -13 -4 3 -1 -3 2 -4 0 4 0 4 -11 5 2 -6 1 0 0 -5 0 0 4 -2 2 5 6 1 3 0 -2 -1 0 -5 0 5 1 7 3 -3 -1 -1 -7 3 0 6 0 -5 -2 2 0 3 0 -10 -1 -3 3 -2 -5 1 3 2 -1 1 0 -7 2 -1 10 6 -5 4 3 4 6 -1 -3 -1 0 1 0 -2 -1 0 3 0 1 -1 -2 -1 -2 -4 -4 2 0 -3 -2 -4 -1 -1 -2 -2 3 1 3 -3 -1 0 3 4 1 -2 -2 -4 6 1 -5 6 1 4 2 -2 11 0 8 0 18 2 -4 -1 7 3 3 1 6 2 2 0 -4 0 -4 -2 -1 3 -1 -4 -4 3 2 3 -3 -2 -2 -1 5 -3 5 3 -2 1 5 -2 3 -2 -2 0 -3 1 2 -2 -2 12 -1 0 2 4 -1 2 1 -2 -1 -1 -2 2 7 2 2 3 7 -12 -24 -3 3 -4 -1 4 -1 -12 0 -3 -5 4 1 5 0 -2 1 -6 -4 -3 0 -2 2 2 7 -10 2 8 -10 2 1 0 8 4 1 0 4 -2 0 -1 -3 0 -9 -4 -6 -12 1 1 6 1 -2 0 3 8 4 -2 2 0 2 -4 0 8 3 -9 4 -6 -1 9 3 3 -1 1 1 0 2 -4 1 3 30 0 -2 0 -1 -16 0 -1 3 -12 4 -5 -5 2 3 2 3 -5 -4 5 0 2 -4 0 -3 1 -2 -1 4 -3 4 -4 -3 -2 -4 0 3 8 0 1 -2 0 3 2 2 -3 -3 -1 3 0 -6 2 2 -7 -2 -2 6 -2 -3 -7 6 6 -6 6 1 0 -1 -1 2 -1 4 14 3 -1 4 -2 0 6 0 -2 2 2 6 4 -1 0 -2 -3 -2 -16 -2 2 -3 -2 -3 -13 -1 1 1 8 -1 -3 0 -2 -4 2 -1 3 2 -6 3 7 0 2 2 2 -6 -3 -2 -2 -1 0 -4 -2 0 -4 0 2 -2 -1 -1 6 -2 -1 -4 -1 -8 1 -14 -2 2 -5 -4 -2 -3 -1 -1 1 -3 3 0 0 -2 4 -5 -2 -6 -3 -3 4 1 -16 -17 16 4 -11 2 -7 1 2 1 2 0 -6 0 -1 6 2 -2 2 -7 1 -1 -2 -3 -1 -7 -5 6 3 -3 -1 2 4 -3 5 5 0 3 14 2 5 -3 -3 -3 2 -4 0 -2 2 0 3 1 1 -8 -2 -3 -4 4 -4 -1 1 1 1 -4 7 -1 -2 -12 3 7 -3 -3 2 0 -3 -3 0 7 2 -6 -6 2 1 -2 1 -3 -2 -1 -2 -3 1 -11 0 2 -1 1 -2 1 5 0 4 3 0 3 -3 -3 0 8
L 3 135 0 20 1 -1 0 0 -6 6 0 -3 1 1 2 -2 7 3 7 -1 6 -7 -3 2 4 7 1 3 6 -1 -7 -10 5 -6 -1 2 -1 -4 1 -3 -1 -3 -1 1 3 3 7 2 -1 0 2 -1 -1 1 -3 -3 -5 5 -1 -1 1 -8 0 -3 4 2 0 -2 -2 -1 3 4 0 -1 4 1 3 -2 5 3 -1 -5 -6 -4 3 2 0 6 -6 1 -4 0 4 0 0 -2 -6 -1 18 -2 2 -3 1 4 -4 0 -6 2 -3 -3 5 -3 2 -6 2 5 -4 -1 1 -2 3 3 3 7 0 3 -1 1 1 -1 0 3 6 1 0 2 -1 3 -4 1 5 3 4 2 2 4 2 -2 -3 1 13 2 -5 -5 -1 1 1 0 3 -3 -2 6 -9 0 -4 -2 -3 -10 -1 -5 0 -15 -1 0 -1 -6 7 -3 -2 -8 -6 -2 -1 7 -2 0 4 -1 -1 3 2 1 -7 -1 -1 2 1 -1 2 -10 -2 3 -3 3 1 -5 3 -5 1 4 1 3 -6 -3 -1 1 -4 6 1 -1 -4 3 -3 1 -1 2 0 -1 -4 -3 -1 -1 -3 -5 7 24 -2 1 3 2 0 2 1 -2 -1 6 -3 2 -2 2 4 -2 11 8 -1 2 -1 -3 -2 -13 18 -4 -15 5 -5 0 0 -5 -2 2 1 -3 0 1 -2 7 -2 6 6 7 13 3 -10 -5 3 2 2 -1 -7 1 -4 -1 4 -1 7 -2 2 -2 10 -4 1 -1 -14 -3 -1 1 -2 -3 -3 -2 3 0 -3 -29 -3 0 1 0 19 -2 -1 -2 9 -3 3 4 -4 -10 2 -5 3 4 -2 -1 -3 2 -3 1 0 6 3 -5 5 -4 8 1 2 9 -1 -2 -14 2 1 0 -2 0 -1 0 3 6 -4 -1 1 1 -3 2 0 2 -1 -7 0 1 2 -4 -2 10 -3 0 -3 0 3 -2 -1 -2 -20 -7 1 -1 2 -1 -3 1 1 -1 2 -4 -3 2 -1 0 4 3 6 6 0 5 3 0 10 -4 -3 0 -7 -2 4 1 -1 -4 -2 0 -7 6 11 -4 -4 2 -4 -2 -1 2 0 2 0 4 -3 5 0 -16 10 -4 -5 4 3 2 -1 7 2 3 2 6 -3 12 -2 -1 3 4 11 1 -4 2 -4 1 -1 1 -2 0 -4 4 2 8 -1 4 -2 -2 20 17 -6 -2 9 -5 3 -1 -2 -4 2 1 -1 5 2 -4 -1 0 0 7 -1 3 0 2 1 0 5 -3 -3 0 0 5 0 3 -3 -6 1 -5 -19 -3 -4 0 0 5 -4 3 2 4 -4 -3 -7 1 -3 16 0 1 4 -9 0 3 -2 0 -3 2 0 0 -1 13 -8 0 3 3 -1 4 6 -1 0 -10 0 6 4 -4 -1 0 -2 4 1 -1 1 2 -2 -3 -2 -2 2 1 3 -2 -5 0 -8 0 -1 -1 2 2 0 8
L 3 136 0 63 -1 -2 -1 3 10 3 0 0 0 1 2 0 5 7 -1 -5 2 -9 0 5 3 2 0 -5 2 -3 4 -4 2 -5 -4 1 -1 -1 -2 -6 3 -1 1 -2 2 1 9 -2 0 2 4 0 2 3 -9 -2 -1 2 4 1 2 -5 2 1 2 0 -6 -1 1 -5 -8 4 1 -4 2 -2 1 -2 4 -1 6 1 -6 0 0 0 3 7 0 -2 -3 -2 4 4 6 1 -8 1 -1 -1 -1 0 -1 0 -6 -2 0 3 1 -3 10 -6 -4 -4 -11 3 -2 1 2 6 -1 1 4 -25 0 -1 0 0 2 -2 -1 1 12 0 -2 1 2 3 -4 2 2 3 2 -2 0 2 0 3 3 1 5 0 0 -1 -7 -5 1 2 5 0 0 4 -5 0 0 -3 8 -9 -2 -3 1 0 -3 0 2 -1 8 -3 -1 0 -2 3 0 -4 -2 7 -1 0 -2 5 6 2 -13 -5 0 1 4 0 2 -7 0 -3 0 12 -1 0 -4 -8 1 4 0 2 6 -2 2 6 -8 0 -2 0 -1 -1 -2 1 0 2 -1 -1 -3 -5 0 -3 -5 -7 3 0 3 -1 2 2 1 1 9 5 -1 -4 -4 -1 -4 -3 1 -1 6 0 4 1 2 1 -2 -9 6 -3 0 8 -2 -1 0 -1 0 2 -2 -3 4 -1 4 3 -2 -2 0 6 5 2 -1 -3 6 3 0 -1 -18 -7 2 -2 1 2 0 -5 3 0 7 -4 3 -5 -6 -4 0 0 -1 0 2 -3 1 0 -3 -5 1 0 1 0 7 5 4 3 12 -4 5 0 0 -2 2 0 -1 3 -2 -5 2 -1 1 2 -2 1 -4 1 6 -4 2 -3 4 6 4 2 3 -3 -1 0 1 4 2 0 -4 3 3 -1 -6 1 0 2 -2 -4 2 -2 4 4 1 -2 -7 -3 -4 0 3 3 -4 -1 0 -4 -4 0 -3 -3 1 -1 -3 2 1 2 1 6 -3 -1 3 1 0 1 -15 2 1 4 -1 1 10 -5 4 -3 -3 0 2 3 -2 3 -1 0 -3 6 -4 -6 0 -1 6 -1 -4 -8 2 -1 2 2 -1 -4 -2 -3 -1 6 -6 1 2 0 -5 13 1 2 3 2 -1 13 -3 0 7 1 4 -2 -6 3 -3 2 -1 8 2 2 0 -1 -2 7 -1 2 -5 1 0 8 -12 -1 12 1 2 -2 -2 -4 -3 5 8 -1 -4 -2 -5 1 -2 7 1 3 3 -1 2 3 2 -1 -5 4 -3 0 1 3 -9 2 0 1 -5 -1 -4 2 -1 3 -2 5 1 0 0 2 1 -2 -4 -8 2 0 3 3 0 4 1 0 -4 3 -16 0 3 2 4 -3 -1 -1 -2 5 1 1 0 -8 2 0 4 -3 1 1 0 3 -1 2 3 4 -6 0 0 -1 0 -1 1 -2 -2 -2 5 -5 4 -2 3 3 0 -8
L 3 137 0 23 1 -5 -1 0 1 -1 2 3 -1 0 1 -3 -5 -5 -2 3 -2 3 3 -5 -2 -2 1 5 -2 4 3 8 -5 -3 7 -2 -1 3 2 5 2 0 0 2 -5 -2 -5 3 0 -6 -1 0 0 -2 7 0 1 2 -6 -1 -1 -6 -2 0 -4 -1 -1 -4 1 2 8 2 3 1 0 2 1 2 -2 -1 0 -1 2 1 0 0 -1 -6 1 0 1 2 -5 -5 -3 0 6 -2 -12 0 2 -2 -2 -3 0 3 7 -4 -4 3 -3 1 2 4 8 -2 1 0 0 -1 -1 -3 -6 26 -1 -1 1 1 -2 1 -2 -4 3 1 -1 -3 -3 0 4 1 -4 0 -5 2 -1 -3 0 -5 -2 -2 -4 2 2 4 3 -2 -3 1 2 1 0 -3 1 1 0 2 -5 -4 -1 4 1 6 1 -2 2 2 -4 4 1 2 4 0 1 -4 1 6 -3 1 1 -5 -4 -1 4 7 -2 -2 -3 0 -4 4 1 -2 5 1 0 -1 4 7 1 -2 -1 1 -1 1 -1 0 5 0 2 -2 2 0 -3 -3 -6 1 -1 1 2 4 2 2 9 12 -6 -1 -2 1 1 1 -1 5 -16 -4 -2 -8 2 0 5 2 -2 2 -11 1 -4 0 0 -3 2 8 -14 3 -14 -7 -2 3 1 2 -2 -1 0 -1 -2 -2 -1 -6 1 1 -3 -5 -2 -2 -1 2 -3 -3 -1 7 7 1 1 6 -2 2 -3 -3 -13 0 -6 3 0 1 1 7 1 3 0 -3 1 4 0 -3 3 2 1 1 -2 4 -8 -2 -3 -3 -6 2 -2 2 1 -6 -6 4 -3 -2 5 3 -1 -3 0 -2 0 -3 7 -2 -1 2 -2 0 -4 -6 0 -4 5 5 0 -4 2 -1 -4 -3 0 -4 -2 0 4 -2 1 0 -2 5 1 4 -1 0 4 -2 8 3 1 2 -1 -4 -1 6 2 0 0 1 0 0 0 -1 1 3 -1 0 0 4 3 -2 -3 1 2 1 9 1 -3 -2 1 5 -5 6 -4 2 4 4 1 -2 2 -7 -2 3 4 3 3 3 1 1 1 2 0 -5 3 -1 0 -1 5 0 2 -6 -2 -4 2 -2 -2 -1 7 -12 0 -3 -2 4 -3 -10 3 0 -3 2 -6 1 1 -6 2 0 -2 -5 -5 -3 3 3 -2 -4 2 1 3 -1 -9 -10 6 -1 -6 3 -1 3 4 0 5 -4 -14 1 0 6 2 4 1 1 -5 2 -1 0 -1 -8 -2 2 5 -1 2 1 0 -6 6 3 -2 0 15 1 1 -2 1 -2 0 -1 2 0 1 1 -4 3 2 -4 -1 -1 -4 -5 2 -4 -1 0 8 -3 10 -1 0 1 1 4 2 1 1 -9 -4 -2 -2 12 1 4 1 2 2 -1 -2 0 0 1 0 -3 5 -4 4 0 -1 -2 -1 2 4 4 -5 7 0 0 -5 1 2 8
L 3 138 0 30 1 8 2 -5 -7 6 1 -3 0 2 1 2 3 4 2 0 2 6 -4 1 0 0 0 -2 4 4 -9 -8 6 2 -5 2 2 -3 -1 -2 0 0 0 0 1 1 11 3 -1 3 -2 -2 6 3 -1 1 -1 7 -3 -4 10 3 -1 5 4 -1 4 -1 0 0 -3 -8 0 2 -1 2 0 -1 5 0 -3 -1 -4 -2 2 1 2 3 -3 4 -4 -1 4 1 -1 1 -2 -1 16 1 1 -2 1 3 -5 -5 -2 3 -1 -2 3 -3 0 -6 -2 6 -4 -3 -4 -8 -1 2 0 18 1 2 5 4 -3 -2 2 0 -6 2 1 5 6 0 3 0 7 2 5 -1 1 6 3 -2 -4 -2 4 2 -2 -4 -2 5 2 3 1 -4 -1 4 -3 0 -5 -2 1 -7 2 -5 -1 -26 -5 6 0 -6 4 -2 1 -8 -3 0 0 0 5 1 1 -1 -4 -1 7 4 3 -2 0 -2 3 1 3 0 1 -4 -3 -7 0 -7 2 -6 -2 1 -1 4 -1 0 1 1 -11 3 0 -3 -3 2 -3 -1 5 -1 2 2 -2 -1 -3 2 3 -5 8 14 3 -1 3 -1 -3 6 12 -2 5 10 0 0 -3 -2 4 1 9 6 1 2 2 -3 -2 -6 13 -3 1 15 6 -2 0 -7 -5 1 1 -2 2 2 1 7 -5 12 4 6 10 1 -3 -4 -5 0 -1 -6 -4 -4 3 -3 0 -6 3 -1 -2 -4 8 -4 5 2 -8 -5 -4 -2 -3 3 -1 -4 4 0 -3 -34 1 1 1 1 12 1 0 -3 -1 -3 6 3 1 -1 6 -4 6 1 -5 0 -3 3 1 5 2 3 0 -5 0 -3 4 4 1 0 -1 -3 -6 2 0 4 -2 -6 -1 -1 7 1 1 -1 2 8 -1 -2 7 1 2 -9 1 -1 5 -5 5 4 -4 -1 0 2 4 -3 1 -1 -11 -5 1 -6 2 3 -2 0 0 -4 1 -2 -3 3 1 0 9 3 19 -4 0 0 2 3 5 -3 -10 1 -12 -1 2 -1 0 0 -3 -1 -2 -3 4 0 -7 0 2 -2 4 19 2 3 1 1 -4 6 0 2 -2 -3 -1 0 2 1 -4 -1 3 2 0 2 1 12 -2 -1 1 3 1 1 -2 1 0 -1 -2 -3 0 0 -3 0 1 6 1 4 0 0 15 11 -14 -1 4 -3 5 2 0 -1 -2 -1 12 -1 0 -3 1 -4 2 6 1 5 2 7 4 11 5 -1 -2 3 2 -5 -3 3 -2 -8 3 -5 -3 -1 0 5 2 0 -1 0 1 0 -3 2 -3 -1 -3 2 2 2 2 -5 1 -1 -2 -2 3 5 -8 2 1 6 -7 -4 3 1 -2 4 1 0 -1 -10 -1 -3 2 1 0 3 -3 4 1 1 0 2 -1 15 -10 -2 0 1 6 -2 -3 0 -3 -3 0 -4 2 3 -2 8
L 3 139 0 33 1 1 2 2 -4 -4 1 4 2 -4 -1 -4 -1 -3 -4 7 -2 0 0 0 -3 -4 3 0 -3 1 1 8 -4 -7 4 1 0 2 -2 4 1 2 1 -1 -3 -1 -9 -1 1 -3 0 0 -6 -4 6 3 2 1 -3 5 -8 1 1 -3 -6 0 2 1 -5 1 3 4 -3 2 -1 -1 1 0 -3 -1 3 4 3 0 -3 0 -2 -4 1 -2 4 3 -4 0 -2 0 5 0 -7 0 -1 2 -3 -3 8 2 1 -1 3 2 -18 9 1 7 8 -4 4 2 3 6 0 -1 -2 -13 1 -1 -2 0 2 0 -2 -2 -5 -4 0 -3 -4 -4 2 -1 -7 -1 -3 0 -2 -5 -2 4 3 2 -16 -5 4 4 2 2 -4 0 -3 3 0 -3 3 3 5 5 -1 1 -1 1 0 20 5 -1 2 3 -5 3 2 8 2 2 1 -5 0 -9 0 -1 4 -1 -7 -4 4 3 -1 4 -2 -1 -1 2 0 -1 3 -8 1 6 -1 6 -2 -2 4 -2 1 -1 0 -2 4 -2 0 2 3 -1 -2 2 -1 -2 -1 -2 3 5 0 -1 1 4 -9 -6 -4 2 -6 0 1 -2 -1 -1 -1 -3 1 0 5 0 -5 3 -10 -3 -4 1 -1 2 1 10 -4 2 3 -4 1 2 -4 4 3 0 -1 2 -1 -1 -1 -7 2 -4 -3 -5 -8 -3 -1 3 -5 -1 1 6 8 3 -3 3 2 3 0 1 7 3 -3 4 -4 0 16 7 3 -1 1 -2 1 3 -1 -1 1 30 -1 -2 1 1 -18 1 -1 2 -8 4 -4 -2 0 6 -1 5 -3 0 5 2 3 -2 -1 -3 4 -6 3 3 -3 4 -4 -1 -2 3 -1 2 9 -1 0 -1 1 1 2 2 -1 -3 2 1 -1 -4 1 1 -3 1 -1 5 0 -3 -9 3 2 -3 0 1 2 0 -1 -1 0 4 13 2 1 5 -3 -4 3 -1 -1 1 1 -6 4 -1 2 -1 -2 -3 -7 -2 1 -1 1 0 -12 8 1 -1 8 1 -2 -2 -1 2 2 -1 5 1 -5 -2 7 0 -8 2 -2 -9 1 -4 -1 -1 4 -3 -1 6 5 -4 3 -1 0 -1 5 -3 -5 0 -1 -3 2 -14 1 4 -2 -2 0 -3 3 0 2 0 4 2 1 0 2 -2 0 -5 -2 -5 1 1 -1 -13 19 2 -10 2 -5 2 -1 3 1 1 -9 -2 -2 3 2 -2 1 -9 1 -5 -1 -4 -7 -3 -2 5 3 -4 -1 2 3 -3 3 4 1 2 14 -1 3 -2 1 -3 1 -3 -2 -3 3 -1 2 0 1 4 -2 -2 -4 0 -2 -2 1 7 2 -5 18 -1 -1 -2 -4 6 0 -1 0 -4 -3 -1 -2 8 0 -3 -1 1 -1 2 2 -3 0 1 0 -3 3 -5 8 2 -3 0 -4 0 3 -1 7 2 0 3 0 -3 1 8
L 3 140 0 0 -1 -6 -2 0 -2 -2 -1 0 -1 1 -1 4 -6 -7 4 -1 -3 11 3 -4 -1 1 -2 7 -2 -1 5 0 -4 11 4 -4 -2 4 3 5 -3 -1 -3 1 1 -4 -7 -2 -1 -2 -3 3 -2 -1 4 -1 0 -11 1 -3 -1 -2 -3 -1 0 1 6 0 4 4 12 -3 4 0 0 2 -3 -1 -3 2 -6 -3 4 2 2 -2 -2 -6 1 0 1 2 -2 -4 -2 -3 5 0 -3 -2 2 -3 2 -2 -2 3 2 -3 -4 0 3 -1 1 4 6 -4 0 1 2 -9 2 -3 -2 26 -2 -1 -2 -2 -5 3 0 1 -1 3 0 -2 -2 -2 -2 1 0 -3 -3 2 5 -1 -1 -7 -5 -4 10 0 -3 0 6 -3 2 -5 -2 1 1 -5 1 -2 -1 0 -7 16 -2 4 -2 1 1 -2 -3 4 -10 1 1 -1 3 -3 1 9 0 3 -1 3 3 -7 -5 -3 9 1 -1 -1 -2 -1 -5 2 0 8 0 3 1 -3 5 7 1 -2 -1 -2 -4 4 -3 -3 13 -4 0 -1 1 0 7 -1 -3 0 -2 3 1 5 4 3 4 7 -2 -4 0 -3 1 0 3 -4 -25 -4 -2 -3 3 1 1 4 -1 1 -3 0 -1 -4 -4 -1 2 4 -12 3 0 -22 1 2 3 4 -1 -4 4 1 -4 4 -2 -2 3 -2 0 -7 -3 3 6 4 3 -1 0 4 14 5 1 3 -1 0 -3 2 -12 2 -7 2 -2 5 -1 4 0 3 -2 1 -3 4 -2 1 4 8 2 0 -5 -1 2 -6 -3 0 -6 4 -6 -2 -1 -6 -5 -3 1 -4 6 0 -1 1 -1 -2 -2 0 2 -1 -3 1 -1 0 -2 -6 0 -3 -9 -1 2 -4 2 -1 -2 -2 0 -3 -2 1 3 -6 1 1 -3 2 -3 5 -2 -1 4 7 6 1 6 1 -3 -2 1 1 0 1 1 0 1 6 -2 3 3 0 2 -2 -4 0 2 1 -4 0 -2 -1 3 4 -2 -5 0 -2 -2 -2 1 6 4 3 0 1 2 -4 0 0 -1 -6 6 9 0 1 0 0 0 3 -5 3 -1 1 2 2 2 -5 -4 0 4 -1 -2 1 6 -11 1 -6 -1 -1 -4 -9 2 -1 -7 -1 -3 2 2 -4 3 -2 -1 -7 -4 -3 1 3 1 -5 0 0 1 -2 -14 -4 6 0 -8 2 -2 3 3 3 4 -2 -14 4 4 1 1 5 1 0 0 -1 -3 1 0 -9 -4 1 2 -1 0 -1 -1 -2 8 1 -4 2 -8 2 2 -2 0 0 0 -3 1 2 -3 -1 -1 5 4 -1 -3 0 -2 2 3 -3 -2 -3 1 -2 8 0 -1 -7 8 3 -3 -2 3 -3 -1 -2 2 9 -1 9 -4 2 2 -4 0 -1 0 -2 0 -3 3 -9 0 -3 5 -1 0 4 4 4 -8 3 -3 4 -4 -1 3 -8
L 3 141 0 50 -1 -15 0 -6 -3 -2 0 5 0 -3 2 -7 -4 0 -3 17 -4 -4 -1 1 0 -5 0 -4 -4 -2 8 5 -7 2 5 2 -2 2 -1 4 3 5 -1 1 -4 0 -13 1 3 -13 -3 -1 -9 -3 12 -2 2 10 -11 4 -5 -4 1 -4 -6 -2 0 1 -5 3 3 6 0 -1 0 -1 4 1 -5 -1 10 3 5 5 -1 4 -2 -8 2 0 8 3 -3 0 0 1 6 -3 -19 -2 -3 3 -6 -5 2 -2 1 -2 1 0 -10 3 4 11 10 -3 4 2 8 10 0 -2 -1 0 1 2 1 1 3 2 -2 -1 -8 -5 0 1 -6 -4 15 0 -4 2 -5 1 2 -2 -1 0 1 2 -14 -6 2 2 3 8 -3 -1 -2 4 -1 -5 -1 1 5 9 -2 4 5 5 2 24 4 -5 0 1 12 3 -3 6 6 1 -1 -9 0 -7 3 -1 2 -2 -5 0 -1 5 -2 1 -3 -1 -2 2 -4 6 4 0 2 4 0 4 -4 -3 0 2 0 -1 -2 -2 6 0 1 1 2 1 -7 2 -2 -3 0 -3 1 10 5 2 5 12 -13 9 -3 3 -6 3 7 0 -1 -4 -2 -12 2 1 9 5 -4 4 -14 3 -3 0 0 2 -2 4 -2 2 1 -12 -2 1 0 2 2 3 -1 4 -3 0 -3 -7 0 -4 -4 6 -5 -6 -11 2 -1 -3 0 6 5 -2 -3 2 0 2 -1 -1 3 2 -10 7 -3 -1 10 6 5 1 4 -7 1 1 -1 -3 4 27 -3 -5 -2 4 -14 1 0 0 -6 5 -6 -1 -1 -3 -1 5 -10 -3 5 -1 2 -5 -1 -4 4 -5 13 2 -3 4 -4 -3 -5 -1 4 -2 9 3 0 -3 3 5 2 2 -4 -9 -3 -4 6 -7 -1 -1 -7 10 -2 3 0 -3 -5 -2 8 -1 1 1 -3 2 -1 4 1 1 15 3 2 -4 2 -4 3 -2 -1 5 5 10 3 -2 -3 -1 -6 -4 -10 -4 -1 0 -1 2 -7 3 -3 -1 8 1 -2 -4 1 -8 0 -2 -1 2 -9 -1 5 3 -8 -1 -7 2 1 -8 -6 -2 -2 -2 -3 -1 0 -5 3 -4 2 -2 6 3 -2 -2 -4 -4 -1 -11 -1 2 -3 1 -2 -4 -3 -2 -2 1 2 1 0 0 4 0 -2 -4 -4 -4 9 -1 -15 -7 17 0 -9 6 -7 2 5 -3 0 2 -13 -2 -3 10 5 0 0 3 -1 11 2 -2 -4 -8 -2 5 2 -3 0 -6 4 -4 8 5 0 2 31 5 8 -2 -3 -3 3 -5 1 3 -2 -2 -5 -2 2 -12 -3 -3 -2 2 -2 -1 4 4 8 -6 20 -2 -4 -6 -5 6 1 -1 0 -6 -1 -3 -3 6 1 -9 2 0 -2 -1 -1 2 2 0 0 -1 7 -5 2 5 -7 -1 -5 0 0 1 6 7 2 2 0 -3 0 -8
L 3 142 0 28 1 6 2 -6 4 7 0 -1 0 7 1 2 4 1 5 -10 2 -3 3 0 1 2 -1 0 3 3 -5 -7 5 7 -4 1 3 -4 2 -2 4 -5 0 4 0 1 15 1 -4 0 0 -2 5 0 -9 0 -1 0 -7 -2 9 -3 -1 2 6 2 0 0 0 -1 0 -3 -1 -2 0 2 4 0 4 -1 -6 -2 -2 -1 3 -1 5 9 1 2 -6 0 5 1 -3 4 -2 3 5 2 2 -2 4 6 -2 -3 -2 3 -5 1 11 -8 3 -7 -8 4 -4 -2 -4 -6 -1 4 3 8 -2 0 2 4 0 0 3 -1 2 1 1 2 2 5 -2 -4 5 1 4 0 4 4 2 -2 -1 -4 15 6 -3 -4 -4 -1 4 1 5 -7 2 5 0 -2 -1 -3 3 -12 -1 -4 1 -22 -5 5 1 -3 -1 0 -3 -7 -2 -2 0 -4 5 13 1 2 -4 0 5 7 -4 -5 1 0 1 1 3 -4 3 -9 -1 1 -2 -2 0 -7 1 1 -2 2 -5 -3 -1 3 -8 5 -3 -2 -6 2 1 0 6 1 3 1 -2 -5 -2 2 -4 -4 9 10 5 -3 5 1 -3 -5 13 2 2 -3 -2 0 -3 -2 2 -2 11 1 5 -1 2 0 0 -10 8 1 -11 11 1 -1 1 -7 -1 -1 1 -5 4 1 4 14 -2 7 1 9 10 2 2 -3 3 3 1 3 -14 -3 11 -3 0 -2 4 0 -2 -2 12 -4 4 3 -13 -8 -6 0 -3 -2 0 -7 1 2 -3 -21 -1 -1 -1 -3 13 0 4 0 9 -3 6 -1 0 -4 3 1 6 3 -5 -3 -3 0 1 2 -1 4 1 -2 5 -5 5 2 5 0 0 0 -1 4 1 6 -1 -2 -3 -1 0 2 4 2 2 5 2 0 7 1 2 -7 -1 0 4 -3 -3 3 -2 -1 0 0 0 -2 1 -5 -16 0 -1 -3 3 2 -6 1 3 -3 3 1 -4 2 3 2 6 1 5 -4 1 2 3 2 16 -4 3 0 -10 2 1 1 0 3 -1 1 0 -2 3 0 -7 0 6 -1 -7 4 2 2 2 1 -1 3 0 -9 3 1 -2 1 4 0 -5 6 3 2 0 -2 -3 12 2 -2 5 -2 13 2 -5 -1 -2 2 -1 -1 -1 2 -3 -2 1 8 3 8 -5 0 9 8 -18 -2 2 -4 5 0 -3 -4 -2 2 5 -3 -2 -6 -2 2 -3 8 2 6 1 2 5 10 7 -3 -4 5 3 -5 -3 5 -3 -1 4 -2 -6 0 -2 4 1 3 -3 5 -1 0 -2 3 0 0 -1 2 0 3 4 5 1 4 -2 2 -5 8 -10 1 3 5 -1 -4 2 -3 -2 2 1 2 1 -8 -2 14 6 -1 -1 3 -1 4 4 2 0 3 -4 10 -6 -2 1 0 4 -2 -6 2 -1 2 -4 -1 3 3 1 8
L 3 143 0 9 -1 7 0 2 -3 4 0 -3 -1 1 -3 2 2 2 4 -5 1 -4 -2 1 1 3 0 0 1 1 -10 -6 10 -6 -6 2 1 -5 -1 -2 -2 -3 1 1 1 3 10 2 -3 7 2 -2 4 0 -3 1 -5 6 0 -3 5 5 -1 -4 5 1 -2 -1 1 -1 -4 -7 -2 -2 1 1 -2 0 4 0 -7 -1 -5 -4 3 -1 0 7 -3 0 -7 0 5 3 -1 1 -1 1 19 2 4 -2 2 5 -1 -3 -4 1 0 0 6 1 0 -10 -8 4 -3 -2 -5 -6 3 3 2 -13 -1 0 0 1 2 -2 1 1 -3 1 3 2 4 4 -9 -1 3 0 4 0 -1 1 1 -1 0 -2 8 0 0 -2 -3 -7 3 1 2 -6 0 5 -3 -3 -4 -2 2 -3 0 -7 -1 -19 -2 5 -1 -7 -9 -2 -2 -5 -5 -4 -2 7 -1 3 2 0 -3 1 2 2 2 -3 -2 4 2 1 2 -5 3 -5 -5 2 0 -4 1 2 3 3 1 3 -7 -1 2 2 -8 2 1 0 -4 2 -1 -2 3 0 2 2 -1 -7 -5 -3 -4 -7 14 24 3 -3 3 1 -6 -5 8 1 3 10 -2 0 -4 -1 2 -2 10 2 3 -1 2 0 -1 -4 8 -1 -2 9 -2 -1 0 -7 -2 -3 -1 -4 2 0 0 6 -1 8 5 2 9 1 6 -5 1 4 -2 -2 -2 1 1 -4 2 -2 5 2 -7 -1 7 -3 4 1 -9 -4 -5 1 0 1 -2 -1 2 0 -3 -24 1 3 2 -1 16 -2 1 -1 7 -5 6 2 -2 3 1 -1 7 4 -6 1 -3 6 0 2 -2 5 -2 -2 2 -2 5 4 3 4 -1 0 -12 0 0 3 -1 -3 -1 -2 3 5 1 -1 -2 5 0 -2 7 2 2 -7 1 2 5 -3 -7 2 -3 0 0 -2 2 -5 1 -4 -17 -4 0 -1 0 2 -5 0 3 -4 -3 -15 -4 4 1 2 4 2 15 6 0 2 3 0 13 3 3 0 -5 -1 2 1 1 6 -1 0 -2 -4 8 1 -6 -1 -4 -3 0 6 0 4 2 3 -1 3 1 1 4 -2 -2 2 1 4 -5 -3 1 4 2 5 2 13 2 -2 5 2 3 3 1 4 1 1 -2 0 -1 4 -3 3 3 5 3 0 -4 -1 19 8 -12 -2 5 -5 7 -2 -4 2 -2 0 11 0 3 -6 -2 0 -2 1 -1 -5 1 3 1 8 2 -6 -3 3 2 -2 -5 5 -5 -7 0 -4 -22 -1 -6 1 2 2 -3 6 -2 1 0 0 -1 -1 0 11 1 3 3 1 -1 1 -1 0 -5 5 -11 1 2 8 -2 -9 3 3 0 2 3 2 1 -4 -2 9 3 -2 1 2 0 2 2 0 0 3 -3 7 2 -3 1 0 3 -2 -3 0 -6 -5 -3 -2 2 3 -3 -8
L 3 144 0 37 1 -12 -2 2 -9 -4 -2 3 1 -1 -2 -4 -3 -1 2 8 -2 -2 -2 2 2 -2 0 0 -2 -1 4 4 -3 -4 6 0 -2 0 0 3 -3 0 -2 0 -1 0 -8 -1 2 -5 -1 1 -7 -5 12 0 1 -3 6 4 -10 -2 1 -6 -4 0 4 2 -3 3 8 11 0 2 1 -3 -5 -2 -3 0 1 0 5 -1 -2 0 -4 -3 0 0 4 2 -4 -2 3 -2 3 -1 0 -2 0 1 -2 -4 3 1 -2 -3 1 0 -8 5 -1 8 10 -4 2 3 6 3 2 -3 -1 -6 1 0 -4 -5 2 0 -2 1 -5 -3 0 -2 -5 -5 1 2 -5 -1 -4 1 0 -4 -2 3 2 0 -6 -6 0 2 3 3 -1 -7 -6 4 -1 -3 -2 3 3 6 -4 10 0 4 0 17 4 -6 -3 5 6 1 1 6 1 0 0 2 -2 -8 3 -1 4 0 -6 -4 4 2 -2 4 -3 -1 -2 -2 -1 13 2 5 2 5 1 10 -5 0 5 1 -6 0 0 -3 7 0 -1 3 4 -1 -2 2 -3 1 -1 0 1 4 3 -2 0 5 -8 8 -5 4 -3 2 6 -3 -10 -3 -5 -3 1 2 3 2 -3 -1 -6 2 -4 -2 -4 1 1 4 0 1 4 -21 -5 1 -2 4 2 0 0 3 -3 3 -2 -5 5 -6 0 -1 -4 0 -7 3 4 -1 -1 0 14 7 -11 1 2 1 0 3 -2 3 -7 4 -8 -1 5 11 1 1 3 -4 -1 2 -5 -1 2 24 -3 -1 -1 0 -7 -2 -1 2 0 6 -6 -3 -2 -1 0 -1 -4 -2 5 1 4 -3 -4 -5 2 -3 2 2 -2 6 -2 -3 -2 6 -2 0 -7 -1 0 -4 2 0 5 3 -3 -3 -1 -1 1 -9 -1 2 -9 0 -3 5 0 -3 -8 4 1 1 5 2 -3 -3 0 2 -4 0 4 0 0 6 -5 -2 3 -2 1 4 0 0 2 1 -3 -2 -5 -2 -9 8 -1 0 -2 -2 -9 0 2 -1 9 0 -1 -1 -1 -5 1 -2 -1 -3 -2 0 4 1 -13 0 -4 -3 -3 -1 -4 1 1 -2 -1 -4 5 -1 1 1 0 4 7 -1 0 0 2 -3 0 -12 -1 2 -4 2 0 -1 -1 1 0 -1 3 2 -1 -1 2 0 1 -4 -4 -4 3 -2 -7 1 19 2 -2 1 -3 1 1 3 1 1 -12 5 -1 2 1 1 1 -1 -1 -5 -1 -5 -1 -11 -3 3 3 -4 0 4 5 -2 7 3 -1 2 0 1 3 -5 -1 -2 1 -1 0 1 1 -5 -2 3 3 7 -1 -2 -2 3 -2 -2 1 3 2 -4 14 -2 -2 1 -1 4 -1 0 4 -2 2 -3 0 2 0 -1 -1 -1 -2 -3 2 -3 -3 -2 1 -3 6 -11 10 1 -1 1 -2 2 2 0 -2 5 -1 4 -3 -2 1 8
L 3 145 0 45 1 -4 0 -1 1 -4 -1 4 0 -1 -1 2 -6 -3 0 1 -1 4 2 -1 0 -2 2 -2 -2 -3 6 5 -4 8 3 1 -2 2 0 3 0 -1 0 1 -2 -1 -5 -4 0 -7 -2 1 -4 -3 8 3 1 -10 1 4 -5 3 -1 -4 -3 1 0 3 -2 2 3 4 -1 -1 0 -1 -2 1 -3 -2 2 3 5 3 0 0 -2 -5 1 0 3 3 -3 0 2 -1 7 0 -13 -1 0 2 0 -2 8 2 0 -1 0 2 -3 2 2 5 1 -3 2 3 3 0 1 -1 -1 -7 -1 0 0 0 -1 2 -2 -2 -8 -3 0 -4 -2 -4 1 -1 -3 -3 -3 1 2 -3 -3 0 3 0 -3 -3 2 2 4 0 1 -5 -3 1 3 -2 5 2 4 4 -1 8 0 6 0 13 3 -2 -1 4 -4 5 0 4 3 2 -1 -12 0 -2 -1 1 4 -1 -5 -1 8 0 0 2 -3 -1 -3 2 1 6 2 5 -1 5 -1 9 -2 -3 2 -1 -6 1 -1 -1 4 -2 -1 2 2 -1 0 1 -1 -1 -3 1 2 2 2 1 0 5 -11 -3 -2 0 -4 1 4 -7 1 -3 -2 -7 2 0 4 1 -4 1 -5 -3 -1 -1 -2 3 3 5 -5 4 11 -11 1 2 -3 2 4 -1 -3 3 -2 1 0 -1 2 -7 -4 -2 -4 0 4 3 4 1 1 6 5 1 4 1 1 2 1 3 -3 3 -7 4 -4 2 7 7 0 2 1 -2 -1 0 -2 0 1 28 0 -2 -2 0 -10 -1 2 3 -2 2 -4 -5 0 0 -5 1 -3 -1 3 -1 1 -4 1 -4 0 -2 4 3 -2 4 -3 -4 0 -1 0 3 2 -3 1 0 2 3 3 2 -5 -5 1 0 1 -6 1 3 -2 4 -2 6 0 -5 -4 5 5 -4 5 -1 1 0 -2 1 -1 0 11 1 -1 5 -4 -2 1 -1 1 2 0 2 3 0 1 -1 -5 -4 -12 -1 1 -2 -1 -1 -6 2 9 1 5 2 -2 0 0 1 2 -1 5 -9 -7 3 3 -1 -3 0 -12 -1 -2 -2 -3 -3 1 -3 -1 -3 0 -1 2 0 0 1 4 0 -1 -1 0 -10 -1 -12 1 1 -4 -3 5 -2 0 -1 3 -2 1 1 2 1 2 -4 0 -3 -1 -4 1 -1 -17 -6 9 2 -9 2 -5 1 0 2 -2 2 -6 1 -3 1 1 0 -3 -4 4 -2 -1 -3 -2 -7 -4 4 0 -2 0 -1 1 -2 6 4 0 4 6 1 2 -1 -1 -1 0 -2 -1 -4 0 -1 3 0 3 -6 -1 -2 -2 9 -1 -1 3 4 1 -4 8 -1 0 -4 6 3 -1 -3 1 -1 -3 -1 2 5 -1 6 1 2 0 0 1 -2 1 -1 0 -2 2 -4 4 0 0 -2 0 2 3 0 2 4 -1 7 -2 -4 1 8
L 3 146 0 36 1 -7 -2 0 -6 2 -1 -2 0 -5 2 0 4 7 4 -1 4 -9 -3 6 5 5 1 -3 2 -6 -2 -8 7 -7 -4 5 -4 -4 -4 -5 -2 1 1 -2 6 3 2 -4 0 4 5 1 -1 -1 4 0 -5 -2 14 1 -2 2 1 -9 1 2 -3 0 -2 -2 -1 6 -2 -4 2 -4 0 0 5 3 3 0 -4 -3 3 2 0 4 -7 -1 0 -1 4 4 6 -2 -8 -2 22 -1 0 0 2 3 -3 -3 -7 2 2 -4 5 1 -3 -3 -5 2 -4 1 1 7 2 1 5 -29 1 2 -4 -1 6 0 -1 3 -4 -2 0 2 1 2 -9 3 1 1 2 -1 -1 3 0 4 4 2 9 -3 -2 -3 -2 -3 2 -3 0 2 -2 5 -6 1 -3 -2 4 3 0 -4 0 -5 0 0 -2 -3 10 -2 -3 -2 -6 0 -2 5 -3 -3 2 -3 0 8 2 0 -4 -6 0 4 2 0 3 -11 0 8 -5 12 1 2 -1 -1 0 5 5 3 -9 -2 0 3 -7 3 1 3 -3 0 -3 3 -1 -1 -1 -3 -3 -2 -1 -5 -7 -8 2 24 -2 3 1 5 2 -3 8 2 -1 7 -3 2 -4 0 5 -2 12 4 1 3 0 0 -3 -10 13 -4 7 1 -8 -1 -2 -3 0 2 -3 -1 1 2 -2 6 -2 -4 4 4 7 2 -3 -3 8 3 -2 0 -6 2 -7 -3 5 0 6 -2 6 1 5 -3 1 -4 -11 0 0 1 0 -2 -2 1 0 1 -4 -9 0 -1 2 -1 11 -1 2 3 12 -3 3 -2 -4 -3 1 -3 1 4 -4 -1 0 -1 -3 1 -1 5 -3 0 2 -2 5 -2 6 12 2 2 -12 -5 1 -1 -1 6 5 2 0 5 -2 -3 -5 -1 -2 2 -2 -2 0 -5 3 1 -5 -1 -7 -5 -3 0 -1 -5 0 -8 -3 -3 -13 -5 0 1 -2 -1 -2 -1 2 1 0 -2 -2 1 -2 -3 2 0 -12 12 1 5 0 -2 5 -4 6 -1 -1 -2 3 3 -1 2 1 -1 -6 0 5 -4 1 -1 -10 -5 -3 5 -2 -2 -1 3 -6 -3 -1 -10 4 2 -6 4 1 4 -1 9 1 6 5 5 1 9 -4 -1 3 2 7 2 -3 7 -2 0 1 5 2 2 -5 -1 1 6 -3 0 -1 -2 11 9 -1 -2 5 -3 2 -3 -3 1 -2 3 11 1 0 -2 -3 -2 -3 0 0 -4 2 -3 2 1 2 -5 -6 -1 -3 3 2 6 -4 -2 0 -2 -20 -2 -5 0 -2 1 -5 6 1 1 -1 -4 -2 -3 0 6 1 3 2 2 -4 4 2 1 -5 1 -11 -2 -2 4 -3 -2 2 0 1 8 7 0 1 -12 2 -3 1 -4 -2 -1 0 0 -2 -1 1 3 -4 -4 2 -2 0 0 1 -3 -3 -2 -3 -5 0 1 3 0 -1 8
L 3 147 0 26 1 1 -2 0 7 3 -1 -1 -2 3 -1 2 6 3 3 0 0 -3 -2 2 2 -1 -2 -2 1 0 -1 -7 3 1 -5 -1 0 -4 1 -4 3 0 -3 0 -1 2 5 6 -1 2 -1 -1 3 7 -11 -6 -2 18 -17 -6 6 -1 0 2 1 -2 -1 -2 5 -1 -9 -9 2 -3 1 2 2 -3 -1 0 -1 -3 -4 2 0 2 1 7 -1 1 -6 -3 5 4 -2 1 -5 1 -3 -2 -1 -1 -2 0 -3 1 -2 0 0 -3 6 -3 -1 -4 -6 3 -1 -3 1 -6 0 4 3 -3 0 0 1 0 0 -4 2 3 15 2 1 5 2 4 5 -1 7 5 5 2 3 5 2 -3 -5 1 4 0 -3 -3 -3 -2 1 4 5 -5 -1 3 -6 -6 0 -4 -1 0 2 -3 -2 -6 0 2 0 -6 -4 -9 2 -5 -1 -2 -1 11 -3 -1 4 0 -4 -1 2 2 -14 0 -4 -1 4 3 1 -4 -3 -5 -2 -1 0 -7 -2 -11 4 2 -6 -1 10 1 2 2 0 -1 -1 -1 -3 4 3 -3 3 1 1 2 -3 -2 -3 0 -2 -4 13 8 4 -7 -1 -1 -2 -2 2 2 2 3 -4 1 -3 3 1 1 3 2 4 -4 2 2 -4 -7 6 -1 -4 2 3 0 3 -2 -2 -1 1 -1 0 -4 -1 -2 -2 7 4 5 5 -2 1 -4 -2 3 2 -3 -8 -4 5 -2 -3 0 -1 -1 1 -2 0 -3 4 2 -2 -11 2 -1 2 3 -1 -5 4 2 1 -17 0 3 -1 -2 22 -1 1 0 4 -2 3 6 0 0 1 -2 2 1 -1 -4 -2 6 2 0 -2 5 2 -2 4 -4 3 1 -3 -2 3 -1 -3 0 0 2 0 -2 0 -1 1 4 -2 -2 1 4 1 -2 2 8 2 -7 0 5 9 -4 -4 8 -7 1 0 15 2 4 4 2 1 -1 0 -6 7 1 -4 -1 1 -1 -1 -2 -5 3 2 4 -8 1 9 -7 0 3 2 0 17 -3 -6 -1 -8 -2 2 1 1 1 -3 2 -7 7 4 -2 -4 2 5 1 5 1 0 5 1 4 -2 4 -2 6 -2 0 1 0 2 -3 -8 8 2 -1 -2 3 -3 14 0 0 6 4 -5 1 -2 -1 -4 2 -2 2 -3 3 -1 5 3 6 1 1 -2 -1 5 14 -14 -3 12 0 1 -3 -2 -5 -2 4 -1 2 3 -6 -1 4 0 11 -1 13 1 5 -3 5 3 1 -3 2 -1 -11 -3 1 -6 -9 -1 -2 -17 1 -1 1 0 5 4 0 1 5 -4 1 -4 0 -1 -1 2 -3 3 -6 4 2 1 -5 -6 3 -1 2 2 1 0 -8 -3 2 -1 3 2 0 0 -4 -2 2 2 -2 1 0 0 8 2 0 -2 1 -3 4 -6 0 0 1 0 0 -6 -2 3 -5 5 -1 2 0 -4 8
L 3 148 0 51 -1 -8 -1 -9 2 4 0 0 2 -2 2 -1 4 8 -1 1 0 -10 -1 5 2 -3 0 -8 1 -5 4 -6 2 -4 -3 2 -4 -2 -2 -3 4 1 0 0 1 2 5 -2 -2 2 2 0 -1 3 7 2 -2 12 -2 0 0 0 3 -2 -2 0 -4 0 0 -3 -9 1 0 -2 -1 -2 5 0 5 0 7 2 -3 -2 0 4 3 2 -1 0 1 -3 4 1 6 4 -7 -1 7 0 -3 2 -1 0 -5 -4 -2 2 0 -5 5 -1 -3 -1 -6 3 -2 -1 0 10 -2 1 3 -20 1 0 3 1 5 -4 1 1 -2 -2 0 4 3 2 7 -1 2 3 2 -2 0 2 3 5 0 2 -1 -3 -1 -2 -5 2 1 2 3 2 -1 2 -5 1 -1 0 8 -1 4 -3 -2 -7 -3 1 1 -7 12 -3 -1 -1 -1 1 -1 -6 -2 1 1 -1 -4 5 5 6 -12 -5 -1 1 0 2 2 -4 1 -7 0 4 -1 2 -3 -8 0 2 -2 5 -1 -3 2 2 -12 0 0 0 0 -1 -7 1 3 -1 1 -3 -1 4 -1 -4 -2 -4 1 16 3 0 0 2 1 2 16 -1 0 -1 -2 0 -2 -1 3 -1 8 -1 5 1 3 2 -5 -3 10 -3 8 8 -2 -2 0 -2 0 3 -4 1 1 -1 1 5 -4 2 0 9 2 -2 -6 -4 2 0 1 2 -12 -7 1 0 1 1 3 -2 9 0 4 -3 7 -5 -4 -5 0 -2 0 0 1 -6 2 0 0 -6 1 -1 1 2 3 3 4 1 3 -2 4 0 0 -1 5 6 -4 3 -3 -4 1 -4 0 2 0 1 2 -1 1 -4 1 0 1 3 4 2 5 -3 -2 0 -1 2 2 3 2 2 0 -2 0 3 -2 -1 2 3 2 -4 2 1 -1 -6 0 -2 -4 0 3 3 0 -3 -2 -1 -3 2 1 -4 2 -1 -1 -1 0 2 2 8 -1 0 -1 -1 5 3 -10 -6 2 3 1 3 7 -5 -3 -1 -4 1 1 2 0 2 0 2 -1 3 -3 -3 -1 -1 -2 -4 -2 10 3 -1 0 1 -4 -2 -1 -1 -5 0 -3 0 3 -2 -2 9 0 2 2 1 -2 10 -3 1 5 1 2 0 -5 4 -2 1 1 7 3 1 -2 -2 -1 5 -1 3 3 2 4 1 -8 -1 2 1 1 -1 0 -4 -2 5 8 -4 -3 1 0 -3 0 10 1 10 4 0 4 6 1 -2 -6 1 -2 -8 1 3 -5 2 -1 0 -4 1 0 3 -1 1 -2 5 2 1 -4 0 -2 -3 -3 -12 1 3 0 3 -1 3 4 2 -1 3 -10 -1 -2 -5 -6 3 1 -2 -2 6 1 -2 -2 -8 3 -6 1 -1 1 1 -4 3 3 1 2 3 -3 4 -4 1 -4 0 1 -2 -5 -2 4 -2 4 -3 5 2 -2 -8
L 3 149 0 48 -1 -14 -3 1 0 -2 0 2 0 0 0 2 -7 -2 -1 2 -3 10 2 -2 0 -3 -3 -2 -1 -3 11 8 -9 11 5 -2 -4 3 0 4 -1 2 -3 -4 -2 -3 -8 -3 2 -10 -2 6 -4 2 8 -3 2 -7 7 3 -5 -3 0 4 -3 -1 5 0 1 0 2 3 1 -2 0 1 -2 1 -5 -1 7 2 4 5 1 2 -3 -6 0 -1 6 1 -2 2 4 -2 4 0 -22 -3 -1 1 -1 -5 0 1 6 -2 1 -3 4 -6 -2 8 4 -1 1 2 6 0 -1 -5 -2 13 0 -1 -2 -2 -3 1 -1 2 -3 2 -3 -2 1 -6 5 3 -1 -2 -3 0 6 5 -3 -3 -3 -1 -2 -4 0 2 4 8 2 -5 -2 4 0 -3 -1 3 4 0 -2 11 1 7 2 15 2 -7 -1 6 6 3 2 5 7 3 1 -3 -1 1 -1 1 4 -3 -1 -1 4 3 2 -1 -3 0 -4 2 0 17 4 14 0 -1 0 1 0 -3 1 0 4 3 -1 -1 2 -4 -1 0 3 -1 5 -1 -3 1 -2 -2 0 7 7 3 5 8 -12 -5 -2 -3 1 3 9 3 -9 -6 -3 -10 -1 1 5 3 -2 0 -9 -1 0 -3 -1 1 -2 -1 -5 2 14 -19 3 1 3 5 0 1 2 2 -2 3 -1 -8 2 -8 -3 -1 -4 0 -5 4 7 -2 -1 5 7 -2 -2 3 -2 2 -3 -2 -12 2 -8 3 -3 4 -1 9 4 5 1 -1 0 2 -3 -1 2 17 2 -1 -4 2 -4 0 -1 0 3 4 -7 -2 1 -6 -5 -2 -7 -5 8 -3 2 -5 2 -3 -2 -3 3 2 -3 3 -4 -5 -3 -2 3 -3 2 -3 0 -4 4 6 4 -1 -3 -7 0 0 2 -8 -2 1 -10 -1 -1 8 3 0 -1 2 7 -3 4 -2 -1 -1 -2 8 0 1 15 2 0 -2 0 -2 1 -1 1 2 0 20 1 -3 -4 -1 -4 -3 -7 1 -4 -4 -4 -1 -6 -2 1 4 4 2 -1 -1 0 -9 -2 0 0 -7 -9 3 6 1 1 0 -6 6 1 -3 -2 -2 1 -2 -3 -1 -12 3 2 -2 -1 2 5 2 1 -4 -1 -4 -4 -9 -1 0 -7 0 -8 -1 -3 -3 1 0 1 -1 0 -4 3 -1 -2 -2 -1 -2 4 0 -31 10 2 0 -2 9 -6 0 5 -1 -1 0 -13 3 -2 3 0 6 -3 9 2 3 2 -2 3 -12 -3 3 1 -2 -3 -1 4 -4 7 5 -2 4 12 3 4 -1 -1 -1 2 -5 3 4 -3 -2 0 2 1 -18 -1 -1 -3 2 4 -1 1 -2 7 -6 7 -2 -1 -7 12 7 -4 -5 1 -1 -2 -2 1 -1 -2 -6 3 3 0 -4 0 0 0 -1 2 -2 5 -3 -6 0 4 -1 -2 3 3 1 1 4 3 3 -3 -4 3 -8
L 3 150 0 52 -1 0 1 0 7 -4 1 3 0 2 -1 0 -5 -3 -8 3 -5 7 3 -3 -4 -8 -2 -4 -4 3 7 12 -8 6 3 -2 2 4 0 3 3 2 0 -2 -6 -2 -5 0 2 -6 -4 1 0 1 2 0 6 0 -3 3 -1 3 1 9 -3 -3 2 1 1 -1 -6 -2 -1 2 -3 1 -1 2 -6 -4 5 5 5 5 -4 0 0 -5 6 0 5 0 -3 1 -1 3 7 2 -29 1 -3 3 -4 -5 4 1 8 -1 3 2 -5 -2 0 6 1 -2 5 1 2 2 -4 -2 -4 4 1 -3 3 0 -1 0 0 -2 -3 0 -1 -2 1 -4 10 0 -3 -1 -3 -2 0 -1 -2 1 1 0 -16 -2 5 5 1 6 -1 2 -2 2 2 -5 7 2 6 2 2 1 2 6 2 17 1 -3 3 6 -1 3 2 8 7 4 1 -12 2 0 -3 1 1 -4 -1 1 3 5 1 -2 -2 1 -3 11 1 -1 6 -2 -2 3 -4 0 -1 -5 -2 -2 11 2 1 -1 1 -4 -2 -1 5 -2 2 -2 1 -1 1 0 3 4 2 3 6 7 -9 -24 1 -2 -3 -2 2 4 2 -2 1 -10 0 -2 5 -1 -5 1 -14 -6 0 -2 2 3 1 9 -12 3 10 -2 7 0 1 4 1 0 0 3 1 -2 2 -10 1 -4 -6 -2 -10 -4 1 4 -4 -3 0 1 3 -5 4 2 -5 2 -7 0 -5 1 -8 4 -1 2 13 3 2 0 2 1 4 -1 -2 -2 2 23 1 0 -1 2 -18 5 0 -1 -6 2 -3 -1 5 6 -2 4 -7 -4 4 0 2 -3 4 -1 1 -7 0 4 -4 4 -8 -2 -5 -9 1 0 18 0 -2 1 2 0 1 0 -3 -8 4 1 1 -2 0 -2 -2 -2 1 7 1 0 0 0 5 -4 3 -2 3 3 -3 8 3 2 23 6 -1 -4 1 -2 2 0 -2 2 1 13 2 -4 2 1 -4 -2 -2 -10 -2 -4 -3 2 -9 4 -1 0 4 2 -4 -3 -1 -2 0 0 7 -3 -15 1 5 0 8 3 0 -2 4 -3 0 -5 4 -3 -2 15 -11 2 4 -5 -1 -3 2 -2 -1 -3 -4 -7 1 -10 2 2 -3 -2 -11 -3 1 -4 2 0 1 0 2 -1 5 -4 -3 -6 1 -3 3 3 -24 -6 2 2 -3 7 -4 1 3 -1 -2 -1 -5 -3 -4 4 2 2 0 1 2 3 1 -1 0 -2 -3 5 4 0 0 -4 2 -6 3 6 1 4 30 4 5 1 0 -3 5 -5 0 -1 2 3 5 -1 0 -19 0 -3 -4 4 2 -3 1 0 6 -3 5 0 1 -8 7 3 -3 -3 -1 -5 -7 1 -1 6 -2 -8 1 5 1 0 1 -2 0 1 0 -2 4 6 -3 3 -1 0 -3 2 4 -1 9 3 4 -1 -2 -2 1 -8
L 3 151 0 11 -1 9 3 -3 -4 2 1 -3 0 -1 -1 3 3 2 1 -8 2 -1 1 1 1 7 2 2 3 3 -5 -7 9 -4 -5 3 4 -3 -2 0 -4 -3 3 6 5 1 11 1 -2 8 1 -2 8 -1 -3 3 -2 -7 11 -4 4 4 0 -1 5 2 -5 1 0 0 1 2 -1 0 2 -1 0 2 6 1 -7 -1 -4 -5 3 -4 4 5 -1 1 -6 0 4 -1 0 1 -1 0 28 4 2 0 4 6 -5 -1 -4 2 -3 2 6 1 0 -9 -6 2 -3 -1 -7 -5 1 4 0 3 1 1 3 1 0 1 3 0 -5 1 1 2 3 4 -13 -1 2 -2 3 -1 -3 1 3 1 2 -2 16 6 -1 -2 -2 -7 2 2 0 -2 1 4 4 0 -6 -1 1 -9 0 -4 0 -26 -3 7 -2 -4 2 -1 -2 -8 -4 -3 -1 -4 2 10 -2 -3 -1 4 5 1 5 -5 4 -2 2 -1 4 -1 4 -9 -3 -4 1 0 2 1 3 2 2 4 -10 -2 1 4 -8 6 1 -1 -4 1 -4 0 3 -2 1 0 -1 -7 -3 -2 -2 -7 8 9 4 4 4 0 -7 -1 6 5 4 10 3 0 -5 -5 5 0 15 4 1 2 1 -2 1 -2 6 -1 -6 17 -4 -2 -1 -6 -2 -2 -1 -2 2 4 0 16 -2 6 3 -1 8 4 4 -2 1 2 -3 -1 -4 0 3 -3 3 -4 5 1 2 -1 11 -2 4 1 -12 -5 -7 1 -3 3 -2 0 0 0 -3 -29 1 -1 5 -1 3 -1 0 -1 0 -5 5 2 -1 0 5 1 7 3 -7 2 -5 2 -1 5 0 7 -8 -2 1 -3 6 4 7 5 -4 2 -8 3 -1 4 -3 -4 -3 0 6 4 2 3 -1 6 1 0 7 -7 3 -7 -3 -2 -2 -3 0 -4 0 -2 0 -9 1 -7 -1 -2 -28 -4 -2 0 -2 2 -3 2 3 -3 2 -8 -1 1 2 0 12 3 7 5 2 0 1 1 4 -3 2 1 -6 -3 2 1 -2 3 0 -1 1 1 12 2 -6 -2 3 -1 2 4 0 4 1 2 -2 0 4 -11 4 0 -3 2 1 3 -4 -7 2 3 2 1 2 7 -2 -1 2 0 13 2 0 3 1 0 -3 -2 -2 2 -2 -2 0 3 2 5 -7 1 20 -9 -9 0 -2 -6 6 0 -2 3 0 -3 16 -2 1 -2 -1 -6 -1 -8 -2 -10 -1 2 6 9 3 -6 -1 2 3 3 -3 6 -3 -4 0 -3 -5 -2 -5 3 -1 -1 -6 7 -3 -4 2 1 2 -2 3 10 0 4 4 2 -3 1 -5 0 -2 7 -21 0 1 8 -7 -4 4 0 0 9 3 1 1 -6 2 9 0 -1 1 2 -1 0 -1 -1 -1 3 -6 3 -1 -2 1 2 6 -2 0 0 -9 -1 -7 -5 1 4 0 -8
L 3 152 0 43 1 -9 -2 5 4 -4 -1 3 0 1 -1 -1 -3 -4 0 7 -4 2 0 0 0 -4 -2 -1 -4 -3 5 6 -7 3 3 -1 -3 3 2 2 2 4 -2 -5 -4 -1 -14 -2 3 -4 -1 2 -7 0 4 -2 1 3 -6 3 -5 1 0 -2 -5 -1 4 0 0 2 -1 -2 0 0 0 -1 -2 -2 -7 -1 5 1 6 4 -4 2 -4 -5 1 -1 6 -1 -3 2 0 0 2 0 -20 -3 -2 1 -3 -6 6 1 2 -2 4 -1 -7 2 -1 8 4 -4 4 2 6 5 2 -3 1 -14 -1 -1 -4 -2 1 0 -2 1 1 -1 0 -3 -3 -4 7 0 -2 0 -2 1 1 -2 -3 0 0 2 -11 -7 1 3 3 1 -1 -2 -2 2 0 -5 -1 -1 6 1 -2 17 0 4 0 26 4 -6 0 4 -7 1 2 8 3 1 0 7 -3 -11 2 2 2 -4 -7 -3 -1 3 -3 3 -1 0 -3 0 -4 9 2 4 1 1 -2 4 -2 -2 -1 -5 4 3 -1 -4 11 -6 0 2 4 -1 4 0 -2 1 0 0 2 7 2 1 0 6 -6 -9 -4 -4 -6 0 6 -4 -10 -3 -3 -5 -1 0 5 4 -5 1 -13 -5 -1 -4 -2 5 0 4 -8 2 11 -19 3 2 1 7 3 -1 1 2 -2 -3 -1 -13 2 -7 -2 -3 -11 -3 3 3 0 -1 2 1 9 4 -4 1 -1 4 -3 1 -1 3 -12 3 -6 -1 13 4 5 -1 4 -1 0 2 -1 0 3 34 0 1 -3 0 -3 -2 0 3 -4 5 -5 -4 1 5 -5 0 -5 -3 7 -1 4 0 1 -6 0 -5 5 3 -3 4 -6 -3 -6 -5 3 1 5 -3 1 -3 2 3 4 1 -6 -2 -2 -2 0 -6 1 0 -7 7 -2 5 1 1 1 5 -1 1 2 1 1 5 0 4 1 3 25 3 2 3 0 0 4 -3 -2 2 -2 1 1 1 -1 1 -12 -3 -8 -2 0 -2 -1 -4 -4 4 1 -1 8 1 -2 -1 2 -1 2 1 -1 -4 -10 1 6 1 -4 0 1 -3 -2 -2 -2 0 2 -2 -4 12 -4 -1 4 -2 -2 0 4 3 -2 -4 -1 -3 0 -8 2 1 -2 -1 -11 -2 1 -1 0 -1 4 1 1 0 2 1 1 -5 -2 -7 6 -1 -18 1 12 1 -4 4 -7 0 0 1 -1 3 -12 1 2 3 1 4 0 2 3 4 0 -2 -7 -8 -5 5 0 -2 -2 -3 2 -4 3 1 -1 2 -2 3 3 -5 0 -1 5 -5 1 2 0 -1 0 1 -1 -7 -1 -4 -4 3 -1 -2 5 2 -2 -7 19 0 -1 -11 7 2 -4 0 1 -7 -3 -2 0 8 -1 -6 -4 1 0 -2 2 -1 1 0 -1 -3 4 -6 4 1 -1 -1 -5 2 1 -1 6 0 4 6 -1 -5 -2 8
L 3 153 0 16 1 13 3 0 2 4 1 -2 1 3 1 -4 8 3 0 0 4 -10 -1 1 0 2 2 1 3 5 -10 -5 6 -11 -3 2 4 -3 1 -4 2 -2 2 3 0 4 10 5 -1 5 1 -6 3 0 -9 0 0 13 -12 -1 5 -3 1 1 3 0 -4 -1 -2 -2 -5 -1 -1 3 1 1 4 -1 4 0 -3 -2 -5 -4 -2 0 2 7 0 1 -5 -1 2 -2 -4 3 -4 0 11 2 1 -1 -1 4 1 -1 -4 2 -1 2 -4 1 2 -7 -1 4 -1 -2 -4 0 -1 5 2 -1 0 1 3 3 2 -3 1 -2 8 -1 2 3 -1 5 1 -3 2 3 4 1 -4 -2 2 2 0 2 -2 4 0 -2 -5 0 -3 6 3 -5 -1 4 -2 0 -2 -1 1 -21 0 -6 0 -13 -2 5 2 -7 0 -3 -1 -5 -5 -1 0 -1 1 0 1 -1 -4 3 3 2 -8 1 -1 -1 2 0 4 -2 -1 -15 -1 -14 -1 -1 -1 -6 0 2 -2 1 1 -4 1 1 -5 6 0 -1 -2 3 -6 1 3 1 3 0 -1 -7 -5 -1 -3 -5 10 5 1 2 0 -3 -7 2 13 3 2 6 -1 -1 -2 -2 2 0 6 2 0 3 1 -1 1 -3 11 -2 -18 22 -1 0 -2 -5 -1 2 0 -3 2 -4 2 5 -3 10 2 6 6 -1 -4 -5 -8 1 2 -5 -10 -2 3 -2 1 -2 3 0 10 -4 9 -3 3 -3 -1 -8 -2 -4 -1 0 1 -4 4 -1 -3 -23 -3 0 3 0 5 1 1 -2 0 -4 7 5 1 2 6 2 4 4 -6 1 -2 3 0 3 3 2 0 -3 4 -3 4 4 1 3 -3 1 2 6 -1 5 -3 -5 -4 0 3 4 0 0 0 8 0 -1 8 2 1 -8 -2 1 1 -5 -5 9 -5 1 1 4 2 -1 1 0 -11 -2 -1 -3 3 -1 -3 1 -2 -1 3 -11 -2 2 4 2 3 4 11 -5 3 4 4 3 8 2 -5 -5 -7 -2 1 -1 -1 3 0 1 0 9 5 -6 -5 1 3 2 4 -7 3 2 2 1 0 4 1 0 11 -5 -2 2 2 -3 -6 3 0 4 -1 3 2 11 0 0 7 1 8 -1 0 0 -3 2 -1 2 0 2 -1 1 1 4 2 3 -3 2 27 1 -6 -1 7 -7 5 -1 -3 -4 0 0 8 -1 0 -3 0 -5 2 0 -2 3 0 3 -1 10 5 -1 0 2 2 1 -3 1 -7 -5 3 -5 -2 -3 -3 2 1 3 -1 3 -2 -1 1 2 -2 -1 -4 15 2 -1 3 -8 -1 1 -2 1 -3 5 -1 2 2 11 -13 -5 4 4 -3 0 1 1 -2 -3 0 3 2 -2 0 5 -1 3 1 2 -1 2 -3 7 2 1 -4 1 2 -3 -4 -2 1 -1 0 -4 3 4 -3 8
L 3 154 0 4 -1 8 1 0 5 -4 0 2 -1 2 -3 2 -5 -7 -2 -1 -5 9 4 -5 -5 -4 0 4 -5 5 2 5 -3 7 3 -4 3 5 2 4 0 0 0 3 -3 -3 -5 1 -1 2 -4 -1 2 -1 -2 3 4 -3 -9 -3 2 4 -1 4 -1 -1 1 1 3 3 3 -8 2 4 -3 2 -3 1 -4 -1 -7 0 5 2 -2 -4 0 -5 7 1 -1 1 -4 -5 -6 2 8 1 -10 2 1 0 0 -1 3 2 5 -2 -2 5 -5 4 2 3 2 -4 3 0 -3 -7 -1 -1 -4 17 -2 -3 2 0 -4 1 1 -4 0 1 1 -2 -1 -1 3 -3 -3 -3 -3 0 -1 -7 0 -3 -1 -3 -5 3 2 3 2 -4 -1 2 -2 -1 2 -7 9 -2 1 1 -3 6 -1 3 -2 4 0 3 0 4 -16 2 2 2 4 -1 1 0 3 2 -3 3 0 -7 -4 -1 8 3 0 -4 -1 1 -3 11 0 -9 2 -13 -1 0 1 5 0 -4 -4 -4 3 3 -1 -3 11 -5 0 -2 2 -1 5 -2 1 -1 1 4 4 1 -1 4 4 7 1 -24 2 -2 -2 -5 -4 -3 -12 1 2 -3 5 -2 2 0 -3 2 -8 -6 0 -3 -1 1 4 15 -19 5 -3 -4 5 1 0 3 1 -5 2 2 -2 -1 2 -4 2 2 -3 -9 -10 -1 12 4 -7 -2 0 0 10 2 7 2 -4 0 -7 4 -4 0 -7 3 -1 3 13 -1 -2 -2 0 4 1 1 -1 0 4 14 2 0 -2 -1 -12 -2 -2 -1 -15 4 -2 -1 3 6 -2 4 2 -4 2 2 0 3 2 -1 1 -4 -1 1 -4 2 -5 3 -3 -12 -2 0 8 3 0 0 1 -6 -4 -1 0 -4 2 2 3 1 4 -2 4 2 0 4 -4 -1 3 5 3 0 4 2 2 2 0 2 3 2 10 5 0 4 -1 3 3 0 -1 -3 -3 -6 3 1 1 2 -2 0 8 -7 0 -6 1 1 -5 4 -1 1 4 3 -3 -2 2 4 1 1 6 -3 -1 7 -1 0 7 4 5 -5 -2 2 1 -2 5 0 3 11 -3 0 7 -3 -3 -3 1 -15 -1 -5 -4 -5 1 -11 5 1 -3 -3 -6 0 6 -5 4 -2 -1 -6 -2 0 3 0 0 -9 2 -1 0 1 -8 -19 6 2 -10 1 -1 4 2 4 2 -3 -5 -3 3 2 2 1 3 -8 -1 -1 -3 2 -3 2 -4 3 5 1 3 -4 -4 -3 4 2 -1 2 10 2 3 0 1 -3 4 -4 -3 -4 3 4 4 2 3 -3 -1 -2 -3 3 2 -5 -1 -2 1 0 6 2 1 -9 3 -1 -2 0 1 -6 -6 1 0 16 0 5 -6 3 3 0 0 -2 1 0 -2 -3 3 0 3 0 0 -1 -1 3 4 2 1 2 -3 1 -3 1 0 -8
L 3 155 0 7 -1 11 2 0 -3 2 -2 -5 0 2 -2 4 5 2 5 -6 3 -2 -2 2 1 5 -2 1 3 0 -9 -10 7 4 -6 0 3 -2 1 -3 -4 -2 1 1 5 2 7 1 -2 8 0 -1 1 2 -13 -1 -2 -1 -3 -3 3 3 0 0 6 2 1 1 0 0 -2 -5 -1 1 1 0 0 -2 2 3 -8 -3 -2 -2 1 -2 0 7 0 1 -5 -2 5 0 -1 0 -3 1 18 0 0 -1 4 6 -1 -2 -8 4 0 -2 3 -1 2 -7 -5 2 -1 -2 -4 -7 2 5 4 -2 0 1 -1 0 0 0 4 3 3 1 1 3 3 1 -5 -2 6 0 6 0 0 -1 1 0 -1 0 11 3 -5 -4 -1 -1 3 -1 -1 -4 0 3 -2 -3 -2 -3 0 0 1 -5 -2 -15 -2 5 -3 -4 -4 -4 -1 -6 -5 -3 -2 9 0 -5 2 0 -3 3 2 0 -4 -4 2 -1 2 0 4 -3 -2 -4 -5 -11 1 -3 0 -6 1 2 -2 -2 -2 -1 -1 -1 1 3 -1 0 -4 3 6 1 4 0 2 1 -2 -7 -3 0 -6 -11 13 1 2 -1 1 -3 -4 -6 8 4 2 9 -1 0 -6 -1 3 -2 12 1 3 -1 -2 1 0 -7 13 -4 -3 8 -1 -3 1 -3 0 -1 3 -1 -1 2 0 7 -2 5 6 3 4 2 3 -3 0 2 1 -8 -2 1 2 -5 2 -3 2 4 12 -2 8 -3 0 2 -2 -11 -3 -2 -1 3 -3 -4 1 3 -2 -17 -2 0 1 -4 15 -1 0 1 1 -2 3 0 -2 3 6 -6 7 1 -5 -1 -2 7 -1 2 -1 5 -5 -2 2 -3 4 4 4 3 -3 2 -11 1 1 5 -3 -4 -3 1 1 5 -1 1 -1 4 1 0 6 -1 -2 -7 -2 0 2 3 -8 5 -1 -1 -1 5 3 -6 0 0 -10 -3 0 1 2 2 -2 -1 1 -2 -2 -13 -3 4 2 0 -2 1 4 -2 3 1 2 -5 9 -5 1 -1 -6 -5 0 2 0 7 2 -4 -6 0 7 1 -5 2 0 0 3 2 -4 4 0 3 -4 4 1 2 8 0 0 3 1 -1 -7 5 1 2 1 -1 1 11 -1 -1 3 -2 9 1 1 3 -3 0 0 0 1 3 -4 1 4 2 1 1 -4 -1 21 7 -5 0 5 -6 5 -3 -3 0 -2 1 9 1 5 -6 0 -2 0 -3 1 0 -1 3 -1 10 4 -4 -3 2 1 0 -4 5 -5 -7 2 -3 -20 -3 -2 1 1 2 1 1 -3 2 -2 0 1 0 -1 16 1 1 5 0 0 2 -2 -2 -9 5 -5 2 1 4 -6 -6 -1 2 -1 6 4 2 2 -6 -1 6 -2 -3 -1 1 1 1 1 -1 -2 2 -4 3 -3 -2 2 3 2 -2 -5 -2 -1 -4 -3 -2 4 1 -3 -8
L 3 156 0 5 -1 12 3 0 8 2 1 -4 -1 1 0 6 3 0 -1 -9 1 2 3 -1 -1 4 1 1 1 2 -5 -5 5 4 -8 2 2 -1 -1 -1 1 0 3 1 2 0 6 0 -2 9 0 -1 7 4 -11 1 -2 -1 -2 -4 9 7 -1 2 4 1 -4 -1 3 -1 -8 -12 -2 -2 1 2 2 1 3 -1 -3 0 -4 0 2 -2 3 3 -1 0 -5 -2 5 3 -2 3 -2 1 8 3 1 -1 3 4 -3 -1 0 3 0 1 7 -2 1 -8 -12 3 -1 -2 -7 -3 0 4 2 -5 -1 0 3 4 -1 1 3 0 2 2 2 2 4 6 -7 -4 5 -1 5 -2 -2 3 2 -2 -1 0 11 5 0 -2 -2 -8 1 6 3 -4 2 3 5 -4 -4 -5 3 -3 0 -4 0 -18 -4 7 0 -5 -11 -1 -1 -6 -3 -2 -2 1 1 8 -3 0 -3 0 4 2 0 -4 2 -3 4 0 3 1 0 -14 -4 -5 0 -4 0 -6 6 1 -4 -2 1 0 1 3 -4 1 2 -2 -4 1 2 -2 5 -1 2 0 0 -5 -5 2 -1 -6 10 -8 5 -3 1 -2 -8 -2 7 5 5 8 1 -2 -3 -3 4 2 8 -4 4 1 3 1 0 -1 -1 1 0 19 4 -1 3 -3 0 -2 0 -3 3 -2 0 7 -6 4 1 -2 1 2 13 -2 -3 2 1 1 -9 -3 10 -2 0 -2 1 -1 4 -2 5 -3 6 1 -5 -12 -3 -1 -2 5 -1 -1 4 2 -2 -19 4 2 2 -1 7 0 1 1 -3 -6 7 0 2 6 1 2 6 3 -6 1 -4 5 4 4 -2 5 -5 -1 0 -5 3 4 3 -6 0 3 3 0 0 5 -2 -1 -4 -2 3 5 1 2 -2 8 3 -2 9 0 3 -6 -1 2 6 -1 -1 -4 -2 -2 3 0 0 -6 4 0 -7 -1 -1 -2 3 4 -3 2 1 -5 0 -7 -2 2 4 3 5 2 8 -5 1 -1 2 -1 9 1 1 1 -7 -2 1 1 0 6 0 1 1 1 5 3 -4 -2 12 -1 6 4 1 3 4 0 -1 1 0 4 -4 0 0 -1 -1 -2 -7 -3 0 0 -1 1 1 10 1 -2 4 -2 1 0 2 1 2 0 -1 -3 0 3 -1 -2 0 3 4 2 -4 2 10 -9 -16 0 -2 -4 2 -1 -3 0 -2 -1 16 -6 4 -2 0 -3 -2 -4 1 -1 0 4 1 12 1 -3 -3 4 1 -4 -6 4 -6 -5 1 -3 -7 -1 -3 3 -1 0 -2 3 -2 -2 0 5 4 -4 -2 -3 0 1 2 2 -2 2 -1 -1 -5 5 -17 1 2 -5 1 -5 0 0 -3 4 -2 2 1 0 1 4 -3 1 4 3 -1 1 3 1 -4 3 -7 8 -6 -2 1 0 4 -2 -1 -1 0 -6 -2 -3 2 1 -3 -8
L 3 157 0 18 1 14 1 7 4 3 1 -5 1 5 0 4 5 0 1 -15 5 5 1 -3 0 4 0 3 7 4 -8 -2 3 -2 -3 -3 2 -2 1 -4 -1 -5 0 -2 1 1 15 2 -2 7 2 1 8 4 -14 -2 -1 -5 7 -2 5 -2 -1 9 7 0 2 -2 4 -4 -6 -4 0 2 1 3 -1 -1 4 0 -7 -2 -5 -3 1 -3 1 9 -1 0 -7 -3 4 1 0 0 -6 4 7 1 2 -3 4 3 -1 2 0 3 -1 -1 9 -8 -3 -11 -7 6 -4 -3 -6 -11 -2 2 0 12 0 -1 0 1 -3 -3 2 1 12 5 -1 -1 6 4 -8 0 5 0 6 0 0 5 1 -1 -4 -1 10 6 -2 -2 -4 -1 2 2 4 -5 1 5 -2 1 -3 -8 2 -14 -3 -4 -1 -22 -4 2 2 -2 -6 -3 3 -6 -4 0 1 4 1 8 -2 1 -3 1 7 1 -3 -2 3 -1 3 1 2 -1 4 -4 -1 1 -2 -6 -2 -8 4 3 -1 -2 5 0 2 2 -10 2 -2 -3 -1 0 6 -3 1 4 1 2 -3 -9 -3 0 -3 -10 11 -9 2 -4 7 -3 -4 5 5 1 2 8 -4 -1 -6 -4 3 -4 9 -1 2 0 1 -2 2 -8 9 -3 -6 15 3 -1 1 -2 -3 -1 2 -4 3 -2 3 4 -1 6 4 -1 8 5 2 -3 0 2 1 -6 -10 -2 4 0 -1 -2 0 -1 -5 -3 13 -6 3 2 -11 -5 -4 0 -3 5 1 -4 3 1 -4 -34 1 4 1 -1 16 2 -1 -3 9 -6 6 4 3 -2 1 -5 7 2 -4 -1 -3 4 2 4 -4 4 -8 -3 4 -4 4 2 2 2 -4 1 -5 0 -1 3 -3 -5 -2 -4 4 7 3 4 -4 7 -1 1 4 -9 3 -2 1 3 6 -2 -6 6 -2 -3 2 2 0 3 0 -1 -11 -3 -2 -1 1 2 -4 3 0 -4 -3 -1 -4 1 4 2 7 4 14 -1 -1 1 0 0 7 -3 -2 0 -11 -1 1 2 -3 3 -3 2 1 1 5 -3 -4 -1 11 2 6 -1 3 6 5 1 3 5 1 -1 -2 2 -4 3 0 1 -6 3 3 2 2 3 -1 12 0 -1 3 0 2 2 -1 -1 0 0 -2 1 0 -1 -3 0 1 6 4 5 -9 2 10 18 -21 -1 14 -4 6 -3 -3 -1 0 -2 7 4 1 -10 -4 2 0 6 1 -5 -1 3 4 6 4 -3 -1 3 0 7 -3 1 -8 -6 2 -2 -19 -5 -7 3 3 4 -2 3 1 0 -1 3 2 3 -4 8 3 1 2 -8 4 1 -5 -4 -3 5 -13 3 4 11 4 -4 -2 1 -2 4 0 2 2 -10 -4 7 3 1 1 1 0 1 -1 0 0 1 -5 9 -8 -3 7 1 4 0 -2 -2 -4 -4 1 -4 0 3 1 8
L 3 158 0 2 -1 -7 0 -7 -5 -1 -1 4 -1 -2 -1 -4 -3 -4 3 13 -4 -3 0 -1 0 -1 1 4 -5 0 2 -3 -1 2 4 0 0 3 3 6 0 2 0 6 0 -1 -13 2 0 -5 -4 -3 -6 -5 8 1 0 7 -18 -2 -1 -3 -1 -8 -4 1 0 1 -2 7 13 0 3 1 1 0 2 0 -3 1 -3 -2 4 1 0 0 -1 -8 3 1 3 4 -4 -6 -6 -1 8 -4 1 -2 1 -1 -2 0 -1 0 -2 -4 -4 3 -9 9 7 7 11 -5 3 1 3 1 3 -1 -1 13 -1 1 1 0 -1 3 0 -2 -6 -3 2 1 -8 -1 6 -2 -3 1 -5 2 1 -8 1 -4 -1 -1 -2 -2 -2 0 5 -2 -3 -1 -2 1 0 -6 2 -4 0 7 -8 9 1 2 -1 10 3 1 -3 0 -4 2 -3 0 3 -4 -1 3 0 -5 2 1 2 -5 -9 -2 3 4 -4 -1 -2 -2 -3 1 -6 -3 0 -12 2 1 6 9 -3 -2 -2 0 -7 0 -4 -4 17 0 2 1 -1 2 -4 2 -2 -3 0 1 2 7 2 3 4 12 -3 9 -1 3 -6 1 0 -6 -16 -2 -2 -4 6 1 5 5 -3 4 -7 3 -3 -1 -3 0 1 10 -10 3 -12 -14 -3 3 0 1 1 -2 1 2 -4 2 -3 0 1 2 -2 -1 -5 -3 0 2 -5 -1 0 5 14 6 -1 1 1 0 -1 3 3 1 -10 6 -3 0 10 2 2 0 0 -4 -2 3 -1 -1 6 18 -3 -4 -2 0 -8 -7 -2 1 -14 6 -5 -2 -3 -2 -1 4 -2 -2 4 2 0 1 -4 -3 5 -2 11 -1 -3 2 0 2 -3 -5 1 -3 -2 5 2 -3 2 -2 -4 2 -1 -5 -5 -3 8 -5 3 0 0 13 -4 -1 -6 -3 -1 3 7 4 3 5 -4 1 2 -3 1 1 1 1 3 4 0 1 5 -1 1 0 1 -10 4 2 -3 0 -5 -2 0 0 1 -2 4 1 -2 3 -3 1 8 2 -1 -3 4 -3 2 -2 -2 2 7 5 -1 3 -9 0 -1 -2 -5 -2 -5 1 -1 1 2 -4 9 -7 5 -2 0 -2 5 -11 -2 -4 -3 -1 0 -11 2 0 -3 0 2 0 2 -3 0 0 -1 -6 -5 0 3 4 1 -7 -3 -2 7 -3 4 -21 21 0 -16 0 -4 5 3 1 4 0 -14 -1 4 7 5 -1 3 -6 -4 7 -2 1 -6 -4 -3 3 3 -3 3 -6 -1 -1 9 2 -2 -1 9 3 6 -3 -2 -2 2 -4 -2 0 -1 -2 -5 1 3 6 -4 -2 -1 1 -3 -2 1 2 2 -2 20 -1 -4 -7 -10 2 3 2 2 -6 0 -2 -1 16 3 5 -6 -2 1 0 -1 1 2 0 -1 -2 5 -11 9 1 -5 -1 -2 1 1 4 -3 7 -4 5 -1 0 0 -8
L 3 159 0 44 1 0 0 -6 4 3 0 -1 0 2 0 4 0 5 2 -9 -1 -5 3 4 2 2 -1 -7 -1 -3 0 -5 6 8 -7 4 1 -4 -2 -5 2 -1 1 2 2 0 10 -6 -3 4 3 1 6 -2 -1 3 -3 -7 8 1 5 7 0 -3 3 3 -4 3 0 -3 -4 -2 -3 -6 -2 -3 0 2 4 -2 -1 3 -1 -1 3 -1 5 6 1 0 -2 0 6 5 3 4 -5 3 9 3 -1 1 5 5 0 -5 -2 3 1 -1 12 -4 -1 -4 -16 1 -3 0 -4 3 -1 2 4 -30 -1 0 -1 1 5 0 2 0 -8 -1 0 2 4 3 -7 -3 2 -2 1 -4 2 3 0 5 7 -4 11 2 0 -3 -5 -5 5 -2 1 -2 2 5 3 -1 0 -3 10 2 0 -3 1 -12 -3 4 0 0 2 2 -4 -1 -2 0 -2 -7 2 10 -1 0 -2 4 5 6 -1 -9 2 2 2 2 3 -6 5 -3 -4 12 -2 5 -4 -4 1 2 1 3 -9 -2 2 3 -10 1 -1 3 -5 -2 1 3 6 -2 1 0 0 -4 -2 -3 -7 -8 4 10 4 -1 2 3 -1 -9 20 6 1 -2 -3 0 -4 -4 3 -3 14 -3 7 0 3 3 -1 -7 3 1 13 7 -2 -3 -1 -5 3 -1 -4 -2 5 2 3 12 -2 -3 -1 6 4 1 7 -1 7 4 -2 4 -14 -2 7 -5 1 -1 3 0 1 1 8 -3 4 0 -9 -5 -5 0 -1 0 0 -3 -1 3 -4 1 2 -2 1 -3 4 2 7 6 11 -3 5 -6 -1 3 2 3 3 4 -6 -3 0 -2 1 2 -3 3 -5 3 2 -3 2 -2 9 3 3 3 0 -3 1 5 -1 3 2 2 -3 2 6 0 -5 3 3 1 6 -2 2 -5 3 1 -1 0 -8 -12 -2 -1 2 -5 -3 -9 -1 -6 -9 2 -2 0 -2 1 -4 -1 4 0 1 3 -4 1 2 -1 3 -1 -15 2 2 2 0 -1 10 -4 12 -1 -4 1 1 4 1 9 2 0 2 -8 -3 1 -3 -4 -1 -4 -10 8 0 -1 1 1 -3 -5 0 -4 -2 8 -3 0 3 3 -4 7 0 5 4 -3 1 9 0 -1 6 -4 11 3 -2 5 1 1 1 4 3 5 -4 -6 0 6 1 4 -3 0 -1 0 -13 -2 -1 -1 4 -2 -3 0 -6 4 18 -7 -3 -4 -4 -1 -5 -1 3 -1 3 -2 5 11 2 -5 -7 3 0 -7 -2 8 -5 3 3 2 -10 3 -4 4 -1 -1 -4 8 -2 -4 1 1 5 -5 1 -10 2 5 3 17 -3 5 3 2 -7 7 -23 -1 2 -4 4 -6 1 -5 0 5 1 4 2 -10 1 4 3 -1 -1 1 1 -1 2 1 0 5 -7 8 -1 -2 0 0 2 -3 -4 0 4 -3 -3 0 6 1 0 8
L 3 160 0 17 1 6 2 1 -5 0 1 2 1 -1 0 -5 -1 -5 -2 6 0 0 1 -4 -3 -3 2 6 -1 5 -4 6 -4 -6 7 -2 3 2 1 3 1 0 1 2 -4 0 -5 4 -1 -5 0 -2 -5 -4 0 0 2 7 -16 2 -5 -7 0 1 -3 0 2 -3 -3 2 8 2 1 4 -1 3 3 1 -2 1 -3 0 2 -1 -2 0 -2 -3 3 -1 1 2 -5 -6 -6 -1 7 -1 -9 1 1 -2 -2 -1 5 4 1 -2 -1 3 -15 4 5 5 13 -2 4 -1 1 -2 -1 -1 -4 21 0 0 1 1 -1 0 -1 -4 4 -1 -1 -2 -5 -3 6 0 -5 0 -3 2 -1 -7 -1 -2 -1 0 -15 1 1 3 3 5 -5 2 1 -1 0 -3 1 3 3 4 -6 -11 -2 1 1 12 5 0 3 1 -8 2 2 3 3 1 2 -3 2 -7 0 0 2 -3 -7 -3 0 7 -2 1 -3 0 -3 4 -1 -6 4 -18 0 2 3 2 -1 -3 0 -3 4 -1 -3 -3 7 1 0 -2 2 1 0 0 -3 -1 -1 0 3 3 1 1 5 7 -2 -7 -4 2 -3 -1 -3 1 -6 -3 -2 -7 1 0 5 2 -4 3 -12 1 -6 0 -2 -2 3 8 -3 1 -18 0 0 3 -3 2 0 1 3 0 -3 -2 0 -9 1 3 -2 -3 -3 -4 -6 1 -9 -3 2 4 8 1 2 5 0 2 -2 1 4 0 0 5 -1 2 15 5 3 0 -1 -3 1 2 1 -3 2 9 -3 -1 -1 2 -13 -1 -3 -2 -8 4 -4 3 0 -2 -3 3 -1 -1 5 2 1 0 -2 -3 3 -6 6 -1 -2 2 -3 2 -4 -1 -2 -2 7 6 0 0 1 -2 -7 -1 0 -4 -2 1 4 -1 1 0 1 6 -2 4 -3 -2 -2 0 1 8 -2 1 -1 4 0 3 1 3 6 1 1 3 1 -5 2 1 -3 0 0 -7 3 -2 1 0 -2 0 8 -5 -1 -1 4 3 -7 8 -5 -1 4 2 -1 -3 1 0 0 -1 2 6 2 -1 3 4 -5 4 0 -13 2 -2 0 -1 4 2 2 1 11 -7 4 0 0 -6 4 -5 -3 -1 -4 1 -1 -12 2 3 -3 0 2 -1 4 -5 -1 1 1 -3 -2 -1 1 3 1 -5 0 -1 1 0 8 -7 17 0 -5 1 -2 3 1 0 4 -2 -18 1 0 3 4 1 3 -5 -3 2 -3 0 -8 -3 1 4 6 -3 1 3 1 -5 4 3 1 0 17 -2 3 -1 3 -1 1 -5 0 1 1 -1 -3 3 1 12 -2 -3 -2 -10 3 -4 -2 4 5 -4 27 0 -1 6 -11 5 1 3 0 -9 -3 0 -2 11 -1 2 1 0 -1 2 1 -1 1 1 0 -4 5 -4 6 2 -2 0 -4 1 2 2 3 6 -1 -1 -1 0 3 8
L 3 161 0 57 -1 0 -2 0 0 4 0 0 0 -1 0 -1 2 7 0 0 1 -6 -3 3 2 -2 0 -7 1 -2 -3 -2 5 -6 -5 4 -2 -6 -3 -5 2 -1 0 -3 0 2 11 0 -1 0 4 -1 3 1 2 1 -3 9 5 2 4 3 1 0 3 -1 0 -2 0 -4 -11 -3 -3 -4 -1 0 -1 0 4 -2 4 3 -6 -2 2 4 1 6 -4 0 -2 0 4 6 3 1 -6 1 4 0 0 1 -1 2 0 -5 0 1 3 -2 6 -2 -3 -6 -11 6 -4 -1 0 2 -1 1 2 -24 1 -1 1 1 3 -4 -1 0 -4 0 1 2 4 2 -1 2 1 1 3 -1 1 6 1 2 3 0 -5 -4 3 -2 -5 2 3 1 3 -3 -1 5 -6 1 -1 -2 8 -7 0 -7 1 -8 -1 1 2 -5 5 -3 0 -1 -2 2 1 -2 -1 2 2 0 -2 3 6 4 -3 -4 -3 5 2 2 1 -6 4 1 -3 12 -3 -1 -2 -4 0 3 2 4 1 -3 4 4 -18 -1 -1 1 -2 -1 -4 1 4 0 1 -1 -2 -4 -2 -4 -5 -8 4 25 2 -4 2 3 2 2 21 0 2 4 -6 0 -4 -1 1 -2 5 2 3 1 4 1 -4 -8 11 -2 10 9 1 -1 -2 -6 -2 1 -4 -3 4 -1 2 2 0 3 2 8 9 -1 -3 -4 2 3 0 -2 -12 -6 -2 -3 -1 -1 4 -2 -7 0 7 -5 6 -2 -8 0 -1 0 0 -1 1 -3 3 -1 -4 -14 0 2 1 1 11 4 4 -1 16 -4 5 3 -1 1 -1 -1 0 4 -5 -2 1 -1 1 3 0 0 0 0 2 -3 2 -1 3 8 4 -1 -3 -6 -1 1 0 1 5 0 2 2 4 -3 -4 4 -4 -1 2 -2 3 -3 6 3 1 -7 -6 -3 -7 -2 3 0 -1 -2 -1 -4 -4 -1 2 -5 0 -2 -5 -1 3 1 -1 3 -4 1 0 0 3 0 2 4 -1 4 -1 3 9 0 2 -1 -6 2 1 1 0 4 -1 1 -1 -6 -5 -7 -2 -3 -3 -3 -5 10 4 -2 1 0 -1 0 -1 4 -3 4 -5 0 2 3 -5 9 1 5 3 5 1 12 0 0 5 3 -1 1 -1 4 0 2 -1 6 4 2 -3 0 0 8 0 0 -3 0 3 20 -17 -3 12 1 4 -2 -2 -1 -5 4 12 -2 -4 -5 -4 1 -3 10 3 0 4 0 3 5 4 -3 -6 2 -2 -3 -1 4 -6 -1 1 -1 -9 0 -5 5 1 3 -3 4 1 0 -1 -1 -1 -3 -3 -5 3 3 3 2 2 2 3 2 0 2 -13 0 2 7 2 -5 2 -1 -3 3 3 2 -1 -13 -2 -4 7 -1 -1 2 0 3 1 2 4 4 -2 13 -2 0 0 -2 1 -2 -5 -2 2 -6 4 -1 4 2 0 -8
L 3 162 0 15 -1 4 1 4 7 2 -1 -4 -1 2 -1 3 5 2 3 -9 2 -8 1 2 3 8 1 3 3 1 -3 -7 7 -5 -4 0 1 -1 1 -2 -1 -3 2 3 3 1 8 0 -2 7 2 0 3 1 -13 -1 -3 -1 0 -4 4 -2 0 -3 5 2 -7 0 2 -2 -1 1 2 -2 4 -1 0 -2 4 1 -4 -3 -5 -2 1 -4 3 8 0 -1 -8 -2 6 0 2 0 -3 1 14 1 2 -3 2 4 -6 0 -3 3 -2 0 9 -3 -1 -7 -9 2 -2 1 -3 -1 3 3 3 -14 -1 -1 -1 0 0 0 2 1 13 2 1 1 2 4 -11 -1 4 2 3 -1 -2 -3 0 -1 1 -1 17 4 -4 -1 -3 -14 0 1 3 -2 1 3 -3 -3 -3 -3 2 -5 -3 -4 -1 -11 -3 4 -2 -2 -5 -3 -2 -6 -5 -3 -3 5 -2 9 -1 0 -3 3 2 0 -8 -4 0 0 4 -1 2 -6 -1 -10 -2 3 1 -3 0 -3 4 4 -2 0 -2 0 0 4 2 3 0 0 -3 2 1 -1 0 2 0 1 -2 -9 -3 -2 -5 -7 12 -1 3 0 2 -1 -6 -6 -3 6 0 3 0 -1 -4 -3 2 0 10 1 4 -1 0 0 1 -6 2 -2 -12 7 -6 -2 1 -2 0 -2 1 -5 1 0 2 8 -3 3 4 0 4 4 7 -3 3 3 0 -1 -9 -1 5 -2 3 0 1 -1 4 -1 7 -3 2 -2 -7 -10 -3 1 -1 2 -1 -2 1 0 -2 -14 1 1 1 -2 13 -1 1 3 3 -5 6 0 -2 0 3 0 6 3 -3 -2 -2 5 0 1 -3 6 -5 -2 5 -4 5 2 4 2 -1 2 -6 2 0 2 0 -1 -3 -1 -3 7 1 0 -3 3 3 1 3 0 1 -5 -1 3 5 2 -8 2 -1 1 1 1 -1 -4 2 -5 -18 -3 -4 2 1 2 -4 2 2 -2 -2 -11 -3 2 3 3 0 3 -3 4 1 2 2 -3 14 -3 5 -1 -3 -3 2 3 0 4 -1 -1 -5 7 8 1 -5 0 5 0 1 -11 -3 5 3 4 0 -1 1 -6 7 1 -3 3 0 -1 -6 2 1 0 2 3 0 13 -1 -2 6 0 8 0 -2 3 -1 1 -2 2 -3 4 -1 2 0 3 2 3 -6 -1 15 -4 -7 0 5 -5 5 -3 -4 -1 -1 1 7 1 3 -3 -3 1 -1 -1 -2 -1 0 1 -1 6 0 -4 -2 5 1 1 -4 4 -7 -3 -2 -3 -16 -1 -5 -1 -1 1 -2 7 -2 1 0 3 0 0 -2 8 0 1 5 2 -2 3 -3 -1 -9 5 -15 1 3 3 0 -6 0 3 0 3 2 1 2 -1 3 13 0 -5 3 1 0 2 0 0 -1 3 -7 -6 4 -3 1 0 3 -1 -1 0 -2 -4 -2 -2 2 4 -3 -8
L 3 163 0 60 -1 -7 -1 6 -3 -5 0 2 0 -5 1 -4 -2 -1 -7 11 -1 4 -3 -1 -1 -4 1 -1 0 -1 6 10 -8 -7 5 -1 -2 3 -2 3 -2 5 -1 -5 -3 0 -13 2 5 -6 -1 2 -7 2 6 -3 3 5 3 4 -8 -2 1 3 -6 -4 2 -2 -2 -1 -3 5 0 4 1 0 -1 0 -5 0 10 2 2 3 -3 3 -6 -7 -1 -2 6 -1 -5 0 3 -3 3 -2 -17 -3 -2 3 -7 -7 2 3 3 -2 5 -2 -11 3 -2 8 11 -1 4 1 7 5 -1 -4 -4 4 3 0 -1 -3 -1 -1 -3 1 1 -1 -2 -1 -3 -5 8 5 -4 1 -3 1 -2 0 -2 1 -3 5 -18 -6 4 4 3 8 -4 0 -3 6 -2 -4 -3 4 4 4 -4 2 2 5 1 24 5 -7 1 3 8 0 3 7 4 4 1 0 -4 -12 0 -2 3 -1 -3 -6 0 8 -1 0 -2 -1 -3 5 -4 11 4 0 1 0 -2 3 -1 -2 1 -2 11 2 1 -2 4 -2 1 0 6 -1 -2 -1 -6 0 -2 -3 1 6 4 0 7 6 -11 -10 -5 2 -4 0 6 10 -8 -5 -2 -1 0 0 6 3 -3 2 -16 1 -6 1 -1 0 -1 6 -1 -1 6 -8 2 1 0 6 0 4 1 4 -4 -2 -4 -17 1 -5 -1 -4 -7 -3 -10 2 -3 -4 0 -3 10 -1 -10 4 -1 3 -4 -2 0 1 -9 4 -4 -2 12 8 8 1 4 -1 1 4 -1 -3 3 14 0 1 0 5 -12 2 -4 -3 -6 2 -6 3 2 1 -3 -1 -8 -4 6 2 2 -2 0 -2 1 -6 3 2 -4 5 -5 -3 -8 1 0 -1 6 -1 -3 -6 2 3 3 0 0 -4 -4 -2 0 -5 -5 -1 -10 -2 -1 8 2 0 -4 -1 6 3 1 -1 0 2 0 8 0 6 19 0 1 -2 0 -5 4 0 -4 4 0 8 3 -4 -2 -1 -5 -1 0 -1 -3 -2 -4 0 -15 4 -7 0 7 -3 -2 -3 -2 -9 -1 -1 0 5 -8 -4 8 2 -2 2 6 -4 2 -4 -2 -2 1 -1 -3 9 -5 -4 1 -2 -2 -1 5 1 -1 -2 -2 1 1 -11 -3 2 -5 3 -14 -5 1 -1 0 -1 1 2 1 -3 4 1 -2 -6 -3 -7 5 1 -13 3 14 2 3 5 -6 -1 4 0 2 -2 -11 4 0 6 3 0 2 1 0 0 0 -1 -3 -12 -4 5 5 -5 -3 6 5 -7 3 1 -2 1 19 0 3 -3 0 -1 4 -7 3 3 0 -2 -2 0 -1 -5 -1 -4 -4 -11 2 -3 1 -1 10 -9 16 0 -2 0 0 6 -2 2 0 -3 -1 -3 -2 4 0 -16 0 1 0 -3 0 -1 -4 -1 0 -3 6 -6 0 3 -1 0 -4 2 5 -3 3 1 7 -1 -4 -3 -1 -8
L 3 164 0 19 1 7 0 6 -2 -2 0 1 -2 2 0 -1 -5 -7 0 1 2 9 0 -7 -2 1 0 7 0 5 -3 8 -4 5 5 -3 4 2 2 2 -2 -1 -1 0 -2 -2 -3 4 1 -6 -1 0 0 -3 -7 -3 3 -8 -2 1 0 -5 -3 7 2 -1 5 -2 0 2 8 0 2 2 0 4 -3 1 -5 0 -5 -1 2 2 0 -2 -2 -2 2 0 0 3 -4 -1 -6 -4 6 1 -15 -1 2 -2 0 0 5 3 3 -2 -1 3 -5 -3 4 1 6 -1 2 0 1 -10 -1 -2 -4 31 0 0 -2 0 -5 2 -2 -3 6 3 -1 -3 -2 -2 -2 3 -3 -1 -3 2 1 0 -2 -6 -2 -2 -3 4 0 1 4 5 -1 -1 -1 -2 1 -1 3 1 2 0 -8 -7 -3 3 2 7 2 -2 1 7 -8 3 2 1 2 1 2 2 3 -1 -1 1 3 -5 -3 -3 8 7 1 -2 -1 -1 -3 5 -1 7 2 -4 -1 -3 2 4 0 -3 1 -4 5 2 -1 -2 8 -1 -1 -2 1 1 7 -1 -4 2 -1 3 1 -3 4 4 4 5 -2 -15 -3 -1 2 -2 0 2 -13 0 -1 -4 1 -1 2 1 -3 0 -10 2 -5 0 -2 -3 4 1 -7 2 -12 -6 3 2 0 2 -2 -1 4 -2 -2 1 0 -9 4 -1 -1 -7 1 0 0 4 -4 -1 0 -2 8 4 1 2 -2 0 -4 0 -10 -1 -2 3 -5 5 4 7 1 2 -1 -1 0 4 -1 -2 0 0 -2 0 -2 0 -4 0 -5 -3 0 3 -4 3 0 -5 -6 -6 2 -4 4 3 0 2 0 -1 0 -3 1 0 0 2 -2 -1 -3 -3 -1 -4 -1 4 1 0 1 -2 -4 -3 -1 -4 -1 1 2 -3 0 1 -1 -4 -2 5 -1 0 2 3 0 5 2 0 -3 0 -1 6 2 2 7 -1 0 1 0 -2 1 2 -1 0 -1 0 2 -2 0 0 -4 -2 12 3 -3 -3 0 0 -7 3 0 0 1 0 -1 -3 1 -4 -2 -2 2 -2 0 0 1 2 3 4 0 -10 0 -1 0 -2 4 3 1 0 4 1 3 0 -2 1 2 -4 0 -1 -3 0 0 -10 2 -1 -5 0 -3 0 4 -6 1 1 -2 -6 -2 -3 1 3 0 -3 1 -1 -2 -1 -8 7 4 0 2 1 0 2 2 1 2 -5 -12 4 0 -1 -1 5 1 -4 -1 -5 -3 0 -4 -8 1 3 6 -2 1 8 0 -5 4 0 1 1 10 -1 0 -2 2 2 2 -8 0 1 3 0 0 4 2 9 0 -3 0 -8 5 -3 -4 -3 6 -3 13 1 2 8 5 -1 -1 2 1 -7 -1 2 1 7 -4 2 1 2 -2 -1 2 -2 -3 0 0 -4 5 0 0 0 4 0 -1 2 3 2 -2 4 -1 2 -4 -1 4 8
L 3 165 0 3 -1 -2 1 -7 -1 4 1 -3 0 0 -1 2 5 4 3 -4 -1 -8 1 3 2 2 -1 -1 1 -1 -2 -10 6 -4 -4 1 -2 -2 0 0 1 -1 1 4 2 2 4 0 -3 7 0 -2 1 2 2 2 -4 10 -7 -5 3 2 1 -7 1 2 -5 0 1 0 -2 -3 0 0 1 -1 3 0 5 2 -3 -2 -2 -3 1 0 2 3 -1 1 -3 -3 5 -3 1 4 -3 -1 22 1 1 -1 2 3 -6 -2 -4 2 -3 -2 5 3 0 -4 -2 1 -2 -1 -4 3 2 4 2 -9 -1 1 3 0 3 -1 4 2 -1 0 3 3 2 4 1 -4 5 2 3 0 -2 -3 3 1 -1 0 10 1 -3 -2 -2 -7 0 2 2 -1 0 2 -3 -3 -4 0 3 3 2 -4 -3 -17 -2 5 -3 -9 0 -3 -3 -6 -3 -4 -3 3 -2 2 1 -1 -4 3 1 3 -7 -4 -1 0 1 1 3 -3 0 -13 -2 -5 1 -1 1 -3 2 3 -4 3 -8 -2 -1 1 -1 3 1 -1 -3 2 -5 -1 2 -2 2 -1 0 -1 -4 -2 -2 -4 10 14 3 2 0 0 -6 -4 4 -1 1 6 1 1 -2 0 4 0 11 1 4 0 1 0 -2 -1 6 -2 -4 7 -6 -2 2 -4 0 -1 -1 0 0 0 0 10 -5 6 4 4 2 0 1 -5 0 0 1 1 -3 -2 3 -2 2 -1 4 2 9 -1 4 -2 6 -3 -6 -10 -3 -1 0 1 -1 -4 2 1 1 -16 2 1 1 0 9 -3 2 1 -5 -3 4 -1 -1 2 6 4 3 3 -4 -1 -2 2 -2 2 -1 5 0 -3 1 -3 4 5 2 -1 -1 2 -4 2 -1 1 -2 -3 -3 1 3 5 -2 0 2 5 2 -2 5 8 2 -8 -3 0 3 -2 -1 2 -1 1 0 1 3 -6 0 -2 -17 -1 0 0 1 3 -2 0 0 -2 -1 -9 -3 3 0 1 4 5 2 -5 2 1 4 0 12 -2 -2 1 -4 -1 2 2 1 3 1 1 -4 5 10 4 -5 0 -2 -3 4 6 -1 4 0 3 -3 1 2 -4 3 -4 -1 2 1 -3 -3 -2 1 0 1 2 -1 11 -1 -1 4 1 6 1 -1 3 -2 -1 0 1 -1 4 -2 1 1 1 1 3 1 0 20 -10 -3 0 -3 -5 3 -2 -2 -1 1 1 7 -2 4 0 3 -4 0 2 -2 6 1 3 2 9 0 -5 -3 2 1 -7 -4 4 -4 -3 -2 -4 -14 0 -1 1 0 -1 -2 8 -1 0 -4 1 -3 -2 -1 3 -1 3 2 3 -3 1 -1 1 -6 5 -8 0 -1 -4 -11 -1 3 1 0 4 2 -1 0 -2 4 7 -2 -3 3 1 -3 3 4 -1 -2 3 -3 -2 1 -1 -3 1 2 -2 -3 0 -4 -1 -2 -3 4 2 -5 -8
L 3 166 0 24 1 3 2 -4 8 4 -1 -4 1 2 2 1 4 5 1 -7 2 -2 2 1 3 6 0 0 4 -1 3 -10 2 3 -3 -3 2 2 2 -1 -1 -2 1 4 6 0 4 1 0 6 -4 0 2 5 -12 1 1 1 -3 -5 6 -6 2 6 6 0 -5 -1 3 -1 -3 -2 3 3 2 2 5 -2 4 1 -3 -4 -4 -2 2 -2 2 5 3 0 -2 -3 5 -3 -2 3 -3 -2 8 1 -1 0 1 4 -13 -2 -1 4 -4 0 10 -6 1 -8 -2 4 -1 -1 -3 1 -1 3 2 17 1 -2 7 2 -4 1 4 2 11 3 0 2 2 5 -1 -2 7 3 6 0 -1 -1 1 -3 -4 0 17 6 -2 -2 -5 -1 2 5 3 0 1 1 -2 -2 -4 -3 1 -9 2 -2 0 -18 -4 3 -1 -3 7 -7 -2 -9 -2 -1 -1 1 -2 8 -2 2 -3 0 7 2 -11 -3 1 -6 2 -2 0 0 -2 -12 1 -8 1 -5 1 -15 5 2 -6 4 7 -3 0 2 0 3 0 -3 -4 2 1 0 2 0 4 -3 -2 -3 2 2 -1 -6 9 -13 8 -3 2 -4 -2 4 1 2 1 2 3 -2 -5 -3 4 -2 10 0 4 2 0 0 0 -5 5 -3 -14 13 2 -3 4 -1 -1 0 4 -2 2 3 2 10 -3 7 2 3 3 4 -3 -4 -2 1 1 -4 -11 -9 5 1 -1 -3 -2 1 13 -4 6 -2 7 -4 -8 -12 -2 0 -3 4 -1 -7 3 1 2 -26 2 -2 0 -1 6 1 -2 -3 -3 -5 4 4 1 -2 7 0 2 1 -4 -3 -3 2 1 5 0 3 -3 -1 3 -5 4 3 3 -4 0 1 0 3 -3 1 -1 -5 -8 0 3 3 0 3 3 4 -1 -2 2 -7 0 -3 -2 2 4 -3 3 7 3 -1 0 2 0 1 1 -2 -14 -2 -1 -4 3 2 0 2 1 -2 0 3 -1 0 0 3 8 3 0 -7 1 -1 -1 -1 7 -10 -8 1 -8 -4 0 2 0 2 -1 -1 -6 12 6 0 -6 2 15 0 7 -2 1 3 2 2 -5 5 2 -5 -1 0 -3 -1 2 -4 -3 3 3 -4 -2 2 -4 14 -1 -3 2 2 7 0 -3 0 -4 2 -4 0 -1 -1 1 0 -1 1 1 5 -3 3 12 -3 -11 1 5 -3 3 0 1 -5 3 -3 6 -3 2 1 0 -2 4 7 0 7 1 3 7 6 3 -4 -3 5 1 0 -3 3 -5 -1 -3 -5 3 -1 0 0 0 3 -3 2 -1 2 -5 3 -1 0 -6 0 -1 2 4 -3 1 2 -5 -5 -2 6 -14 0 -1 -2 -6 2 1 1 -3 6 2 -3 1 -6 2 3 -4 -2 3 1 -3 4 1 -2 1 4 -5 1 -10 -2 2 2 3 1 -2 0 -4 0 -3 -7 0 4 1 8
L 3 167 0 54 -1 -2 1 -1 -5 -3 0 4 2 1 1 -5 -3 -1 1 7 0 7 -2 -1 1 -4 1 -4 1 1 0 8 -7 9 6 0 3 -1 1 -3 2 2 -1 -2 -5 1 -8 1 2 -9 -3 2 -5 -4 5 -2 4 -2 -6 5 -6 -2 -1 2 -8 -1 7 1 -5 2 6 7 -2 2 -3 -1 1 -1 -5 0 1 3 7 1 -2 3 -4 -1 0 1 6 1 -3 1 -3 -1 4 0 -20 -1 -3 0 -1 -3 12 2 -2 -1 4 0 -16 0 1 8 11 -1 5 -2 4 0 -3 -1 -3 8 2 1 -2 0 1 0 -2 -1 0 -3 -3 -1 -2 -8 11 0 -1 1 -1 1 1 0 -4 4 2 1 -16 -2 2 2 3 15 0 -3 -4 1 1 1 2 6 10 0 -4 2 3 8 2 20 7 -7 4 11 4 1 4 7 2 6 1 -8 2 -16 1 -1 3 -1 -2 -1 0 5 -1 2 -1 3 -2 0 -1 15 4 -5 0 4 -5 -3 -5 -3 3 -1 4 1 -1 -3 4 1 -1 2 2 0 5 0 -2 -1 0 1 2 4 4 2 2 1 -8 -13 -7 -1 -5 0 7 -1 8 -3 -4 -8 -3 0 4 1 -4 -2 -12 1 -5 -1 -2 1 3 -1 5 1 5 -10 6 1 -5 4 3 2 1 3 -1 1 -1 -12 3 -5 -3 -2 -3 -3 -9 2 -4 -2 1 0 4 1 2 3 -1 0 -2 2 7 0 -5 5 -8 1 14 8 3 1 2 -1 1 -3 0 0 -1 24 -2 -1 -1 -1 -10 2 -1 1 1 4 -6 0 1 -1 -3 -3 -3 -2 6 -1 4 -6 0 -5 1 -5 5 4 -2 5 -7 -6 -3 -1 1 2 5 1 1 2 0 -1 1 3 -6 -5 1 -1 2 -5 1 2 -3 2 -2 5 3 -4 -4 1 2 5 1 -2 -2 6 -1 6 -1 6 21 0 -1 2 -1 -5 3 -2 -3 3 1 8 1 -3 0 -2 -9 -5 -7 -5 0 0 0 -3 -16 0 -3 -4 0 -1 -2 0 2 1 -1 -1 1 -3 -11 -4 4 1 -7 2 -5 -4 2 -4 -2 -2 0 0 -4 3 4 0 3 1 4 -1 7 12 -1 2 -2 -6 0 -10 -2 2 -2 1 1 -1 0 -1 -4 1 3 2 2 0 -2 -5 4 0 -2 -4 4 -2 -13 15 14 -1 3 3 -4 1 1 -1 -1 -1 -13 2 -4 -4 1 3 1 -1 3 3 -1 -5 -6 -7 3 6 1 -5 -1 1 5 -4 4 2 5 0 14 -1 4 -3 3 -1 4 -8 1 1 0 -4 -1 1 0 4 3 -5 -5 -2 3 -2 2 0 4 -6 24 -1 -1 5 -2 2 -2 0 1 -6 -1 -2 -1 -7 -4 -10 2 2 -6 -1 4 -4 -3 -1 -1 -5 5 1 -2 2 0 2 -3 3 -1 -2 9 6 1 2 -2 -7 3 -8
L 3 168 0 46 1 2 0 -6 -7 2 0 -2 -1 -4 0 3 0 8 -1 2 -1 4 -4 5 1 -1 0 -8 0 -1 -4 -6 7 2 -8 5 -1 -4 -5 -5 -2 4 2 -3 4 0 6 -3 -1 7 1 1 5 1 7 4 -3 -1 13 -2 7 13 1 -1 0 -1 0 2 -1 -2 -7 -7 -3 -2 -3 -4 -3 1 6 0 2 4 -3 -2 2 2 2 0 -4 2 1 -1 4 6 6 1 -4 -1 21 2 -2 1 2 2 -3 -7 -3 2 4 -3 3 2 -5 -4 -10 2 -3 -2 -4 1 -1 1 1 -20 2 1 2 1 3 -2 1 1 -17 0 0 5 8 -2 -2 1 3 -1 2 -5 -1 6 2 5 3 -1 -1 -3 1 -3 -2 1 4 0 -3 1 -1 3 1 1 -4 -2 8 7 4 -4 -1 -15 -4 5 -1 -2 8 -1 0 -1 -2 2 -2 -3 3 -2 -1 -3 -3 5 7 3 6 -7 1 0 3 2 4 -1 3 2 -5 3 0 0 -2 -2 -2 2 3 5 -5 0 2 3 -15 -1 1 2 -2 -2 -3 1 6 -4 1 1 0 0 -3 -2 -1 -9 4 15 2 2 1 2 -1 2 19 3 5 12 0 0 -4 -4 5 0 11 2 3 2 3 0 -3 -3 8 -3 24 10 4 -4 -2 -5 -2 1 -3 1 3 3 0 5 -4 2 2 2 4 0 3 -2 0 1 -5 -5 -4 -3 -1 -5 0 -5 2 -1 2 -1 5 -3 4 -1 -3 -2 -3 -2 -1 5 0 -1 1 1 -4 -13 3 1 2 0 3 3 3 2 1 -3 5 -3 0 7 5 -1 3 1 -7 0 0 0 1 5 1 2 -6 0 -4 -2 1 1 4 3 2 1 -4 -5 1 3 -2 0 5 1 4 1 4 -3 -4 6 -1 -1 6 -3 2 -6 5 -1 -1 -2 0 -12 -5 -2 2 -4 1 -10 -1 -2 -4 -2 1 -3 -2 4 -1 -2 1 -2 0 0 -3 1 -1 -3 7 0 0 3 1 1 0 0 -1 -3 0 0 -5 -1 1 2 1 6 0 -2 0 -9 -3 0 -3 -4 -5 -5 2 22 0 -1 0 0 -6 -3 -1 8 -7 5 -2 0 0 3 -4 1 1 5 3 1 6 9 -4 -2 2 1 -2 2 1 6 2 -2 0 2 5 4 -4 -4 0 4 -1 0 2 0 6 2 -9 -1 0 0 4 1 -1 4 -6 1 25 -5 -2 -2 -1 -7 0 -2 2 -3 5 2 5 12 1 -3 -5 2 -1 -7 -1 7 -3 -3 2 -2 -4 1 -2 5 -1 -4 -1 3 0 -3 1 0 2 -6 0 -9 4 4 1 7 -3 0 3 -1 1 3 -21 0 -1 -4 -1 -6 2 -2 -1 7 2 2 -1 -12 2 -12 -1 1 -1 1 -2 -1 -1 1 0 3 -4 12 -6 -1 -2 0 4 -3 -1 -2 3 -8 1 -3 5 1 -3 8
L 3 169 0 62 -1 -9 -1 6 8 -4 0 4 1 1 1 -3 -2 -4 -4 1 0 -5 4 -2 0 -1 -1 0 -1 -2 9 11 -9 -2 6 -2 -1 3 1 3 2 0 -1 -1 -5 0 -10 0 3 -9 1 2 -7 -1 -1 -4 3 -1 -2 6 -11 -8 1 0 -3 -1 -2 -1 -1 -1 0 10 0 0 2 0 2 1 -6 -1 7 1 3 4 -3 0 -3 -2 3 -3 4 0 -4 0 0 -1 2 1 -28 -2 -1 3 -4 -4 5 5 3 -2 1 0 -3 -3 1 7 5 -2 4 3 6 8 -1 -2 -1 -6 0 -1 -3 -3 2 1 -2 0 10 -2 -2 -5 -6 0 3 1 -5 0 -3 2 0 -3 -4 1 1 3 -7 -2 2 4 1 2 -3 -2 1 4 1 -3 -1 2 7 2 -2 -3 -1 6 2 28 5 -8 2 5 2 2 0 8 4 2 1 -4 -4 0 1 1 4 -1 -6 -2 -7 6 1 2 -3 -1 -3 0 -1 6 6 8 -1 4 -3 1 1 -2 0 -3 7 0 0 -1 7 -1 -1 1 3 -1 2 0 -6 3 -1 -4 0 2 5 0 0 8 -11 -15 -3 -1 -3 1 6 -1 -8 -2 -6 -15 -2 0 6 2 -5 -1 -13 -4 -2 -2 -1 3 1 2 -7 2 -6 -11 -4 2 1 6 4 2 0 1 -2 -3 -1 -9 4 -10 -4 -1 -7 -2 -6 2 5 -1 3 6 0 0 -2 4 0 7 -3 -1 0 3 -7 4 -4 -1 5 6 5 3 3 -6 2 1 -2 -2 2 28 -2 -1 -1 1 -10 1 -1 1 4 2 -6 0 0 -3 -5 3 -9 -1 7 -1 2 -5 0 -5 -1 -5 4 4 2 4 -4 -5 -4 0 1 2 11 1 -2 -4 3 7 1 1 -7 -3 -1 1 0 -8 -1 1 -10 -1 -1 9 0 2 -5 0 -2 1 4 -1 0 2 -4 10 0 2 15 4 -2 0 1 -7 1 1 -1 5 1 11 3 -4 1 1 -9 -2 -15 -1 -2 0 -3 -1 -4 3 4 -1 8 0 -3 -1 -2 -6 0 1 1 6 -8 -3 8 2 2 3 -6 -19 2 -4 -1 -1 4 -3 -2 -3 1 0 0 -1 0 -2 5 7 -2 -2 -1 -3 -4 -10 1 2 -1 -2 -1 -4 -1 -2 -2 2 2 4 0 -2 4 0 -2 -4 0 -3 0 1 -20 1 10 1 1 4 -6 -3 1 -4 1 1 -18 3 -2 3 0 6 -3 3 0 2 -1 -6 -3 -13 -3 4 2 -3 -2 6 5 -6 2 7 -1 5 14 1 2 -4 -1 2 2 -2 1 3 1 -2 1 1 0 -5 -2 -4 -2 -1 1 1 1 2 1 -6 14 -2 0 -1 5 7 -3 -1 1 -4 -2 -1 0 6 -1 0 3 -1 -1 -2 2 -1 -1 -1 1 -1 3 -10 6 3 0 0 -6 2 2 0 5 6 3 3 -3 -3 2 -8
L 3 170 0 56 -1 -4 -2 5 -7 -2 1 4 -1 0 0 -3 -3 -5 -3 8 -1 3 -2 -2 -3 -7 -1 -2 -1 1 -3 12 -6 -2 5 3 -2 -2 -2 1 3 2 -2 -5 -10 1 -2 2 1 -13 2 0 -3 -2 11 -4 1 5 -2 6 -6 0 -2 -1 -5 -2 7 -1 -4 0 0 4 -3 -2 -2 1 -3 1 -5 -2 7 4 4 4 -3 3 -3 -3 -3 1 3 2 -4 4 2 -2 4 2 -21 -2 1 1 -4 -5 13 3 3 -2 3 -2 -10 -1 0 9 7 -1 3 1 6 -2 0 -4 -2 -3 0 2 -5 -1 3 -3 -5 -3 -6 -2 -1 -2 -1 -5 9 3 -6 -1 -4 1 3 4 -2 2 1 0 -20 -6 3 2 5 9 -2 -3 -1 0 -2 0 -1 4 6 3 -2 -1 -1 3 2 20 5 -5 2 3 -1 6 2 9 3 3 2 -6 3 -8 3 -2 3 -2 -6 0 7 7 -1 5 -3 2 -1 1 1 13 3 9 -1 2 -2 8 -5 -3 4 -4 -1 2 0 -2 -4 -1 -2 1 5 -1 -1 0 -3 1 -4 1 1 5 0 0 4 9 -12 13 -8 1 -2 4 5 1 4 -7 0 -6 -5 2 8 3 -5 2 -14 1 -5 -1 1 0 -1 0 2 2 8 -10 0 3 -3 0 -1 2 -2 1 -2 -5 -1 -12 2 -5 -2 3 0 -4 -7 2 1 -2 1 4 6 5 -4 1 0 4 2 -3 -15 3 -4 1 -7 6 6 13 4 1 4 -6 2 5 -2 -2 -2 20 -3 1 0 4 -5 2 1 1 6 4 -5 0 0 -2 -7 -1 -5 -1 6 1 3 -4 0 -5 1 -5 7 0 -1 6 -4 -5 -6 5 1 -3 5 0 1 0 2 5 8 -1 -3 -5 0 -3 -1 -5 -1 1 -5 6 1 4 3 -1 -3 -2 0 -1 -3 0 0 1 0 7 1 2 17 1 1 -2 0 -6 -1 -2 -2 4 3 7 0 -2 1 -2 -8 -3 5 1 -3 1 0 4 -6 9 2 -2 5 3 -1 -5 -2 -8 -2 1 6 -8 -10 -3 7 0 -11 2 -9 2 3 -4 -1 -3 6 -2 -4 5 0 -3 2 0 -1 4 3 3 -2 4 0 -3 1 -12 0 4 -2 -1 -7 -2 0 -2 2 -1 4 2 1 0 0 -1 0 1 -1 -4 3 -1 -16 14 7 -1 1 4 -5 -1 0 1 -3 3 -12 5 -4 0 1 4 -5 2 1 0 0 -2 -6 -8 0 7 4 -5 -2 1 5 -6 5 0 5 4 9 1 1 0 0 -1 3 -5 2 1 2 -4 -2 0 3 -3 1 -4 -4 -3 2 -2 3 5 6 -7 20 0 2 7 5 1 -1 -1 1 -7 -2 2 -3 2 -3 -5 10 2 -3 0 2 -1 -1 2 0 -3 7 3 4 4 -2 -2 -4 -1 1 -1 5 4 6 5 -1 -4 0 -8
L 3 171 0 25 1 -1 1 -2 0 -2 1 1 0 2 2 -1 -2 -6 -1 3 0 5 3 -5 -1 0 -1 5 0 3 4 3 -8 7 8 -4 1 6 3 3 1 0 -1 3 -2 -2 -8 2 1 -5 -3 0 -4 0 -3 -2 4 -5 -10 -2 -2 -8 -1 4 -3 0 1 0 0 3 11 4 4 4 -1 2 3 1 -4 2 -2 -2 5 3 -2 -2 -1 -6 4 0 3 0 -4 -7 -4 -2 4 -1 -12 -1 -1 -1 0 -2 0 5 2 -1 -3 1 -6 -1 4 7 12 -4 3 0 2 -2 -2 -1 -4 37 0 0 1 0 -5 3 0 -2 8 2 -2 -1 -4 -2 7 0 -1 0 -3 3 1 -5 0 -3 -4 0 0 4 -3 1 5 4 -4 0 -1 3 0 -5 3 1 2 2 -7 -1 0 6 0 10 2 -3 0 5 0 1 1 0 4 0 2 -2 2 -1 -3 1 2 -3 -4 -2 -1 6 2 -7 -3 -1 -2 6 -4 -1 4 -13 1 0 2 -1 -1 -3 -4 -3 5 2 -4 -3 15 1 0 -2 2 1 4 0 -4 1 -1 1 1 4 4 5 6 8 -6 -25 -3 3 -1 -3 0 4 -17 -2 -2 -9 4 0 4 2 -1 2 -9 0 -4 0 -3 -2 3 5 -10 1 -15 -7 -1 1 2 5 0 1 5 2 -4 1 -1 -4 1 -2 -3 -5 -6 0 -4 3 -5 -5 2 1 7 1 3 4 -2 1 -6 0 5 -1 -5 4 -4 2 8 1 3 0 -1 0 1 2 -1 -1 4 8 -2 -2 -2 0 -10 -1 -4 -1 -12 4 -6 1 1 -6 -1 -1 -2 -4 5 1 0 -1 -2 -2 1 -2 3 -1 -1 1 -3 0 -4 -8 -2 -2 6 7 0 -1 0 -1 -6 0 -2 -4 -4 1 6 -2 2 1 -2 3 -3 5 -5 -2 1 4 6 6 4 1 -3 3 1 5 1 4 7 2 0 2 2 -1 4 2 -4 1 1 5 3 -3 -1 -1 -4 0 -1 -7 0 -4 1 0 -9 -2 -6 0 3 0 -2 -1 1 -6 -1 -1 0 8 3 3 2 4 6 3 4 -10 -1 -1 -1 -2 1 1 2 -5 3 -2 4 0 -1 -6 4 -4 0 -5 -4 -3 -3 -11 -1 0 -5 -2 0 -2 1 -7 -1 -1 -1 -6 -3 -4 3 1 -1 -7 -1 2 3 0 -7 -11 13 2 -6 2 -3 3 4 -2 5 -4 -16 2 2 5 3 1 3 -4 -3 6 -3 0 -3 -6 -1 4 6 -2 0 4 1 -6 5 4 -1 1 17 0 5 -2 0 -1 3 -7 1 1 -1 0 -2 4 1 2 -2 -3 -2 -6 2 -2 -3 -3 4 -3 16 0 -2 -3 -3 7 -2 1 1 -5 -2 -2 0 10 2 0 -3 1 0 -2 -1 -2 -1 -1 -1 -4 4 -9 -1 1 0 1 -2 3 3 2 0 8 -1 0 -4 -1 2 8
L 3 172 0 27 1 -4 -2 3 1 -1 -1 1 -1 3 0 -2 -2 -6 2 6 -2 2 0 -4 -2 -3 -3 4 -1 1 -1 4 -7 5 6 -5 -1 3 5 1 3 1 -2 -2 -5 -1 -10 2 1 -6 -1 0 -7 1 -2 -5 1 9 -20 0 -2 -7 -2 2 -3 -1 4 -3 1 2 5 -4 3 2 -1 4 0 -1 -6 1 -1 -2 4 4 -2 2 -4 -4 3 0 3 0 -3 -3 -4 -1 4 0 -22 -3 0 -3 -2 -3 4 3 2 -2 0 -1 -6 -1 3 6 10 -2 3 -1 4 -3 1 -2 -1 19 -2 0 -2 -1 -3 0 -2 -1 10 2 0 -2 -4 -3 12 0 -1 2 -2 3 2 -4 -2 -5 -5 0 -9 -2 -2 1 3 4 -3 -1 1 -1 0 -4 -3 -1 4 0 -6 5 -1 3 -1 18 3 -5 1 2 -10 0 1 3 4 0 0 9 -1 -8 2 3 0 -6 -7 -1 -5 8 -4 -1 -2 1 -5 2 -5 4 3 -6 0 -4 1 0 0 -3 -5 -5 8 3 -4 -5 14 -3 1 -2 2 1 6 -1 -5 2 -1 2 1 4 3 4 4 8 0 -9 -4 -4 -3 -2 2 -1 -14 -5 -3 -9 -1 0 4 6 -4 1 -14 -1 -2 -3 -2 0 1 3 -7 1 -9 -16 1 2 2 4 0 0 4 1 -4 -3 -1 -14 2 0 -1 -2 -6 -3 -3 0 -4 -3 3 0 8 2 1 3 -3 3 -5 1 -4 0 -9 3 -3 1 11 2 5 0 2 -2 0 1 1 -1 4 14 -1 1 -5 0 2 -2 -3 -1 -5 5 -5 1 0 -3 -6 -2 -3 -4 7 0 2 2 0 -5 -1 -4 8 -1 -1 2 -5 0 -7 -8 1 -4 3 3 1 -3 3 0 -4 -2 -4 -3 -5 -2 5 -4 1 -1 -3 11 -3 5 -1 2 7 3 -1 12 1 3 -2 9 1 7 3 2 18 2 2 1 3 -1 2 0 -3 0 -3 -1 1 -1 -2 1 -12 -1 7 -6 -2 -2 2 0 0 4 -5 0 4 2 -1 -1 4 -3 -1 1 -3 2 -2 1 2 5 -1 2 2 -7 -1 -1 -1 0 3 3 -1 7 3 -3 6 -1 -1 -5 3 1 -1 -4 -4 1 -3 -6 3 0 -3 0 -10 0 2 -5 -2 1 1 -3 -2 -2 1 7 2 -5 0 -3 6 -2 -9 6 10 0 1 3 -3 0 2 -2 3 0 -21 4 4 2 3 7 2 5 -1 11 -1 1 -9 -7 -1 4 3 -2 -1 -2 0 -6 3 0 -1 0 1 1 4 -3 2 1 6 -7 2 5 -3 -1 -5 4 -2 1 -1 -4 -3 -6 5 -3 1 -3 1 -6 26 1 -1 -4 1 1 -3 3 0 -11 -3 -1 -1 11 -2 0 -1 -1 -1 -2 0 1 1 1 -1 -4 7 -5 2 1 0 -1 -5 3 -1 2 4 4 4 3 -3 -3 0 8
L 3 173 0 8 -1 5 -1 4 -9 -1 1 3 -1 1 -3 -1 -2 -10 4 5 0 4 -1 -5 -4 -3 1 7 -2 4 -9 4 0 -3 5 1 -1 -1 1 3 0 -1 -1 -1 -6 -1 -1 3 -1 -3 2 -2 -2 -5 6 -1 -2 1 -9 0 -2 1 -4 -6 -3 1 6 -1 -1 4 10 -2 0 1 -1 2 -4 1 -3 0 -7 -1 3 0 -2 0 -2 -4 -2 2 -2 4 -6 -2 -4 -3 5 1 0 -1 4 -3 0 -2 11 4 0 -4 -2 2 -9 6 3 4 7 -3 0 0 1 -11 2 -2 -3 10 -3 2 -5 0 0 -1 -3 -4 -4 0 1 -2 -4 -2 -1 0 -5 -3 -4 3 1 -2 1 -2 0 -2 -8 -2 -1 1 6 -3 -2 -4 -2 -4 -1 -1 1 0 0 2 -7 4 -5 0 -2 6 3 1 0 0 -17 5 3 3 0 -3 1 6 4 -5 2 0 2 -4 -10 -3 12 5 -3 4 -2 1 -1 0 0 4 -2 -4 0 0 4 15 -4 -2 2 -5 -9 3 -2 -4 7 -1 0 1 3 1 1 0 -2 1 -4 6 2 2 -4 1 2 8 -1 14 -7 2 -1 1 -3 -5 -12 -3 0 1 0 2 4 4 -4 2 -7 2 -6 -3 -2 -2 2 7 -7 4 -5 -12 -2 5 -4 -1 -1 -3 0 0 -3 -3 -2 -6 3 2 0 -5 0 -2 6 3 -3 -1 1 3 15 12 -2 0 1 2 2 1 -15 2 -4 1 -7 6 7 9 0 -1 1 -3 -1 6 -1 0 0 9 -3 2 -1 0 1 -5 -1 1 -3 5 -3 -1 -2 -2 -6 -1 4 -1 4 4 0 3 -2 -5 1 -1 6 -3 -1 3 -1 1 -3 1 -3 -3 -6 2 4 0 0 -2 2 -2 0 -1 -2 -1 1 -2 3 2 3 11 -2 0 -2 -2 2 4 -1 4 -2 4 -1 0 3 -1 0 2 3 -1 2 7 -2 1 0 -1 -1 -2 -2 -15 1 3 0 -1 -6 -1 16 5 0 0 5 2 -1 10 4 0 5 4 0 -4 1 -2 0 2 4 -8 6 3 1 0 -12 2 -3 -2 -3 2 -1 0 6 2 1 0 8 -5 5 2 -2 3 2 -11 -2 2 0 0 1 -13 3 2 -2 -1 -3 1 4 -4 4 -2 2 -6 -4 1 -1 4 3 -2 1 -2 1 -4 2 0 11 -1 -6 -2 -1 2 -2 5 1 0 -13 6 3 -3 1 3 -1 -7 -2 -5 -4 1 -9 -4 -1 4 5 -4 1 1 -1 -4 6 -4 2 2 -12 -1 -1 -1 1 -1 3 -3 0 -2 3 -2 -2 4 6 15 0 -3 -2 -4 0 -4 1 4 0 -4 22 2 2 6 1 -4 0 1 3 -8 -1 2 -1 12 -3 9 2 1 -1 0 2 -2 0 2 -2 -6 6 -3 11 0 0 -2 -1 0 1 3 -3 2 -1 7 -2 -1 -1 -8
L 3 174 0 59 -1 4 1 -5 -2 3 1 0 1 -3 2 0 2 7 -3 -4 3 -3 -1 3 1 1 3 -4 2 -1 1 -3 5 -5 -4 3 1 -3 -4 -3 -1 -2 1 2 5 1 13 -1 -1 2 2 0 6 0 2 3 0 -5 15 1 3 2 2 2 3 0 -4 2 -2 -4 -5 5 -2 -2 -1 -2 1 1 7 -1 3 3 -5 -3 3 0 4 4 -2 0 -2 1 2 2 4 1 -5 0 14 3 -1 2 2 3 -5 -3 0 2 -1 0 6 -2 -3 -5 -8 4 -4 0 -3 2 -3 1 0 -8 2 1 3 2 2 -1 1 0 -6 -1 -1 3 4 2 -6 2 0 0 2 -3 0 5 3 5 3 0 4 3 2 -2 -4 1 2 1 2 0 0 5 1 3 -4 -1 7 -13 1 -3 1 -17 -4 4 1 -2 15 -1 -1 -3 -2 2 1 -12 2 9 -2 -3 -1 6 9 3 1 -6 3 -1 1 0 3 -1 5 -3 -2 5 -2 3 -1 -5 0 2 4 6 -2 -4 3 5 -17 3 -1 1 -2 -2 -6 2 3 -2 0 -2 -2 -4 -1 -3 -2 -7 -1 10 3 3 4 1 -1 6 18 3 2 3 -1 1 -4 -6 4 -1 11 2 2 5 3 -2 -1 -5 9 -2 5 17 -1 -2 -3 -5 -2 2 -4 -1 4 3 2 11 -1 2 0 6 9 2 -4 -1 3 2 -2 0 -13 -6 0 -2 1 -3 3 -3 2 -1 10 -3 5 -1 -11 0 -4 0 -3 1 1 -2 1 0 -4 -20 0 -2 4 1 -2 5 3 0 8 -5 5 1 0 -2 5 1 1 3 -6 -1 -1 -4 0 6 1 2 -6 0 3 -3 4 -1 6 8 0 1 0 -3 -1 2 -2 1 3 1 5 1 4 1 -3 4 -3 1 3 -11 3 -3 3 -1 -6 -6 2 -9 -3 -3 2 -6 -2 -3 -3 -3 -15 -2 -2 -4 -1 -2 -3 1 3 1 4 8 -1 -1 1 -2 12 1 -5 3 1 3 -2 4 0 -5 1 0 -6 0 0 1 -3 2 -1 0 3 0 0 -5 -2 -3 3 -2 -4 6 3 -2 2 -1 -3 -2 1 -8 -3 4 -6 1 3 3 -3 4 2 5 3 1 1 7 -3 0 2 0 9 1 -3 4 1 0 -2 4 3 0 -1 -6 -3 6 0 4 -5 2 6 3 -13 0 5 0 4 0 0 -1 -2 1 17 -3 -7 -2 -3 -4 -1 0 1 -5 3 -1 10 6 4 -3 -3 2 0 2 1 4 -3 2 2 1 7 -1 -3 6 -1 0 -5 5 1 -4 1 0 2 -4 0 -5 2 4 3 2 -1 3 -1 0 3 5 -23 -1 0 7 -2 0 3 -3 -1 10 2 1 0 -13 1 -3 5 1 -1 2 -1 1 -2 0 3 3 -5 8 -5 0 0 0 4 -3 -1 -1 -1 -3 -1 -4 3 4 2 -8
L 3 175 0 10 -1 6 3 0 -9 -1 1 0 2 0 1 -1 -4 -6 2 -2 1 5 3 -5 -2 4 3 8 0 3 -4 3 -1 -1 6 -1 2 5 2 5 -3 -2 2 4 1 -3 -2 -3 -1 0 -1 -1 -1 -7 6 6 1 -16 6 2 -2 -3 -1 -1 2 2 2 1 -3 4 16 5 1 6 0 1 -2 2 2 1 -8 -1 3 -4 1 -4 -1 -5 2 0 2 4 -5 -9 -3 -2 7 -1 11 1 4 -2 3 3 2 1 1 0 -4 5 -6 3 4 1 11 -3 0 2 -2 -3 1 -2 -5 27 -1 0 1 1 -4 4 -1 -4 -9 0 0 -5 -4 -1 -7 0 -5 -4 -3 1 -2 -7 -1 -2 1 -3 4 4 -1 2 4 -1 -2 -2 -3 1 2 -3 6 4 -3 3 -5 -4 -4 1 1 -6 -1 1 -1 3 -6 8 -2 -1 -1 -1 1 -5 5 3 -3 1 3 -2 -5 -3 15 2 2 -2 -4 -3 -1 5 2 -2 1 -10 0 2 6 11 -2 -2 3 0 -12 -1 -4 -3 7 3 2 -1 1 -2 -2 2 -3 0 0 1 3 -1 2 2 3 5 -6 -8 -3 6 2 -2 -2 1 -12 -3 -1 0 6 -1 2 -1 -1 0 0 0 -6 3 -5 -4 6 8 -7 2 -13 -1 -3 1 -2 1 0 -1 1 -1 -1 4 0 5 2 0 -2 -7 -2 4 1 3 -3 -2 -1 2 12 7 -2 3 3 -2 1 3 -2 1 3 3 -3 0 1 8 -4 1 -4 -2 -1 5 -3 -1 1 2 -1 -2 0 1 -15 -4 -3 -2 -9 3 -2 -3 0 -3 -1 1 3 -1 1 5 -1 -1 -3 0 3 -3 0 -1 -3 2 0 2 3 -1 -6 0 -3 5 1 -2 -1 -4 -6 -1 2 -2 -1 3 3 -2 1 2 2 -4 -4 4 -4 -5 -4 5 5 1 8 1 -2 -13 1 -4 -2 -2 -11 -1 1 8 -6 1 4 3 -1 -2 0 -8 4 0 -1 -2 10 2 5 6 1 -4 1 1 -12 4 1 3 4 3 -1 -2 0 -1 2 -2 6 -3 7 5 0 0 -3 1 -1 -4 -2 -1 0 -3 3 1 5 -10 8 -4 2 1 -2 1 8 -16 -1 -1 0 -1 2 -13 3 -1 -6 -3 9 1 3 -3 3 -2 -1 -7 -1 -3 1 -1 -1 -7 0 2 0 0 7 -17 14 3 -14 -4 1 5 2 4 6 -6 -5 0 1 4 2 -3 3 -11 -1 -11 -4 -1 1 -3 -1 -1 5 -1 4 12 -1 -2 7 4 0 -1 8 -3 0 -1 1 -3 -4 -1 -2 -5 3 0 1 4 1 14 -3 2 -2 1 -2 -3 -5 3 4 -1 7 -1 -2 2 -5 6 4 1 1 -5 -2 -1 0 10 2 10 -4 1 0 1 -1 -6 -1 0 0 -2 3 -6 7 -2 1 0 1 1 5 5 -9 7 -9 2 -3 3 4 -8
L 3 176 0 31 1 1 0 -5 -10 -1 1 1 0 0 0 -2 -4 -5 -1 6 -1 9 0 -6 -3 -4 -2 4 -1 3 -3 5 -4 6 6 -2 1 2 2 3 0 1 -1 1 -3 0 -6 4 0 -6 -3 -1 -2 -1 8 0 2 2 -9 0 -1 -1 -2 3 -2 -1 7 -1 -1 4 7 -4 0 4 -3 4 0 3 -4 2 -4 0 5 0 0 2 -3 -7 1 2 4 2 -5 -5 -6 -1 7 -2 -8 -1 1 -1 -1 -1 5 2 1 -3 -1 1 -9 2 4 4 13 -2 2 -2 0 -7 -2 -1 -5 37 0 1 1 1 -3 0 -1 -2 -8 1 0 0 -2 -3 9 0 -2 -2 -2 3 1 0 1 -4 -5 -1 -10 1 1 0 5 11 -1 0 -2 -1 0 -3 3 2 1 2 -8 1 2 3 0 1 2 -1 1 0 -3 2 1 1 4 -1 2 0 3 -7 0 1 2 -5 -4 0 9 7 0 -2 -4 1 -3 7 0 4 1 -13 -1 -1 3 4 -2 -5 -1 -2 -1 1 -2 -5 5 0 1 -2 2 1 1 -1 -1 -2 0 1 2 6 2 4 7 9 -5 0 -3 1 -1 -1 1 4 -6 -7 0 -2 2 1 4 4 -1 0 -9 2 -5 0 -1 -3 1 6 -3 2 -4 -6 3 2 0 0 -2 0 2 3 -4 0 -3 -6 2 3 -1 -2 -2 -3 -5 2 -7 -4 1 1 13 3 -1 3 -3 -1 -1 3 -5 -1 -6 3 -2 4 6 6 1 0 0 -2 0 2 0 -1 3 -2 -2 0 -2 1 -7 -3 -4 -5 -8 4 -5 2 1 -3 -4 -1 -2 -4 3 3 -1 -1 -1 -1 2 -4 7 -1 -4 3 -3 2 -5 -6 -2 -5 1 4 1 -1 0 -4 -4 0 4 -6 -4 0 7 -1 -2 -1 2 4 -1 3 -3 -3 1 -1 7 6 2 0 -3 0 3 4 0 4 8 1 4 -1 1 -1 3 -1 -3 0 1 2 3 -1 -3 -2 0 0 16 -5 -2 -4 1 3 -10 4 -8 2 1 2 -2 -4 2 -4 0 0 2 -4 2 3 0 2 -4 1 2 8 1 -2 -2 -3 0 5 3 2 0 -4 5 -1 0 -2 5 -9 0 -1 -4 -1 -1 -11 2 0 -7 0 -5 1 4 -5 1 0 -1 -7 -1 -4 0 2 1 -5 0 -1 5 -1 -3 1 9 0 -6 2 -1 3 4 1 4 -5 -12 1 2 2 4 1 2 -1 -1 2 -2 2 -2 -5 1 2 5 -4 2 0 1 -5 8 0 1 0 12 0 4 0 2 -1 3 -7 1 1 -1 -2 -3 2 3 5 -1 -1 -3 -7 4 -4 -1 -2 8 -3 19 0 -3 1 -5 3 1 0 0 -6 -2 -1 -1 6 -3 -3 -1 4 -2 -1 -1 -1 0 -1 -1 -4 7 4 -3 2 0 1 -2 2 1 2 -3 7 -1 0 -3 -2 2 8
L 3 177 0 55 -1 5 0 -1 0 2 -2 -1 1 1 1 1 5 7 1 -2 3 -3 -3 4 2 1 -2 -6 3 -4 -2 -7 2 3 -5 1 0 -3 -2 -7 0 0 0 -2 4 2 8 -1 0 1 2 1 0 3 -8 -1 -1 2 2 2 3 1 2 5 4 -1 2 1 -1 -4 -9 -1 -2 -1 -1 0 1 -2 2 1 3 1 -4 0 0 2 1 6 0 0 0 -2 4 4 2 0 -7 1 3 -1 -3 2 1 2 0 -3 -6 3 3 -5 3 -5 -1 -4 -7 4 -2 -1 1 0 -2 2 5 -14 2 1 0 0 1 -2 1 3 1 0 -1 3 3 -1 2 0 4 1 4 -1 2 5 1 4 0 2 -1 -1 -1 -4 -4 8 2 0 0 -2 -1 4 -4 0 1 -3 5 -4 2 -4 1 -5 -1 2 0 -2 9 -5 0 -2 -3 2 1 0 0 -6 3 -1 -2 5 6 2 -9 -5 2 0 2 1 3 -4 -1 2 -3 -2 -2 0 -4 -12 -1 2 0 0 6 -2 1 0 -8 -1 -3 0 -2 1 2 3 5 0 1 -1 -3 -3 0 -2 -7 -11 4 1 2 -2 0 -1 3 0 20 3 1 3 -4 0 -5 -1 3 -2 8 1 4 1 0 2 -2 -11 16 -4 9 8 3 -3 -1 -3 0 3 0 0 2 1 2 3 -1 1 3 8 5 0 -5 -3 2 2 2 -7 -12 -6 0 -5 0 -2 1 1 11 -1 8 -3 2 -1 -1 -5 0 -2 -1 1 0 -6 1 2 -3 -8 -3 -2 1 -3 9 4 3 1 10 -2 3 1 0 1 4 -5 1 1 -4 -5 2 1 0 3 0 1 -3 1 3 -3 2 -1 3 6 2 1 -2 -4 0 4 -3 1 2 3 0 2 1 -1 -2 2 -3 1 2 -5 -1 -2 3 1 -3 -1 -8 0 -5 -2 1 7 0 -3 -2 0 3 -1 1 -3 2 -2 -2 -2 1 1 1 4 -3 1 2 -2 -3 -1 -8 -4 2 3 -2 -2 4 -7 1 -2 -6 -3 0 2 -1 6 1 -3 -4 -1 -6 -6 -1 0 1 -1 -2 5 0 -1 0 0 -6 1 -1 6 1 5 -3 2 4 -1 -7 16 1 4 1 -2 1 11 -4 0 3 -2 5 0 -2 3 -4 1 1 6 6 1 -4 -2 1 5 -2 1 -3 1 5 19 -9 0 11 0 2 -3 -2 -3 -5 4 10 0 -2 -6 -2 -1 0 5 4 4 2 0 2 8 5 -2 -5 1 -3 -1 1 4 -6 -1 3 0 -8 -1 -1 4 1 3 1 -1 1 1 -2 -2 1 -2 -3 0 3 1 5 0 1 3 1 -1 -3 2 -6 1 0 3 -2 -3 -2 -1 -2 7 5 2 1 -14 -2 -7 2 -1 -3 1 1 1 0 0 2 3 -3 8 -8 0 1 1 0 -2 -6 -4 7 -5 2 -2 5 0 0 -8
L 3 178 0 39 1 -10 -1 1 2 -4 2 4 0 -3 0 -2 -4 -3 -4 5 -4 2 2 -1 -1 -4 2 0 -4 0 9 9 -5 -4 4 2 -3 2 -1 5 1 2 0 -1 -4 -2 -10 -3 2 -3 -1 1 -1 -3 14 2 1 -3 8 2 -5 3 0 -5 -7 0 -2 1 -1 2 3 4 1 -1 0 -2 -3 1 -2 -3 6 3 4 1 -1 0 -1 -7 -1 -1 4 2 -5 0 2 1 4 -1 -9 1 0 1 -3 -5 1 2 7 -3 0 3 -4 4 -2 7 3 -4 2 3 3 7 1 -4 -4 -9 0 -1 -1 -1 2 1 -3 -2 -7 -2 0 -3 -2 -1 0 1 -6 -1 -6 -1 -1 -2 -2 1 3 -1 -6 -4 4 5 3 -5 -2 -1 -1 5 1 -4 4 1 2 3 0 8 -1 5 0 14 1 -4 1 4 -2 6 1 6 4 1 0 -6 -1 4 -2 -1 3 -3 -4 -2 8 2 -2 3 -1 -1 -3 3 2 4 4 12 1 4 0 11 -1 -2 2 1 -4 1 1 1 2 -2 2 2 3 -3 -5 -1 -4 0 -1 -1 2 6 1 0 5 10 -12 0 -2 1 -2 3 2 1 -11 -3 -2 -4 2 0 5 0 -4 2 -9 -3 -3 0 1 1 0 10 -15 4 7 -10 0 2 -1 4 2 -2 -4 1 1 -1 -1 -4 2 -7 -5 -6 -8 -1 3 4 1 -1 -2 8 8 4 -4 4 0 3 -1 -2 -10 3 -9 3 -2 -2 3 9 1 2 1 -2 1 5 -2 -2 2 23 3 1 0 3 -15 -1 -1 2 -5 2 -3 -3 1 3 -4 7 -5 -1 5 3 1 -5 1 -3 1 -3 2 3 -4 4 -4 -3 -2 -3 1 1 7 -2 0 -5 3 3 5 -1 -2 -3 1 0 -2 -5 1 0 -6 0 2 5 1 0 -3 0 8 -8 4 1 1 -8 -2 3 0 0 6 3 -1 3 -4 0 3 1 0 1 1 5 3 -2 -1 1 3 -1 -6 5 -2 -2 -1 2 -8 7 3 2 9 3 -1 -1 -1 -6 0 3 6 -2 -4 3 5 -3 -3 0 -2 -1 1 -2 -1 -1 5 -5 -2 -1 -8 -2 1 -3 -2 3 8 -10 -2 -3 1 -1 1 -12 2 1 -2 1 -7 -2 0 0 5 -1 1 0 -2 -1 4 -3 -4 -3 0 -3 4 0 -18 -16 8 1 -10 4 -5 3 2 3 1 -1 -5 -1 -2 6 1 1 -1 -2 -1 -5 0 -3 0 -9 -7 4 2 -1 0 -1 3 -3 5 5 -2 2 12 3 2 -3 -2 -4 -1 1 0 -3 3 1 2 0 2 -12 -2 -1 -5 5 -3 -2 2 3 5 -4 1 -2 -1 -7 6 5 1 -2 2 -4 -4 -3 -2 9 2 -2 -1 2 3 -1 0 -2 -1 1 -1 -2 3 -7 7 1 -2 -2 -1 2 6 2 -1 3 1 3 -4 -2 0 8
L 3 179 0 40 1 -3 1 -5 8 -1 -1 -4 1 -4 1 3 1 9 -2 -5 -1 -5 2 5 4 5 0 -6 -1 -5 8 -7 3 3 -7 0 0 2 -2 -4 -2 2 3 1 9 0 -1 -6 1 11 0 3 2 3 -5 4 0 -7 13 -2 2 5 4 0 2 0 -8 3 2 -3 -7 0 0 -1 0 -4 2 0 4 1 3 1 -3 -2 2 -1 2 2 3 -2 2 -3 5 2 4 3 -6 -1 13 2 -4 2 2 3 -11 -5 -2 3 2 -1 10 -1 -4 -5 -12 0 -1 1 -3 11 -1 2 3 -24 2 -3 4 -1 2 2 4 4 -1 0 0 3 3 2 -7 0 4 1 3 -4 -3 0 -1 4 4 2 12 1 1 -1 -6 -5 3 2 -1 5 2 0 2 -1 -3 -2 8 6 4 -1 0 -7 -3 2 -2 0 11 -5 -3 -2 -2 1 -3 -1 -4 5 -4 0 -2 6 8 1 -7 -9 3 -3 3 -1 1 -1 1 -5 -2 3 0 2 -3 -10 4 3 -1 5 3 -2 2 4 -3 -1 2 2 -3 -2 0 1 3 -3 3 -4 -1 -4 2 -3 -5 -10 4 -13 7 0 1 -1 0 0 7 8 0 3 2 -2 -6 -5 5 -3 11 -3 6 2 1 3 -1 -2 0 -3 11 8 -1 -5 2 2 3 0 -2 1 3 4 1 8 -2 -4 0 -1 -3 3 4 -1 4 2 -2 -3 -11 -8 1 -2 0 -2 -3 0 17 -1 2 -1 7 -8 -5 -10 -2 -1 -2 6 0 -4 0 1 1 -3 4 -2 2 -2 -2 3 1 2 0 -5 4 -2 1 6 7 3 -1 1 -6 -3 0 -1 1 6 -1 2 -10 4 -1 -4 1 0 7 -1 2 5 1 -5 -2 -1 -1 2 -2 2 0 3 3 1 -3 2 -1 -1 0 -10 1 0 2 2 -2 1 -2 -10 2 -2 2 -4 -3 -7 -2 -2 -7 1 -2 -1 -2 3 1 0 2 0 -1 5 -1 -2 -1 0 6 1 -21 0 2 0 -3 -4 0 -9 3 1 -1 -4 0 6 0 8 2 -2 -4 5 -2 0 -1 -2 8 -4 5 2 0 -1 1 1 -7 -4 1 1 -8 7 -4 -1 1 -2 -2 5 1 -1 2 0 1 10 -3 -3 3 0 4 1 -1 6 -2 1 -2 5 4 2 0 -4 -2 -1 -1 1 -2 2 1 -11 -6 2 1 0 2 -1 1 -1 -1 -1 19 -8 0 2 -2 -5 1 -2 2 -2 3 -2 7 7 -2 -7 -6 4 -1 -2 -1 7 -6 4 -4 -1 0 1 -1 1 -2 -1 -3 6 -1 -1 -1 2 5 -5 -4 -12 0 4 2 10 -3 4 1 -4 -4 5 -28 -1 -2 -12 -1 0 0 -1 -1 10 2 -1 2 -8 4 -7 -8 -1 2 -1 -2 -1 -1 -1 1 5 -8 -2 -5 -2 0 2 2 0 0 -2 2 -6 -2 -5 3 2 0 8
L 3 180 0 6 -1 7 2 -2 -6 -2 0 2 1 2 -1 -2 -2 -6 7 4 1 8 -1 -3 0 0 3 5 0 4 -6 0 -2 9 6 -2 4 0 4 -2 -1 -1 -1 1 -1 0 -7 2 0 0 -3 0 -4 -6 0 1 2 -6 -13 -1 -3 -1 -4 -3 -5 2 6 1 -3 6 15 0 1 4 -3 0 0 -2 -2 2 -13 -2 7 -2 -1 0 -4 -2 1 2 1 3 -4 -4 -8 -3 6 -1 0 0 0 -4 3 0 10 4 -4 -2 0 4 -15 6 3 4 11 -4 2 -3 -1 -9 -1 1 -3 21 -1 0 -2 0 -2 2 -1 -2 2 -1 -1 -1 -4 -5 3 -2 0 -1 0 3 0 -6 -2 0 0 -1 -5 2 -1 0 4 4 0 -3 -5 -3 1 0 4 1 5 0 -10 7 -1 6 -2 7 5 -1 1 8 -12 0 4 1 -1 1 0 4 3 -14 0 1 2 -3 -7 -4 5 3 -2 1 0 2 -3 0 -2 6 0 -17 1 2 1 3 -4 -2 1 -3 -3 2 -3 -4 15 1 0 2 0 2 8 0 -2 -1 -1 5 3 1 1 2 0 0 1 -12 -5 -1 -3 -1 0 -7 -8 0 -3 -1 1 0 0 2 -3 -1 -5 2 -5 -2 -5 -1 6 4 -3 2 -7 -12 4 2 -6 4 2 -2 3 2 -3 2 -1 -7 4 2 -1 -10 -3 -1 3 3 -7 0 1 -1 13 9 4 2 -1 -2 -2 6 8 -1 -4 4 -8 2 13 5 0 -1 0 2 -1 -1 0 2 0 14 -2 0 -2 -5 -3 -5 -3 0 -7 6 -4 -1 -1 0 -3 -4 6 -2 3 2 1 1 -1 -5 1 -1 4 1 -2 2 -3 0 -1 -4 -4 1 -7 3 4 2 -1 -7 -5 1 -4 -2 -1 1 4 -2 4 3 3 6 -4 2 -3 -5 1 6 1 10 2 1 -4 5 1 -1 -2 6 7 -2 0 10 -3 1 4 -1 -2 -2 -3 -11 2 1 0 -1 -7 -3 3 -1 3 0 5 -5 -12 1 -2 -2 1 0 0 2 4 6 1 0 -1 -2 4 2 -1 2 -8 3 1 -7 -3 2 -2 1 1 5 1 -2 12 -3 5 3 1 -2 6 0 0 0 -2 -4 1 -11 1 0 -3 1 5 2 4 -3 -2 0 1 -5 -2 0 -4 0 7 -3 -1 -2 2 -4 5 0 17 -1 -4 -3 -1 4 0 3 3 -4 -14 2 2 -6 1 2 5 -9 0 -2 -5 -3 -9 -4 2 4 2 -5 2 2 0 -1 5 -1 3 -2 -7 -2 2 -5 4 0 3 -7 -2 -1 1 -2 -2 5 2 21 1 -4 -4 -3 1 -4 -1 -2 -2 -3 26 0 -2 3 -6 -2 -1 2 3 -7 0 -2 1 3 -3 4 -5 1 -4 0 4 -5 -1 0 -2 -7 4 -5 3 -1 1 2 -1 4 -1 1 1 5 -5 4 -2 -4 2 -8
L 3 181 0 1 -1 -1 -1 -1 2 1 -1 -5 -2 3 -1 6 1 2 4 -8 1 1 0 1 3 6 -2 1 2 0 -2 -9 6 7 -6 0 0 -2 1 -2 -3 -2 0 1 4 0 7 0 -1 7 -1 0 6 3 -5 -1 -3 -5 7 -6 7 5 -1 -1 6 1 -3 1 4 0 -2 -5 2 -2 2 0 -3 -1 3 1 -5 -4 -2 -1 3 -2 1 4 -2 2 -5 -3 5 1 2 1 -4 1 15 0 1 -1 4 4 -7 -2 -2 2 -2 -2 16 -5 -1 -7 -10 2 -3 -1 -4 -6 2 2 2 1 -1 1 0 -1 -1 1 3 3 1 4 2 3 4 4 -8 -1 7 0 3 -1 1 3 2 -2 -2 -2 22 4 -4 -4 -1 -8 5 -1 1 -2 0 3 -1 -4 -5 -5 1 7 1 -2 -2 -21 -5 3 -4 -3 0 -3 -2 -8 -4 -4 -3 8 -1 9 0 1 -3 1 5 2 0 -5 2 -2 3 1 2 -2 0 0 -4 9 1 -5 1 -1 3 3 -3 2 -7 2 1 2 -1 2 1 -1 -4 1 2 -2 2 1 1 2 -3 -6 -2 1 -3 -5 10 7 4 -1 4 -1 -2 -3 -3 2 2 8 0 0 -5 -1 5 -3 12 2 5 -1 0 0 -1 -7 2 -1 1 2 -3 -3 4 -3 -2 -3 0 -2 1 2 -1 11 -2 3 4 1 6 5 7 -2 5 2 -2 -5 -4 1 2 -5 0 -3 1 0 -6 -2 2 -4 3 0 -16 -9 -4 1 0 3 -3 -2 0 2 -1 -24 2 2 0 -2 19 -3 0 0 3 -4 4 0 -1 -1 2 -5 6 1 -6 0 -4 5 1 3 -4 8 -5 -2 2 -3 5 2 3 -3 -1 0 -13 0 0 1 -1 -2 -1 -1 1 6 -1 0 0 3 1 -1 3 -2 1 -7 -1 2 8 0 -2 -1 3 0 -1 -3 2 -3 1 -4 -16 -3 -1 -2 1 6 -3 0 2 -3 -1 -2 -4 3 -1 1 2 2 6 4 0 0 0 -3 11 -7 3 2 -6 -3 2 3 1 0 -1 0 -4 -2 8 5 -7 -1 6 -3 4 9 -3 5 1 3 -4 2 1 -5 -4 3 -2 1 -1 3 -4 -2 4 0 2 2 0 13 -1 -5 3 1 1 3 -1 2 0 -1 -3 -3 -2 2 -2 1 1 3 2 3 -2 -2 4 4 -15 0 5 -4 5 -3 -1 0 -1 -1 13 1 4 -3 -2 0 -2 3 -1 -1 1 3 6 4 0 -5 -4 4 1 -2 -4 5 -3 -7 -2 -3 -20 1 -4 0 -2 1 -1 5 -1 1 -2 1 0 0 1 0 1 2 3 5 -1 2 -2 -6 -5 6 -22 1 1 -2 5 -7 0 0 1 6 3 0 3 -6 1 7 -2 -1 2 -2 -2 2 0 -2 -2 3 -4 1 -5 -3 3 1 5 0 -2 1 -8 -3 -2 -1 0 2 -3 -8
L 3 182 0 42 1 -4 -3 0 8 -1 -1 -1 -2 -2 -2 4 3 6 0 1 -3 -5 -2 5 3 -2 -2 -8 -2 -5 4 -5 4 2 -8 2 -2 -4 -3 -6 1 3 -1 -3 1 2 0 1 0 6 2 1 2 5 -4 -3 -3 11 -2 -3 1 9 1 -4 -1 -1 -4 1 3 -3 -13 -7 -1 -7 -1 -3 0 -2 -1 0 4 1 -3 2 -1 2 1 5 -2 -1 -2 -4 5 8 4 1 -7 1 1 -1 -3 2 -1 -1 -2 -2 -3 0 5 -4 7 1 -5 -2 -14 1 -1 -2 1 2 0 2 5 -39 1 0 -2 -2 5 -4 1 4 5 0 1 6 4 2 0 -1 4 2 2 -2 1 4 1 3 1 3 0 -4 1 -2 -3 -6 3 1 2 0 -1 2 -3 -5 2 -4 6 13 3 -1 -2 4 1 2 -1 -3 1 -8 1 1 -1 0 -2 9 -5 -4 2 -1 -3 3 3 1 -10 -5 -3 2 5 3 2 -5 -2 1 -4 9 1 -1 -5 -6 3 3 -2 -1 6 2 4 3 -3 -5 -1 2 -1 1 3 -1 4 -1 0 0 -2 -1 -4 -3 -6 -7 8 8 4 -5 -2 2 0 -6 8 6 2 5 -4 0 -5 1 2 0 4 -1 6 -3 4 4 -5 -5 1 -1 18 -2 0 -1 1 -1 0 -1 -3 1 0 -3 -1 -3 -2 -1 2 2 0 -3 8 -2 3 3 -1 -3 -8 -3 2 -5 -2 1 -1 -1 4 1 -4 -2 3 -1 1 -8 2 -1 4 4 -1 -2 2 3 -1 4 2 3 1 -2 14 2 4 4 7 -3 2 0 -1 7 1 0 0 1 -3 -4 2 3 2 0 -3 4 -3 2 1 -3 0 -2 0 0 6 2 -1 -6 0 1 0 4 6 1 -2 4 1 -3 -5 2 1 -2 0 4 3 -5 3 5 3 -1 -9 -6 -8 0 3 10 -1 -2 2 2 7 1 0 -3 3 2 -2 -4 1 1 -2 0 -4 1 1 1 -10 -2 -9 -1 1 3 -1 -3 11 -3 4 -2 -1 -3 1 4 2 6 0 1 -6 0 -3 -1 0 -1 0 -3 3 4 -1 2 -1 4 -4 -3 -3 10 -8 6 -2 -1 1 0 -8 11 1 2 1 2 1 11 -3 0 7 2 -8 1 0 5 -1 1 1 6 0 5 -2 1 2 4 0 -4 0 -1 -4 7 -10 -3 9 2 0 -5 -2 0 -6 5 11 -2 1 -4 -3 2 -3 3 0 5 3 0 -2 6 -1 -1 -6 1 -4 -12 -1 5 -7 -4 -1 1 -19 3 -2 1 -2 2 4 3 0 2 -1 0 1 -5 1 -11 3 -1 2 5 -1 3 5 -3 -8 1 -12 1 2 -7 6 -8 -3 0 0 7 3 1 1 -6 0 -8 -1 -2 1 -2 2 3 1 0 -1 2 -5 2 -2 0 -1 0 -1 -2 -4 -4 8 -10 7 -1 4 -2 -5 8
L 3 183 0 29 1 1 1 -3 0 -1 0 3 -1 2 -1 0 -5 -7 2 0 1 5 2 -5 -1 0 1 3 0 1 0 3 -4 9 7 -2 1 3 3 3 1 -3 -1 4 -3 0 0 2 -2 -10 -3 -1 -4 -2 2 0 2 -4 -13 0 -2 -6 -3 0 0 1 2 -1 -1 3 8 2 2 1 0 4 1 2 -2 0 -5 -1 3 2 1 0 -1 -3 2 1 1 3 -3 -6 -3 -2 9 0 -16 -1 2 -2 1 0 5 4 0 -2 -4 2 -2 -2 6 3 7 -1 2 0 1 -9 0 0 -4 27 -2 1 2 2 -4 2 -2 -4 1 0 0 -3 -3 -3 5 0 -1 -2 -3 4 2 -4 -1 -5 -2 -1 -1 2 -1 1 5 4 0 -3 0 -3 2 -1 3 1 2 3 -6 -3 -1 5 0 5 2 -2 1 2 -6 4 0 -1 3 0 0 -9 2 0 0 3 2 -4 -5 1 5 4 0 -1 -4 0 -4 3 0 1 3 -6 -2 -1 2 6 -1 -4 0 -2 -3 1 -3 -2 7 1 -1 -2 1 1 1 -1 -3 0 -3 3 2 0 3 3 4 8 -4 -3 -3 0 -1 -1 0 -3 -5 -4 -2 -11 2 0 4 3 -4 1 -7 1 -3 -2 -4 -1 4 3 -4 3 -10 -7 0 2 -1 1 0 -1 2 1 -4 1 0 -2 2 1 -3 -1 2 -1 0 2 0 -1 2 5 6 0 8 3 -1 2 0 3 -6 0 -3 4 -2 4 5 5 -1 4 -1 -3 0 -2 -1 -2 2 7 -2 -2 -3 1 -4 -2 -1 -2 -2 3 -5 1 0 -9 -6 -1 -1 -2 4 0 0 -1 0 -3 0 -2 8 -1 0 2 -2 0 -2 -5 -1 -1 1 4 2 1 1 -1 -5 -1 -4 -6 -3 0 7 -4 0 2 2 8 -3 4 -3 -5 3 2 5 7 4 0 -2 4 -1 5 1 0 4 0 -1 2 1 -3 0 1 0 0 0 1 2 -1 0 0 -5 -1 3 -5 0 -2 2 2 -3 2 3 1 1 3 -1 -2 2 -1 -1 -1 2 -4 1 3 -2 2 0 3 -9 -5 0 -1 -2 -2 2 2 1 -7 6 -4 4 1 0 -2 3 -3 0 -2 -3 -6 -4 -10 2 0 -4 -2 6 -1 0 -6 0 0 -1 -4 -1 0 1 1 0 -3 2 0 1 -2 -8 0 6 0 -5 1 -1 3 2 -1 2 -2 -16 3 -1 0 2 4 -1 0 0 4 -3 0 -3 -7 0 3 3 -1 2 0 -1 -4 6 2 0 2 10 0 2 0 2 1 0 -4 0 0 -2 0 -2 3 3 3 -1 -3 -1 0 4 -2 -2 0 3 -2 17 0 0 3 0 1 0 -1 0 -7 -2 0 1 8 -2 12 3 1 -1 0 0 0 3 0 0 -4 5 -2 1 0 1 -1 0 2 1 2 -3 8 -2 4 -3 -1 2 8
L 3 184 0 38 1 -6 -2 1 5 0 0 -3 -1 -4 0 5 2 5 -6 -5 -2 -9 2 4 0 2 -2 -3 -2 -5 5 -3 5 -9 -8 2 -5 1 -5 1 -1 1 2 -1 4 -1 5 -5 0 7 5 0 4 4 1 2 -4 0 18 -1 3 7 3 -3 5 0 -8 0 4 -5 -13 -3 0 -5 2 -2 -2 3 4 -1 9 3 -6 1 2 -1 4 0 -1 -2 -2 -2 4 4 8 2 -6 0 13 1 0 3 0 1 -10 -4 2 2 1 -3 16 -1 -4 -4 -16 0 -3 3 -2 9 2 -1 3 -34 0 -1 0 -1 4 -1 1 2 -7 1 2 2 4 5 -10 1 -1 -1 -1 -4 -1 3 2 1 3 1 9 -3 1 0 -3 -12 0 1 3 4 -1 -1 -1 -3 -7 0 10 3 0 -7 0 -8 -6 3 -4 -8 6 0 -4 -1 0 -2 -2 0 -3 13 -2 -1 -2 5 4 2 -1 -6 2 1 1 -2 3 0 2 -7 -4 16 -1 0 0 2 4 3 0 2 -3 -1 3 4 -11 -2 1 0 0 -3 -7 1 2 -1 0 -4 -2 -3 -3 -4 -2 -2 1 13 6 2 3 2 -2 2 3 3 3 5 0 0 -3 -3 4 1 9 -3 6 2 4 2 -5 0 -4 -2 13 9 -6 -2 4 -3 -1 0 -5 -2 3 -1 1 8 -4 -4 1 4 0 2 6 -1 8 2 -2 1 -9 -5 -4 -4 1 1 1 -4 -6 2 3 -4 8 -3 -11 -5 -1 0 0 1 0 4 -1 -1 0 -8 3 1 3 3 2 2 4 2 4 -5 5 -1 0 5 3 5 -3 2 -6 -1 -1 2 1 5 -2 3 -7 0 0 -3 3 1 4 4 3 1 1 -5 -3 -3 1 7 5 -1 3 3 2 -1 -6 2 -2 -2 -1 -6 3 -2 2 4 -1 -2 -4 -16 -1 0 4 -9 -1 -7 1 -6 -11 2 0 -4 0 2 -3 1 2 1 1 2 -2 0 -1 0 7 2 -8 6 0 0 -3 3 11 0 8 3 3 0 1 0 -3 -1 2 0 1 0 0 2 1 -3 4 -4 1 8 0 -1 2 1 -2 -6 1 3 -11 4 -5 -2 -3 2 -6 -5 0 1 4 5 2 9 -1 -1 3 -2 -5 -1 -1 5 5 -1 -1 4 2 2 3 0 -6 0 1 1 -2 2 -1 -12 -13 1 -1 1 2 -3 0 1 -3 3 20 -4 0 6 -2 -3 -5 1 -1 -5 4 1 7 6 -5 -6 -3 4 -1 -2 -2 4 -5 2 -4 3 -4 3 -4 4 -5 -2 -4 9 0 -1 1 2 4 -5 -1 -18 -2 5 4 9 -4 4 2 2 -2 3 -31 0 1 -9 6 -2 1 -2 -1 9 1 3 0 1 4 -2 0 -1 5 0 -3 2 0 1 2 7 -5 0 1 0 -1 -2 0 -4 2 -1 -2 -8 2 -3 3 4 -3 8
L 3 185 0 47 1 -3 0 -3 -8 -4 0 3 1 -3 -1 -1 -5 -3 -2 8 -3 8 -1 -2 -2 -6 0 -2 -3 -1 2 7 -4 4 2 1 -2 1 -1 4 -2 3 -1 -1 -2 -1 -10 -2 2 -3 -3 1 -3 -2 14 3 2 -4 5 3 -4 8 0 -2 -5 -1 6 2 -2 3 2 -1 -3 2 -2 -1 -3 1 -4 -1 2 3 6 1 -1 2 -3 -8 -1 1 6 2 -5 1 -1 0 5 -1 -5 0 -2 3 -1 -3 7 0 1 -2 3 1 -11 6 0 7 7 -3 3 1 2 1 0 -3 -3 2 2 0 -1 0 1 1 0 -1 -18 -3 1 -1 -1 -4 6 0 -4 -3 -2 0 0 2 -1 2 0 1 -12 -5 3 2 5 8 0 -2 -6 3 0 -4 5 2 3 4 -3 13 3 4 0 10 3 -2 -1 3 0 4 2 5 3 0 1 -2 2 -9 1 -1 3 -2 -4 -2 12 2 1 1 -3 0 -2 6 1 9 0 -3 0 4 0 7 -3 -3 3 -1 -4 1 0 -5 1 -3 1 2 3 -2 0 1 1 -3 0 -1 3 8 1 1 3 6 -11 1 -3 0 -4 0 5 1 0 -5 1 2 2 1 4 2 -2 0 -7 -2 -4 0 0 2 0 8 -4 3 16 -9 4 1 -2 3 2 -1 -2 5 -2 0 -3 -5 3 -4 -3 -4 -7 -3 0 4 -3 -2 0 2 14 5 -6 1 -1 0 1 3 -2 2 -9 3 -4 2 7 8 2 -1 2 -1 -1 3 -2 1 2 20 0 -1 0 1 -13 -2 -1 -1 -8 4 -5 -3 1 5 -2 1 -4 -3 2 3 1 -3 0 -2 3 -4 3 2 -7 5 -4 -1 -3 -2 -1 0 2 -3 0 -1 0 0 4 2 2 -5 -1 1 2 -4 -2 -1 -2 0 -1 4 0 -4 -7 1 7 -5 4 -1 -1 -4 2 0 -2 4 14 2 3 2 -3 0 4 -3 -1 1 1 4 3 1 -2 -2 0 -3 1 -1 0 -3 -2 -1 -15 4 -1 2 6 1 -3 -3 0 -3 2 0 5 -10 -6 2 5 -1 -7 -1 0 12 0 -3 -3 -3 0 0 -1 7 -6 -2 3 -2 -1 2 6 -7 -2 0 -1 -5 2 -14 1 1 -6 -2 -7 0 4 0 4 -2 3 -3 2 -2 1 -3 1 -5 -2 -5 6 1 -12 -5 11 1 -11 2 -5 2 2 4 0 -1 -3 -1 0 3 3 -2 1 -5 2 -5 -1 -2 0 -5 -3 3 2 -5 0 -1 3 -2 8 2 1 2 9 2 4 -1 0 -3 2 -5 0 -2 1 -2 2 0 3 -4 -1 0 -5 2 -2 -3 2 2 5 -5 11 -1 -3 -7 1 5 0 -2 1 -1 -1 -2 -1 2 -2 -10 -2 5 -1 -1 1 -4 -1 -1 -1 -3 5 2 -1 2 -1 0 -2 1 2 0 1 3 -1 3 -1 -5 1 8
L 3 186 0 21 1 -7 -2 0 -11 -1 -1 2 0 1 -1 -5 -3 -3 4 7 0 -1 -2 -2 0 0 -1 5 0 2 -1 3 -3 -2 9 -4 0 1 3 2 -2 -2 -2 2 -3 1 -4 4 0 -8 -1 0 -6 -4 6 -3 1 2 -7 1 -7 -10 -1 -1 -2 0 4 -1 -2 3 14 9 3 4 0 1 -2 -1 -3 3 -5 -3 3 -1 -1 0 -4 -2 2 1 1 2 -3 -7 -2 -4 4 -2 -2 -2 2 -3 -2 -2 2 2 -1 -3 -3 0 -7 2 3 6 15 -3 1 0 4 -4 1 -2 -3 27 0 1 -2 -4 -2 0 -2 0 3 0 -1 -2 -5 -4 5 2 -3 1 -4 4 1 -6 -1 -2 -2 -2 -4 0 -3 1 3 5 -2 -5 -2 1 -1 -3 -4 3 2 4 -8 0 -1 3 0 9 4 -5 -1 3 3 0 0 2 2 -1 2 4 0 -6 3 0 2 -2 -6 -3 0 6 -2 1 -4 0 -4 0 -1 8 3 -4 1 0 4 7 -4 -2 1 1 -3 0 -3 -4 10 2 0 -1 3 2 0 1 -6 2 -2 2 0 2 5 0 3 7 -2 8 -5 4 0 0 3 1 -15 -5 -5 -7 1 1 3 4 -2 -1 -7 6 -5 -2 -5 -4 2 2 0 -1 -16 -18 -7 1 -1 2 -1 1 3 1 -5 2 -1 -6 5 1 1 0 2 -1 -12 1 0 -3 0 -2 13 5 -6 3 0 0 -2 2 -5 0 -3 4 -6 1 4 9 1 2 1 -4 -1 1 -3 -3 3 5 -4 -1 -2 0 -1 -3 -3 -3 -1 6 -6 2 -3 -9 -1 -3 -2 -3 6 1 2 -1 -5 -4 1 -3 6 -2 1 4 -1 0 -4 2 -3 -5 -8 6 1 -4 2 -3 -3 0 -1 -4 -4 -2 6 -6 -1 2 -5 4 -3 4 -2 -2 -1 2 1 11 3 3 -6 0 2 6 -2 0 -2 -1 1 3 -1 -3 2 0 -1 2 -1 -2 1 -1 -4 -2 -5 0 5 4 -1 0 1 1 -5 0 -4 0 5 1 0 -2 1 -6 -2 -2 -3 2 4 0 0 4 -11 1 -2 -7 -2 0 -3 1 2 2 3 -8 11 -3 3 2 0 0 6 -3 0 -1 0 1 -2 -9 0 0 -4 3 2 1 0 -4 -2 0 -1 -2 -4 -3 1 5 2 -5 -2 0 3 -3 1 6 17 0 2 1 1 2 3 0 5 -2 -21 8 1 1 2 5 3 2 -4 2 -2 -1 -3 -10 0 1 5 -4 1 6 2 -5 6 2 -2 0 2 -1 3 -4 2 0 2 -3 1 4 -1 -5 -7 6 3 15 -1 -1 -1 -6 3 -3 -3 -1 4 -3 22 0 -2 9 -6 2 1 3 3 -7 2 -1 -1 5 -1 4 2 -2 -4 -3 0 -1 -2 -2 2 -4 8 -10 8 1 0 2 -3 3 0 3 -6 8 -2 1 -3 0 2 8
L 3 187 0 61 -1 -2 -2 1 1 2 0 -2 1 -1 3 -3 5 8 -3 2 0 -5 -2 4 2 -2 -1 -4 1 -1 0 -2 2 -9 -4 1 0 -2 -3 -5 1 3 0 -4 2 1 3 0 2 6 3 0 3 3 -3 -1 0 8 9 1 3 0 2 4 1 -2 0 -1 1 -4 -10 -1 -1 -1 -1 -2 1 -1 2 0 7 1 -4 -1 -1 1 2 4 -1 0 0 -3 2 5 3 1 -10 0 7 0 -2 1 -3 -1 -6 -4 1 1 4 -3 3 -2 -6 -2 -5 3 -2 -1 0 8 -2 -1 2 -16 3 -1 -1 0 4 -4 1 3 2 1 -1 4 3 3 0 2 1 3 2 -3 -1 6 2 5 0 2 -3 -1 1 -2 -6 3 0 4 2 2 -3 1 -5 0 -1 -3 6 -5 1 -5 1 -3 -2 0 2 -2 11 -4 0 1 -2 2 2 6 -1 0 1 -3 -3 3 7 1 -8 -3 -1 0 3 1 3 -3 0 0 -1 5 0 -1 -3 -10 0 3 0 2 8 -1 3 2 -11 0 0 0 -1 -1 -2 1 2 1 3 -3 -2 0 -1 -3 -2 -6 3 4 2 -1 2 1 1 8 8 3 1 6 -4 -1 -3 -2 4 -1 5 0 2 2 4 0 -5 -5 6 -4 6 9 2 -2 1 -1 -2 3 -1 -1 4 -2 0 -1 -2 0 2 5 2 -1 -6 -2 -1 0 -1 -5 -10 -3 -7 -1 -1 -1 -1 -5 4 -1 5 -4 3 -4 -5 -3 2 -3 0 2 2 0 2 1 -2 -13 1 1 3 0 4 5 1 0 7 -2 5 2 1 4 5 1 -2 2 -3 -1 1 0 0 4 0 0 -5 0 1 -3 1 0 1 5 3 -1 3 -3 -2 -1 -1 1 4 0 4 4 2 -1 -5 4 -3 -1 -3 -8 3 -3 4 5 -1 -5 -5 -3 -6 0 2 -2 0 -1 -1 0 0 1 2 -5 2 0 0 0 -1 1 2 7 -3 -1 0 0 5 1 -2 2 -1 3 -2 2 2 -3 -6 -2 -3 -1 2 1 -1 -1 -1 2 -2 6 -4 -7 2 -1 2 -2 8 4 4 -1 2 2 -3 -1 -2 6 -7 5 -4 -2 2 1 -3 7 1 2 2 7 2 10 -3 0 4 2 -7 1 -2 4 -2 1 0 5 2 -1 -1 0 -2 4 -2 2 -1 2 5 9 -9 -1 11 2 2 -2 0 -2 -2 1 12 -3 -2 0 -2 -1 2 6 0 1 4 0 4 6 2 -2 -3 1 -3 0 2 2 -7 -1 1 -2 -3 0 -1 2 0 1 0 3 2 2 1 0 0 -2 -4 -6 2 3 1 -4 -1 2 1 -2 0 2 -13 0 0 0 -1 -1 0 1 -1 4 3 0 -2 -10 1 -15 1 0 0 0 -1 1 -2 1 2 3 -3 6 -5 1 -1 1 -1 -2 -2 -3 4 -6 5 -6 3 2 -1 -8
L 3 188 0 22 1 1 -1 2 5 4 0 -3 -1 1 1 3 4 2 -2 -5 0 -6 2 0 -1 2 -2 2 2 -1 0 -5 4 -9 -5 0 -2 1 -1 3 0 -2 0 2 2 0 10 2 -1 3 1 -2 5 6 -6 -1 -3 8 2 -4 7 -4 2 3 8 -1 -5 -3 5 -3 -9 -4 2 -1 4 3 0 1 4 -1 4 -2 -7 1 2 -2 4 3 0 -1 -5 -2 4 -1 2 2 -4 0 8 0 3 1 -1 2 -12 -2 4 2 -5 -2 15 -6 1 -7 -7 4 -4 1 -1 0 2 1 2 5 -1 0 3 1 -2 -1 2 1 4 3 2 1 2 7 -4 0 3 1 2 -1 1 3 4 -5 -4 -1 12 2 -2 -1 -3 -7 0 4 7 -1 -1 -1 -5 -4 -8 -1 4 -11 -1 -8 0 -19 -6 5 -2 -11 2 -2 -3 -7 -1 -4 0 3 -1 16 0 1 -3 0 4 3 -4 -1 1 -3 0 -2 2 0 0 -13 -1 6 -1 -6 5 -2 5 2 -4 2 1 -2 1 3 -8 1 0 -4 -1 1 -6 0 1 2 1 -3 -3 -2 -2 0 1 2 6 13 6 -1 5 -1 -4 6 -3 -1 4 4 1 0 -1 -1 3 2 8 0 4 1 3 -1 -3 -2 1 -2 -11 13 -3 0 6 -5 -4 0 1 -4 1 -2 1 10 -4 6 3 8 6 3 0 -3 3 1 1 0 -8 -6 -1 -1 1 0 2 -3 -10 -1 7 -5 8 0 -15 -8 -2 0 -2 -1 -1 0 2 -2 1 -29 1 1 1 4 11 0 1 -3 2 -5 5 3 1 -4 3 3 0 2 -4 -1 -4 4 0 5 0 4 -1 -5 4 -4 7 4 0 1 0 -3 0 2 -3 -1 0 1 -1 -3 6 4 -1 0 0 4 -2 -2 1 -2 3 -5 -2 5 5 -5 1 0 -1 1 2 -3 2 1 3 -5 -17 0 1 -7 4 1 -5 2 3 -2 2 1 -2 2 0 3 9 5 11 0 -2 0 -1 5 17 -1 -3 4 -4 1 1 -3 -3 -6 -1 1 -1 5 7 1 -3 0 11 -1 3 4 2 2 3 1 1 2 2 -3 -5 -2 -4 -2 -2 0 -6 -8 1 -2 1 5 -3 12 1 -1 2 0 -1 -1 -3 -1 2 0 -3 -1 -2 -1 3 4 -5 2 2 5 -4 3 9 -3 -18 1 2 -2 3 -2 0 -3 1 1 8 0 2 4 0 -1 -2 9 -2 3 1 6 7 6 0 -4 0 5 1 -1 -4 1 -3 -3 -3 -1 -3 1 -3 4 -3 2 -3 5 1 1 -2 3 -2 -1 -2 -7 -2 3 5 -3 0 2 -3 0 0 5 -19 1 2 1 1 0 2 0 -3 5 0 1 -1 3 3 8 3 -2 5 1 -5 6 3 0 2 6 -3 4 -3 -1 0 -2 3 -3 0 1 -7 -3 1 -4 1 7 -2 8
L 3 189 0 49 -1 -7 -3 -2 6 2 -1 -2 -1 2 2 3 1 8 1 -4 1 0 -1 3 4 1 -2 -6 2 -5 5 -5 1 6 -5 1 -2 -2 -1 -5 1 0 -2 -3 3 0 8 -3 1 1 1 2 5 5 -1 -1 -1 -3 12 -1 6 2 0 3 3 -1 -2 1 3 -3 -9 -1 1 -4 0 -1 -2 -1 3 -1 5 0 -3 1 2 2 2 3 -2 1 0 -3 4 5 6 1 -8 1 1 -1 -2 1 1 1 -6 -4 0 2 0 -4 17 -8 -5 -5 -12 4 -4 0 0 2 -2 0 3 -10 0 0 1 0 1 -1 0 3 -1 2 -1 3 5 2 -1 2 5 1 2 -2 3 9 1 1 0 0 10 0 -1 -4 -4 1 5 -1 2 0 -1 3 -3 -2 -3 -5 6 3 2 -1 1 -10 -5 -1 -1 -1 13 -3 -1 -3 -1 2 -1 0 -1 7 0 0 -3 3 9 4 -4 -5 1 -2 2 1 2 -3 1 6 -2 18 -2 -2 -3 -7 0 2 -1 4 2 0 3 3 -11 -1 -1 0 -1 -1 -1 0 3 1 0 0 -4 -2 1 -1 -3 -5 1 7 4 -2 5 2 4 4 9 2 1 2 -3 0 -4 -1 4 -3 9 1 5 0 2 0 -3 -11 5 -2 14 2 1 -2 3 -2 -1 2 -2 -1 3 1 1 5 -1 -2 1 7 6 3 -1 -2 8 2 -1 -5 -12 -5 -1 -4 -2 -2 1 -2 -6 -1 2 -4 3 -2 -15 -3 -1 1 0 1 0 -4 1 2 -2 -15 2 1 0 0 12 3 3 0 12 -3 4 0 1 -3 1 -4 -1 0 -4 -4 0 -2 3 3 -3 4 -4 0 2 -3 2 -3 3 1 3 0 -4 -5 -1 -1 0 3 5 0 0 2 1 -2 -2 1 -3 0 -2 -6 2 -3 4 4 3 -3 -1 -4 -1 -2 1 -1 -1 1 -2 -3 -2 0 0 -6 1 2 -3 -1 2 1 1 15 -4 1 -2 0 3 0 -6 3 0 2 -4 0 7 -9 2 0 -6 0 1 3 0 -2 -1 1 -3 -5 -5 -2 -3 -3 7 -3 -2 13 1 0 0 0 -5 -1 -2 -2 -12 8 -5 -1 1 4 -5 9 4 1 3 1 -1 12 -3 -3 3 1 -3 2 -6 2 -1 0 -1 3 3 -1 -1 -2 -2 6 -1 3 -1 0 -11 16 -19 -1 10 2 2 -3 1 -3 -4 2 14 -1 -3 -2 -4 1 -2 11 2 3 4 1 9 2 0 -3 -6 3 -2 -3 1 3 -4 -1 0 0 -10 2 -3 3 -2 3 -1 3 3 1 -2 1 1 -2 -2 -16 3 2 2 5 0 4 2 -5 -1 4 -23 0 1 -2 9 -4 -1 -2 -1 7 3 1 2 -13 0 -6 3 0 0 -1 -2 2 -1 0 2 4 -3 8 -9 -1 2 -1 3 -1 -3 -1 -1 -4 4 -1 1 2 -1 -8
L 3 190 0 13 -1 4 0 2 -2 2 0 -5 -1 0 0 1 6 3 1 -3 0 -4 -1 2 0 3 -1 3 1 3 -6 -6 7 -8 -6 0 1 -2 0 -2 -2 1 1 0 3 1 2 3 0 12 1 -1 4 2 -7 -1 -3 6 4 -5 5 3 1 0 3 0 -2 -1 2 0 -2 -5 0 1 1 -1 -1 -2 2 2 -4 -2 -4 -3 1 -2 1 4 -2 0 -4 -3 3 1 -2 1 -6 0 22 2 1 -2 1 3 -7 -2 -1 1 1 -1 3 2 -3 -6 -3 1 -2 -2 -4 1 1 2 2 -4 1 0 -1 -1 2 -1 3 3 5 3 2 4 3 5 -7 -1 4 2 4 -2 -3 1 2 0 -1 0 8 2 -2 -2 -3 -6 -1 3 1 0 -2 1 -3 -3 -5 -4 1 -1 -1 -6 -1 -14 -3 4 -2 -4 -2 -5 -1 -4 -4 -4 0 15 -1 1 0 -2 -3 1 3 -1 -4 -2 0 -1 3 1 3 -2 -1 -6 -3 -4 3 -3 1 -5 3 4 -2 1 1 0 1 1 -1 2 2 -1 -3 2 1 -1 2 0 3 -1 -2 -3 -4 -1 -2 -7 12 3 2 1 2 -1 -6 2 -4 3 2 13 0 0 -5 -2 4 -1 8 1 2 1 2 -2 -2 -2 3 -3 -6 8 -2 -2 3 -2 -2 -1 2 -2 2 0 -1 5 -3 6 5 -1 1 1 2 -3 -3 1 -2 -6 -1 2 -5 -3 1 -3 0 -1 5 -2 5 -4 2 -2 -6 -8 -1 -3 0 4 -1 2 1 1 -1 -22 1 3 2 -1 10 -1 -2 0 -2 -3 5 2 -1 5 6 -1 5 2 -4 2 -2 6 -2 3 0 4 -7 -3 1 -3 4 4 1 1 -2 -1 -6 2 -1 0 -2 -4 -2 -1 5 7 0 1 -3 6 1 -3 2 -4 2 -7 -1 4 2 -2 -6 1 -3 1 0 -3 3 -5 1 0 -14 -2 1 -1 1 4 -1 0 0 -3 -1 -10 -3 2 0 1 5 3 10 4 0 1 1 -2 7 -1 -5 0 -3 -3 2 1 0 1 0 1 -4 7 10 0 -3 0 2 -1 13 1 -1 4 3 4 -1 2 2 3 1 0 -2 1 -1 0 -4 -4 0 0 1 8 2 11 0 -2 4 3 -3 2 3 3 -1 0 -1 -1 -3 1 -1 3 1 1 1 2 -2 1 20 -3 -5 0 4 -4 4 -2 -2 1 1 -2 11 -1 5 -1 0 -2 3 -2 -4 -3 0 2 1 9 2 -5 0 2 1 1 -3 4 -5 -6 -1 -4 -14 -1 -2 0 0 0 0 4 -1 2 1 1 -1 -1 -2 9 0 2 2 -5 -2 1 -3 -3 -4 4 -11 1 0 1 -5 -3 1 4 1 4 3 0 0 -3 2 -3 -4 -2 2 0 -1 1 -2 -1 -2 3 -4 0 0 -1 0 2 1 -2 -2 0 -3 -5 -1 -5 2 3 -3 -8
L 3 191 0 14 -1 -1 -1 5 6 -3 -1 2 0 1 -2 -1 -1 -8 2 -2 0 -4 5 -4 -1 2 0 9 -3 -1 3 3 -4 -2 6 -4 0 4 4 4 0 -3 -1 3 -1 -1 -9 1 0 -1 0 0 -4 -3 -5 -1 0 -5 -8 0 -6 -7 -1 -4 0 2 -2 -1 2 3 10 4 3 1 2 2 1 0 -4 2 -6 -4 3 0 -1 -3 -2 -2 5 -2 -1 2 -4 -6 -5 -2 3 0 -9 -1 2 -1 0 0 3 7 1 -3 -4 4 -3 3 3 3 6 -5 2 2 1 -2 2 -1 -1 7 -3 -2 -4 -3 -1 3 -1 -1 13 0 1 -5 -8 3 -5 -2 -4 -2 -3 4 -1 -9 -2 -3 0 0 5 2 -1 2 3 -8 -3 -2 1 0 1 -4 2 -3 2 2 -7 2 -5 3 -1 14 3 -2 0 3 -14 0 0 1 1 -3 1 7 -4 2 0 3 3 -3 -9 -4 -2 4 -2 0 -2 -2 -4 1 -2 -3 2 -4 0 2 3 7 3 -1 -2 -5 -1 1 -3 -3 18 -1 0 0 1 1 4 0 -6 3 -1 0 2 -1 2 0 -2 7 -1 -14 -2 0 -2 -2 -2 -7 -24 1 -5 -7 2 0 2 3 -4 0 -7 -4 -2 -3 -4 1 5 8 -15 4 -19 -13 -6 4 0 5 3 -3 2 0 -4 -2 -1 -3 5 -4 -2 -8 -7 1 6 3 0 0 3 5 8 7 1 4 0 5 -3 3 0 2 -5 4 -4 -1 6 2 1 1 0 -3 -1 4 -2 0 5 19 -2 -1 -2 -2 -4 -6 -3 1 -4 3 -5 0 -1 -3 -6 3 0 -1 4 1 0 2 -2 -5 -1 -1 2 1 2 2 -1 0 -2 -3 -2 1 -1 3 1 -3 1 0 -5 -1 -4 1 -3 3 1 -5 3 2 -3 3 -3 6 -5 1 0 6 -4 6 5 3 -2 1 -1 3 0 1 1 3 -1 8 -1 -1 2 1 0 0 -2 -9 3 0 0 2 -7 0 -5 2 1 -1 1 -2 0 4 6 0 8 1 -1 0 1 0 2 2 1 6 7 3 2 2 1 4 0 -22 -4 2 0 1 5 0 3 -7 8 -2 2 1 -2 -3 4 -7 -2 -4 -1 0 -3 -11 4 0 -2 -3 3 0 3 -4 0 1 0 -3 -5 -1 2 5 1 -7 1 -1 -2 -1 -2 -13 14 1 -6 -2 -3 0 0 0 6 -2 -19 3 4 1 0 5 1 -6 -3 -3 -5 -3 -6 -9 -3 1 4 -2 1 6 -1 -4 3 4 -3 3 -7 -1 0 -5 0 2 1 -1 -2 0 2 -1 0 5 2 12 -4 -3 -1 -2 1 0 -2 1 -5 -3 15 0 0 -1 2 3 -1 2 2 -6 -1 -1 2 16 0 15 -5 -2 1 -2 2 -2 0 -1 -1 -3 2 -17 11 0 2 0 -4 3 2 3 -4 5 -3 5 -4 -1 2 -8
L 3 192 0 34 1 9 0 7 4 -1 0 -5 0 0 -1 7 2 4 -2 -14 2 3 1 2 1 3 -1 -3 2 -2 -3 0 5 -2 -6 1 0 -2 -3 -7 -2 -1 1 -5 3 0 10 -5 0 11 5 3 7 3 -6 2 -1 -12 23 1 1 8 1 3 4 0 -2 1 3 -6 -10 -2 -3 -1 -2 -2 -4 1 4 0 -1 2 -4 -3 0 -2 1 7 -2 -2 -4 -4 4 5 6 0 -8 4 11 2 0 0 4 3 0 -1 0 3 4 -3 10 -4 -8 -8 -15 3 -3 -1 -5 -1 -2 1 2 -25 1 -2 -3 -2 2 -2 1 2 2 3 -1 0 8 2 -13 1 2 -3 4 -4 -2 5 -1 5 4 0 7 2 2 0 -4 -5 4 0 0 0 0 5 1 1 -2 -8 9 0 -2 -3 0 -12 -3 2 1 1 -3 -2 2 0 -4 2 0 2 -1 5 -3 -1 -2 6 7 1 0 -7 4 1 3 2 3 -2 6 3 -3 11 -2 1 -5 -5 3 3 3 -1 1 1 4 3 -13 -2 -1 1 0 -3 5 -1 2 1 0 0 -1 -9 -4 -4 -6 -13 6 -10 2 -2 5 -1 -2 1 12 5 2 9 -4 -1 -7 -6 4 -5 11 -5 4 1 2 1 0 -5 4 -3 17 11 1 -3 -1 0 0 -1 -3 -2 4 -1 2 3 -1 -4 2 -4 2 5 9 -1 6 3 -2 -5 -9 -1 0 -3 0 -1 0 -2 -2 0 8 -6 3 -1 -8 -3 -3 -1 -1 6 1 -1 0 2 -6 -11 4 4 3 -2 7 4 2 2 11 -6 5 -1 2 7 0 -3 5 3 -6 -1 0 1 3 4 -5 3 -15 2 1 -3 0 -2 6 5 -1 4 -3 -7 -1 2 -2 1 4 -1 1 7 5 2 -10 5 0 1 3 -14 3 0 5 3 0 1 -10 -10 -2 -3 5 -5 -2 -4 -2 -1 -5 -1 -3 2 -3 1 -3 1 1 -1 -4 1 -3 -1 3 -1 4 2 -5 6 1 1 -3 -2 1 -4 8 0 -5 -2 1 5 -2 9 0 1 3 -5 -2 -2 0 -5 5 -1 4 2 1 3 5 0 0 -3 0 6 -7 9 -5 2 -2 4 -5 5 1 5 5 2 3 10 -2 -1 4 -2 -1 2 2 6 2 -2 0 5 4 2 -4 -4 0 4 2 1 -7 2 1 10 -16 0 10 -1 5 -4 -4 4 -4 0 20 0 -1 -8 -6 -1 -3 -2 3 -13 2 -2 5 6 0 -5 -4 2 -3 6 -1 4 -10 -1 1 1 -22 -3 -7 3 1 0 -3 6 0 -3 3 1 7 -3 -2 -3 4 3 1 5 0 2 0 -3 -6 3 -26 1 3 2 10 -5 -2 -1 0 8 1 4 2 -12 -1 -3 0 1 0 0 2 -4 -3 0 0 2 -7 6 -3 -3 5 0 3 -1 0 -4 1 -9 2 -3 2 1 0 8
P 3 0 32 -14 -11 6 -11 -8 -2 -7 -4 -3 3 4 -1 6 -3 3 0 5 1 -8 8 4 -9 1 4 -7 4 6 -5 0 4 -5 -7 4 -3 -13 -8 3 -4 -7 1 1 -5 4 8 6 5 8 -2 7 4 -7 -3 -9 32 -4 -2 0 -1 5 5 -7 0 -4 6 -5 -1 5 7 5 -5 3 -16 3 -1 9 1 1 -1 -1 1 1 -11 -1 0 0 5 -8 -1 -2 7 -8 -13 -1 4 -5 -1 -2 -2 1 -7 2 2 -1 4 -14 16 -13 -12 1 -1 1 -3 -2 5 -7 -6 -7 -11 21 7 -2 -9 -13 4 -6 -2 5 9 15 -1 8 6 1 -5 12 2 -1 -2 0 0 7 -1 4 -5 2 8 -1 -1 -3 4 7 3 -9 -1 11 -4 -3 -10 4 -2 -12 -2 12 1 2 -1 6 0 -8 -5 6 16 -13 3 1 0 2 2 24 -5 -4 -2 -4 -2 6 3 -4 -3 6 1 -5 -1 7 -7 5 0 32 -2 21 -6 -7 -3 -5 4 2 -4 0 8 6 3 -3 1 -3 2 -2 6 -2 10 1 -13 3 -2 -2 -5 -9 9 -3 1 0 2 -5 -6 1 8 -3 8 18 -24 -6 -6 7 -7 0 -5 1 8 -13 -3 5 -4 0 -2 -4 0 -6 -8 -8 7 -25 -14 -5 2 5 -7 1 0 0 -7 0 -8 -16 7 -10 6 -9 3 5 -12 1 5 -4 0 -20 9 3 -20 -2 -9 0 -14 -2 -20 -1 -4 -2 -1 -7 -12 10 4 4 3 4 -2 5 -1 -4 3 -27 0 8 2 3 16 1 -9 -4 15 -3 -5 10 0 -7 -7 -12 -4 -8 -2 0 3 3 -5 5 -7 -1 -11 0 -1 0 -4 -7 -4 0 -1 -7 -20 -1 -5 -14 0 0 1 -4 2 5 -8 -6 -2 -6 -11 1 -12 -21 1 11 7 13 6 -2 -16 1 4 -1 -3 -11 3 10 -4 2 0 -1 4 0 -2 -6 0 0 -4 5 -5 22 -9 -7 -10 -6 -6 4 3 16 -5 -3 -7 0 -11 -10 0 5 4 -6 -4 3 4 -11 -6 0 -8 2 4 -3 4 0 2 -4 20 3 2 -3 2 3 -6 2 6 4 -15 15 -7 3 -3 2 3 1 7 5 6 14 0 1 -11 -12 -2 3 -22 4 9 2 1 -2 -7 2 0 -2 -3 6 -4 -13 -2 -2 1 -4 -23 35 -1 3 31 5 8 -9 10 1 3 -14 1 13 6 -4 -5 16 1 11 -6 -10 3 -6 7 -13 -4 -8 1 -6 -9 19 2 -5 -4 1 -6 0 -25 2 -9 1 0 3 7 -2 8 8 -1 -11 -7 2 -2 0 5 0 1 -11 9 -1 -8 -24 8 -7 -16 2 -3 3 9 -7 -2 7 5 6 14 -1 1 -11 0 -22 0 -1 -2 -14 -4 -8 -17 -5 3 -1 9 -11 -4 0 9 3 -6 5 -1 -1 -8 0 11 -8 -4 3 -2 -16
P 3 1 32 36 0 8 -60 -36 2 43 -19 23 11 -11 -31 -23 37 23 17 -51 10 -13 12 39 1 -47 -14 -76 74 -35 25 5 -85 -59 45 2 -12 20 19 -33 46 -126 -22 -26 37 56 82 -77 -54 3 -47 73 190 -15 -11 306 12 -1 -86 -208 28 151 52 6 127 -11 24 32 77 -284 32 -30 41 16 74 69 -167 68 -61 21 -47 -23 12 -1 20 6 4 -30 -80 8 19 -68 73 -40 22 -14 42 21 -87 -32 -57 22 -29 -44 -192 -3 17 -65 -15 49 -47 41 47 -43 79 -7 -73 221 1 31 -40 229 -39 -22 84 -55 -57 24 7 7 174 -3 0 138 -15 96 79 20 -1 22 -6 45 -77 142 -30 52 -29 89 92 30 9 -37 11 133 -17 3 -13 164 -46 57 113 -1 31 -33 5 -23 -35 17 7 -151 -1 -13 -6 -60 221 63 13 14 -26 73 -31 3 31 -106 -14 -97 -52 90 -3 -22 -75 -45 -150 -146 -24 84 18 -118 -68 -143 -15 -3 -38 4 103 18 3 -42 101 -26 -1 -38 -30 55 5 10 -13 6 91 -3 1 -42 40 4 -22 46 -24 -187 32 18 43 -8 25 109 4 -129 46 -9 99 -22 -62 -29 -27 59 -20 -19 29 111 -29 1 48 27 24 -48 14 -42 17 63 8 -41 -218 90 155 -49 56 76 -6 -6 -56 -17 9 -60 1 60 -75 -102 47 -60 -122 -17 27 75 159 20 -3 -11 12 -44 -13 11 39 2 -36 14 -101 -46 5 30 -43 78 119 -103 42 -26 -92 94 7 50 84 18 75 -221 33 44 35 67 55 -27 8 -33 127 5 -34 23 3 -35 -8 84 -8 11 27 -14 -75 49 -27 0 -22 47 138 15 -42 -11 112 44 4 -54 129 -27 138 -134 -15 22 22 -48 133 -5 -16 28 -2 59 16 16 4 38 -71 63 15 57 3 -38 -150 45 27 120 -127 55 -64 -20 34 6 -42 29 99 5 51 16 -44 -7 29 -10 -11 -59 25 -73 -17 -18 25 1 -174 -83 -51 183 32 40 51 -61 -41 108 32 51 -7 11 65 -43 69 -114 73 -44 151 -71 113 36 5 -53 77 34 160 56 -80 41 23 53 -38 46 -38 -105 23 5 -35 5 -45 49 -36 232 -62 39 -7 -131 50 133 28 -38 39 7 245 40 24 -70 -12 -1 12 42 121 -100 -20 3 125 0 2 -77 -3 46 -16 -79 -321 23 125 64 15 18 -41 -6 55 19 41 79 11 -87 -5 -106 -56 -225 21 -136 33 -16 -111 -63 -85 3 114 26 17 72 7 -37 -2 -225 5 -7 369 -6 -48 -26 9 17 50 -46 -52 -26 98 -66 -116 17 62 95 16 -54 71 -77 49 -7 73 -90 -28 55 149 20 -11 -59 -21 23 7 -27 6 -205 34 18 -30 32 110 -125 -124 -7 56 39 -39 -33 60 -27 51 -68 -74 23 -196 31 -42 4 24 -24 13 -31 -67 65 -59 -22 18 19 -41 0
Q 3 256 0 2154 -1 7 0 -3 7 -1 5 2 -4 -12 1 -14 -1 9 -9 8 -4 11 0 -8 1 -13 15 -13 -5 8 -2 -2 -1 -1 3 8 -7 -1 -4 4 -3 -1 -5 2 -7 0 -5 -3 8 13 7 1 -9 2 2 -8 5 -13 -7 -1 -11 7 1 4 3 5 -9 -5 -7 -7 -17 12 -1 4 0 6 5 -5 7 5 0 6 -1 2 -4 6 5 -21 -9 2 10 0 -5 -18 -1 -4 2 0 -2 -6 6 -1 -11 -2 -11 6 19 -2 5 -6 12 3 0 4 -1 7 -5 -3 3 1 -4 -3 12 11 2 -2 3 -3 -1 -2 -1 -2 9 -6 -3 0 -6 4 6 4 -3 1 3 4 -3 1 2 -3 -6 -7 -14 12 -1 12 -3 -10 -4 4 6 1 3 -3 15 2 7 -5 -2 -41 -4 -2 0 -9 -5 -6 -1 -13 35 -3 6 0 4 -1 4 19 -2 22 9 4 1 1 -1 1 -16 9 3 -15 1 -6 6 0 2 9 0 5 -2 26 9 10 1 -9 10 4 8 -4 2 -2 4 2 3 -1 7 1 0 7 2 -4 2 -8 -1 6 -3 -5 -3 7 0 2 -19 12 -2 1 10 10 -22 1 6 -11 -2 5 6 0 -9 5 8 10 -2 5 0 -2 0 12 -4 -1 10 -5 -1 9 2 -6 -3 3 -3 5 -4 4 -8 -2 1 -16 5 6 6 -9 18 8 10 -3 3 4 15 15 -4 -2 4 2 8 -6 -31 1 7 -3 -4 -2 -7 3 0 -3 0 -10 -1 2 8 3 4 -27 -5 -6 -1 3 -7 -1 2 5 -3 -3 2 -6 -1 -1 -4 16 -8 2 4 -6 8 -2 3 1 4 -6 -24 4 2 3 5 1 6 19 -2 -5 -4 -4 -2 -5 5 15 11 3 3 -8 0 -1 0 10 7 -3 2 -7 4 -1 0 -3 -11 -3 0 -19 13 5 1 12 2 11 -3 5 2 7 8 -7 2 0 -2 -4 7 4 -2 -18 2 -8 -3 -5 12 0 8 -11 -6 7 -1 4 2 1 10 -2 4 -2 -7 -3 -1 -8 -6 4 1 -21 -6 -5 5 4 1 -3 -14 -13 9 -3 2 0 4 -4 0 -11 1 -4 -7 7 -3 -1 10 5 0 -8 3 -9 0 -25 -5 3 -2 -2 -23 4 -4 6 7 1 3 3 3 4 3 6 -10 -6 2 -5 -11 -6 2 10 -4 -1 1 7 3 7 -5 0 -4 9 -3 7 -7 10 -4 -2 -4 23 2 16 9 0 -6 5 2 16 7 -1 -1 -4 -1 -1 1 11 -9 -2 7 -1 4 -2 -4 2 2 -19 -2 4 0 -7 2 0 -7 8 -8 -4 -6 -6 9 -1 3 -1 -2 -8 -10 -4 5 -6 -5 0 -4 -3 -5 17 1 -2 -8 8 -7 21 1 -3 0 0 -8 2 -6 10 -2 -3 -4 22 20 2 3 4 6 -3 4 4 1 0 5 -2 -4 -3 -9 8
Q 3 257 0 2925 -1 5 -1 -2 -1 -2 7 8 -4 -7 -2 -16 3 6 -6 -1 -6 11 2 -14 2 -8 8 -15 2 8 -6 7 2 -7 6 4 -4 -4 1 -4 5 -3 -4 -4 1 -4 -9 -11 6 16 -4 1 -1 -5 3 -5 0 -19 9 -5 -14 26 2 -2 6 4 -8 -5 0 -4 -16 2 -9 0 1 1 -9 0 3 15 4 8 -2 -1 -1 6 0 -14 -4 -2 9 -1 -1 -13 -6 -7 -5 -4 12 -3 9 -7 -6 1 -4 0 23 1 -3 -7 16 18 2 2 -1 3 -1 1 4 10 2 -1 8 30 -7 -3 2 -1 -2 3 -7 7 -4 -6 -8 -3 -8 9 9 1 2 3 -8 5 -2 1 3 0 -5 1 4 9 2 9 -7 -4 -4 -1 4 1 0 -4 -4 1 2 -6 -2 -29 -8 -8 6 -9 5 -8 -6 -20 39 -3 8 3 8 0 2 28 -2 12 7 4 2 -2 -2 -4 -16 2 6 -1 0 -2 6 -2 -2 8 5 2 -2 19 12 10 8 -6 12 7 -13 -5 0 2 14 4 1 -9 0 5 -4 4 1 -3 1 -7 -4 13 -6 -5 1 13 10 44 -8 8 -2 0 7 -1 -14 10 3 -15 -12 6 -1 -2 -10 10 -3 3 -2 8 -7 7 -5 4 13 -2 1 -18 -23 1 -8 -6 0 -3 0 -3 -2 -2 -4 2 6 -8 6 5 -3 -6 11 3 7 -3 -2 15 11 4 -25 -5 4 0 10 3 -41 1 13 2 4 6 -2 21 -6 -3 5 -4 -1 9 12 -1 5 -26 -8 -3 0 1 -13 -4 1 4 11 1 3 -8 0 5 -9 4 -5 -1 3 -5 10 -8 2 0 2 -4 -20 -2 5 1 5 1 1 7 -5 -6 -8 -2 1 0 7 13 8 -4 10 -8 4 6 -3 8 12 1 14 -6 4 -1 5 2 -10 -11 0 -16 15 4 -1 -8 3 2 -4 -3 7 6 2 -5 3 2 -5 -5 7 3 3 -9 1 0 -6 -12 0 -2 10 -15 -9 9 -2 7 -2 5 -13 7 3 7 -1 -4 -3 -1 -4 -1 -9 -15 -2 0 1 5 12 1 -9 4 11 -3 0 1 -8 0 0 -2 5 -7 -12 9 -2 -5 8 9 1 -2 5 -5 -7 -13 -6 0 3 10 -2 11 -2 0 4 9 -2 3 6 0 -1 -4 0 -6 6 -5 1 -7 5 5 7 -1 -1 2 1 9 -8 0 5 0 3 8 0 21 0 -8 -3 12 -2 12 3 -5 1 2 -1 13 9 1 5 -8 -8 -5 1 -2 -8 3 18 1 -5 5 -6 0 5 -6 -2 10 3 -7 -3 0 -8 15 -4 -1 -1 -2 13 -3 4 16 10 -8 -14 -5 -3 -20 -7 -5 -4 -3 -4 -2 2 -5 0 9 -9 8 3 -6 -1 -1 -1 -5 5 7 -4 2 0 24 20 0 -3 0 1 -4 -2 -1 16 0 2 5 -3 -3 -7 8
Q 3 272 0 3047 1 4 3 -2 5 2 3 4 -5 -11 0 -13 2 5 -12 -3 -7 21 1 -10 1 -9 15 1 -10 8 1 -5 -1 -5 4 10 -8 -2 -2 4 -1 1 -8 3 0 -1 -6 5 5 23 8 2 -7 0 10 -4 4 -8 2 -1 -5 6 3 2 -6 5 -9 -4 -2 -6 -9 3 -2 2 -3 5 4 -6 7 5 3 4 0 -2 -3 3 0 -16 -5 2 2 1 -9 -13 2 0 2 -1 7 -6 4 -1 -8 0 -21 9 18 -3 6 -6 3 -5 -1 4 -3 2 -7 -1 2 3 -4 -2 9 6 1 3 1 -1 -4 -5 0 0 11 -6 -2 4 -4 4 -2 3 0 3 6 4 0 -2 1 -4 -6 -14 -18 19 -8 10 -5 -8 2 0 6 -4 2 -4 8 3 5 -9 0 -32 -1 -5 1 -15 -4 -6 -6 -3 22 2 8 0 4 1 3 47 -4 26 10 5 1 6 1 -4 -12 6 -9 -16 3 -10 3 12 0 7 -2 -6 3 26 6 2 -1 -4 3 3 1 -7 4 -4 10 -2 2 -2 2 1 9 9 -3 -4 -2 -8 -3 14 -3 -5 -8 -2 0 17 -10 13 -1 -1 2 7 -19 -5 6 -10 2 3 -1 0 -5 -1 -3 5 -2 3 3 0 -4 9 -2 0 24 -9 1 13 1 -8 -4 3 0 2 1 5 -10 6 4 -6 5 14 16 -7 15 3 5 -1 9 4 1 8 2 -1 2 3 7 -2 -35 1 13 -2 -5 0 -9 3 -3 -3 3 -6 0 2 6 3 4 -22 -4 -11 -1 4 -2 1 -1 8 0 -2 7 -6 -1 -3 2 12 -5 0 3 -11 9 -2 6 1 0 -5 -21 1 6 0 1 6 5 16 -3 -4 -4 -7 -2 -4 3 17 14 3 3 2 -6 -8 -4 8 8 0 -3 4 5 1 1 1 -9 -3 -5 -24 19 3 2 16 3 7 -3 -1 6 7 2 -4 3 -4 -1 -3 7 1 -6 -27 5 -2 -7 -9 15 -2 -3 -7 -3 7 0 6 1 3 3 -4 5 1 -10 -3 2 -3 -2 2 5 1 7 -7 3 7 -7 -3 -1 -28 -2 -2 -2 -1 -2 -1 3 -1 6 -6 -4 6 -4 -8 8 0 2 -7 5 -1 0 -33 -8 4 2 -2 -24 7 -13 8 5 1 3 -2 -1 5 2 7 -9 -3 2 3 -12 -7 6 5 22 1 6 1 2 8 -3 -1 -7 7 0 5 -6 8 -2 -7 1 21 -3 18 4 2 -10 -8 0 15 8 0 -8 -17 0 -2 0 7 -10 3 -34 -6 2 -1 0 -3 3 -16 -6 2 -2 -6 1 0 -6 1 -4 -5 -4 -6 10 -4 3 -1 -5 -4 -21 -2 4 -18 -10 -2 -7 -2 -6 22 0 -1 -2 18 -7 27 -2 -2 -1 -2 -5 2 -5 5 -1 -1 -3 18 11 -1 4 3 6 -2 0 4 -1 -1 3 0 -1 -2 -9 8
Q 3 273 0 3426 1 2 2 -1 -2 0 5 8 -4 -7 -3 -15 5 4 -8 -10 -9 18 3 -14 1 -5 9 -3 -3 8 -4 4 2 -10 7 8 -6 -6 2 -3 6 0 -6 -1 6 -4 -9 -3 3 24 0 3 -1 -6 11 -3 0 -14 13 -3 -7 24 4 -2 -2 4 -8 -5 3 -4 -9 -6 -9 -1 -2 2 -9 -2 3 14 5 6 -1 -4 0 4 -4 -11 -3 -2 2 1 -6 -9 -4 -3 -3 -5 19 -2 7 -5 -3 3 -11 4 22 0 0 -6 7 9 2 4 -2 0 -3 1 2 11 1 -1 5 22 -7 0 2 1 -5 -1 -5 7 1 -6 -6 1 -6 8 -1 0 3 5 -4 4 1 -3 2 -1 -6 -7 -3 16 -6 7 -8 -4 2 -4 6 -5 -1 -4 -7 3 3 -8 1 -24 -5 -10 5 -15 4 -8 -10 -11 28 1 11 2 7 2 1 51 -5 17 8 6 1 3 1 -8 -13 1 -5 -4 1 -6 3 8 -3 7 3 -10 2 18 10 2 6 -2 6 6 -16 -7 2 0 18 0 -1 -9 -3 4 4 6 -4 -3 -3 -8 -5 20 -5 -5 -3 4 9 50 -1 10 -2 -3 0 -1 -11 3 3 -12 -6 4 -5 -2 -7 4 -13 0 -1 7 -4 6 -9 2 13 1 14 -20 -18 5 -8 -8 -2 -2 3 -4 2 -3 -6 7 8 1 6 12 8 -5 11 -1 2 -1 4 13 0 -1 -15 -2 1 1 8 6 -42 0 16 3 1 7 -4 17 -8 -4 6 -1 1 6 9 0 4 -22 -8 -8 0 3 -7 0 -2 6 10 0 7 -9 0 4 -3 2 -3 -3 3 -9 11 -7 5 0 -2 -3 -19 -4 8 -2 1 4 1 6 -5 -6 -8 -6 2 1 5 15 10 -2 9 2 0 -1 -5 8 12 4 7 4 6 0 6 4 -8 -11 -6 -20 18 1 0 1 3 0 -5 -7 10 6 -3 -2 4 -2 -5 -5 6 1 -1 -18 4 6 -8 -13 4 -4 -1 -9 -5 8 -1 8 -2 6 -15 3 3 7 -5 -3 0 2 -1 -2 -4 4 11 -2 0 8 2 -1 2 -13 -1 -3 -3 1 -13 3 4 6 9 -7 -10 9 -2 -12 6 5 2 -2 6 2 -7 -21 -8 2 7 8 -6 13 -10 2 3 8 -2 -2 2 1 -1 -3 -2 -3 7 3 -2 -8 9 1 28 1 4 -3 1 10 -5 0 0 0 4 7 0 17 1 -9 1 11 -6 14 -2 -3 -5 -10 -3 11 10 3 -1 -20 -6 -5 -1 -5 -9 7 -18 -2 -6 6 -2 -2 5 -4 -5 7 1 -5 -3 2 -7 9 0 -3 -2 -4 13 -4 4 15 7 -6 -24 -3 -2 -27 -11 -6 -6 0 -5 5 1 -4 4 16 -8 14 -1 -4 -3 -3 1 -5 5 5 -3 3 0 19 12 -2 -1 0 2 -2 -4 1 12 -1 1 5 -2 -2 -9 8
Q 3 288 0 3130 1 11 0 -1 -2 3 1 -1 -5 -14 0 -14 -2 8 -7 5 -4 17 -1 -7 2 -11 13 -7 -7 4 1 -7 -1 -4 4 10 -9 0 -3 2 -2 0 -6 2 -7 2 -3 2 6 14 6 4 -10 3 4 -6 5 -2 7 1 -9 7 -1 -1 2 5 -12 -5 -6 -5 -18 4 -2 4 2 4 0 -6 7 6 -1 4 -2 1 -4 1 3 -16 -9 0 3 1 -7 -17 1 -3 7 -3 -12 -6 5 -1 -8 -3 -14 7 23 -4 6 -2 -4 6 0 4 0 7 -3 -3 5 10 -6 -1 11 19 -1 0 2 -5 1 -1 2 -3 24 -4 -3 4 -4 7 12 7 -2 -1 3 6 -2 -4 6 -3 -3 -8 -21 12 -3 7 -2 -12 -4 1 3 -1 6 -5 5 3 6 -2 -2 -22 -4 -1 -2 4 -4 -6 -5 -10 23 2 8 -1 2 -2 4 34 -2 7 9 2 -1 2 -3 -4 -15 8 2 -8 -1 -5 7 -4 -1 4 -3 -12 0 24 10 15 3 -6 8 5 6 -5 1 1 9 2 2 -4 10 0 5 5 3 -4 -2 -9 -1 8 -5 -3 -3 6 6 8 -15 9 3 0 8 11 -17 -5 8 -3 1 7 -2 -2 -8 9 0 11 -2 8 -2 -1 -1 1 1 -2 15 -12 -5 9 1 -4 -2 3 -2 3 -2 2 -11 -5 1 -13 7 16 0 -10 23 3 9 -3 7 1 10 16 3 0 5 5 6 -5 -18 0 12 -3 -2 -1 -12 2 -1 -4 2 -7 0 0 5 2 5 -31 -4 -7 -2 7 -7 0 -1 3 -1 -1 2 -2 -2 -1 -1 14 -7 -2 6 -6 8 -1 0 3 4 -5 -19 2 1 3 9 3 8 8 -4 -4 -9 -1 0 -6 6 16 2 4 5 -1 1 -3 0 6 8 -4 6 11 6 -2 2 -5 -17 -5 -3 -13 20 6 6 8 4 5 -4 6 7 5 9 -4 0 4 3 -2 7 4 -2 -18 6 -5 -6 -6 6 0 0 -1 -4 6 -1 5 -4 -1 7 -2 7 -1 -9 -1 2 -6 -8 1 1 -11 -1 1 4 7 2 -3 -5 2 2 0 -1 0 8 -2 -2 -5 5 -1 -4 7 -5 -4 9 4 -1 -5 3 -13 0 -29 -8 6 -1 -3 -22 5 -3 2 7 -3 4 3 0 3 5 5 -12 -5 3 -6 -4 -5 7 29 3 0 3 1 1 4 -10 2 1 5 5 6 -8 9 -1 3 -2 24 2 8 10 0 -9 2 2 15 4 -1 -3 -11 -4 -2 0 20 -6 -2 -2 -2 7 0 -3 2 1 -12 -5 6 -1 -5 5 0 -11 -1 -10 -3 -2 0 12 -3 4 -2 -1 -10 -2 -2 1 -9 -4 1 -5 -2 -2 17 0 -3 -6 13 -10 15 -2 -2 1 -3 -6 2 -6 6 -2 0 -4 31 17 1 0 0 2 -2 7 0 0 -4 1 1 -5 -2 -10 8
Q 3 289 0 3824 1 8 -1 1 -8 2 4 4 -5 -8 -3 -19 0 5 -5 -4 -6 14 -1 -13 3 -5 6 -10 0 5 -4 2 2 -10 7 6 -5 -3 1 -7 4 -2 -5 -5 -1 -3 -5 -5 3 17 -3 3 -3 -3 6 -4 3 -8 21 -3 -9 26 2 -7 5 4 -10 -5 0 -4 -19 -5 -11 2 2 0 -12 -2 3 16 2 6 -3 -1 -1 2 -3 -10 -6 -3 3 0 -3 -11 -5 -5 0 -8 1 -2 9 -7 -2 1 -8 1 24 -1 -3 -2 3 20 2 4 0 5 1 2 7 18 1 1 6 38 -9 -2 1 -3 0 3 -5 6 9 -3 -8 1 -6 10 14 3 1 3 -7 4 -2 -5 5 1 -2 1 -2 9 0 5 -6 -6 -4 -3 1 1 2 -4 -14 2 3 -4 -1 -13 -7 -7 3 3 3 -8 -9 -14 29 2 11 1 5 1 0 37 -3 -2 8 3 1 -3 -4 -8 -15 3 4 7 -1 -3 7 -6 -4 4 3 -15 0 17 14 12 9 -3 9 7 -11 -7 -1 4 18 3 -1 -12 3 4 1 2 2 -3 -3 -9 -4 14 -7 -4 1 10 15 46 -4 6 2 -4 6 0 -10 5 4 -8 -9 7 -7 -3 -9 12 -14 5 -1 12 -8 9 -7 -4 14 -1 5 -23 -25 -1 -8 -5 1 -3 1 -4 -1 -5 -8 1 5 -4 8 15 -7 -6 16 -2 6 -3 3 10 8 5 -19 -4 4 3 8 3 -29 1 15 -1 4 8 -10 21 -6 -5 7 -2 0 7 10 -1 5 -31 -8 -3 -1 5 -11 -4 1 2 12 1 2 -2 -1 6 -6 2 -5 -4 5 -5 12 -6 0 0 1 -5 -15 -4 5 1 6 3 5 -2 -8 -7 -14 -1 3 -2 6 13 -2 0 12 -1 5 4 -3 5 13 0 19 9 5 -2 8 -1 -16 -12 -2 -8 17 3 4 -8 4 -2 -3 -3 12 6 4 -3 4 4 0 -5 6 5 4 -11 5 3 -9 -12 -4 -4 4 -4 -6 8 -1 9 -6 5 -12 7 5 6 -4 -2 1 -1 -7 -3 -8 -7 2 6 2 7 11 0 -1 18 3 0 -2 0 -3 2 -2 3 9 -3 -8 11 -3 -6 6 11 0 0 4 -7 -6 -16 -9 2 4 9 0 9 0 -4 3 6 -2 4 2 -2 2 -4 0 -4 7 -3 5 -8 9 22 10 2 2 -4 -1 6 -11 3 9 -4 5 7 -2 20 4 -3 -2 14 -2 5 6 -5 -1 -2 -1 12 8 2 3 -15 -11 -6 0 4 -6 3 14 -1 -4 6 -5 1 4 0 -3 11 1 -6 0 0 -11 7 -5 -2 2 2 13 -4 4 16 12 -10 -7 -3 -5 -22 -3 -7 -3 -2 -1 1 0 -6 2 13 -12 4 0 -3 -1 -1 0 -4 7 4 -4 5 0 30 20 -1 -6 -3 -1 -5 1 -2 14 -6 0 6 -4 -1 -9 8
Q 3 304 0 3663 -1 7 3 -1 -2 5 1 1 -6 -13 0 -13 2 5 -9 -7 -8 25 -1 -8 1 -7 13 5 -12 5 3 -8 -2 -8 5 11 -11 -1 -1 3 0 2 -8 3 0 1 -5 8 4 23 8 4 -8 1 11 -3 4 1 12 0 -3 6 2 -3 -6 5 -13 -4 -1 -5 -11 -3 -3 2 -1 3 -1 -8 7 6 2 2 -2 -1 -3 -1 -2 -12 -5 0 -3 3 -11 -14 3 0 7 -4 -2 -5 4 0 -6 -1 -23 10 22 -4 6 -2 -11 -2 -1 5 -2 3 -6 -1 4 11 -6 0 8 13 -1 4 0 -3 -3 -5 2 -1 23 -4 -3 7 -3 6 4 6 1 1 6 5 1 -7 4 -5 -4 -14 -24 19 -10 6 -4 -10 2 -2 3 -6 4 -6 0 3 5 -5 1 -17 -1 -4 -2 -5 -3 -6 -9 -1 13 5 10 -1 2 0 3 58 -4 13 10 4 -1 6 -1 -8 -12 6 -9 -10 1 -9 4 7 -2 3 -4 -20 4 23 7 6 1 -2 2 3 -1 -7 3 -2 13 -2 2 -5 5 0 13 7 -2 -3 -5 -10 -3 15 -4 -3 -7 -3 6 22 -6 10 3 -3 1 8 -15 -9 7 -3 4 5 -7 -2 -4 1 -10 7 -2 5 1 0 -6 0 2 0 28 -15 -2 12 -1 -6 -3 3 1 0 2 2 -12 3 5 -4 7 22 11 -8 20 -1 4 -1 12 2 -3 10 8 1 3 5 5 -1 -23 1 17 -3 -4 1 -13 3 -4 -4 4 -4 1 0 3 2 5 -27 -3 -12 -1 8 -2 2 -4 5 1 -1 7 -3 -2 -2 5 10 -4 -4 5 -10 9 -1 3 2 0 -4 -18 0 5 0 5 6 7 7 -5 -3 -8 -5 1 -5 4 19 5 4 5 9 -4 -8 -3 5 8 -2 -1 18 7 0 3 -1 -14 -5 -8 -18 24 4 5 13 5 2 -4 1 10 6 3 -1 1 -1 3 -2 8 1 -7 -27 8 1 -9 -10 10 -2 -8 2 -1 6 1 6 -3 1 1 -4 7 1 -12 -1 5 -1 -4 0 5 8 10 -2 3 9 -6 -3 6 -16 -8 0 -4 -2 2 1 1 4 10 -3 -1 6 -6 -10 8 0 1 -5 5 -4 -1 -36 -10 7 3 -2 -23 8 -12 4 6 -3 4 -2 -3 4 4 6 -10 -2 4 3 -6 -6 11 21 26 2 7 -4 0 5 -7 2 -3 4 7 5 -7 8 1 -3 2 21 -2 11 4 1 -13 -9 0 13 6 0 -8 -22 -2 -3 0 15 -8 4 -38 -6 5 1 2 -3 1 -10 -9 4 -3 -5 3 0 -9 -7 -5 -4 -2 -1 11 -5 4 -2 -4 -6 -15 0 1 -20 -10 -1 -7 -1 -4 22 -1 -3 -1 22 -9 22 -4 0 0 -3 -3 2 -5 2 -1 2 -3 25 9 -2 1 -1 2 -1 3 1 -1 -4 0 2 -3 -2 -10 8
Q 3 305 0 4276 -1 5 2 2 -8 3 3 4 -5 -9 -3 -17 3 3 -6 -13 -9 20 0 -12 2 -2 7 1 -5 6 -3 1 2 -12 8 10 -7 -5 2 -5 5 1 -7 -2 4 -3 -5 2 1 25 0 4 -2 -5 14 -2 2 -4 23 -1 -3 24 4 -6 -2 4 -10 -5 3 -5 -12 -11 -10 1 -1 1 -12 -4 4 15 4 4 -3 -3 0 0 -7 -8 -4 -3 -3 2 -8 -7 -3 -2 1 -9 10 -2 7 -5 0 2 -13 5 23 -2 0 -2 -4 11 2 5 -1 2 -2 2 5 17 0 1 3 29 -8 1 1 -1 -3 -1 -3 6 12 -4 -6 4 -4 9 4 2 3 5 -4 4 2 -7 4 -1 -4 -7 -7 15 -6 4 -7 -5 1 -6 3 -4 1 -5 -16 3 4 -7 2 -11 -4 -9 3 -5 3 -8 -11 -6 20 5 13 0 4 2 -1 59 -5 5 9 5 0 3 0 -11 -13 2 -6 2 0 -7 5 5 -4 3 2 -23 3 16 12 5 7 0 4 6 -14 -9 0 2 20 -1 -2 -11 0 3 7 4 -4 -2 -6 -10 -5 22 -6 -3 -2 2 14 52 2 8 1 -5 -1 -1 -8 -1 4 -6 -4 4 -10 -3 -6 5 -23 1 -1 10 -4 8 -10 -5 14 2 17 -25 -21 3 -9 -7 -1 -2 4 -6 3 -6 -10 7 7 3 8 20 5 -4 15 -5 1 -1 8 10 -3 0 -10 -1 1 3 7 6 -32 1 18 0 2 9 -10 17 -8 -5 8 1 1 5 8 -1 5 -27 -8 -8 0 6 -5 1 -2 4 11 1 6 -4 0 4 -1 -1 -2 -6 5 -9 12 -6 2 0 -2 -4 -15 -6 7 -2 3 6 5 -1 -8 -6 -13 -5 4 -1 5 15 2 2 11 8 1 -2 -5 5 13 2 11 16 6 -1 8 2 -12 -12 -7 -13 21 1 4 0 5 -3 -4 -7 13 6 -1 -1 4 0 -1 -5 6 2 -2 -19 7 8 -10 -14 0 -5 -5 0 -3 8 -1 10 -6 5 -15 4 5 7 -7 -2 3 2 -3 -4 -4 10 14 4 1 10 2 -2 8 0 -7 0 -4 0 -8 4 2 10 12 -3 -7 11 -3 -13 5 7 1 0 5 -1 -6 -24 -11 4 8 8 -4 12 -8 -1 2 5 -1 -1 -1 -1 1 -2 -2 -2 8 5 1 -9 12 16 30 3 6 -8 -1 7 -8 3 3 -3 6 6 -2 17 5 -6 2 13 -6 7 0 -3 -7 -12 -3 10 10 3 -2 -25 -9 -6 -1 1 -7 7 -18 -4 -4 7 -1 -2 4 1 -6 8 -1 -4 0 2 -10 2 -2 -3 1 0 13 -4 4 15 8 -8 -18 -1 -4 -28 -8 -9 -6 1 -3 6 0 -6 5 20 -10 11 -3 -1 -2 -2 2 -5 5 2 -3 6 0 23 13 -2 -3 -3 0 -3 0 -1 10 -6 0 6 -3 -1 -9 8
Q 3 320 1 4512 1 -9 3 9 -11 2 2 -2 2 1 3 3 -2 8 2 -3 3 13 -6 -1 8 7 8 13 4 6 -6 6 1 -12 -3 -5 -3 2 1 3 4 -2 -4 8 -18 0 -10 -7 5 -1 -1 1 -8 -2 -3 0 4 5 -24 3 -16 -2 -6 10 -4 1 -6 -8 -7 2 -29 -25 4 6 -3 -5 3 -3 2 6 0 2 -1 -4 -1 -2 6 1 3 -5 10 6 -12 -7 10 5 -1 0 -24 -3 0 1 -9 -2 15 4 12 -4 1 2 5 10 -9 -5 31 -4 5 -2 -2 22 -2 -7 6 40 -3 7 2 -2 -6 8 -5 1 6 0 1 5 6 1 -6 4 -1 -1 1 3 -2 4 -2 3 0 -12 -8 6 -1 1 -1 3 5 -1 1 6 1 1 14 4 2 0 -5 13 1 3 0 6 -5 1 -1 -10 3 -1 -1 -2 5 1 -3 3 4 -2 -2 1 3 1 7 16 -2 6 10 13 -2 -3 7 11 -1 3 -2 19 3 -2 -12 0 6 0 -1 8 -8 2 -2 -6 10 -1 4 -2 0 6 -19 2 -5 3 2 -5 0 -16 -6 0 0 4 2 -27 -5 13 1 5 3 8 -11 -4 4 -2 6 -1 4 -1 -1 9 4 2 -2 0 -5 0 -1 -11 -6 -1 -26 14 12 16 7 -2 -2 6 -4 1 2 -1 -3 1 2 -6 11 7 -1 -8 -9 -8 7 -8 14 -8 11 -12 14 5 4 3 10 4 -14 -7 6 -1 2 6 7 -14 -1 -8 -16 -1 1 -12 -5 1 -3 -15 4 -6 1 3 -12 -3 -5 10 -7 6 3 -5 -3 -10 -1 -7 -5 5 4 2 -1 -6 3 1 -2 -2 4 4 -4 2 5 6 -2 -16 0 -3 -13 -3 2 -6 0 1 5 1 -7 -1 2 1 5 1 2 -7 5 5 -1 4 -3 -6 -13 -7 9 -3 18 -2 3 -9 0 -1 3 1 6 4 -2 2 10 -3 4 0 1 5 0 9 3 -3 -6 -2 7 3 1 4 -4 0 2 1 -2 -7 -19 1 6 -1 1 -5 2 3 1 0 -8 -13 -10 -1 -4 -1 12 0 12 2 2 5 -1 -7 12 2 -2 0 -4 -1 -8 3 1 -10 -5 -8 4 -3 6 -7 -1 -1 -4 4 -1 -8 1 -1 11 3 2 7 1 -8 -4 -1 3 0 -3 -9 1 11 -7 0 10 -17 12 -5 1 -5 4 -3 -1 -1 -3 3 -22 -8 -2 3 1 5 12 10 4 2 2 5 -6 -7 6 3 -4 -4 -1 -5 -4 3 -1 12 4 2 -30 0 8 -2 3 8 5 10 -7 3 4 0 -7 4 -10 -2 -8 -3 -1 7 -3 -4 -10 9 -5 2 23 -5 -2 -6 -9 2 -3 -7 5 6 3 -3 0 6 -4 -7 4 -16 -1 0 5 -4 2 -2 4 0 0 -9 -3 -3 -3 4 -4 2 -1 -5 -17 0 0 5 -1 2 -1 7
Q 3 321 1 -5019 1 -20 6 7 -2 2 11 1 -4 8 4 4 6 0 7 -5 5 11 -5 0 2 7 9 4 2 13 -9 13 1 -5 -1 -11 -14 3 -1 5 6 7 -4 5 -21 0 -13 -7 1 -4 1 3 0 -3 3 -6 1 13 -8 2 -14 -5 -4 9 7 -2 -5 0 -7 8 -11 -15 9 6 12 5 -7 -1 -1 3 -10 3 4 -7 1 0 6 0 1 -11 4 2 -15 -2 4 -1 0 3 -17 -4 0 6 -8 -5 25 13 13 1 7 2 6 -1 -11 3 20 2 7 -5 -4 25 7 -2 1 26 -4 5 7 3 3 7 -6 1 5 -4 -1 1 2 7 -18 3 -2 9 2 9 2 -12 -5 -4 -3 -3 -18 7 -2 1 0 0 19 6 6 -2 5 1 11 0 2 -6 -9 13 -2 -7 -2 3 -4 2 -2 -12 -6 -12 -2 3 6 4 -5 -21 0 -8 2 7 4 5 6 7 7 -4 5 12 -1 -1 10 16 -5 34 0 28 2 -4 -7 -18 3 2 1 8 -3 8 3 -10 15 -15 -1 4 -3 10 -2 4 -3 -1 4 -4 -1 -15 -3 0 -1 7 4 -28 -9 14 -4 2 7 13 6 -6 3 10 6 6 17 -4 -4 11 -10 -5 0 -2 -7 -4 2 -1 0 3 -33 -2 -13 10 10 -1 -5 -3 -2 0 1 -13 1 1 -5 -1 3 5 -16 -7 -2 -4 7 -6 12 -8 1 -2 0 6 7 4 5 0 -7 -4 3 -5 -4 8 1 -11 0 -5 -14 -1 -1 -8 0 7 -1 16 1 -4 0 3 -11 -1 -4 6 9 -4 1 -8 -2 -7 10 -7 -1 7 1 3 -2 -5 8 2 -4 -6 9 5 -11 -2 0 4 -3 -14 4 -6 -13 -4 2 -2 1 -4 4 1 0 -3 5 2 6 1 2 -3 12 -1 -1 2 3 -7 3 -5 5 17 23 -2 -2 -6 0 6 7 -8 -6 4 -2 -4 13 -6 1 -1 0 6 4 7 -5 -5 -8 2 -3 -5 -6 9 2 0 -1 -2 -4 -6 -20 3 17 -3 0 -2 4 6 -5 0 -5 4 -14 6 -8 -2 2 4 17 -6 4 6 -3 2 11 2 -5 1 13 -2 -11 1 -2 -16 -3 -14 2 -3 2 -6 2 20 -5 11 -2 -4 -2 5 7 -3 3 3 0 -6 -2 0 0 2 -1 -5 -1 14 -8 -3 -2 -2 19 0 14 1 0 -5 1 -2 -4 -1 -28 1 4 -4 0 8 -1 9 9 10 1 6 -5 -6 9 -4 -4 -9 -1 4 7 -2 -2 5 -2 -2 -9 3 1 1 1 -10 2 16 -5 5 1 -6 -2 5 -11 -9 -7 -1 -6 5 -3 -1 -3 -8 -12 6 26 0 3 7 -20 6 -2 -4 -1 3 5 -4 0 6 -3 -14 9 -5 -1 -8 -1 0 4 -4 6 7 8 -6 2 -2 1 -5 -7 3 -3 -4 -14 0 -8 4 0 3 1 7
Q 3 336 1 -37150 -1 -13 2 5 -9 1 1 4 4 2 2 3 -4 7 -3 -8 1 8 -3 4 9 7 9 18 2 1 -10 7 -5 -17 0 4 -4 -1 3 6 1 2 -6 10 -13 1 -8 -2 1 -5 3 0 -10 -4 -4 0 4 0 -15 3 -11 1 -5 4 -8 0 -10 -9 -5 0 -23 -19 0 4 0 -4 5 -3 -1 3 6 2 1 -4 0 -1 6 1 -1 -4 10 4 -10 -5 10 9 -5 -1 -11 -2 4 -1 -5 -2 9 3 7 -3 0 1 7 7 -7 -3 18 -5 3 -2 0 13 -2 -5 4 16 -1 5 2 -1 -4 6 -3 2 -2 -2 0 1 10 0 -2 4 0 -3 1 2 0 4 -3 -1 -3 -10 -2 3 -1 1 -1 -15 4 0 5 3 1 -1 2 1 5 0 -2 15 0 2 0 -3 -5 1 -3 -5 -3 2 -2 -4 3 -1 -2 19 2 11 -4 1 4 -1 8 12 5 7 9 1 -1 -4 0 7 1 -8 1 3 4 -5 -7 7 8 2 -2 9 -12 2 -2 -3 -1 2 3 -4 -3 3 -15 4 -4 0 3 -8 1 -4 -4 -1 -2 3 4 -22 -2 8 5 5 5 1 -10 -1 3 -9 2 -2 4 -5 -1 8 5 9 -1 3 -1 3 -4 -1 -9 2 -9 5 16 15 10 -7 -2 3 -3 -1 -1 0 -3 -2 5 -5 12 1 5 -3 -5 -10 8 -5 14 4 14 -18 15 7 2 0 8 4 -6 -7 14 -1 2 3 5 -11 -1 -5 -9 1 0 -12 -6 3 -1 -14 6 -4 0 5 -21 0 -8 10 4 1 4 -5 -5 -15 -2 -1 -3 2 0 -4 1 -5 4 0 -1 0 1 5 -3 2 4 5 1 5 -2 -2 -8 0 6 -7 -1 9 4 4 -10 3 3 -1 5 8 2 -6 3 3 0 1 -2 -4 -13 -10 5 -6 20 -3 5 -8 1 0 2 0 0 -1 -2 -1 8 0 1 2 1 3 -2 18 4 -4 -7 -1 7 2 -4 -2 -2 1 3 3 1 -6 -11 0 6 -2 -1 -3 -1 4 0 3 -4 -5 -3 1 -3 1 12 -2 18 2 0 4 -1 -6 10 0 0 3 -11 -8 -3 1 -3 -10 -3 -8 6 -3 8 -6 1 -5 -7 6 1 -6 -9 2 -2 1 2 5 3 -7 -4 -2 1 -1 -4 -5 2 9 -6 -1 7 -13 22 -10 3 -5 2 -2 2 1 -4 1 -12 -7 -8 10 2 7 10 4 1 -1 -2 6 -4 0 5 1 -2 -4 1 -16 -8 3 3 11 5 2 -37 4 6 -3 3 5 2 11 -3 2 1 0 -6 4 -6 -9 -8 0 -1 7 6 -6 -8 17 -4 1 20 -2 -3 -13 -10 -6 -3 -6 0 6 1 0 -1 -1 -5 -6 5 -15 -3 2 5 1 6 -2 3 1 -3 -10 -8 -2 0 2 -3 2 0 -5 -9 -7 0 5 1 0 -2 7
Q 3 337 1 -41102 -1 -23 2 3 0 -2 10 7 -2 13 3 5 5 2 -2 -12 3 6 -4 6 4 8 11 9 -1 5 -13 12 -5 -14 -1 -1 -17 -1 5 6 3 7 -5 6 -17 3 -13 -2 0 -10 2 0 -5 -6 4 -8 1 5 -4 3 -8 -1 -5 1 -4 1 -11 -2 -5 7 -4 -12 3 4 12 3 -1 -2 -3 2 -2 0 3 -8 3 -1 4 0 -4 -9 4 0 -11 -1 6 5 -3 3 -7 -4 6 4 -4 -6 14 10 9 4 4 2 9 -3 -7 3 11 0 6 -6 1 12 3 -2 1 5 -2 1 6 4 6 5 -7 3 -4 -3 -2 -3 8 0 -14 2 -2 5 3 8 2 -6 -4 -7 -7 -4 -9 0 -2 1 -2 -13 14 5 8 -5 3 -3 -5 -4 3 -4 -4 16 -3 -8 -1 -8 -2 2 -1 -4 -13 -7 -4 0 5 2 -4 -2 1 3 -3 5 4 3 7 6 8 0 3 -4 -2 0 2 13 -3 19 2 8 3 -6 -4 -11 4 2 3 11 -8 9 2 -6 2 -8 0 3 -7 5 0 6 -4 -3 2 -6 2 1 -1 0 -3 4 5 -19 -4 9 3 3 10 5 6 -3 2 1 2 3 14 -4 -5 13 -11 4 -1 2 -1 1 -3 11 -3 2 -12 -10 -6 7 11 -7 -5 -4 -1 -1 -2 -11 1 -1 2 -1 2 -2 -9 -5 2 -7 9 0 12 5 3 -8 1 6 4 -1 0 -2 1 -5 12 -5 -1 4 0 -7 0 -3 -6 2 -2 -6 -1 5 2 10 3 0 2 3 -21 0 -5 2 20 -7 2 -7 -4 -7 4 -1 2 1 -1 -5 -1 -4 6 -2 0 1 5 5 -10 -1 0 -1 1 7 -2 -2 -5 -1 3 -5 -2 5 3 0 -2 2 5 -1 6 5 4 -4 9 -3 -1 -5 4 -5 -3 -8 1 10 19 -3 1 -4 0 6 4 -8 -6 -4 0 -7 8 -3 -2 -1 1 2 2 18 -3 -5 -9 -1 -1 -3 -9 3 4 4 0 1 -5 -7 -11 1 15 -3 -1 -4 2 10 -3 4 2 9 -2 4 -4 1 5 0 23 -3 1 2 -4 1 9 -1 -3 6 1 -9 -6 1 -8 -16 -2 -9 6 -1 4 -10 4 19 -8 8 3 -2 -11 4 -3 -3 2 2 0 -4 -2 0 -3 0 -2 -4 -1 12 -3 -3 -5 0 29 -3 13 1 -3 -3 7 -2 -4 -1 -15 2 -6 8 2 9 0 4 3 6 -1 7 -2 2 7 -5 -4 -8 -1 -7 0 -1 2 4 2 -6 -19 9 1 2 2 -10 -2 14 -2 3 0 -3 -1 5 -4 -15 -5 2 -6 2 6 -2 -3 3 -10 6 22 0 3 -1 -19 -8 -5 -5 -3 7 2 -3 1 -1 -3 -12 10 -6 -2 -2 5 6 8 -4 1 4 2 -7 -5 -3 1 -6 -4 0 -4 -2 -10 -7 -7 2 1 4 -1 7
Q 3 352 1 3050 1 -6 5 12 -12 3 2 -6 2 1 4 3 1 4 4 -5 2 14 -5 -1 7 6 12 12 5 2 -6 9 -1 -12 -2 -2 -3 2 -2 2 3 0 -4 6 -20 -2 -11 -11 5 1 0 2 -9 -4 -5 0 4 8 -13 4 -11 -3 -6 7 -5 1 -7 -8 -4 2 -29 -26 5 6 -4 -3 4 -5 1 5 -5 2 -2 -4 -4 0 6 0 2 -5 11 7 -10 -7 9 4 0 1 -29 -3 0 2 -8 -2 23 3 6 -6 2 2 7 4 -9 -6 24 -4 6 -3 0 14 -2 -8 3 37 -1 8 -1 -1 -5 7 -2 -1 12 0 0 4 4 4 -6 2 -2 -2 -1 6 -3 4 -2 3 1 -13 -7 5 -1 -4 0 4 4 -1 1 6 2 3 17 3 3 1 -7 4 0 4 2 9 -5 3 -4 -8 1 -2 1 -3 2 3 -2 3 4 -3 0 1 1 2 5 15 0 6 11 9 -2 -3 3 9 -3 -3 -2 6 2 -2 -10 5 4 1 -1 6 -3 3 -3 -5 14 -4 4 -2 -3 6 -20 2 -5 2 3 -9 -1 -13 -6 -1 -1 5 -1 -25 -3 14 2 3 4 4 -19 -3 3 -2 6 -1 3 -4 0 11 5 -1 -1 -1 -6 -2 3 -11 -3 0 -28 7 8 17 7 -3 0 6 -4 2 1 4 -4 3 4 -1 11 13 4 -8 -6 -5 7 -8 15 -8 10 -10 10 4 4 5 10 5 -9 -5 7 2 2 5 9 -17 -2 -4 -16 1 3 -10 -5 0 -2 -18 2 -5 1 2 -11 -1 -3 11 -12 3 5 -4 -2 -9 1 -10 -4 6 4 1 -1 -7 3 2 0 1 6 3 -4 4 4 2 -2 -10 0 -3 -8 -1 3 -4 -1 3 5 2 -10 -3 2 1 5 1 0 -6 7 6 -2 5 -4 -6 -11 -7 11 -6 19 -2 2 -8 -1 3 4 1 1 3 1 2 7 -3 4 -1 1 6 0 13 1 -4 -5 -1 0 4 -2 5 -5 1 5 1 4 -4 -18 3 6 -1 1 -3 2 3 0 -2 -9 -13 -7 -2 -7 0 8 1 14 10 3 6 -1 -8 12 1 -2 -1 -5 1 -8 4 0 -13 -5 -12 2 -3 4 -14 -3 0 -3 0 -1 -10 7 -3 7 3 3 6 1 -11 -5 -1 1 1 -2 -10 2 10 -8 2 13 -29 16 -6 4 -6 3 -2 -1 0 -2 3 -21 -6 -1 8 0 6 13 7 4 -1 4 3 -7 -2 5 3 -3 -3 0 -3 -1 4 -2 13 6 2 -33 1 8 -2 5 9 6 10 -6 1 5 0 -6 4 -9 -4 -7 -2 -3 6 -2 -5 -10 10 -7 2 19 -4 -3 -7 -12 3 -4 -8 6 6 2 -2 -2 8 -5 0 3 -13 -1 -1 4 -5 2 -1 5 -1 2 -11 -6 -2 -3 4 -4 4 4 -5 -12 -2 -1 4 -2 2 -1 7
Q 3 353 1 -7154 1 -17 9 10 -3 2 12 -4 -5 7 5 5 8 -4 8 -9 3 12 -3 2 0 6 12 4 2 10 -11 15 0 -3 0 -8 -14 3 -3 5 6 8 -3 3 -23 0 -13 -12 2 -1 3 4 -1 -6 0 -6 1 16 2 3 -9 -6 -5 6 7 -1 -7 0 -3 8 -11 -17 11 7 11 6 -6 -4 -2 2 -15 2 1 -7 -3 1 4 -2 0 -11 6 3 -13 -2 3 -3 1 5 -22 -5 0 7 -7 -4 33 12 8 0 8 2 9 -8 -11 2 13 1 8 -6 -2 16 7 -3 -1 22 -2 7 4 4 4 5 -4 -1 10 -3 -2 0 -1 10 -18 0 -3 7 1 14 1 -12 -5 -6 0 -4 -16 6 -3 -3 1 2 18 6 6 -2 5 3 14 -1 4 -5 -11 4 -2 -5 1 5 -4 3 -4 -10 -8 -14 0 2 2 6 -5 -22 0 -8 3 7 1 6 4 7 9 -3 5 8 -1 -3 5 15 -6 27 0 16 1 -4 -4 -13 3 2 2 6 3 8 2 -8 19 -19 -1 5 -8 11 -3 5 -3 -1 4 -7 -2 -12 -3 -1 -2 7 1 -26 -7 17 -3 -1 8 8 -3 -5 3 10 6 6 16 -7 -2 13 -8 -8 1 -3 -8 -6 6 -1 4 3 -35 -9 -17 11 10 -3 -3 -2 -1 1 0 -9 1 3 -4 3 2 12 -11 -7 0 -1 7 -7 14 -8 1 1 -4 6 6 6 5 1 -3 -2 2 -2 -4 8 3 -14 0 -2 -14 2 0 -7 -1 5 0 13 0 -3 0 0 -10 0 -3 6 5 -7 2 -7 0 -6 12 -11 0 8 1 3 -2 -7 7 3 -3 -4 11 3 -10 0 -2 1 -2 -8 4 -5 -9 -2 3 0 0 -3 6 1 -2 -6 4 2 5 0 -1 -2 16 0 -3 3 2 -7 6 -5 7 15 23 -3 -4 -6 -1 11 7 -8 -11 4 1 -5 10 -6 1 -3 0 8 5 11 -8 -6 -7 3 -10 -4 -9 10 0 1 2 -2 2 -3 -20 5 16 -3 -1 -1 4 7 -7 -3 -6 4 -10 6 -12 -1 -2 6 19 2 5 7 -3 1 11 2 -5 1 11 -1 -11 2 -2 -18 -3 -17 0 -3 0 -15 -1 22 -3 7 -2 -6 5 2 3 -3 3 3 1 -9 -2 -1 -1 3 0 -6 0 13 -8 0 2 -15 23 -1 17 -1 -1 -5 0 -1 -2 0 -25 2 6 0 -1 9 0 6 9 7 3 3 -7 -1 8 -4 -3 -8 0 7 9 -3 -3 8 0 0 -13 4 2 0 2 -9 3 14 -5 4 1 -7 -1 6 -9 -11 -6 0 -8 5 -2 0 -3 -8 -14 5 21 2 2 5 -25 8 -3 -5 0 4 4 -3 -2 8 -4 -7 8 -2 -1 -8 -2 -2 4 -2 6 6 9 -8 -2 -1 1 -5 -6 6 3 -4 -8 -2 -8 3 -1 4 1 7
Q 3 368 1 -40275 -1 -10 3 7 -10 2 1 0 5 2 3 3 -1 4 -2 -9 -1 8 -3 3 7 6 12 17 3 -3 -10 8 -6 -17 1 5 -4 -1 1 5 1 3 -5 8 -15 0 -10 -6 2 -3 4 1 -11 -6 -6 -1 4 2 -6 4 -7 0 -5 1 -8 1 -11 -8 -3 0 -23 -20 2 4 -1 -3 6 -5 -1 2 3 1 -1 -4 -2 0 5 0 -2 -4 12 4 -9 -4 10 8 -4 1 -16 -2 3 0 -4 -1 18 3 3 -5 0 1 8 2 -6 -3 13 -6 3 -3 2 6 -2 -5 2 13 0 6 0 0 -3 5 -1 1 3 -2 -1 0 8 2 -2 2 -1 -4 0 5 -1 4 -3 -2 -2 -10 -1 3 -1 -2 0 -14 3 1 5 3 2 1 5 0 7 2 -3 8 0 3 1 0 -4 2 -5 -3 -5 2 -1 -5 0 0 -1 19 1 10 -2 2 3 0 7 11 7 8 10 -2 0 -4 -4 6 -1 -12 1 -9 3 -5 -5 12 7 2 -2 7 -7 2 -2 -3 2 -2 3 -3 -5 3 -16 4 -4 0 3 -11 0 -1 -3 -2 -3 4 1 -21 0 9 6 3 6 -4 -18 -1 2 -9 2 -3 3 -8 0 9 6 6 1 2 -1 1 0 -1 -6 3 -10 -1 12 15 10 -8 0 4 -3 0 -2 5 -4 -1 7 -1 11 7 9 -4 -3 -7 6 -5 14 4 13 -16 11 6 2 2 7 5 -3 -5 13 1 2 2 7 -13 -1 -2 -9 3 1 -11 -6 2 0 -17 5 -3 0 3 -20 1 -6 11 0 -2 5 -4 -4 -14 0 -5 -2 3 -1 -5 1 -7 3 0 0 3 3 4 -3 3 3 2 2 10 -2 -2 -4 2 6 -5 -2 10 3 4 -13 2 2 -1 5 8 0 -6 5 4 -1 2 -2 -3 -11 -10 7 -7 20 -3 4 -6 0 3 2 0 -4 -2 1 -1 6 0 0 2 2 4 -1 21 2 -5 -6 -1 0 3 -8 -1 -2 2 6 3 5 -4 -11 1 5 -2 -1 -1 -1 5 -1 1 -5 -6 -2 0 -5 2 9 -1 19 9 1 5 0 -6 10 -1 0 2 -11 -7 -4 3 -4 -13 -3 -11 5 -4 6 -12 -2 -3 -6 3 2 -7 -4 0 -5 1 2 4 5 -10 -5 -1 -1 0 -5 -6 3 9 -7 1 10 -23 26 -11 5 -6 1 -1 2 2 -2 2 -11 -5 -6 14 2 8 11 1 1 -4 0 4 -5 3 4 1 -1 -4 1 -13 -6 3 2 13 7 3 -40 5 6 -3 4 6 3 11 -3 1 2 -1 -6 5 -5 -10 -7 1 -3 7 6 -6 -7 18 -6 1 16 -1 -4 -13 -12 -5 -3 -6 2 6 0 1 -3 1 -6 0 4 -13 -4 1 5 -1 6 -1 3 0 -2 -13 -11 -2 0 2 -2 4 4 -5 -5 -8 0 5 0 1 -3 7
Q 3 369 1 -45158 -1 -20 4 4 -2 -2 10 2 -2 13 4 6 7 -2 0 -15 2 6 -3 7 2 7 15 9 0 2 -14 13 -5 -13 0 1 -16 -2 2 5 3 8 -3 4 -18 2 -15 -6 1 -7 4 2 -6 -8 2 -8 1 7 6 4 -3 -2 -6 -1 -3 1 -14 -2 -2 7 -5 -14 5 5 12 3 0 -5 -4 1 -6 0 1 -7 0 0 2 -2 -4 -9 6 1 -10 0 6 4 -2 5 -11 -4 6 5 -2 -5 23 11 5 3 3 2 12 -9 -7 3 5 -1 6 -7 3 4 3 -3 -2 1 0 3 3 5 7 3 -5 2 1 -3 -2 -4 5 2 -14 -1 -3 4 2 10 2 -6 -4 -7 -5 -3 -8 -1 -2 -2 -1 -12 13 6 8 -5 4 -1 -2 -4 5 -3 -6 9 -3 -6 1 -6 -1 4 -3 -1 -15 -8 -2 -1 1 3 -3 -3 1 3 -1 5 2 4 4 6 9 0 4 -7 -2 -1 -3 12 -4 14 3 -3 2 -7 -2 -6 3 2 3 9 -3 9 2 -6 6 -12 0 4 -11 6 -2 5 -3 -3 2 -9 1 4 -1 -1 -3 4 2 -17 -2 11 4 1 12 1 -2 -3 2 1 2 4 13 -8 -2 14 -9 1 0 1 -2 0 1 11 1 2 -13 -16 -10 8 10 -9 -3 -3 0 0 -2 -7 0 0 4 3 2 4 -4 -6 3 -4 8 -1 13 6 3 -5 -4 6 3 2 0 0 5 -2 11 -2 -2 4 3 -9 1 0 -5 5 -1 -5 -2 3 3 8 2 1 1 0 -20 2 -4 3 15 -10 3 -5 -3 -7 6 -4 3 2 -2 -5 -1 -7 6 -1 1 3 7 4 -9 1 -1 -4 2 12 -1 -1 1 2 5 -3 -3 5 4 1 -5 0 4 -1 6 5 1 -3 11 -2 -3 -4 2 -4 1 -9 3 9 20 -3 0 -3 -1 10 5 -7 -10 -4 2 -8 6 -3 -3 -3 1 3 3 21 -5 -6 -8 0 -9 -3 -12 3 3 5 2 0 0 -4 -12 3 13 -3 -1 -2 3 11 -4 2 0 8 0 3 -7 2 2 2 25 5 2 3 -4 0 9 -1 -2 6 0 -9 -6 2 -8 -20 -2 -12 4 -1 2 -17 1 21 -7 5 3 -4 -5 2 -7 -4 1 2 1 -8 -2 -1 -4 1 -2 -6 0 12 -4 -1 -1 -12 32 -5 16 -1 -4 -2 7 -1 -2 -2 -13 4 -3 12 2 11 1 1 3 3 0 4 -3 6 7 -4 -3 -7 -1 -5 2 -3 1 7 4 -4 -22 10 2 2 3 -9 0 13 -2 2 0 -4 -1 7 -2 -17 -5 3 -7 2 7 -2 -2 3 -13 5 17 2 2 -3 -23 -6 -5 -6 -2 8 1 -2 -1 2 -4 -5 8 -3 -3 -2 4 4 8 -2 2 4 3 -9 -7 -2 1 -6 -3 3 1 -1 -6 -9 -6 3 0 5 -1 7
END
H 63001 202
L 1 1 0 20 1 -1 0 0 -6 6 0 -3 1 1 2 -2 7 3 7 -1 6 -7 -3 2 4 7 1 3 6 -1 -7 -10 5 -6 -1 2 -1 -4 1 -3 -1 -3 -1 1 3 3 7 2 -1 0 2 -1 -1 1 -3 -3 -5 5 -1 -1 1 -8 0 -3 4 2 0 -2 -2 -1 3 4 0 -1 4 1 3 -2 5 3 -1 -5 -6 -4 3 2 0 6 -6 1 -4 0 4 0 0 -2 -6 -1 18 -2 2 -3 1 4 -4 0 -6 2 -3 -3 5 -3 2 -6 2 5 -4 -1 1 -2 3 3 3 7 0 3 -1 1 1 -1 0 3 6 1 0 2 -1 3 -4 1 5 3 4 2 2 4 2 -2 -3 1 13 2 -5 -5 -1 1 1 0 3 -3 -2 6 -9 0 -4 -2 -3 -10 -1 -5 0 -15 -1 0 -1 -6 7 -3 -2 -8 -6 -2 -1 7 -2 0 4 -1 -1 3 2 1 -7 -1 -1 2 1 -1 2 -10 -2 3 -3 3 1 -5 3 -5 1 4 1 3 -6 -3 -1 1 -4 6 1 -1 -4 3 -3 1 -1 2 0 -1 -4 -3 -1 -1 -3 -5 7 24 -2 1 3 2 0 2 1 -2 -1 6 -3 2 -2 2 4 -2 11 8 -1 2 -1 -3 -2 -13 18 -4 -15 5 -5 0 0 -5 -2 2 1 -3 0 1 -2 7 -2 6 6 7 13 3 -10 -5 3 2 2 -1 -7 1 -4 -1 4 -1 7 -2 2 -2 10 -4 1 -1 -14 -3 -1 1 -2 -3 -3 -2 3 0 -3 -29 -3 0 1 0 19 -2 -1 -2 9 -3 3 4 -4 -10 2 -5 3 4 -2 -1 -3 2 -3 1 0 6 3 -5 5 -4 8 1 2 9 -1 -2 -14 2 1 0 -2 0 -1 0 3 6 -4 -1 1 1 -3 2 0 2 -1 -7 0 1 2 -4 -2 10 -3 0 -3 0 3 -2 -1 -2 -20 -7 1 -1 2 -1 -3 1 1 -1 2 -4 -3 2 -1 0 4 3 6 6 0 5 3 0 10 -4 -3 0 -7 -2 4 1 -1 -4 -2 0 -7 6 11 -4 -4 2 -4 -2 -1 2 0 2 0 4 -3 5 0 -16 10 -4 -5 4 3 2 -1 7 2 3 2 6 -3 12 -2 -1 3 4 11 1 -4 2 -4 1 -1 1 -2 0 -4 4 2 8 -1 4 -2 -2 20 17 -6 -2 9 -5 3 -1 -2 -4 2 1 -1 5 2 -4 -1 0 0 7 -1 3 0 2 1 0 5 -3 -3 0 0 5 0 3 -3 -6 1 -5 -19 -3 -4 0 0 5 -4 3 2 4 -4 -3 -7 1 -3 16 0 1 4 -9 0 3 -2 0 -3 2 0 0 -1 13 -8 0 3 3 -1 4 6 -1 0 -10 0 6 4 -4 -1 0 -2 4 1 -1 1 2 -2 -3 -2 -2 2 1 3 -2 -5 0 -8 0 -1 -1 2 2 0 8
L 1 2 0 22 1 1 -1 2 5 4 0 -3 -1 1 1 3 4 2 -2 -5 0 -6 2 0 -1 2 -2 2 2 -1 0 -5 4 -9 -5 0 -2 1 -1 3 0 -2 0 2 2 0 10 2 -1 3 1 -2 5 6 -6 -1 -3 8 2 -4 7 -4 2 3 8 -1 -5 -3 5 -3 -9 -4 2 -1 4 3 0 1 4 -1 4 -2 -7 1 2 -2 4 3 0 -1 -5 -2 4 -1 2 2 -4 0 8 0 3 1 -1 2 -12 -2 4 2 -5 -2 15 -6 1 -7 -7 4 -4 1 -1 0 2 1 2 5 -1 0 3 1 -2 -1 2 1 4 3 2 1 2 7 -4 0 3 1 2 -1 1 3 4 -5 -4 -1 12 2 -2 -1 -3 -7 0 4 7 -1 -1 -1 -5 -4 -8 -1 4 -11 -1 -8 0 -19 -6 5 -2 -11 2 -2 -3 -7 -1 -4 0 3 -1 16 0 1 -3 0 4 3 -4 -1 1 -3 0 -2 2 0 0 -13 -1 6 -1 -6 5 -2 5 2 -4 2 1 -2 1 3 -8 1 0 -4 -1 1 -6 0 1 2 1 -3 -3 -2 -2 0 1 2 6 13 6 -1 5 -1 -4 6 -3 -1 4 4 1 0 -1 -1 3 2 8 0 4 1 3 -1 -3 -2 1 -2 -11 13 -3 0 6 -5 -4 0 1 -4 1 -2 1 10 -4 6 3 8 6 3 0 -3 3 1 1 0 -8 -6 -1 -1 1 0 2 -3 -10 -1 7 -5 8 0 -15 -8 -2 0 -2 -1 -1 0 2 -2 1 -29 1 1 1 4 11 0 1 -3 2 -5 5 3 1 -4 3 3 0 2 -4 -1 -4 4 0 5 0 4 -1 -5 4 -4 7 4 0 1 0 -3 0 2 -3 -1 0 1 -1 -3 6 4 -1 0 0 4 -2 -2 1 -2 3 -5 -2 5 5 -5 1 0 -1 1 2 -3 2 1 3 -5 -17 0 1 -7 4 1 -5 2 3 -2 2 1 -2 2 0 3 9 5 11 0 -2 0 -1 5 17 -1 -3 4 -4 1 1 -3 -3 -6 -1 1 -1 5 7 1 -3 0 11 -1 3 4 2 2 3 1 1 2 2 -3 -5 -2 -4 -2 -2 0 -6 -8 1 -2 1 5 -3 12 1 -1 2 0 -1 -1 -3 -1 2 0 -3 -1 -2 -1 3 4 -5 2 2 5 -4 3 9 -3 -18 1 2 -2 3 -2 0 -3 1 1 8 0 2 4 0 -1 -2 9 -2 3 1 6 7 6 0 -4 0 5 1 -1 -4 1 -3 -3 -3 -1 -3 1 -3 4 -3 2 -3 5 1 1 -2 3 -2 -1 -2 -7 -2 3 5 -3 0 2 -3 0 0 5 -19 1 2 1 1 0 2 0 -3 5 0 1 -1 3 3 8 3 -2 5 1 -5 6 3 0 2 6 -3 4 -3 -1 0 -2 3 -3 0 1 -7 -3 1 -4 1 7 -2 8
L 1 3 0 36 1 -7 -2 0 -6 2 -1 -2 0 -5 2 0 4 7 4 -1 4 -9 -3 6 5 5 1 -3 2 -6 -2 -8 7 -7 -4 5 -4 -4 -4 -5 -2 1 1 -2 6 3 2 -4 0 4 5 1 -1 -1 4 0 -5 -2 14 1 -2 2 1 -9 1 2 -3 0 -2 -2 -1 6 -2 -4 2 -4 0 0 5 3 3 0 -4 -3 3 2 0 4 -7 -1 0 -1 4 4 6 -2 -8 -2 22 -1 0 0 2 3 -3 -3 -7 2 2 -4 5 1 -3 -3 -5 2 -4 1 1 7 2 1 5 -29 1 2 -4 -1 6 0 -1 3 -4 -2 0 2 1 2 -9 3 1 1 2 -1 -1 3 0 4 4 2 9 -3 -2 -3 -2 -3 2 -3 0 2 -2 5 -6 1 -3 -2 4 3 0 -4 0 -5 0 0 -2 -3 10 -2 -3 -2 -6 0 -2 5 -3 -3 2 -3 0 8 2 0 -4 -6 0 4 2 0 3 -11 0 8 -5 12 1 2 -1 -1 0 5 5 3 -9 -2 0 3 -7 3 1 3 -3 0 -3 3 -1 -1 -1 -3 -3 -2 -1 -5 -7 -8 2 24 -2 3 1 5 2 -3 8 2 -1 7 -3 2 -4 0 5 -2 12 4 1 3 0 0 -3 -10 13 -4 7 1 -8 -1 -2 -3 0 2 -3 -1 1 2 -2 6 -2 -4 4 4 7 2 -3 -3 8 3 -2 0 -6 2 -7 -3 5 0 6 -2 6 1 5 -3 1 -4 -11 0 0 1 0 -2 -2 1 0 1 -4 -9 0 -1 2 -1 11 -1 2 3 12 -3 3 -2 -4 -3 1 -3 1 4 -4 -1 0 -1 -3 1 -1 5 -3 0 2 -2 5 -2 6 12 2 2 -12 -5 1 -1 -1 6 5 2 0 5 -2 -3 -5 -1 -2 2 -2 -2 0 -5 3 1 -5 -1 -7 -5 -3 0 -1 -5 0 -8 -3 -3 -13 -5 0 1 -2 -1 -2 -1 2 1 0 -2 -2 1 -2 -3 2 0 -12 12 1 5 0 -2 5 -4 6 -1 -1 -2 3 3 -1 2 1 -1 -6 0 5 -4 1 -1 -10 -5 -3 5 -2 -2 -1 3 -6 -3 -1 -10 4 2 -6 4 1 4 -1 9 1 6 5 5 1 9 -4 -1 3 2 7 2 -3 7 -2 0 1 5 2 2 -5 -1 1 6 -3 0 -1 -2 11 9 -1 -2 5 -3 2 -3 -3 1 -2 3 11 1 0 -2 -3 -2 -3 0 0 -4 2 -3 2 1 2 -5 -6 -1 -3 3 2 6 -4 -2 0 -2 -20 -2 -5 0 -2 1 -5 6 1 1 -1 -4 -2 -3 0 6 1 3 2 2 -4 4 2 1 -5 1 -11 -2 -2 4 -3 -2 2 0 1 8 7 0 1 -12 2 -3 1 -4 -2 -1 0 0 -2 -1 1 3 -4 -4 2 -2 0 0 1 -3 -3 -2 -3 -5 0 1 3 0 -1 8
L 1 4 0 57 -1 0 -2 0 0 4 0 0 0 -1 0 -1 2 7 0 0 1 -6 -3 3 2 -2 0 -7 1 -2 -3 -2 5 -6 -5 4 -2 -6 -3 -5 2 -1 0 -3 0 2 11 0 -1 0 4 -1 3 1 2 1 -3 9 5 2 4 3 1 0 3 -1 0 -2 0 -4 -11 -3 -3 -4 -1 0 -1 0 4 -2 4 3 -6 -2 2 4 1 6 -4 0 -2 0 4 6 3 1 -6 1 4 0 0 1 -1 2 0 -5 0 1 3 -2 6 -2 -3 -6 -11 6 -4 -1 0 2 -1 1 2 -24 1 -1 1 1 3 -4 -1 0 -4 0 1 2 4 2 -1 2 1 1 3 -1 1 6 1 2 3 0 -5 -4 3 -2 -5 2 3 1 3 -3 -1 5 -6 1 -1 -2 8 -7 0 -7 1 -8 -1 1 2 -5 5 -3 0 -1 -2 2 1 -2 -1 2 2 0 -2 3 6 4 -3 -4 -3 5 2 2 1 -6 4 1 -3 12 -3 -1 -2 -4 0 3 2 4 1 -3 4 4 -18 -1 -1 1 -2 -1 -4 1 4 0 1 -1 -2 -4 -2 -4 -5 -8 4 25 2 -4 2 3 2 2 21 0 2 4 -6 0 -4 -1 1 -2 5 2 3 1 4 1 -4 -8 11 -2 10 9 1 -1 -2 -6 -2 1 -4 -3 4 -1 2 2 0 3 2 8 9 -1 -3 -4 2 3 0 -2 -12 -6 -2 -3 -1 -1 4 -2 -7 0 7 -5 6 -2 -8 0 -1 0 0 -1 1 -3 3 -1 -4 -14 0 2 1 1 11 4 4 -1 16 -4 5 3 -1 1 -1 -1 0 4 -5 -2 1 -1 1 3 0 0 0 0 2 -3 2 -1 3 8 4 -1 -3 -6 -1 1 0 1 5 0 2 2 4 -3 -4 4 -4 -1 2 -2 3 -3 6 3 1 -7 -6 -3 -7 -2 3 0 -1 -2 -1 -4 -4 -1 2 -5 0 -2 -5 -1 3 1 -1 3 -4 1 0 0 3 0 2 4 -1 4 -1 3 9 0 2 -1 -6 2 1 1 0 4 -1 1 -1 -6 -5 -7 -2 -3 -3 -3 -5 10 4 -2 1 0 -1 0 -1 4 -3 4 -5 0 2 3 -5 9 1 5 3 5 1 12 0 0 5 3 -1 1 -1 4 0 2 -1 6 4 2 -3 0 0 8 0 0 -3 0 3 20 -17 -3 12 1 4 -2 -2 -1 -5 4 12 -2 -4 -5 -4 1 -3 10 3 0 4 0 3 5 4 -3 -6 2 -2 -3 -1 4 -6 -1 1 -1 -9 0 -5 5 1 3 -3 4 1 0 -1 -1 -1 -3 -3 -5 3 3 3 2 2 2 3 2 0 2 -13 0 2 7 2 -5 2 -1 -3 3 3 2 -1 -13 -2 -4 7 -1 -1 2 0 3 1 2 4 4 -2 13 -2 0 0 -2 1 -2 -5 -2 2 -6 4 -1 4 2 0 -8
L 1 5 0 32 1 7 2 -1 1 0 1 -1 1 -3 0 -2 5 6 -3 0 2 -12 -2 5 1 0 2 -6 0 0 -6 -3 8 -10 -6 5 2 -3 -3 -6 2 1 4 0 2 3 5 -1 0 8 4 -3 3 -2 -2 3 -2 5 4 2 1 8 2 -5 0 0 -7 1 -3 -3 -9 1 -4 -1 -1 -4 1 1 4 0 3 3 -4 -3 -2 1 2 5 -1 0 -2 -1 2 3 3 3 -6 0 15 3 -1 3 0 3 2 -3 -5 3 5 1 -4 6 -2 -5 -9 1 -1 0 -4 8 -1 3 3 -39 1 1 0 1 7 -2 0 -1 -3 -4 2 3 2 3 -4 -1 -1 1 2 -3 -6 -3 1 8 8 3 -6 -1 3 -1 -5 -5 -1 3 0 0 0 3 2 0 0 0 8 -7 1 -5 0 -3 -1 5 2 -3 4 -1 -2 1 -5 1 -1 -5 0 -4 0 -3 -3 7 3 1 -5 -4 0 2 3 1 5 -2 1 -9 -3 -3 -1 5 -5 -2 0 3 2 2 -3 -2 3 2 -9 2 1 3 -2 -2 -6 2 3 -2 1 -1 0 -6 -6 -4 -6 -9 4 5 1 4 -2 0 -5 -2 21 7 2 7 -2 -1 -4 -4 2 -1 6 -1 2 4 3 1 -1 0 7 -2 5 18 -3 -3 -4 -4 2 1 -5 0 3 -3 1 4 -3 0 0 2 1 -1 3 -4 -3 2 -1 -3 -10 -1 -1 -4 2 -1 3 -1 14 0 6 -2 2 -5 3 -5 -1 -4 2 1 1 -1 1 0 -4 -2 0 0 5 0 -3 4 3 2 3 -4 6 0 -1 10 5 4 2 5 -8 1 1 1 -1 3 1 1 -5 2 1 -1 1 1 5 6 0 5 4 -1 -1 3 -3 0 2 2 0 5 3 -1 -6 6 1 -1 5 -3 2 -5 1 0 -5 -3 -9 -6 -5 0 3 -2 -1 -8 -1 -2 -5 0 -1 -1 -2 -1 -1 -1 -1 1 1 -9 -1 0 3 -1 2 1 -8 1 4 4 1 1 1 1 4 -5 -1 -2 0 2 0 9 3 -1 2 4 -2 -6 0 -3 -4 -1 2 -3 1 -2 1 1 -2 -4 0 5 5 2 -3 1 0 0 -5 6 -2 6 2 2 6 8 -2 0 8 -1 4 -1 2 7 -1 0 1 7 3 5 -3 -4 -1 2 0 -1 -2 1 17 -7 -1 0 4 -4 4 -2 -4 1 -4 2 20 -6 -2 -2 -1 -6 -1 -8 0 -5 2 -2 -1 11 2 -3 -3 1 0 0 -1 5 -8 -1 3 -2 -2 -2 -4 2 -1 -1 -1 6 -3 -4 4 0 3 -6 -1 4 3 2 2 4 -5 3 2 3 -5 3 -14 1 1 3 -8 -6 4 2 -1 4 2 2 -1 -5 2 -6 -1 -2 -1 3 1 -2 -1 1 -1 3 -5 5 5 1 -6 1 0 -4 -3 -4 6 -6 0 -2 5 2 -4 8
L 1 6 0 31 1 1 0 -5 -10 -1 1 1 0 0 0 -2 -4 -5 -1 6 -1 9 0 -6 -3 -4 -2 4 -1 3 -3 5 -4 6 6 -2 1 2 2 3 0 1 -1 1 -3 0 -6 4 0 -6 -3 -1 -2 -1 8 0 2 2 -9 0 -1 -1 -2 3 -2 -1 7 -1 -1 4 7 -4 0 4 -3 4 0 3 -4 2 -4 0 5 0 0 2 -3 -7 1 2 4 2 -5 -5 -6 -1 7 -2 -8 -1 1 -1 -1 -1 5 2 1 -3 -1 1 -9 2 4 4 13 -2 2 -2 0 -7 -2 -1 -5 37 0 1 1 1 -3 0 -1 -2 -8 1 0 0 -2 -3 9 0 -2 -2 -2 3 1 0 1 -4 -5 -1 -10 1 1 0 5 11 -1 0 -2 -1 0 -3 3 2 1 2 -8 1 2 3 0 1 2 -1 1 0 -3 2 1 1 4 -1 2 0 3 -7 0 1 2 -5 -4 0 9 7 0 -2 -4 1 -3 7 0 4 1 -13 -1 -1 3 4 -2 -5 -1 -2 -1 1 -2 -5 5 0 1 -2 2 1 1 -1 -1 -2 0 1 2 6 2 4 7 9 -5 0 -3 1 -1 -1 1 4 -6 -7 0 -2 2 1 4 4 -1 0 -9 2 -5 0 -1 -3 1 6 -3 2 -4 -6 3 2 0 0 -2 0 2 3 -4 0 -3 -6 2 3 -1 -2 -2 -3 -5 2 -7 -4 1 1 13 3 -1 3 -3 -1 -1 3 -5 -1 -6 3 -2 4 6 6 1 0 0 -2 0 2 0 -1 3 -2 -2 0 -2 1 -7 -3 -4 -5 -8 4 -5 2 1 -3 -4 -1 -2 -4 3 3 -1 -1 -1 -1 2 -4 7 -1 -4 3 -3 2 -5 -6 -2 -5 1 4 1 -1 0 -4 -4 0 4 -6 -4 0 7 -1 -2 -1 2 4 -1 3 -3 -3 1 -1 7 6 2 0 -3 0 3 4 0 4 8 1 4 -1 1 -1 3 -1 -3 0 1 2 3 -1 -3 -2 0 0 16 -5 -2 -4 1 3 -10 4 -8 2 1 2 -2 -4 2 -4 0 0 2 -4 2 3 0 2 -4 1 2 8 1 -2 -2 -3 0 5 3 2 0 -4 5 -1 0 -2 5 -9 0 -1 -4 -1 -1 -11 2 0 -7 0 -5 1 4 -5 1 0 -1 -7 -1 -4 0 2 1 -5 0 -1 5 -1 -3 1 9 0 -6 2 -1 3 4 1 4 -5 -12 1 2 2 4 1 2 -1 -1 2 -2 2 -2 -5 1 2 5 -4 2 0 1 -5 8 0 1 0 12 0 4 0 2 -1 3 -7 1 1 -1 -2 -3 2 3 5 -1 -1 -3 -7 4 -4 -1 -2 8 -3 19 0 -3 1 -5 3 1 0 0 -6 -2 -1 -1 6 -3 -3 -1 4 -2 -1 -1 -1 0 -1 -1 -4 7 4 -3 2 0 1 -2 2 1 2 -3 7 -1 0 -3 -2 2 8
L 1 7 0 26 1 1 -2 0 7 3 -1 -1 -2 3 -1 2 6 3 3 0 0 -3 -2 2 2 -1 -2 -2 1 0 -1 -7 3 1 -5 -1 0 -4 1 -4 3 0 -3 0 -1 2 5 6 -1 2 -1 -1 3 7 -11 -6 -2 18 -17 -6 6 -1 0 2 1 -2 -1 -2 5 -1 -9 -9 2 -3 1 2 2 -3 -1 0 -1 -3 -4 2 0 2 1 7 -1 1 -6 -3 5 4 -2 1 -5 1 -3 -2 -1 -1 -2 0 -3 1 -2 0 0 -3 6 -3 -1 -4 -6 3 -1 -3 1 -6 0 4 3 -3 0 0 1 0 0 -4 2 3 15 2 1 5 2 4 5 -1 7 5 5 2 3 5 2 -3 -5 1 4 0 -3 -3 -3 -2 1 4 5 -5 -1 3 -6 -6 0 -4 -1 0 2 -3 -2 -6 0 2 0 -6 -4 -9 2 -5 -1 -2 -1 11 -3 -1 4 0 -4 -1 2 2 -14 0 -4 -1 4 3 1 -4 -3 -5 -2 -1 0 -7 -2 -11 4 2 -6 -1 10 1 2 2 0 -1 -1 -1 -3 4 3 -3 3 1 1 2 -3 -2 -3 0 -2 -4 13 8 4 -7 -1 -1 -2 -2 2 2 2 3 -4 1 -3 3 1 1 3 2 4 -4 2 2 -4 -7 6 -1 -4 2 3 0 3 -2 -2 -1 1 -1 0 -4 -1 -2 -2 7 4 5 5 -2 1 -4 -2 3 2 -3 -8 -4 5 -2 -3 0 -1 -1 1 -2 0 -3 4 2 -2 -11 2 -1 2 3 -1 -5 4 2 1 -17 0 3 -1 -2 22 -1 1 0 4 -2 3 6 0 0 1 -2 2 1 -1 -4 -2 6 2 0 -2 5 2 -2 4 -4 3 1 -3 -2 3 -1 -3 0 0 2 0 -2 0 -1 1 4 -2 -2 1 4 1 -2 2 8 2 -7 0 5 9 -4 -4 8 -7 1 0 15 2 4 4 2 1 -1 0 -6 7 1 -4 -1 1 -1 -1 -2 -5 3 2 4 -8 1 9 -7 0 3 2 0 17 -3 -6 -1 -8 -2 2 1 1 1 -3 2 -7 7 4 -2 -4 2 5 1 5 1 0 5 1 4 -2 4 -2 6 -2 0 1 0 2 -3 -8 8 2 -1 -2 3 -3 14 0 0 6 4 -5 1 -2 -1 -4 2 -2 2 -3 3 -1 5 3 6 1 1 -2 -1 5 14 -14 -3 12 0 1 -3 -2 -5 -2 4 -1 2 3 -6 -1 4 0 11 -1 13 1 5 -3 5 3 1 -3 2 -1 -11 -3 1 -6 -9 -1 -2 -17 1 -1 1 0 5 4 0 1 5 -4 1 -4 0 -1 -1 2 -3 3 -6 4 2 1 -5 -6 3 -1 2 2 1 0 -8 -3 2 -1 3 2 0 0 -4 -2 2 2 -2 1 0 0 8 2 0 -2 1 -3 4 -6 0 0 1 0 0 -6 -2 3 -5 5 -1 2 0 -4 8
L 1 8 0 40 1 -3 1 -5 8 -1 -1 -4 1 -4 1 3 1 9 -2 -5 -1 -5 2 5 4 5 0 -6 -1 -5 8 -7 3 3 -7 0 0 2 -2 -4 -2 2 3 1 9 0 -1 -6 1 11 0 3 2 3 -5 4 0 -7 13 -2 2 5 4 0 2 0 -8 3 2 -3 -7 0 0 -1 0 -4 2 0 4 1 3 1 -3 -2 2 -1 2 2 3 -2 2 -3 5 2 4 3 -6 -1 13 2 -4 2 2 3 -11 -5 -2 3 2 -1 10 -1 -4 -5 -12 0 -1 1 -3 11 -1 2 3 -24 2 -3 4 -1 2 2 4 4 -1 0 0 3 3 2 -7 0 4 1 3 -4 -3 0 -1 4 4 2 12 1 1 -1 -6 -5 3 2 -1 5 2 0 2 -1 -3 -2 8 6 4 -1 0 -7 -3 2 -2 0 11 -5 -3 -2 -2 1 -3 -1 -4 5 -4 0 -2 6 8 1 -7 -9 3 -3 3 -1 1 -1 1 -5 -2 3 0 2 -3 -10 4 3 -1 5 3 -2 2 4 -3 -1 2 2 -3 -2 0 1 3 -3 3 -4 -1 -4 2 -3 -5 -10 4 -13 7 0 1 -1 0 0 7 8 0 3 2 -2 -6 -5 5 -3 11 -3 6 2 1 3 -1 -2 0 -3 11 8 -1 -5 2 2 3 0 -2 1 3 4 1 8 -2 -4 0 -1 -3 3 4 -1 4 2 -2 -3 -11 -8 1 -2 0 -2 -3 0 17 -1 2 -1 7 -8 -5 -10 -2 -1 -2 6 0 -4 0 1 1 -3 4 -2 2 -2 -2 3 1 2 0 -5 4 -2 1 6 7 3 -1 1 -6 -3 0 -1 1 6 -1 2 -10 4 -1 -4 1 0 7 -1 2 5 1 -5 -2 -1 -1 2 -2 2 0 3 3 1 -3 2 -1 -1 0 -10 1 0 2 2 -2 1 -2 -10 2 -2 2 -4 -3 -7 -2 -2 -7 1 -2 -1 -2 3 1 0 2 0 -1 5 -1 -2 -1 0 6 1 -21 0 2 0 -3 -4 0 -9 3 1 -1 -4 0 6 0 8 2 -2 -4 5 -2 0 -1 -2 8 -4 5 2 0 -1 1 1 -7 -4 1 1 -8 7 -4 -1 1 -2 -2 5 1 -1 2 0 1 10 -3 -3 3 0 4 1 -1 6 -2 1 -2 5 4 2 0 -4 -2 -1 -1 1 -2 2 1 -11 -6 2 1 0 2 -1 1 -1 -1 -1 19 -8 0 2 -2 -5 1 -2 2 -2 3 -2 7 7 -2 -7 -6 4 -1 -2 -1 7 -6 4 -4 -1 0 1 -1 1 -2 -1 -3 6 -1 -1 -1 2 5 -5 -4 -12 0 4 2 10 -3 4 1 -4 -4 5 -28 -1 -2 -12 -1 0 0 -1 -1 10 2 -1 2 -8 4 -7 -8 -1 2 -1 -2 -1 -1 -1 1 5 -8 -2 -5 -2 0 2 2 0 0 -2 2 -6 -2 -5 3 2 0 8
L 1 9 0 8 -1 5 -1 4 -9 -1 1 3 -1 1 -3 -1 -2 -10 4 5 0 4 -1 -5 -4 -3 1 7 -2 4 -9 4 0 -3 5 1 -1 -1 1 3 0 -1 -1 -1 -6 -1 -1 3 -1 -3 2 -2 -2 -5 6 -1 -2 1 -9 0 -2 1 -4 -6 -3 1 6 -1 -1 4 10 -2 0 1 -1 2 -4 1 -3 0 -7 -1 3 0 -2 0 -2 -4 -2 2 -2 4 -6 -2 -4 -3 5 1 0 -1 4 -3 0 -2 11 4 0 -4 -2 2 -9 6 3 4 7 -3 0 0 1 -11 2 -2 -3 10 -3 2 -5 0 0 -1 -3 -4 -4 0 1 -2 -4 -2 -1 0 -5 -3 -4 3 1 -2 1 -2 0 -2 -8 -2 -1 1 6 -3 -2 -4 -2 -4 -1 -1 1 0 0 2 -7 4 -5 0 -2 6 3 1 0 0 -17 5 3 3 0 -3 1 6 4 -5 2 0 2 -4 -10 -3 12 5 -3 4 -2 1 -1 0 0 4 -2 -4 0 0 4 15 -4 -2 2 -5 -9 3 -2 -4 7 -1 0 1 3 1 1 0 -2 1 -4 6 2 2 -4 1 2 8 -1 14 -7 2 -1 1 -3 -5 -12 -3 0 1 0 2 4 4 -4 2 -7 2 -6 -3 -2 -2 2 7 -7 4 -5 -12 -2 5 -4 -1 -1 -3 0 0 -3 -3 -2 -6 3 2 0 -5 0 -2 6 3 -3 -1 1 3 15 12 -2 0 1 2 2 1 -15 2 -4 1 -7 6 7 9 0 -1 1 -3 -1 6 -1 0 0 9 -3 2 -1 0 1 -5 -1 1 -3 5 -3 -1 -2 -2 -6 -1 4 -1 4 4 0 3 -2 -5 1 -1 6 -3 -1 3 -1 1 -3 1 -3 -3 -6 2 4 0 0 -2 2 -2 0 -1 -2 -1 1 -2 3 2 3 11 -2 0 -2 -2 2 4 -1 4 -2 4 -1 0 3 -1 0 2 3 -1 2 7 -2 1 0 -1 -1 -2 -2 -15 1 3 0 -1 -6 -1 16 5 0 0 5 2 -1 10 4 0 5 4 0 -4 1 -2 0 2 4 -8 6 3 1 0 -12 2 -3 -2 -3 2 -1 0 6 2 1 0 8 -5 5 2 -2 3 2 -11 -2 2 0 0 1 -13 3 2 -2 -1 -3 1 4 -4 4 -2 2 -6 -4 1 -1 4 3 -2 1 -2 1 -4 2 0 11 -1 -6 -2 -1 2 -2 5 1 0 -13 6 3 -3 1 3 -1 -7 -2 -5 -4 1 -9 -4 -1 4 5 -4 1 1 -1 -4 6 -4 2 2 -12 -1 -1 -1 1 -1 3 -3 0 -2 3 -2 -2 4 6 15 0 -3 -2 -4 0 -4 1 4 0 -4 22 2 2 6 1 -4 0 1 3 -8 -1 2 -1 12 -3 9 2 1 -1 0 2 -2 0 2 -2 -6 6 -3 11 0 0 -2 -1 0 1 3 -3 2 -1 7 -2 -1 -1 -8
L 1 10 0 33 1 1 2 2 -4 -4 1 4 2 -4 -1 -4 -1 -3 -4 7 -2 0 0 0 -3 -4 3 0 -3 1 1 8 -4 -7 4 1 0 2 -2 4 1 2 1 -1 -3 -1 -9 -1 1 -3 0 0 -6 -4 6 3 2 1 -3 5 -8 1 1 -3 -6 0 2 1 -5 1 3 4 -3 2 -1 -1 1 0 -3 -1 3 4 3 0 -3 0 -2 -4 1 -2 4 3 -4 0 -2 0 5 0 -7 0 -1 2 -3 -3 8 2 1 -1 3 2 -18 9 1 7 8 -4 4 2 3 6 0 -1 -2 -13 1 -1 -2 0 2 0 -2 -2 -5 -4 0 -3 -4 -4 2 -1 -7 -1 -3 0 -2 -5 -2 4 3 2 -16 -5 4 4 2 2 -4 0 -3 3 0 -3 3 3 5 5 -1 1 -1 1 0 20 5 -1 2 3 -5 3 2 8 2 2 1 -5 0 -9 0 -1 4 -1 -7 -4 4 3 -1 4 -2 -1 -1 2 0 -1 3 -8 1 6 -1 6 -2 -2 4 -2 1 -1 0 -2 4 -2 0 2 3 -1 -2 2 -1 -2 -1 -2 3 5 0 -1 1 4 -9 -6 -4 2 -6 0 1 -2 -1 -1 -1 -3 1 0 5 0 -5 3 -10 -3 -4 1 -1 2 1 10 -4 2 3 -4 1 2 -4 4 3 0 -1 2 -1 -1 -1 -7 2 -4 -3 -5 -8 -3 -1 3 -5 -1 1 6 8 3 -3 3 2 3 0 1 7 3 -3 4 -4 0 16 7 3 -1 1 -2 1 3 -1 -1 1 30 -1 -2 1 1 -18 1 -1 2 -8 4 -4 -2 0 6 -1 5 -3 0 5 2 3 -2 -1 -3 4 -6 3 3 -3 4 -4 -1 -2 3 -1 2 9 -1 0 -1 1 1 2 2 -1 -3 2 1 -1 -4 1 1 -3 1 -1 5 0 -3 -9 3 2 -3 0 1 2 0 -1 -1 0 4 13 2 1 5 -3 -4 3 -1 -1 1 1 -6 4 -1 2 -1 -2 -3 -7 -2 1 -1 1 0 -12 8 1 -1 8 1 -2 -2 -1 2 2 -1 5 1 -5 -2 7 0 -8 2 -2 -9 1 -4 -1 -1 4 -3 -1 6 5 -4 3 -1 0 -1 5 -3 -5 0 -1 -3 2 -14 1 4 -2 -2 0 -3 3 0 2 0 4 2 1 0 2 -2 0 -5 -2 -5 1 1 -1 -13 19 2 -10 2 -5 2 -1 3 1 1 -9 -2 -2 3 2 -2 1 -9 1 -5 -1 -4 -7 -3 -2 5 3 -4 -1 2 3 -3 3 4 1 2 14 -1 3 -2 1 -3 1 -3 -2 -3 3 -1 2 0 1 4 -2 -2 -4 0 -2 -2 1 7 2 -5 18 -1 -1 -2 -4 6 0 -1 0 -4 -3 -1 -2 8 0 -3 -1 1 -1 2 2 -3 0 1 0 -3 3 -5 8 2 -3 0 -4 0 3 -1 7 2 0 3 0 -3 1 8
L 1 11 0 38 1 -6 -2 1 5 0 0 -3 -1 -4 0 5 2 5 -6 -5 -2 -9 2 4 0 2 -2 -3 -2 -5 5 -3 5 -9 -8 2 -5 1 -5 1 -1 1 2 -1 4 -1 5 -5 0 7 5 0 4 4 1 2 -4 0 18 -1 3 7 3 -3 5 0 -8 0 4 -5 -13 -3 0 -5 2 -2 -2 3 4 -1 9 3 -6 1 2 -1 4 0 -1 -2 -2 -2 4 4 8 2 -6 0 13 1 0 3 0 1 -10 -4 2 2 1 -3 16 -1 -4 -4 -16 0 -3 3 -2 9 2 -1 3 -34 0 -1 0 -1 4 -1 1 2 -7 1 2 2 4 5 -10 1 -1 -1 -1 -4 -1 3 2 1 3 1 9 -3 1 0 -3 -12 0 1 3 4 -1 -1 -1 -3 -7 0 10 3 0 -7 0 -8 -6 3 -4 -8 6 0 -4 -1 0 -2 -2 0 -3 13 -2 -1 -2 5 4 2 -1 -6 2 1 1 -2 3 0 2 -7 -4 16 -1 0 0 2 4 3 0 2 -3 -1 3 4 -11 -2 1 0 0 -3 -7 1 2 -1 0 -4 -2 -3 -3 -4 -2 -2 1 13 6 2 3 2 -2 2 3 3 3 5 0 0 -3 -3 4 1 9 -3 6 2 4 2 -5 0 -4 -2 13 9 -6 -2 4 -3 -1 0 -5 -2 3 -1 1 8 -4 -4 1 4 0 2 6 -1 8 2 -2 1 -9 -5 -4 -4 1 1 1 -4 -6 2 3 -4 8 -3 -11 -5 -1 0 0 1 0 4 -1 -1 0 -8 3 1 3 3 2 2 4 2 4 -5 5 -1 0 5 3 5 -3 2 -6 -1 -1 2 1 5 -2 3 -7 0 0 -3 3 1 4 4 3 1 1 -5 -3 -3 1 7 5 -1 3 3 2 -1 -6 2 -2 -2 -1 -6 3 -2 2 4 -1 -2 -4 -16 -1 0 4 -9 -1 -7 1 -6 -11 2 0 -4 0 2 -3 1 2 1 1 2 -2 0 -1 0 7 2 -8 6 0 0 -3 3 11 0 8 3 3 0 1 0 -3 -1 2 0 1 0 0 2 1 -3 4 -4 1 8 0 -1 2 1 -2 -6 1 3 -11 4 -5 -2 -3 2 -6 -5 0 1 4 5 2 9 -1 -1 3 -2 -5 -1 -1 5 5 -1 -1 4 2 2 3 0 -6 0 1 1 -2 2 -1 -12 -13 1 -1 1 2 -3 0 1 -3 3 20 -4 0 6 -2 -3 -5 1 -1 -5 4 1 7 6 -5 -6 -3 4 -1 -2 -2 4 -5 2 -4 3 -4 3 -4 4 -5 -2 -4 9 0 -1 1 2 4 -5 -1 -18 -2 5 4 9 -4 4 2 2 -2 3 -31 0 1 -9 6 -2 1 -2 -1 9 1 3 0 1 4 -2 0 -1 5 0 -3 2 0 1 2 7 -5 0 1 0 -1 -2 0 -4 2 -1 -2 -8 2 -3 3 4 -3 8
L 1 12 0 47 1 -3 0 -3 -8 -4 0 3 1 -3 -1 -1 -5 -3 -2 8 -3 8 -1 -2 -2 -6 0 -2 -3 -1 2 7 -4 4 2 1 -2 1 -1 4 -2 3 -1 -1 -2 -1 -10 -2 2 -3 -3 1 -3 -2 14 3 2 -4 5 3 -4 8 0 -2 -5 -1 6 2 -2 3 2 -1 -3 2 -2 -1 -3 1 -4 -1 2 3 6 1 -1 2 -3 -8 -1 1 6 2 -5 1 -1 0 5 -1 -5 0 -2 3 -1 -3 7 0 1 -2 3 1 -11 6 0 7 7 -3 3 1 2 1 0 -3 -3 2 2 0 -1 0 1 1 0 -1 -18 -3 1 -1 -1 -4 6 0 -4 -3 -2 0 0 2 -1 2 0 1 -12 -5 3 2 5 8 0 -2 -6 3 0 -4 5 2 3 4 -3 13 3 4 0 10 3 -2 -1 3 0 4 2 5 3 0 1 -2 2 -9 1 -1 3 -2 -4 -2 12 2 1 1 -3 0 -2 6 1 9 0 -3 0 4 0 7 -3 -3 3 -1 -4 1 0 -5 1 -3 1 2 3 -2 0 1 1 -3 0 -1 3 8 1 1 3 6 -11 1 -3 0 -4 0 5 1 0 -5 1 2 2 1 4 2 -2 0 -7 -2 -4 0 0 2 0 8 -4 3 16 -9 4 1 -2 3 2 -1 -2 5 -2 0 -3 -5 3 -4 -3 -4 -7 -3 0 4 -3 -2 0 2 14 5 -6 1 -1 0 1 3 -2 2 -9 3 -4 2 7 8 2 -1 2 -1 -1 3 -2 1 2 20 0 -1 0 1 -13 -2 -1 -1 -8 4 -5 -3 1 5 -2 1 -4 -3 2 3 1 -3 0 -2 3 -4 3 2 -7 5 -4 -1 -3 -2 -1 0 2 -3 0 -1 0 0 4 2 2 -5 -1 1 2 -4 -2 -1 -2 0 -1 4 0 -4 -7 1 7 -5 4 -1 -1 -4 2 0 -2 4 14 2 3 2 -3 0 4 -3 -1 1 1 4 3 1 -2 -2 0 -3 1 -1 0 -3 -2 -1 -15 4 -1 2 6 1 -3 -3 0 -3 2 0 5 -10 -6 2 5 -1 -7 -1 0 12 0 -3 -3 -3 0 0 -1 7 -6 -2 3 -2 -1 2 6 -7 -2 0 -1 -5 2 -14 1 1 -6 -2 -7 0 4 0 4 -2 3 -3 2 -2 1 -3 1 -5 -2 -5 6 1 -12 -5 11 1 -11 2 -5 2 2 4 0 -1 -3 -1 0 3 3 -2 1 -5 2 -5 -1 -2 0 -5 -3 3 2 -5 0 -1 3 -2 8 2 1 2 9 2 4 -1 0 -3 2 -5 0 -2 1 -2 2 0 3 -4 -1 0 -5 2 -2 -3 2 2 5 -5 11 -1 -3 -7 1 5 0 -2 1 -1 -1 -2 -1 2 -2 -10 -2 5 -1 -1 1 -4 -1 -1 -1 -3 5 2 -1 2 -1 0 -2 1 2 0 1 3 -1 3 -1 -5 1 8
L 1 13 0 46 1 2 0 -6 -7 2 0 -2 -1 -4 0 3 0 8 -1 2 -1 4 -4 5 1 -1 0 -8 0 -1 -4 -6 7 2 -8 5 -1 -4 -5 -5 -2 4 2 -3 4 0 6 -3 -1 7 1 1 5 1 7 4 -3 -1 13 -2 7 13 1 -1 0 -1 0 2 -1 -2 -7 -7 -3 -2 -3 -4 -3 1 6 0 2 4 -3 -2 2 2 2 0 -4 2 1 -1 4 6 6 1 -4 -1 21 2 -2 1 2 2 -3 -7 -3 2 4 -3 3 2 -5 -4 -10 2 -3 -2 -4 1 -1 1 1 -20 2 1 2 1 3 -2 1 1 -17 0 0 5 8 -2 -2 1 3 -1 2 -5 -1 6 2 5 3 -1 -1 -3 1 -3 -2 1 4 0 -3 1 -1 3 1 1 -4 -2 8 7 4 -4 -1 -15 -4 5 -1 -2 8 -1 0 -1 -2 2 -2 -3 3 -2 -1 -3 -3 5 7 3 6 -7 1 0 3 2 4 -1 3 2 -5 3 0 0 -2 -2 -2 2 3 5 -5 0 2 3 -15 -1 1 2 -2 -2 -3 1 6 -4 1 1 0 0 -3 -2 -1 -9 4 15 2 2 1 2 -1 2 19 3 5 12 0 0 -4 -4 5 0 11 2 3 2 3 0 -3 -3 8 -3 24 10 4 -4 -2 -5 -2 1 -3 1 3 3 0 5 -4 2 2 2 4 0 3 -2 0 1 -5 -5 -4 -3 -1 -5 0 -5 2 -1 2 -1 5 -3 4 -1 -3 -2 -3 -2 -1 5 0 -1 1 1 -4 -13 3 1 2 0 3 3 3 2 1 -3 5 -3 0 7 5 -1 3 1 -7 0 0 0 1 5 1 2 -6 0 -4 -2 1 1 4 3 2 1 -4 -5 1 3 -2 0 5 1 4 1 4 -3 -4 6 -1 -1 6 -3 2 -6 5 -1 -1 -2 0 -12 -5 -2 2 -4 1 -10 -1 -2 -4 -2 1 -3 -2 4 -1 -2 1 -2 0 0 -3 1 -1 -3 7 0 0 3 1 1 0 0 -1 -3 0 0 -5 -1 1 2 1 6 0 -2 0 -9 -3 0 -3 -4 -5 -5 2 22 0 -1 0 0 -6 -3 -1 8 -7 5 -2 0 0 3 -4 1 1 5 3 1 6 9 -4 -2 2 1 -2 2 1 6 2 -2 0 2 5 4 -4 -4 0 4 -1 0 2 0 6 2 -9 -1 0 0 4 1 -1 4 -6 1 25 -5 -2 -2 -1 -7 0 -2 2 -3 5 2 5 12 1 -3 -5 2 -1 -7 -1 7 -3 -3 2 -2 -4 1 -2 5 -1 -4 -1 3 0 -3 1 0 2 -6 0 -9 4 4 1 7 -3 0 3 -1 1 3 -21 0 -1 -4 -1 -6 2 -2 -1 7 2 2 -1 -12 2 -12 -1 1 -1 1 -2 -1 -1 1 0 3 -4 12 -6 -1 -2 0 4 -3 -1 -2 3 -8 1 -3 5 1 -3 8
L 1 14 0 54 -1 -2 1 -1 -5 -3 0 4 2 1 1 -5 -3 -1 1 7 0 7 -2 -1 1 -4 1 -4 1 1 0 8 -7 9 6 0 3 -1 1 -3 2 2 -1 -2 -5 1 -8 1 2 -9 -3 2 -5 -4 5 -2 4 -2 -6 5 -6 -2 -1 2 -8 -1 7 1 -5 2 6 7 -2 2 -3 -1 1 -1 -5 0 1 3 7 1 -2 3 -4 -1 0 1 6 1 -3 1 -3 -1 4 0 -20 -1 -3 0 -1 -3 12 2 -2 -1 4 0 -16 0 1 8 11 -1 5 -2 4 0 -3 -1 -3 8 2 1 -2 0 1 0 -2 -1 0 -3 -3 -1 -2 -8 11 0 -1 1 -1 1 1 0 -4 4 2 1 -16 -2 2 2 3 15 0 -3 -4 1 1 1 2 6 10 0 -4 2 3 8 2 20 7 -7 4 11 4 1 4 7 2 6 1 -8 2 -16 1 -1 3 -1 -2 -1 0 5 -1 2 -1 3 -2 0 -1 15 4 -5 0 4 -5 -3 -5 -3 3 -1 4 1 -1 -3 4 1 -1 2 2 0 5 0 -2 -1 0 1 2 4 4 2 2 1 -8 -13 -7 -1 -5 0 7 -1 8 -3 -4 -8 -3 0 4 1 -4 -2 -12 1 -5 -1 -2 1 3 -1 5 1 5 -10 6 1 -5 4 3 2 1 3 -1 1 -1 -12 3 -5 -3 -2 -3 -3 -9 2 -4 -2 1 0 4 1 2 3 -1 0 -2 2 7 0 -5 5 -8 1 14 8 3 1 2 -1 1 -3 0 0 -1 24 -2 -1 -1 -1 -10 2 -1 1 1 4 -6 0 1 -1 -3 -3 -3 -2 6 -1 4 -6 0 -5 1 -5 5 4 -2 5 -7 -6 -3 -1 1 2 5 1 1 2 0 -1 1 3 -6 -5 1 -1 2 -5 1 2 -3 2 -2 5 3 -4 -4 1 2 5 1 -2 -2 6 -1 6 -1 6 21 0 -1 2 -1 -5 3 -2 -3 3 1 8 1 -3 0 -2 -9 -5 -7 -5 0 0 0 -3 -16 0 -3 -4 0 -1 -2 0 2 1 -1 -1 1 -3 -11 -4 4 1 -7 2 -5 -4 2 -4 -2 -2 0 0 -4 3 4 0 3 1 4 -1 7 12 -1 2 -2 -6 0 -10 -2 2 -2 1 1 -1 0 -1 -4 1 3 2 2 0 -2 -5 4 0 -2 -4 4 -2 -13 15 14 -1 3 3 -4 1 1 -1 -1 -1 -13 2 -4 -4 1 3 1 -1 3 3 -1 -5 -6 -7 3 6 1 -5 -1 1 5 -4 4 2 5 0 14 -1 4 -3 3 -1 4 -8 1 1 0 -4 -1 1 0 4 3 -5 -5 -2 3 -2 2 0 4 -6 24 -1 -1 5 -2 2 -2 0 1 -6 -1 -2 -1 -7 -4 -10 2 2 -6 -1 4 -4 -3 -1 -1 -5 5 1 -2 2 0 2 -3 3 -1 -2 9 6 1 2 -2 -7 3 -8
L 1 15 0 15 -1 4 1 4 7 2 -1 -4 -1 2 -1 3 5 2 3 -9 2 -8 1 2 3 8 1 3 3 1 -3 -7 7 -5 -4 0 1 -1 1 -2 -1 -3 2 3 3 1 8 0 -2 7 2 0 3 1 -13 -1 -3 -1 0 -4 4 -2 0 -3 5 2 -7 0 2 -2 -1 1 2 -2 4 -1 0 -2 4 1 -4 -3 -5 -2 1 -4 3 8 0 -1 -8 -2 6 0 2 0 -3 1 14 1 2 -3 2 4 -6 0 -3 3 -2 0 9 -3 -1 -7 -9 2 -2 1 -3 -1 3 3 3 -14 -1 -1 -1 0 0 0 2 1 13 2 1 1 2 4 -11 -1 4 2 3 -1 -2 -3 0 -1 1 -1 17 4 -4 -1 -3 -14 0 1 3 -2 1 3 -3 -3 -3 -3 2 -5 -3 -4 -1 -11 -3 4 -2 -2 -5 -3 -2 -6 -5 -3 -3 5 -2 9 -1 0 -3 3 2 0 -8 -4 0 0 4 -1 2 -6 -1 -10 -2 3 1 -3 0 -3 4 4 -2 0 -2 0 0 4 2 3 0 0 -3 2 1 -1 0 2 0 1 -2 -9 -3 -2 -5 -7 12 -1 3 0 2 -1 -6 -6 -3 6 0 3 0 -1 -4 -3 2 0 10 1 4 -1 0 0 1 -6 2 -2 -12 7 -6 -2 1 -2 0 -2 1 -5 1 0 2 8 -3 3 4 0 4 4 7 -3 3 3 0 -1 -9 -1 5 -2 3 0 1 -1 4 -1 7 -3 2 -2 -7 -10 -3 1 -1 2 -1 -2 1 0 -2 -14 1 1 1 -2 13 -1 1 3 3 -5 6 0 -2 0 3 0 6 3 -3 -2 -2 5 0 1 -3 6 -5 -2 5 -4 5 2 4 2 -1 2 -6 2 0 2 0 -1 -3 -1 -3 7 1 0 -3 3 3 1 3 0 1 -5 -1 3 5 2 -8 2 -1 1 1 1 -1 -4 2 -5 -18 -3 -4 2 1 2 -4 2 2 -2 -2 -11 -3 2 3 3 0 3 -3 4 1 2 2 -3 14 -3 5 -1 -3 -3 2 3 0 4 -1 -1 -5 7 8 1 -5 0 5 0 1 -11 -3 5 3 4 0 -1 1 -6 7 1 -3 3 0 -1 -6 2 1 0 2 3 0 13 -1 -2 6 0 8 0 -2 3 -1 1 -2 2 -3 4 -1 2 0 3 2 3 -6 -1 15 -4 -7 0 5 -5 5 -3 -4 -1 -1 1 7 1 3 -3 -3 1 -1 -1 -2 -1 0 1 -1 6 0 -4 -2 5 1 1 -4 4 -7 -3 -2 -3 -16 -1 -5 -1 -1 1 -2 7 -2 1 0 3 0 0 -2 8 0 1 5 2 -2 3 -3 -1 -9 5 -15 1 3 3 0 -6 0 3 0 3 2 1 2 -1 3 13 0 -5 3 1 0 2 0 0 -1 3 -7 -6 4 -3 1 0 3 -1 -1 0 -2 -4 -2 -2 2 4 -3 -8
L 1 16 0 59 -1 4 1 -5 -2 3 1 0 1 -3 2 0 2 7 -3 -4 3 -3 -1 3 1 1 3 -4 2 -1 1 -3 5 -5 -4 3 1 -3 -4 -3 -1 -2 1 2 5 1 13 -1 -1 2 2 0 6 0 2 3 0 -5 15 1 3 2 2 2 3 0 -4 2 -2 -4 -5 5 -2 -2 -1 -2 1 1 7 -1 3 3 -5 -3 3 0 4 4 -2 0 -2 1 2 2 4 1 -5 0 14 3 -1 2 2 3 -5 -3 0 2 -1 0 6 -2 -3 -5 -8 4 -4 0 -3 2 -3 1 0 -8 2 1 3 2 2 -1 1 0 -6 -1 -1 3 4 2 -6 2 0 0 2 -3 0 5 3 5 3 0 4 3 2 -2 -4 1 2 1 2 0 0 5 1 3 -4 -1 7 -13 1 -3 1 -17 -4 4 1 -2 15 -1 -1 -3 -2 2 1 -12 2 9 -2 -3 -1 6 9 3 1 -6 3 -1 1 0 3 -1 5 -3 -2 5 -2 3 -1 -5 0 2 4 6 -2 -4 3 5 -17 3 -1 1 -2 -2 -6 2 3 -2 0 -2 -2 -4 -1 -3 -2 -7 -1 10 3 3 4 1 -1 6 18 3 2 3 -1 1 -4 -6 4 -1 11 2 2 5 3 -2 -1 -5 9 -2 5 17 -1 -2 -3 -5 -2 2 -4 -1 4 3 2 11 -1 2 0 6 9 2 -4 -1 3 2 -2 0 -13 -6 0 -2 1 -3 3 -3 2 -1 10 -3 5 -1 -11 0 -4 0 -3 1 1 -2 1 0 -4 -20 0 -2 4 1 -2 5 3 0 8 -5 5 1 0 -2 5 1 1 3 -6 -1 -1 -4 0 6 1 2 -6 0 3 -3 4 -1 6 8 0 1 0 -3 -1 2 -2 1 3 1 5 1 4 1 -3 4 -3 1 3 -11 3 -3 3 -1 -6 -6 2 -9 -3 -3 2 -6 -2 -3 -3 -3 -15 -2 -2 -4 -1 -2 -3 1 3 1 4 8 -1 -1 1 -2 12 1 -5 3 1 3 -2 4 0 -5 1 0 -6 0 0 1 -3 2 -1 0 3 0 0 -5 -2 -3 3 -2 -4 6 3 -2 2 -1 -3 -2 1 -8 -3 4 -6 1 3 3 -3 4 2 5 3 1 1 7 -3 0 2 0 9 1 -3 4 1 0 -2 4 3 0 -1 -6 -3 6 0 4 -5 2 6 3 -13 0 5 0 4 0 0 -1 -2 1 17 -3 -7 -2 -3 -4 -1 0 1 -5 3 -1 10 6 4 -3 -3 2 0 2 1 4 -3 2 2 1 7 -1 -3 6 -1 0 -5 5 1 -4 1 0 2 -4 0 -5 2 4 3 2 -1 3 -1 0 3 5 -23 -1 0 7 -2 0 3 -3 -1 10 2 1 0 -13 1 -3 5 1 -1 2 -1 1 -2 0 3 3 -5 8 -5 0 0 0 4 -3 -1 -1 -1 -3 -1 -4 3 4 2 -8
L 1 17 0 50 -1 -15 0 -6 -3 -2 0 5 0 -3 2 -7 -4 0 -3 17 -4 -4 -1 1 0 -5 0 -4 -4 -2 8 5 -7 2 5 2 -2 2 -1 4 3 5 -1 1 -4 0 -13 1 3 -13 -3 -1 -9 -3 12 -2 2 10 -11 4 -5 -4 1 -4 -6 -2 0 1 -5 3 3 6 0 -1 0 -1 4 1 -5 -1 10 3 5 5 -1 4 -2 -8 2 0 8 3 -3 0 0 1 6 -3 -19 -2 -3 3 -6 -5 2 -2 1 -2 1 0 -10 3 4 11 10 -3 4 2 8 10 0 -2 -1 0 1 2 1 1 3 2 -2 -1 -8 -5 0 1 -6 -4 15 0 -4 2 -5 1 2 -2 -1 0 1 2 -14 -6 2 2 3 8 -3 -1 -2 4 -1 -5 -1 1 5 9 -2 4 5 5 2 24 4 -5 0 1 12 3 -3 6 6 1 -1 -9 0 -7 3 -1 2 -2 -5 0 -1 5 -2 1 -3 -1 -2 2 -4 6 4 0 2 4 0 4 -4 -3 0 2 0 -1 -2 -2 6 0 1 1 2 1 -7 2 -2 -3 0 -3 1 10 5 2 5 12 -13 9 -3 3 -6 3 7 0 -1 -4 -2 -12 2 1 9 5 -4 4 -14 3 -3 0 0 2 -2 4 -2 2 1 -12 -2 1 0 2 2 3 -1 4 -3 0 -3 -7 0 -4 -4 6 -5 -6 -11 2 -1 -3 0 6 5 -2 -3 2 0 2 -1 -1 3 2 -10 7 -3 -1 10 6 5 1 4 -7 1 1 -1 -3 4 27 -3 -5 -2 4 -14 1 0 0 -6 5 -6 -1 -1 -3 -1 5 -10 -3 5 -1 2 -5 -1 -4 4 -5 13 2 -3 4 -4 -3 -5 -1 4 -2 9 3 0 -3 3 5 2 2 -4 -9 -3 -4 6 -7 -1 -1 -7 10 -2 3 0 -3 -5 -2 8 -1 1 1 -3 2 -1 4 1 1 15 3 2 -4 2 -4 3 -2 -1 5 5 10 3 -2 -3 -1 -6 -4 -10 -4 -1 0 -1 2 -7 3 -3 -1 8 1 -2 -4 1 -8 0 -2 -1 2 -9 -1 5 3 -8 -1 -7 2 1 -8 -6 -2 -2 -2 -3 -1 0 -5 3 -4 2 -2 6 3 -2 -2 -4 -4 -1 -11 -1 2 -3 1 -2 -4 -3 -2 -2 1 2 1 0 0 4 0 -2 -4 -4 -4 9 -1 -15 -7 17 0 -9 6 -7 2 5 -3 0 2 -13 -2 -3 10 5 0 0 3 -1 11 2 -2 -4 -8 -2 5 2 -3 0 -6 4 -4 8 5 0 2 31 5 8 -2 -3 -3 3 -5 1 3 -2 -2 -5 -2 2 -12 -3 -3 -2 2 -2 -1 4 4 8 -6 20 -2 -4 -6 -5 6 1 -1 0 -6 -1 -3 -3 6 1 -9 2 0 -2 -1 -1 2 2 0 0 -1 7 -5 2 5 -7 -1 -5 0 0 1 6 7 2 2 0 -3 0 -8
L 1 18 0 3 -1 -2 1 -7 -1 4 1 -3 0 0 -1 2 5 4 3 -4 -1 -8 1 3 2 2 -1 -1 1 -1 -2 -10 6 -4 -4 1 -2 -2 0 0 1 -1 1 4 2 2 4 0 -3 7 0 -2 1 2 2 2 -4 10 -7 -5 3 2 1 -7 1 2 -5 0 1 0 -2 -3 0 0 1 -1 3 0 5 2 -3 -2 -2 -3 1 0 2 3 -1 1 -3 -3 5 -3 1 4 -3 -1 22 1 1 -1 2 3 -6 -2 -4 2 -3 -2 5 3 0 -4 -2 1 -2 -1 -4 3 2 4 2 -9 -1 1 3 0 3 -1 4 2 -1 0 3 3 2 4 1 -4 5 2 3 0 -2 -3 3 1 -1 0 10 1 -3 -2 -2 -7 0 2 2 -1 0 2 -3 -3 -4 0 3 3 2 -4 -3 -17 -2 5 -3 -9 0 -3 -3 -6 -3 -4 -3 3 -2 2 1 -1 -4 3 1 3 -7 -4 -1 0 1 1 3 -3 0 -13 -2 -5 1 -1 1 -3 2 3 -4 3 -8 -2 -1 1 -1 3 1 -1 -3 2 -5 -1 2 -2 2 -1 0 -1 -4 -2 -2 -4 10 14 3 2 0 0 -6 -4 4 -1 1 6 1 1 -2 0 4 0 11 1 4 0 1 0 -2 -1 6 -2 -4 7 -6 -2 2 -4 0 -1 -1 0 0 0 0 10 -5 6 4 4 2 0 1 -5 0 0 1 1 -3 -2 3 -2 2 -1 4 2 9 -1 4 -2 6 -3 -6 -10 -3 -1 0 1 -1 -4 2 1 1 -16 2 1 1 0 9 -3 2 1 -5 -3 4 -1 -1 2 6 4 3 3 -4 -1 -2 2 -2 2 -1 5 0 -3 1 -3 4 5 2 -1 -1 2 -4 2 -1 1 -2 -3 -3 1 3 5 -2 0 2 5 2 -2 5 8 2 -8 -3 0 3 -2 -1 2 -1 1 0 1 3 -6 0 -2 -17 -1 0 0 1 3 -2 0 0 -2 -1 -9 -3 3 0 1 4 5 2 -5 2 1 4 0 12 -2 -2 1 -4 -1 2 2 1 3 1 1 -4 5 10 4 -5 0 -2 -3 4 6 -1 4 0 3 -3 1 2 -4 3 -4 -1 2 1 -3 -3 -2 1 0 1 2 -1 11 -1 -1 4 1 6 1 -1 3 -2 -1 0 1 -1 4 -2 1 1 1 1 3 1 0 20 -10 -3 0 -3 -5 3 -2 -2 -1 1 1 7 -2 4 0 3 -4 0 2 -2 6 1 3 2 9 0 -5 -3 2 1 -7 -4 4 -4 -3 -2 -4 -14 0 -1 1 0 -1 -2 8 -1 0 -4 1 -3 -2 -1 3 -1 3 2 3 -3 1 -1 1 -6 5 -8 0 -1 -4 -11 -1 3 1 0 4 2 -1 0 -2 4 7 -2 -3 3 1 -3 3 4 -1 -2 3 -3 -2 1 -1 -3 1 2 -2 -3 0 -4 -1 -2 -3 4 2 -5 -8
L 1 19 0 52 -1 0 1 0 7 -4 1 3 0 2 -1 0 -5 -3 -8 3 -5 7 3 -3 -4 -8 -2 -4 -4 3 7 12 -8 6 3 -2 2 4 0 3 3 2 0 -2 -6 -2 -5 0 2 -6 -4 1 0 1 2 0 6 0 -3 3 -1 3 1 9 -3 -3 2 1 1 -1 -6 -2 -1 2 -3 1 -1 2 -6 -4 5 5 5 5 -4 0 0 -5 6 0 5 0 -3 1 -1 3 7 2 -29 1 -3 3 -4 -5 4 1 8 -1 3 2 -5 -2 0 6 1 -2 5 1 2 2 -4 -2 -4 4 1 -3 3 0 -1 0 0 -2 -3 0 -1 -2 1 -4 10 0 -3 -1 -3 -2 0 -1 -2 1 1 0 -16 -2 5 5 1 6 -1 2 -2 2 2 -5 7 2 6 2 2 1 2 6 2 17 1 -3 3 6 -1 3 2 8 7 4 1 -12 2 0 -3 1 1 -4 -1 1 3 5 1 -2 -2 1 -3 11 1 -1 6 -2 -2 3 -4 0 -1 -5 -2 -2 11 2 1 -1 1 -4 -2 -1 5 -2 2 -2 1 -1 1 0 3 4 2 3 6 7 -9 -24 1 -2 -3 -2 2 4 2 -2 1 -10 0 -2 5 -1 -5 1 -14 -6 0 -2 2 3 1 9 -12 3 10 -2 7 0 1 4 1 0 0 3 1 -2 2 -10 1 -4 -6 -2 -10 -4 1 4 -4 -3 0 1 3 -5 4 2 -5 2 -7 0 -5 1 -8 4 -1 2 13 3 2 0 2 1 4 -1 -2 -2 2 23 1 0 -1 2 -18 5 0 -1 -6 2 -3 -1 5 6 -2 4 -7 -4 4 0 2 -3 4 -1 1 -7 0 4 -4 4 -8 -2 -5 -9 1 0 18 0 -2 1 2 0 1 0 -3 -8 4 1 1 -2 0 -2 -2 -2 1 7 1 0 0 0 5 -4 3 -2 3 3 -3 8 3 2 23 6 -1 -4 1 -2 2 0 -2 2 1 13 2 -4 2 1 -4 -2 -2 -10 -2 -4 -3 2 -9 4 -1 0 4 2 -4 -3 -1 -2 0 0 7 -3 -15 1 5 0 8 3 0 -2 4 -3 0 -5 4 -3 -2 15 -11 2 4 -5 -1 -3 2 -2 -1 -3 -4 -7 1 -10 2 2 -3 -2 -11 -3 1 -4 2 0 1 0 2 -1 5 -4 -3 -6 1 -3 3 3 -24 -6 2 2 -3 7 -4 1 3 -1 -2 -1 -5 -3 -4 4 2 2 0 1 2 3 1 -1 0 -2 -3 5 4 0 0 -4 2 -6 3 6 1 4 30 4 5 1 0 -3 5 -5 0 -1 2 3 5 -1 0 -19 0 -3 -4 4 2 -3 1 0 6 -3 5 0 1 -8 7 3 -3 -3 -1 -5 -7 1 -1 6 -2 -8 1 5 1 0 1 -2 0 1 0 -2 4 6 -3 3 -1 0 -3 2 4 -1 9 3 4 -1 -2 -2 1 -8
L 1 20 0 6 -1 7 2 -2 -6 -2 0 2 1 2 -1 -2 -2 -6 7 4 1 8 -1 -3 0 0 3 5 0 4 -6 0 -2 9 6 -2 4 0 4 -2 -1 -1 -1 1 -1 0 -7 2 0 0 -3 0 -4 -6 0 1 2 -6 -13 -1 -3 -1 -4 -3 -5 2 6 1 -3 6 15 0 1 4 -3 0 0 -2 -2 2 -13 -2 7 -2 -1 0 -4 -2 1 2 1 3 -4 -4 -8 -3 6 -1 0 0 0 -4 3 0 10 4 -4 -2 0 4 -15 6 3 4 11 -4 2 -3 -1 -9 -1 1 -3 21 -1 0 -2 0 -2 2 -1 -2 2 -1 -1 -1 -4 -5 3 -2 0 -1 0 3 0 -6 -2 0 0 -1 -5 2 -1 0 4 4 0 -3 -5 -3 1 0 4 1 5 0 -10 7 -1 6 -2 7 5 -1 1 8 -12 0 4 1 -1 1 0 4 3 -14 0 1 2 -3 -7 -4 5 3 -2 1 0 2 -3 0 -2 6 0 -17 1 2 1 3 -4 -2 1 -3 -3 2 -3 -4 15 1 0 2 0 2 8 0 -2 -1 -1 5 3 1 1 2 0 0 1 -12 -5 -1 -3 -1 0 -7 -8 0 -3 -1 1 0 0 2 -3 -1 -5 2 -5 -2 -5 -1 6 4 -3 2 -7 -12 4 2 -6 4 2 -2 3 2 -3 2 -1 -7 4 2 -1 -10 -3 -1 3 3 -7 0 1 -1 13 9 4 2 -1 -2 -2 6 8 -1 -4 4 -8 2 13 5 0 -1 0 2 -1 -1 0 2 0 14 -2 0 -2 -5 -3 -5 -3 0 -7 6 -4 -1 -1 0 -3 -4 6 -2 3 2 1 1 -1 -5 1 -1 4 1 -2 2 -3 0 -1 -4 -4 1 -7 3 4 2 -1 -7 -5 1 -4 -2 -1 1 4 -2 4 3 3 6 -4 2 -3 -5 1 6 1 10 2 1 -4 5 1 -1 -2 6 7 -2 0 10 -3 1 4 -1 -2 -2 -3 -11 2 1 0 -1 -7 -3 3 -1 3 0 5 -5 -12 1 -2 -2 1 0 0 2 4 6 1 0 -1 -2 4 2 -1 2 -8 3 1 -7 -3 2 -2 1 1 5 1 -2 12 -3 5 3 1 -2 6 0 0 0 -2 -4 1 -11 1 0 -3 1 5 2 4 -3 -2 0 1 -5 -2 0 -4 0 7 -3 -1 -2 2 -4 5 0 17 -1 -4 -3 -1 4 0 3 3 -4 -14 2 2 -6 1 2 5 -9 0 -2 -5 -3 -9 -4 2 4 2 -5 2 2 0 -1 5 -1 3 -2 -7 -2 2 -5 4 0 3 -7 -2 -1 1 -2 -2 5 2 21 1 -4 -4 -3 1 -4 -1 -2 -2 -3 26 0 -2 3 -6 -2 -1 2 3 -7 0 -2 1 3 -3 4 -5 1 -4 0 4 -5 -1 0 -2 -7 4 -5 3 -1 1 2 -1 4 -1 1 1 5 -5 4 -2 -4 2 -8
L 1 21 0 62 -1 -9 -1 6 8 -4 0 4 1 1 1 -3 -2 -4 -4 1 0 -5 4 -2 0 -1 -1 0 -1 -2 9 11 -9 -2 6 -2 -1 3 1 3 2 0 -1 -1 -5 0 -10 0 3 -9 1 2 -7 -1 -1 -4 3 -1 -2 6 -11 -8 1 0 -3 -1 -2 -1 -1 -1 0 10 0 0 2 0 2 1 -6 -1 7 1 3 4 -3 0 -3 -2 3 -3 4 0 -4 0 0 -1 2 1 -28 -2 -1 3 -4 -4 5 5 3 -2 1 0 -3 -3 1 7 5 -2 4 3 6 8 -1 -2 -1 -6 0 -1 -3 -3 2 1 -2 0 10 -2 -2 -5 -6 0 3 1 -5 0 -3 2 0 -3 -4 1 1 3 -7 -2 2 4 1 2 -3 -2 1 4 1 -3 -1 2 7 2 -2 -3 -1 6 2 28 5 -8 2 5 2 2 0 8 4 2 1 -4 -4 0 1 1 4 -1 -6 -2 -7 6 1 2 -3 -1 -3 0 -1 6 6 8 -1 4 -3 1 1 -2 0 -3 7 0 0 -1 7 -1 -1 1 3 -1 2 0 -6 3 -1 -4 0 2 5 0 0 8 -11 -15 -3 -1 -3 1 6 -1 -8 -2 -6 -15 -2 0 6 2 -5 -1 -13 -4 -2 -2 -1 3 1 2 -7 2 -6 -11 -4 2 1 6 4 2 0 1 -2 -3 -1 -9 4 -10 -4 -1 -7 -2 -6 2 5 -1 3 6 0 0 -2 4 0 7 -3 -1 0 3 -7 4 -4 -1 5 6 5 3 3 -6 2 1 -2 -2 2 28 -2 -1 -1 1 -10 1 -1 1 4 2 -6 0 0 -3 -5 3 -9 -1 7 -1 2 -5 0 -5 -1 -5 4 4 2 4 -4 -5 -4 0 1 2 11 1 -2 -4 3 7 1 1 -7 -3 -1 1 0 -8 -1 1 -10 -1 -1 9 0 2 -5 0 -2 1 4 -1 0 2 -4 10 0 2 15 4 -2 0 1 -7 1 1 -1 5 1 11 3 -4 1 1 -9 -2 -15 -1 -2 0 -3 -1 -4 3 4 -1 8 0 -3 -1 -2 -6 0 1 1 6 -8 -3 8 2 2 3 -6 -19 2 -4 -1 -1 4 -3 -2 -3 1 0 0 -1 0 -2 5 7 -2 -2 -1 -3 -4 -10 1 2 -1 -2 -1 -4 -1 -2 -2 2 2 4 0 -2 4 0 -2 -4 0 -3 0 1 -20 1 10 1 1 4 -6 -3 1 -4 1 1 -18 3 -2 3 0 6 -3 3 0 2 -1 -6 -3 -13 -3 4 2 -3 -2 6 5 -6 2 7 -1 5 14 1 2 -4 -1 2 2 -2 1 3 1 -2 1 1 0 -5 -2 -4 -2 -1 1 1 1 2 1 -6 14 -2 0 -1 5 7 -3 -1 1 -4 -2 -1 0 6 -1 0 3 -1 -1 -2 2 -1 -1 -1 1 -1 3 -10 6 3 0 0 -6 2 2 0 5 6 3 3 -3 -3 2 -8
L 1 22 0 13 -1 4 0 2 -2 2 0 -5 -1 0 0 1 6 3 1 -3 0 -4 -1 2 0 3 -1 3 1 3 -6 -6 7 -8 -6 0 1 -2 0 -2 -2 1 1 0 3 1 2 3 0 12 1 -1 4 2 -7 -1 -3 6 4 -5 5 3 1 0 3 0 -2 -1 2 0 -2 -5 0 1 1 -1 -1 -2 2 2 -4 -2 -4 -3 1 -2 1 4 -2 0 -4 -3 3 1 -2 1 -6 0 22 2 1 -2 1 3 -7 -2 -1 1 1 -1 3 2 -3 -6 -3 1 -2 -2 -4 1 1 2 2 -4 1 0 -1 -1 2 -1 3 3 5 3 2 4 3 5 -7 -1 4 2 4 -2 -3 1 2 0 -1 0 8 2 -2 -2 -3 -6 -1 3 1 0 -2 1 -3 -3 -5 -4 1 -1 -1 -6 -1 -14 -3 4 -2 -4 -2 -5 -1 -4 -4 -4 0 15 -1 1 0 -2 -3 1 3 -1 -4 -2 0 -1 3 1 3 -2 -1 -6 -3 -4 3 -3 1 -5 3 4 -2 1 1 0 1 1 -1 2 2 -1 -3 2 1 -1 2 0 3 -1 -2 -3 -4 -1 -2 -7 12 3 2 1 2 -1 -6 2 -4 3 2 13 0 0 -5 -2 4 -1 8 1 2 1 2 -2 -2 -2 3 -3 -6 8 -2 -2 3 -2 -2 -1 2 -2 2 0 -1 5 -3 6 5 -1 1 1 2 -3 -3 1 -2 -6 -1 2 -5 -3 1 -3 0 -1 5 -2 5 -4 2 -2 -6 -8 -1 -3 0 4 -1 2 1 1 -1 -22 1 3 2 -1 10 -1 -2 0 -2 -3 5 2 -1 5 6 -1 5 2 -4 2 -2 6 -2 3 0 4 -7 -3 1 -3 4 4 1 1 -2 -1 -6 2 -1 0 -2 -4 -2 -1 5 7 0 1 -3 6 1 -3 2 -4 2 -7 -1 4 2 -2 -6 1 -3 1 0 -3 3 -5 1 0 -14 -2 1 -1 1 4 -1 0 0 -3 -1 -10 -3 2 0 1 5 3 10 4 0 1 1 -2 7 -1 -5 0 -3 -3 2 1 0 1 0 1 -4 7 10 0 -3 0 2 -1 13 1 -1 4 3 4 -1 2 2 3 1 0 -2 1 -1 0 -4 -4 0 0 1 8 2 11 0 -2 4 3 -3 2 3 3 -1 0 -1 -1 -3 1 -1 3 1 1 1 2 -2 1 20 -3 -5 0 4 -4 4 -2 -2 1 1 -2 11 -1 5 -1 0 -2 3 -2 -4 -3 0 2 1 9 2 -5 0 2 1 1 -3 4 -5 -6 -1 -4 -14 -1 -2 0 0 0 0 4 -1 2 1 1 -1 -1 -2 9 0 2 2 -5 -2 1 -3 -3 -4 4 -11 1 0 1 -5 -3 1 4 1 4 3 0 0 -3 2 -3 -4 -2 2 0 -1 1 -2 -1 -2 3 -4 0 0 -1 0 2 1 -2 -2 0 -3 -5 -1 -5 2 3 -3 -8
L 1 23 0 14 -1 -1 -1 5 6 -3 -1 2 0 1 -2 -1 -1 -8 2 -2 0 -4 5 -4 -1 2 0 9 -3 -1 3 3 -4 -2 6 -4 0 4 4 4 0 -3 -1 3 -1 -1 -9 1 0 -1 0 0 -4 -3 -5 -1 0 -5 -8 0 -6 -7 -1 -4 0 2 -2 -1 2 3 10 4 3 1 2 2 1 0 -4 2 -6 -4 3 0 -1 -3 -2 -2 5 -2 -1 2 -4 -6 -5 -2 3 0 -9 -1 2 -1 0 0 3 7 1 -3 -4 4 -3 3 3 3 6 -5 2 2 1 -2 2 -1 -1 7 -3 -2 -4 -3 -1 3 -1 -1 13 0 1 -5 -8 3 -5 -2 -4 -2 -3 4 -1 -9 -2 -3 0 0 5 2 -1 2 3 -8 -3 -2 1 0 1 -4 2 -3 2 2 -7 2 -5 3 -1 14 3 -2 0 3 -14 0 0 1 1 -3 1 7 -4 2 0 3 3 -3 -9 -4 -2 4 -2 0 -2 -2 -4 1 -2 -3 2 -4 0 2 3 7 3 -1 -2 -5 -1 1 -3 -3 18 -1 0 0 1 1 4 0 -6 3 -1 0 2 -1 2 0 -2 7 -1 -14 -2 0 -2 -2 -2 -7 -24 1 -5 -7 2 0 2 3 -4 0 -7 -4 -2 -3 -4 1 5 8 -15 4 -19 -13 -6 4 0 5 3 -3 2 0 -4 -2 -1 -3 5 -4 -2 -8 -7 1 6 3 0 0 3 5 8 7 1 4 0 5 -3 3 0 2 -5 4 -4 -1 6 2 1 1 0 -3 -1 4 -2 0 5 19 -2 -1 -2 -2 -4 -6 -3 1 -4 3 -5 0 -1 -3 -6 3 0 -1 4 1 0 2 -2 -5 -1 -1 2 1 2 2 -1 0 -2 -3 -2 1 -1 3 1 -3 1 0 -5 -1 -4 1 -3 3 1 -5 3 2 -3 3 -3 6 -5 1 0 6 -4 6 5 3 -2 1 -1 3 0 1 1 3 -1 8 -1 -1 2 1 0 0 -2 -9 3 0 0 2 -7 0 -5 2 1 -1 1 -2 0 4 6 0 8 1 -1 0 1 0 2 2 1 6 7 3 2 2 1 4 0 -22 -4 2 0 1 5 0 3 -7 8 -2 2 1 -2 -3 4 -7 -2 -4 -1 0 -3 -11 4 0 -2 -3 3 0 3 -4 0 1 0 -3 -5 -1 2 5 1 -7 1 -1 -2 -1 -2 -13 14 1 -6 -2 -3 0 0 0 6 -2 -19 3 4 1 0 5 1 -6 -3 -3 -5 -3 -6 -9 -3 1 4 -2 1 6 -1 -4 3 4 -3 3 -7 -1 0 -5 0 2 1 -1 -2 0 2 -1 0 5 2 12 -4 -3 -1 -2 1 0 -2 1 -5 -3 15 0 0 -1 2 3 -1 2 2 -6 -1 -1 2 16 0 15 -5 -2 1 -2 2 -2 0 -1 -1 -3 2 -17 11 0 2 0 -4 3 2 3 -4 5 -3 5 -4 -1 2 -8
L 1 24 0 27 1 -4 -2 3 1 -1 -1 1 -1 3 0 -2 -2 -6 2 6 -2 2 0 -4 -2 -3 -3 4 -1 1 -1 4 -7 5 6 -5 -1 3 5 1 3 1 -2 -2 -5 -1 -10 2 1 -6 -1 0 -7 1 -2 -5 1 9 -20 0 -2 -7 -2 2 -3 -1 4 -3 1 2 5 -4 3 2 -1 4 0 -1 -6 1 -1 -2 4 4 -2 2 -4 -4 3 0 3 0 -3 -3 -4 -1 4 0 -22 -3 0 -3 -2 -3 4 3 2 -2 0 -1 -6 -1 3 6 10 -2 3 -1 4 -3 1 -2 -1 19 -2 0 -2 -1 -3 0 -2 -1 10 2 0 -2 -4 -3 12 0 -1 2 -2 3 2 -4 -2 -5 -5 0 -9 -2 -2 1 3 4 -3 -1 1 -1 0 -4 -3 -1 4 0 -6 5 -1 3 -1 18 3 -5 1 2 -10 0 1 3 4 0 0 9 -1 -8 2 3 0 -6 -7 -1 -5 8 -4 -1 -2 1 -5 2 -5 4 3 -6 0 -4 1 0 0 -3 -5 -5 8 3 -4 -5 14 -3 1 -2 2 1 6 -1 -5 2 -1 2 1 4 3 4 4 8 0 -9 -4 -4 -3 -2 2 -1 -14 -5 -3 -9 -1 0 4 6 -4 1 -14 -1 -2 -3 -2 0 1 3 -7 1 -9 -16 1 2 2 4 0 0 4 1 -4 -3 -1 -14 2 0 -1 -2 -6 -3 -3 0 -4 -3 3 0 8 2 1 3 -3 3 -5 1 -4 0 -9 3 -3 1 11 2 5 0 2 -2 0 1 1 -1 4 14 -1 1 -5 0 2 -2 -3 -1 -5 5 -5 1 0 -3 -6 -2 -3 -4 7 0 2 2 0 -5 -1 -4 8 -1 -1 2 -5 0 -7 -8 1 -4 3 3 1 -3 3 0 -4 -2 -4 -3 -5 -2 5 -4 1 -1 -3 11 -3 5 -1 2 7 3 -1 12 1 3 -2 9 1 7 3 2 18 2 2 1 3 -1 2 0 -3 0 -3 -1 1 -1 -2 1 -12 -1 7 -6 -2 -2 2 0 0 4 -5 0 4 2 -1 -1 4 -3 -1 1 -3 2 -2 1 2 5 -1 2 2 -7 -1 -1 -1 0 3 3 -1 7 3 -3 6 -1 -1 -5 3 1 -1 -4 -4 1 -3 -6 3 0 -3 0 -10 0 2 -5 -2 1 1 -3 -2 -2 1 7 2 -5 0 -3 6 -2 -9 6 10 0 1 3 -3 0 2 -2 3 0 -21 4 4 2 3 7 2 5 -1 11 -1 1 -9 -7 -1 4 3 -2 -1 -2 0 -6 3 0 -1 0 1 1 4 -3 2 1 6 -7 2 5 -3 -1 -5 4 -2 1 -1 -4 -3 -6 5 -3 1 -3 1 -6 26 1 -1 -4 1 1 -3 3 0 -11 -3 -1 -1 11 -2 0 -1 -1 -1 -2 0 1 1 1 -1 -4 7 -5 2 1 0 -1 -5 3 -1 2 4 4 4 3 -3 -3 0 8
L 1 25 0 37 1 -12 -2 2 -9 -4 -2 3 1 -1 -2 -4 -3 -1 2 8 -2 -2 -2 2 2 -2 0 0 -2 -1 4 4 -3 -4 6 0 -2 0 0 3 -3 0 -2 0 -1 0 -8 -1 2 -5 -1 1 -7 -5 12 0 1 -3 6 4 -10 -2 1 -6 -4 0 4 2 -3 3 8 11 0 2 1 -3 -5 -2 -3 0 1 0 5 -1 -2 0 -4 -3 0 0 4 2 -4 -2 3 -2 3 -1 0 -2 0 1 -2 -4 3 1 -2 -3 1 0 -8 5 -1 8 10 -4 2 3 6 3 2 -3 -1 -6 1 0 -4 -5 2 0 -2 1 -5 -3 0 -2 -5 -5 1 2 -5 -1 -4 1 0 -4 -2 3 2 0 -6 -6 0 2 3 3 -1 -7 -6 4 -1 -3 -2 3 3 6 -4 10 0 4 0 17 4 -6 -3 5 6 1 1 6 1 0 0 2 -2 -8 3 -1 4 0 -6 -4 4 2 -2 4 -3 -1 -2 -2 -1 13 2 5 2 5 1 10 -5 0 5 1 -6 0 0 -3 7 0 -1 3 4 -1 -2 2 -3 1 -1 0 1 4 3 -2 0 5 -8 8 -5 4 -3 2 6 -3 -10 -3 -5 -3 1 2 3 2 -3 -1 -6 2 -4 -2 -4 1 1 4 0 1 4 -21 -5 1 -2 4 2 0 0 3 -3 3 -2 -5 5 -6 0 -1 -4 0 -7 3 4 -1 -1 0 14 7 -11 1 2 1 0 3 -2 3 -7 4 -8 -1 5 11 1 1 3 -4 -1 2 -5 -1 2 24 -3 -1 -1 0 -7 -2 -1 2 0 6 -6 -3 -2 -1 0 -1 -4 -2 5 1 4 -3 -4 -5 2 -3 2 2 -2 6 -2 -3 -2 6 -2 0 -7 -1 0 -4 2 0 5 3 -3 -3 -1 -1 1 -9 -1 2 -9 0 -3 5 0 -3 -8 4 1 1 5 2 -3 -3 0 2 -4 0 4 0 0 6 -5 -2 3 -2 1 4 0 0 2 1 -3 -2 -5 -2 -9 8 -1 0 -2 -2 -9 0 2 -1 9 0 -1 -1 -1 -5 1 -2 -1 -3 -2 0 4 1 -13 0 -4 -3 -3 -1 -4 1 1 -2 -1 -4 5 -1 1 1 0 4 7 -1 0 0 2 -3 0 -12 -1 2 -4 2 0 -1 -1 1 0 -1 3 2 -1 -1 2 0 1 -4 -4 -4 3 -2 -7 1 19 2 -2 1 -3 1 1 3 1 1 -12 5 -1 2 1 1 1 -1 -1 -5 -1 -5 -1 -11 -3 3 3 -4 0 4 5 -2 7 3 -1 2 0 1 3 -5 -1 -2 1 -1 0 1 1 -5 -2 3 3 7 -1 -2 -2 3 -2 -2 1 3 2 -4 14 -2 -2 1 -1 4 -1 0 4 -2 2 -3 0 2 0 -1 -1 -1 -2 -3 2 -3 -3 -2 1 -3 6 -11 10 1 -1 1 -2 2 2 0 -2 5 -1 4 -3 -2 1 8
L 1 26 0 35 1 2 0 9 0 -5 -1 2 0 0 -1 0 -5 -5 -2 2 0 9 0 -2 -1 -1 1 2 -2 1 2 9 -4 3 2 1 2 2 -1 2 -3 1 0 -3 0 -3 -6 -2 3 -2 -1 2 0 -3 -1 -1 3 -14 12 5 -3 4 -1 2 -1 -1 4 2 -1 1 3 2 -2 0 0 -1 -6 -1 -6 -2 1 2 4 3 -1 -2 -3 -3 0 0 2 3 -5 3 -1 -3 4 2 -13 -1 0 2 -1 -2 6 2 4 -2 4 3 -6 0 -1 4 1 -3 2 3 3 -3 0 -3 -2 -3 0 0 -4 -2 -2 3 -2 0 -3 0 -1 -3 -2 -4 -6 2 -4 -3 -2 -1 1 1 -3 0 3 0 -6 -2 3 3 3 1 0 -3 -4 1 1 -2 5 1 3 0 -3 5 -3 4 2 16 3 -3 0 9 -4 4 2 6 2 2 2 0 1 -2 -1 0 5 -2 -3 -6 12 2 1 1 0 -1 -2 3 0 13 0 5 1 2 -1 6 -2 -2 5 -4 3 2 0 -1 5 -3 -1 2 2 -2 5 1 -1 0 -1 1 1 0 2 2 0 3 -8 -15 -3 -1 -2 0 4 -1 -7 2 -1 0 0 0 2 0 -4 1 -9 -2 -4 0 -1 1 3 3 -9 3 9 -9 5 1 -2 4 1 -1 0 1 1 1 -1 -7 4 -8 -2 -7 -5 1 4 5 1 1 -2 -1 8 5 -4 0 -1 0 -3 0 -8 2 -6 3 -8 3 6 8 2 1 1 0 0 6 -3 0 -1 21 -1 0 0 -1 -9 1 -2 1 1 2 -4 -2 1 4 -5 -4 0 -2 3 2 2 0 1 -2 0 -3 -3 4 -3 5 -3 -4 0 1 -1 0 0 -3 1 -1 2 2 4 0 -3 -3 2 1 -4 -5 0 2 -6 -8 -1 7 2 -1 -4 5 0 -5 3 -1 0 -5 -2 3 0 1 14 0 0 4 -3 -1 2 0 1 1 0 2 2 -1 1 0 -5 -5 -3 8 -2 -2 -4 -3 -11 4 6 0 6 -1 -2 -2 -1 -2 1 -2 3 -7 -7 0 6 -1 0 3 -1 -7 -2 -2 -1 -2 3 -2 -2 5 -2 4 1 -1 -2 5 3 -2 -1 0 0 -4 3 -12 2 1 -4 -2 -5 -2 3 -1 3 -1 0 -1 0 -1 2 -3 -1 -3 -1 -5 -2 0 -16 3 7 2 -1 3 -4 1 0 4 -1 -1 -3 2 -1 -1 -2 2 -1 -7 3 -11 -2 -3 -2 -8 -3 4 3 -1 0 7 2 -2 5 2 2 3 8 0 0 -2 -1 -1 2 -5 -1 -2 5 -1 5 1 2 0 0 -3 -1 2 -1 -2 0 1 3 -4 5 0 2 0 11 0 -3 -1 2 -3 -2 1 1 3 -3 -4 0 3 -1 -1 4 -4 -4 0 0 -2 2 -2 3 0 2 -1 -1 2 5 0 2 -1 -1 5 -4 -3 2 8
L 1 27 0 29 1 1 1 -3 0 -1 0 3 -1 2 -1 0 -5 -7 2 0 1 5 2 -5 -1 0 1 3 0 1 0 3 -4 9 7 -2 1 3 3 3 1 -3 -1 4 -3 0 0 2 -2 -10 -3 -1 -4 -2 2 0 2 -4 -13 0 -2 -6 -3 0 0 1 2 -1 -1 3 8 2 2 1 0 4 1 2 -2 0 -5 -1 3 2 1 0 -1 -3 2 1 1 3 -3 -6 -3 -2 9 0 -16 -1 2 -2 1 0 5 4 0 -2 -4 2 -2 -2 6 3 7 -1 2 0 1 -9 0 0 -4 27 -2 1 2 2 -4 2 -2 -4 1 0 0 -3 -3 -3 5 0 -1 -2 -3 4 2 -4 -1 -5 -2 -1 -1 2 -1 1 5 4 0 -3 0 -3 2 -1 3 1 2 3 -6 -3 -1 5 0 5 2 -2 1 2 -6 4 0 -1 3 0 0 -9 2 0 0 3 2 -4 -5 1 5 4 0 -1 -4 0 -4 3 0 1 3 -6 -2 -1 2 6 -1 -4 0 -2 -3 1 -3 -2 7 1 -1 -2 1 1 1 -1 -3 0 -3 3 2 0 3 3 4 8 -4 -3 -3 0 -1 -1 0 -3 -5 -4 -2 -11 2 0 4 3 -4 1 -7 1 -3 -2 -4 -1 4 3 -4 3 -10 -7 0 2 -1 1 0 -1 2 1 -4 1 0 -2 2 1 -3 -1 2 -1 0 2 0 -1 2 5 6 0 8 3 -1 2 0 3 -6 0 -3 4 -2 4 5 5 -1 4 -1 -3 0 -2 -1 -2 2 7 -2 -2 -3 1 -4 -2 -1 -2 -2 3 -5 1 0 -9 -6 -1 -1 -2 4 0 0 -1 0 -3 0 -2 8 -1 0 2 -2 0 -2 -5 -1 -1 1 4 2 1 1 -1 -5 -1 -4 -6 -3 0 7 -4 0 2 2 8 -3 4 -3 -5 3 2 5 7 4 0 -2 4 -1 5 1 0 4 0 -1 2 1 -3 0 1 0 0 0 1 2 -1 0 0 -5 -1 3 -5 0 -2 2 2 -3 2 3 1 1 3 -1 -2 2 -1 -1 -1 2 -4 1 3 -2 2 0 3 -9 -5 0 -1 -2 -2 2 2 1 -7 6 -4 4 1 0 -2 3 -3 0 -2 -3 -6 -4 -10 2 0 -4 -2 6 -1 0 -6 0 0 -1 -4 -1 0 1 1 0 -3 2 0 1 -2 -8 0 6 0 -5 1 -1 3 2 -1 2 -2 -16 3 -1 0 2 4 -1 0 0 4 -3 0 -3 -7 0 3 3 -1 2 0 -1 -4 6 2 0 2 10 0 2 0 2 1 0 -4 0 0 -2 0 -2 3 3 3 -1 -3 -1 0 4 -2 -2 0 3 -2 17 0 0 3 0 1 0 -1 0 -7 -2 0 1 8 -2 12 3 1 -1 0 0 0 3 0 0 -4 5 -2 1 0 1 -1 0 2 1 2 -3 8 -2 4 -3 -1 2 8
L 1 28 0 30 1 8 2 -5 -7 6 1 -3 0 2 1 2 3 4 2 0 2 6 -4 1 0 0 0 -2 4 4 -9 -8 6 2 -5 2 2 -3 -1 -2 0 0 0 0 1 1 11 3 -1 3 -2 -2 6 3 -1 1 -1 7 -3 -4 10 3 -1 5 4 -1 4 -1 0 0 -3 -8 0 2 -1 2 0 -1 5 0 -3 -1 -4 -2 2 1 2 3 -3 4 -4 -1 4 1 -1 1 -2 -1 16 1 1 -2 1 3 -5 -5 -2 3 -1 -2 3 -3 0 -6 -2 6 -4 -3 -4 -8 -1 2 0 18 1 2 5 4 -3 -2 2 0 -6 2 1 5 6 0 3 0 7 2 5 -1 1 6 3 -2 -4 -2 4 2 -2 -4 -2 5 2 3 1 -4 -1 4 -3 0 -5 -2 1 -7 2 -5 -1 -26 -5 6 0 -6 4 -2 1 -8 -3 0 0 0 5 1 1 -1 -4 -1 7 4 3 -2 0 -2 3 1 3 0 1 -4 -3 -7 0 -7 2 -6 -2 1 -1 4 -1 0 1 1 -11 3 0 -3 -3 2 -3 -1 5 -1 2 2 -2 -1 -3 2 3 -5 8 14 3 -1 3 -1 -3 6 12 -2 5 10 0 0 -3 -2 4 1 9 6 1 2 2 -3 -2 -6 13 -3 1 15 6 -2 0 -7 -5 1 1 -2 2 2 1 7 -5 12 4 6 10 1 -3 -4 -5 0 -1 -6 -4 -4 3 -3 0 -6 3 -1 -2 -4 8 -4 5 2 -8 -5 -4 -2 -3 3 -1 -4 4 0 -3 -34 1 1 1 1 12 1 0 -3 -1 -3 6 3 1 -1 6 -4 6 1 -5 0 -3 3 1 5 2 3 0 -5 0 -3 4 4 1 0 -1 -3 -6 2 0 4 -2 -6 -1 -1 7 1 1 -1 2 8 -1 -2 7 1 2 -9 1 -1 5 -5 5 4 -4 -1 0 2 4 -3 1 -1 -11 -5 1 -6 2 3 -2 0 0 -4 1 -2 -3 3 1 0 9 3 19 -4 0 0 2 3 5 -3 -10 1 -12 -1 2 -1 0 0 -3 -1 -2 -3 4 0 -7 0 2 -2 4 19 2 3 1 1 -4 6 0 2 -2 -3 -1 0 2 1 -4 -1 3 2 0 2 1 12 -2 -1 1 3 1 1 -2 1 0 -1 -2 -3 0 0 -3 0 1 6 1 4 0 0 15 11 -14 -1 4 -3 5 2 0 -1 -2 -1 12 -1 0 -3 1 -4 2 6 1 5 2 7 4 11 5 -1 -2 3 2 -5 -3 3 -2 -8 3 -5 -3 -1 0 5 2 0 -1 0 1 0 -3 2 -3 -1 -3 2 2 2 2 -5 1 -1 -2 -2 3 5 -8 2 1 6 -7 -4 3 1 -2 4 1 0 -1 -10 -1 -3 2 1 0 3 -3 4 1 1 0 2 -1 15 -10 -2 0 1 6 -2 -3 0 -3 -3 0 -4 2 3 -2 8
L 1 29 0 63 -1 -2 -1 3 10 3 0 0 0 1 2 0 5 7 -1 -5 2 -9 0 5 3 2 0 -5 2 -3 4 -4 2 -5 -4 1 -1 -1 -2 -6 3 -1 1 -2 2 1 9 -2 0 2 4 0 2 3 -9 -2 -1 2 4 1 2 -5 2 1 2 0 -6 -1 1 -5 -8 4 1 -4 2 -2 1 -2 4 -1 6 1 -6 0 0 0 3 7 0 -2 -3 -2 4 4 6 1 -8 1 -1 -1 -1 0 -1 0 -6 -2 0 3 1 -3 10 -6 -4 -4 -11 3 -2 1 2 6 -1 1 4 -25 0 -1 0 0 2 -2 -1 1 12 0 -2 1 2 3 -4 2 2 3 2 -2 0 2 0 3 3 1 5 0 0 -1 -7 -5 1 2 5 0 0 4 -5 0 0 -3 8 -9 -2 -3 1 0 -3 0 2 -1 8 -3 -1 0 -2 3 0 -4 -2 7 -1 0 -2 5 6 2 -13 -5 0 1 4 0 2 -7 0 -3 0 12 -1 0 -4 -8 1 4 0 2 6 -2 2 6 -8 0 -2 0 -1 -1 -2 1 0 2 -1 -1 -3 -5 0 -3 -5 -7 3 0 3 -1 2 2 1 1 9 5 -1 -4 -4 -1 -4 -3 1 -1 6 0 4 1 2 1 -2 -9 6 -3 0 8 -2 -1 0 -1 0 2 -2 -3 4 -1 4 3 -2 -2 0 6 5 2 -1 -3 6 3 0 -1 -18 -7 2 -2 1 2 0 -5 3 0 7 -4 3 -5 -6 -4 0 0 -1 0 2 -3 1 0 -3 -5 1 0 1 0 7 5 4 3 12 -4 5 0 0 -2 2 0 -1 3 -2 -5 2 -1 1 2 -2 1 -4 1 6 -4 2 -3 4 6 4 2 3 -3 -1 0 1 4 2 0 -4 3 3 -1 -6 1 0 2 -2 -4 2 -2 4 4 1 -2 -7 -3 -4 0 3 3 -4 -1 0 -4 -4 0 -3 -3 1 -1 -3 2 1 2 1 6 -3 -1 3 1 0 1 -15 2 1 4 -1 1 10 -5 4 -3 -3 0 2 3 -2 3 -1 0 -3 6 -4 -6 0 -1 6 -1 -4 -8 2 -1 2 2 -1 -4 -2 -3 -1 6 -6 1 2 0 -5 13 1 2 3 2 -1 13 -3 0 7 1 4 -2 -6 3 -3 2 -1 8 2 2 0 -1 -2 7 -1 2 -5 1 0 8 -12 -1 12 1 2 -2 -2 -4 -3 5 8 -1 -4 -2 -5 1 -2 7 1 3 3 -1 2 3 2 -1 -5 4 -3 0 1 3 -9 2 0 1 -5 -1 -4 2 -1 3 -2 5 1 0 0 2 1 -2 -4 -8 2 0 3 3 0 4 1 0 -4 3 -16 0 3 2 4 -3 -1 -1 -2 5 1 1 0 -8 2 0 4 -3 1 1 0 3 -1 2 3 4 -6 0 0 -1 0 -1 1 -2 -2 -2 5 -5 4 -2 3 3 0 -8
L 1 30 0 7 -1 11 2 0 -3 2 -2 -5 0 2 -2 4 5 2 5 -6 3 -2 -2 2 1 5 -2 1 3 0 -9 -10 7 4 -6 0 3 -2 1 -3 -4 -2 1 1 5 2 7 1 -2 8 0 -1 1 2 -13 -1 -2 -1 -3 -3 3 3 0 0 6 2 1 1 0 0 -2 -5 -1 1 1 0 0 -2 2 3 -8 -3 -2 -2 1 -2 0 7 0 1 -5 -2 5 0 -1 0 -3 1 18 0 0 -1 4 6 -1 -2 -8 4 0 -2 3 -1 2 -7 -5 2 -1 -2 -4 -7 2 5 4 -2 0 1 -1 0 0 0 4 3 3 1 1 3 3 1 -5 -2 6 0 6 0 0 -1 1 0 -1 0 11 3 -5 -4 -1 -1 3 -1 -1 -4 0 3 -2 -3 -2 -3 0 0 1 -5 -2 -15 -2 5 -3 -4 -4 -4 -1 -6 -5 -3 -2 9 0 -5 2 0 -3 3 2 0 -4 -4 2 -1 2 0 4 -3 -2 -4 -5 -11 1 -3 0 -6 1 2 -2 -2 -2 -1 -1 -1 1 3 -1 0 -4 3 6 1 4 0 2 1 -2 -7 -3 0 -6 -11 13 1 2 -1 1 -3 -4 -6 8 4 2 9 -1 0 -6 -1 3 -2 12 1 3 -1 -2 1 0 -7 13 -4 -3 8 -1 -3 1 -3 0 -1 3 -1 -1 2 0 7 -2 5 6 3 4 2 3 -3 0 2 1 -8 -2 1 2 -5 2 -3 2 4 12 -2 8 -3 0 2 -2 -11 -3 -2 -1 3 -3 -4 1 3 -2 -17 -2 0 1 -4 15 -1 0 1 1 -2 3 0 -2 3 6 -6 7 1 -5 -1 -2 7 -1 2 -1 5 -5 -2 2 -3 4 4 4 3 -3 2 -11 1 1 5 -3 -4 -3 1 1 5 -1 1 -1 4 1 0 6 -1 -2 -7 -2 0 2 3 -8 5 -1 -1 -1 5 3 -6 0 0 -10 -3 0 1 2 2 -2 -1 1 -2 -2 -13 -3 4 2 0 -2 1 4 -2 3 1 2 -5 9 -5 1 -1 -6 -5 0 2 0 7 2 -4 -6 0 7 1 -5 2 0 0 3 2 -4 4 0 3 -4 4 1 2 8 0 0 3 1 -1 -7 5 1 2 1 -1 1 11 -1 -1 3 -2 9 1 1 3 -3 0 0 0 1 3 -4 1 4 2 1 1 -4 -1 21 7 -5 0 5 -6 5 -3 -3 0 -2 1 9 1 5 -6 0 -2 0 -3 1 0 -1 3 -1 10 4 -4 -3 2 1 0 -4 5 -5 -7 2 -3 -20 -3 -2 1 1 2 1 1 -3 2 -2 0 1 0 -1 16 1 1 5 0 0 2 -2 -2 -9 5 -5 2 1 4 -6 -6 -1 2 -1 6 4 2 2 -6 -1 6 -2 -3 -1 1 1 1 1 -1 -2 2 -4 3 -3 -2 2 3 2 -2 -5 -2 -1 -4 -3 -2 4 1 -3 -8
L 1 31 0 19 1 7 0 6 -2 -2 0 1 -2 2 0 -1 -5 -7 0 1 2 9 0 -7 -2 1 0 7 0 5 -3 8 -4 5 5 -3 4 2 2 2 -2 -1 -1 0 -2 -2 -3 4 1 -6 -1 0 0 -3 -7 -3 3 -8 -2 1 0 -5 -3 7 2 -1 5 -2 0 2 8 0 2 2 0 4 -3 1 -5 0 -5 -1 2 2 0 -2 -2 -2 2 0 0 3 -4 -1 -6 -4 6 1 -15 -1 2 -2 0 0 5 3 3 -2 -1 3 -5 -3 4 1 6 -1 2 0 1 -10 -1 -2 -4 31 0 0 -2 0 -5 2 -2 -3 6 3 -1 -3 -2 -2 -2 3 -3 -1 -3 2 1 0 -2 -6 -2 -2 -3 4 0 1 4 5 -1 -1 -1 -2 1 -1 3 1 2 0 -8 -7 -3 3 2 7 2 -2 1 7 -8 3 2 1 2 1 2 2 3 -1 -1 1 3 -5 -3 -3 8 7 1 -2 -1 -1 -3 5 -1 7 2 -4 -1 -3 2 4 0 -3 1 -4 5 2 -1 -2 8 -1 -1 -2 1 1 7 -1 -4 2 -1 3 1 -3 4 4 4 5 -2 -15 -3 -1 2 -2 0 2 -13 0 -1 -4 1 -1 2 1 -3 0 -10 2 -5 0 -2 -3 4 1 -7 2 -12 -6 3 2 0 2 -2 -1 4 -2 -2 1 0 -9 4 -1 -1 -7 1 0 0 4 -4 -1 0 -2 8 4 1 2 -2 0 -4 0 -10 -1 -2 3 -5 5 4 7 1 2 -1 -1 0 4 -1 -2 0 0 -2 0 -2 0 -4 0 -5 -3 0 3 -4 3 0 -5 -6 -6 2 -4 4 3 0 2 0 -1 0 -3 1 0 0 2 -2 -1 -3 -3 -1 -4 -1 4 1 0 1 -2 -4 -3 -1 -4 -1 1 2 -3 0 1 -1 -4 -2 5 -1 0 2 3 0 5 2 0 -3 0 -1 6 2 2 7 -1 0 1 0 -2 1 2 -1 0 -1 0 2 -2 0 0 -4 -2 12 3 -3 -3 0 0 -7 3 0 0 1 0 -1 -3 1 -4 -2 -2 2 -2 0 0 1 2 3 4 0 -10 0 -1 0 -2 4 3 1 0 4 1 3 0 -2 1 2 -4 0 -1 -3 0 0 -10 2 -1 -5 0 -3 0 4 -6 1 1 -2 -6 -2 -3 1 3 0 -3 1 -1 -2 -1 -8 7 4 0 2 1 0 2 2 1 2 -5 -12 4 0 -1 -1 5 1 -4 -1 -5 -3 0 -4 -8 1 3 6 -2 1 8 0 -5 4 0 1 1 10 -1 0 -2 2 2 2 -8 0 1 3 0 0 4 2 9 0 -3 0 -8 5 -3 -4 -3 6 -3 13 1 2 8 5 -1 -1 2 1 -7 -1 2 1 7 -4 2 1 2 -2 -1 2 -2 -3 0 0 -4 5 0 0 0 4 0 -1 2 3 2 -2 4 -1 2 -4 -1 4 8
L 1 32 0 11 -1 9 3 -3 -4 2 1 -3 0 -1 -1 3 3 2 1 -8 2 -1 1 1 1 7 2 2 3 3 -5 -7 9 -4 -5 3 4 -3 -2 0 -4 -3 3 6 5 1 11 1 -2 8 1 -2 8 -1 -3 3 -2 -7 11 -4 4 4 0 -1 5 2 -5 1 0 0 1 2 -1 0 2 -1 0 2 6 1 -7 -1 -4 -5 3 -4 4 5 -1 1 -6 0 4 -1 0 1 -1 0 28 4 2 0 4 6 -5 -1 -4 2 -3 2 6 1 0 -9 -6 2 -3 -1 -7 -5 1 4 0 3 1 1 3 1 0 1 3 0 -5 1 1 2 3 4 -13 -1 2 -2 3 -1 -3 1 3 1 2 -2 16 6 -1 -2 -2 -7 2 2 0 -2 1 4 4 0 -6 -1 1 -9 0 -4 0 -26 -3 7 -2 -4 2 -1 -2 -8 -4 -3 -1 -4 2 10 -2 -3 -1 4 5 1 5 -5 4 -2 2 -1 4 -1 4 -9 -3 -4 1 0 2 1 3 2 2 4 -10 -2 1 4 -8 6 1 -1 -4 1 -4 0 3 -2 1 0 -1 -7 -3 -2 -2 -7 8 9 4 4 4 0 -7 -1 6 5 4 10 3 0 -5 -5 5 0 15 4 1 2 1 -2 1 -2 6 -1 -6 17 -4 -2 -1 -6 -2 -2 -1 -2 2 4 0 16 -2 6 3 -1 8 4 4 -2 1 2 -3 -1 -4 0 3 -3 3 -4 5 1 2 -1 11 -2 4 1 -12 -5 -7 1 -3 3 -2 0 0 0 -3 -29 1 -1 5 -1 3 -1 0 -1 0 -5 5 2 -1 0 5 1 7 3 -7 2 -5 2 -1 5 0 7 -8 -2 1 -3 6 4 7 5 -4 2 -8 3 -1 4 -3 -4 -3 0 6 4 2 3 -1 6 1 0 7 -7 3 -7 -3 -2 -2 -3 0 -4 0 -2 0 -9 1 -7 -1 -2 -28 -4 -2 0 -2 2 -3 2 3 -3 2 -8 -1 1 2 0 12 3 7 5 2 0 1 1 4 -3 2 1 -6 -3 2 1 -2 3 0 -1 1 1 12 2 -6 -2 3 -1 2 4 0 4 1 2 -2 0 4 -11 4 0 -3 2 1 3 -4 -7 2 3 2 1 2 7 -2 -1 2 0 13 2 0 3 1 0 -3 -2 -2 2 -2 -2 0 3 2 5 -7 1 20 -9 -9 0 -2 -6 6 0 -2 3 0 -3 16 -2 1 -2 -1 -6 -1 -8 -2 -10 -1 2 6 9 3 -6 -1 2 3 3 -3 6 -3 -4 0 -3 -5 -2 -5 3 -1 -1 -6 7 -3 -4 2 1 2 -2 3 10 0 4 4 2 -3 1 -5 0 -2 7 -21 0 1 8 -7 -4 4 0 0 9 3 1 1 -6 2 9 0 -1 1 2 -1 0 -1 -1 -1 3 -6 3 -1 -2 1 2 6 -2 0 0 -9 -1 -7 -5 1 4 0 -8
L 1 33 0 25 1 -1 1 -2 0 -2 1 1 0 2 2 -1 -2 -6 -1 3 0 5 3 -5 -1 0 -1 5 0 3 4 3 -8 7 8 -4 1 6 3 3 1 0 -1 3 -2 -2 -8 2 1 -5 -3 0 -4 0 -3 -2 4 -5 -10 -2 -2 -8 -1 4 -3 0 1 0 0 3 11 4 4 4 -1 2 3 1 -4 2 -2 -2 5 3 -2 -2 -1 -6 4 0 3 0 -4 -7 -4 -2 4 -1 -12 -1 -1 -1 0 -2 0 5 2 -1 -3 1 -6 -1 4 7 12 -4 3 0 2 -2 -2 -1 -4 37 0 0 1 0 -5 3 0 -2 8 2 -2 -1 -4 -2 7 0 -1 0 -3 3 1 -5 0 -3 -4 0 0 4 -3 1 5 4 -4 0 -1 3 0 -5 3 1 2 2 -7 -1 0 6 0 10 2 -3 0 5 0 1 1 0 4 0 2 -2 2 -1 -3 1 2 -3 -4 -2 -1 6 2 -7 -3 -1 -2 6 -4 -1 4 -13 1 0 2 -1 -1 -3 -4 -3 5 2 -4 -3 15 1 0 -2 2 1 4 0 -4 1 -1 1 1 4 4 5 6 8 -6 -25 -3 3 -1 -3 0 4 -17 -2 -2 -9 4 0 4 2 -1 2 -9 0 -4 0 -3 -2 3 5 -10 1 -15 -7 -1 1 2 5 0 1 5 2 -4 1 -1 -4 1 -2 -3 -5 -6 0 -4 3 -5 -5 2 1 7 1 3 4 -2 1 -6 0 5 -1 -5 4 -4 2 8 1 3 0 -1 0 1 2 -1 -1 4 8 -2 -2 -2 0 -10 -1 -4 -1 -12 4 -6 1 1 -6 -1 -1 -2 -4 5 1 0 -1 -2 -2 1 -2 3 -1 -1 1 -3 0 -4 -8 -2 -2 6 7 0 -1 0 -1 -6 0 -2 -4 -4 1 6 -2 2 1 -2 3 -3 5 -5 -2 1 4 6 6 4 1 -3 3 1 5 1 4 7 2 0 2 2 -1 4 2 -4 1 1 5 3 -3 -1 -1 -4 0 -1 -7 0 -4 1 0 -9 -2 -6 0 3 0 -2 -1 1 -6 -1 -1 0 8 3 3 2 4 6 3 4 -10 -1 -1 -1 -2 1 1 2 -5 3 -2 4 0 -1 -6 4 -4 0 -5 -4 -3 -3 -11 -1 0 -5 -2 0 -2 1 -7 -1 -1 -1 -6 -3 -4 3 1 -1 -7 -1 2 3 0 -7 -11 13 2 -6 2 -3 3 4 -2 5 -4 -16 2 2 5 3 1 3 -4 -3 6 -3 0 -3 -6 -1 4 6 -2 0 4 1 -6 5 4 -1 1 17 0 5 -2 0 -1 3 -7 1 1 -1 0 -2 4 1 2 -2 -3 -2 -6 2 -2 -3 -3 4 -3 16 0 -2 -3 -3 7 -2 1 1 -5 -2 -2 0 10 2 0 -3 1 0 -2 -1 -2 -1 -1 -1 -4 4 -9 -1 1 0 1 -2 3 3 2 0 8 -1 0 -4 -1 2 8
L 1 34 0 10 -1 6 3 0 -9 -1 1 0 2 0 1 -1 -4 -6 2 -2 1 5 3 -5 -2 4 3 8 0 3 -4 3 -1 -1 6 -1 2 5 2 5 -3 -2 2 4 1 -3 -2 -3 -1 0 -1 -1 -1 -7 6 6 1 -16 6 2 -2 -3 -1 -1 2 2 2 1 -3 4 16 5 1 6 0 1 -2 2 2 1 -8 -1 3 -4 1 -4 -1 -5 2 0 2 4 -5 -9 -3 -2 7 -1 11 1 4 -2 3 3 2 1 1 0 -4 5 -6 3 4 1 11 -3 0 2 -2 -3 1 -2 -5 27 -1 0 1 1 -4 4 -1 -4 -9 0 0 -5 -4 -1 -7 0 -5 -4 -3 1 -2 -7 -1 -2 1 -3 4 4 -1 2 4 -1 -2 -2 -3 1 2 -3 6 4 -3 3 -5 -4 -4 1 1 -6 -1 1 -1 3 -6 8 -2 -1 -1 -1 1 -5 5 3 -3 1 3 -2 -5 -3 15 2 2 -2 -4 -3 -1 5 2 -2 1 -10 0 2 6 11 -2 -2 3 0 -12 -1 -4 -3 7 3 2 -1 1 -2 -2 2 -3 0 0 1 3 -1 2 2 3 5 -6 -8 -3 6 2 -2 -2 1 -12 -3 -1 0 6 -1 2 -1 -1 0 0 0 -6 3 -5 -4 6 8 -7 2 -13 -1 -3 1 -2 1 0 -1 1 -1 -1 4 0 5 2 0 -2 -7 -2 4 1 3 -3 -2 -1 2 12 7 -2 3 3 -2 1 3 -2 1 3 3 -3 0 1 8 -4 1 -4 -2 -1 5 -3 -1 1 2 -1 -2 0 1 -15 -4 -3 -2 -9 3 -2 -3 0 -3 -1 1 3 -1 1 5 -1 -1 -3 0 3 -3 0 -1 -3 2 0 2 3 -1 -6 0 -3 5 1 -2 -1 -4 -6 -1 2 -2 -1 3 3 -2 1 2 2 -4 -4 4 -4 -5 -4 5 5 1 8 1 -2 -13 1 -4 -2 -2 -11 -1 1 8 -6 1 4 3 -1 -2 0 -8 4 0 -1 -2 10 2 5 6 1 -4 1 1 -12 4 1 3 4 3 -1 -2 0 -1 2 -2 6 -3 7 5 0 0 -3 1 -1 -4 -2 -1 0 -3 3 1 5 -10 8 -4 2 1 -2 1 8 -16 -1 -1 0 -1 2 -13 3 -1 -6 -3 9 1 3 -3 3 -2 -1 -7 -1 -3 1 -1 -1 -7 0 2 0 0 7 -17 14 3 -14 -4 1 5 2 4 6 -6 -5 0 1 4 2 -3 3 -11 -1 -11 -4 -1 1 -3 -1 -1 5 -1 4 12 -1 -2 7 4 0 -1 8 -3 0 -1 1 -3 -4 -1 -2 -5 3 0 1 4 1 14 -3 2 -2 1 -2 -3 -5 3 4 -1 7 -1 -2 2 -5 6 4 1 1 -5 -2 -1 0 10 2 10 -4 1 0 1 -1 -6 -1 0 0 -2 3 -6 7 -2 1 0 1 1 5 5 -9 7 -9 2 -3 3 4 -8
L 1 35 0 2 -1 -7 0 -7 -5 -1 -1 4 -1 -2 -1 -4 -3 -4 3 13 -4 -3 0 -1 0 -1 1 4 -5 0 2 -3 -1 2 4 0 0 3 3 6 0 2 0 6 0 -1 -13 2 0 -5 -4 -3 -6 -5 8 1 0 7 -18 -2 -1 -3 -1 -8 -4 1 0 1 -2 7 13 0 3 1 1 0 2 0 -3 1 -3 -2 4 1 0 0 -1 -8 3 1 3 4 -4 -6 -6 -1 8 -4 1 -2 1 -1 -2 0 -1 0 -2 -4 -4 3 -9 9 7 7 11 -5 3 1 3 1 3 -1 -1 13 -1 1 1 0 -1 3 0 -2 -6 -3 2 1 -8 -1 6 -2 -3 1 -5 2 1 -8 1 -4 -1 -1 -2 -2 -2 0 5 -2 -3 -1 -2 1 0 -6 2 -4 0 7 -8 9 1 2 -1 10 3 1 -3 0 -4 2 -3 0 3 -4 -1 3 0 -5 2 1 2 -5 -9 -2 3 4 -4 -1 -2 -2 -3 1 -6 -3 0 -12 2 1 6 9 -3 -2 -2 0 -7 0 -4 -4 17 0 2 1 -1 2 -4 2 -2 -3 0 1 2 7 2 3 4 12 -3 9 -1 3 -6 1 0 -6 -16 -2 -2 -4 6 1 5 5 -3 4 -7 3 -3 -1 -3 0 1 10 -10 3 -12 -14 -3 3 0 1 1 -2 1 2 -4 2 -3 0 1 2 -2 -1 -5 -3 0 2 -5 -1 0 5 14 6 -1 1 1 0 -1 3 3 1 -10 6 -3 0 10 2 2 0 0 -4 -2 3 -1 -1 6 18 -3 -4 -2 0 -8 -7 -2 1 -14 6 -5 -2 -3 -2 -1 4 -2 -2 4 2 0 1 -4 -3 5 -2 11 -1 -3 2 0 2 -3 -5 1 -3 -2 5 2 -3 2 -2 -4 2 -1 -5 -5 -3 8 -5 3 0 0 13 -4 -1 -6 -3 -1 3 7 4 3 5 -4 1 2 -3 1 1 1 1 3 4 0 1 5 -1 1 0 1 -10 4 2 -3 0 -5 -2 0 0 1 -2 4 1 -2 3 -3 1 8 2 -1 -3 4 -3 2 -2 -2 2 7 5 -1 3 -9 0 -1 -2 -5 -2 -5 1 -1 1 2 -4 9 -7 5 -2 0 -2 5 -11 -2 -4 -3 -1 0 -11 2 0 -3 0 2 0 2 -3 0 0 -1 -6 -5 0 3 4 1 -7 -3 -2 7 -3 4 -21 21 0 -16 0 -4 5 3 1 4 0 -14 -1 4 7 5 -1 3 -6 -4 7 -2 1 -6 -4 -3 3 3 -3 3 -6 -1 -1 9 2 -2 -1 9 3 6 -3 -2 -2 2 -4 -2 0 -1 -2 -5 1 3 6 -4 -2 -1 1 -3 -2 1 2 2 -2 20 -1 -4 -7 -10 2 3 2 2 -6 0 -2 -1 16 3 5 -6 -2 1 0 -1 1 2 0 -1 -2 5 -11 9 1 -5 -1 -2 1 1 4 -3 7 -4 5 -1 0 0 -8
L 1 36 0 58 -1 -2 2 0 -7 -1 1 2 2 -1 3 -4 -5 -2 -4 1 2 3 1 -3 -2 0 2 0 1 1 1 10 -6 -1 7 1 0 3 -1 5 -1 0 2 0 -2 -2 -3 -4 2 -7 -1 1 -3 -5 10 3 4 -13 12 7 -5 -4 0 3 -1 0 3 1 -5 0 7 10 -2 4 -1 0 0 3 0 -1 4 4 4 0 0 0 -2 -6 1 -1 6 3 -4 -3 2 0 6 -1 -8 1 0 2 0 -1 4 0 4 1 0 2 -6 -2 2 5 9 -1 2 3 2 6 -2 -4 -5 14 1 0 0 1 -1 3 -2 -3 -11 -2 -2 -5 -2 -4 1 3 -6 -2 -4 -1 -1 -2 -2 2 3 -1 -7 0 2 4 2 9 -2 -2 -3 4 1 -2 3 8 2 5 0 -10 -1 3 3 8 0 -4 2 6 9 10 -2 5 3 4 2 -15 4 2 -3 -1 3 1 -1 -1 10 3 4 0 -5 -2 -1 4 3 7 5 2 -1 5 1 6 -4 -3 5 2 -4 -2 -2 -2 -3 3 0 0 3 -4 -4 2 -4 0 0 -4 2 3 4 1 5 6 -16 -8 -5 6 1 1 4 7 3 -5 -2 -8 2 -1 6 -2 -2 -1 -6 -1 -5 4 -2 -2 3 4 0 0 -1 1 0 0 -2 2 1 4 0 1 1 3 1 -1 1 -6 -5 0 -3 1 -10 3 1 -3 0 3 5 0 -5 3 2 0 0 -1 -3 1 1 3 -3 -1 1 11 0 1 -2 -5 2 3 -3 -3 -1 11 -1 -3 0 4 -21 2 -2 -2 -2 2 -3 -3 2 -3 -1 2 -5 -1 2 2 1 -8 -1 0 3 -6 2 2 -3 4 -3 -2 0 3 -3 0 7 2 -1 -1 1 2 0 0 -1 -6 1 2 1 -4 -3 2 -4 -7 -2 8 1 -4 -8 0 8 -4 7 -2 -1 -12 -2 2 -3 -2 3 1 -1 1 -5 -4 3 2 -1 2 3 10 4 -4 -1 -3 8 0 -6 2 -2 -2 -3 3 -16 2 1 1 4 2 -2 -3 -3 -6 0 -2 7 -3 -8 -2 5 0 -2 1 -7 -1 3 -6 0 -5 2 -2 0 -6 1 -2 -1 0 -1 2 9 -4 -1 1 1 -4 0 -13 0 1 -6 -3 4 -3 -1 -1 2 -1 1 -1 4 -4 2 -5 -4 -4 -1 1 3 2 -9 -4 11 3 -7 2 -3 3 2 0 2 -4 -5 0 -5 6 2 -2 0 -3 2 -6 0 -4 4 -7 -1 2 4 -2 1 11 4 -4 6 8 2 2 28 -1 2 0 0 -4 -4 -2 1 -2 2 -1 2 1 -2 -2 -2 1 -3 1 -1 -2 -2 4 10 -4 6 -2 -2 3 -2 10 3 -2 0 -4 -3 -1 -1 1 0 -4 3 3 -2 1 -1 -5 -2 0 2 -1 4 0 1 1 -1 -1 0 0 5 2 -2 8 -3 0 -3 0 4 -8
L 1 37 0 24 1 3 2 -4 8 4 -1 -4 1 2 2 1 4 5 1 -7 2 -2 2 1 3 6 0 0 4 -1 3 -10 2 3 -3 -3 2 2 2 -1 -1 -2 1 4 6 0 4 1 0 6 -4 0 2 5 -12 1 1 1 -3 -5 6 -6 2 6 6 0 -5 -1 3 -1 -3 -2 3 3 2 2 5 -2 4 1 -3 -4 -4 -2 2 -2 2 5 3 0 -2 -3 5 -3 -2 3 -3 -2 8 1 -1 0 1 4 -13 -2 -1 4 -4 0 10 -6 1 -8 -2 4 -1 -1 -3 1 -1 3 2 17 1 -2 7 2 -4 1 4 2 11 3 0 2 2 5 -1 -2 7 3 6 0 -1 -1 1 -3 -4 0 17 6 -2 -2 -5 -1 2 5 3 0 1 1 -2 -2 -4 -3 1 -9 2 -2 0 -18 -4 3 -1 -3 7 -7 -2 -9 -2 -1 -1 1 -2 8 -2 2 -3 0 7 2 -11 -3 1 -6 2 -2 0 0 -2 -12 1 -8 1 -5 1 -15 5 2 -6 4 7 -3 0 2 0 3 0 -3 -4 2 1 0 2 0 4 -3 -2 -3 2 2 -1 -6 9 -13 8 -3 2 -4 -2 4 1 2 1 2 3 -2 -5 -3 4 -2 10 0 4 2 0 0 0 -5 5 -3 -14 13 2 -3 4 -1 -1 0 4 -2 2 3 2 10 -3 7 2 3 3 4 -3 -4 -2 1 1 -4 -11 -9 5 1 -1 -3 -2 1 13 -4 6 -2 7 -4 -8 -12 -2 0 -3 4 -1 -7 3 1 2 -26 2 -2 0 -1 6 1 -2 -3 -3 -5 4 4 1 -2 7 0 2 1 -4 -3 -3 2 1 5 0 3 -3 -1 3 -5 4 3 3 -4 0 1 0 3 -3 1 -1 -5 -8 0 3 3 0 3 3 4 -1 -2 2 -7 0 -3 -2 2 4 -3 3 7 3 -1 0 2 0 1 1 -2 -14 -2 -1 -4 3 2 0 2 1 -2 0 3 -1 0 0 3 8 3 0 -7 1 -1 -1 -1 7 -10 -8 1 -8 -4 0 2 0 2 -1 -1 -6 12 6 0 -6 2 15 0 7 -2 1 3 2 2 -5 5 2 -5 -1 0 -3 -1 2 -4 -3 3 3 -4 -2 2 -4 14 -1 -3 2 2 7 0 -3 0 -4 2 -4 0 -1 -1 1 0 -1 1 1 5 -3 3 12 -3 -11 1 5 -3 3 0 1 -5 3 -3 6 -3 2 1 0 -2 4 7 0 7 1 3 7 6 3 -4 -3 5 1 0 -3 3 -5 -1 -3 -5 3 -1 0 0 0 3 -3 2 -1 2 -5 3 -1 0 -6 0 -1 2 4 -3 1 2 -5 -5 -2 6 -14 0 -1 -2 -6 2 1 1 -3 6 2 -3 1 -6 2 3 -4 -2 3 1 -3 4 1 -2 1 4 -5 1 -10 -2 2 2 3 1 -2 0 -4 0 -3 -7 0 4 1 8
L 1 38 0 55 -1 5 0 -1 0 2 -2 -1 1 1 1 1 5 7 1 -2 3 -3 -3 4 2 1 -2 -6 3 -4 -2 -7 2 3 -5 1 0 -3 -2 -7 0 0 0 -2 4 2 8 -1 0 1 2 1 0 3 -8 -1 -1 2 2 2 3 1 2 5 4 -1 2 1 -1 -4 -9 -1 -2 -1 -1 0 1 -2 2 1 3 1 -4 0 0 2 1 6 0 0 0 -2 4 4 2 0 -7 1 3 -1 -3 2 1 2 0 -3 -6 3 3 -5 3 -5 -1 -4 -7 4 -2 -1 1 0 -2 2 5 -14 2 1 0 0 1 -2 1 3 1 0 -1 3 3 -1 2 0 4 1 4 -1 2 5 1 4 0 2 -1 -1 -1 -4 -4 8 2 0 0 -2 -1 4 -4 0 1 -3 5 -4 2 -4 1 -5 -1 2 0 -2 9 -5 0 -2 -3 2 1 0 0 -6 3 -1 -2 5 6 2 -9 -5 2 0 2 1 3 -4 -1 2 -3 -2 -2 0 -4 -12 -1 2 0 0 6 -2 1 0 -8 -1 -3 0 -2 1 2 3 5 0 1 -1 -3 -3 0 -2 -7 -11 4 1 2 -2 0 -1 3 0 20 3 1 3 -4 0 -5 -1 3 -2 8 1 4 1 0 2 -2 -11 16 -4 9 8 3 -3 -1 -3 0 3 0 0 2 1 2 3 -1 1 3 8 5 0 -5 -3 2 2 2 -7 -12 -6 0 -5 0 -2 1 1 11 -1 8 -3 2 -1 -1 -5 0 -2 -1 1 0 -6 1 2 -3 -8 -3 -2 1 -3 9 4 3 1 10 -2 3 1 0 1 4 -5 1 1 -4 -5 2 1 0 3 0 1 -3 1 3 -3 2 -1 3 6 2 1 -2 -4 0 4 -3 1 2 3 0 2 1 -1 -2 2 -3 1 2 -5 -1 -2 3 1 -3 -1 -8 0 -5 -2 1 7 0 -3 -2 0 3 -1 1 -3 2 -2 -2 -2 1 1 1 4 -3 1 2 -2 -3 -1 -8 -4 2 3 -2 -2 4 -7 1 -2 -6 -3 0 2 -1 6 1 -3 -4 -1 -6 -6 -1 0 1 -1 -2 5 0 -1 0 0 -6 1 -1 6 1 5 -3 2 4 -1 -7 16 1 4 1 -2 1 11 -4 0 3 -2 5 0 -2 3 -4 1 1 6 6 1 -4 -2 1 5 -2 1 -3 1 5 19 -9 0 11 0 2 -3 -2 -3 -5 4 10 0 -2 -6 -2 -1 0 5 4 4 2 0 2 8 5 -2 -5 1 -3 -1 1 4 -6 -1 3 0 -8 -1 -1 4 1 3 1 -1 1 1 -2 -2 1 -2 -3 0 3 1 5 0 1 3 1 -1 -3 2 -6 1 0 3 -2 -3 -2 -1 -2 7 5 2 1 -14 -2 -7 2 -1 -3 1 1 1 0 0 2 3 -3 8 -8 0 1 1 0 -2 -6 -4 7 -5 2 -2 5 0 0 -8
L 1 39 0 43 1 -9 -2 5 4 -4 -1 3 0 1 -1 -1 -3 -4 0 7 -4 2 0 0 0 -4 -2 -1 -4 -3 5 6 -7 3 3 -1 -3 3 2 2 2 4 -2 -5 -4 -1 -14 -2 3 -4 -1 2 -7 0 4 -2 1 3 -6 3 -5 1 0 -2 -5 -1 4 0 0 2 -1 -2 0 0 0 -1 -2 -2 -7 -1 5 1 6 4 -4 2 -4 -5 1 -1 6 -1 -3 2 0 0 2 0 -20 -3 -2 1 -3 -6 6 1 2 -2 4 -1 -7 2 -1 8 4 -4 4 2 6 5 2 -3 1 -14 -1 -1 -4 -2 1 0 -2 1 1 -1 0 -3 -3 -4 7 0 -2 0 -2 1 1 -2 -3 0 0 2 -11 -7 1 3 3 1 -1 -2 -2 2 0 -5 -1 -1 6 1 -2 17 0 4 0 26 4 -6 0 4 -7 1 2 8 3 1 0 7 -3 -11 2 2 2 -4 -7 -3 -1 3 -3 3 -1 0 -3 0 -4 9 2 4 1 1 -2 4 -2 -2 -1 -5 4 3 -1 -4 11 -6 0 2 4 -1 4 0 -2 1 0 0 2 7 2 1 0 6 -6 -9 -4 -4 -6 0 6 -4 -10 -3 -3 -5 -1 0 5 4 -5 1 -13 -5 -1 -4 -2 5 0 4 -8 2 11 -19 3 2 1 7 3 -1 1 2 -2 -3 -1 -13 2 -7 -2 -3 -11 -3 3 3 0 -1 2 1 9 4 -4 1 -1 4 -3 1 -1 3 -12 3 -6 -1 13 4 5 -1 4 -1 0 2 -1 0 3 34 0 1 -3 0 -3 -2 0 3 -4 5 -5 -4 1 5 -5 0 -5 -3 7 -1 4 0 1 -6 0 -5 5 3 -3 4 -6 -3 -6 -5 3 1 5 -3 1 -3 2 3 4 1 -6 -2 -2 -2 0 -6 1 0 -7 7 -2 5 1 1 1 5 -1 1 2 1 1 5 0 4 1 3 25 3 2 3 0 0 4 -3 -2 2 -2 1 1 1 -1 1 -12 -3 -8 -2 0 -2 -1 -4 -4 4 1 -1 8 1 -2 -1 2 -1 2 1 -1 -4 -10 1 6 1 -4 0 1 -3 -2 -2 -2 0 2 -2 -4 12 -4 -1 4 -2 -2 0 4 3 -2 -4 -1 -3 0 -8 2 1 -2 -1 -11 -2 1 -1 0 -1 4 1 1 0 2 1 1 -5 -2 -7 6 -1 -18 1 12 1 -4 4 -7 0 0 1 -1 3 -12 1 2 3 1 4 0 2 3 4 0 -2 -7 -8 -5 5 0 -2 -2 -3 2 -4 3 1 -1 2 -2 3 3 -5 0 -1 5 -5 1 2 0 -1 0 1 -1 -7 -1 -4 -4 3 -1 -2 5 2 -2 -7 19 0 -1 -11 7 2 -4 0 1 -7 -3 -2 0 8 -1 -6 -4 1 0 -2 2 -1 1 0 -1 -3 4 -6 4 1 -1 -1 -5 2 1 -1 6 0 4 6 -1 -5 -2 8
L 1 40 0 21 1 -7 -2 0 -11 -1 -1 2 0 1 -1 -5 -3 -3 4 7 0 -1 -2 -2 0 0 -1 5 0 2 -1 3 -3 -2 9 -4 0 1 3 2 -2 -2 -2 2 -3 1 -4 4 0 -8 -1 0 -6 -4 6 -3 1 2 -7 1 -7 -10 -1 -1 -2 0 4 -1 -2 3 14 9 3 4 0 1 -2 -1 -3 3 -5 -3 3 -1 -1 0 -4 -2 2 1 1 2 -3 -7 -2 -4 4 -2 -2 -2 2 -3 -2 -2 2 2 -1 -3 -3 0 -7 2 3 6 15 -3 1 0 4 -4 1 -2 -3 27 0 1 -2 -4 -2 0 -2 0 3 0 -1 -2 -5 -4 5 2 -3 1 -4 4 1 -6 -1 -2 -2 -2 -4 0 -3 1 3 5 -2 -5 -2 1 -1 -3 -4 3 2 4 -8 0 -1 3 0 9 4 -5 -1 3 3 0 0 2 2 -1 2 4 0 -6 3 0 2 -2 -6 -3 0 6 -2 1 -4 0 -4 0 -1 8 3 -4 1 0 4 7 -4 -2 1 1 -3 0 -3 -4 10 2 0 -1 3 2 0 1 -6 2 -2 2 0 2 5 0 3 7 -2 8 -5 4 0 0 3 1 -15 -5 -5 -7 1 1 3 4 -2 -1 -7 6 -5 -2 -5 -4 2 2 0 -1 -16 -18 -7 1 -1 2 -1 1 3 1 -5 2 -1 -6 5 1 1 0 2 -1 -12 1 0 -3 0 -2 13 5 -6 3 0 0 -2 2 -5 0 -3 4 -6 1 4 9 1 2 1 -4 -1 1 -3 -3 3 5 -4 -1 -2 0 -1 -3 -3 -3 -1 6 -6 2 -3 -9 -1 -3 -2 -3 6 1 2 -1 -5 -4 1 -3 6 -2 1 4 -1 0 -4 2 -3 -5 -8 6 1 -4 2 -3 -3 0 -1 -4 -4 -2 6 -6 -1 2 -5 4 -3 4 -2 -2 -1 2 1 11 3 3 -6 0 2 6 -2 0 -2 -1 1 3 -1 -3 2 0 -1 2 -1 -2 1 -1 -4 -2 -5 0 5 4 -1 0 1 1 -5 0 -4 0 5 1 0 -2 1 -6 -2 -2 -3 2 4 0 0 4 -11 1 -2 -7 -2 0 -3 1 2 2 3 -8 11 -3 3 2 0 0 6 -3 0 -1 0 1 -2 -9 0 0 -4 3 2 1 0 -4 -2 0 -1 -2 -4 -3 1 5 2 -5 -2 0 3 -3 1 6 17 0 2 1 1 2 3 0 5 -2 -21 8 1 1 2 5 3 2 -4 2 -2 -1 -3 -10 0 1 5 -4 1 6 2 -5 6 2 -2 0 2 -1 3 -4 2 0 2 -3 1 4 -1 -5 -7 6 3 15 -1 -1 -1 -6 3 -3 -3 -1 4 -3 22 0 -2 9 -6 2 1 3 3 -7 2 -1 -1 5 -1 4 2 -2 -4 -3 0 -1 -2 -2 2 -4 8 -10 8 1 0 2 -3 3 0 3 -6 8 -2 1 -3 0 2 8
L 1 41 0 53 -1 7 1 -2 11 2 1 -1 0 -1 3 3 3 5 -5 -5 1 1 2 1 -1 -1 1 -6 1 -3 2 -2 1 3 -7 3 0 -1 -3 -4 5 2 2 -3 2 -1 7 -2 0 4 2 0 5 5 -7 2 0 2 3 0 8 5 1 5 2 -1 -4 -1 2 -4 -14 -8 -2 -4 -2 1 3 2 3 -3 8 3 -4 2 0 1 4 2 -1 -1 -1 -2 3 6 1 4 -6 1 -6 1 -2 2 0 1 -3 -2 3 3 2 -1 7 -5 -2 -5 -14 4 -2 -1 -3 3 -3 1 3 -16 0 -1 4 5 1 -1 1 -1 0 1 0 2 5 3 0 -1 3 0 3 -4 0 8 1 1 1 2 0 1 3 -1 -5 0 2 6 5 -2 1 3 2 -2 -1 -5 9 -7 1 -3 1 -8 -4 4 4 -3 2 -1 0 -1 -1 3 0 -7 1 7 -3 0 -3 2 8 4 -5 -5 2 -2 3 1 2 0 2 -8 -2 3 -3 -1 -4 -11 4 1 -2 0 8 -1 2 4 -13 -2 -1 -1 -2 -2 0 0 5 -2 1 -2 -1 -1 -3 0 -1 -5 1 -8 5 -4 1 0 -1 4 18 4 4 2 -3 -2 -3 -3 3 1 4 -4 4 3 6 2 -2 -4 1 -1 12 19 8 -1 0 -2 -1 1 -3 -2 5 -3 2 3 -4 0 -3 4 1 -1 6 -2 -1 2 1 1 -18 -9 8 -1 -2 0 0 -4 3 -1 5 -4 8 -1 -4 -7 1 -2 -2 3 2 -3 4 2 -3 -10 3 1 2 1 1 6 3 1 5 -6 6 1 3 4 0 2 0 3 -5 -3 -1 -1 5 5 -1 1 -3 2 1 -5 0 -1 3 -2 5 2 12 -5 -1 4 -1 4 2 -1 2 2 4 0 -5 7 -1 -1 5 -4 3 -2 4 3 3 -4 -1 -8 -5 -3 6 2 -2 -2 2 0 6 2 0 -7 4 1 -2 1 0 -1 2 9 -1 -1 4 1 5 0 -4 -7 1 1 -1 3 5 -1 1 0 -7 1 0 1 -1 5 0 2 3 0 -7 -4 0 -3 12 -1 1 7 5 -3 4 -2 -2 -1 -2 7 -12 4 -3 -2 1 -2 -6 8 0 1 0 1 1 10 0 -1 4 -2 -3 -1 -1 2 1 1 -1 3 5 1 -1 -4 -3 6 2 2 -2 3 -4 2 -20 -1 3 2 0 -1 -1 -3 -5 2 17 -7 -4 -1 -3 -2 -2 3 4 3 3 2 4 9 2 -1 -5 3 -2 -6 -1 3 -7 0 3 1 5 1 -3 6 -1 2 -2 1 1 -3 0 4 4 -6 -4 -19 2 1 1 2 0 4 3 -1 -1 3 -19 1 2 -6 6 -2 -1 -3 -5 5 -2 2 0 -7 0 -8 2 2 2 4 -1 2 2 3 0 4 -7 13 -11 0 0 -2 2 -3 -2 -2 8 -8 5 -2 4 1 0 -8
L 1 42 0 60 -1 -7 -1 6 -3 -5 0 2 0 -5 1 -4 -2 -1 -7 11 -1 4 -3 -1 -1 -4 1 -1 0 -1 6 10 -8 -7 5 -1 -2 3 -2 3 -2 5 -1 -5 -3 0 -13 2 5 -6 -1 2 -7 2 6 -3 3 5 3 4 -8 -2 1 3 -6 -4 2 -2 -2 -1 -3 5 0 4 1 0 -1 0 -5 0 10 2 2 3 -3 3 -6 -7 -1 -2 6 -1 -5 0 3 -3 3 -2 -17 -3 -2 3 -7 -7 2 3 3 -2 5 -2 -11 3 -2 8 11 -1 4 1 7 5 -1 -4 -4 4 3 0 -1 -3 -1 -1 -3 1 1 -1 -2 -1 -3 -5 8 5 -4 1 -3 1 -2 0 -2 1 -3 5 -18 -6 4 4 3 8 -4 0 -3 6 -2 -4 -3 4 4 4 -4 2 2 5 1 24 5 -7 1 3 8 0 3 7 4 4 1 0 -4 -12 0 -2 3 -1 -3 -6 0 8 -1 0 -2 -1 -3 5 -4 11 4 0 1 0 -2 3 -1 -2 1 -2 11 2 1 -2 4 -2 1 0 6 -1 -2 -1 -6 0 -2 -3 1 6 4 0 7 6 -11 -10 -5 2 -4 0 6 10 -8 -5 -2 -1 0 0 6 3 -3 2 -16 1 -6 1 -1 0 -1 6 -1 -1 6 -8 2 1 0 6 0 4 1 4 -4 -2 -4 -17 1 -5 -1 -4 -7 -3 -10 2 -3 -4 0 -3 10 -1 -10 4 -1 3 -4 -2 0 1 -9 4 -4 -2 12 8 8 1 4 -1 1 4 -1 -3 3 14 0 1 0 5 -12 2 -4 -3 -6 2 -6 3 2 1 -3 -1 -8 -4 6 2 2 -2 0 -2 1 -6 3 2 -4 5 -5 -3 -8 1 0 -1 6 -1 -3 -6 2 3 3 0 0 -4 -4 -2 0 -5 -5 -1 -10 -2 -1 8 2 0 -4 -1 6 3 1 -1 0 2 0 8 0 6 19 0 1 -2 0 -5 4 0 -4 4 0 8 3 -4 -2 -1 -5 -1 0 -1 -3 -2 -4 0 -15 4 -7 0 7 -3 -2 -3 -2 -9 -1 -1 0 5 -8 -4 8 2 -2 2 6 -4 2 -4 -2 -2 1 -1 -3 9 -5 -4 1 -2 -2 -1 5 1 -1 -2 -2 1 1 -11 -3 2 -5 3 -14 -5 1 -1 0 -1 1 2 1 -3 4 1 -2 -6 -3 -7 5 1 -13 3 14 2 3 5 -6 -1 4 0 2 -2 -11 4 0 6 3 0 2 1 0 0 0 -1 -3 -12 -4 5 5 -5 -3 6 5 -7 3 1 -2 1 19 0 3 -3 0 -1 4 -7 3 3 0 -2 -2 0 -1 -5 -1 -4 -4 -11 2 -3 1 -1 10 -9 16 0 -2 0 0 6 -2 2 0 -3 -1 -3 -2 4 0 -16 0 1 0 -3 0 -1 -4 -1 0 -3 6 -6 0 3 -1 0 -4 2 5 -3 3 1 7 -1 -4 -3 -1 -8
L 1 43 0 5 -1 12 3 0 8 2 1 -4 -1 1 0 6 3 0 -1 -9 1 2 3 -1 -1 4 1 1 1 2 -5 -5 5 4 -8 2 2 -1 -1 -1 1 0 3 1 2 0 6 0 -2 9 0 -1 7 4 -11 1 -2 -1 -2 -4 9 7 -1 2 4 1 -4 -1 3 -1 -8 -12 -2 -2 1 2 2 1 3 -1 -3 0 -4 0 2 -2 3 3 -1 0 -5 -2 5 3 -2 3 -2 1 8 3 1 -1 3 4 -3 -1 0 3 0 1 7 -2 1 -8 -12 3 -1 -2 -7 -3 0 4 2 -5 -1 0 3 4 -1 1 3 0 2 2 2 2 4 6 -7 -4 5 -1 5 -2 -2 3 2 -2 -1 0 11 5 0 -2 -2 -8 1 6 3 -4 2 3 5 -4 -4 -5 3 -3 0 -4 0 -18 -4 7 0 -5 -11 -1 -1 -6 -3 -2 -2 1 1 8 -3 0 -3 0 4 2 0 -4 2 -3 4 0 3 1 0 -14 -4 -5 0 -4 0 -6 6 1 -4 -2 1 0 1 3 -4 1 2 -2 -4 1 2 -2 5 -1 2 0 0 -5 -5 2 -1 -6 10 -8 5 -3 1 -2 -8 -2 7 5 5 8 1 -2 -3 -3 4 2 8 -4 4 1 3 1 0 -1 -1 1 0 19 4 -1 3 -3 0 -2 0 -3 3 -2 0 7 -6 4 1 -2 1 2 13 -2 -3 2 1 1 -9 -3 10 -2 0 -2 1 -1 4 -2 5 -3 6 1 -5 -12 -3 -1 -2 5 -1 -1 4 2 -2 -19 4 2 2 -1 7 0 1 1 -3 -6 7 0 2 6 1 2 6 3 -6 1 -4 5 4 4 -2 5 -5 -1 0 -5 3 4 3 -6 0 3 3 0 0 5 -2 -1 -4 -2 3 5 1 2 -2 8 3 -2 9 0 3 -6 -1 2 6 -1 -1 -4 -2 -2 3 0 0 -6 4 0 -7 -1 -1 -2 3 4 -3 2 1 -5 0 -7 -2 2 4 3 5 2 8 -5 1 -1 2 -1 9 1 1 1 -7 -2 1 1 0 6 0 1 1 1 5 3 -4 -2 12 -1 6 4 1 3 4 0 -1 1 0 4 -4 0 0 -1 -1 -2 -7 -3 0 0 -1 1 1 10 1 -2 4 -2 1 0 2 1 2 0 -1 -3 0 3 -1 -2 0 3 4 2 -4 2 10 -9 -16 0 -2 -4 2 -1 -3 0 -2 -1 16 -6 4 -2 0 -3 -2 -4 1 -1 0 4 1 12 1 -3 -3 4 1 -4 -6 4 -6 -5 1 -3 -7 -1 -3 3 -1 0 -2 3 -2 -2 0 5 4 -4 -2 -3 0 1 2 2 -2 2 -1 -1 -5 5 -17 1 2 -5 1 -5 0 0 -3 4 -2 2 1 0 1 4 -3 1 4 3 -1 1 3 1 -4 3 -7 8 -6 -2 1 0 4 -2 -1 -1 0 -6 -2 -3 2 1 -3 -8
L 1 44 0 0 -1 -6 -2 0 -2 -2 -1 0 -1 1 -1 4 -6 -7 4 -1 -3 11 3 -4 -1 1 -2 7 -2 -1 5 0 -4 11 4 -4 -2 4 3 5 -3 -1 -3 1 1 -4 -7 -2 -1 -2 -3 3 -2 -1 4 -1 0 -11 1 -3 -1 -2 -3 -1 0 1 6 0 4 4 12 -3 4 0 0 2 -3 -1 -3 2 -6 -3 4 2 2 -2 -2 -6 1 0 1 2 -2 -4 -2 -3 5 0 -3 -2 2 -3 2 -2 -2 3 2 -3 -4 0 3 -1 1 4 6 -4 0 1 2 -9 2 -3 -2 26 -2 -1 -2 -2 -5 3 0 1 -1 3 0 -2 -2 -2 -2 1 0 -3 -3 2 5 -1 -1 -7 -5 -4 10 0 -3 0 6 -3 2 -5 -2 1 1 -5 1 -2 -1 0 -7 16 -2 4 -2 1 1 -2 -3 4 -10 1 1 -1 3 -3 1 9 0 3 -1 3 3 -7 -5 -3 9 1 -1 -1 -2 -1 -5 2 0 8 0 3 1 -3 5 7 1 -2 -1 -2 -4 4 -3 -3 13 -4 0 -1 1 0 7 -1 -3 0 -2 3 1 5 4 3 4 7 -2 -4 0 -3 1 0 3 -4 -25 -4 -2 -3 3 1 1 4 -1 1 -3 0 -1 -4 -4 -1 2 4 -12 3 0 -22 1 2 3 4 -1 -4 4 1 -4 4 -2 -2 3 -2 0 -7 -3 3 6 4 3 -1 0 4 14 5 1 3 -1 0 -3 2 -12 2 -7 2 -2 5 -1 4 0 3 -2 1 -3 4 -2 1 4 8 2 0 -5 -1 2 -6 -3 0 -6 4 -6 -2 -1 -6 -5 -3 1 -4 6 0 -1 1 -1 -2 -2 0 2 -1 -3 1 -1 0 -2 -6 0 -3 -9 -1 2 -4 2 -1 -2 -2 0 -3 -2 1 3 -6 1 1 -3 2 -3 5 -2 -1 4 7 6 1 6 1 -3 -2 1 1 0 1 1 0 1 6 -2 3 3 0 2 -2 -4 0 2 1 -4 0 -2 -1 3 4 -2 -5 0 -2 -2 -2 1 6 4 3 0 1 2 -4 0 0 -1 -6 6 9 0 1 0 0 0 3 -5 3 -1 1 2 2 2 -5 -4 0 4 -1 -2 1 6 -11 1 -6 -1 -1 -4 -9 2 -1 -7 -1 -3 2 2 -4 3 -2 -1 -7 -4 -3 1 3 1 -5 0 0 1 -2 -14 -4 6 0 -8 2 -2 3 3 3 4 -2 -14 4 4 1 1 5 1 0 0 -1 -3 1 0 -9 -4 1 2 -1 0 -1 -1 -2 8 1 -4 2 -8 2 2 -2 0 0 0 -3 1 2 -3 -1 -1 5 4 -1 -3 0 -2 2 3 -3 -2 -3 1 -2 8 0 -1 -7 8 3 -3 -2 3 -3 -1 -2 2 9 -1 9 -4 2 2 -4 0 -1 0 -2 0 -3 3 -9 0 -3 5 -1 0 4 4 4 -8 3 -3 4 -4 -1 3 -8
L 1 45 0 49 -1 -7 -3 -2 6 2 -1 -2 -1 2 2 3 1 8 1 -4 1 0 -1 3 4 1 -2 -6 2 -5 5 -5 1 6 -5 1 -2 -2 -1 -5 1 0 -2 -3 3 0 8 -3 1 1 1 2 5 5 -1 -1 -1 -3 12 -1 6 2 0 3 3 -1 -2 1 3 -3 -9 -1 1 -4 0 -1 -2 -1 3 -1 5 0 -3 1 2 2 2 3 -2 1 0 -3 4 5 6 1 -8 1 1 -1 -2 1 1 1 -6 -4 0 2 0 -4 17 -8 -5 -5 -12 4 -4 0 0 2 -2 0 3 -10 0 0 1 0 1 -1 0 3 -1 2 -1 3 5 2 -1 2 5 1 2 -2 3 9 1 1 0 0 10 0 -1 -4 -4 1 5 -1 2 0 -1 3 -3 -2 -3 -5 6 3 2 -1 1 -10 -5 -1 -1 -1 13 -3 -1 -3 -1 2 -1 0 -1 7 0 0 -3 3 9 4 -4 -5 1 -2 2 1 2 -3 1 6 -2 18 -2 -2 -3 -7 0 2 -1 4 2 0 3 3 -11 -1 -1 0 -1 -1 -1 0 3 1 0 0 -4 -2 1 -1 -3 -5 1 7 4 -2 5 2 4 4 9 2 1 2 -3 0 -4 -1 4 -3 9 1 5 0 2 0 -3 -11 5 -2 14 2 1 -2 3 -2 -1 2 -2 -1 3 1 1 5 -1 -2 1 7 6 3 -1 -2 8 2 -1 -5 -12 -5 -1 -4 -2 -2 1 -2 -6 -1 2 -4 3 -2 -15 -3 -1 1 0 1 0 -4 1 2 -2 -15 2 1 0 0 12 3 3 0 12 -3 4 0 1 -3 1 -4 -1 0 -4 -4 0 -2 3 3 -3 4 -4 0 2 -3 2 -3 3 1 3 0 -4 -5 -1 -1 0 3 5 0 0 2 1 -2 -2 1 -3 0 -2 -6 2 -3 4 4 3 -3 -1 -4 -1 -2 1 -1 -1 1 -2 -3 -2 0 0 -6 1 2 -3 -1 2 1 1 15 -4 1 -2 0 3 0 -6 3 0 2 -4 0 7 -9 2 0 -6 0 1 3 0 -2 -1 1 -3 -5 -5 -2 -3 -3 7 -3 -2 13 1 0 0 0 -5 -1 -2 -2 -12 8 -5 -1 1 4 -5 9 4 1 3 1 -1 12 -3 -3 3 1 -3 2 -6 2 -1 0 -1 3 3 -1 -1 -2 -2 6 -1 3 -1 0 -11 16 -19 -1 10 2 2 -3 1 -3 -4 2 14 -1 -3 -2 -4 1 -2 11 2 3 4 1 9 2 0 -3 -6 3 -2 -3 1 3 -4 -1 0 0 -10 2 -3 3 -2 3 -1 3 3 1 -2 1 1 -2 -2 -16 3 2 2 5 0 4 2 -5 -1 4 -23 0 1 -2 9 -4 -1 -2 -1 7 3 1 2 -13 0 -6 3 0 0 -1 -2 2 -1 0 2 4 -3 8 -9 -1 2 -1 3 -1 -3 -1 -1 -4 4 -1 1 2 -1 -8
L 1 46 0 41 1 -6 0 0 2 -6 0 3 1 -2 1 0 -2 -3 -3 3 -2 4 2 0 -1 -1 1 1 -2 -2 10 5 -8 5 4 -1 0 5 0 4 -1 3 0 -1 0 -3 -13 -4 3 -1 -3 2 -4 0 4 0 4 -11 5 2 -6 1 0 0 -5 0 0 4 -2 2 5 6 1 3 0 -2 -1 0 -5 0 5 1 7 3 -3 -1 -1 -7 3 0 6 0 -5 -2 2 0 3 0 -10 -1 -3 3 -2 -5 1 3 2 -1 1 0 -7 2 -1 10 6 -5 4 3 4 6 -1 -3 -1 0 1 0 -2 -1 0 3 0 1 -1 -2 -1 -2 -4 -4 2 0 -3 -2 -4 -1 -1 -2 -2 3 1 3 -3 -1 0 3 4 1 -2 -2 -4 6 1 -5 6 1 4 2 -2 11 0 8 0 18 2 -4 -1 7 3 3 1 6 2 2 0 -4 0 -4 -2 -1 3 -1 -4 -4 3 2 3 -3 -2 -2 -1 5 -3 5 3 -2 1 5 -2 3 -2 -2 0 -3 1 2 -2 -2 12 -1 0 2 4 -1 2 1 -2 -1 -1 -2 2 7 2 2 3 7 -12 -24 -3 3 -4 -1 4 -1 -12 0 -3 -5 4 1 5 0 -2 1 -6 -4 -3 0 -2 2 2 7 -10 2 8 -10 2 1 0 8 4 1 0 4 -2 0 -1 -3 0 -9 -4 -6 -12 1 1 6 1 -2 0 3 8 4 -2 2 0 2 -4 0 8 3 -9 4 -6 -1 9 3 3 -1 1 1 0 2 -4 1 3 30 0 -2 0 -1 -16 0 -1 3 -12 4 -5 -5 2 3 2 3 -5 -4 5 0 2 -4 0 -3 1 -2 -1 4 -3 4 -4 -3 -2 -4 0 3 8 0 1 -2 0 3 2 2 -3 -3 -1 3 0 -6 2 2 -7 -2 -2 6 -2 -3 -7 6 6 -6 6 1 0 -1 -1 2 -1 4 14 3 -1 4 -2 0 6 0 -2 2 2 6 4 -1 0 -2 -3 -2 -16 -2 2 -3 -2 -3 -13 -1 1 1 8 -1 -3 0 -2 -4 2 -1 3 2 -6 3 7 0 2 2 2 -6 -3 -2 -2 -1 0 -4 -2 0 -4 0 2 -2 -1 -1 6 -2 -1 -4 -1 -8 1 -14 -2 2 -5 -4 -2 -3 -1 -1 1 -3 3 0 0 -2 4 -5 -2 -6 -3 -3 4 1 -16 -17 16 4 -11 2 -7 1 2 1 2 0 -6 0 -1 6 2 -2 2 -7 1 -1 -2 -3 -1 -7 -5 6 3 -3 -1 2 4 -3 5 5 0 3 14 2 5 -3 -3 -3 2 -4 0 -2 2 0 3 1 1 -8 -2 -3 -4 4 -4 -1 1 1 1 -4 7 -1 -2 -12 3 7 -3 -3 2 0 -3 -3 0 7 2 -6 -6 2 1 -2 1 -3 -2 -1 -2 -3 1 -11 0 2 -1 1 -2 1 5 0 4 3 0 3 -3 -3 0 8
L 1 47 0 48 -1 -14 -3 1 0 -2 0 2 0 0 0 2 -7 -2 -1 2 -3 10 2 -2 0 -3 -3 -2 -1 -3 11 8 -9 11 5 -2 -4 3 0 4 -1 2 -3 -4 -2 -3 -8 -3 2 -10 -2 6 -4 2 8 -3 2 -7 7 3 -5 -3 0 4 -3 -1 5 0 1 0 2 3 1 -2 0 1 -2 1 -5 -1 7 2 4 5 1 2 -3 -6 0 -1 6 1 -2 2 4 -2 4 0 -22 -3 -1 1 -1 -5 0 1 6 -2 1 -3 4 -6 -2 8 4 -1 1 2 6 0 -1 -5 -2 13 0 -1 -2 -2 -3 1 -1 2 -3 2 -3 -2 1 -6 5 3 -1 -2 -3 0 6 5 -3 -3 -3 -1 -2 -4 0 2 4 8 2 -5 -2 4 0 -3 -1 3 4 0 -2 11 1 7 2 15 2 -7 -1 6 6 3 2 5 7 3 1 -3 -1 1 -1 1 4 -3 -1 -1 4 3 2 -1 -3 0 -4 2 0 17 4 14 0 -1 0 1 0 -3 1 0 4 3 -1 -1 2 -4 -1 0 3 -1 5 -1 -3 1 -2 -2 0 7 7 3 5 8 -12 -5 -2 -3 1 3 9 3 -9 -6 -3 -10 -1 1 5 3 -2 0 -9 -1 0 -3 -1 1 -2 -1 -5 2 14 -19 3 1 3 5 0 1 2 2 -2 3 -1 -8 2 -8 -3 -1 -4 0 -5 4 7 -2 -1 5 7 -2 -2 3 -2 2 -3 -2 -12 2 -8 3 -3 4 -1 9 4 5 1 -1 0 2 -3 -1 2 17 2 -1 -4 2 -4 0 -1 0 3 4 -7 -2 1 -6 -5 -2 -7 -5 8 -3 2 -5 2 -3 -2 -3 3 2 -3 3 -4 -5 -3 -2 3 -3 2 -3 0 -4 4 6 4 -1 -3 -7 0 0 2 -8 -2 1 -10 -1 -1 8 3 0 -1 2 7 -3 4 -2 -1 -1 -2 8 0 1 15 2 0 -2 0 -2 1 -1 1 2 0 20 1 -3 -4 -1 -4 -3 -7 1 -4 -4 -4 -1 -6 -2 1 4 4 2 -1 -1 0 -9 -2 0 0 -7 -9 3 6 1 1 0 -6 6 1 -3 -2 -2 1 -2 -3 -1 -12 3 2 -2 -1 2 5 2 1 -4 -1 -4 -4 -9 -1 0 -7 0 -8 -1 -3 -3 1 0 1 -1 0 -4 3 -1 -2 -2 -1 -2 4 0 -31 10 2 0 -2 9 -6 0 5 -1 -1 0 -13 3 -2 3 0 6 -3 9 2 3 2 -2 3 -12 -3 3 1 -2 -3 -1 4 -4 7 5 -2 4 12 3 4 -1 -1 -1 2 -5 3 4 -3 -2 0 2 1 -18 -1 -1 -3 2 4 -1 1 -2 7 -6 7 -2 -1 -7 12 7 -4 -5 1 -1 -2 -2 1 -1 -2 -6 3 3 0 -4 0 0 0 -1 2 -2 5 -3 -6 0 4 -1 -2 3 3 1 1 4 3 3 -3 -4 3 -8
L 1 48 0 4 -1 8 1 0 5 -4 0 2 -1 2 -3 2 -5 -7 -2 -1 -5 9 4 -5 -5 -4 0 4 -5 5 2 5 -3 7 3 -4 3 5 2 4 0 0 0 3 -3 -3 -5 1 -1 2 -4 -1 2 -1 -2 3 4 -3 -9 -3 2 4 -1 4 -1 -1 1 1 3 3 3 -8 2 4 -3 2 -3 1 -4 -1 -7 0 5 2 -2 -4 0 -5 7 1 -1 1 -4 -5 -6 2 8 1 -10 2 1 0 0 -1 3 2 5 -2 -2 5 -5 4 2 3 2 -4 3 0 -3 -7 -1 -1 -4 17 -2 -3 2 0 -4 1 1 -4 0 1 1 -2 -1 -1 3 -3 -3 -3 -3 0 -1 -7 0 -3 -1 -3 -5 3 2 3 2 -4 -1 2 -2 -1 2 -7 9 -2 1 1 -3 6 -1 3 -2 4 0 3 0 4 -16 2 2 2 4 -1 1 0 3 2 -3 3 0 -7 -4 -1 8 3 0 -4 -1 1 -3 11 0 -9 2 -13 -1 0 1 5 0 -4 -4 -4 3 3 -1 -3 11 -5 0 -2 2 -1 5 -2 1 -1 1 4 4 1 -1 4 4 7 1 -24 2 -2 -2 -5 -4 -3 -12 1 2 -3 5 -2 2 0 -3 2 -8 -6 0 -3 -1 1 4 15 -19 5 -3 -4 5 1 0 3 1 -5 2 2 -2 -1 2 -4 2 2 -3 -9 -10 -1 12 4 -7 -2 0 0 10 2 7 2 -4 0 -7 4 -4 0 -7 3 -1 3 13 -1 -2 -2 0 4 1 1 -1 0 4 14 2 0 -2 -1 -12 -2 -2 -1 -15 4 -2 -1 3 6 -2 4 2 -4 2 2 0 3 2 -1 1 -4 -1 1 -4 2 -5 3 -3 -12 -2 0 8 3 0 0 1 -6 -4 -1 0 -4 2 2 3 1 4 -2 4 2 0 4 -4 -1 3 5 3 0 4 2 2 2 0 2 3 2 10 5 0 4 -1 3 3 0 -1 -3 -3 -6 3 1 1 2 -2 0 8 -7 0 -6 1 1 -5 4 -1 1 4 3 -3 -2 2 4 1 1 6 -3 -1 7 -1 0 7 4 5 -5 -2 2 1 -2 5 0 3 11 -3 0 7 -3 -3 -3 1 -15 -1 -5 -4 -5 1 -11 5 1 -3 -3 -6 0 6 -5 4 -2 -1 -6 -2 0 3 0 0 -9 2 -1 0 1 -8 -19 6 2 -10 1 -1 4 2 4 2 -3 -5 -3 3 2 2 1 3 -8 -1 -1 -3 2 -3 2 -4 3 5 1 3 -4 -4 -3 4 2 -1 2 10 2 3 0 1 -3 4 -4 -3 -4 3 4 4 2 3 -3 -1 -2 -3 3 2 -5 -1 -2 1 0 6 2 1 -9 3 -1 -2 0 1 -6 -6 1 0 16 0 5 -6 3 3 0 0 -2 1 0 -2 -3 3 0 3 0 0 -1 -1 3 4 2 1 2 -3 1 -3 1 0 -8
L 1 49 0 9 -1 7 0 2 -3 4 0 -3 -1 1 -3 2 2 2 4 -5 1 -4 -2 1 1 3 0 0 1 1 -10 -6 10 -6 -6 2 1 -5 -1 -2 -2 -3 1 1 1 3 10 2 -3 7 2 -2 4 0 -3 1 -5 6 0 -3 5 5 -1 -4 5 1 -2 -1 1 -1 -4 -7 -2 -2 1 1 -2 0 4 0 -7 -1 -5 -4 3 -1 0 7 -3 0 -7 0 5 3 -1 1 -1 1 19 2 4 -2 2 5 -1 -3 -4 1 0 0 6 1 0 -10 -8 4 -3 -2 -5 -6 3 3 2 -13 -1 0 0 1 2 -2 1 1 -3 1 3 2 4 4 -9 -1 3 0 4 0 -1 1 1 -1 0 -2 8 0 0 -2 -3 -7 3 1 2 -6 0 5 -3 -3 -4 -2 2 -3 0 -7 -1 -19 -2 5 -1 -7 -9 -2 -2 -5 -5 -4 -2 7 -1 3 2 0 -3 1 2 2 2 -3 -2 4 2 1 2 -5 3 -5 -5 2 0 -4 1 2 3 3 1 3 -7 -1 2 2 -8 2 1 0 -4 2 -1 -2 3 0 2 2 -1 -7 -5 -3 -4 -7 14 24 3 -3 3 1 -6 -5 8 1 3 10 -2 0 -4 -1 2 -2 10 2 3 -1 2 0 -1 -4 8 -1 -2 9 -2 -1 0 -7 -2 -3 -1 -4 2 0 0 6 -1 8 5 2 9 1 6 -5 1 4 -2 -2 -2 1 1 -4 2 -2 5 2 -7 -1 7 -3 4 1 -9 -4 -5 1 0 1 -2 -1 2 0 -3 -24 1 3 2 -1 16 -2 1 -1 7 -5 6 2 -2 3 1 -1 7 4 -6 1 -3 6 0 2 -2 5 -2 -2 2 -2 5 4 3 4 -1 0 -12 0 0 3 -1 -3 -1 -2 3 5 1 -1 -2 5 0 -2 7 2 2 -7 1 2 5 -3 -7 2 -3 0 0 -2 2 -5 1 -4 -17 -4 0 -1 0 2 -5 0 3 -4 -3 -15 -4 4 1 2 4 2 15 6 0 2 3 0 13 3 3 0 -5 -1 2 1 1 6 -1 0 -2 -4 8 1 -6 -1 -4 -3 0 6 0 4 2 3 -1 3 1 1 4 -2 -2 2 1 4 -5 -3 1 4 2 5 2 13 2 -2 5 2 3 3 1 4 1 1 -2 0 -1 4 -3 3 3 5 3 0 -4 -1 19 8 -12 -2 5 -5 7 -2 -4 2 -2 0 11 0 3 -6 -2 0 -2 1 -1 -5 1 3 1 8 2 -6 -3 3 2 -2 -5 5 -5 -7 0 -4 -22 -1 -6 1 2 2 -3 6 -2 1 0 0 -1 -1 0 11 1 3 3 1 -1 1 -1 0 -5 5 -11 1 2 8 -2 -9 3 3 0 2 3 2 1 -4 -2 9 3 -2 1 2 0 2 2 0 0 3 -3 7 2 -3 1 0 3 -2 -3 0 -6 -5 -3 -2 2 3 -3 -8
L 1 50 0 42 1 -4 -3 0 8 -1 -1 -1 -2 -2 -2 4 3 6 0 1 -3 -5 -2 5 3 -2 -2 -8 -2 -5 4 -5 4 2 -8 2 -2 -4 -3 -6 1 3 -1 -3 1 2 0 1 0 6 2 1 2 5 -4 -3 -3 11 -2 -3 1 9 1 -4 -1 -1 -4 1 3 -3 -13 -7 -1 -7 -1 -3 0 -2 -1 0 4 1 -3 2 -1 2 1 5 -2 -1 -2 -4 5 8 4 1 -7 1 1 -1 -3 2 -1 -1 -2 -2 -3 0 5 -4 7 1 -5 -2 -14 1 -1 -2 1 2 0 2 5 -39 1 0 -2 -2 5 -4 1 4 5 0 1 6 4 2 0 -1 4 2 2 -2 1 4 1 3 1 3 0 -4 1 -2 -3 -6 3 1 2 0 -1 2 -3 -5 2 -4 6 13 3 -1 -2 4 1 2 -1 -3 1 -8 1 1 -1 0 -2 9 -5 -4 2 -1 -3 3 3 1 -10 -5 -3 2 5 3 2 -5 -2 1 -4 9 1 -1 -5 -6 3 3 -2 -1 6 2 4 3 -3 -5 -1 2 -1 1 3 -1 4 -1 0 0 -2 -1 -4 -3 -6 -7 8 8 4 -5 -2 2 0 -6 8 6 2 5 -4 0 -5 1 2 0 4 -1 6 -3 4 4 -5 -5 1 -1 18 -2 0 -1 1 -1 0 -1 -3 1 0 -3 -1 -3 -2 -1 2 2 0 -3 8 -2 3 3 -1 -3 -8 -3 2 -5 -2 1 -1 -1 4 1 -4 -2 3 -1 1 -8 2 -1 4 4 -1 -2 2 3 -1 4 2 3 1 -2 14 2 4 4 7 -3 2 0 -1 7 1 0 0 1 -3 -4 2 3 2 0 -3 4 -3 2 1 -3 0 -2 0 0 6 2 -1 -6 0 1 0 4 6 1 -2 4 1 -3 -5 2 1 -2 0 4 3 -5 3 5 3 -1 -9 -6 -8 0 3 10 -1 -2 2 2 7 1 0 -3 3 2 -2 -4 1 1 -2 0 -4 1 1 1 -10 -2 -9 -1 1 3 -1 -3 11 -3 4 -2 -1 -3 1 4 2 6 0 1 -6 0 -3 -1 0 -1 0 -3 3 4 -1 2 -1 4 -4 -3 -3 10 -8 6 -2 -1 1 0 -8 11 1 2 1 2 1 11 -3 0 7 2 -8 1 0 5 -1 1 1 6 0 5 -2 1 2 4 0 -4 0 -1 -4 7 -10 -3 9 2 0 -5 -2 0 -6 5 11 -2 1 -4 -3 2 -3 3 0 5 3 0 -2 6 -1 -1 -6 1 -4 -12 -1 5 -7 -4 -1 1 -19 3 -2 1 -2 2 4 3 0 2 -1 0 1 -5 1 -11 3 -1 2 5 -1 3 5 -3 -8 1 -12 1 2 -7 6 -8 -3 0 0 7 3 1 1 -6 0 -8 -1 -2 1 -2 2 3 1 0 -1 2 -5 2 -2 0 -1 0 -1 -2 -4 -4 8 -10 7 -1 4 -2 -5 8
L 1 51 0 44 1 0 0 -6 4 3 0 -1 0 2 0 4 0 5 2 -9 -1 -5 3 4 2 2 -1 -7 -1 -3 0 -5 6 8 -7 4 1 -4 -2 -5 2 -1 1 2 2 0 10 -6 -3 4 3 1 6 -2 -1 3 -3 -7 8 1 5 7 0 -3 3 3 -4 3 0 -3 -4 -2 -3 -6 -2 -3 0 2 4 -2 -1 3 -1 -1 3 -1 5 6 1 0 -2 0 6 5 3 4 -5 3 9 3 -1 1 5 5 0 -5 -2 3 1 -1 12 -4 -1 -4 -16 1 -3 0 -4 3 -1 2 4 -30 -1 0 -1 1 5 0 2 0 -8 -1 0 2 4 3 -7 -3 2 -2 1 -4 2 3 0 5 7 -4 11 2 0 -3 -5 -5 5 -2 1 -2 2 5 3 -1 0 -3 10 2 0 -3 1 -12 -3 4 0 0 2 2 -4 -1 -2 0 -2 -7 2 10 -1 0 -2 4 5 6 -1 -9 2 2 2 2 3 -6 5 -3 -4 12 -2 5 -4 -4 1 2 1 3 -9 -2 2 3 -10 1 -1 3 -5 -2 1 3 6 -2 1 0 0 -4 -2 -3 -7 -8 4 10 4 -1 2 3 -1 -9 20 6 1 -2 -3 0 -4 -4 3 -3 14 -3 7 0 3 3 -1 -7 3 1 13 7 -2 -3 -1 -5 3 -1 -4 -2 5 2 3 12 -2 -3 -1 6 4 1 7 -1 7 4 -2 4 -14 -2 7 -5 1 -1 3 0 1 1 8 -3 4 0 -9 -5 -5 0 -1 0 0 -3 -1 3 -4 1 2 -2 1 -3 4 2 7 6 11 -3 5 -6 -1 3 2 3 3 4 -6 -3 0 -2 1 2 -3 3 -5 3 2 -3 2 -2 9 3 3 3 0 -3 1 5 -1 3 2 2 -3 2 6 0 -5 3 3 1 6 -2 2 -5 3 1 -1 0 -8 -12 -2 -1 2 -5 -3 -9 -1 -6 -9 2 -2 0 -2 1 -4 -1 4 0 1 3 -4 1 2 -1 3 -1 -15 2 2 2 0 -1 10 -4 12 -1 -4 1 1 4 1 9 2 0 2 -8 -3 1 -3 -4 -1 -4 -10 8 0 -1 1 1 -3 -5 0 -4 -2 8 -3 0 3 3 -4 7 0 5 4 -3 1 9 0 -1 6 -4 11 3 -2 5 1 1 1 4 3 5 -4 -6 0 6 1 4 -3 0 -1 0 -13 -2 -1 -1 4 -2 -3 0 -6 4 18 -7 -3 -4 -4 -1 -5 -1 3 -1 3 -2 5 11 2 -5 -7 3 0 -7 -2 8 -5 3 3 2 -10 3 -4 4 -1 -1 -4 8 -2 -4 1 1 5 -5 1 -10 2 5 3 17 -3 5 3 2 -7 7 -23 -1 2 -4 4 -6 1 -5 0 5 1 4 2 -10 1 4 3 -1 -1 1 1 -1 2 1 0 5 -7 8 -1 -2 0 0 2 -3 -4 0 4 -3 -3 0 6 1 0 8
L 1 52 0 61 -1 -2 -2 1 1 2 0 -2 1 -1 3 -3 5 8 -3 2 0 -5 -2 4 2 -2 -1 -4 1 -1 0 -2 2 -9 -4 1 0 -2 -3 -5 1 3 0 -4 2 1 3 0 2 6 3 0 3 3 -3 -1 0 8 9 1 3 0 2 4 1 -2 0 -1 1 -4 -10 -1 -1 -1 -1 -2 1 -1 2 0 7 1 -4 -1 -1 1 2 4 -1 0 0 -3 2 5 3 1 -10 0 7 0 -2 1 -3 -1 -6 -4 1 1 4 -3 3 -2 -6 -2 -5 3 -2 -1 0 8 -2 -1 2 -16 3 -1 -1 0 4 -4 1 3 2 1 -1 4 3 3 0 2 1 3 2 -3 -1 6 2 5 0 2 -3 -1 1 -2 -6 3 0 4 2 2 -3 1 -5 0 -1 -3 6 -5 1 -5 1 -3 -2 0 2 -2 11 -4 0 1 -2 2 2 6 -1 0 1 -3 -3 3 7 1 -8 -3 -1 0 3 1 3 -3 0 0 -1 5 0 -1 -3 -10 0 3 0 2 8 -1 3 2 -11 0 0 0 -1 -1 -2 1 2 1 3 -3 -2 0 -1 -3 -2 -6 3 4 2 -1 2 1 1 8 8 3 1 6 -4 -1 -3 -2 4 -1 5 0 2 2 4 0 -5 -5 6 -4 6 9 2 -2 1 -1 -2 3 -1 -1 4 -2 0 -1 -2 0 2 5 2 -1 -6 -2 -1 0 -1 -5 -10 -3 -7 -1 -1 -1 -1 -5 4 -1 5 -4 3 -4 -5 -3 2 -3 0 2 2 0 2 1 -2 -13 1 1 3 0 4 5 1 0 7 -2 5 2 1 4 5 1 -2 2 -3 -1 1 0 0 4 0 0 -5 0 1 -3 1 0 1 5 3 -1 3 -3 -2 -1 -1 1 4 0 4 4 2 -1 -5 4 -3 -1 -3 -8 3 -3 4 5 -1 -5 -5 -3 -6 0 2 -2 0 -1 -1 0 0 1 2 -5 2 0 0 0 -1 1 2 7 -3 -1 0 0 5 1 -2 2 -1 3 -2 2 2 -3 -6 -2 -3 -1 2 1 -1 -1 -1 2 -2 6 -4 -7 2 -1 2 -2 8 4 4 -1 2 2 -3 -1 -2 6 -7 5 -4 -2 2 1 -3 7 1 2 2 7 2 10 -3 0 4 2 -7 1 -2 4 -2 1 0 5 2 -1 -1 0 -2 4 -2 2 -1 2 5 9 -9 -1 11 2 2 -2 0 -2 -2 1 12 -3 -2 0 -2 -1 2 6 0 1 4 0 4 6 2 -2 -3 1 -3 0 2 2 -7 -1 1 -2 -3 0 -1 2 0 1 0 3 2 2 1 0 0 -2 -4 -6 2 3 1 -4 -1 2 1 -2 0 2 -13 0 0 0 -1 -1 0 1 -1 4 3 0 -2 -10 1 -15 1 0 0 0 -1 1 -2 1 2 3 -3 6 -5 1 -1 1 -1 -2 -2 -3 4 -6 5 -6 3 2 -1 -8
L 1 53 0 56 -1 -4 -2 5 -7 -2 1 4 -1 0 0 -3 -3 -5 -3 8 -1 3 -2 -2 -3 -7 -1 -2 -1 1 -3 12 -6 -2 5 3 -2 -2 -2 1 3 2 -2 -5 -10 1 -2 2 1 -13 2 0 -3 -2 11 -4 1 5 -2 6 -6 0 -2 -1 -5 -2 7 -1 -4 0 0 4 -3 -2 -2 1 -3 1 -5 -2 7 4 4 4 -3 3 -3 -3 -3 1 3 2 -4 4 2 -2 4 2 -21 -2 1 1 -4 -5 13 3 3 -2 3 -2 -10 -1 0 9 7 -1 3 1 6 -2 0 -4 -2 -3 0 2 -5 -1 3 -3 -5 -3 -6 -2 -1 -2 -1 -5 9 3 -6 -1 -4 1 3 4 -2 2 1 0 -20 -6 3 2 5 9 -2 -3 -1 0 -2 0 -1 4 6 3 -2 -1 -1 3 2 20 5 -5 2 3 -1 6 2 9 3 3 2 -6 3 -8 3 -2 3 -2 -6 0 7 7 -1 5 -3 2 -1 1 1 13 3 9 -1 2 -2 8 -5 -3 4 -4 -1 2 0 -2 -4 -1 -2 1 5 -1 -1 0 -3 1 -4 1 1 5 0 0 4 9 -12 13 -8 1 -2 4 5 1 4 -7 0 -6 -5 2 8 3 -5 2 -14 1 -5 -1 1 0 -1 0 2 2 8 -10 0 3 -3 0 -1 2 -2 1 -2 -5 -1 -12 2 -5 -2 3 0 -4 -7 2 1 -2 1 4 6 5 -4 1 0 4 2 -3 -15 3 -4 1 -7 6 6 13 4 1 4 -6 2 5 -2 -2 -2 20 -3 1 0 4 -5 2 1 1 6 4 -5 0 0 -2 -7 -1 -5 -1 6 1 3 -4 0 -5 1 -5 7 0 -1 6 -4 -5 -6 5 1 -3 5 0 1 0 2 5 8 -1 -3 -5 0 -3 -1 -5 -1 1 -5 6 1 4 3 -1 -3 -2 0 -1 -3 0 0 1 0 7 1 2 17 1 1 -2 0 -6 -1 -2 -2 4 3 7 0 -2 1 -2 -8 -3 5 1 -3 1 0 4 -6 9 2 -2 5 3 -1 -5 -2 -8 -2 1 6 -8 -10 -3 7 0 -11 2 -9 2 3 -4 -1 -3 6 -2 -4 5 0 -3 2 0 -1 4 3 3 -2 4 0 -3 1 -12 0 4 -2 -1 -7 -2 0 -2 2 -1 4 2 1 0 0 -1 0 1 -1 -4 3 -1 -16 14 7 -1 1 4 -5 -1 0 1 -3 3 -12 5 -4 0 1 4 -5 2 1 0 0 -2 -6 -8 0 7 4 -5 -2 1 5 -6 5 0 5 4 9 1 1 0 0 -1 3 -5 2 1 2 -4 -2 0 3 -3 1 -4 -4 -3 2 -2 3 5 6 -7 20 0 2 7 5 1 -1 -1 1 -7 -2 2 -3 2 -3 -5 10 2 -3 0 2 -1 -1 2 0 -3 7 3 4 4 -2 -2 -4 -1 1 -1 5 4 6 5 -1 -4 0 -8
L 1 54 0 51 -1 -8 -1 -9 2 4 0 0 2 -2 2 -1 4 8 -1 1 0 -10 -1 5 2 -3 0 -8 1 -5 4 -6 2 -4 -3 2 -4 -2 -2 -3 4 1 0 0 1 2 5 -2 -2 2 2 0 -1 3 7 2 -2 12 -2 0 0 0 3 -2 -2 0 -4 0 0 -3 -9 1 0 -2 -1 -2 5 0 5 0 7 2 -3 -2 0 4 3 2 -1 0 1 -3 4 1 6 4 -7 -1 7 0 -3 2 -1 0 -5 -4 -2 2 0 -5 5 -1 -3 -1 -6 3 -2 -1 0 10 -2 1 3 -20 1 0 3 1 5 -4 1 1 -2 -2 0 4 3 2 7 -1 2 3 2 -2 0 2 3 5 0 2 -1 -3 -1 -2 -5 2 1 2 3 2 -1 2 -5 1 -1 0 8 -1 4 -3 -2 -7 -3 1 1 -7 12 -3 -1 -1 -1 1 -1 -6 -2 1 1 -1 -4 5 5 6 -12 -5 -1 1 0 2 2 -4 1 -7 0 4 -1 2 -3 -8 0 2 -2 5 -1 -3 2 2 -12 0 0 0 0 -1 -7 1 3 -1 1 -3 -1 4 -1 -4 -2 -4 1 16 3 0 0 2 1 2 16 -1 0 -1 -2 0 -2 -1 3 -1 8 -1 5 1 3 2 -5 -3 10 -3 8 8 -2 -2 0 -2 0 3 -4 1 1 -1 1 5 -4 2 0 9 2 -2 -6 -4 2 0 1 2 -12 -7 1 0 1 1 3 -2 9 0 4 -3 7 -5 -4 -5 0 -2 0 0 1 -6 2 0 0 -6 1 -1 1 2 3 3 4 1 3 -2 4 0 0 -1 5 6 -4 3 -3 -4 1 -4 0 2 0 1 2 -1 1 -4 1 0 1 3 4 2 5 -3 -2 0 -1 2 2 3 2 2 0 -2 0 3 -2 -1 2 3 2 -4 2 1 -1 -6 0 -2 -4 0 3 3 0 -3 -2 -1 -3 2 1 -4 2 -1 -1 -1 0 2 2 8 -1 0 -1 -1 5 3 -10 -6 2 3 1 3 7 -5 -3 -1 -4 1 1 2 0 2 0 2 -1 3 -3 -3 -1 -1 -2 -4 -2 10 3 -1 0 1 -4 -2 -1 -1 -5 0 -3 0 3 -2 -2 9 0 2 2 1 -2 10 -3 1 5 1 2 0 -5 4 -2 1 1 7 3 1 -2 -2 -1 5 -1 3 3 2 4 1 -8 -1 2 1 1 -1 0 -4 -2 5 8 -4 -3 1 0 -3 0 10 1 10 4 0 4 6 1 -2 -6 1 -2 -8 1 3 -5 2 -1 0 -4 1 0 3 -1 1 -2 5 2 1 -4 0 -2 -3 -3 -12 1 3 0 3 -1 3 4 2 -1 3 -10 -1 -2 -5 -6 3 1 -2 -2 6 1 -2 -2 -8 3 -6 1 -1 1 1 -4 3 3 1 2 3 -3 4 -4 1 -4 0 1 -2 -5 -2 4 -2 4 -3 5 2 -2 -8
L 1 55 0 45 1 -4 0 -1 1 -4 -1 4 0 -1 -1 2 -6 -3 0 1 -1 4 2 -1 0 -2 2 -2 -2 -3 6 5 -4 8 3 1 -2 2 0 3 0 -1 0 1 -2 -1 -5 -4 0 -7 -2 1 -4 -3 8 3 1 -10 1 4 -5 3 -1 -4 -3 1 0 3 -2 2 3 4 -1 -1 0 -1 -2 1 -3 -2 2 3 5 3 0 0 -2 -5 1 0 3 3 -3 0 2 -1 7 0 -13 -1 0 2 0 -2 8 2 0 -1 0 2 -3 2 2 5 1 -3 2 3 3 0 1 -1 -1 -7 -1 0 0 0 -1 2 -2 -2 -8 -3 0 -4 -2 -4 1 -1 -3 -3 -3 1 2 -3 -3 0 3 0 -3 -3 2 2 4 0 1 -5 -3 1 3 -2 5 2 4 4 -1 8 0 6 0 13 3 -2 -1 4 -4 5 0 4 3 2 -1 -12 0 -2 -1 1 4 -1 -5 -1 8 0 0 2 -3 -1 -3 2 1 6 2 5 -1 5 -1 9 -2 -3 2 -1 -6 1 -1 -1 4 -2 -1 2 2 -1 0 1 -1 -1 -3 1 2 2 2 1 0 5 -11 -3 -2 0 -4 1 4 -7 1 -3 -2 -7 2 0 4 1 -4 1 -5 -3 -1 -1 -2 3 3 5 -5 4 11 -11 1 2 -3 2 4 -1 -3 3 -2 1 0 -1 2 -7 -4 -2 -4 0 4 3 4 1 1 6 5 1 4 1 1 2 1 3 -3 3 -7 4 -4 2 7 7 0 2 1 -2 -1 0 -2 0 1 28 0 -2 -2 0 -10 -1 2 3 -2 2 -4 -5 0 0 -5 1 -3 -1 3 -1 1 -4 1 -4 0 -2 4 3 -2 4 -3 -4 0 -1 0 3 2 -3 1 0 2 3 3 2 -5 -5 1 0 1 -6 1 3 -2 4 -2 6 0 -5 -4 5 5 -4 5 -1 1 0 -2 1 -1 0 11 1 -1 5 -4 -2 1 -1 1 2 0 2 3 0 1 -1 -5 -4 -12 -1 1 -2 -1 -1 -6 2 9 1 5 2 -2 0 0 1 2 -1 5 -9 -7 3 3 -1 -3 0 -12 -1 -2 -2 -3 -3 1 -3 -1 -3 0 -1 2 0 0 1 4 0 -1 -1 0 -10 -1 -12 1 1 -4 -3 5 -2 0 -1 3 -2 1 1 2 1 2 -4 0 -3 -1 -4 1 -1 -17 -6 9 2 -9 2 -5 1 0 2 -2 2 -6 1 -3 1 1 0 -3 -4 4 -2 -1 -3 -2 -7 -4 4 0 -2 0 -1 1 -2 6 4 0 4 6 1 2 -1 -1 -1 0 -2 -1 -4 0 -1 3 0 3 -6 -1 -2 -2 9 -1 -1 3 4 1 -4 8 -1 0 -4 6 3 -1 -3 1 -1 -3 -1 2 5 -1 6 1 2 0 0 1 -2 1 -1 0 -2 2 -4 4 0 0 -2 0 2 3 0 2 4 -1 7 -2 -4 1 8
L 1 56 0 34 1 9 0 7 4 -1 0 -5 0 0 -1 7 2 4 -2 -14 2 3 1 2 1 3 -1 -3 2 -2 -3 0 5 -2 -6 1 0 -2 -3 -7 -2 -1 1 -5 3 0 10 -5 0 11 5 3 7 3 -6 2 -1 -12 23 1 1 8 1 3 4 0 -2 1 3 -6 -10 -2 -3 -1 -2 -2 -4 1 4 0 -1 2 -4 -3 0 -2 1 7 -2 -2 -4 -4 4 5 6 0 -8 4 11 2 0 0 4 3 0 -1 0 3 4 -3 10 -4 -8 -8 -15 3 -3 -1 -5 -1 -2 1 2 -25 1 -2 -3 -2 2 -2 1 2 2 3 -1 0 8 2 -13 1 2 -3 4 -4 -2 5 -1 5 4 0 7 2 2 0 -4 -5 4 0 0 0 0 5 1 1 -2 -8 9 0 -2 -3 0 -12 -3 2 1 1 -3 -2 2 0 -4 2 0 2 -1 5 -3 -1 -2 6 7 1 0 -7 4 1 3 2 3 -2 6 3 -3 11 -2 1 -5 -5 3 3 3 -1 1 1 4 3 -13 -2 -1 1 0 -3 5 -1 2 1 0 0 -1 -9 -4 -4 -6 -13 6 -10 2 -2 5 -1 -2 1 12 5 2 9 -4 -1 -7 -6 4 -5 11 -5 4 1 2 1 0 -5 4 -3 17 11 1 -3 -1 0 0 -1 -3 -2 4 -1 2 3 -1 -4 2 -4 2 5 9 -1 6 3 -2 -5 -9 -1 0 -3 0 -1 0 -2 -2 0 8 -6 3 -1 -8 -3 -3 -1 -1 6 1 -1 0 2 -6 -11 4 4 3 -2 7 4 2 2 11 -6 5 -1 2 7 0 -3 5 3 -6 -1 0 1 3 4 -5 3 -15 2 1 -3 0 -2 6 5 -1 4 -3 -7 -1 2 -2 1 4 -1 1 7 5 2 -10 5 0 1 3 -14 3 0 5 3 0 1 -10 -10 -2 -3 5 -5 -2 -4 -2 -1 -5 -1 -3 2 -3 1 -3 1 1 -1 -4 1 -3 -1 3 -1 4 2 -5 6 1 1 -3 -2 1 -4 8 0 -5 -2 1 5 -2 9 0 1 3 -5 -2 -2 0 -5 5 -1 4 2 1 3 5 0 0 -3 0 6 -7 9 -5 2 -2 4 -5 5 1 5 5 2 3 10 -2 -1 4 -2 -1 2 2 6 2 -2 0 5 4 2 -4 -4 0 4 2 1 -7 2 1 10 -16 0 10 -1 5 -4 -4 4 -4 0 20 0 -1 -8 -6 -1 -3 -2 3 -13 2 -2 5 6 0 -5 -4 2 -3 6 -1 4 -10 -1 1 1 -22 -3 -7 3 1 0 -3 6 0 -3 3 1 7 -3 -2 -3 4 3 1 5 0 2 0 -3 -6 3 -26 1 3 2 10 -5 -2 -1 0 8 1 4 2 -12 -1 -3 0 1 0 0 2 -4 -3 0 0 2 -7 6 -3 -3 5 0 3 -1 0 -4 1 -9 2 -3 2 1 0 8
L 1 57 0 39 1 -10 -1 1 2 -4 2 4 0 -3 0 -2 -4 -3 -4 5 -4 2 2 -1 -1 -4 2 0 -4 0 9 9 -5 -4 4 2 -3 2 -1 5 1 2 0 -1 -4 -2 -10 -3 2 -3 -1 1 -1 -3 14 2 1 -3 8 2 -5 3 0 -5 -7 0 -2 1 -1 2 3 4 1 -1 0 -2 -3 1 -2 -3 6 3 4 1 -1 0 -1 -7 -1 -1 4 2 -5 0 2 1 4 -1 -9 1 0 1 -3 -5 1 2 7 -3 0 3 -4 4 -2 7 3 -4 2 3 3 7 1 -4 -4 -9 0 -1 -1 -1 2 1 -3 -2 -7 -2 0 -3 -2 -1 0 1 -6 -1 -6 -1 -1 -2 -2 1 3 -1 -6 -4 4 5 3 -5 -2 -1 -1 5 1 -4 4 1 2 3 0 8 -1 5 0 14 1 -4 1 4 -2 6 1 6 4 1 0 -6 -1 4 -2 -1 3 -3 -4 -2 8 2 -2 3 -1 -1 -3 3 2 4 4 12 1 4 0 11 -1 -2 2 1 -4 1 1 1 2 -2 2 2 3 -3 -5 -1 -4 0 -1 -1 2 6 1 0 5 10 -12 0 -2 1 -2 3 2 1 -11 -3 -2 -4 2 0 5 0 -4 2 -9 -3 -3 0 1 1 0 10 -15 4 7 -10 0 2 -1 4 2 -2 -4 1 1 -1 -1 -4 2 -7 -5 -6 -8 -1 3 4 1 -1 -2 8 8 4 -4 4 0 3 -1 -2 -10 3 -9 3 -2 -2 3 9 1 2 1 -2 1 5 -2 -2 2 23 3 1 0 3 -15 -1 -1 2 -5 2 -3 -3 1 3 -4 7 -5 -1 5 3 1 -5 1 -3 1 -3 2 3 -4 4 -4 -3 -2 -3 1 1 7 -2 0 -5 3 3 5 -1 -2 -3 1 0 -2 -5 1 0 -6 0 2 5 1 0 -3 0 8 -8 4 1 1 -8 -2 3 0 0 6 3 -1 3 -4 0 3 1 0 1 1 5 3 -2 -1 1 3 -1 -6 5 -2 -2 -1 2 -8 7 3 2 9 3 -1 -1 -1 -6 0 3 6 -2 -4 3 5 -3 -3 0 -2 -1 1 -2 -1 -1 5 -5 -2 -1 -8 -2 1 -3 -2 3 8 -10 -2 -3 1 -1 1 -12 2 1 -2 1 -7 -2 0 0 5 -1 1 0 -2 -1 4 -3 -4 -3 0 -3 4 0 -18 -16 8 1 -10 4 -5 3 2 3 1 -1 -5 -1 -2 6 1 1 -1 -2 -1 -5 0 -3 0 -9 -7 4 2 -1 0 -1 3 -3 5 5 -2 2 12 3 2 -3 -2 -4 -1 1 0 -3 3 1 2 0 2 -12 -2 -1 -5 5 -3 -2 2 3 5 -4 1 -2 -1 -7 6 5 1 -2 2 -4 -4 -3 -2 9 2 -2 -1 2 3 -1 0 -2 -1 1 -1 -2 3 -7 7 1 -2 -2 -1 2 6 2 -1 3 1 3 -4 -2 0 8
L 1 58 0 18 1 14 1 7 4 3 1 -5 1 5 0 4 5 0 1 -15 5 5 1 -3 0 4 0 3 7 4 -8 -2 3 -2 -3 -3 2 -2 1 -4 -1 -5 0 -2 1 1 15 2 -2 7 2 1 8 4 -14 -2 -1 -5 7 -2 5 -2 -1 9 7 0 2 -2 4 -4 -6 -4 0 2 1 3 -1 -1 4 0 -7 -2 -5 -3 1 -3 1 9 -1 0 -7 -3 4 1 0 0 -6 4 7 1 2 -3 4 3 -1 2 0 3 -1 -1 9 -8 -3 -11 -7 6 -4 -3 -6 -11 -2 2 0 12 0 -1 0 1 -3 -3 2 1 12 5 -1 -1 6 4 -8 0 5 0 6 0 0 5 1 -1 -4 -1 10 6 -2 -2 -4 -1 2 2 4 -5 1 5 -2 1 -3 -8 2 -14 -3 -4 -1 -22 -4 2 2 -2 -6 -3 3 -6 -4 0 1 4 1 8 -2 1 -3 1 7 1 -3 -2 3 -1 3 1 2 -1 4 -4 -1 1 -2 -6 -2 -8 4 3 -1 -2 5 0 2 2 -10 2 -2 -3 -1 0 6 -3 1 4 1 2 -3 -9 -3 0 -3 -10 11 -9 2 -4 7 -3 -4 5 5 1 2 8 -4 -1 -6 -4 3 -4 9 -1 2 0 1 -2 2 -8 9 -3 -6 15 3 -1 1 -2 -3 -1 2 -4 3 -2 3 4 -1 6 4 -1 8 5 2 -3 0 2 1 -6 -10 -2 4 0 -1 -2 0 -1 -5 -3 13 -6 3 2 -11 -5 -4 0 -3 5 1 -4 3 1 -4 -34 1 4 1 -1 16 2 -1 -3 9 -6 6 4 3 -2 1 -5 7 2 -4 -1 -3 4 2 4 -4 4 -8 -3 4 -4 4 2 2 2 -4 1 -5 0 -1 3 -3 -5 -2 -4 4 7 3 4 -4 7 -1 1 4 -9 3 -2 1 3 6 -2 -6 6 -2 -3 2 2 0 3 0 -1 -11 -3 -2 -1 1 2 -4 3 0 -4 -3 -1 -4 1 4 2 7 4 14 -1 -1 1 0 0 7 -3 -2 0 -11 -1 1 2 -3 3 -3 2 1 1 5 -3 -4 -1 11 2 6 -1 3 6 5 1 3 5 1 -1 -2 2 -4 3 0 1 -6 3 3 2 2 3 -1 12 0 -1 3 0 2 2 -1 -1 0 0 -2 1 0 -1 -3 0 1 6 4 5 -9 2 10 18 -21 -1 14 -4 6 -3 -3 -1 0 -2 7 4 1 -10 -4 2 0 6 1 -5 -1 3 4 6 4 -3 -1 3 0 7 -3 1 -8 -6 2 -2 -19 -5 -7 3 3 4 -2 3 1 0 -1 3 2 3 -4 8 3 1 2 -8 4 1 -5 -4 -3 5 -13 3 4 11 4 -4 -2 1 -2 4 0 2 2 -10 -4 7 3 1 1 1 0 1 -1 0 0 1 -5 9 -8 -3 7 1 4 0 -2 -2 -4 -4 1 -4 0 3 1 8
L 1 59 0 16 1 13 3 0 2 4 1 -2 1 3 1 -4 8 3 0 0 4 -10 -1 1 0 2 2 1 3 5 -10 -5 6 -11 -3 2 4 -3 1 -4 2 -2 2 3 0 4 10 5 -1 5 1 -6 3 0 -9 0 0 13 -12 -1 5 -3 1 1 3 0 -4 -1 -2 -2 -5 -1 -1 3 1 1 4 -1 4 0 -3 -2 -5 -4 -2 0 2 7 0 1 -5 -1 2 -2 -4 3 -4 0 11 2 1 -1 -1 4 1 -1 -4 2 -1 2 -4 1 2 -7 -1 4 -1 -2 -4 0 -1 5 2 -1 0 1 3 3 2 -3 1 -2 8 -1 2 3 -1 5 1 -3 2 3 4 1 -4 -2 2 2 0 2 -2 4 0 -2 -5 0 -3 6 3 -5 -1 4 -2 0 -2 -1 1 -21 0 -6 0 -13 -2 5 2 -7 0 -3 -1 -5 -5 -1 0 -1 1 0 1 -1 -4 3 3 2 -8 1 -1 -1 2 0 4 -2 -1 -15 -1 -14 -1 -1 -1 -6 0 2 -2 1 1 -4 1 1 -5 6 0 -1 -2 3 -6 1 3 1 3 0 -1 -7 -5 -1 -3 -5 10 5 1 2 0 -3 -7 2 13 3 2 6 -1 -1 -2 -2 2 0 6 2 0 3 1 -1 1 -3 11 -2 -18 22 -1 0 -2 -5 -1 2 0 -3 2 -4 2 5 -3 10 2 6 6 -1 -4 -5 -8 1 2 -5 -10 -2 3 -2 1 -2 3 0 10 -4 9 -3 3 -3 -1 -8 -2 -4 -1 0 1 -4 4 -1 -3 -23 -3 0 3 0 5 1 1 -2 0 -4 7 5 1 2 6 2 4 4 -6 1 -2 3 0 3 3 2 0 -3 4 -3 4 4 1 3 -3 1 2 6 -1 5 -3 -5 -4 0 3 4 0 0 0 8 0 -1 8 2 1 -8 -2 1 1 -5 -5 9 -5 1 1 4 2 -1 1 0 -11 -2 -1 -3 3 -1 -3 1 -2 -1 3 -11 -2 2 4 2 3 4 11 -5 3 4 4 3 8 2 -5 -5 -7 -2 1 -1 -1 3 0 1 0 9 5 -6 -5 1 3 2 4 -7 3 2 2 1 0 4 1 0 11 -5 -2 2 2 -3 -6 3 0 4 -1 3 2 11 0 0 7 1 8 -1 0 0 -3 2 -1 2 0 2 -1 1 1 4 2 3 -3 2 27 1 -6 -1 7 -7 5 -1 -3 -4 0 0 8 -1 0 -3 0 -5 2 0 -2 3 0 3 -1 10 5 -1 0 2 2 1 -3 1 -7 -5 3 -5 -2 -3 -3 2 1 3 -1 3 -2 -1 1 2 -2 -1 -4 15 2 -1 3 -8 -1 1 -2 1 -3 5 -1 2 2 11 -13 -5 4 4 -3 0 1 1 -2 -3 0 3 2 -2 0 5 -1 3 1 2 -1 2 -3 7 2 1 -4 1 2 -3 -4 -2 1 -1 0 -4 3 4 -3 8
L 1 60 0 12 -1 1 -1 5 -5 -4 0 1 -1 -4 -2 -1 -2 -5 -1 8 -1 5 -2 -3 -1 0 1 8 -2 1 0 2 -3 -8 5 -4 -2 5 2 4 -4 2 0 -1 1 -1 -12 3 3 2 -2 0 -4 0 3 0 1 2 -4 -2 -5 -2 0 -1 -3 -2 2 -2 1 4 7 -1 4 5 2 1 -3 -1 -3 3 -3 -3 1 -1 -3 -1 -5 -8 0 -1 2 1 -6 -6 -3 -4 4 -3 3 -2 1 -2 -3 -3 0 5 1 -3 0 2 -11 9 1 3 13 -4 3 1 2 -3 2 -2 -3 18 0 0 -1 -3 -4 1 -2 0 5 1 1 -2 -4 -2 0 2 -3 0 -2 3 -4 -6 0 -3 -4 2 -7 -2 0 3 5 -2 -5 0 -3 2 -2 -6 0 -1 -2 3 -9 7 -2 2 -2 10 4 -1 -2 1 -8 -2 4 1 1 -2 1 12 -3 -10 0 0 3 -4 -7 -8 5 7 -2 -2 -1 -2 -4 5 -5 2 0 -12 2 -2 5 8 0 -1 -1 -4 3 3 -1 -4 15 -4 3 0 4 1 0 -1 -6 0 -2 1 2 3 1 1 5 6 -1 -9 -4 2 -3 -4 -2 4 -24 -3 -2 6 5 1 1 3 -2 2 -9 1 -6 0 -4 -3 2 11 -9 0 -8 -10 0 3 0 6 -1 -1 2 3 -6 -1 -4 -10 2 1 1 -10 -7 0 1 2 -7 -3 0 -4 18 6 -8 4 -1 0 -4 2 1 0 -10 3 -4 -1 11 4 3 -1 0 3 -2 6 0 -1 4 6 -1 2 0 2 -5 -5 -6 -2 -15 4 -5 3 0 1 -3 -2 0 -3 5 4 0 4 -3 -2 2 -2 2 -2 -3 3 -2 2 -6 -4 -3 -2 -5 1 0 -5 0 -4 -2 0 3 0 -7 0 2 -3 0 0 -3 2 -3 4 -4 -1 0 4 4 6 3 3 -1 2 3 2 0 6 5 -2 2 6 -1 1 5 1 -3 -1 -4 -12 4 1 -3 0 -4 1 11 3 0 -3 1 -1 -11 5 -7 1 7 -1 0 -2 1 -3 0 -1 -1 5 8 2 3 2 -3 3 12 -7 -4 2 -1 1 3 3 3 5 3 -6 4 0 -4 -2 4 -13 -2 -4 -2 4 1 -10 0 1 -6 3 -9 -1 6 -3 2 -3 -1 -5 -4 -2 2 6 1 -9 -2 -5 3 -1 4 -11 17 2 -4 -1 -2 3 2 4 6 -5 -12 5 6 4 3 -1 5 -8 -4 -5 -4 1 -6 -8 -5 3 6 -4 0 6 0 -5 4 -3 -5 -1 -4 -2 2 -5 1 0 3 -6 0 1 1 -2 -3 4 1 13 -2 -4 -3 -11 1 -5 -2 -3 3 -5 17 1 -2 -1 -3 3 -1 5 2 -4 0 -3 0 14 1 -2 -8 0 2 -2 0 -2 -3 -2 0 -5 5 -12 7 0 0 0 -2 2 5 0 -5 1 1 1 -5 -1 -1 -8
L 1 61 0 1 -1 -1 -1 -1 2 1 -1 -5 -2 3 -1 6 1 2 4 -8 1 1 0 1 3 6 -2 1 2 0 -2 -9 6 7 -6 0 0 -2 1 -2 -3 -2 0 1 4 0 7 0 -1 7 -1 0 6 3 -5 -1 -3 -5 7 -6 7 5 -1 -1 6 1 -3 1 4 0 -2 -5 2 -2 2 0 -3 -1 3 1 -5 -4 -2 -1 3 -2 1 4 -2 2 -5 -3 5 1 2 1 -4 1 15 0 1 -1 4 4 -7 -2 -2 2 -2 -2 16 -5 -1 -7 -10 2 -3 -1 -4 -6 2 2 2 1 -1 1 0 -1 -1 1 3 3 1 4 2 3 4 4 -8 -1 7 0 3 -1 1 3 2 -2 -2 -2 22 4 -4 -4 -1 -8 5 -1 1 -2 0 3 -1 -4 -5 -5 1 7 1 -2 -2 -21 -5 3 -4 -3 0 -3 -2 -8 -4 -4 -3 8 -1 9 0 1 -3 1 5 2 0 -5 2 -2 3 1 2 -2 0 0 -4 9 1 -5 1 -1 3 3 -3 2 -7 2 1 2 -1 2 1 -1 -4 1 2 -2 2 1 1 2 -3 -6 -2 1 -3 -5 10 7 4 -1 4 -1 -2 -3 -3 2 2 8 0 0 -5 -1 5 -3 12 2 5 -1 0 0 -1 -7 2 -1 1 2 -3 -3 4 -3 -2 -3 0 -2 1 2 -1 11 -2 3 4 1 6 5 7 -2 5 2 -2 -5 -4 1 2 -5 0 -3 1 0 -6 -2 2 -4 3 0 -16 -9 -4 1 0 3 -3 -2 0 2 -1 -24 2 2 0 -2 19 -3 0 0 3 -4 4 0 -1 -1 2 -5 6 1 -6 0 -4 5 1 3 -4 8 -5 -2 2 -3 5 2 3 -3 -1 0 -13 0 0 1 -1 -2 -1 -1 1 6 -1 0 0 3 1 -1 3 -2 1 -7 -1 2 8 0 -2 -1 3 0 -1 -3 2 -3 1 -4 -16 -3 -1 -2 1 6 -3 0 2 -3 -1 -2 -4 3 -1 1 2 2 6 4 0 0 0 -3 11 -7 3 2 -6 -3 2 3 1 0 -1 0 -4 -2 8 5 -7 -1 6 -3 4 9 -3 5 1 3 -4 2 1 -5 -4 3 -2 1 -1 3 -4 -2 4 0 2 2 0 13 -1 -5 3 1 1 3 -1 2 0 -1 -3 -3 -2 2 -2 1 1 3 2 3 -2 -2 4 4 -15 0 5 -4 5 -3 -1 0 -1 -1 13 1 4 -3 -2 0 -2 3 -1 -1 1 3 6 4 0 -5 -4 4 1 -2 -4 5 -3 -7 -2 -3 -20 1 -4 0 -2 1 -1 5 -1 1 -2 1 0 0 1 0 1 2 3 5 -1 2 -2 -6 -5 6 -22 1 1 -2 5 -7 0 0 1 6 3 0 3 -6 1 7 -2 -1 2 -2 -2 2 0 -2 -2 3 -4 1 -5 -3 3 1 5 0 -2 1 -8 -3 -2 -1 0 2 -3 -8
L 1 62 0 28 1 6 2 -6 4 7 0 -1 0 7 1 2 4 1 5 -10 2 -3 3 0 1 2 -1 0 3 3 -5 -7 5 7 -4 1 3 -4 2 -2 4 -5 0 4 0 1 15 1 -4 0 0 -2 5 0 -9 0 -1 0 -7 -2 9 -3 -1 2 6 2 0 0 0 -1 0 -3 -1 -2 0 2 4 0 4 -1 -6 -2 -2 -1 3 -1 5 9 1 2 -6 0 5 1 -3 4 -2 3 5 2 2 -2 4 6 -2 -3 -2 3 -5 1 11 -8 3 -7 -8 4 -4 -2 -4 -6 -1 4 3 8 -2 0 2 4 0 0 3 -1 2 1 1 2 2 5 -2 -4 5 1 4 0 4 4 2 -2 -1 -4 15 6 -3 -4 -4 -1 4 1 5 -7 2 5 0 -2 -1 -3 3 -12 -1 -4 1 -22 -5 5 1 -3 -1 0 -3 -7 -2 -2 0 -4 5 13 1 2 -4 0 5 7 -4 -5 1 0 1 1 3 -4 3 -9 -1 1 -2 -2 0 -7 1 1 -2 2 -5 -3 -1 3 -8 5 -3 -2 -6 2 1 0 6 1 3 1 -2 -5 -2 2 -4 -4 9 10 5 -3 5 1 -3 -5 13 2 2 -3 -2 0 -3 -2 2 -2 11 1 5 -1 2 0 0 -10 8 1 -11 11 1 -1 1 -7 -1 -1 1 -5 4 1 4 14 -2 7 1 9 10 2 2 -3 3 3 1 3 -14 -3 11 -3 0 -2 4 0 -2 -2 12 -4 4 3 -13 -8 -6 0 -3 -2 0 -7 1 2 -3 -21 -1 -1 -1 -3 13 0 4 0 9 -3 6 -1 0 -4 3 1 6 3 -5 -3 -3 0 1 2 -1 4 1 -2 5 -5 5 2 5 0 0 0 -1 4 1 6 -1 -2 -3 -1 0 2 4 2 2 5 2 0 7 1 2 -7 -1 0 4 -3 -3 3 -2 -1 0 0 0 -2 1 -5 -16 0 -1 -3 3 2 -6 1 3 -3 3 1 -4 2 3 2 6 1 5 -4 1 2 3 2 16 -4 3 0 -10 2 1 1 0 3 -1 1 0 -2 3 0 -7 0 6 -1 -7 4 2 2 2 1 -1 3 0 -9 3 1 -2 1 4 0 -5 6 3 2 0 -2 -3 12 2 -2 5 -2 13 2 -5 -1 -2 2 -1 -1 -1 2 -3 -2 1 8 3 8 -5 0 9 8 -18 -2 2 -4 5 0 -3 -4 -2 2 5 -3 -2 -6 -2 2 -3 8 2 6 1 2 5 10 7 -3 -4 5 3 -5 -3 5 -3 -1 4 -2 -6 0 -2 4 1 3 -3 5 -1 0 -2 3 0 0 -1 2 0 3 4 5 1 4 -2 2 -5 8 -10 1 3 5 -1 -4 2 -3 -2 2 1 2 1 -8 -2 14 6 -1 -1 3 -1 4 4 2 0 3 -4 10 -6 -2 1 0 4 -2 -6 2 -1 2 -4 -1 3 3 1 8
L 1 63 0 17 1 6 2 1 -5 0 1 2 1 -1 0 -5 -1 -5 -2 6 0 0 1 -4 -3 -3 2 6 -1 5 -4 6 -4 -6 7 -2 3 2 1 3 1 0 1 2 -4 0 -5 4 -1 -5 0 -2 -5 -4 0 0 2 7 -16 2 -5 -7 0 1 -3 0 2 -3 -3 2 8 2 1 4 -1 3 3 1 -2 1 -3 0 2 -1 -2 0 -2 -3 3 -1 1 2 -5 -6 -6 -1 7 -1 -9 1 1 -2 -2 -1 5 4 1 -2 -1 3 -15 4 5 5 13 -2 4 -1 1 -2 -1 -1 -4 21 0 0 1 1 -1 0 -1 -4 4 -1 -1 -2 -5 -3 6 0 -5 0 -3 2 -1 -7 -1 -2 -1 0 -15 1 1 3 3 5 -5 2 1 -1 0 -3 1 3 3 4 -6 -11 -2 1 1 12 5 0 3 1 -8 2 2 3 3 1 2 -3 2 -7 0 0 2 -3 -7 -3 0 7 -2 1 -3 0 -3 4 -1 -6 4 -18 0 2 3 2 -1 -3 0 -3 4 -1 -3 -3 7 1 0 -2 2 1 0 0 -3 -1 -1 0 3 3 1 1 5 7 -2 -7 -4 2 -3 -1 -3 1 -6 -3 -2 -7 1 0 5 2 -4 3 -12 1 -6 0 -2 -2 3 8 -3 1 -18 0 0 3 -3 2 0 1 3 0 -3 -2 0 -9 1 3 -2 -3 -3 -4 -6 1 -9 -3 2 4 8 1 2 5 0 2 -2 1 4 0 0 5 -1 2 15 5 3 0 -1 -3 1 2 1 -3 2 9 -3 -1 -1 2 -13 -1 -3 -2 -8 4 -4 3 0 -2 -3 3 -1 -1 5 2 1 0 -2 -3 3 -6 6 -1 -2 2 -3 2 -4 -1 -2 -2 7 6 0 0 1 -2 -7 -1 0 -4 -2 1 4 -1 1 0 1 6 -2 4 -3 -2 -2 0 1 8 -2 1 -1 4 0 3 1 3 6 1 1 3 1 -5 2 1 -3 0 0 -7 3 -2 1 0 -2 0 8 -5 -1 -1 4 3 -7 8 -5 -1 4 2 -1 -3 1 0 0 -1 2 6 2 -1 3 4 -5 4 0 -13 2 -2 0 -1 4 2 2 1 11 -7 4 0 0 -6 4 -5 -3 -1 -4 1 -1 -12 2 3 -3 0 2 -1 4 -5 -1 1 1 -3 -2 -1 1 3 1 -5 0 -1 1 0 8 -7 17 0 -5 1 -2 3 1 0 4 -2 -18 1 0 3 4 1 3 -5 -3 2 -3 0 -8 -3 1 4 6 -3 1 3 1 -5 4 3 1 0 17 -2 3 -1 3 -1 1 -5 0 1 1 -1 -3 3 1 12 -2 -3 -2 -10 3 -4 -2 4 5 -4 27 0 -1 6 -11 5 1 3 0 -9 -3 0 -2 11 -1 2 1 0 -1 2 1 -1 1 1 0 -4 5 -4 6 2 -2 0 -4 1 2 2 3 6 -1 -1 -1 0 3 8
L 1 64 0 23 1 -5 -1 0 1 -1 2 3 -1 0 1 -3 -5 -5 -2 3 -2 3 3 -5 -2 -2 1 5 -2 4 3 8 -5 -3 7 -2 -1 3 2 5 2 0 0 2 -5 -2 -5 3 0 -6 -1 0 0 -2 7 0 1 2 -6 -1 -1 -6 -2 0 -4 -1 -1 -4 1 2 8 2 3 1 0 2 1 2 -2 -1 0 -1 2 1 0 0 -1 -6 1 0 1 2 -5 -5 -3 0 6 -2 -12 0 2 -2 -2 -3 0 3 7 -4 -4 3 -3 1 2 4 8 -2 1 0 0 -1 -1 -3 -6 26 -1 -1 1 1 -2 1 -2 -4 3 1 -1 -3 -3 0 4 1 -4 0 -5 2 -1 -3 0 -5 -2 -2 -4 2 2 4 3 -2 -3 1 2 1 0 -3 1 1 0 2 -5 -4 -1 4 1 6 1 -2 2 2 -4 4 1 2 4 0 1 -4 1 6 -3 1 1 -5 -4 -1 4 7 -2 -2 -3 0 -4 4 1 -2 5 1 0 -1 4 7 1 -2 -1 1 -1 1 -1 0 5 0 2 -2 2 0 -3 -3 -6 1 -1 1 2 4 2 2 9 12 -6 -1 -2 1 1 1 -1 5 -16 -4 -2 -8 2 0 5 2 -2 2 -11 1 -4 0 0 -3 2 8 -14 3 -14 -7 -2 3 1 2 -2 -1 0 -1 -2 -2 -1 -6 1 1 -3 -5 -2 -2 -1 2 -3 -3 -1 7 7 1 1 6 -2 2 -3 -3 -13 0 -6 3 0 1 1 7 1 3 0 -3 1 4 0 -3 3 2 1 1 -2 4 -8 -2 -3 -3 -6 2 -2 2 1 -6 -6 4 -3 -2 5 3 -1 -3 0 -2 0 -3 7 -2 -1 2 -2 0 -4 -6 0 -4 5 5 0 -4 2 -1 -4 -3 0 -4 -2 0 4 -2 1 0 -2 5 1 4 -1 0 4 -2 8 3 1 2 -1 -4 -1 6 2 0 0 1 0 0 0 -1 1 3 -1 0 0 4 3 -2 -3 1 2 1 9 1 -3 -2 1 5 -5 6 -4 2 4 4 1 -2 2 -7 -2 3 4 3 3 3 1 1 1 2 0 -5 3 -1 0 -1 5 0 2 -6 -2 -4 2 -2 -2 -1 7 -12 0 -3 -2 4 -3 -10 3 0 -3 2 -6 1 1 -6 2 0 -2 -5 -5 -3 3 3 -2 -4 2 1 3 -1 -9 -10 6 -1 -6 3 -1 3 4 0 5 -4 -14 1 0 6 2 4 1 1 -5 2 -1 0 -1 -8 -2 2 5 -1 2 1 0 -6 6 3 -2 0 15 1 1 -2 1 -2 0 -1 2 0 1 1 -4 3 2 -4 -1 -1 -4 -5 2 -4 -1 0 8 -3 10 -1 0 1 1 4 2 1 1 -9 -4 -2 -2 12 1 4 1 2 2 -1 -2 0 0 1 0 -3 5 -4 4 0 -1 -2 -1 2 4 4 -5 7 0 0 -5 1 2 8
P 1 0 32 -7 -4 0 22 -6 2 2 0 9 7 11 -13 -7 -10 -10 -9 31 20 -16 -1 -4 -2 3 -2 -2 25 16 -25 29 11 -7 -5 18 3 6 5 4 -1 -4 -9 -11 -11 -9 3 -2 -8 9 3 8 8 3 9 -24 8 1 6 -3 -4 21 -2 -5 2 -1 8 -1 2 -11 10 8 -6 9 -5 4 -6 -4 7 3 12 8 -5 -6 -6 -16 13 -2 8 -6 -6 -9 3 8 6 3 -47 -2 0 -1 -3 -7 -4 5 21 1 -5 -4 16 -21 -3 11 -1 -1 4 2 3 -7 -11 -13 -10 59 -1 -8 3 2 -9 -1 0 -5 5 12 -4 -3 4 0 9 -1 -1 -7 -8 -4 8 3 -3 -5 -13 -6 11 6 2 6 4 3 3 2 5 5 5 -15 12 3 6 -10 1 10 -2 15 2 8 -5 -3 3 13 -14 9 4 6 12 7 5 -12 5 24 -15 5 -2 -15 1 -1 9 6 5 -15 -6 2 -12 20 1 2 12 12 -7 -4 -3 -4 6 -8 -15 -6 9 8 -2 -5 11 -10 -1 -8 9 -6 12 -3 -5 3 2 -1 4 13 8 12 19 26 -18 -63 3 -10 4 -5 7 13 -30 -13 -4 -18 4 -6 11 0 2 -2 -15 -19 1 -3 -2 4 7 17 -38 7 12 -16 16 3 8 16 -1 -2 2 -2 -2 -5 2 -11 -5 -10 -14 -11 -20 7 11 8 -2 -6 2 8 6 -4 16 11 -11 2 -21 -6 -28 2 -12 4 4 3 4 6 2 3 -6 8 0 0 0 0 7 20 10 2 -6 8 -20 -1 -4 1 -20 2 -2 -5 16 -2 -12 10 -7 -9 10 -6 -1 -8 9 1 -6 -9 3 4 -10 -1 -12 -7 -8 -30 4 -1 25 4 -4 -6 4 0 -5 -7 -1 -8 -1 4 3 -4 2 3 -6 -7 1 19 1 6 12 7 17 -5 15 -1 10 -9 -3 17 4 4 32 11 1 4 0 1 9 7 -4 -4 -1 38 2 -3 0 2 9 4 -2 -15 -3 -18 -3 9 -14 -3 -3 10 3 9 -6 1 2 -11 -5 5 19 -7 -16 13 9 -1 34 2 10 8 7 -2 6 -5 6 -1 0 7 -41 1 5 -11 -4 -2 13 -18 5 -13 -3 -10 -7 -19 0 -5 -8 -11 -18 -2 -1 -14 12 -9 -4 -8 -2 -8 8 -11 -10 -16 2 5 7 7 -66 -18 -7 6 -15 13 -8 6 12 -2 3 -9 -13 -2 1 11 1 11 1 15 4 10 2 3 13 -9 -15 10 2 1 -5 -1 -2 -12 5 12 -2 3 20 8 1 3 -1 -1 0 -8 6 -3 -4 6 5 6 -7 -51 -2 -4 -13 6 5 -6 -3 -11 15 -3 -3 3 1 -33 25 14 -7 -7 -1 -8 -14 -7 2 21 1 -4 -5 13 14 -3 -9 -5 1 1 -1 -4 4 -1 -17 -6 7 -6 2 7 11 4 -1 12 8 -1 -10 4 2 -16
P 1 1 0 0 0 0 0 0 0 0 0 0 0 0 0 0 0 0 0 0 0 0 0 0 0 0 0 0 0 0 0 0 0 0 0 0 0 0 0 0 0 0 0 0 0 0 0 0 0 0 0 0 0 0 0 0 0 0 0 0 0 0 0 0 0 0 0 0 0 0 0 0 0 0 0 0 0 0 0 0 0 0 0 0 0 0 0 0 0 0 0 0 0 0 0 0 0 0 0 0 0 0 0 0 0 0 0 0 0 0 0 0 0 0 0 0 0 0 0 0 0 0 0 0 0 0 0 0 0 0 0 0 0 0 0 0 0 0 0 0 0 0 0 0 0 0 0 0 0 0 0 0 0 0 0 0 0 0 0 0 0 0 0 0 0 0 0 0 0 0 0 0 0 0 0 0 0 0 0 0 0 0 0 0 0 0 0 0 0 0 0 0 0 0 0 0 0 0 0 0 0 0 0 0 0 0 0 0 0 0 0 0 0 0 0 0 0 0 0 0 0 0 0 0 0 0 0 0 0 0 0 0 0 0 0 0 0 0 0 0 0 0 0 0 0 0 0 0 0 0 0 0 0 0 0 0 0 0 0 0 0 0 0 0 0 0 0 0 0 0 0 0 0 0 0 0 0 0 0 0 0 0 0 0 0 0 0 0 0 0 0 0 0 0 0 0 0 0 0 0 0 0 0 0 0 0 0 0 0 0 0 0 0 0 0 0 0 0 0 0 0 0 0 0 0 0 0 0 0 0 0 0 0 0 0 0 0 0 0 0 0 0 0 0 0 0 0 0 0 0 0 0 0 0 0 0 0 0 0 0 0 0 0 0 0 0 0 0 0 0 0 0 0 0 0 0 0 0 0 0 0 0 0 0 0 0 0 0 0 0 0 0 0 0 0 0 0 0 0 0 0 0 0 0 0 0 0 0 0 0 0 0 0 0 0 0 0 0 0 0 0 0 0 0 0 0 0 0 0 0 0 0 0 0 0 0 0 0 0 0 0 0 0 0 0 0 0 0 0 0 0 0 0 0 0 0 0 0 0 0 0 0 0 0 0 0 0 0 0 0 0 0 0 0 0 0 0 0 0 0 0 0 0 0 0 0 0 0 0 0 0 0 0 0 0 0 0 0 0 0 0 0 0 0 0 0 0 0 0 0 0 0 0 0 0 0 0 0 0 0 0 0 0 0 0 0 0 0 0 0 0 0 0 0 0 0 0 0 0 0 0 0 0 0 0 0 0 0 0 0 0 0 0 0 0 0 0 0 0 0 0 0 0 0 0 0 0 0 0 0 0 0 0 0 0 0 0 0 0 0
Q 1 256 0 3280 -1 7 0 -3 7 -1 5 2 -4 -12 1 -14 -1 9 -9 8 -4 11 0 -8 1 -13 15 -13 -5 8 -2 -2 -1 -1 3 8 -7 -1 -4 4 -3 -1 -5 2 -7 0 -5 -3 8 13 7 1 -9 2 2 -8 5 -13 -7 -1 -11 7 1 4 3 5 -9 -5 -7 -7 -17 12 -1 4 0 6 5 -5 7 5 0 6 -1 2 -4 6 5 -21 -9 2 10 0 -5 -18 -1 -4 2 0 -2 -6 6 -1 -11 -2 -11 6 19 -2 5 -6 12 3 0 4 -1 7 -5 -3 3 1 -4 -3 12 11 2 -2 3 -3 -1 -2 -1 -2 9 -6 -3 0 -6 4 6 4 -3 1 3 4 -3 1 2 -3 -6 -7 -14 12 -1 12 -3 -10 -4 4 6 1 3 -3 15 2 7 -5 -2 -41 -4 -2 0 -9 -5 -6 -1 -13 35 -3 6 0 4 -1 4 19 -2 22 9 4 1 1 -1 1 -16 9 3 -15 1 -6 6 0 2 9 0 5 -2 26 9 10 1 -9 10 4 8 -4 2 -2 4 2 3 -1 7 1 0 7 2 -4 2 -8 -1 6 -3 -5 -3 7 0 2 -19 12 -2 1 10 10 -22 1 6 -11 -2 5 6 0 -9 5 8 10 -2 5 0 -2 0 12 -4 -1 10 -5 -1 9 2 -6 -3 3 -3 5 -4 4 -8 -2 1 -16 5 6 6 -9 18 8 10 -3 3 4 15 15 -4 -2 4 2 8 -6 -31 1 7 -3 -4 -2 -7 3 0 -3 0 -10 -1 2 8 3 4 -27 -5 -6 -1 3 -7 -1 2 5 -3 -3 2 -6 -1 -1 -4 16 -8 2 4 -6 8 -2 3 1 4 -6 -24 4 2 3 5 1 6 19 -2 -5 -4 -4 -2 -5 5 15 11 3 3 -8 0 -1 0 10 7 -3 2 -7 4 -1 0 -3 -11 -3 0 -19 13 5 1 12 2 11 -3 5 2 7 8 -7 2 0 -2 -4 7 4 -2 -18 2 -8 -3 -5 12 0 8 -11 -6 7 -1 4 2 1 10 -2 4 -2 -7 -3 -1 -8 -6 4 1 -21 -6 -5 5 4 1 -3 -14 -13 9 -3 2 0 4 -4 0 -11 1 -4 -7 7 -3 -1 10 5 0 -8 3 -9 0 -25 -5 3 -2 -2 -23 4 -4 6 7 1 3 3 3 4 3 6 -10 -6 2 -5 -11 -6 2 10 -4 -1 1 7 3 7 -5 0 -4 9 -3 7 -7 10 -4 -2 -4 23 2 16 9 0 -6 5 2 16 7 -1 -1 -4 -1 -1 1 11 -9 -2 7 -1 4 -2 -4 2 2 -19 -2 4 0 -7 2 0 -7 8 -8 -4 -6 -6 9 -1 3 -1 -2 -8 -10 -4 5 -6 -5 0 -4 -3 -5 17 1 -2 -8 8 -7 21 1 -3 0 0 -8 2 -6 10 -2 -3 -4 22 20 2 3 4 6 -3 4 4 1 0 5 -2 -4 -3 -9 8
Q 1 257 0 -2027 -1 5 -1 -2 -1 -2 7 8 -4 -7 -2 -16 3 6 -6 -1 -6 11 2 -14 2 -8 8 -15 2 8 -6 7 2 -7 6 4 -4 -4 1 -4 5 -3 -4 -4 1 -4 -9 -11 6 16 -4 1 -1 -5 3 -5 0 -19 9 -5 -14 26 2 -2 6 4 -8 -5 0 -4 -16 2 -9 0 1 1 -9 0 3 15 4 8 -2 -1 -1 6 0 -14 -4 -2 9 -1 -1 -13 -6 -7 -5 -4 12 -3 9 -7 -6 1 -4 0 23 1 -3 -7 16 18 2 2 -1 3 -1 1 4 10 2 -1 8 30 -7 -3 2 -1 -2 3 -7 7 -4 -6 -8 -3 -8 9 9 1 2 3 -8 5 -2 1 3 0 -5 1 4 9 2 9 -7 -4 -4 -1 4 1 0 -4 -4 1 2 -6 -2 -29 -8 -8 6 -9 5 -8 -6 -20 39 -3 8 3 8 0 2 28 -2 12 7 4 2 -2 -2 -4 -16 2 6 -1 0 -2 6 -2 -2 8 5 2 -2 19 12 10 8 -6 12 7 -13 -5 0 2 14 4 1 -9 0 5 -4 4 1 -3 1 -7 -4 13 -6 -5 1 13 10 44 -8 8 -2 0 7 -1 -14 10 3 -15 -12 6 -1 -2 -10 10 -3 3 -2 8 -7 7 -5 4 13 -2 1 -18 -23 1 -8 -6 0 -3 0 -3 -2 -2 -4 2 6 -8 6 5 -3 -6 11 3 7 -3 -2 15 11 4 -25 -5 4 0 10 3 -41 1 13 2 4 6 -2 21 -6 -3 5 -4 -1 9 12 -1 5 -26 -8 -3 0 1 -13 -4 1 4 11 1 3 -8 0 5 -9 4 -5 -1 3 -5 10 -8 2 0 2 -4 -20 -2 5 1 5 1 1 7 -5 -6 -8 -2 1 0 7 13 8 -4 10 -8 4 6 -3 8 12 1 14 -6 4 -1 5 2 -10 -11 0 -16 15 4 -1 -8 3 2 -4 -3 7 6 2 -5 3 2 -5 -5 7 3 3 -9 1 0 -6 -12 0 -2 10 -15 -9 9 -2 7 -2 5 -13 7 3 7 -1 -4 -3 -1 -4 -1 -9 -15 -2 0 1 5 12 1 -9 4 11 -3 0 1 -8 0 0 -2 5 -7 -12 9 -2 -5 8 9 1 -2 5 -5 -7 -13 -6 0 3 10 -2 11 -2 0 4 9 -2 3 6 0 -1 -4 0 -6 6 -5 1 -7 5 5 7 -1 -1 2 1 9 -8 0 5 0 3 8 0 21 0 -8 -3 12 -2 12 3 -5 1 2 -1 13 9 1 5 -8 -8 -5 1 -2 -8 3 18 1 -5 5 -6 0 5 -6 -2 10 3 -7 -3 0 -8 15 -4 -1 -1 -2 13 -3 4 16 10 -8 -14 -5 -3 -20 -7 -5 -4 -3 -4 -2 2 -5 0 9 -9 8 3 -6 -1 -1 -1 -5 5 7 -4 2 0 24 20 0 -3 0 1 -4 -2 -1 16 0 2 5 -3 -3 -7 8
Q 1 272 0 -34 1 4 3 -2 5 2 3 4 -5 -11 0 -13 2 5 -12 -3 -7 21 1 -10 1 -9 15 1 -10 8 1 -5 -1 -5 4 10 -8 -2 -2 4 -1 1 -8 3 0 -1 -6 5 5 23 8 2 -7 0 10 -4 4 -8 2 -1 -5 6 3 2 -6 5 -9 -4 -2 -6 -9 3 -2 2 -3 5 4 -6 7 5 3 4 0 -2 -3 3 0 -16 -5 2 2 1 -9 -13 2 0 2 -1 7 -6 4 -1 -8 0 -21 9 18 -3 6 -6 3 -5 -1 4 -3 2 -7 -1 2 3 -4 -2 9 6 1 3 1 -1 -4 -5 0 0 11 -6 -2 4 -4 4 -2 3 0 3 6 4 0 -2 1 -4 -6 -14 -18 19 -8 10 -5 -8 2 0 6 -4 2 -4 8 3 5 -9 0 -32 -1 -5 1 -15 -4 -6 -6 -3 22 2 8 0 4 1 3 47 -4 26 10 5 1 6 1 -4 -12 6 -9 -16 3 -10 3 12 0 7 -2 -6 3 26 6 2 -1 -4 3 3 1 -7 4 -4 10 -2 2 -2 2 1 9 9 -3 -4 -2 -8 -3 14 -3 -5 -8 -2 0 17 -10 13 -1 -1 2 7 -19 -5 6 -10 2 3 -1 0 -5 -1 -3 5 -2 3 3 0 -4 9 -2 0 24 -9 1 13 1 -8 -4 3 0 2 1 5 -10 6 4 -6 5 14 16 -7 15 3 5 -1 9 4 1 8 2 -1 2 3 7 -2 -35 1 13 -2 -5 0 -9 3 -3 -3 3 -6 0 2 6 3 4 -22 -4 -11 -1 4 -2 1 -1 8 0 -2 7 -6 -1 -3 2 12 -5 0 3 -11 9 -2 6 1 0 -5 -21 1 6 0 1 6 5 16 -3 -4 -4 -7 -2 -4 3 17 14 3 3 2 -6 -8 -4 8 8 0 -3 4 5 1 1 1 -9 -3 -5 -24 19 3 2 16 3 7 -3 -1 6 7 2 -4 3 -4 -1 -3 7 1 -6 -27 5 -2 -7 -9 15 -2 -3 -7 -3 7 0 6 1 3 3 -4 5 1 -10 -3 2 -3 -2 2 5 1 7 -7 3 7 -7 -3 -1 -28 -2 -2 -2 -1 -2 -1 3 -1 6 -6 -4 6 -4 -8 8 0 2 -7 5 -1 0 -33 -8 4 2 -2 -24 7 -13 8 5 1 3 -2 -1 5 2 7 -9 -3 2 3 -12 -7 6 5 22 1 6 1 2 8 -3 -1 -7 7 0 5 -6 8 -2 -7 1 21 -3 18 4 2 -10 -8 0 15 8 0 -8 -17 0 -2 0 7 -10 3 -34 -6 2 -1 0 -3 3 -16 -6 2 -2 -6 1 0 -6 1 -4 -5 -4 -6 10 -4 3 -1 -5 -4 -21 -2 4 -18 -10 -2 -7 -2 -6 22 0 -1 -2 18 -7 27 -2 -2 -1 -2 -5 2 -5 5 -1 -1 -3 18 11 -1 4 3 6 -2 0 4 -1 -1 3 0 -1 -2 -9 8
Q 1 273 0 -4800 1 2 2 -1 -2 0 5 8 -4 -7 -3 -15 5 4 -8 -10 -9 18 3 -14 1 -5 9 -3 -3 8 -4 4 2 -10 7 8 -6 -6 2 -3 6 0 -6 -1 6 -4 -9 -3 3 24 0 3 -1 -6 11 -3 0 -14 13 -3 -7 24 4 -2 -2 4 -8 -5 3 -4 -9 -6 -9 -1 -2 2 -9 -2 3 14 5 6 -1 -4 0 4 -4 -11 -3 -2 2 1 -6 -9 -4 -3 -3 -5 19 -2 7 -5 -3 3 -11 4 22 0 0 -6 7 9 2 4 -2 0 -3 1 2 11 1 -1 5 22 -7 0 2 1 -5 -1 -5 7 1 -6 -6 1 -6 8 -1 0 3 5 -4 4 1 -3 2 -1 -6 -7 -3 16 -6 7 -8 -4 2 -4 6 -5 -1 -4 -7 3 3 -8 1 -24 -5 -10 5 -15 4 -8 -10 -11 28 1 11 2 7 2 1 51 -5 17 8 6 1 3 1 -8 -13 1 -5 -4 1 -6 3 8 -3 7 3 -10 2 18 10 2 6 -2 6 6 -16 -7 2 0 18 0 -1 -9 -3 4 4 6 -4 -3 -3 -8 -5 20 -5 -5 -3 4 9 50 -1 10 -2 -3 0 -1 -11 3 3 -12 -6 4 -5 -2 -7 4 -13 0 -1 7 -4 6 -9 2 13 1 14 -20 -18 5 -8 -8 -2 -2 3 -4 2 -3 -6 7 8 1 6 12 8 -5 11 -1 2 -1 4 13 0 -1 -15 -2 1 1 8 6 -42 0 16 3 1 7 -4 17 -8 -4 6 -1 1 6 9 0 4 -22 -8 -8 0 3 -7 0 -2 6 10 0 7 -9 0 4 -3 2 -3 -3 3 -9 11 -7 5 0 -2 -3 -19 -4 8 -2 1 4 1 6 -5 -6 -8 -6 2 1 5 15 10 -2 9 2 0 -1 -5 8 12 4 7 4 6 0 6 4 -8 -11 -6 -20 18 1 0 1 3 0 -5 -7 10 6 -3 -2 4 -2 -5 -5 6 1 -1 -18 4 6 -8 -13 4 -4 -1 -9 -5 8 -1 8 -2 6 -15 3 3 7 -5 -3 0 2 -1 -2 -4 4 11 -2 0 8 2 -1 2 -13 -1 -3 -3 1 -13 3 4 6 9 -7 -10 9 -2 -12 6 5 2 -2 6 2 -7 -21 -8 2 7 8 -6 13 -10 2 3 8 -2 -2 2 1 -1 -3 -2 -3 7 3 -2 -8 9 1 28 1 4 -3 1 10 -5 0 0 0 4 7 0 17 1 -9 1 11 -6 14 -2 -3 -5 -10 -3 11 10 3 -1 -20 -6 -5 -1 -5 -9 7 -18 -2 -6 6 -2 -2 5 -4 -5 7 1 -5 -3 2 -7 9 0 -3 -2 -4 13 -4 4 15 7 -6 -24 -3 -2 -27 -11 -6 -6 0 -5 5 1 -4 4 16 -8 14 -1 -4 -3 -3 1 -5 5 5 -3 3 0 19 12 -2 -1 0 2 -2 -4 1 12 -1 1 5 -2 -2 -9 8
Q 1 288 0 1582 1 11 0 -1 -2 3 1 -1 -5 -14 0 -14 -2 8 -7 5 -4 17 -1 -7 2 -11 13 -7 -7 4 1 -7 -1 -4 4 10 -9 0 -3 2 -2 0 -6 2 -7 2 -3 2 6 14 6 4 -10 3 4 -6 5 -2 7 1 -9 7 -1 -1 2 5 -12 -5 -6 -5 -18 4 -2 4 2 4 0 -6 7 6 -1 4 -2 1 -4 1 3 -16 -9 0 3 1 -7 -17 1 -3 7 -3 -12 -6 5 -1 -8 -3 -14 7 23 -4 6 -2 -4 6 0 4 0 7 -3 -3 5 10 -6 -1 11 19 -1 0 2 -5 1 -1 2 -3 24 -4 -3 4 -4 7 12 7 -2 -1 3 6 -2 -4 6 -3 -3 -8 -21 12 -3 7 -2 -12 -4 1 3 -1 6 -5 5 3 6 -2 -2 -22 -4 -1 -2 4 -4 -6 -5 -10 23 2 8 -1 2 -2 4 34 -2 7 9 2 -1 2 -3 -4 -15 8 2 -8 -1 -5 7 -4 -1 4 -3 -12 0 24 10 15 3 -6 8 5 6 -5 1 1 9 2 2 -4 10 0 5 5 3 -4 -2 -9 -1 8 -5 -3 -3 6 6 8 -15 9 3 0 8 11 -17 -5 8 -3 1 7 -2 -2 -8 9 0 11 -2 8 -2 -1 -1 1 1 -2 15 -12 -5 9 1 -4 -2 3 -2 3 -2 2 -11 -5 1 -13 7 16 0 -10 23 3 9 -3 7 1 10 16 3 0 5 5 6 -5 -18 0 12 -3 -2 -1 -12 2 -1 -4 2 -7 0 0 5 2 5 -31 -4 -7 -2 7 -7 0 -1 3 -1 -1 2 -2 -2 -1 -1 14 -7 -2 6 -6 8 -1 0 3 4 -5 -19 2 1 3 9 3 8 8 -4 -4 -9 -1 0 -6 6 16 2 4 5 -1 1 -3 0 6 8 -4 6 11 6 -2 2 -5 -17 -5 -3 -13 20 6 6 8 4 5 -4 6 7 5 9 -4 0 4 3 -2 7 4 -2 -18 6 -5 -6 -6 6 0 0 -1 -4 6 -1 5 -4 -1 7 -2 7 -1 -9 -1 2 -6 -8 1 1 -11 -1 1 4 7 2 -3 -5 2 2 0 -1 0 8 -2 -2 -5 5 -1 -4 7 -5 -4 9 4 -1 -5 3 -13 0 -29 -8 6 -1 -3 -22 5 -3 2 7 -3 4 3 0 3 5 5 -12 -5 3 -6 -4 -5 7 29 3 0 3 1 1 4 -10 2 1 5 5 6 -8 9 -1 3 -2 24 2 8 10 0 -9 2 2 15 4 -1 -3 -11 -4 -2 0 20 -6 -2 -2 -2 7 0 -3 2 1 -12 -5 6 -1 -5 5 0 -11 -1 -10 -3 -2 0 12 -3 4 -2 -1 -10 -2 -2 1 -9 -4 1 -5 -2 -2 17 0 -3 -6 13 -10 15 -2 -2 1 -3 -6 2 -6 6 -2 0 -4 31 17 1 0 0 2 -2 7 0 0 -4 1 1 -5 -2 -10 8
Q 1 289 0 -3551 1 8 -1 1 -8 2 4 4 -5 -8 -3 -19 0 5 -5 -4 -6 14 -1 -13 3 -5 6 -10 0 5 -4 2 2 -10 7 6 -5 -3 1 -7 4 -2 -5 -5 -1 -3 -5 -5 3 17 -3 3 -3 -3 6 -4 3 -8 21 -3 -9 26 2 -7 5 4 -10 -5 0 -4 -19 -5 -11 2 2 0 -12 -2 3 16 2 6 -3 -1 -1 2 -3 -10 -6 -3 3 0 -3 -11 -5 -5 0 -8 1 -2 9 -7 -2 1 -8 1 24 -1 -3 -2 3 20 2 4 0 5 1 2 7 18 1 1 6 38 -9 -2 1 -3 0 3 -5 6 9 -3 -8 1 -6 10 14 3 1 3 -7 4 -2 -5 5 1 -2 1 -2 9 0 5 -6 -6 -4 -3 1 1 2 -4 -14 2 3 -4 -1 -13 -7 -7 3 3 3 -8 -9 -14 29 2 11 1 5 1 0 37 -3 -2 8 3 1 -3 -4 -8 -15 3 4 7 -1 -3 7 -6 -4 4 3 -15 0 17 14 12 9 -3 9 7 -11 -7 -1 4 18 3 -1 -12 3 4 1 2 2 -3 -3 -9 -4 14 -7 -4 1 10 15 46 -4 6 2 -4 6 0 -10 5 4 -8 -9 7 -7 -3 -9 12 -14 5 -1 12 -8 9 -7 -4 14 -1 5 -23 -25 -1 -8 -5 1 -3 1 -4 -1 -5 -8 1 5 -4 8 15 -7 -6 16 -2 6 -3 3 10 8 5 -19 -4 4 3 8 3 -29 1 15 -1 4 8 -10 21 -6 -5 7 -2 0 7 10 -1 5 -31 -8 -3 -1 5 -11 -4 1 2 12 1 2 -2 -1 6 -6 2 -5 -4 5 -5 12 -6 0 0 1 -5 -15 -4 5 1 6 3 5 -2 -8 -7 -14 -1 3 -2 6 13 -2 0 12 -1 5 4 -3 5 13 0 19 9 5 -2 8 -1 -16 -12 -2 -8 17 3 4 -8 4 -2 -3 -3 12 6 4 -3 4 4 0 -5 6 5 4 -11 5 3 -9 -12 -4 -4 4 -4 -6 8 -1 9 -6 5 -12 7 5 6 -4 -2 1 -1 -7 -3 -8 -7 2 6 2 7 11 0 -1 18 3 0 -2 0 -3 2 -2 3 9 -3 -8 11 -3 -6 6 11 0 0 4 -7 -6 -16 -9 2 4 9 0 9 0 -4 3 6 -2 4 2 -2 2 -4 0 -4 7 -3 5 -8 9 22 10 2 2 -4 -1 6 -11 3 9 -4 5 7 -2 20 4 -3 -2 14 -2 5 6 -5 -1 -2 -1 12 8 2 3 -15 -11 -6 0 4 -6 3 14 -1 -4 6 -5 1 4 0 -3 11 1 -6 0 0 -11 7 -5 -2 2 2 13 -4 4 16 12 -10 -7 -3 -5 -22 -3 -7 -3 -2 -1 1 0 -6 2 13 -12 4 0 -3 -1 -1 0 -4 7 4 -4 5 0 30 20 -1 -6 -3 -1 -5 1 -2 14 -6 0 6 -4 -1 -9 8
Q 1 304 0 -1548 -1 7 3 -1 -2 5 1 1 -6 -13 0 -13 2 5 -9 -7 -8 25 -1 -8 1 -7 13 5 -12 5 3 -8 -2 -8 5 11 -11 -1 -1 3 0 2 -8 3 0 1 -5 8 4 23 8 4 -8 1 11 -3 4 1 12 0 -3 6 2 -3 -6 5 -13 -4 -1 -5 -11 -3 -3 2 -1 3 -1 -8 7 6 2 2 -2 -1 -3 -1 -2 -12 -5 0 -3 3 -11 -14 3 0 7 -4 -2 -5 4 0 -6 -1 -23 10 22 -4 6 -2 -11 -2 -1 5 -2 3 -6 -1 4 11 -6 0 8 13 -1 4 0 -3 -3 -5 2 -1 23 -4 -3 7 -3 6 4 6 1 1 6 5 1 -7 4 -5 -4 -14 -24 19 -10 6 -4 -10 2 -2 3 -6 4 -6 0 3 5 -5 1 -17 -1 -4 -2 -5 -3 -6 -9 -1 13 5 10 -1 2 0 3 58 -4 13 10 4 -1 6 -1 -8 -12 6 -9 -10 1 -9 4 7 -2 3 -4 -20 4 23 7 6 1 -2 2 3 -1 -7 3 -2 13 -2 2 -5 5 0 13 7 -2 -3 -5 -10 -3 15 -4 -3 -7 -3 6 22 -6 10 3 -3 1 8 -15 -9 7 -3 4 5 -7 -2 -4 1 -10 7 -2 5 1 0 -6 0 2 0 28 -15 -2 12 -1 -6 -3 3 1 0 2 2 -12 3 5 -4 7 22 11 -8 20 -1 4 -1 12 2 -3 10 8 1 3 5 5 -1 -23 1 17 -3 -4 1 -13 3 -4 -4 4 -4 1 0 3 2 5 -27 -3 -12 -1 8 -2 2 -4 5 1 -1 7 -3 -2 -2 5 10 -4 -4 5 -10 9 -1 3 2 0 -4 -18 0 5 0 5 6 7 7 -5 -3 -8 -5 1 -5 4 19 5 4 5 9 -4 -8 -3 5 8 -2 -1 18 7 0 3 -1 -14 -5 -8 -18 24 4 5 13 5 2 -4 1 10 6 3 -1 1 -1 3 -2 8 1 -7 -27 8 1 -9 -10 10 -2 -8 2 -1 6 1 6 -3 1 1 -4 7 1 -12 -1 5 -1 -4 0 5 8 10 -2 3 9 -6 -3 6 -16 -8 0 -4 -2 2 1 1 4 10 -3 -1 6 -6 -10 8 0 1 -5 5 -4 -1 -36 -10 7 3 -2 -23 8 -12 4 6 -3 4 -2 -3 4 4 6 -10 -2 4 3 -6 -6 11 21 26 2 7 -4 0 5 -7 2 -3 4 7 5 -7 8 1 -3 2 21 -2 11 4 1 -13 -9 0 13 6 0 -8 -22 -2 -3 0 15 -8 4 -38 -6 5 1 2 -3 1 -10 -9 4 -3 -5 3 0 -9 -7 -5 -4 -2 -1 11 -5 4 -2 -4 -6 -15 0 1 -20 -10 -1 -7 -1 -4 22 -1 -3 -1 22 -9 22 -4 0 0 -3 -3 2 -5 2 -1 2 -3 25 9 -2 1 -1 2 -1 3 1 -1 -4 0 2 -3 -2 -10 8
Q 1 305 0 -6006 -1 5 2 2 -8 3 3 4 -5 -9 -3 -17 3 3 -6 -13 -9 20 0 -12 2 -2 7 1 -5 6 -3 1 2 -12 8 10 -7 -5 2 -5 5 1 -7 -2 4 -3 -5 2 1 25 0 4 -2 -5 14 -2 2 -4 23 -1 -3 24 4 -6 -2 4 -10 -5 3 -5 -12 -11 -10 1 -1 1 -12 -4 4 15 4 4 -3 -3 0 0 -7 -8 -4 -3 -3 2 -8 -7 -3 -2 1 -9 10 -2 7 -5 0 2 -13 5 23 -2 0 -2 -4 11 2 5 -1 2 -2 2 5 17 0 1 3 29 -8 1 1 -1 -3 -1 -3 6 12 -4 -6 4 -4 9 4 2 3 5 -4 4 2 -7 4 -1 -4 -7 -7 15 -6 4 -7 -5 1 -6 3 -4 1 -5 -16 3 4 -7 2 -11 -4 -9 3 -5 3 -8 -11 -6 20 5 13 0 4 2 -1 59 -5 5 9 5 0 3 0 -11 -13 2 -6 2 0 -7 5 5 -4 3 2 -23 3 16 12 5 7 0 4 6 -14 -9 0 2 20 -1 -2 -11 0 3 7 4 -4 -2 -6 -10 -5 22 -6 -3 -2 2 14 52 2 8 1 -5 -1 -1 -8 -1 4 -6 -4 4 -10 -3 -6 5 -23 1 -1 10 -4 8 -10 -5 14 2 17 -25 -21 3 -9 -7 -1 -2 4 -6 3 -6 -10 7 7 3 8 20 5 -4 15 -5 1 -1 8 10 -3 0 -10 -1 1 3 7 6 -32 1 18 0 2 9 -10 17 -8 -5 8 1 1 5 8 -1 5 -27 -8 -8 0 6 -5 1 -2 4 11 1 6 -4 0 4 -1 -1 -2 -6 5 -9 12 -6 2 0 -2 -4 -15 -6 7 -2 3 6 5 -1 -8 -6 -13 -5 4 -1 5 15 2 2 11 8 1 -2 -5 5 13 2 11 16 6 -1 8 2 -12 -12 -7 -13 21 1 4 0 5 -3 -4 -7 13 6 -1 -1 4 0 -1 -5 6 2 -2 -19 7 8 -10 -14 0 -5 -5 0 -3 8 -1 10 -6 5 -15 4 5 7 -7 -2 3 2 -3 -4 -4 10 14 4 1 10 2 -2 8 0 -7 0 -4 0 -8 4 2 10 12 -3 -7 11 -3 -13 5 7 1 0 5 -1 -6 -24 -11 4 8 8 -4 12 -8 -1 2 5 -1 -1 -1 -1 1 -2 -2 -2 8 5 1 -9 12 16 30 3 6 -8 -1 7 -8 3 3 -3 6 6 -2 17 5 -6 2 13 -6 7 0 -3 -7 -12 -3 10 10 3 -2 -25 -9 -6 -1 1 -7 7 -18 -4 -4 7 -1 -2 4 1 -6 8 -1 -4 0 2 -10 2 -2 -3 1 0 13 -4 4 15 8 -8 -18 -1 -4 -28 -8 -9 -6 1 -3 6 0 -6 5 20 -10 11 -3 -1 -2 -2 2 -5 5 2 -3 6 0 23 13 -2 -3 -3 0 -3 0 -1 10 -6 0 6 -3 -1 -9 8
Q 1 320 1 0 1 -9 3 9 -11 2 2 -2 2 1 3 3 -2 8 2 -3 3 13 -6 -1 8 7 8 13 4 6 -6 6 1 -12 -3 -5 -3 2 1 3 4 -2 -4 8 -18 0 -10 -7 5 -1 -1 1 -8 -2 -3 0 4 5 -24 3 -16 -2 -6 10 -4 1 -6 -8 -7 2 -29 -25 4 6 -3 -5 3 -3 2 6 0 2 -1 -4 -1 -2 6 1 3 -5 10 6 -12 -7 10 5 -1 0 -24 -3 0 1 -9 -2 15 4 12 -4 1 2 5 10 -9 -5 31 -4 5 -2 -2 22 -2 -7 6 40 -3 7 2 -2 -6 8 -5 1 6 0 1 5 6 1 -6 4 -1 -1 1 3 -2 4 -2 3 0 -12 -8 6 -1 1 -1 3 5 -1 1 6 1 1 14 4 2 0 -5 13 1 3 0 6 -5 1 -1 -10 3 -1 -1 -2 5 1 -3 3 4 -2 -2 1 3 1 7 16 -2 6 10 13 -2 -3 7 11 -1 3 -2 19 3 -2 -12 0 6 0 -1 8 -8 2 -2 -6 10 -1 4 -2 0 6 -19 2 -5 3 2 -5 0 -16 -6 0 0 4 2 -27 -5 13 1 5 3 8 -11 -4 4 -2 6 -1 4 -1 -1 9 4 2 -2 0 -5 0 -1 -11 -6 -1 -26 14 12 16 7 -2 -2 6 -4 1 2 -1 -3 1 2 -6 11 7 -1 -8 -9 -8 7 -8 14 -8 11 -12 14 5 4 3 10 4 -14 -7 6 -1 2 6 7 -14 -1 -8 -16 -1 1 -12 -5 1 -3 -15 4 -6 1 3 -12 -3 -5 10 -7 6 3 -5 -3 -10 -1 -7 -5 5 4 2 -1 -6 3 1 -2 -2 4 4 -4 2 5 6 -2 -16 0 -3 -13 -3 2 -6 0 1 5 1 -7 -1 2 1 5 1 2 -7 5 5 -1 4 -3 -6 -13 -7 9 -3 18 -2 3 -9 0 -1 3 1 6 4 -2 2 10 -3 4 0 1 5 0 9 3 -3 -6 -2 7 3 1 4 -4 0 2 1 -2 -7 -19 1 6 -1 1 -5 2 3 1 0 -8 -13 -10 -1 -4 -1 12 0 12 2 2 5 -1 -7 12 2 -2 0 -4 -1 -8 3 1 -10 -5 -8 4 -3 6 -7 -1 -1 -4 4 -1 -8 1 -1 11 3 2 7 1 -8 -4 -1 3 0 -3 -9 1 11 -7 0 10 -17 12 -5 1 -5 4 -3 -1 -1 -3 3 -22 -8 -2 3 1 5 12 10 4 2 2 5 -6 -7 6 3 -4 -4 -1 -5 -4 3 -1 12 4 2 -30 0 8 -2 3 8 5 10 -7 3 4 0 -7 4 -10 -2 -8 -3 -1 7 -3 -4 -10 9 -5 2 23 -5 -2 -6 -9 2 -3 -7 5 6 3 -3 0 6 -4 -7 4 -16 -1 0 5 -4 2 -2 4 0 0 -9 -3 -3 -3 4 -4 2 -1 -5 -17 0 0 5 -1 2 -1 7
Q 1 321 1 0 1 -20 6 7 -2 2 11 1 -4 8 4 4 6 0 7 -5 5 11 -5 0 2 7 9 4 2 13 -9 13 1 -5 -1 -11 -14 3 -1 5 6 7 -4 5 -21 0 -13 -7 1 -4 1 3 0 -3 3 -6 1 13 -8 2 -14 -5 -4 9 7 -2 -5 0 -7 8 -11 -15 9 6 12 5 -7 -1 -1 3 -10 3 4 -7 1 0 6 0 1 -11 4 2 -15 -2 4 -1 0 3 -17 -4 0 6 -8 -5 25 13 13 1 7 2 6 -1 -11 3 20 2 7 -5 -4 25 7 -2 1 26 -4 5 7 3 3 7 -6 1 5 -4 -1 1 2 7 -18 3 -2 9 2 9 2 -12 -5 -4 -3 -3 -18 7 -2 1 0 0 19 6 6 -2 5 1 11 0 2 -6 -9 13 -2 -7 -2 3 -4 2 -2 -12 -6 -12 -2 3 6 4 -5 -21 0 -8 2 7 4 5 6 7 7 -4 5 12 -1 -1 10 16 -5 34 0 28 2 -4 -7 -18 3 2 1 8 -3 8 3 -10 15 -15 -1 4 -3 10 -2 4 -3 -1 4 -4 -1 -15 -3 0 -1 7 4 -28 -9 14 -4 2 7 13 6 -6 3 10 6 6 17 -4 -4 11 -10 -5 0 -2 -7 -4 2 -1 0 3 -33 -2 -13 10 10 -1 -5 -3 -2 0 1 -13 1 1 -5 -1 3 5 -16 -7 -2 -4 7 -6 12 -8 1 -2 0 6 7 4 5 0 -7 -4 3 -5 -4 8 1 -11 0 -5 -14 -1 -1 -8 0 7 -1 16 1 -4 0 3 -11 -1 -4 6 9 -4 1 -8 -2 -7 10 -7 -1 7 1 3 -2 -5 8 2 -4 -6 9 5 -11 -2 0 4 -3 -14 4 -6 -13 -4 2 -2 1 -4 4 1 0 -3 5 2 6 1 2 -3 12 -1 -1 2 3 -7 3 -5 5 17 23 -2 -2 -6 0 6 7 -8 -6 4 -2 -4 13 -6 1 -1 0 6 4 7 -5 -5 -8 2 -3 -5 -6 9 2 0 -1 -2 -4 -6 -20 3 17 -3 0 -2 4 6 -5 0 -5 4 -14 6 -8 -2 2 4 17 -6 4 6 -3 2 11 2 -5 1 13 -2 -11 1 -2 -16 -3 -14 2 -3 2 -6 2 20 -5 11 -2 -4 -2 5 7 -3 3 3 0 -6 -2 0 0 2 -1 -5 -1 14 -8 -3 -2 -2 19 0 14 1 0 -5 1 -2 -4 -1 -28 1 4 -4 0 8 -1 9 9 10 1 6 -5 -6 9 -4 -4 -9 -1 4 7 -2 -2 5 -2 -2 -9 3 1 1 1 -10 2 16 -5 5 1 -6 -2 5 -11 -9 -7 -1 -6 5 -3 -1 -3 -8 -12 6 26 0 3 7 -20 6 -2 -4 -1 3 5 -4 0 6 -3 -14 9 -5 -1 -8 -1 0 4 -4 6 7 8 -6 2 -2 1 -5 -7 3 -3 -4 -14 0 -8 4 0 3 1 7
Q 1 336 1 0 -1 -13 2 5 -9 1 1 4 4 2 2 3 -4 7 -3 -8 1 8 -3 4 9 7 9 18 2 1 -10 7 -5 -17 0 4 -4 -1 3 6 1 2 -6 10 -13 1 -8 -2 1 -5 3 0 -10 -4 -4 0 4 0 -15 3 -11 1 -5 4 -8 0 -10 -9 -5 0 -23 -19 0 4 0 -4 5 -3 -1 3 6 2 1 -4 0 -1 6 1 -1 -4 10 4 -10 -5 10 9 -5 -1 -11 -2 4 -1 -5 -2 9 3 7 -3 0 1 7 7 -7 -3 18 -5 3 -2 0 13 -2 -5 4 16 -1 5 2 -1 -4 6 -3 2 -2 -2 0 1 10 0 -2 4 0 -3 1 2 0 4 -3 -1 -3 -10 -2 3 -1 1 -1 -15 4 0 5 3 1 -1 2 1 5 0 -2 15 0 2 0 -3 -5 1 -3 -5 -3 2 -2 -4 3 -1 -2 19 2 11 -4 1 4 -1 8 12 5 7 9 1 -1 -4 0 7 1 -8 1 3 4 -5 -7 7 8 2 -2 9 -12 2 -2 -3 -1 2 3 -4 -3 3 -15 4 -4 0 3 -8 1 -4 -4 -1 -2 3 4 -22 -2 8 5 5 5 1 -10 -1 3 -9 2 -2 4 -5 -1 8 5 9 -1 3 -1 3 -4 -1 -9 2 -9 5 16 15 10 -7 -2 3 -3 -1 -1 0 -3 -2 5 -5 12 1 5 -3 -5 -10 8 -5 14 4 14 -18 15 7 2 0 8 4 -6 -7 14 -1 2 3 5 -11 -1 -5 -9 1 0 -12 -6 3 -1 -14 6 -4 0 5 -21 0 -8 10 4 1 4 -5 -5 -15 -2 -1 -3 2 0 -4 1 -5 4 0 -1 0 1 5 -3 2 4 5 1 5 -2 -2 -8 0 6 -7 -1 9 4 4 -10 3 3 -1 5 8 2 -6 3 3 0 1 -2 -4 -13 -10 5 -6 20 -3 5 -8 1 0 2 0 0 -1 -2 -1 8 0 1 2 1 3 -2 18 4 -4 -7 -1 7 2 -4 -2 -2 1 3 3 1 -6 -11 0 6 -2 -1 -3 -1 4 0 3 -4 -5 -3 1 -3 1 12 -2 18 2 0 4 -1 -6 10 0 0 3 -11 -8 -3 1 -3 -10 -3 -8 6 -3 8 -6 1 -5 -7 6 1 -6 -9 2 -2 1 2 5 3 -7 -4 -2 1 -1 -4 -5 2 9 -6 -1 7 -13 22 -10 3 -5 2 -2 2 1 -4 1 -12 -7 -8 10 2 7 10 4 1 -1 -2 6 -4 0 5 1 -2 -4 1 -16 -8 3 3 11 5 2 -37 4 6 -3 3 5 2 11 -3 2 1 0 -6 4 -6 -9 -8 0 -1 7 6 -6 -8 17 -4 1 20 -2 -3 -13 -10 -6 -3 -6 0 6 1 0 -1 -1 -5 -6 5 -15 -3 2 5 1 6 -2 3 1 -3 -10 -8 -2 0 2 -3 2 0 -5 -9 -7 0 5 1 0 -2 7
Q 1 337 1 0 -1 -23 2 3 0 -2 10 7 -2 13 3 5 5 2 -2 -12 3 6 -4 6 4 8 11 9 -1 5 -13 12 -5 -14 -1 -1 -17 -1 5 6 3 7 -5 6 -17 3 -13 -2 0 -10 2 0 -5 -6 4 -8 1 5 -4 3 -8 -1 -5 1 -4 1 -11 -2 -5 7 -4 -12 3 4 12 3 -1 -2 -3 2 -2 0 3 -8 3 -1 4 0 -4 -9 4 0 -11 -1 6 5 -3 3 -7 -4 6 4 -4 -6 14 10 9 4 4 2 9 -3 -7 3 11 0 6 -6 1 12 3 -2 1 5 -2 1 6 4 6 5 -7 3 -4 -3 -2 -3 8 0 -14 2 -2 5 3 8 2 -6 -4 -7 -7 -4 -9 0 -2 1 -2 -13 14 5 8 -5 3 -3 -5 -4 3 -4 -4 16 -3 -8 -1 -8 -2 2 -1 -4 -13 -7 -4 0 5 2 -4 -2 1 3 -3 5 4 3 7 6 8 0 3 -4 -2 0 2 13 -3 19 2 8 3 -6 -4 -11 4 2 3 11 -8 9 2 -6 2 -8 0 3 -7 5 0 6 -4 -3 2 -6 2 1 -1 0 -3 4 5 -19 -4 9 3 3 10 5 6 -3 2 1 2 3 14 -4 -5 13 -11 4 -1 2 -1 1 -3 11 -3 2 -12 -10 -6 7 11 -7 -5 -4 -1 -1 -2 -11 1 -1 2 -1 2 -2 -9 -5 2 -7 9 0 12 5 3 -8 1 6 4 -1 0 -2 1 -5 12 -5 -1 4 0 -7 0 -3 -6 2 -2 -6 -1 5 2 10 3 0 2 3 -21 0 -5 2 20 -7 2 -7 -4 -7 4 -1 2 1 -1 -5 -1 -4 6 -2 0 1 5 5 -10 -1 0 -1 1 7 -2 -2 -5 -1 3 -5 -2 5 3 0 -2 2 5 -1 6 5 4 -4 9 -3 -1 -5 4 -5 -3 -8 1 10 19 -3 1 -4 0 6 4 -8 -6 -4 0 -7 8 -3 -2 -1 1 2 2 18 -3 -5 -9 -1 -1 -3 -9 3 4 4 0 1 -5 -7 -11 1 15 -3 -1 -4 2 10 -3 4 2 9 -2 4 -4 1 5 0 23 -3 1 2 -4 1 9 -1 -3 6 1 -9 -6 1 -8 -16 -2 -9 6 -1 4 -10 4 19 -8 8 3 -2 -11 4 -3 -3 2 2 0 -4 -2 0 -3 0 -2 -4 -1 12 -3 -3 -5 0 29 -3 13 1 -3 -3 7 -2 -4 -1 -15 2 -6 8 2 9 0 4 3 6 -1 7 -2 2 7 -5 -4 -8 -1 -7 0 -1 2 4 2 -6 -19 9 1 2 2 -10 -2 14 -2 3 0 -3 -1 5 -4 -15 -5 2 -6 2 6 -2 -3 3 -10 6 22 0 3 -1 -19 -8 -5 -5 -3 7 2 -3 1 -1 -3 -12 10 -6 -2 -2 5 6 8 -4 1 4 2 -7 -5 -3 1 -6 -4 0 -4 -2 -10 -7 -7 2 1 4 -1 7
Q 1 352 1 0 -1 -6 5 12 -12 3 2 -6 2 1 4 3 1 4 4 -5 2 14 -5 -1 7 6 12 12 5 2 -6 9 -1 -12 -2 -2 -3 2 -2 2 3 0 -4 6 -20 -2 -11 -11 5 1 0 2 -9 -4 -5 0 4 8 -13 4 -11 -3 -6 7 -5 1 -7 -8 -4 2 -29 -26 5 6 -4 -3 4 -5 1 5 -5 2 -2 -4 -4 0 6 0 2 -5 11 7 -10 -7 9 4 0 1 -29 -3 0 2 -8 -2 23 3 6 -6 2 2 7 4 -9 -6 24 -4 6 -3 0 14 -2 -8 3 37 -1 8 -1 -1 -5 7 -2 -1 12 0 0 4 4 4 -6 2 -2 -2 -1 6 -3 4 -2 3 1 -13 -7 5 -1 -4 0 4 4 -1 1 6 2 3 17 3 3 1 -7 4 0 4 2 9 -5 3 -4 -8 1 -2 1 -3 2 3 -2 3 4 -3 0 1 1 2 5 15 0 6 11 9 -2 -3 3 9 -3 -3 -2 6 2 -2 -10 5 4 1 -1 6 -3 3 -3 -5 14 -4 4 -2 -3 6 -20 2 -5 2 3 -9 -1 -13 -6 -1 -1 5 -1 -25 -3 14 2 3 4 4 -19 -3 3 -2 6 -1 3 -4 0 11 5 -1 -1 -1 -6 -2 3 -11 -3 0 -28 7 8 17 7 -3 0 6 -4 2 1 4 -4 3 4 -1 11 13 4 -8 -6 -5 7 -8 15 -8 10 -10 10 4 4 5 10 5 -9 -5 7 2 2 5 9 -17 -2 -4 -16 1 3 -10 -5 0 -2 -18 2 -5 1 2 -11 -1 -3 11 -12 3 5 -4 -2 -9 1 -10 -4 6 4 1 -1 -7 3 2 0 1 6 3 -4 4 4 2 -2 -10 0 -3 -8 -1 3 -4 -1 3 5 2 -10 -3 2 1 5 1 0 -6 7 6 -2 5 -4 -6 -11 -7 11 -6 19 -2 2 -8 -1 3 4 1 1 3 1 2 7 -3 4 -1 1 6 0 13 1 -4 -5 -1 0 4 -2 5 -5 1 5 1 4 -4 -18 3 6 -1 1 -3 2 3 0 -2 -9 -13 -7 -2 -7 0 8 1 14 10 3 6 -1 -8 12 1 -2 -1 -5 1 -8 4 0 -13 -5 -12 2 -3 4 -14 -3 0 -3 0 -1 -10 7 -3 7 3 3 6 1 -11 -5 -1 1 1 -2 -10 2 10 -8 2 13 -29 16 -6 4 -6 3 -2 -1 0 -2 3 -21 -6 -1 8 0 6 13 7 4 -1 4 3 -7 -2 5 3 -3 -3 0 -3 -1 4 -2 13 6 2 -33 1 8 -2 5 9 6 10 -6 1 5 0 -6 4 -9 -4 -7 -2 -3 6 -2 -5 -10 10 -7 2 19 -4 -3 -7 -12 3 -4 -8 6 6 2 -2 -2 8 -5 0 3 -13 -1 -1 4 -5 2 -1 5 -1 2 -11 -6 -2 -3 4 -4 4 4 -5 -12 -2 -1 4 -2 2 -1 7
Q 1 353 1 0 -1 -17 9 10 -3 2 12 -4 -5 7 5 5 8 -4 8 -9 3 12 -3 2 0 6 12 4 2 10 -11 15 0 -3 0 -8 -14 3 -3 5 6 8 -3 3 -23 0 -13 -12 2 -1 3 4 -1 -6 0 -6 1 16 2 3 -9 -6 -5 6 7 -1 -7 0 -3 8 -11 -17 11 7 11 6 -6 -4 -2 2 -15 2 1 -7 -3 1 4 -2 0 -11 6 3 -13 -2 3 -3 1 5 -22 -5 0 7 -7 -4 33 12 8 0 8 2 9 -8 -11 2 13 1 8 -6 -2 16 7 -3 -1 22 -2 7 4 4 4 5 -4 -1 10 -3 -2 0 -1 10 -18 0 -3 7 1 14 1 -12 -5 -6 0 -4 -16 6 -3 -3 1 2 18 6 6 -2 5 3 14 -1 4 -5 -11 4 -2 -5 1 5 -4 3 -4 -10 -8 -14 0 2 2 6 -5 -22 0 -8 3 7 1 6 4 7 9 -3 5 8 -1 -3 5 15 -6 27 0 16 1 -4 -4 -13 3 2 2 6 3 8 2 -8 19 -19 -1 5 -8 11 -3 5 -3 -1 4 -7 -2 -12 -3 -1 -2 7 1 -26 -7 17 -3 -1 8 8 -3 -5 3 10 6 6 16 -7 -2 13 -8 -8 1 -3 -8 -6 6 -1 4 3 -35 -9 -17 11 10 -3 -3 -2 -1 1 0 -9 1 3 -4 3 2 12 -11 -7 0 -1 7 -7 14 -8 1 1 -4 6 6 6 5 1 -3 -2 2 -2 -4 8 3 -14 0 -2 -14 2 0 -7 -1 5 0 13 0 -3 0 0 -10 0 -3 6 5 -7 2 -7 0 -6 12 -11 0 8 1 3 -2 -7 7 3 -3 -4 11 3 -10 0 -2 1 -2 -8 4 -5 -9 -2 3 0 0 -3 6 1 -2 -6 4 2 5 0 -1 -2 16 0 -3 3 2 -7 6 -5 7 15 23 -3 -4 -6 -1 11 7 -8 -11 4 1 -5 10 -6 1 -3 0 8 5 11 -8 -6 -7 3 -10 -4 -9 10 0 1 2 -2 2 -3 -20 5 16 -3 -1 -1 4 7 -7 -3 -6 4 -10 6 -12 -1 -2 6 19 2 5 7 -3 1 11 2 -5 1 11 -1 -11 2 -2 -18 -3 -17 0 -3 0 -15 -1 22 -3 7 -2 -6 5 2 3 -3 3 3 1 -9 -2 -1 -1 3 0 -6 0 13 -8 0 2 -15 23 -1 17 -1 -1 -5 0 -1 -2 0 -25 2 6 0 -1 9 0 6 9 7 3 3 -7 -1 8 -4 -3 -8 0 7 9 -3 -3 8 0 0 -13 4 2 0 2 -9 3 14 -5 4 1 -7 -1 6 -9 -11 -6 0 -8 5 -2 0 -3 -8 -14 5 21 2 2 5 -25 8 -3 -5 0 4 4 -3 -2 8 -4 -7 8 -2 -1 -8 -2 -2 4 -2 6 6 9 -8 -2 -1 1 -5 -6 6 3 -4 -8 -2 -8 3 -1 4 1 7
Q 1 368 1 0 1 -10 3 7 -10 2 1 0 5 2 3 3 -1 4 -2 -9 -1 8 -3 3 7 6 12 17 3 -3 -10 8 -6 -17 1 5 -4 -1 1 5 1 3 -5 8 -15 0 -10 -6 2 -3 4 1 -11 -6 -6 -1 4 2 -6 4 -7 0 -5 1 -8 1 -11 -8 -3 0 -23 -20 2 4 -1 -3 6 -5 -1 2 3 1 -1 -4 -2 0 5 0 -2 -4 12 4 -9 -4 10 8 -4 1 -16 -2 3 0 -4 -1 18 3 3 -5 0 1 8 2 -6 -3 13 -6 3 -3 2 6 -2 -5 2 13 0 6 0 0 -3 5 -1 1 3 -2 -1 0 8 2 -2 2 -1 -4 0 5 -1 4 -3 -2 -2 -10 -1 3 -1 -2 0 -14 3 1 5 3 2 1 5 0 7 2 -3 8 0 3 1 0 -4 2 -5 -3 -5 2 -1 -5 0 0 -1 19 1 10 -2 2 3 0 7 11 7 8 10 -2 0 -4 -4 6 -1 -12 1 -9 3 -5 -5 12 7 2 -2 7 -7 2 -2 -3 2 -2 3 -3 -5 3 -16 4 -4 0 3 -11 0 -1 -3 -2 -3 4 1 -21 0 9 6 3 6 -4 -18 -1 2 -9 2 -3 3 -8 0 9 6 6 1 2 -1 1 0 -1 -6 3 -10 -1 12 15 10 -8 0 4 -3 0 -2 5 -4 -1 7 -1 11 7 9 -4 -3 -7 6 -5 14 4 13 -16 11 6 2 2 7 5 -3 -5 13 1 2 2 7 -13 -1 -2 -9 3 1 -11 -6 2 0 -17 5 -3 0 3 -20 1 -6 11 0 -2 5 -4 -4 -14 0 -5 -2 3 -1 -5 1 -7 3 0 0 3 3 4 -3 3 3 2 2 10 -2 -2 -4 2 6 -5 -2 10 3 4 -13 2 2 -1 5 8 0 -6 5 4 -1 2 -2 -3 -11 -10 7 -7 20 -3 4 -6 0 3 2 0 -4 -2 1 -1 6 0 0 2 2 4 -1 21 2 -5 -6 -1 0 3 -8 -1 -2 2 6 3 5 -4 -11 1 5 -2 -1 -1 -1 5 -1 1 -5 -6 -2 0 -5 2 9 -1 19 9 1 5 0 -6 10 -1 0 2 -11 -7 -4 3 -4 -13 -3 -11 5 -4 6 -12 -2 -3 -6 3 2 -7 -4 0 -5 1 2 4 5 -10 -5 -1 -1 0 -5 -6 3 9 -7 1 10 -23 26 -11 5 -6 1 -1 2 2 -2 2 -11 -5 -6 14 2 8 11 1 1 -4 0 4 -5 3 4 1 -1 -4 1 -13 -6 3 2 13 7 3 -40 5 6 -3 4 6 3 11 -3 1 2 -1 -6 5 -5 -10 -7 1 -3 7 6 -6 -7 18 -6 1 16 -1 -4 -13 -12 -5 -3 -6 2 6 0 1 -3 1 -6 0 4 -13 -4 1 5 -1 6 -1 3 0 -2 -13 -11 -2 0 2 -2 4 4 -5 -5 -8 0 5 0 1 -3 7
Q 1 369 1 0 1 -20 4 4 -2 -2 10 2 -2 13 4 6 7 -2 0 -15 2 6 -3 7 2 7 15 9 0 2 -14 13 -5 -13 0 1 -16 -2 2 5 3 8 -3 4 -18 2 -15 -6 1 -7 4 2 -6 -8 2 -8 1 7 6 4 -3 -2 -6 -1 -3 1 -14 -2 -2 7 -5 -14 5 5 12 3 0 -5 -4 1 -6 0 1 -7 0 0 2 -2 -4 -9 6 1 -10 0 6 4 -2 5 -11 -4 6 5 -2 -5 23 11 5 3 3 2 12 -9 -7 3 5 -1 6 -7 3 4 3 -3 -2 1 0 3 3 5 7 3 -5 2 1 -3 -2 -4 5 2 -14 -1 -3 4 2 10 2 -6 -4 -7 -5 -3 -8 -1 -2 -2 -1 -12 13 6 8 -5 4 -1 -2 -4 5 -3 -6 9 -3 -6 1 -6 -1 4 -3 -1 -15 -8 -2 -1 1 3 -3 -3 1 3 -1 5 2 4 4 6 9 0 4 -7 -2 -1 -3 12 -4 14 3 -3 2 -7 -2 -6 3 2 3 9 -3 9 2 -6 6 -12 0 4 -11 6 -2 5 -3 -3 2 -9 1 4 -1 -1 -3 4 2 -17 -2 11 4 1 12 1 -2 -3 2 1 2 4 13 -8 -2 14 -9 1 0 1 -2 0 1 11 1 2 -13 -16 -10 8 10 -9 -3 -3 0 0 -2 -7 0 0 4 3 2 4 -4 -6 3 -4 8 -1 13 6 3 -5 -4 6 3 2 0 0 5 -2 11 -2 -2 4 3 -9 1 0 -5 5 -1 -5 -2 3 3 8 2 1 1 0 -20 2 -4 3 15 -10 3 -5 -3 -7 6 -4 3 2 -2 -5 -1 -7 6 -1 1 3 7 4 -9 1 -1 -4 2 12 -1 -1 1 2 5 -3 -3 5 4 1 -5 0 4 -1 6 5 1 -3 11 -2 -3 -4 2 -4 1 -9 3 9 20 -3 0 -3 -1 10 5 -7 -10 -4 2 -8 6 -3 -3 -3 1 3 3 21 -5 -6 -8 0 -9 -3 -12 3 3 5 2 0 0 -4 -12 3 13 -3 -1 -2 3 11 -4 2 0 8 0 3 -7 2 2 2 25 5 2 3 -4 0 9 -1 -2 6 0 -9 -6 2 -8 -20 -2 -12 4 -1 2 -17 1 21 -7 5 3 -4 -5 2 -7 -4 1 2 1 -8 -2 -1 -4 1 -2 -6 0 12 -4 -1 -1 -12 32 -5 16 -1 -4 -2 7 -1 -2 -2 -13 4 -3 12 2 11 1 1 3 3 0 4 -3 6 7 -4 -3 -7 -1 -5 2 -3 1 7 4 -4 -22 10 2 2 3 -9 0 13 -2 2 0 -4 -1 7 -2 -17 -5 3 -7 2 7 -2 -2 3 -13 5 17 2 2 -3 -23 -6 -5 -6 -2 8 1 -2 -1 2 -4 -5 8 -3 -3 -2 4 4 8 -2 2 4 3 -9 -7 -2 1 -6 -3 3 1 -1 -6 -9 -6 3 0 5 -1 7
L 2 65 1 85 -1 0 1 0 -12 -6 0 2 -4 1 -1 1 1 -2 2 -5 3 -5 2 -1 0 -1 5 4 -3 -4 4 -3 1 2 -1 1 7 -3 -1 0 0 -3 0 -8 0 -2 5 -3 1 3 -1 0 2 5 4 0 -2 6 10 1 -2 -4 -1 -1 0 2 9 2 4 -2 3 -6 0 -2 -1 1 2 1 -8 5 -3 -2 -1 2 0 2 2 -2 0 2 -2 -4 4 -2 1 -3 0 0 -9 -1 -3 4 1 -1 -1 -3 -9 1 3 -2 6 4 0 1 -10 -2 0 0 -3 -1 3 3 1 14 -2 2 3 -3 0 0 0 1 3 4 3 4 1 2 9 -1 1 3 -3 2 0 5 3 4 -3 6 2 -1 0 0 1 4 -3 -1 0 3 -3 1 7 -3 2 1 1 -7 -1 3 1 -3 3 0 -2 -3 8 4 3 -1 -1 2 -3 6 -1 -9 1 -3 -3 2 -2 -2 4 -2 -1 -5 0 0 2 -7 -3 -2 -1 -1 -2 -2 4 4 2 -2 -3 -1 -1 -1 -1 5 8 0 -2 -2 4 2 0 -4 3 0 0 3 -3 -8 5 0 3 -1 3 -9 2 -9 3 0 -1 -6 -18 2 -2 -1 1 1 5 3 1 0 1 2 2 -1 5 -1 3 -1 3 -3 2 2 4 -1 0 6 4 -2 -4 1 -2 -9 2 -2 -3 0 1 0 -5 0 0 8 2 4 2 -8 -9 -4 9 -3 2 0 -2 2 2 -2 1 5 2 2 1 -1 2 -1 -4 4 0 2 10 0 -2 -13 1 0 0 -3 -2 -3 2 -1 -3 -2 -1 0 2 -5 0 3 -1 -2 1 -3 -1 0 0 -4 -1 2 -1 0 -2 2 4 0 -2 0 5 4 2 -3 4 3 0 -5 6 1 -3 0 -4 1 -6 -3 0 4 1 5 4 3 0 -1 -4 1 2 1 -17 3 -2 4 2 -5 -5 4 3 0 2 -2 -2 0 -1 -1 0 -6 -3 5 1 0 -1 1 -3 -3 1 0 0 1 3 -4 -3 9 2 0 -2 2 2 -1 1 -6 2 0 3 1 2 0 -2 -1 10 -1 6 10 -5 0 -2 2 -1 4 -3 0 -9 -7 -1 3 0 2 -2 4 -4 1 -1 2 0 7 0 0 1 1 6 0 3 2 -2 -3 0 6 5 0 -2 4 2 1 2 -3 4 6 5 -1 -13 4 1 1 -1 4 -1 1 2 -1 -5 3 1 -2 -1 -10 -3 -10 -3 -9 6 -2 -7 3 -2 0 5 -1 0 -3 -2 0 1 -14 -2 3 -4 1 -1 0 -1 2 6 -1 -1 -3 4 -2 -2 -1 5 -2 3 -6 4 -12 4 -1 -1 -11 2 1 13 1 -1 -2 1 -1 -1 1 2 -9 1 -1 0 1 8 -1 -8 5 0 2 0 -1 0 -1 1 -6 -3 1 -5 4 -3 -2 3 0 4 -1 -1 7 7 -6 1 2 -3 -7
L 2 66 1 122 1 1 1 -7 0 -3 2 2 -2 -4 -2 4 -2 -2 -1 -1 3 0 -3 0 -2 -2 2 6 -4 -4 -1 -7 -1 5 5 5 11 -3 0 -3 -1 0 -3 -1 1 0 5 -5 -3 5 0 0 4 2 0 2 -3 -4 0 0 4 5 0 -14 -6 0 1 3 4 -4 0 6 -6 -2 -2 0 -5 0 4 1 3 -4 0 5 -1 3 0 -2 1 3 1 -6 6 4 -1 1 1 -1 -9 -2 2 7 4 -2 -2 -1 5 1 3 4 3 2 -2 -1 -10 0 -4 3 2 -11 2 0 4 -2 0 1 0 -1 2 0 2 -1 -4 6 -1 -2 1 -1 6 -2 3 -1 -1 0 1 5 5 5 -1 -2 -3 0 2 2 2 -2 -2 0 -2 -5 -4 -2 -3 -1 0 7 2 1 3 0 3 9 1 -1 2 2 -3 2 2 -4 -1 0 -1 5 0 -5 2 0 1 -3 -2 -1 4 3 5 4 0 -4 1 -3 -2 7 -1 -3 1 -3 -1 2 -1 -1 -9 0 0 -2 2 3 3 0 1 2 -4 2 -3 -2 3 -4 2 2 -1 2 4 0 3 -3 1 -1 2 -3 0 0 -7 1 -8 6 -1 -11 3 4 0 -3 2 -1 -12 4 1 2 6 3 1 -6 -6 -2 18 -4 -3 0 -5 2 3 -1 -4 3 -1 -4 1 -9 2 6 -3 2 4 -2 -4 1 -5 3 0 -1 2 3 4 -6 -1 1 -1 -2 11 2 -4 6 3 -3 -6 3 1 0 2 -4 1 -2 2 -2 -5 -8 -1 -3 -3 -8 -7 0 0 0 -9 1 1 2 2 -3 -3 -3 0 -3 1 -4 5 -6 0 -4 -2 1 -16 -3 3 3 -4 -5 1 3 -3 3 -7 6 4 2 1 -3 -4 2 -1 0 -7 -1 -5 -4 -2 1 3 0 2 -1 1 2 0 -1 -3 -2 -17 -1 0 12 1 -3 -2 4 -6 0 0 -3 1 0 -2 0 -1 -2 -6 -2 4 2 -1 4 7 3 -1 -13 -4 -5 0 0 -6 6 2 -5 -7 1 -1 1 -2 0 1 1 -6 5 -3 -6 1 2 8 -4 -4 -6 -3 -3 -4 -1 -2 2 0 6 -14 -12 0 3 3 2 -3 -5 0 -1 -2 12 -1 -5 -3 -1 0 3 -10 -4 2 4 0 -4 -2 6 -4 4 -2 3 -7 2 2 0 4 3 3 1 7 2 -2 -2 1 1 5 3 0 -1 -5 -3 0 9 3 -9 -1 2 -4 1 5 -2 0 7 1 0 1 -2 -2 2 -3 1 3 2 0 0 -21 1 -1 2 -1 1 2 2 3 -1 -2 3 4 -4 3 -11 0 -3 4 -8 3 -2 -5 0 8 -6 1 0 -1 -2 4 -7 -2 3 4 7 3 -3 3 -1 -4 3 3 6 -3 0 4 2 -7 1 -2 -3 2 1 6 6 0 -2 0 1 3 1 3 1 11 -2 -2 -1 1 7
L 2 67 1 69 1 1 0 2 4 3 -2 -1 3 -1 1 -4 -1 1 1 5 -2 3 -1 2 2 1 -4 -6 4 3 -1 3 0 -3 -7 -5 -8 6 -2 2 4 4 3 2 -3 -1 -2 7 5 -6 -1 1 -5 -3 6 0 3 9 -9 1 -7 -4 0 13 2 1 -1 -2 -5 5 0 -8 5 2 1 0 4 1 -1 -2 -2 4 -2 -4 0 -1 -1 2 -1 -3 0 4 -4 0 4 -1 -2 0 15 0 0 -5 -4 3 5 3 -2 -3 -1 -3 -5 -1 -2 2 13 -1 5 -1 0 16 -4 1 -4 -6 -1 -1 1 0 -5 1 0 3 7 -7 -1 4 -1 1 -7 2 -3 -2 1 0 -5 -2 -4 -2 2 -4 1 0 1 0 -1 2 3 1 1 3 1 2 1 3 -3 -7 -1 5 -2 0 -2 -4 -2 3 2 1 2 -4 -4 1 -1 0 2 -8 3 5 -1 -2 0 4 1 -1 -11 0 -6 -2 -1 4 -2 2 -1 -5 1 1 -3 3 0 -1 0 2 7 0 -3 0 0 -3 -6 0 2 0 3 -1 -1 2 -3 3 -2 -2 3 -2 -3 2 -2 1 -1 3 -1 3 -3 2 6 6 13 -6 0 6 0 -3 -1 3 -3 2 7 -5 -1 1 -4 -2 0 6 1 1 -18 5 4 -2 4 -2 -4 1 2 -5 2 5 -3 10 -3 -5 3 -1 -4 -1 1 -4 3 -3 -4 2 11 1 -12 6 1 0 -1 -1 -9 0 -1 -6 -6 2 5 -6 1 -1 0 1 1 1 -6 3 5 8 1 3 3 8 10 2 -2 0 9 1 -1 1 -1 6 3 5 -1 3 0 4 -4 3 -3 5 0 -1 12 2 -2 -1 2 2 3 -7 1 -6 6 -5 -4 -4 1 2 1 1 2 0 6 4 7 5 1 -2 -6 0 -2 2 1 -1 -1 3 2 5 17 1 -2 -6 2 8 2 -1 0 1 0 3 0 0 3 -1 0 5 4 -13 -1 2 2 -2 -9 0 -7 14 1 3 -1 0 -1 -7 -1 4 2 -1 1 -4 3 -2 -1 -3 6 -5 5 5 0 -2 -12 3 6 -1 3 2 5 1 2 -3 0 -9 12 10 -1 -5 -1 2 0 7 3 0 2 -7 0 -1 2 -2 0 -1 4 2 -2 -6 1 5 1 -6 1 -5 1 -2 6 -2 0 -1 -3 -6 -4 -3 -7 -2 5 1 3 -2 -3 -2 0 3 10 0 1 -8 -1 10 2 0 5 5 -3 1 -1 -7 -1 -1 0 2 1 5 2 -1 -4 0 2 -3 32 -4 -1 -1 0 0 -3 -6 -1 2 3 -3 -6 3 -1 7 -3 3 -2 11 0 2 4 4 -6 3 -10 0 1 -1 -6 6 4 0 -2 -3 1 3 -1 3 0 -6 -1 -5 4 -2 -5 0 7 1 1 3 0 -3 -3 -3 2 2 -1 -2 -2 -3 -4 -2 -13 4 0 -1 2 7
L 2 68 1 111 -1 -1 -4 -7 15 1 3 3 1 1 -2 6 -7 1 -3 5 1 1 -3 -4 -3 2 -2 0 -2 -6 1 -6 0 6 8 4 10 -4 3 -1 -5 -3 -1 1 2 4 1 1 -4 -4 0 -1 3 3 0 1 -3 -5 -1 -2 13 -3 3 -12 -2 -3 -4 0 -1 -3 0 -3 -7 -2 2 -2 -7 2 7 1 5 0 -1 -1 -2 -2 -2 -1 -2 -1 -3 1 3 1 -4 5 5 -1 -7 2 -3 3 4 -1 -13 -6 2 3 0 5 -6 0 -4 -3 3 0 -3 1 1 -8 3 -4 3 2 1 -4 2 0 6 0 1 -3 -1 7 -4 -2 2 1 1 -2 6 0 3 0 3 7 2 4 2 4 4 2 4 0 0 0 -4 2 -2 1 0 0 -8 2 5 7 1 2 3 -5 1 -1 0 -5 -1 -3 2 7 2 0 0 1 -1 6 0 -1 2 4 1 -3 1 4 12 1 3 -1 -2 -2 2 -1 0 -3 1 0 6 -1 1 -8 -5 -4 2 -1 8 -1 2 1 -6 2 -3 3 -3 0 3 -3 2 -6 1 4 0 7 0 -1 1 -1 -1 28 -1 -1 4 -1 -1 4 4 2 -3 -6 -2 0 -5 -3 -2 -2 -11 11 1 0 1 4 -3 -4 -9 0 11 -8 -2 -2 -5 -3 2 1 0 6 1 0 1 -11 3 1 -3 0 10 0 0 -6 1 2 3 17 1 4 1 -2 -2 1 2 -1 6 0 -3 3 2 -1 -1 6 -1 4 -3 -1 0 -2 2 -3 -2 -16 -2 -3 -1 -2 -9 0 1 -1 0 1 0 3 -1 -1 -6 -7 3 -1 1 -2 5 -3 2 -1 -2 5 -12 -3 4 0 -3 -2 1 14 -3 0 -10 1 0 1 -2 4 -4 -2 4 4 -4 -3 3 -3 -3 -1 2 -3 2 -3 0 0 -6 -5 -3 0 -15 -3 0 3 1 -4 0 -2 2 -3 0 1 3 -1 -2 1 -4 -1 0 5 1 -2 1 1 5 2 5 -13 -1 -5 2 2 3 5 5 -1 -4 3 0 3 1 3 3 2 -5 2 3 -9 3 1 9 -2 -9 -19 -2 -1 -3 -1 -5 5 3 12 -1 -8 -1 2 -1 -5 -4 -5 -3 2 -3 -3 4 3 -3 -1 0 1 5 -2 1 1 1 -6 -2 5 0 1 -1 -4 -4 2 -2 0 -1 4 -3 1 13 -1 5 0 -2 -1 7 2 4 -1 0 -1 -8 18 3 -9 -2 -4 -3 -5 0 -2 8 5 -4 1 2 1 -3 2 -1 0 3 7 0 -2 -6 4 0 1 1 2 0 8 2 1 -5 3 7 -5 -1 0 -1 -1 2 -5 -3 -3 -1 8 6 -3 11 0 1 -5 5 -10 -2 2 0 11 0 -1 3 -5 -5 7 7 4 -3 4 4 2 -6 -2 0 0 -1 4 -2 3 1 -3 -3 -1 -1 3 3 -4 4 0 -1 -2 0 -7
L 2 69 1 73 1 5 1 7 1 2 -2 -1 1 -2 0 -3 -2 1 0 3 -2 -2 0 1 2 0 -5 -4 3 6 3 7 0 -6 -7 -5 -10 5 -2 1 2 1 2 2 -2 -2 -1 5 4 -4 0 2 -3 -2 3 -4 3 8 -5 2 -3 -1 -2 15 5 1 0 -1 -3 3 0 -7 6 2 2 2 -3 2 -3 -1 -3 4 -2 -4 -1 -1 1 -1 1 -4 0 2 -3 -2 1 -2 -3 1 8 0 1 -4 -3 5 8 2 -4 -3 0 -3 3 -2 3 2 10 0 2 -2 -3 15 -4 1 -5 1 0 -1 2 2 -4 1 -2 2 8 -6 0 1 -1 0 -1 3 -5 1 2 0 -4 -1 -4 -2 1 0 4 1 0 0 -1 6 3 0 0 4 3 1 4 1 -3 -9 -1 2 -3 2 -2 -11 -2 2 -1 1 1 -4 -3 3 0 0 1 -8 0 2 -1 -2 -1 4 -1 -2 -5 -2 -1 -9 0 3 -2 5 -1 -5 1 0 -5 0 1 4 0 3 7 0 1 1 0 -2 -4 0 0 -1 4 0 -2 1 -3 4 -1 -3 2 -2 -1 0 0 3 -2 -10 -1 3 -2 0 4 0 12 -7 1 13 -1 -2 2 0 -1 3 10 -7 -1 0 -4 -3 1 5 1 0 -18 -2 5 -2 2 0 -2 0 3 -4 0 5 -2 9 -3 -6 3 0 -8 -1 8 -1 2 -3 -1 -2 4 -4 -4 6 1 -1 1 2 -11 -1 2 -5 -3 0 3 -5 1 0 -1 4 1 2 -2 2 3 9 1 4 5 7 4 4 -2 0 6 -2 -1 -2 -1 2 3 5 -2 3 -1 4 -5 5 -3 7 1 -1 11 2 -5 -1 2 4 2 -17 1 -2 9 -5 -3 -3 -1 2 4 0 -1 -1 4 1 1 5 2 1 -3 2 -3 1 -1 -1 3 3 3 6 18 3 -1 -9 1 6 3 -1 5 -1 0 3 0 1 2 1 2 2 5 2 0 0 0 -4 -3 -2 -1 12 2 4 0 -1 -2 -10 -3 4 4 -1 1 -1 2 -1 -1 -3 4 4 2 6 -2 -2 -2 3 5 10 2 3 3 2 3 -2 -1 -6 12 11 -1 -4 0 -2 2 4 0 0 2 -8 -1 0 2 -1 0 -2 11 1 -2 -5 0 5 0 -6 2 -4 0 -2 7 -4 1 0 -1 -5 -7 2 -4 -1 5 1 1 1 -4 -4 -1 2 3 0 3 -8 -2 8 0 -1 5 -1 -2 1 0 -8 -1 -1 0 1 0 8 3 -1 -3 -5 -1 -2 40 -2 1 -1 -1 0 -1 -4 -2 -1 6 -4 -6 3 -3 4 -2 1 -3 11 -1 2 6 -8 -8 5 0 0 1 0 -10 9 3 0 -4 -8 -1 2 -3 -2 3 -13 -3 -2 4 -3 -4 0 7 1 1 2 1 3 -7 -4 1 1 2 -1 -2 -3 -2 0 -12 3 2 1 0 7
L 2 70 1 70 1 -16 -1 -6 -1 -2 1 2 1 9 1 1 -3 0 2 4 2 -1 0 -5 -2 4 2 -2 -1 -4 6 -4 2 6 0 0 5 -5 3 1 -3 -3 2 -6 0 2 8 -2 3 -1 1 -3 1 5 6 0 -3 8 12 -4 6 -11 5 -1 2 -3 4 1 2 1 5 -18 -3 -3 3 0 1 3 -7 4 -1 1 0 0 0 -2 1 2 1 -3 -7 3 0 -3 1 1 4 -1 -7 2 -6 -2 -3 0 -10 -5 -4 1 3 -1 -7 1 -4 1 -4 -3 3 0 -4 1 4 1 1 20 -2 -3 2 -2 3 2 0 0 16 5 0 6 -3 5 4 -1 3 3 0 4 -1 10 -3 3 1 9 11 4 3 -5 1 4 -5 0 0 11 -1 3 2 0 3 4 0 -2 3 -4 1 -4 2 -4 -5 -8 13 8 0 1 -1 6 -3 10 0 -2 1 0 -1 3 3 1 5 -3 -6 -6 -4 3 3 -4 -2 -14 -1 0 1 3 5 -2 1 -4 9 -1 -3 -1 -1 2 0 2 -5 -1 3 0 7 -3 3 -3 -1 5 -1 -7 1 1 1 -1 -1 24 -3 -5 6 -1 5 -13 -10 -5 -5 -3 -3 0 -1 8 -2 0 -3 10 3 -3 -2 -1 -2 -1 -13 -1 -2 2 2 -3 1 3 0 1 -1 4 -1 -5 0 -6 -2 -3 2 -3 0 2 -2 -2 5 3 3 12 2 1 3 1 1 2 1 1 -3 -4 -6 3 1 3 18 0 0 -1 -8 3 0 5 7 0 1 -23 2 0 -1 -1 2 -3 0 -2 10 1 -2 4 -1 -1 -4 0 2 0 3 -2 0 2 3 0 -2 4 6 0 -2 -2 6 4 1 15 3 -2 -3 -7 0 4 0 3 2 -4 0 6 -2 2 -1 2 0 2 -10 2 2 1 1 -4 -8 -1 4 1 -13 3 -2 -2 3 -7 -2 0 6 -2 2 3 0 -1 0 0 -4 -4 2 12 -2 -2 0 2 -9 -3 1 2 3 0 2 -3 3 9 7 0 -3 2 2 -1 4 -4 5 0 6 -4 9 -8 0 -4 5 1 14 1 -3 0 3 2 -6 4 1 -6 -5 -6 -2 1 -5 0 -3 3 -6 3 -1 -7 8 11 0 0 5 0 15 1 1 -1 -1 -6 3 6 5 -2 -1 -1 5 0 -2 -4 -1 5 7 -5 -11 1 5 3 -3 0 1 1 8 1 5 5 -4 10 1 -12 -4 -14 -2 -12 2 -1 -5 0 -6 0 8 2 -1 -7 -1 -3 2 -5 0 1 5 5 -4 0 2 2 6 7 -2 0 0 -3 -1 1 5 12 4 -3 4 -16 1 -3 2 -6 0 4 14 -1 -1 -4 3 -7 -1 -2 2 -6 0 -1 -2 2 6 1 -2 1 1 6 -1 1 0 -5 4 -4 -5 3 -13 2 -2 -2 0 0 -1 1 -1 0 6 -5 4 2 -3 7
L 2 71 1 92 -1 -1 3 2 -7 -1 -1 -3 1 -6 2 -10 8 -1 5 -5 -4 -3 1 7 3 -3 -2 -3 0 8 1 0 -3 -5 -12 -2 -4 5 0 0 5 3 2 -3 -2 -7 3 0 6 7 0 3 -2 -2 3 -1 1 13 3 4 -5 0 -3 11 0 2 9 0 1 3 -2 0 8 2 -1 0 2 -1 -6 1 -6 0 -3 3 1 1 2 1 5 1 2 -1 -2 0 9 -6 -5 2 12 -2 3 -3 -5 1 19 7 -1 -4 0 -2 11 -6 3 5 -1 1 4 -1 -2 8 -4 4 -4 -9 0 2 1 -1 -4 1 -2 0 4 -11 1 2 -3 1 -8 0 -5 -1 -1 -1 -5 -5 -2 -3 0 -4 0 -2 -3 0 -1 3 0 -1 1 3 -2 -1 9 -1 -5 -6 -2 -7 -5 6 0 4 -2 5 3 4 -1 -9 -3 -1 -4 1 -1 -13 2 3 -3 -5 1 2 1 -4 -12 2 -6 -3 2 4 -3 4 -1 5 -2 -5 -7 1 -2 9 7 5 -7 -1 -12 0 -1 1 3 -2 5 -3 -1 -3 -3 3 -2 8 -1 -2 -1 -10 1 1 -1 -5 -1 -35 1 2 -2 -1 0 -4 -14 3 3 -2 4 1 5 0 0 2 9 -13 2 -1 0 -5 1 -3 3 -2 -12 5 0 4 3 3 -2 1 -4 -3 0 1 -3 11 -2 -3 1 -2 -12 -3 -5 3 0 -1 -8 -21 6 -5 -3 3 2 -1 -4 0 -1 -5 -4 0 -4 2 7 -7 4 -7 2 1 1 6 -5 2 2 16 3 1 1 2 7 0 -2 1 7 2 -1 -1 3 3 5 14 0 3 -1 2 -5 0 -2 0 2 -5 14 5 -4 1 1 4 0 -16 3 1 4 -1 1 -1 1 -2 4 3 -3 -6 2 5 -5 5 4 -1 -7 3 -6 3 1 0 5 7 1 2 10 5 0 4 2 6 2 4 0 6 2 0 -2 2 2 -2 1 -1 1 -13 2 3 0 -1 -7 -1 -15 15 1 7 -3 -3 -12 -2 -5 -1 -1 -4 2 -4 0 -7 -2 -2 8 -4 0 5 -1 -3 -8 1 18 24 3 2 2 -2 6 -9 -4 -16 2 6 -2 -1 -1 5 2 5 2 -5 1 8 -5 -11 1 -2 2 0 4 -2 0 -3 2 5 4 -5 -1 -5 1 2 3 -4 1 0 4 -1 5 2 -16 1 -6 1 5 -3 -4 -2 -5 1 4 0 8 -16 1 8 1 5 5 11 -1 2 -8 -7 6 -1 -2 1 2 9 2 -2 -3 -10 0 -4 6 -1 -1 -2 -2 -2 1 -8 -1 -5 8 -2 -7 3 4 5 -1 0 0 2 7 4 3 -11 -5 4 1 0 -2 10 -13 7 2 -3 1 -11 4 2 -1 17 2 -10 -8 -5 6 -5 -3 -2 5 1 -2 0 2 -4 0 -4 1 1 5 4 1 -3 -3 3 -5 -6 1 3 3 -7
L 2 72 1 87 -1 10 2 1 -5 -5 2 3 -3 -1 0 3 1 -3 0 -2 1 0 1 1 0 1 2 3 -3 -7 0 -5 1 -1 -2 1 10 -1 -2 1 2 -2 0 -11 0 -1 -2 0 1 -1 -4 1 -3 4 9 0 -2 12 -3 -1 -8 -7 -1 0 -4 3 7 1 4 -2 2 -3 0 -3 -1 1 7 2 -7 4 0 -1 -2 2 1 3 1 0 -1 2 -2 -4 5 -2 4 -2 1 -2 -2 -1 -1 4 0 -2 -2 -2 -9 0 1 -1 4 6 -1 0 -4 -3 2 1 -2 6 0 1 2 7 -2 1 3 -4 -1 1 3 0 -7 2 0 4 2 5 7 0 2 0 -2 1 -2 9 4 5 -3 2 -3 1 0 0 1 1 -1 0 -1 4 -4 1 3 -1 3 2 2 -1 -3 2 2 0 3 0 2 -2 8 3 4 -2 -1 -1 2 0 3 -12 -1 -6 -3 2 -2 -1 -7 0 -4 0 -1 1 2 -11 -4 1 1 1 -1 -2 4 1 -2 -2 -4 -2 -1 -3 0 5 4 -1 3 5 4 0 -4 -3 3 -1 0 1 -2 -10 2 2 3 -3 6 -4 3 -9 2 0 1 6 -6 5 -1 -3 0 1 4 3 -1 0 0 2 1 -1 6 0 3 3 9 -1 0 3 9 -2 1 5 2 -2 -6 -1 0 -9 2 1 -2 -2 -1 -4 -4 -1 0 9 6 4 -1 -6 -4 1 -1 -6 1 0 -4 -1 3 -1 5 4 -1 1 -7 -4 1 0 -3 3 -1 -2 6 0 0 -7 2 1 1 -2 1 -2 3 -1 -3 -1 -1 0 2 -3 -1 1 -1 -3 -1 -5 0 -1 -2 -5 -1 2 -2 -1 2 2 4 -3 -1 -5 8 1 7 -2 1 2 2 -8 3 2 0 0 -3 2 0 -5 -1 1 3 2 2 3 1 1 -11 3 -6 6 -20 2 -3 6 2 1 -4 4 2 2 1 -2 -2 -1 0 0 1 -5 -5 -11 0 0 1 1 -2 -4 -2 1 0 1 2 -3 -7 12 1 2 -1 2 4 -2 2 -8 4 0 4 -3 1 3 0 -1 8 0 -5 -5 -6 -1 -3 3 1 2 -4 2 -5 -4 -2 2 0 3 -2 12 -1 2 -2 3 -1 6 0 -2 0 2 0 1 3 1 -1 -2 -3 3 4 -3 -4 2 1 3 -1 -3 4 4 -2 -3 -9 2 4 2 1 2 -1 1 1 0 -6 2 3 -9 -3 -8 -3 -11 -1 -3 4 -4 -6 0 -2 1 4 -1 1 3 -3 1 0 -12 2 1 -2 -3 -2 1 0 1 2 -1 -2 -1 2 -1 -3 -1 2 -5 2 -4 6 0 3 -1 -1 2 2 -2 7 2 2 -2 2 1 -1 1 2 -5 3 0 2 0 5 -6 -5 2 -1 2 1 0 -1 1 1 -5 -3 -2 1 4 -3 0 1 -2 3 -1 -2 7 2 -1 -2 -1 -3 -7
L 2 73 1 107 -1 -5 -4 -1 9 0 3 1 0 2 -1 7 -3 -1 -4 4 1 3 -1 -5 -3 4 -1 -1 0 -5 -1 -5 1 2 8 3 12 -5 3 -2 -5 -2 -2 1 2 4 -3 -1 -3 -3 0 -3 3 3 -5 1 -3 -8 3 -4 11 -3 3 -11 0 -4 -6 1 1 -2 0 4 -8 -2 2 -1 -4 2 5 2 2 0 1 -2 0 -2 -1 0 -3 -1 -5 3 2 -2 -4 6 4 -1 -8 2 -3 2 2 -2 -14 -6 0 3 -1 5 -9 3 -4 -2 -1 0 -4 0 1 -9 3 -4 2 7 1 -3 1 -1 4 0 -1 -2 -8 6 -4 -1 1 2 0 -2 4 1 3 0 4 5 1 2 2 4 4 1 3 -2 -1 -2 -5 0 -2 1 1 0 -11 0 4 8 2 1 3 -5 1 3 -1 -5 -2 -2 2 8 2 0 1 1 0 4 -1 -1 2 4 1 -1 1 3 8 -1 3 4 -3 -2 2 -3 1 -4 1 3 7 0 2 -10 -4 -4 5 -1 4 -2 1 1 -4 2 -3 3 0 1 7 -2 3 -6 2 3 0 6 1 -1 1 0 -1 26 0 0 3 0 -1 -2 1 2 -3 -5 -4 0 -4 -2 -1 -2 -12 9 1 -1 0 4 -3 -1 -3 1 10 -7 -3 -2 -3 -1 1 1 0 6 -1 1 2 -6 3 3 -2 -2 10 2 -1 -4 3 2 4 17 -6 6 1 -1 -1 1 4 0 4 1 0 1 3 0 3 6 -3 5 -3 -1 0 -1 2 -4 -3 -14 -3 -4 -1 -3 -5 0 2 0 0 1 -1 3 1 -3 -4 -10 3 0 2 -1 5 -1 2 -1 0 5 -2 -4 4 -1 -2 0 1 14 -2 1 -4 0 0 2 -1 2 -5 -3 4 4 -2 -3 2 -4 -2 1 4 -5 3 -1 0 1 -2 -6 -4 -4 -14 -5 0 1 0 -5 0 -1 6 -2 0 1 3 -1 -1 2 -3 0 0 18 0 -4 2 1 3 0 10 -13 0 -4 1 2 7 8 6 -1 -3 3 0 3 0 4 3 3 -7 -2 1 -8 3 1 7 -2 -10 -15 -1 0 -2 0 -5 6 4 8 0 -4 -1 3 0 -5 -2 -5 -4 2 -2 -4 5 3 -3 2 2 2 3 0 1 2 0 -5 -1 7 -1 1 -1 -3 -2 2 -3 0 -4 3 1 -4 15 -1 3 0 -3 0 6 1 5 -2 0 0 -7 12 1 -9 -3 -8 -4 -6 1 -1 6 4 -3 1 1 1 -2 -7 -1 1 4 8 0 1 -8 3 -2 1 2 1 -1 10 2 1 -6 4 7 -4 -1 4 2 0 1 -3 -5 -2 -2 15 4 -1 11 2 1 -2 8 -11 -2 2 -1 10 -1 -1 3 -5 -3 8 8 1 -3 4 3 2 -5 -3 0 0 -3 1 2 2 -1 -2 -4 -1 -2 3 5 -4 7 2 0 -3 0 -7
L 2 74 1 93 -1 -4 1 -3 -3 -6 2 4 -2 1 0 -2 0 -6 3 0 1 -2 0 3 0 1 1 -1 -2 -2 2 -6 -3 2 -3 2 9 -1 0 0 0 -1 -1 -8 -1 -2 6 -5 3 4 0 -1 -1 5 5 3 -3 12 7 -1 1 -9 1 -3 -1 0 11 3 4 -1 1 -3 0 -3 0 0 2 0 -6 4 -2 -1 -1 2 1 0 2 2 3 2 -3 -4 2 1 6 -3 -2 0 -1 -3 -2 1 0 -1 4 -1 -4 0 4 -2 6 2 -2 2 -7 -5 2 1 -1 2 0 5 3 8 -1 1 3 -2 0 2 0 -2 -1 0 -1 4 -2 4 -1 -2 0 2 -1 3 -3 5 3 4 -2 0 5 4 2 0 1 3 -6 1 -1 5 -5 1 3 -4 1 3 -2 -5 0 3 1 4 4 0 1 -1 6 1 2 -3 0 4 -2 0 1 -2 -1 -4 -2 3 0 -1 -8 -1 -5 -1 -1 2 2 -6 -2 -2 -3 -2 0 0 5 5 3 -2 -6 -2 -11 -3 -1 4 8 -1 2 1 3 -1 1 -1 4 -2 1 3 -3 -11 3 2 1 -7 2 -13 1 -7 3 -3 -2 -2 -24 5 -4 -12 3 1 5 3 0 3 -3 0 5 -2 6 -1 1 -3 -4 -2 -1 2 1 -1 1 6 1 0 -8 0 0 -9 0 0 -3 -3 1 -4 -7 -3 -10 4 4 4 -4 -8 4 -4 3 -3 1 2 -5 -1 6 -3 -7 5 0 2 6 -7 3 -4 -5 1 0 4 5 -1 0 -7 3 3 -2 -3 2 -1 0 -2 4 1 -3 3 4 -3 -1 7 3 -3 3 -4 -2 0 -3 -3 -1 1 8 0 -3 0 4 0 0 -2 5 0 3 -1 5 3 5 -4 1 2 -2 0 -1 5 -5 -2 1 0 -7 5 0 2 1 -1 -7 2 0 1 -20 3 -2 6 4 -5 -4 5 2 3 0 -1 -1 0 1 -1 -1 -5 -3 -2 3 3 1 5 -9 -5 -11 5 1 0 -1 -4 -11 11 5 -2 -5 1 1 -3 1 -10 6 0 7 -3 1 -2 0 -3 3 -1 11 8 -3 0 0 -1 3 -1 -4 -8 -7 -5 -2 2 -2 5 -3 6 -3 0 -1 10 3 3 1 0 2 2 7 -1 5 0 0 -3 2 9 3 -4 -1 3 2 0 -1 -4 6 6 8 -3 -11 4 1 3 0 -1 -1 0 2 2 0 3 1 -7 2 -10 -2 -9 0 0 6 -1 -9 1 -2 2 5 0 0 1 -1 -1 2 -12 1 2 -5 3 -4 0 0 1 3 2 -1 -3 2 -1 0 -1 7 5 3 -5 6 -7 7 -1 0 -4 2 0 16 1 -2 5 -6 -2 0 0 3 -12 3 -1 -1 12 3 -4 -7 2 1 0 1 1 0 -2 -1 -5 -2 -3 -3 4 -3 -1 2 3 6 -1 -1 4 9 -7 1 3 -1 -7
L 2 75 1 112 1 5 0 -1 4 -4 2 0 -3 -5 -2 3 1 -3 -2 -3 1 0 1 1 -1 -2 2 5 -3 -4 -3 -8 -1 5 4 4 11 -3 0 -1 -1 2 -4 -3 1 2 0 -3 -3 3 0 -1 1 2 -2 1 -4 -1 4 0 6 3 -1 -13 -3 0 0 2 3 -5 -2 12 -4 -3 -2 -1 2 -1 4 3 1 -3 1 4 -1 2 -1 -2 0 4 1 -5 5 2 0 2 0 0 -11 -2 1 7 6 -4 -2 -2 0 2 0 5 3 4 -1 -1 -4 1 -4 1 2 -11 2 -1 3 -5 0 1 2 -2 2 -1 1 -1 -10 3 -2 -3 1 -2 1 -3 4 -1 0 -2 3 1 5 3 0 -2 -4 -3 2 3 1 -1 -5 0 0 -4 -3 -1 -6 -2 0 8 2 -5 2 0 2 12 2 -1 1 3 -5 1 3 -3 -2 -2 -1 -2 -1 -4 3 2 2 -2 -1 0 5 3 6 6 1 -4 1 -4 0 9 0 3 3 -3 0 -2 -1 -2 -9 -1 2 -1 2 3 4 0 1 2 -3 1 1 -3 3 -1 2 2 -1 4 3 0 2 -3 1 -3 2 -3 0 -1 -6 4 -14 8 -1 -16 3 2 1 -6 1 -2 -11 4 1 1 5 3 -1 -5 3 0 10 -6 -5 0 -4 0 5 -1 -6 3 -2 -3 2 -5 1 4 -4 1 6 0 -7 2 -3 4 0 0 -7 1 4 -6 -1 1 -1 -2 10 0 2 4 2 -2 -10 5 0 3 2 -3 1 -2 2 -2 -4 -5 -2 -3 -3 -6 -5 -3 2 1 -3 1 1 2 3 -5 -1 -6 0 -3 1 -2 5 -6 -1 -5 0 1 -12 -3 3 2 -6 -3 0 9 -2 3 -9 5 3 0 -1 -3 -3 2 1 -1 -4 0 -3 -6 -1 1 8 0 2 1 0 2 0 -2 -4 -5 -16 -3 1 10 2 -5 -3 4 1 1 2 -1 2 1 -3 -1 -2 -2 -5 0 3 2 0 3 5 3 1 -11 -3 -4 0 1 -4 9 3 -2 -5 2 0 1 -2 -3 3 1 -7 -4 -6 -3 1 2 7 -4 -6 -3 -3 -2 -5 0 0 1 0 4 1 -7 -1 4 3 0 -3 -4 0 -1 -3 9 -1 -5 -3 0 1 1 -3 -3 4 4 1 -3 -1 6 -3 2 -3 2 -9 3 0 0 3 4 1 -4 12 2 -2 -3 0 1 4 3 0 -1 -6 -2 -2 4 2 -5 -1 -2 -3 1 3 -2 2 6 0 1 -1 -1 -2 -1 -2 3 3 -2 0 1 -23 1 -1 2 -2 1 1 4 2 -2 -3 4 6 -4 3 -5 0 -3 3 -2 2 0 -5 4 6 -6 12 0 0 1 7 -7 -2 3 2 7 1 0 5 3 -3 9 2 4 -4 0 4 1 -6 0 -3 -1 0 -4 8 4 -1 -2 -1 1 3 2 3 2 8 -3 -2 -2 2 7
L 2 76 1 106 -1 -2 -1 5 7 4 -2 -2 3 4 0 0 -1 2 -4 4 -2 4 2 -1 0 1 -2 -4 5 6 -4 9 0 -4 2 -1 -10 2 0 2 -1 1 -1 8 0 4 -7 2 -2 -5 3 0 -1 -5 -10 -1 3 -13 -3 -1 3 4 -1 2 4 -2 -9 -2 -5 1 -4 9 2 3 0 0 -2 -2 6 -5 3 4 4 -5 -1 -4 -1 1 -2 -3 3 5 -7 1 -4 4 -1 1 3 0 1 -4 0 2 -1 1 6 -1 -3 0 -5 -3 3 -1 8 1 -3 -3 3 -2 -1 -2 -1 -7 2 -2 -4 4 1 -1 -2 1 -6 -3 -1 -4 0 -4 -8 0 -1 1 2 -2 4 -8 -3 -6 3 -1 0 0 0 0 -2 -5 1 -1 2 -4 7 0 -6 1 -1 -3 -2 2 1 -3 -3 1 0 0 -2 1 -8 -3 -3 3 3 -3 3 -2 -3 11 -1 7 2 -2 2 3 4 -1 4 4 -1 -2 -1 9 4 -2 1 4 2 1 -3 -5 -1 3 7 0 3 3 0 -6 -5 0 -1 -1 0 -1 5 3 -4 1 0 -3 3 10 -5 -1 -6 4 -3 2 -2 10 -1 0 1 2 14 -7 0 6 -3 -3 -3 -5 0 2 5 -3 -1 1 -6 0 -2 3 1 5 -4 -6 -6 0 2 -7 -2 0 8 -2 0 8 -1 2 2 0 0 2 4 3 3 -6 -3 -3 2 9 -2 0 -1 6 -2 -1 5 1 -3 1 3 -7 1 -3 -3 2 -4 3 1 -2 -1 -1 -5 2 1 15 -1 -1 0 3 2 2 -1 2 4 -2 1 -2 -2 4 1 -5 0 1 -3 4 0 2 1 5 2 -1 6 0 -1 -3 -2 3 0 3 -5 -3 -2 1 -3 -2 -2 6 -5 -2 3 0 6 -2 6 1 0 -2 1 -3 -1 -3 0 0 7 -3 1 -5 19 -3 3 -11 -2 1 4 -5 1 -2 -3 3 4 0 1 2 1 6 5 11 -3 -1 0 -3 4 2 7 -1 2 0 -2 3 9 -10 -1 2 5 0 -3 2 -1 7 -3 1 -5 2 -2 1 -1 1 -8 2 -8 -4 6 0 2 -1 3 -2 4 3 14 10 0 -3 -1 -5 2 -9 3 0 3 -7 1 1 0 4 -1 -3 -1 1 -2 0 -1 1 0 -5 -2 1 2 -3 0 -2 -3 5 -3 -5 -3 3 16 -3 0 -1 -3 -1 -2 -3 0 0 3 -2 -3 0 -3 11 3 6 2 4 -5 2 9 -2 2 0 -5 1 -1 -6 2 2 -2 11 0 1 10 0 2 1 0 0 -5 4 0 3 -5 1 4 2 -7 6 0 6 -7 14 -8 1 0 8 -5 3 -4 -1 3 3 -1 3 2 -1 -5 6 -5 2 -1 -6 -2 3 6 -3 -2 -2 -2 1 2 0 -1 6 1 0 4 -5 1 0 -3 0 -4 1 2 -5 -5 4 2 -1 0 -7
L 2 77 1 120 1 0 1 1 7 -4 2 2 -3 -4 -2 4 1 -3 -1 -1 2 2 0 -1 -2 0 2 5 -2 -4 -2 -6 -1 2 5 4 13 -3 0 -2 -1 0 -3 -2 1 1 0 -2 -3 4 0 -1 2 3 -4 4 -3 -6 4 0 6 3 -1 -14 -5 -1 0 3 3 -5 -2 12 -4 -1 -2 -1 -4 0 4 3 3 -3 0 3 -1 2 0 -2 0 4 1 -6 6 3 0 2 0 0 -11 -2 2 7 5 -4 -2 -1 1 2 1 4 5 6 -1 -2 -7 1 -4 2 2 -10 3 0 3 -2 1 1 0 -2 3 -1 0 -2 -14 5 -2 -2 2 -1 4 -4 4 0 1 -2 3 1 5 3 0 -1 1 -2 2 2 1 -2 -4 0 -1 -4 -2 -3 -5 -1 1 7 1 4 2 0 3 5 2 0 2 1 -3 2 2 -4 -1 -3 0 4 0 -9 3 1 1 -1 -2 -1 3 1 6 2 1 -4 1 -4 -1 4 1 5 3 -2 0 2 -3 0 -7 0 3 0 2 3 5 1 1 3 -2 2 -2 -1 2 -2 2 2 -1 1 3 0 3 -4 3 -3 2 -3 0 0 -6 -1 -9 9 -1 -10 1 2 1 -5 1 -1 -13 4 1 0 6 2 1 -4 3 -2 14 -6 -1 0 -5 3 4 -1 -5 3 -2 -3 2 -6 3 4 -3 -1 5 -1 -4 2 -3 4 1 2 -3 1 1 -6 -1 1 0 -1 9 0 2 5 3 -2 -5 5 1 2 0 -2 1 -3 3 -4 -6 -9 -1 -3 -2 -8 -4 -2 2 0 -9 1 0 1 3 -4 -2 -6 0 -3 2 -3 4 -4 0 -4 1 2 -11 -4 2 2 -6 -4 -1 -2 -2 3 -4 6 4 0 0 -6 -6 1 0 -2 -6 -1 -4 -5 -2 1 5 -1 2 1 1 3 1 -3 -6 -4 -18 -4 0 7 1 -6 -1 3 4 1 0 -2 2 0 -2 0 0 -3 -5 9 3 2 -2 3 6 1 2 -12 -3 -4 -1 0 -5 10 6 -3 -7 1 -1 2 -2 0 0 1 -9 3 -6 -3 0 2 8 -3 -10 -4 -2 -2 -4 -1 -1 2 -1 7 -7 -7 0 4 2 0 -2 -6 -1 -1 -2 14 0 -4 -3 0 0 1 -4 -4 5 4 0 -3 -2 5 -3 2 -3 3 -7 2 0 -2 4 3 2 0 16 3 -3 -3 1 1 4 2 0 -1 -6 -2 -3 5 3 -5 0 -1 -2 -3 5 -2 3 6 1 2 -1 -1 -1 2 -2 2 3 -1 1 1 -23 -1 -1 1 -1 1 1 5 3 -1 -3 4 7 -4 3 -9 1 -3 3 -2 2 -2 -3 3 5 -6 11 1 -1 1 1 -7 -2 3 1 8 1 -2 4 2 -2 0 3 6 -4 0 4 3 -6 0 -3 -2 0 -4 10 4 -1 -2 0 1 2 1 5 2 10 -4 -2 -2 1 7
L 2 78 1 117 1 0 0 1 6 4 0 -3 3 -1 2 -4 6 2 0 -2 -4 3 0 3 2 -2 -2 0 1 4 -4 1 -1 0 0 0 -8 3 -1 0 3 4 0 4 -1 0 -4 0 -2 4 0 1 -3 -6 -3 1 1 -6 -5 1 -5 8 -2 0 -3 1 -4 -2 -3 1 -4 12 2 2 -3 -1 4 -4 6 -5 2 -1 2 2 2 1 0 1 1 3 6 0 -2 4 3 -1 -2 1 7 -2 5 -2 0 -3 6 6 7 -2 -2 1 1 -1 2 -2 5 3 1 0 5 -3 -2 0 0 -20 0 2 -5 1 -1 -1 1 -1 -9 -5 0 -5 0 -3 -9 0 -2 -4 -1 -3 0 -11 0 -5 1 -9 -6 -3 -2 2 -1 -5 3 2 2 -5 1 -3 -3 1 -2 -1 -2 5 0 1 1 7 0 2 2 2 -9 -8 -2 0 1 -4 3 -4 1 2 -1 1 2 -3 0 0 -8 3 3 7 3 -1 -2 4 4 8 1 3 0 2 -5 2 2 5 -6 3 -1 3 0 -4 0 -2 4 0 -4 -3 -4 4 -3 3 -1 -4 1 4 -4 0 -4 -2 0 -7 0 6 -4 1 -1 5 3 4 3 -4 1 -1 -2 -2 -1 -2 2 -4 -1 2 -2 0 -1 -1 7 2 0 4 -4 4 1 -5 -2 1 1 -3 2 5 -2 4 2 2 -1 1 3 -2 -6 -2 -4 -3 -3 -5 6 2 -9 -1 -1 0 -1 -2 0 2 3 -4 -2 -3 -5 1 -2 -2 6 -5 -2 -2 -8 0 1 19 0 0 -2 0 5 1 -1 3 -3 3 1 -2 -1 5 2 -2 -1 0 -1 0 1 -1 -1 0 2 -5 -1 1 2 0 -4 -3 0 -5 -2 -1 -3 5 -1 -3 1 0 -5 2 0 -3 3 0 3 2 0 -4 -1 -2 -4 -1 1 2 4 1 -2 -3 14 -2 2 0 -3 3 2 -3 -5 3 -1 -1 -1 1 0 -1 2 4 -1 -13 0 3 0 -1 1 4 -7 2 -2 1 -2 2 -2 -6 -2 -1 3 -2 -2 0 -3 2 -6 1 -2 -4 -7 5 -1 0 -15 0 -6 -2 5 -2 1 -3 5 -7 0 -3 4 4 1 -1 0 3 4 -5 7 -3 0 11 -4 -9 1 0 -2 -2 -13 0 0 0 1 3 0 -7 -5 1 1 1 -4 1 -1 2 0 -5 0 3 8 -3 -8 -3 2 -4 -1 0 -6 1 2 -3 1 -6 0 13 4 14 3 11 -4 2 2 0 6 1 -6 -1 2 3 1 1 -1 7 2 -2 -25 -4 2 0 0 -4 -3 -2 1 2 -4 2 1 1 -2 -3 -2 4 -4 9 0 2 -2 6 -1 -3 -15 -1 0 7 -2 2 0 -1 2 7 1 1 1 6 -7 1 4 -4 0 -3 0 0 0 1 -2 4 4 -7 12 -3 2 2 -1 2 -1 0 0 -1 -4 2 -2 -1 3 7
L 2 79 1 91 -1 -5 0 3 -5 -5 2 1 -3 2 -1 1 4 -3 2 -4 2 1 2 0 0 1 5 0 -2 -6 1 -6 1 2 0 -1 10 -3 -1 0 2 0 0 -8 -1 -1 1 0 3 1 -3 -1 -1 4 5 3 -3 7 10 -2 -5 -7 0 -1 -3 1 6 1 2 -1 2 -2 -1 -2 -2 0 9 1 -7 5 -2 -2 0 1 1 2 1 1 -2 3 -3 -2 4 -1 4 -1 0 0 -5 -1 -3 3 1 -3 -4 -3 -12 0 1 -1 -2 9 -3 1 -3 -1 2 0 -1 1 3 2 1 6 -4 2 2 -5 -1 -1 0 1 -6 2 1 5 1 4 2 -2 1 1 -4 1 -2 0 3 3 -1 2 2 -3 0 -1 1 3 -4 0 0 5 -3 1 2 -1 3 2 1 -4 -1 3 2 0 3 0 0 -4 9 3 3 -1 -2 0 0 4 0 -12 1 -3 -2 4 -1 -1 -4 -4 -3 -1 0 1 3 -10 -2 -5 1 7 1 1 4 -1 1 -1 -1 0 -1 -1 -1 4 7 0 0 0 4 1 3 -3 3 0 0 3 -2 -9 3 1 2 -3 4 4 1 -8 1 1 2 -3 -19 6 -3 -6 -1 -1 2 5 -1 -2 -3 5 2 -1 4 -1 2 1 12 -3 -4 6 5 -3 2 5 2 -1 -7 -1 -1 -7 2 3 -3 -2 1 -3 -1 0 -8 7 7 5 1 -2 -6 -1 -2 -4 3 1 -2 1 0 -1 4 2 -1 4 4 1 0 0 -3 2 0 2 6 0 0 -13 1 -1 -1 -2 6 -5 3 0 0 0 -2 2 3 -4 1 -2 -1 -2 2 -4 1 1 -2 -4 1 3 4 -1 0 1 3 -1 -1 2 7 2 3 -4 2 1 1 -8 2 2 0 -1 -2 4 -1 -3 0 2 -1 3 4 6 1 0 -5 1 -1 -2 -17 -1 -3 2 2 -6 -4 2 8 1 2 -2 -3 0 0 -1 1 -4 -5 1 0 0 0 0 -10 -4 -3 4 0 1 3 -5 -2 14 7 1 -3 2 3 -2 2 -7 2 0 2 -10 1 0 -1 -1 0 -1 0 1 -3 -1 -1 3 -1 2 -2 -5 -2 -4 -2 3 -1 4 -3 7 -2 0 -2 6 2 5 1 1 2 1 6 2 5 1 -1 -2 1 7 3 -3 -4 4 2 3 -1 -4 0 4 7 -6 -9 3 0 2 1 2 -1 1 3 1 0 4 -2 -7 -1 -6 -2 -12 -1 -8 4 -1 -7 2 -3 0 4 0 2 -6 -2 1 0 -13 1 2 -12 -3 -5 0 1 0 4 1 0 -1 1 -1 -2 -1 6 3 3 -5 4 -7 4 -1 -2 3 1 0 10 2 -1 0 4 -5 0 2 3 -5 2 1 1 7 6 2 -4 1 -1 3 -1 0 1 -2 0 -5 -4 -8 2 4 -3 -1 0 -1 2 -1 -1 6 5 -4 1 0 -1 -7
L 2 80 1 119 1 -11 0 0 0 3 -1 -4 2 1 1 -6 6 2 2 -5 -2 -1 1 2 1 -4 1 0 1 7 0 3 -2 2 1 0 -11 1 1 -1 1 3 0 7 -1 -2 2 -3 -2 8 3 0 2 -4 -8 1 2 -12 7 2 1 11 -2 -1 0 0 -2 -1 -2 0 -2 9 2 3 -3 -1 -1 -5 5 -4 0 -2 3 2 1 -1 0 0 1 3 5 0 -3 5 0 -1 -3 3 1 -1 4 -2 1 -2 7 5 7 0 0 1 3 -3 3 -1 -1 3 -1 -1 3 -9 0 1 -1 -14 0 3 -5 2 0 -1 -2 0 1 -3 3 -4 -1 -5 -7 -1 -3 -1 -2 -2 1 -15 -1 -6 1 -5 -2 -4 -2 2 0 -2 2 0 3 -5 2 -2 1 0 -4 -2 -3 0 1 2 -1 4 0 2 -1 1 -10 -7 -2 1 0 -1 -1 2 -3 6 0 4 2 -3 1 0 1 1 6 2 4 -1 -2 7 4 5 -1 1 -1 2 -5 5 5 5 -5 3 -1 4 -1 -4 3 -1 -1 -5 -5 -1 1 4 -3 3 -1 -2 1 6 -1 -2 -3 1 -2 -12 -1 6 -4 1 -3 -6 -8 2 2 -2 2 0 -1 -3 1 -2 3 -3 -1 2 -2 -1 -1 -5 2 1 2 2 -9 5 0 -4 -1 1 2 -1 -1 5 -2 1 2 3 0 5 2 -1 -7 -3 -7 -3 0 -7 2 -3 -1 2 1 -1 1 1 -1 1 -1 -3 1 -2 2 4 -1 -3 5 -4 0 2 -5 0 0 13 -1 -1 -3 -1 3 0 -2 2 -3 2 1 -3 -1 3 3 0 -1 1 0 2 0 0 1 1 2 -4 0 1 -1 0 -4 0 -1 0 -5 2 -8 4 1 -2 -1 2 -2 0 -2 -4 2 -1 -3 3 2 -1 -3 1 -3 -1 -1 0 11 -1 4 -8 17 -2 3 -2 -3 -3 1 -3 -3 1 -1 -1 -1 1 0 -2 1 3 1 1 0 3 -2 0 1 4 -4 2 -2 0 -1 1 2 -9 -1 -3 1 -3 -3 1 -5 4 -7 1 -3 -1 -6 2 -3 1 -13 -1 4 11 5 -1 1 -4 3 -6 1 -5 1 1 2 0 0 2 3 -11 4 -4 1 10 -3 -9 1 2 -2 -3 -7 -1 0 2 0 2 3 -4 -5 4 2 3 -3 -1 2 2 0 -3 6 5 4 -1 -11 -4 1 -1 -1 -1 -5 0 2 -2 0 1 2 11 4 15 1 6 -3 4 2 2 6 0 -6 -1 2 -3 2 0 -1 5 -2 0 -26 0 3 -1 -1 -3 1 -2 2 0 -2 1 2 1 1 -1 -2 2 -5 -2 1 2 -2 -5 -1 -1 -10 -2 -3 6 -3 1 0 -1 1 4 -1 0 -1 7 -4 5 2 -1 1 -3 -1 -1 0 0 -2 4 4 -5 7 -3 2 1 1 3 0 1 1 -2 1 -2 1 1 3 7
L 2 81 1 97 -1 -8 -3 -5 7 0 2 3 0 2 -1 7 -5 0 -2 4 2 3 -2 -5 -3 4 -1 1 -1 -5 -1 -5 0 2 7 3 11 -4 3 -3 -5 -3 -2 2 2 3 1 -2 -3 0 2 -2 4 4 -2 2 -2 -10 -1 -4 9 -1 4 -11 -1 -4 -4 2 2 -2 2 0 -8 -2 2 -2 -9 2 5 0 5 -1 0 -2 -1 -2 -2 1 -1 -1 -3 1 2 0 -6 5 5 -2 -6 2 -3 2 0 -1 -15 -6 4 3 1 4 -7 1 -5 -3 -5 -1 -3 1 -1 -7 3 -3 3 10 2 -4 0 0 5 0 1 -2 -3 8 -3 -1 1 2 5 -2 5 0 3 1 3 8 1 3 1 5 5 3 3 -2 0 -3 -4 1 -2 0 0 0 -8 1 4 8 1 7 3 -6 1 0 -2 -5 -2 -2 3 9 1 -2 1 2 -1 10 0 -2 2 3 1 -2 1 2 8 1 1 3 -3 -2 3 -3 0 -6 0 -1 6 0 1 -5 -4 -5 4 -1 4 -1 2 1 -4 2 -4 3 -2 1 3 -1 2 -7 1 3 0 5 0 0 3 1 -1 28 -1 -1 4 0 -2 -4 7 1 -2 0 -2 1 -5 -1 0 -1 -12 8 0 -1 0 4 -3 -2 -11 0 16 -4 -1 -2 -3 2 0 1 0 5 0 -1 1 -12 3 4 -2 -2 9 1 2 -5 0 2 3 17 4 6 1 -2 -2 1 4 -1 7 1 -6 3 4 -1 6 4 -1 2 -4 -1 0 -1 2 -3 -4 -17 -2 -3 -2 -4 -7 1 1 -2 -5 1 0 4 0 -2 -5 -7 3 0 2 -1 5 -2 4 -2 -2 5 -6 -4 3 -1 -1 -1 1 11 -3 1 -3 2 0 2 0 3 -5 -4 4 4 -2 -5 0 -2 -2 0 1 -5 3 -2 0 0 -2 -5 -3 -1 -13 -3 0 1 1 -4 -1 -1 -1 -3 -1 0 3 -1 -1 2 -3 0 1 15 0 -3 1 3 5 0 8 -14 0 -6 0 2 5 7 6 -3 -4 1 -1 2 -1 5 3 2 -7 6 2 -10 4 1 9 -2 -8 -18 -3 -1 0 0 -7 6 3 10 -13 -8 1 1 0 -3 -2 -6 -4 3 -2 -2 5 3 -2 0 0 2 -3 -2 -1 1 0 -6 -1 6 0 3 1 -2 -3 1 -2 -1 -2 4 3 1 11 0 3 0 -3 0 7 3 5 -3 0 -1 -6 17 3 -11 -2 -5 -4 -6 2 -1 4 4 -3 0 3 1 -2 -5 -2 0 5 11 0 0 -6 4 -2 1 2 2 -1 8 2 1 -5 4 8 -4 -1 -1 2 0 2 -8 -3 -3 -2 10 6 -2 3 1 0 -6 4 -10 -3 1 -1 9 -2 -2 2 -7 -3 3 8 3 -3 5 4 3 -7 -2 0 -1 -2 4 1 3 0 -1 -3 0 -2 3 4 -4 9 1 -1 -2 0 -7
L 2 82 1 90 -1 -3 3 11 -8 0 -2 -6 0 -5 2 -7 13 1 5 -5 -4 -1 4 4 3 -1 0 -2 1 4 2 1 1 -3 -7 -5 -7 5 -1 2 6 3 2 -3 -2 -4 -4 6 5 4 -2 0 -6 -3 1 0 2 7 7 3 -10 2 -3 13 -1 4 3 -1 -2 3 -1 3 9 3 -2 -1 13 -1 -7 1 -7 0 -1 1 1 2 0 1 0 3 1 1 0 -1 8 -4 -4 2 7 -2 2 -2 -2 -3 10 6 -9 -2 -2 -2 4 3 3 2 4 5 4 -1 0 9 -2 2 -5 -12 -2 5 1 -2 -5 -2 -3 2 -2 -10 2 3 -1 0 -4 1 -5 -3 -2 -2 -4 -11 -2 -5 0 -5 -3 -8 -3 1 -1 3 3 0 4 4 0 -1 6 0 -4 -7 0 -4 -5 6 1 -1 -1 6 0 -1 -1 -7 -2 1 -5 -3 1 -6 1 -4 0 -3 -1 4 0 -4 -9 -1 -4 -1 4 3 -3 -2 0 2 2 7 -5 1 -2 5 5 6 -3 1 -4 1 -1 1 4 -2 3 -3 0 0 -3 0 -2 9 -2 -3 0 -7 1 0 0 -2 1 -19 1 0 -5 2 4 -3 -9 3 4 4 1 -3 2 2 -1 -3 7 -6 -1 0 -1 -4 3 1 19 0 -15 9 3 3 3 2 -1 -1 -1 -5 -2 3 -2 15 -2 -4 3 -1 -6 0 -7 6 4 -2 -3 -16 -4 -3 -10 2 3 -2 -2 1 -9 -3 7 -3 -4 3 5 0 1 -2 4 2 2 5 -3 1 3 11 0 1 1 4 13 -3 0 3 3 2 0 -3 0 4 6 5 -4 3 1 2 -5 3 -1 0 4 -4 13 3 -3 1 -1 3 -2 -11 4 0 5 -3 -1 -4 -1 -5 6 3 -3 -7 3 3 0 3 2 1 0 2 -4 6 1 1 5 5 1 -1 13 1 -1 -5 0 3 0 0 8 5 4 -1 -4 2 1 -4 3 0 1 -11 -1 2 -1 -3 -7 -1 -6 15 -2 7 0 -3 -3 -1 0 3 3 -4 3 -3 0 -4 -4 -3 4 -10 -1 8 -3 -3 -12 2 5 17 2 2 2 1 3 -7 -2 -11 10 9 -1 -1 0 4 3 3 4 -4 0 5 -4 -8 2 -2 0 -1 3 3 1 -3 0 7 2 -6 1 -4 -2 4 3 -1 2 -3 -2 -4 3 -3 -14 0 -8 -1 5 0 -6 -1 -5 2 3 0 6 -19 0 15 1 3 5 3 -2 2 -4 -5 2 0 -4 1 3 0 2 -1 -4 -10 0 -1 -2 -7 0 -3 -1 -1 1 -9 0 -3 5 -3 -7 4 4 4 -1 -1 -2 4 4 4 2 -5 -5 2 -6 0 -1 5 -3 5 2 -1 -1 -6 1 2 0 13 5 -3 -6 -5 4 -2 -5 -3 7 1 -2 0 0 -11 8 -3 1 2 3 1 -2 -1 -3 3 -7 -3 1 -1 2 -7
L 2 83 1 127 1 0 1 4 -6 2 -1 -4 0 -1 1 -3 6 1 0 -4 -3 0 2 2 0 -3 0 2 1 8 -2 5 -1 -5 0 1 -8 1 0 -1 1 2 -2 5 0 -3 -3 -4 -2 7 3 0 0 -5 -9 -1 2 -10 -1 0 -3 10 -3 1 2 1 -3 0 0 0 -4 15 3 3 -2 0 1 -5 4 -4 -1 -2 3 1 1 1 1 1 2 2 5 0 -3 2 -1 -1 -3 1 2 -2 5 -1 -1 -1 9 5 8 -1 -2 0 6 -3 5 0 -5 3 -2 0 2 -6 -2 0 0 -9 1 3 -5 3 0 -1 -1 -1 -8 -5 2 -5 -1 -5 -3 1 -4 -1 -1 -2 2 -10 0 -5 0 -5 -7 -2 -3 1 -1 -6 3 -1 2 -7 2 -3 0 -2 -3 -1 -1 1 -1 2 -1 8 0 3 0 4 -10 -6 -1 0 2 -4 2 -5 -1 4 -1 1 1 -4 0 -1 -4 2 5 7 3 -2 -2 5 3 9 0 0 -1 1 -4 5 3 4 -6 3 -4 2 0 -2 3 -2 2 -2 -2 -1 -2 4 -3 3 0 -4 0 4 -2 -1 -3 1 -1 -21 1 7 -4 1 -3 -4 1 1 4 2 1 1 1 -3 2 0 4 -8 -2 1 -2 0 0 0 5 2 4 0 -6 5 1 -1 -2 0 3 -2 0 3 -1 3 3 4 -1 1 0 1 0 0 -6 -3 -2 -11 -2 0 0 0 -1 -1 1 0 0 1 2 -3 1 -3 -5 1 -2 -2 6 -4 -1 -1 -5 0 -1 20 0 0 -1 -2 2 2 -1 2 -7 0 1 -4 0 1 3 0 0 1 -2 2 0 1 0 0 2 -5 2 1 -1 0 -2 0 -2 -7 -3 2 2 6 1 -1 0 0 -3 0 -2 -3 3 -2 -2 2 1 -1 3 -1 -3 -2 -1 2 9 0 -1 -5 15 -1 3 -1 -4 2 2 -1 -5 2 -2 -2 -1 2 0 1 3 3 0 3 0 1 -1 0 6 2 1 -2 -1 2 -3 2 1 -7 -6 -3 4 -2 -2 1 -4 3 -5 2 -4 2 -8 5 -1 1 -7 0 -2 10 4 -1 0 -3 4 -5 0 -2 -1 4 3 -1 2 1 6 -7 4 -3 2 7 -5 -8 1 2 -2 -1 -15 0 -3 2 0 3 0 -6 -5 4 2 1 -3 -1 0 3 0 -4 2 2 6 -1 -9 -2 0 -1 -2 -1 -5 -1 -4 -2 5 -6 -1 9 4 12 1 9 -2 2 1 -1 6 0 -6 -2 2 -3 1 1 -1 6 -1 1 -18 -1 3 0 -1 -3 -3 -2 0 0 -2 1 2 3 -3 -4 0 4 -4 7 -1 3 -1 1 0 -1 -13 -1 0 7 -2 5 0 -2 -1 3 -2 -1 -1 1 -3 -1 2 -3 0 -4 0 0 0 2 -2 4 4 -1 10 -4 1 1 1 3 0 1 1 -1 1 1 -1 0 1 7
L 2 84 1 104 -1 -1 -1 -4 0 5 -2 -2 4 4 0 0 -5 3 -3 4 -1 2 -1 0 0 -1 -1 -2 3 6 -3 8 0 -1 2 0 -12 2 0 1 -1 2 0 10 0 3 -2 0 -2 -4 2 1 1 -5 -6 -2 3 -11 -6 -2 2 6 0 1 3 -1 -9 -2 -4 1 -2 3 1 2 0 0 -4 -2 6 -6 3 3 2 -3 0 -3 -1 1 0 -4 4 4 -7 2 -6 2 0 0 6 0 1 -4 0 4 -1 1 9 -1 -2 -1 -6 -8 2 0 6 -1 -2 -2 2 -3 -2 -2 1 -6 1 -2 -4 5 0 1 0 2 4 -1 1 -5 -1 -4 -6 2 -2 0 0 0 2 -5 -3 -4 2 -3 -5 2 0 1 -1 -6 3 -1 1 -5 5 1 -4 1 -2 -3 -1 -1 2 -4 -4 5 -1 -1 -2 2 -8 -3 -3 3 3 -1 2 -2 -2 16 -1 5 2 -4 1 4 4 1 4 6 -2 -1 -2 11 4 1 0 -5 0 1 -4 -5 0 1 5 0 -1 2 0 -6 -7 -1 -1 -2 -2 0 4 2 -4 0 0 -3 3 12 -5 0 -6 4 -4 5 -2 10 -1 0 0 4 15 -10 0 5 -1 0 -4 -3 1 3 7 -4 -1 3 -6 2 -2 1 -8 4 1 -3 -8 0 2 -8 -2 1 8 -1 2 6 -1 -2 1 3 0 5 3 2 4 -7 -6 -4 1 7 2 2 1 5 -3 -1 3 0 -1 3 -4 -6 1 -4 -4 0 -3 1 3 -3 -1 -1 -6 3 1 15 -1 0 0 3 -2 3 -2 1 3 -2 1 -1 -3 5 1 -1 1 1 -3 4 1 1 1 4 0 -2 0 1 0 -2 -1 2 2 9 -6 -3 -6 1 -2 -1 -1 9 -3 -1 2 2 5 -2 5 3 0 -3 -2 -3 -1 -4 0 -1 5 -2 4 -2 21 0 3 -6 -2 4 3 -4 -9 -4 -4 3 3 0 1 2 0 6 4 -1 -2 -2 1 -2 5 4 4 -2 1 -2 -2 4 8 -14 -5 1 5 0 -3 1 0 6 -2 2 -1 3 2 -1 0 1 -7 1 -1 -6 5 -1 3 -1 2 -1 4 1 7 5 1 -4 0 -3 2 -8 3 1 3 -9 0 0 0 2 -2 -1 -8 1 -5 1 0 0 0 -5 -3 3 3 -3 0 -2 -1 6 -3 -5 -2 4 7 -4 0 -1 -3 -1 -1 -2 0 1 5 -2 -1 5 -3 7 3 10 0 9 -4 2 6 -1 2 -2 -3 0 -2 -6 1 1 -2 15 -1 -1 12 2 3 2 0 0 -3 1 0 3 -4 0 1 2 -7 3 -2 6 -6 7 -7 0 -1 5 -2 2 -15 -3 2 0 1 3 2 0 -2 6 -3 0 -2 -8 -5 7 6 -3 0 -1 -2 0 2 1 0 6 3 5 -1 -4 2 1 -3 -1 -3 1 0 -6 -5 5 1 1 1 -7
L 2 85 1 125 1 3 1 4 -2 4 -1 -5 1 -1 1 -2 7 5 -1 -7 -2 1 2 -1 1 -4 2 4 1 2 -2 4 2 0 2 -1 -11 1 -2 0 2 2 0 4 0 0 -5 2 -4 3 -1 1 -1 -6 -4 -1 3 -12 -2 2 -8 12 -3 1 -3 3 -6 -3 -2 0 -2 9 3 3 -3 0 4 -3 4 -4 2 -1 3 2 1 2 -1 -2 -2 3 6 0 -1 2 -2 -1 0 1 0 1 5 1 2 -3 2 4 2 0 -3 1 1 1 3 -2 2 6 -1 -1 3 -6 1 -2 -1 -15 -1 4 -5 0 -1 -3 1 2 -5 -2 4 -5 2 -5 1 1 -1 -3 -3 -4 3 -11 0 -5 0 -4 -9 -7 -4 2 0 -4 6 -1 3 -6 3 -3 1 2 -2 -2 1 3 -1 1 1 0 -2 2 -1 0 -8 -5 -1 2 -1 -6 3 2 -1 -4 0 2 1 -4 -1 0 3 1 7 3 3 -3 -2 3 3 7 3 4 -1 0 -6 1 1 4 -3 3 8 4 0 -3 0 -1 1 -2 -4 0 -4 2 -4 4 -2 -4 1 7 -2 -2 -2 4 1 -3 0 5 -5 3 0 1 9 1 6 6 0 -1 -2 -2 0 -4 5 -1 -3 3 -2 -1 1 1 13 1 2 4 -2 3 0 -5 0 -1 4 -1 0 5 0 2 3 4 -1 4 5 1 3 2 -5 -3 2 -6 -6 1 -5 -1 0 -2 2 1 -4 3 10 -4 0 -2 -10 7 -2 1 7 -2 -2 -4 -4 1 0 13 -2 -2 0 0 1 -1 1 3 -10 -1 3 -5 -3 3 2 -5 -5 1 -3 1 2 -1 2 -1 2 -4 -9 1 3 1 -4 -2 -1 -2 -2 2 -4 4 -2 -3 -3 -2 0 1 -1 -3 0 -3 2 1 0 -1 6 -3 0 0 -1 1 8 0 -1 -3 17 -2 2 -2 -4 3 2 -4 -4 0 0 -2 -2 1 -2 -1 3 3 -1 -7 -2 0 -2 -4 7 5 4 -2 -2 2 1 1 6 -8 -5 0 6 -2 -1 2 -3 6 -9 0 -6 -1 -6 6 -3 2 -9 0 -11 -1 2 -2 -1 -1 1 -3 0 4 2 2 2 0 2 0 5 -6 5 -2 0 3 -6 -6 1 0 -3 -2 -14 1 -1 2 0 4 -2 -9 -3 5 0 2 -4 2 2 3 -1 -5 -2 5 6 -3 -8 -4 1 1 -1 1 -6 -1 -4 -3 2 -2 -3 13 4 13 0 3 -4 1 4 1 5 -1 -6 -2 2 -1 1 2 -3 5 -1 -1 -24 -6 5 0 0 -3 -1 -5 2 2 -2 1 -1 1 -4 -10 -2 3 -5 4 -3 2 -2 0 -1 -3 -18 -1 1 0 5 4 0 0 1 11 -1 1 1 -4 -2 4 4 -1 -2 -1 -1 -2 0 2 0 4 3 -3 10 -3 3 2 0 -1 -3 1 1 2 -5 3 -2 -2 1 7
L 2 86 1 99 -1 -2 -3 -3 12 1 2 2 0 1 -1 6 -5 0 -3 3 3 2 -2 -5 -3 4 -1 2 -1 -4 1 -4 1 6 8 2 10 -5 3 -2 -5 -2 -2 2 2 4 2 -2 -4 -4 1 -2 3 3 -1 0 -3 -2 -4 -3 8 -3 3 -11 1 -4 -5 1 1 -3 0 0 -8 -2 1 -1 -3 3 5 1 2 -1 1 -1 -1 -2 -1 0 -1 -2 -3 1 3 0 -6 5 4 -1 -13 2 -2 2 2 1 -14 -7 4 3 0 4 -8 4 -4 -2 -1 0 -3 0 -1 -6 3 -3 2 10 1 -4 1 -1 3 1 1 -2 0 7 -4 -1 1 0 5 -1 5 1 3 1 4 10 1 3 3 4 4 1 3 -2 1 -2 -4 0 -3 1 -1 0 -8 -1 3 8 1 9 4 -5 2 2 -1 -5 -3 -2 2 8 1 -1 1 2 -1 6 -1 -5 2 3 0 -1 0 1 7 1 4 2 -3 -3 2 -3 0 -2 -1 4 5 -3 2 -3 -5 -5 6 0 6 -1 2 2 -5 3 -4 4 -2 1 3 -2 2 -7 2 3 1 7 0 -1 2 2 0 30 0 0 3 -1 -2 -3 8 1 -3 -6 -2 1 -4 -2 0 -1 -13 8 0 -2 0 5 -2 1 -9 0 9 -6 -3 -3 -3 -1 1 1 -1 6 0 1 2 -11 3 5 -2 -1 11 0 4 -4 2 1 3 19 -1 7 2 -3 -2 1 3 0 2 1 -2 3 3 0 1 4 -2 5 -2 -2 -1 -4 3 -3 -2 -19 -3 -3 -1 -3 -5 -1 0 -2 0 1 0 3 0 -3 -6 -10 1 0 1 -1 5 -2 3 -1 -1 3 -9 -5 3 -1 -2 0 2 12 -3 1 -5 0 -1 2 -1 2 -5 -3 4 4 -3 -4 1 -3 -2 0 6 -3 2 -3 0 0 -5 -6 -3 -2 -14 -4 0 2 0 -4 0 0 -1 -2 0 1 3 -2 -2 3 -3 0 1 17 0 -2 1 3 5 1 11 -14 0 -6 0 3 6 9 4 -1 -4 3 0 3 1 4 3 2 -8 1 -1 -6 3 2 9 -2 -7 -12 -4 -1 -1 0 -5 7 3 4 -1 -5 1 2 0 -4 -2 -3 -3 2 -2 -4 5 3 -3 0 1 1 0 -1 0 2 1 -5 -2 5 -2 1 0 -2 -2 1 -1 0 -2 3 -4 -7 17 -1 5 0 -3 1 6 2 4 -2 -4 0 -6 19 2 -10 -3 -6 -4 -8 1 -2 6 5 -4 1 3 1 -2 0 -1 0 4 7 0 0 -5 4 -1 1 1 1 0 8 1 1 -5 4 7 -4 -2 -2 1 0 2 -4 -3 -3 -1 9 6 -2 6 0 0 -5 8 -9 -3 1 -1 9 -2 -1 2 -9 -4 5 7 3 -3 3 4 3 -7 -2 1 0 -2 6 -2 3 0 -1 -3 0 -1 3 4 -4 6 2 -1 -2 -1 -7
L 2 87 1 121 1 3 1 6 4 3 -1 -3 1 -2 0 -4 5 2 -1 -5 -4 -1 2 2 1 -3 -2 1 1 7 -1 4 -2 -2 0 0 -9 1 -1 -1 0 2 0 5 0 -2 -4 -1 -3 6 2 2 -1 -5 -6 -1 2 -8 -2 2 0 11 -4 1 0 1 -3 -1 -1 0 -5 14 3 3 -2 0 -3 -3 5 -4 2 -1 2 1 1 1 1 -1 2 2 6 -1 -1 3 -1 -1 -3 1 0 -1 6 -1 1 -1 10 5 6 -1 -1 2 8 -2 6 -2 2 3 -2 -1 3 -4 -2 0 -1 -16 1 3 -4 3 0 -1 -1 -2 -9 -4 2 -7 0 -5 -4 1 -3 -1 0 -3 2 -11 1 -5 0 -5 -3 -2 -2 2 -1 -2 3 1 1 -6 3 -4 0 -1 -2 -2 -1 3 -1 3 1 1 0 2 0 2 -10 -8 -2 1 1 -5 2 -4 -1 1 -1 1 1 -3 -1 -1 -3 1 7 1 3 -2 -2 6 4 8 1 2 -2 -1 -5 6 2 6 -6 3 2 4 0 -3 1 -1 2 -1 -3 -2 -5 4 -3 3 0 -4 0 5 -2 -2 -2 0 -1 -20 0 6 -3 0 -3 0 2 3 4 2 1 1 1 -5 1 0 5 -6 -1 1 -1 -2 0 -1 7 2 1 -2 -5 5 -1 -4 0 0 2 -2 0 4 -2 3 3 2 -1 2 0 -1 0 -1 -6 -3 -1 -8 0 -2 -2 -1 -1 0 1 0 -1 1 5 -3 1 -5 -7 3 -1 -1 5 -2 -2 -2 -5 0 -1 20 0 0 -1 -2 -1 2 -1 2 -7 0 0 -4 -2 1 2 -1 -1 1 -3 0 1 0 -1 1 2 -5 -3 2 0 0 -5 -1 -1 -14 -3 2 -2 5 1 -2 -2 0 -3 0 -2 -4 1 -3 -1 1 1 -2 3 -1 -3 -2 -2 2 8 1 -2 -3 15 0 3 -2 -4 2 3 -2 0 2 -1 -2 -1 2 -1 1 3 2 0 -1 1 2 -2 -2 7 3 -2 -1 -1 2 -2 2 -2 -9 -4 -1 4 -2 -2 2 -4 3 -7 1 -5 3 -9 5 -3 1 -7 -1 -7 7 4 -1 -1 -3 5 -7 -1 0 3 4 2 0 1 -1 6 -7 4 -3 1 10 -5 -9 1 1 -2 -2 -8 -1 0 1 0 3 -1 -7 -4 2 0 1 -4 0 0 3 2 -4 -2 7 11 -2 -8 -3 1 -1 -1 -1 -6 0 -5 -3 2 -5 0 11 3 13 3 7 -3 2 3 -1 7 0 -7 -2 1 5 2 1 -1 2 -1 -1 -19 -2 4 0 -1 -3 -2 -1 1 0 -2 1 1 1 -3 -6 -2 3 -4 10 -1 3 1 -3 -3 -1 -6 -1 0 7 -6 6 0 0 0 4 -1 0 -1 3 -4 -5 3 -1 0 -4 1 0 0 2 -2 3 5 -2 9 -4 1 1 1 2 0 1 2 1 -3 0 -1 0 1 7
L 2 88 1 83 -1 -2 1 0 -2 -4 1 2 -3 2 -1 0 3 -2 2 -4 3 -1 1 0 0 1 4 3 -2 -6 2 -5 1 7 -1 0 7 -2 -2 0 1 0 0 -8 -3 -1 6 -1 2 0 -2 -1 -2 4 10 1 -3 12 3 0 -9 -7 0 -1 -2 2 7 1 3 -2 3 -6 0 -3 -2 0 10 2 -7 4 -2 -2 0 3 1 3 1 0 0 3 -2 -4 4 1 3 -2 1 0 -10 -1 -2 3 1 -2 -4 -3 -9 0 2 -2 0 10 -4 1 -4 -1 2 0 -2 4 3 3 1 10 -4 2 3 -5 -2 1 1 1 3 3 2 6 1 3 7 -2 2 2 -4 2 -1 6 3 4 -1 1 2 -2 1 -1 3 3 -2 0 0 5 -5 1 4 -2 2 2 1 5 1 2 2 -1 2 0 0 -4 9 3 2 -2 -1 2 -2 7 1 -15 1 -5 -3 3 -2 -3 -6 -1 -2 -4 0 1 2 -11 -3 -2 -1 8 -1 -2 4 7 0 -2 1 1 1 0 0 4 6 1 -1 1 3 1 -1 -3 3 0 0 3 -2 -9 3 1 3 -2 5 8 2 -9 1 0 1 -4 -12 4 -2 -8 0 1 2 5 -1 -2 -4 5 1 -1 5 0 3 3 5 -4 -5 7 4 -4 2 5 2 -1 -7 0 0 -7 2 -2 -4 0 1 -1 0 -2 -3 8 6 3 1 -1 -2 0 -2 -5 2 1 -3 0 -2 -1 3 3 -1 3 1 -1 0 0 -3 2 -1 0 7 1 1 -18 1 1 -1 -2 6 -5 2 -2 0 1 -2 2 2 -3 -1 -1 -3 -3 1 -4 1 0 -1 -4 0 1 -2 -2 0 1 3 -1 -1 0 6 1 3 -4 2 2 2 -8 2 2 -1 -1 -3 3 -1 -3 0 2 1 5 3 4 2 -1 -8 1 -1 1 -18 1 -3 4 2 -5 -5 4 2 1 3 -2 -3 -1 -1 -1 0 -4 -4 0 0 2 -1 2 -8 -3 -3 3 -1 -1 3 -4 -2 14 5 1 -3 3 3 -2 2 -7 2 -1 2 -7 -1 3 -1 -2 3 -1 4 4 -6 -1 -1 2 -1 3 -3 -9 -3 -5 -1 2 -1 6 -3 8 -2 1 -2 6 1 5 1 -1 1 0 2 2 4 2 -1 -2 0 4 3 -2 -3 5 2 3 1 -5 3 4 3 -10 -7 3 2 1 0 3 -1 2 3 1 -4 4 -1 -1 0 -7 -2 -11 -2 -10 5 -1 -7 3 -4 0 6 0 2 1 -2 0 0 -14 1 1 -9 -2 -3 0 0 0 5 -1 -1 -2 2 -1 -2 -1 6 -3 1 -5 5 -8 6 -2 -2 -3 3 -1 6 1 -2 -3 4 -4 -1 1 3 -5 2 0 1 4 5 -2 -5 3 -1 2 0 0 -1 -1 2 -5 -3 -3 -3 5 -3 0 1 -1 3 -1 -2 7 4 -4 -1 0 -2 -7
L 2 89 1 114 1 -3 0 -4 -2 -4 2 1 -3 -4 -2 4 0 -4 -1 0 1 1 0 0 -1 0 3 4 -3 -4 -3 -8 -2 0 5 6 13 -2 1 -2 -1 1 -3 -1 1 1 0 -4 -3 5 1 -1 4 2 -5 3 -3 -10 8 -1 8 4 0 -13 -5 -1 1 3 4 -4 0 11 -4 -2 -2 -1 -5 -2 3 2 3 -3 -1 3 -2 1 0 -1 0 4 2 -5 4 2 1 2 0 0 -4 -1 0 8 4 -4 -3 -1 2 1 2 4 2 1 -1 -2 -9 -1 -5 2 1 -14 2 0 4 -5 1 1 0 -2 5 -1 1 -1 -14 4 -2 -2 3 0 0 -4 4 -2 -1 0 1 -1 6 3 -1 0 -2 -1 2 2 0 -4 -4 0 0 -4 -2 -2 -5 -1 1 6 2 -8 1 0 1 10 2 -1 2 2 -4 2 3 -3 -1 0 0 4 -1 -2 1 2 2 -2 -1 0 6 1 3 6 0 -4 0 -3 0 4 0 -2 4 0 -2 -3 -1 -1 -10 -1 -2 -1 1 3 6 -1 2 2 -4 1 1 -2 2 -3 2 1 0 2 4 1 1 -5 2 -6 1 -2 1 0 -7 3 -16 8 -1 -9 3 2 -1 -4 2 -1 -10 4 2 1 6 3 0 -8 3 -1 19 -4 -4 1 -3 2 4 -2 -4 3 -2 -4 1 -6 2 3 -3 0 4 -1 -10 2 -3 4 0 -3 -4 0 3 -6 -1 1 -1 0 14 1 -2 5 2 -3 -3 4 0 1 0 -2 0 0 1 -3 -6 -3 -1 -3 -2 -8 -6 -1 2 1 -8 1 2 2 4 -3 -1 -3 2 -3 2 -3 4 -5 0 -5 0 2 -9 -1 2 3 -5 -4 0 7 -2 4 -8 6 4 1 1 -3 -4 2 1 -1 -4 0 -4 -5 -1 1 2 -3 2 1 0 2 2 -2 -4 -5 -17 -3 0 9 2 -5 -2 2 1 1 0 -2 2 1 -1 -1 -2 -3 -5 -1 3 1 0 3 5 2 -2 -12 -3 -4 -1 1 -5 7 4 -4 -6 0 -1 1 -2 0 2 2 -6 2 0 -6 1 1 7 -4 -7 -9 -1 -1 -4 -1 -1 0 -1 9 -13 -10 -1 3 2 0 -2 -8 0 -2 -3 12 -1 -3 -3 0 0 2 -6 -3 4 5 0 -3 -1 7 -3 2 -1 1 -8 2 -1 0 1 4 7 7 5 3 -4 -2 0 0 5 3 0 -2 -1 -4 -2 2 3 -7 -1 1 -3 2 5 -3 1 7 2 1 -2 -1 -2 -5 -2 3 3 3 1 1 -26 0 -1 1 -1 2 2 5 4 -1 -4 4 5 -4 3 -4 1 -2 2 -6 2 -2 -6 4 5 -5 7 1 -1 1 2 -9 -1 3 2 7 2 -1 5 3 -1 8 3 4 -4 1 3 1 -5 0 -4 -2 0 -5 13 4 -1 -2 0 1 1 1 4 1 12 -5 -2 -2 2 7
L 2 90 1 77 1 5 1 5 -6 3 -3 -3 2 -1 0 -2 0 5 -1 0 -1 1 2 -3 2 -2 0 -1 3 1 1 7 4 -4 -6 -6 -11 4 -4 2 3 1 3 2 -2 0 -4 9 2 -6 -3 2 -3 -3 5 -3 4 3 -5 2 -11 1 -1 15 2 3 -4 -3 -4 4 3 -11 5 3 0 1 4 3 -4 -1 -2 3 -1 -4 -1 1 -1 -2 -4 -3 2 3 -2 -3 -1 -1 0 0 7 2 -1 -2 -1 3 0 1 -7 -2 -2 -3 -5 1 0 2 10 3 3 -2 -3 12 -1 -2 -6 0 -3 0 1 -1 -6 -1 0 6 11 -3 3 3 1 -1 4 4 -2 -1 -1 -1 -2 -2 -4 -2 0 1 -3 -4 -1 0 0 2 6 -2 2 2 3 2 6 4 -3 -8 2 3 -3 1 -1 -12 -4 3 -1 -2 3 -1 -2 3 -2 -2 2 -1 0 -2 0 -2 -1 2 -1 -1 2 -2 -1 -6 0 2 -3 1 -2 -6 4 2 -4 1 -1 -1 -1 2 12 1 7 2 -1 -2 -7 0 -1 -2 3 1 -2 -1 -4 5 -2 -3 4 1 -1 0 -1 7 1 9 -1 2 -4 4 7 2 19 -9 3 18 -2 -3 -1 3 -1 -2 10 -3 -4 2 -5 -2 3 7 7 0 -15 5 6 -3 4 -3 -1 -1 5 -4 1 6 -1 7 -2 -2 3 3 -2 2 10 1 2 -4 2 2 -3 0 -8 6 1 -2 2 3 -13 1 8 -6 -4 2 0 0 0 3 1 4 1 -1 -1 4 4 1 -2 1 5 8 5 0 0 1 2 -3 2 -2 -3 3 3 1 -5 3 -2 4 -3 3 0 4 0 -1 3 2 0 0 2 3 1 -4 2 -3 6 -6 -5 -4 -3 0 7 0 0 0 2 0 6 4 0 2 1 0 1 2 0 -1 2 1 4 5 20 0 -1 -9 0 7 2 -3 1 -3 1 2 -1 1 1 0 2 4 3 -6 -4 -2 -2 -6 -2 1 5 9 0 4 4 0 8 -8 -5 5 5 -1 3 -1 3 3 -4 -4 2 0 5 6 -2 0 -4 3 0 1 0 1 3 4 -2 2 2 -2 9 8 0 -4 1 -1 1 5 2 1 1 -15 -2 3 1 -2 -1 -1 3 3 -3 -3 -1 5 -1 -9 3 -1 -1 -1 6 0 3 0 -4 -6 -6 -1 -10 -2 4 0 1 3 -3 -1 0 0 4 1 2 -4 -5 10 1 -1 2 -4 -3 1 0 -6 -2 -3 0 1 1 1 1 0 -5 -1 -1 -2 33 -5 1 -1 0 0 0 -9 0 3 5 -5 -9 3 -3 -1 -3 2 -4 5 -4 1 3 -5 -6 3 -14 0 2 -8 3 7 3 0 -3 1 0 3 -1 -9 5 -3 -1 -3 2 0 -5 -3 7 2 2 3 -1 2 -6 -3 2 2 -1 -5 -5 -2 -3 1 -14 6 1 -2 0 7
L 2 91 1 68 1 -3 -2 -3 9 0 2 2 2 4 1 4 -2 -2 1 4 2 1 -1 0 -1 6 -1 -3 0 -7 0 -4 0 5 1 1 10 -1 2 3 -1 -4 2 -8 -1 1 0 2 3 -8 -3 0 -4 5 12 0 -2 14 -7 -4 -5 -16 1 2 0 -1 3 0 0 1 3 -12 -1 -2 3 -2 5 5 -4 2 2 3 -1 -5 3 -2 -1 3 1 -3 -8 4 1 0 3 2 4 -3 3 1 -7 -4 -3 1 -10 -5 -7 0 0 -3 -7 2 -6 0 6 -3 2 0 0 9 2 0 1 10 0 -5 2 -2 -1 2 2 -3 0 3 -3 5 2 8 0 -1 3 2 1 3 -2 12 -2 4 -1 5 6 4 3 -3 0 2 -6 1 -2 11 -3 3 -2 0 6 3 -1 7 0 0 1 -3 0 -4 1 -6 14 7 1 0 0 4 -1 4 4 -5 -2 -3 -2 2 4 4 -8 -1 -9 1 -5 5 3 -6 -3 -9 -3 1 3 -1 5 -4 -2 -5 9 -2 0 -3 -1 3 -5 2 -1 4 4 -1 1 -3 3 -6 1 4 -2 -7 -2 3 2 -4 3 30 -1 -4 7 -1 3 0 3 0 -4 -3 -3 -1 -2 5 -4 -1 -3 4 4 -4 -1 -1 -1 4 -4 -1 -6 5 4 -2 1 2 -2 2 -6 0 2 -6 1 -5 -2 -6 -1 -6 2 -1 -1 0 12 3 1 11 8 6 -6 0 0 1 -2 -1 -2 -3 -6 2 0 4 9 -6 1 0 -9 2 -1 1 4 0 3 -18 1 1 0 3 6 -2 1 -2 11 2 -3 3 0 0 -6 1 3 0 0 -3 -1 2 2 -2 -2 4 5 -2 2 -2 6 3 -1 5 6 -2 2 -7 -1 1 3 -1 3 -2 4 4 1 2 7 -2 -2 -2 -6 1 2 1 2 -2 -14 -1 -4 6 -19 0 -2 -1 2 0 -3 1 3 1 2 2 0 -2 0 2 -2 -2 1 -3 -2 -2 5 2 -7 -4 -1 4 2 -2 2 -4 0 13 7 2 0 3 4 -1 3 -7 5 3 8 -8 8 -4 5 -1 -1 2 -1 -14 -5 0 3 1 -2 5 0 -4 2 -3 -3 1 -4 3 -5 12 -4 4 1 -6 8 9 2 0 2 1 9 2 1 -2 1 -4 0 5 7 -5 -1 0 7 1 -4 -4 0 6 1 -7 -8 -1 8 4 -1 -2 0 0 8 1 5 4 -6 1 1 -9 -3 -16 1 -5 3 -2 -4 -3 -6 1 8 2 -1 1 -1 0 3 -6 2 1 4 3 -5 -1 4 1 -1 1 -3 -1 0 -1 -1 -2 2 9 2 -1 7 -3 0 -1 2 13 3 2 7 2 1 -2 -1 -5 -2 -1 0 -5 2 0 0 2 0 -3 -2 -2 0 4 0 -1 0 -3 3 -4 -4 0 -9 4 -3 -1 -2 0 -1 0 -5 1 1 1 0 0 -3 7
L 2 92 1 71 1 -10 0 2 -4 1 -3 -1 2 2 0 -6 0 2 3 2 0 -2 0 0 2 -1 -1 -5 4 5 3 6 0 -1 -5 -6 -12 5 0 1 2 3 3 5 -3 -2 5 3 5 -2 1 0 0 -2 1 -1 3 2 5 2 -1 -1 1 12 5 0 0 -2 -4 4 2 -12 5 2 1 0 -1 1 -2 -1 -4 3 0 -3 0 -3 0 0 0 -3 -1 3 -5 -1 0 -1 -3 2 8 0 -1 -5 -3 4 5 2 -1 -2 0 -4 -2 -2 -1 3 6 0 3 -2 -2 9 -2 3 -5 2 -1 -1 1 1 -4 0 -3 3 18 -5 2 3 -3 -1 -5 2 -4 2 0 1 -4 -6 -5 -4 2 0 6 -1 0 -1 0 5 2 -1 2 4 2 2 6 1 -5 -8 -2 -2 1 0 -3 -6 -2 2 -2 -1 2 -3 -4 2 -2 4 -2 -1 -2 9 0 1 0 4 1 -1 0 -2 -3 -7 0 3 -1 6 -1 -8 -1 -1 -4 3 0 2 4 3 8 1 -2 2 -1 -3 -2 0 -3 -7 2 0 4 2 -3 4 -2 -1 2 -1 0 0 -2 3 -4 -2 -2 3 -3 2 5 -6 0 -8 0 7 0 -2 -1 2 0 1 8 -4 -1 1 -5 -3 0 1 -5 0 -15 3 -1 -1 4 -1 -3 1 4 -3 0 6 -2 5 -4 -4 5 3 -5 0 0 -4 0 -3 0 0 6 -5 -3 8 2 -1 1 2 -9 -1 -5 -5 -2 3 13 -2 1 -2 0 2 2 6 -3 3 4 2 1 3 1 7 6 1 -3 0 9 0 0 0 -1 3 3 7 -1 4 2 6 -5 5 -1 6 0 -1 13 3 -6 -2 2 6 1 -1 -1 -4 1 -5 -2 -2 -1 5 4 0 -1 -1 4 3 0 7 3 0 -8 4 -2 2 0 -2 7 2 9 0 20 1 0 -9 1 1 1 -1 2 -2 0 3 0 1 3 -2 -1 3 5 3 -1 1 -1 -2 -9 0 -4 13 1 2 0 -1 3 -10 0 2 1 -2 -1 -2 2 2 -2 -3 5 -1 4 1 -2 -2 -9 2 17 14 4 3 5 1 0 -2 1 -12 8 8 -1 -4 -1 2 0 0 -1 0 2 -8 2 -1 3 0 1 -2 10 1 -2 -4 0 4 4 -3 1 -2 2 0 7 -4 3 0 -4 -5 3 -1 -11 0 2 0 1 0 -3 -3 1 2 10 1 -1 -1 1 7 2 2 3 -1 -2 4 -2 -5 -2 -2 1 2 1 -1 3 -2 -2 -1 -2 -1 32 0 -1 -1 0 0 2 -5 0 0 5 -4 -5 3 2 10 -2 1 -4 -3 1 1 3 -10 -6 5 -5 -1 -3 0 -6 4 3 -1 -2 -7 -1 2 -3 4 3 -2 -3 -2 4 -1 -6 -2 7 -1 1 2 -1 0 -9 -2 2 1 1 0 -2 -2 -2 -3 -7 -1 4 2 1 7
L 2 93 1 124 1 -1 1 1 0 -2 1 -1 -4 -4 -3 6 2 0 -1 -2 2 3 0 -3 -2 0 3 8 -1 -8 -1 -6 3 6 9 2 8 -4 -1 -2 -1 -1 -2 -2 1 3 -1 0 -4 1 -2 -2 1 1 -2 1 -2 -10 4 -1 -1 7 -1 -13 -6 2 -4 3 2 -4 0 8 -5 -2 -2 -2 4 -1 3 2 3 -4 2 3 -1 2 -1 -2 -3 4 0 -4 6 3 -3 2 2 0 -13 -1 1 7 7 -5 -10 -3 -3 3 0 4 -2 10 -3 -4 -6 2 -3 2 3 -11 4 -3 3 -3 -2 3 -1 -2 2 -3 1 0 -9 8 0 -3 3 -2 9 -2 3 -1 -1 -1 2 -1 5 3 0 -3 -5 -5 1 3 2 -3 1 1 0 -4 -1 -2 -6 1 1 6 3 4 3 -1 3 3 1 -1 0 -2 -2 4 3 -1 -1 -4 1 11 -1 -11 5 1 0 -2 -3 -2 7 1 7 5 1 -4 1 -8 -1 3 3 7 4 -3 -1 -3 -3 -1 -5 2 8 -1 1 3 4 0 -1 2 -2 5 -2 -4 2 -3 1 1 0 5 2 0 3 1 3 16 2 -5 -1 2 -4 3 -2 6 0 -5 0 1 -3 -1 0 -5 -13 11 -2 2 5 3 3 -1 8 -1 15 0 0 -3 -4 0 4 -2 -2 2 -3 -2 3 -6 2 4 -1 3 10 0 -4 3 -1 3 5 3 -7 4 -3 -7 0 0 1 -1 3 4 6 4 2 -2 -7 9 -2 5 3 -3 1 -3 5 -3 -4 -13 -3 -3 -3 -5 -2 -4 3 1 -12 1 2 1 0 -3 -2 -11 -3 -3 3 -2 6 -4 1 -4 1 2 -17 -4 5 3 -5 -6 0 8 -2 3 -5 3 3 -1 -1 -5 -3 1 -1 0 -5 -3 0 -6 -2 3 10 -1 4 2 0 2 0 -4 -3 -5 -13 -4 -1 4 0 -6 -3 0 2 -1 1 -3 0 -1 -3 -1 -1 -2 -6 0 1 1 -1 2 6 3 6 -13 -5 -5 2 1 4 6 5 -1 -3 1 0 2 -1 2 -1 0 -9 -1 -4 -3 -1 2 4 -4 -16 -14 -4 -3 -5 2 -5 4 1 10 -6 -8 1 3 4 1 -2 -6 1 1 -4 8 -1 0 -2 0 -2 1 -11 0 3 4 -1 -1 -3 4 -2 6 -3 5 -6 5 3 -3 -2 1 2 -3 10 1 -3 -4 0 5 3 4 1 -1 -5 -1 -3 7 1 -3 -1 0 -4 -7 3 -1 3 8 -2 1 0 -2 0 -6 -3 2 2 2 0 3 -23 -4 0 2 0 2 2 1 4 1 -3 2 5 -4 3 -12 0 -3 2 -6 -1 -3 -5 5 8 -7 -5 0 0 -7 13 -8 -2 4 2 12 0 -2 5 -4 -1 10 5 6 -5 3 2 2 -5 0 -2 -2 -1 -5 12 6 0 -1 -2 -2 0 3 4 0 8 1 -2 -4 1 7
L 2 94 1 109 -1 -4 -3 -6 11 -2 3 4 0 2 -1 5 -7 -4 -2 7 1 0 -3 0 -3 5 -4 -2 -1 -1 0 -5 -3 2 6 5 12 -4 5 -2 -5 -3 -3 2 3 2 2 -6 -2 -1 3 -2 4 4 -4 1 -3 -2 0 -3 17 -5 4 -13 2 -5 0 3 2 -3 -1 3 -7 -3 4 -1 -10 1 5 1 2 0 0 -1 0 -4 0 2 2 -2 -5 2 0 0 -3 4 2 -1 -5 0 -2 0 0 1 -6 -4 8 2 1 4 -1 -3 -2 -1 -4 -4 -3 2 0 -7 0 -1 4 8 4 -5 1 3 6 2 0 -5 -4 4 -6 -2 -2 2 -3 -2 3 2 5 2 2 9 2 3 2 3 7 7 4 -2 -1 -1 -7 1 -3 1 -1 0 -9 -2 3 8 -1 -1 4 -5 0 7 1 -5 0 1 0 5 2 -2 3 4 -2 -1 0 7 1 3 1 -1 2 3 4 1 0 4 -3 -2 3 2 1 -1 -3 -5 5 -1 3 -5 -3 -4 -1 -2 -4 -3 2 2 -2 1 -2 3 -1 0 6 0 3 -8 2 3 -1 3 1 1 1 -3 -3 8 0 1 5 -4 -4 -2 -4 2 -4 -11 0 2 -2 -4 1 3 -12 4 3 -3 1 3 -5 -4 -17 1 12 -10 -5 0 -5 2 0 2 -2 5 0 -2 0 -9 2 1 -2 -3 4 -1 -2 -7 0 3 -1 11 5 2 7 -1 -2 2 1 -2 10 -1 -10 4 4 -1 5 -1 0 0 -4 -2 1 1 1 -4 -3 -8 0 -1 -3 -4 -8 2 -1 -2 4 2 -2 4 2 -3 -5 -2 7 -1 3 -1 2 -2 1 0 -2 4 0 -3 0 -2 -1 0 1 9 -4 0 -4 3 2 3 2 6 -7 -3 3 4 -1 -2 -3 -2 -1 -1 -1 -2 -1 -4 0 0 -4 -4 -3 -2 -16 -1 1 5 1 -5 0 1 0 0 -2 2 4 -1 0 3 -4 -2 2 14 3 -1 3 6 3 -1 2 -11 2 -5 -4 2 -3 5 4 -3 -5 2 -2 2 -1 1 7 3 -3 4 1 -9 5 0 10 -2 1 -8 0 1 -1 -3 -1 2 2 5 -4 -5 0 2 -2 -4 -2 -4 -4 1 -1 0 6 1 -3 2 2 2 4 -3 0 1 1 -6 1 9 -2 0 2 -4 -3 -2 -3 1 0 5 1 -1 12 1 4 2 -2 -3 5 0 4 -1 0 -1 -4 13 5 -13 -3 -4 -2 1 2 -1 4 3 -2 2 2 1 -3 0 0 -1 5 7 1 0 -2 8 -2 1 1 2 -2 12 0 -1 -4 4 9 -4 0 6 2 0 3 -3 -1 -2 0 8 5 -1 16 1 -1 3 -2 -8 -2 1 -1 1 -1 -3 1 0 -5 3 4 2 -1 1 5 4 -6 -3 -1 0 -1 5 -2 2 -1 -2 -1 3 2 2 4 -6 10 -2 0 1 0 -7
L 2 95 1 118 1 -16 1 -4 0 -3 2 -1 -1 -1 -2 2 4 -1 2 -2 3 2 -1 -1 -1 -2 4 5 -2 -2 1 -8 0 8 5 5 10 -4 2 -2 -1 1 -2 -2 1 1 7 -6 -2 8 3 -3 4 2 -4 3 -4 -10 15 -1 8 6 1 -14 -7 0 -1 4 3 -4 -1 7 -5 -2 -4 -1 0 -2 3 3 1 -4 1 6 -2 2 -1 0 0 4 0 -4 5 4 0 1 0 1 -13 -2 2 6 4 -4 -4 -1 4 1 3 5 -1 4 -3 -1 -11 1 -3 2 2 -15 4 1 4 -2 0 2 -1 -2 4 -1 -1 0 -2 5 0 -2 0 -1 2 -5 3 1 -1 0 2 -2 4 2 1 -2 1 -2 2 1 1 -5 -4 0 1 -2 -2 -1 -4 0 -1 7 1 -1 5 -1 2 10 2 0 -2 -2 -3 2 1 -3 -3 0 -1 11 -1 -4 4 3 2 -1 1 -1 6 2 6 5 0 -4 1 -3 0 2 1 3 2 1 -4 1 1 0 -7 0 -3 1 2 3 6 1 -1 0 -4 2 2 -3 2 -1 2 2 -1 2 3 1 1 -4 0 5 0 -2 0 0 -6 -8 -19 4 -2 -13 2 3 0 0 1 -3 -13 8 1 2 3 2 0 -8 -4 -2 15 -2 -6 -1 -5 1 4 0 -4 4 -3 -4 1 -8 1 4 -2 2 6 0 -11 -1 -7 4 2 3 -1 3 0 -4 0 2 0 0 8 0 -5 4 2 -2 7 8 -1 1 0 -4 2 2 4 -2 -7 -12 -1 -4 -4 -8 0 -3 1 1 -4 2 0 3 3 0 -2 -5 0 -3 3 -3 6 -4 3 -3 0 0 -10 -2 2 3 -5 -2 1 13 -4 3 -13 4 4 1 -1 -1 -7 2 -1 0 -5 0 -6 -3 0 1 -1 1 1 1 2 0 3 -2 0 -7 -15 -2 1 6 3 -9 -2 2 1 1 1 -1 1 0 -4 -2 -2 -3 -5 8 3 2 -3 3 2 2 -2 -11 -3 -3 -1 -1 -2 8 8 -4 -8 1 0 1 -2 -1 0 2 -7 -2 -2 -10 -2 0 1 -4 1 0 0 -3 -2 -1 -3 0 1 -1 -10 -11 -1 3 2 1 -3 -12 -1 -2 -3 14 1 -4 -2 0 1 1 -5 -3 3 5 0 -4 1 6 -5 5 -3 4 -6 2 1 -2 1 2 11 -2 9 3 -7 -3 0 1 4 3 1 -1 0 -1 -3 10 3 -5 -1 1 -4 -4 4 -1 -1 7 -1 0 0 -1 -1 -9 -3 1 2 2 1 1 -28 1 -2 1 0 1 4 5 4 -1 -4 2 6 -2 7 -2 2 -4 2 -13 3 -3 -6 -2 5 -4 5 -1 -2 -1 6 -10 -1 3 4 7 1 -2 4 7 0 11 4 4 -4 2 2 4 -5 -1 -2 -2 0 -6 9 4 1 -2 1 1 1 2 4 0 14 -6 0 -1 2 7
L 2 96 1 66 1 -1 -2 -5 -4 -2 2 6 -1 6 1 4 -8 -2 -1 5 1 -3 1 -3 -1 5 1 -5 -2 -6 2 -4 1 -2 0 1 8 -3 2 0 -3 -4 2 -5 1 1 0 1 2 -6 -1 0 2 6 5 0 -2 8 4 -3 6 -15 5 1 5 -4 6 -1 3 0 6 -14 -2 -3 4 0 -5 4 -7 3 1 1 -3 -3 0 -3 2 1 0 -4 -5 2 -2 -5 1 0 4 -2 3 3 -9 -1 -4 0 -9 -6 -8 2 2 -3 -4 -3 -2 1 -1 -6 1 -1 -4 3 2 0 1 17 0 -4 4 -3 2 2 1 -2 2 4 -2 7 -1 7 4 -1 3 1 1 4 -2 11 -1 4 -2 11 7 5 1 -3 -1 5 -5 0 -2 8 -1 4 2 0 6 3 1 -9 -1 -4 -1 -4 1 -5 -1 -4 13 8 2 1 1 6 -2 4 1 0 -2 -2 -2 3 2 2 5 -3 -10 -4 -4 3 2 -5 -2 -11 -2 -7 3 2 7 -6 -2 -5 6 -4 -1 -3 -3 3 1 0 -2 2 4 -1 6 -3 4 -4 0 4 -2 -7 1 1 1 -2 0 12 -1 -6 7 -2 4 0 -7 -1 -3 3 -3 -1 -2 5 -1 2 -1 5 5 -4 1 -1 -2 -1 -5 -1 1 0 6 -3 4 4 1 -1 -1 2 2 -5 1 -3 -1 -4 1 -6 -4 0 -2 0 9 3 1 6 -2 -3 6 -1 0 2 0 1 4 -3 -4 3 0 3 8 -5 1 -2 -9 5 -1 4 5 0 3 -14 2 0 1 0 -6 0 2 -2 6 0 -2 3 1 -3 -3 2 4 0 1 -2 -3 1 0 -2 -2 6 7 1 -2 -2 7 2 1 8 6 -1 3 -6 0 4 2 1 5 -3 2 4 0 2 1 -1 -1 2 -6 0 2 0 -1 -3 -10 0 -1 6 -14 2 -3 0 1 -3 -2 0 6 -1 1 1 0 0 3 2 -2 -5 3 1 -1 -5 3 1 -6 -5 0 2 4 -1 2 -2 1 7 3 1 -1 1 2 0 4 -3 7 0 7 1 11 -4 2 -4 12 0 4 -11 -4 2 0 1 -5 5 -1 5 -7 -5 -2 2 -5 -1 -2 8 -6 4 -1 -10 6 14 0 0 3 2 15 1 1 -2 -2 -5 0 7 8 -6 2 -4 4 0 -4 -2 -1 7 2 5 -15 2 9 5 -2 -1 1 0 6 -1 4 3 -3 1 1 -14 -4 -14 -1 -6 2 -3 -2 -1 -4 1 6 2 -1 -2 1 -2 2 -5 0 0 16 5 -2 -1 2 2 2 6 -3 -1 1 -1 -2 -1 1 10 3 -2 5 -7 -1 -3 2 2 0 4 17 2 1 -2 0 -4 -1 -3 0 -9 1 0 -2 -3 5 -2 -3 0 2 6 1 -2 0 -4 2 -4 -6 4 -9 1 -4 -1 0 -1 -1 0 -1 2 3 -3 1 2 -3 7
L 2 97 1 96 -1 -6 0 -1 3 5 -2 0 4 5 0 1 -4 3 -3 6 0 4 -2 -2 0 1 -2 -2 4 7 -2 10 -1 -4 3 1 -10 2 0 1 -1 0 0 10 0 2 -2 0 -1 -2 3 1 2 -5 -8 0 4 -17 -7 -2 2 6 0 1 1 -1 -8 0 -4 2 -2 2 0 3 1 0 -9 -1 7 -7 5 3 2 -5 0 -3 1 2 0 -4 3 3 -6 3 -6 2 0 0 6 1 2 -5 -1 4 0 2 11 -1 0 -1 -4 -5 2 -2 3 0 -2 0 3 -1 -1 -1 0 -3 2 -3 -6 5 2 0 -1 2 0 0 1 -4 0 -3 -3 1 -2 1 1 0 2 -5 -2 -4 2 -1 1 3 0 -1 -1 -6 4 -1 0 -5 5 -1 -3 2 -2 -4 -2 8 2 -3 -2 -3 -1 1 0 0 -6 -2 -4 2 4 -1 3 4 -1 10 -1 4 1 -3 1 3 2 0 4 3 -2 -1 -1 11 3 -4 0 -3 1 2 -4 -1 -2 3 7 2 1 3 1 -6 -5 0 -1 -1 -2 0 1 4 -4 -1 0 -3 3 8 -5 -1 -4 4 -2 5 -3 10 -1 1 0 -1 20 -8 1 12 -2 -1 -3 -1 0 4 5 -3 -2 2 -6 0 -1 2 -8 3 4 -4 -4 0 2 -4 -3 1 9 -2 2 7 -1 -3 3 2 1 2 2 1 7 -8 -6 -3 1 8 7 2 -2 5 -2 -1 4 1 -2 3 -4 -5 2 -4 2 0 -3 0 1 -2 -2 -1 -5 1 -2 12 0 1 1 1 -1 5 -2 0 -3 -2 1 -1 -3 5 1 -1 1 2 -3 3 0 2 2 6 0 -1 1 1 -1 -2 -1 0 1 -2 -5 -2 0 3 -1 -1 0 7 -5 -3 1 1 3 -4 3 4 0 -2 -5 -3 -1 -5 1 -1 6 -2 2 -1 19 -1 3 -9 -2 3 5 -5 -6 -4 -6 1 3 0 2 3 1 6 4 9 -2 -1 -2 -2 5 2 4 -4 1 -2 -3 3 7 -13 -2 0 4 -1 -3 2 -1 9 -5 2 -3 11 2 -2 -1 1 -6 2 -5 -7 6 -1 4 -2 1 0 4 4 -2 5 2 -5 -1 -3 3 -10 2 1 3 -4 1 1 1 2 -3 -1 -9 0 -5 0 -2 1 0 -5 -3 4 4 -2 2 -3 -1 5 -2 -5 -1 8 11 -3 -1 -1 -2 -1 0 -3 0 0 5 -3 -2 6 -2 6 4 11 0 4 -3 1 6 -1 2 -1 -3 0 -1 -4 0 1 -1 16 0 0 12 0 2 1 1 0 -3 2 1 4 -3 0 2 2 -7 0 -1 5 -6 7 -6 -1 0 3 -4 2 -15 -1 1 0 -5 3 1 -1 -3 6 -3 -1 -3 -10 -3 -1 7 -1 -1 -1 -2 2 2 1 0 5 4 5 2 -4 1 1 -2 0 -4 0 2 -6 -3 5 1 1 0 -7
L 2 98 1 76 1 1 -2 0 0 -1 1 3 -2 6 0 6 -5 2 -1 4 2 0 1 -7 -1 4 2 0 -1 -10 4 -2 5 5 5 -3 4 -4 -1 1 -3 -5 2 -5 1 3 -1 4 1 -9 -4 -2 -3 5 8 -1 -1 7 -1 -4 -3 -10 3 2 3 -1 0 -1 1 0 5 -15 -3 -3 3 0 6 5 -7 3 0 1 0 -3 1 -1 0 0 -3 -2 -5 2 3 -4 -3 2 6 -2 -6 3 -7 -1 0 -1 -17 -7 -11 4 -1 -2 -10 8 -5 -2 3 -2 2 0 -2 6 4 -2 0 19 -3 -3 3 -3 -1 0 1 -1 7 7 0 7 2 5 12 1 4 1 0 3 0 10 -1 4 -2 8 3 1 1 -2 2 4 1 1 0 8 0 4 1 1 5 3 2 4 1 -4 1 -11 0 -5 -4 -8 14 11 2 3 1 2 -1 11 1 -10 2 -3 -4 3 -1 1 5 -4 -5 -6 -2 2 3 -11 -3 -11 1 5 3 0 6 -6 -4 -5 11 0 11 -2 -1 2 -1 2 -4 2 5 2 1 -5 3 -4 -2 4 -1 -3 0 -1 4 5 2 35 -1 -9 4 1 7 0 9 -4 -2 8 -5 -2 -3 8 -2 -3 -3 12 -1 -3 0 1 1 6 2 -1 -4 3 9 -4 2 2 1 -1 1 1 0 -3 2 -4 -2 -3 2 -2 3 1 5 3 10 1 7 13 -6 2 -1 -2 1 0 2 1 -8 1 6 2 1 2 2 0 -1 3 -5 5 0 -1 8 -1 4 -23 -1 1 0 3 0 -3 3 -2 1 0 -1 1 -4 -3 -4 -7 -1 -1 2 -2 -1 3 2 -1 -1 6 -2 -3 1 -2 6 0 -1 9 7 -1 6 -8 -2 2 0 -2 7 -3 0 6 -2 -2 6 -2 -3 4 3 1 5 2 0 -3 -12 -3 1 5 -11 -1 -4 -5 -1 -4 -4 -3 7 -4 2 0 -2 -1 0 0 -2 -3 2 3 -4 -4 2 0 -4 -3 10 -1 1 -2 6 -1 9 7 4 4 2 2 3 0 4 -1 4 -1 3 -3 6 -1 0 -2 9 1 -6 -15 -7 1 0 5 -8 9 2 6 -1 -5 0 1 -3 0 -2 10 -4 6 -2 -14 6 15 1 -1 0 0 8 5 0 -3 -3 -3 -3 4 8 -1 -2 0 5 3 0 -5 -4 3 -4 -6 -9 0 9 3 -2 4 -1 1 6 0 -1 5 -4 6 -1 -10 -4 -14 -3 -16 1 -1 0 1 -9 1 8 1 1 -4 -1 -1 2 -5 0 2 9 0 -2 -1 2 2 2 2 -3 2 0 -3 -2 0 1 0 2 -3 3 -7 -4 -3 2 3 3 0 3 0 1 -11 12 -3 -1 -1 0 -2 -1 -1 -1 -11 6 1 -1 2 -1 7 -1 -1 0 -3 4 -4 -6 4 -9 5 -3 0 -2 -4 -2 1 -2 1 0 3 0 -2 -4 7
L 2 99 1 81 -1 -8 1 -2 -8 -5 1 3 -2 2 0 1 3 -3 3 -3 3 0 1 -1 0 1 4 3 -2 -6 0 -6 1 3 -1 0 8 -1 -2 -1 2 -1 1 -8 -1 -1 5 -1 3 4 -2 0 -1 5 8 3 -2 4 6 -1 -7 -5 1 -1 -3 1 8 2 3 -1 5 -7 -1 -2 -1 0 4 1 -8 4 0 -2 0 2 1 2 0 0 0 3 -2 -4 3 1 4 -3 1 -1 -3 -1 -2 3 -1 -3 -4 -2 -9 0 4 -2 0 7 -4 0 -8 -2 2 1 -2 2 3 3 1 10 -3 2 2 -5 -1 0 1 1 0 4 3 6 1 5 7 -2 2 0 -3 2 -2 4 2 4 -2 3 4 -1 1 -1 2 2 -3 1 0 4 -4 1 5 -1 2 2 1 2 0 1 2 -2 2 0 1 -4 11 4 2 -3 -1 2 -1 11 2 -13 0 -5 -2 3 -1 -2 -5 -1 -5 -1 0 1 3 -11 -4 -6 0 3 0 1 3 5 1 -2 -1 0 -2 0 -1 4 7 0 0 0 3 0 -2 -2 3 -1 0 2 -3 -11 3 2 4 -2 5 6 1 -9 1 0 1 -5 -13 5 -2 -2 1 0 2 6 0 -2 -3 4 2 0 5 -1 2 0 3 -3 3 9 6 -2 2 7 2 -1 -6 -1 0 -9 1 -3 -3 0 1 -3 -2 -1 -5 7 4 4 0 -3 4 0 -3 -4 2 1 -2 0 2 -1 -2 4 -1 3 7 -1 1 -2 -4 2 -1 2 7 0 0 -17 2 1 -1 -3 4 -3 2 -2 -5 0 -1 3 2 -1 0 2 -1 -2 2 -4 0 0 0 -5 -1 2 1 -1 0 2 4 -2 -1 -1 6 1 4 -2 3 2 3 -7 2 1 -1 0 -3 2 -3 -2 0 2 -4 3 4 5 2 -1 -5 2 -1 2 -16 1 -3 2 3 -5 -5 3 2 1 1 -2 -3 -1 0 -1 0 -4 -5 -2 0 1 -1 3 -7 -4 -5 3 0 -1 2 -4 -3 12 6 0 -3 1 2 -3 1 -6 1 -1 2 -2 2 -2 -1 -2 2 -1 2 -2 -5 -1 0 2 -3 2 -3 -3 -15 -8 -1 2 -1 7 -3 6 -3 1 -2 8 2 6 2 -1 0 1 -1 1 3 1 -2 -2 0 5 4 -1 -2 5 2 3 1 -6 3 4 10 -1 -13 4 0 1 1 2 0 3 3 0 0 3 -1 -3 0 -7 -1 -10 -2 -8 6 -1 -9 1 -3 0 5 -1 2 -4 -3 -1 2 -10 1 2 -11 -2 -4 0 1 1 4 -2 0 -1 2 -2 -2 -1 7 -2 2 -5 5 -12 6 -2 -2 -2 3 -1 2 1 -2 -3 0 -4 -1 1 3 -5 2 -1 1 5 6 -3 -5 3 0 4 0 0 -1 -1 1 -6 -3 -5 1 5 -3 0 1 -1 3 -1 -1 6 7 -5 0 0 -1 -7
L 2 100 1 105 -1 -4 -3 -8 4 0 2 2 0 2 0 6 -6 0 -2 4 2 3 -2 -4 -3 3 1 1 -2 -5 -1 -5 1 4 7 4 11 -4 4 -2 -5 -2 -2 1 3 4 1 -2 -3 -3 1 -3 5 3 -3 1 -3 -7 0 -3 10 -3 4 -12 -1 -3 -5 1 1 -2 2 -1 -8 -2 2 -2 -4 1 5 1 3 -1 0 -1 -1 -2 -2 1 -2 -1 -3 2 1 -1 -4 5 5 -2 -5 2 -4 2 2 -1 -15 -6 5 3 -1 4 -9 0 -5 -2 -4 -1 -3 1 1 -10 3 -4 3 8 2 -4 1 -1 5 0 1 -1 0 7 -4 0 1 1 2 -1 5 0 2 1 3 8 1 3 1 4 0 2 3 -2 0 -4 -5 0 -1 -1 -1 1 -8 0 3 8 2 -1 4 -6 0 6 -1 -5 -1 -1 2 8 2 -1 1 2 -1 5 0 3 2 4 1 -3 2 3 10 1 0 6 -3 -2 2 -1 1 -2 0 -3 6 0 1 -10 -4 -6 3 -1 1 -2 1 1 -5 1 -3 2 -2 1 6 -2 3 -6 1 3 0 6 0 0 1 1 -1 27 -1 0 4 0 -2 0 3 0 -3 -7 -1 1 -5 -1 0 -1 -11 9 1 -1 0 5 -3 -3 -11 1 14 -4 -4 -2 -3 0 1 0 0 6 0 -1 2 -11 3 5 -3 -1 10 2 0 -5 1 2 2 15 -2 6 4 -2 -2 1 2 -1 8 1 -6 3 3 0 2 3 -2 2 -3 -2 1 -1 1 -3 -2 -15 -3 -3 -2 -3 -7 -1 1 -1 1 1 1 4 0 -1 -5 -6 3 -1 2 -1 4 -3 3 -3 -2 5 -7 -3 4 -1 -1 -1 1 21 -4 0 -7 2 0 2 0 4 -3 -3 4 4 -2 -3 2 -3 -2 -1 2 -4 2 -3 1 0 -5 -5 -2 -3 -14 -3 0 5 1 -3 -1 -1 -3 -3 -1 1 4 -1 -1 1 -4 0 0 8 0 -3 2 3 4 1 8 -14 0 -5 0 3 6 7 2 -2 -4 2 -1 2 1 4 4 3 -4 0 4 -10 5 2 9 -2 -4 -16 -2 -1 -1 0 -6 6 4 9 -6 -7 1 2 0 -3 -3 -4 -3 2 -2 -7 4 4 -3 0 1 3 -2 -1 -1 2 0 -6 0 7 -1 2 1 -3 -4 1 -2 1 -2 4 1 -4 8 0 4 1 -3 -1 6 2 5 -2 1 0 -5 17 2 -11 -2 -4 -5 -2 1 -2 5 5 -3 1 2 1 -2 -7 -1 0 3 11 1 0 -6 5 -1 1 1 2 -1 7 2 2 -5 4 7 -4 -1 2 1 0 2 -8 -4 -3 -3 11 7 -2 4 1 1 -5 10 -10 -2 1 0 9 -1 -2 3 -7 -3 12 6 2 -3 4 4 1 -6 -2 0 0 -2 4 -2 3 0 -2 -3 -1 -1 3 3 -5 8 1 0 -2 0 -7
L 2 101 1 116 1 -5 0 -2 9 -2 2 -1 -1 -6 -2 4 5 -3 2 0 2 5 -3 3 -1 1 2 4 -1 -5 -4 -8 -2 7 6 6 15 -1 1 -1 0 1 -1 -4 0 1 1 -2 -1 2 -1 0 -2 2 2 3 -3 -4 -2 -1 -2 2 -2 -13 -9 1 -2 3 1 -3 -1 12 -3 -1 -4 -3 4 0 5 1 3 -2 0 2 1 2 -3 1 1 4 -1 -3 5 7 2 3 0 -1 -5 -3 1 6 5 -3 -4 -1 2 0 0 3 -1 5 -4 -2 -3 2 -4 2 4 -9 2 -1 4 -10 0 1 -1 -2 0 -1 1 -2 -15 3 -2 -3 3 2 -2 -4 3 0 -1 -1 1 1 5 3 1 -5 -3 -2 3 2 1 -6 -4 1 -1 -2 -4 -3 -8 0 1 6 1 5 1 2 3 10 0 0 4 -1 -2 1 2 -4 -2 -3 0 4 2 -7 2 1 2 -2 1 1 -4 4 3 11 -1 -3 2 -4 -1 6 -1 4 4 -4 -3 -1 -1 -1 -7 0 -1 -2 2 3 2 0 3 4 -4 2 -2 -3 2 -3 4 0 0 2 1 3 2 -7 4 10 2 0 0 1 -6 3 -7 8 -2 -14 2 2 0 -4 -1 -3 -15 4 1 1 4 2 1 -4 3 -2 13 0 -5 -1 -6 1 2 1 -8 1 -1 -4 2 -7 1 2 -3 -1 9 -3 -10 0 -1 4 0 3 5 8 -7 -4 -1 0 -3 -3 8 0 -4 4 0 0 -1 4 0 3 1 -5 1 -1 1 -2 -5 -9 -1 -4 -3 -6 4 -2 2 1 -4 2 0 3 3 1 -4 -4 1 -3 1 -3 6 -4 1 -5 0 -1 -10 -4 5 3 -5 -4 -2 4 -1 3 -9 4 3 -1 2 -5 -6 3 3 -1 -2 0 0 -6 -1 -2 2 -1 2 1 3 3 -2 -2 -7 -4 -22 -4 1 7 3 -3 -1 4 -1 3 1 -1 2 -2 -3 0 -1 0 -7 -5 3 3 2 3 4 2 -4 -9 -4 -5 -2 -2 -5 12 7 -2 -5 1 0 1 -2 -3 1 3 -5 -5 -4 -6 4 2 -3 -3 -11 -13 -2 -3 -2 -1 1 0 0 0 -3 -8 -3 2 3 3 -5 -4 1 -1 -2 15 1 -7 -1 0 0 2 -10 -3 3 4 2 -2 -2 4 -5 2 -2 5 -5 2 -1 -2 2 3 6 -4 11 1 -4 -3 2 0 4 3 2 1 0 -4 -4 2 3 -2 0 -1 -2 2 5 -2 0 4 0 1 0 -1 -1 -2 -4 3 3 3 2 1 -24 0 -4 1 1 1 -1 0 3 -2 -3 3 5 -5 3 -5 0 -3 4 -3 2 -2 -5 13 7 -6 -1 2 -1 1 2 -10 -1 4 3 9 3 -1 6 8 -6 7 4 2 -5 0 3 2 -5 0 -3 -2 1 -8 12 6 1 -2 -2 1 0 0 1 0 9 -1 -2 -2 2 7
L 2 102 1 88 -1 -2 2 2 -15 0 -1 -6 1 -6 1 -8 9 2 6 -5 -4 -3 2 4 3 -4 0 1 0 4 3 0 1 0 -8 -4 -10 4 -1 0 6 3 3 -3 -2 -5 1 3 4 4 -2 2 -4 -4 6 -3 3 9 4 3 -12 5 -3 13 -1 5 4 -1 -1 3 1 -3 7 2 -2 -1 11 -2 -7 0 -7 -1 -2 3 2 3 0 0 2 2 2 0 -2 0 7 -5 -3 1 10 -2 2 -2 -3 -1 10 7 -5 -2 -1 -3 4 -1 1 3 1 3 5 0 -1 6 -3 2 -4 -11 -3 4 0 -1 -6 -1 -1 2 8 -8 3 2 -1 -1 -3 2 -5 -3 -4 0 -6 -7 -3 -3 -1 -5 -8 -5 -3 1 0 1 5 0 3 2 -2 1 8 1 -5 -6 0 -6 -4 6 0 3 -2 5 1 0 -1 -7 -2 1 -5 -1 -1 -6 2 2 0 -5 0 1 0 -5 -8 2 -5 1 3 3 -4 -1 -1 5 0 -3 -7 0 -3 5 6 5 -5 1 -7 -1 -1 1 3 -3 3 -4 -2 0 -4 -1 -2 8 -2 -3 0 -6 1 1 0 -1 0 -17 1 0 -5 1 3 0 -7 -1 5 3 3 -1 2 4 -1 -3 8 -6 -1 2 -1 -3 3 -1 9 -1 -10 12 1 3 3 1 -2 -1 -1 -4 -1 2 -3 11 -3 -3 3 2 -7 -2 -6 5 2 -2 -3 -20 1 -2 -7 2 2 -2 -4 -1 -8 -1 0 -1 -4 2 4 -2 2 -4 5 0 2 5 -5 2 4 12 0 2 1 5 10 -2 0 2 3 2 1 -2 -1 5 5 9 -3 2 0 1 -4 1 0 0 1 -6 8 4 -1 2 1 2 -1 -5 3 0 3 -4 -1 -3 0 -3 7 4 -3 -4 2 4 -1 4 3 1 -2 2 -4 4 1 -1 4 7 4 1 15 4 -1 2 0 6 0 1 -3 4 4 -1 -5 2 1 -3 1 1 0 -24 -1 2 0 -1 -6 0 -10 14 -2 6 0 -3 -3 -6 -5 1 3 -4 3 -4 0 -5 -3 -2 8 -9 1 7 -2 -3 -11 1 13 15 2 1 2 2 2 -6 -2 -13 2 4 -1 -2 2 6 2 5 4 -3 0 2 -5 -8 2 -2 1 1 -5 2 -2 -3 1 7 2 -6 0 -2 -1 4 3 -1 3 -2 -2 -4 4 -2 -22 -1 -7 -1 5 0 -5 0 -5 2 5 1 8 -15 0 11 1 7 3 7 -2 2 -8 -4 3 -1 -2 0 3 0 1 -2 -4 -7 -1 -2 -1 -5 0 -2 -1 -1 3 -12 -1 -2 6 -4 -10 4 4 1 -2 0 -2 -3 5 3 1 -9 -2 2 -16 -1 -1 1 0 6 1 -1 2 -6 3 2 0 11 3 1 -6 -5 5 -1 -5 -4 7 2 -1 0 1 -6 4 -2 2 2 4 1 -1 -2 -5 2 -7 -2 0 1 3 -7
L 2 103 1 67 1 3 1 3 -7 1 -2 -1 1 -1 0 -3 -3 0 1 4 -2 -1 0 2 2 -1 -3 -5 3 4 0 6 0 -9 -8 -4 -9 5 -1 2 2 1 2 2 -1 -2 -3 5 5 -2 0 2 -2 -2 0 -2 4 3 -1 2 0 -2 0 14 3 1 1 -1 -3 4 1 -9 6 2 2 1 -4 1 -3 0 -2 4 -2 -4 -1 -1 0 0 0 -3 0 3 -5 -3 2 -2 -2 0 16 0 -1 -4 -4 4 8 3 -2 -2 -1 -4 2 -6 2 3 6 -2 3 -1 -2 11 -4 1 -4 -2 0 0 2 3 -3 1 -2 2 8 -6 1 2 -2 1 -5 3 -4 0 1 0 -5 -3 -4 -2 0 0 1 2 -1 0 -2 4 3 -1 1 2 3 2 4 2 -3 -8 -1 -8 -4 0 -3 -7 -2 3 1 2 1 -3 -2 2 0 0 1 -9 1 11 -2 -2 0 2 1 0 -2 -2 -5 -4 -1 3 -2 6 -1 -5 1 -7 -4 3 0 -3 2 2 4 -2 -5 0 -1 -2 -3 -2 1 -3 4 0 1 1 -3 4 -2 -2 2 -3 -1 1 -2 2 -3 -14 -2 2 -1 1 5 4 6 -9 1 13 0 -2 2 1 0 3 12 -7 -1 1 -4 -3 0 1 -2 1 -12 0 4 0 3 0 -3 -1 5 -4 1 3 -2 9 -2 -6 3 0 -10 1 4 -3 1 -2 -2 -7 3 -5 -1 8 1 -1 0 1 -5 -1 -2 -5 -3 1 5 -6 2 -2 -1 4 3 4 -4 2 3 13 1 3 4 7 1 4 -2 0 7 -2 0 -1 -1 3 4 10 1 3 -1 4 -6 3 -2 5 0 0 13 4 -3 0 3 4 1 -8 0 -4 6 -4 -2 -2 0 4 6 0 0 0 4 2 2 5 2 0 -6 0 -2 1 -1 -1 4 4 4 6 17 3 -1 -6 2 7 3 -1 2 -1 -1 3 0 1 3 -1 1 2 4 -8 0 -1 1 -3 -4 -2 -4 12 2 4 0 -1 -1 -12 -5 3 4 -2 1 -3 2 0 1 -2 7 3 8 2 -1 -2 -3 3 8 5 4 3 3 1 2 -3 0 -1 6 8 -1 -5 0 -2 0 3 1 0 2 -11 -1 1 2 -1 0 0 8 1 -3 -5 0 4 2 -5 3 -3 2 -4 6 -4 0 1 -2 -4 -2 6 -14 -1 3 2 1 -1 -3 -3 -1 2 9 -1 4 -10 -2 7 1 2 4 5 -2 1 -1 -8 0 -1 -1 2 -1 1 2 -1 -3 -1 -1 -2 39 0 1 -1 -1 1 -2 -5 -1 0 6 -4 -7 4 -2 8 -1 2 -3 6 -2 2 5 -5 -7 6 -3 0 2 1 -8 9 4 -1 -3 -8 0 2 -3 0 3 -6 -4 -4 4 -2 -5 -2 8 1 0 2 0 1 -6 -4 1 1 1 -1 -2 -3 -3 -2 -9 2 3 1 1 7
L 2 104 1 80 -1 -7 3 5 -12 0 -2 -4 1 -3 2 -7 10 2 6 -4 -3 -2 1 3 3 -2 0 1 1 5 4 1 1 -3 -7 -4 -8 4 -1 1 6 1 3 -2 -1 -5 1 3 5 7 -2 2 -4 -3 4 -1 3 3 2 3 -12 5 -3 12 -3 4 5 1 -1 4 1 -3 7 3 -1 0 5 -1 -7 0 -4 0 -1 2 1 2 1 1 2 3 1 0 -1 2 7 -5 -3 0 10 -1 3 -3 -4 -1 11 7 -4 -2 0 -3 6 1 1 2 -2 3 5 1 -1 8 -2 3 -5 -8 -3 4 -1 -1 -5 -1 -2 2 5 -7 4 2 0 1 0 2 -5 -2 -3 0 -6 -7 -2 -3 -1 -5 -2 -4 -3 0 0 2 6 0 2 3 -1 -1 9 2 -5 -7 -1 2 -5 6 1 -5 -3 6 3 -2 2 -6 -2 0 -3 -1 0 0 2 -5 -1 -6 -1 3 -1 -5 -10 0 -5 -3 3 4 -3 -1 -2 0 1 0 -6 1 -3 10 4 6 -3 2 -5 1 -2 0 4 -2 3 -3 -1 0 -7 1 -3 7 -2 -3 0 -9 1 0 1 -2 2 -16 1 0 -4 2 3 -7 -1 1 5 10 2 -1 2 5 -1 -2 7 -6 -2 1 0 -5 4 0 9 -2 -7 11 5 3 3 3 -4 0 0 -5 0 2 -3 10 -2 -3 4 -1 -7 -3 -2 5 1 -2 -3 -17 6 -1 -10 1 3 -2 -2 0 -9 -1 0 -1 -4 2 9 -2 3 -4 3 2 1 4 -3 1 2 9 1 2 1 2 11 0 -1 1 -4 2 1 -3 -1 6 4 9 -3 3 1 1 -4 3 1 1 2 -5 9 4 -2 2 1 1 -2 -17 3 1 8 -2 0 -2 1 -5 5 3 -4 -5 0 2 -3 5 2 1 -5 2 -3 3 1 0 5 6 2 2 13 3 -2 -2 -1 5 1 0 0 4 2 -2 -5 1 2 -3 2 0 -1 -14 0 2 -2 -2 -6 -1 -9 13 -2 6 -1 -3 -4 -4 -2 0 3 -5 2 -3 -1 -2 -5 -2 6 -1 2 5 -3 -3 -11 2 8 14 2 1 3 1 2 -5 -3 -10 -7 4 0 -2 1 7 3 4 4 -3 0 7 -5 -7 3 -2 0 1 -5 1 -2 -4 -1 8 2 -7 0 -1 -1 5 5 -2 4 -4 -1 -5 5 3 -19 0 -9 -1 5 0 -5 0 -5 1 4 0 7 -14 1 10 2 7 3 2 0 2 -7 -5 3 -1 -2 0 4 2 1 -2 -3 -7 0 -1 -2 -7 0 -2 0 -1 2 -12 0 -1 7 -4 -9 4 4 -3 -1 0 -1 -3 5 2 2 -10 -4 2 -17 -1 -2 2 -6 6 1 -1 2 -6 3 0 -1 9 4 -8 -5 -3 4 -1 -5 -2 6 2 -1 -1 2 -6 6 -2 2 3 4 2 -1 -2 -2 2 -5 -2 0 1 1 -7
L 2 105 1 101 -1 0 -2 -3 2 -1 2 2 -2 1 -2 7 -6 -1 -3 2 2 -2 -1 -5 -3 2 0 3 -2 -3 1 -1 0 1 7 4 10 -6 4 -2 -6 -5 -3 1 4 2 1 -4 -4 -1 2 -2 6 4 -6 -2 -2 -8 3 -2 14 -1 3 -11 2 -3 -3 2 3 -3 1 1 -7 -2 3 0 -10 2 3 2 2 -1 0 -1 -2 -2 0 -1 0 -2 -4 1 2 -2 -8 4 4 -1 -12 2 -3 3 2 1 -11 -6 3 4 0 4 -1 -1 -1 -2 -7 -1 -5 0 -2 -11 3 -4 2 13 2 -4 1 2 6 0 -1 -2 0 7 -2 -3 0 0 8 0 4 2 3 1 5 8 1 3 0 8 3 3 2 -2 0 0 -4 -1 -2 0 1 0 -6 -2 3 7 2 -3 3 -4 0 0 -1 -5 -4 -1 1 8 3 0 2 2 -3 5 -2 1 2 3 0 -3 1 2 16 -1 4 0 -2 -3 2 1 0 -1 -1 -4 4 -3 2 -5 -4 -5 3 -2 5 -2 1 2 -2 2 -5 1 -1 2 5 -2 2 -6 2 3 0 6 2 -1 2 3 -2 13 0 -1 5 -1 -3 -5 2 -1 -2 0 -2 1 -1 -3 2 0 -8 6 1 -2 0 3 -2 -3 -11 1 15 -11 -3 -1 -5 1 3 -1 2 7 -1 -1 3 -11 3 3 -2 0 6 2 6 -3 0 2 5 10 -8 1 12 -1 -2 0 4 1 6 0 -3 4 6 -1 0 5 -1 3 -4 0 1 -1 5 -3 -4 -14 -2 -3 0 -3 -12 1 0 -2 -2 -2 0 1 0 -5 -4 -6 3 0 1 -1 3 -1 4 -1 -1 4 -8 -3 1 -1 -1 1 0 11 -3 3 -5 1 1 3 -2 4 -1 -4 1 4 -4 -5 -3 -3 -1 2 6 -2 2 -4 -1 0 -1 -5 -1 -2 -13 -1 1 2 0 -5 0 0 2 -4 -1 0 3 -1 -2 3 -3 -3 2 21 1 -5 0 2 10 0 13 -16 1 -4 1 1 5 4 1 -2 -3 2 -1 4 -1 5 4 3 -6 8 1 -8 2 2 17 -2 -5 -6 -3 0 -3 0 -5 7 3 12 -6 -7 1 2 0 -7 -2 -6 -6 3 -1 -7 3 5 -4 1 2 2 3 -2 -1 3 0 -6 -1 6 0 3 1 -3 -2 0 -1 2 -1 5 -1 1 10 0 3 0 -4 2 5 1 4 -3 -5 0 -4 17 2 -13 -3 -5 -5 -7 2 -1 6 4 -3 0 2 0 -3 -4 -1 0 4 6 -2 2 0 7 1 1 0 3 1 9 1 -1 -3 3 7 -3 -2 -1 2 -1 1 -8 -4 -3 -1 1 5 -1 13 0 0 -4 7 -7 -3 1 -2 5 -3 -3 1 -10 -1 5 4 4 -3 3 5 1 -6 -2 1 -1 -1 10 -5 2 -1 -3 -1 0 0 3 4 -3 9 0 1 0 -2 -7
L 2 106 1 74 1 4 -2 -9 0 -1 2 6 -1 6 1 3 -10 -1 -1 4 3 -3 -2 -4 -1 2 0 -2 -3 -6 5 -3 1 3 0 0 6 -4 2 -1 -3 -5 2 -5 2 1 5 -2 2 -5 -2 0 1 6 11 -2 -1 14 -5 -3 2 -14 4 0 5 -3 6 0 3 0 5 -20 -4 -4 4 1 -5 4 -6 3 1 0 -3 -1 1 -1 2 1 2 -4 -5 0 0 -3 -1 0 5 -2 -1 3 -7 -2 -4 3 -8 -6 -3 2 2 -2 -2 -1 -4 2 -2 -5 3 0 -4 6 1 1 1 22 0 -5 4 -1 0 3 2 -2 14 6 -1 7 -1 6 9 1 3 2 1 4 -2 16 -1 6 -2 9 6 7 2 -3 1 6 -2 0 -3 7 -3 3 4 0 5 4 0 2 1 -3 1 -6 0 -5 -1 -3 15 8 1 0 2 7 -3 4 2 -2 -1 -5 -3 1 0 2 1 -1 -7 -8 -4 4 3 -5 -3 -9 -3 -8 0 -1 7 -1 -2 -6 7 -2 2 -3 -2 3 -3 2 -2 2 3 -1 1 -2 4 -5 -1 5 -2 -7 1 0 3 1 0 18 0 -6 7 -2 4 -2 3 -4 -3 1 -2 1 0 6 -1 1 0 4 3 -4 1 0 -2 2 -15 -2 -1 0 7 -3 1 4 0 1 -2 3 2 -5 1 -7 -2 -2 1 -4 -4 -1 6 1 6 2 1 8 4 0 7 -1 0 1 0 -1 0 -1 -6 5 1 2 4 -7 2 -2 -8 4 -2 1 6 0 3 -19 2 1 0 1 -7 0 0 -4 4 0 -2 3 -1 -4 -4 3 2 -1 1 -3 -2 1 0 -1 -4 5 -1 0 -1 -1 7 1 1 5 6 -1 4 -5 0 5 2 2 5 -3 0 6 -3 0 0 0 -2 1 -5 2 2 -2 0 -3 -13 0 1 8 -14 4 -3 4 1 -1 -2 1 -2 -2 0 0 -1 -1 2 2 -2 -4 2 0 0 -3 3 3 -5 -4 1 0 3 -2 3 -1 -1 7 0 0 -2 2 2 -1 4 -4 6 0 7 3 8 -4 2 -2 14 1 8 -7 -7 1 0 2 -5 6 -1 1 -9 -8 -1 1 -4 1 -3 12 -6 5 0 -12 5 12 0 -2 3 2 10 0 0 -3 -2 -6 -1 6 7 -3 1 -3 5 0 -1 -3 2 6 -3 -2 -12 0 11 5 -2 0 2 0 5 0 0 5 -1 9 0 -17 -4 -13 -2 -8 3 -2 -4 0 -5 0 9 0 -1 6 -1 -2 3 -5 0 -1 17 5 -2 0 1 2 3 2 -4 0 2 -3 -3 -1 1 2 2 -2 6 -9 1 -2 4 -3 3 2 10 1 0 -6 1 -2 -2 -3 1 -8 2 -2 -3 -7 2 -7 -3 2 2 4 1 -1 -2 -3 5 -4 -4 11 -17 3 -3 -1 0 -1 2 0 -2 1 1 0 0 2 -4 7
L 2 107 1 103 -1 10 -2 -2 9 0 3 2 -1 -2 -1 8 -7 -1 -5 5 1 3 -2 -4 -3 4 -3 2 -2 -5 -1 -4 0 -1 6 4 13 -4 2 -1 -5 -4 -3 -1 4 4 -6 0 -4 -5 0 0 1 3 -1 -1 -3 -2 -9 -3 8 -3 2 -10 -1 -2 -4 2 2 -3 -1 4 -7 -2 3 0 -5 2 4 1 4 0 -1 -2 -1 0 -1 0 -1 -2 -3 1 3 -2 -4 5 5 -3 -5 2 -2 3 2 0 -11 -5 2 2 -1 4 -4 0 -1 -2 -1 -2 -3 2 0 -4 1 -5 4 6 2 -4 1 1 4 1 2 -3 -10 6 -5 -2 2 2 5 -1 5 -1 4 0 3 12 2 4 0 4 -1 4 3 -1 -1 -3 -3 0 -4 -1 0 0 -9 0 5 7 3 3 0 -4 1 2 -1 -5 1 1 1 7 3 -1 2 -1 2 -1 2 -3 1 1 0 -3 0 3 5 1 2 4 -3 -3 1 -3 0 2 1 -2 5 -3 2 -8 -7 -5 2 -2 4 -3 2 2 -6 1 0 8 0 1 0 -2 3 -6 2 2 0 5 -1 0 2 0 1 18 1 -1 4 -1 -2 6 13 1 -1 -2 -2 1 -2 -3 -1 0 -9 6 0 -1 2 4 -2 1 -5 1 12 -9 1 -2 -4 0 1 0 -1 4 1 -2 2 -7 4 2 -4 -3 7 1 7 -2 2 2 1 12 -3 7 3 -4 -3 1 2 -2 7 1 1 3 2 -2 -7 1 -2 5 -3 -1 -1 -5 2 -3 -3 -8 -2 -2 1 -2 -9 2 2 -1 -3 -1 0 2 0 -3 -5 -7 3 -1 -1 -2 4 -3 2 -2 -1 4 -10 -4 5 0 -1 -2 1 6 -1 1 0 2 -1 2 0 1 -4 -2 4 4 -3 -4 3 -5 -3 0 8 -6 2 -4 -1 1 -7 -4 -8 2 -17 -1 -1 5 0 1 1 0 -1 -2 -1 0 3 -1 -2 4 -2 -1 0 7 1 -4 3 1 10 0 10 -15 1 -4 0 3 1 7 0 0 -2 3 1 3 1 2 5 2 -5 5 1 -5 4 2 14 -1 -15 -20 -4 0 -3 0 -3 6 2 14 -3 -5 0 1 0 -6 -1 0 -2 3 -2 -6 2 5 -4 -1 0 3 -2 -1 -1 2 1 -4 -4 3 0 1 -1 -5 -3 2 -4 2 0 4 -8 -1 14 -1 6 2 -3 -1 6 1 3 -3 -6 -1 -2 10 0 -10 -4 -7 -3 -1 1 -4 7 2 -3 1 1 0 -3 2 -2 1 3 7 2 -1 0 3 0 2 1 2 -3 8 0 1 -4 4 6 -4 -4 -4 1 0 3 4 -5 -2 0 13 6 -3 8 1 4 -4 6 -5 -2 1 -1 9 0 -1 3 -12 -4 1 7 1 -3 2 5 2 -6 0 1 0 -1 7 1 2 0 -2 -2 -1 0 3 3 -2 4 4 -3 -3 -2 -7
L 2 108 1 95 -1 -1 1 -3 0 -4 2 3 -2 1 -1 -1 1 -2 1 -3 2 -2 0 0 1 0 3 1 -3 -8 1 -7 1 6 -1 0 7 -1 -2 1 1 -1 2 -9 -1 0 5 1 2 1 -3 0 -2 4 10 2 -3 10 6 1 -4 -7 0 -2 -6 2 8 0 1 -1 4 -9 -1 -2 -2 0 5 2 -6 5 1 -1 -1 4 0 2 0 -1 -2 3 -2 -4 5 1 5 -2 1 0 -3 -1 -2 3 2 -4 -3 -2 -11 1 3 -1 1 6 -4 0 -1 -1 3 0 0 2 3 2 1 1 -3 2 3 -5 -1 0 1 1 2 3 1 5 1 4 3 -2 3 0 -3 1 -3 3 3 5 -2 2 3 -1 1 1 1 5 -2 2 0 5 -5 1 4 1 3 2 1 -2 0 3 2 -4 3 0 1 -5 9 2 2 -1 -3 2 -1 7 1 -11 0 -4 -2 3 -1 0 -1 -2 -3 -5 1 2 2 -9 -3 -4 0 3 0 -1 2 1 1 -1 -3 -1 2 -1 -1 3 5 0 1 1 1 0 -2 -4 3 0 -1 3 -2 -9 3 1 3 -3 4 6 0 -10 2 0 2 4 -16 6 -2 -8 1 0 2 4 -2 -2 -1 7 3 0 5 -1 2 -2 5 -3 -2 6 5 -3 0 2 3 -1 -7 0 0 -8 1 -1 -3 -3 0 0 -2 -2 -7 6 5 4 1 -3 0 -2 -2 -4 3 1 -4 0 2 -1 2 4 -2 3 0 0 2 0 -4 3 -1 1 6 0 1 -14 1 0 -1 -2 2 -5 2 -1 1 1 -1 2 1 -1 -1 1 -2 -3 2 -5 0 -2 -1 -4 -1 2 -5 0 1 2 2 -3 0 2 6 0 -4 -3 2 1 2 -6 4 3 -1 0 -5 4 0 -3 -1 1 -3 4 3 4 1 -1 -9 2 0 3 -18 1 -3 5 3 -4 -5 2 4 1 2 -1 -2 -1 0 -3 -1 -5 -5 -13 1 2 -1 1 -8 -2 -8 5 -1 0 4 -4 -5 10 6 1 -3 2 2 -2 2 -7 1 -1 4 -7 3 0 -2 -2 1 -1 2 -3 -4 -1 -2 2 -1 1 -3 -1 -4 -8 -3 3 -2 5 -5 6 -2 1 -2 7 1 5 1 -1 0 0 8 0 6 1 -1 -2 -1 5 4 -3 -3 4 1 3 1 -5 4 5 4 -1 -11 2 2 0 1 1 0 2 2 2 1 2 -2 -2 0 -6 -2 -8 -1 -7 4 -2 -6 3 -3 1 4 -1 1 3 -2 -1 0 -13 1 0 -13 -2 -3 0 0 0 5 -2 0 -1 2 -1 -3 -2 7 -1 1 -5 5 -10 6 -2 -2 -4 1 -2 10 1 -2 -3 1 -3 -1 2 4 -4 4 1 1 7 4 1 -5 4 -1 3 0 -1 0 -1 1 -6 -3 -6 -2 5 -2 -1 1 -2 2 -2 -2 6 2 -5 -1 0 -1 -7
L 2 109 1 100 -1 5 -1 0 -3 3 -1 0 1 7 1 -1 -8 3 -6 3 -2 -1 2 -4 0 -1 -1 -2 2 7 -2 10 1 -7 1 -1 -14 1 -1 0 -2 0 -2 11 2 3 -3 -2 -3 -2 4 0 5 -4 -12 -2 3 -13 0 0 9 6 1 2 7 -2 -6 -1 -2 0 -2 2 0 1 2 2 -11 -2 5 -4 2 2 3 -2 -2 -3 2 -2 -1 -4 5 1 -6 -1 -8 1 -1 1 -1 2 2 -3 -1 4 1 1 8 0 0 0 0 -6 5 0 1 -1 -2 -2 -1 -3 -2 -1 0 3 2 -2 -3 5 3 0 -1 2 5 0 1 -3 -3 -7 1 2 -1 0 2 0 4 -4 -2 -4 1 2 -1 3 -2 0 -1 -1 4 -2 1 -6 7 1 -1 1 -2 -2 -1 -3 3 -5 -3 -1 1 0 -4 4 -9 -1 -2 3 5 0 1 -2 -4 13 -1 5 2 -3 -1 1 11 -2 6 -3 0 -2 -2 11 4 -1 1 -3 -1 2 -1 -2 0 2 4 0 4 3 -1 -6 -2 0 -2 -2 0 0 5 4 -3 1 -2 -2 3 9 -2 -3 -5 7 -5 -9 -2 7 -1 0 1 -1 13 -9 2 9 -2 -1 -2 -3 3 4 9 -3 -2 1 -4 1 -2 1 -8 4 1 -10 -4 0 2 -5 0 -1 11 0 1 8 -1 0 3 4 0 4 -1 4 9 -5 -8 -4 2 4 -6 -5 10 4 -2 0 6 2 -1 3 3 -5 3 -6 -7 2 -3 0 2 0 -1 -2 -3 2 0 15 -1 0 1 1 -10 4 -2 0 -1 -3 1 -3 -3 0 3 -3 0 1 -2 4 -1 1 0 5 1 1 0 1 -3 -3 -1 1 3 3 -6 -2 0 3 -1 1 -3 8 -3 -3 -1 2 1 -3 0 3 0 1 1 -2 -1 -4 -2 -1 8 -2 6 -2 24 0 2 -6 -4 1 3 -5 -4 -5 -5 1 2 2 2 3 0 3 6 13 -2 -3 -3 -2 7 3 9 -4 2 -1 -1 5 8 -16 -6 0 4 0 -4 2 0 8 -2 -1 -5 12 -1 2 -4 1 4 1 0 4 4 1 0 -1 0 0 3 8 3 5 3 -2 -1 -7 4 -9 1 1 2 -10 -2 3 -2 2 -1 -2 -1 0 -3 0 -3 0 0 -4 -1 3 3 -5 -2 -2 0 7 -1 -5 -7 8 11 -2 2 -1 -4 1 0 -2 -2 -1 -2 -1 1 7 -3 3 2 9 -1 2 -5 2 8 0 3 -1 -4 0 -1 -2 2 0 -1 10 -2 0 17 2 6 2 -1 -1 -1 6 0 4 -3 0 3 2 -7 -1 -1 5 -7 7 -6 0 1 -7 -5 2 -2 -2 2 0 0 6 2 -2 -3 3 -5 -1 -4 -14 0 -1 4 0 0 -1 -1 0 1 1 1 6 2 9 -4 -6 0 1 -1 -1 -2 1 4 -4 -3 2 2 1 0 -7
L 2 110 1 108 -1 1 -1 -3 6 3 -1 0 4 3 1 -2 -5 0 -4 4 -1 1 -1 3 1 0 -4 -5 2 10 -4 7 -4 -6 -3 2 -7 3 2 1 -1 3 -1 9 1 1 0 -3 -1 -1 4 2 3 -4 -8 0 2 -7 -6 0 8 2 0 1 4 -4 -3 -1 -3 1 -4 5 2 2 1 1 -11 -2 7 -5 2 4 1 -3 0 -3 0 1 3 -4 3 3 -8 1 -3 2 -2 1 8 0 2 -4 -3 6 8 3 13 -3 0 0 2 -12 4 2 4 -1 -3 -2 1 -1 -3 1 0 -5 5 -4 -3 5 2 2 -1 0 0 -4 -1 -4 -2 -2 -11 0 -1 2 2 -1 3 -2 -2 -4 2 -1 2 5 0 -1 -2 -3 -2 -2 -1 -5 4 0 -3 -1 -2 -2 -3 -2 1 -2 -3 6 0 1 1 5 -7 -5 -3 1 3 1 1 -9 -2 17 -3 5 3 -3 3 4 0 1 2 3 -2 -1 -1 14 3 2 -2 -7 -1 1 -3 0 1 2 2 -1 -6 3 1 -5 -5 0 0 -1 -2 -3 4 5 -3 0 1 -2 2 7 -4 0 -6 0 -5 -14 -2 12 0 -2 -2 0 7 -7 -1 -1 0 0 0 -6 1 6 7 -10 2 0 -5 0 -4 -1 -13 3 -2 -9 -8 2 1 -4 -2 2 5 -1 2 5 -2 0 2 1 -2 1 -2 1 4 -8 -7 -2 -3 4 7 -1 5 6 -3 1 2 0 5 -1 -8 -5 1 -4 -1 -4 0 -2 0 -2 -1 0 -7 2 -1 19 1 0 1 0 -4 6 -3 0 7 -2 0 0 1 4 1 4 4 2 -4 3 -1 0 -1 4 0 -1 6 2 -3 -2 -1 4 2 -1 -6 -3 -4 4 -1 1 0 9 -6 -1 3 0 4 0 0 4 1 -5 -7 -2 -4 -5 0 0 6 0 2 -1 14 1 4 -3 -1 5 4 -1 -7 -1 -5 3 5 0 2 4 1 5 4 8 0 0 0 -1 4 2 -1 0 3 -1 -4 3 -1 -10 -4 -1 1 0 -4 1 -1 4 -1 2 -1 7 -1 -2 1 1 -4 1 5 4 6 0 3 -4 6 -4 2 -2 6 6 0 -3 -2 -5 1 -7 1 -1 4 -3 1 -4 -1 3 1 -2 0 -3 -3 1 1 -2 2 -3 -4 0 4 -5 -1 -5 -3 7 3 -2 -2 7 12 -2 1 1 -2 -5 1 -4 -1 0 4 -3 0 3 -1 5 3 8 2 12 -3 1 5 -4 5 -1 -4 1 -2 3 3 1 -1 12 0 -2 16 6 2 1 0 -2 -4 5 -1 1 -3 1 3 1 -7 7 0 6 -4 11 -3 1 0 2 -5 4 2 -1 1 8 -12 4 2 -2 -3 0 -2 0 -3 -2 -5 -4 3 -3 1 -4 1 1 0 1 0 5 4 6 -4 -6 1 -1 -1 2 -1 -1 1 -5 -3 0 2 3 1 -7
L 2 111 1 98 -1 3 0 2 9 5 -2 -2 4 4 0 0 -3 4 -4 3 0 3 -1 -1 0 -1 -2 -2 4 7 -2 10 0 0 2 -2 -12 2 -1 2 -1 0 0 8 0 3 -1 0 -2 -4 2 0 -1 -5 -5 -2 3 -7 -10 -1 -1 5 -1 1 3 0 -10 -1 -5 1 -4 4 0 2 0 0 -2 0 8 -5 3 3 3 -3 1 -2 0 0 -1 -4 2 3 -5 3 -7 2 -1 0 -1 0 3 -5 1 5 0 1 9 -1 -2 0 -4 -2 2 -1 7 1 -1 -2 3 1 -2 -1 0 -3 2 -3 -4 5 -1 1 -1 1 5 -1 1 -5 -2 -5 -2 2 -1 2 2 -1 4 -3 -3 -4 3 -4 -1 1 0 0 0 -4 4 -1 0 -4 5 0 -4 1 -2 -3 -2 11 3 -3 -1 -1 -1 0 -2 1 -7 -3 -4 2 3 -3 2 -2 -2 8 0 4 1 -3 0 3 1 1 7 2 -1 -2 0 9 3 1 0 3 -1 -2 -3 0 -1 2 7 2 4 2 1 -6 -7 1 -2 -1 -1 0 0 3 -4 0 0 -2 3 10 -5 -2 -3 6 -3 8 -2 9 -1 0 1 0 22 -8 1 4 -3 -1 -1 -3 0 2 4 -4 -3 2 -7 1 -1 5 -7 4 -5 -6 -5 -1 0 -7 -3 2 7 -2 2 7 0 -1 2 3 0 3 5 2 9 -7 -6 -4 2 11 4 4 -1 5 -2 0 4 -1 -7 3 0 -6 2 -3 -5 1 -3 3 3 -3 -1 -3 -4 2 0 10 -1 0 0 3 1 3 -3 0 2 -2 0 -2 -4 3 0 -5 -1 1 -3 4 1 2 1 6 1 -1 -2 -1 0 -3 -1 1 1 0 -6 -3 -2 1 -2 -2 -1 7 -5 -3 1 1 3 -4 4 3 0 -3 2 -1 -1 -4 1 0 5 -3 2 -2 19 -1 3 -8 -3 3 4 -4 -6 -3 -4 2 3 -1 -1 3 1 6 4 10 -2 0 -1 -2 6 3 8 -2 1 -2 -1 3 8 -11 -4 2 4 1 -3 2 -1 6 -4 1 -5 5 -5 2 -1 3 -7 2 -4 -1 4 -2 3 -1 2 0 4 0 12 7 2 -4 0 -4 2 -5 2 1 4 -6 1 -1 0 2 -1 -2 -5 0 -4 0 0 0 -1 -6 -3 4 2 -1 1 -2 1 5 0 -5 -8 -3 18 -4 1 -2 -3 0 -1 -3 0 1 -1 -1 -1 8 -3 8 3 7 0 3 -5 2 7 -2 1 -2 -2 0 -1 1 0 1 -1 11 -1 0 14 1 2 2 0 -1 -4 1 -1 4 -2 0 3 2 -7 -2 -2 5 -5 11 -6 1 1 3 -2 1 -11 -2 2 -1 0 5 1 -1 -3 7 -4 0 -3 -9 -5 -1 5 -1 -1 -3 -1 2 0 1 2 5 3 6 -4 -3 2 1 -3 -1 -2 1 1 -6 -7 7 2 0 0 -7
L 2 112 1 123 1 4 1 -1 -1 3 -1 -2 2 -2 1 -4 3 3 0 -3 -3 -2 0 3 1 -4 -1 3 0 6 -2 4 -2 0 -1 2 -11 2 0 0 1 1 0 5 0 -1 1 -3 -3 7 2 2 -1 -5 -5 -2 3 -7 -5 3 -2 11 -3 0 -1 1 -1 -1 -1 0 -3 8 3 3 -2 0 -2 -4 4 -5 2 -1 2 3 0 1 0 -1 3 2 6 -1 -3 4 -1 -2 -2 1 3 -1 6 -1 1 -1 9 6 10 -1 0 1 8 -6 5 -1 -2 2 -1 0 3 -4 -2 1 1 -14 2 2 -4 3 0 0 1 -1 -1 -3 2 -5 -1 -5 -2 1 -2 -2 -1 -2 1 -7 0 -4 -1 -5 -7 -1 -3 3 0 -4 4 1 2 -7 1 -3 2 0 -3 -2 -2 2 0 2 0 4 -1 2 1 3 -10 -7 -1 0 1 -3 0 -3 0 5 -1 1 1 -5 0 -1 -1 4 5 3 3 -2 -3 6 2 11 -1 -4 -2 -1 -5 7 3 4 -8 2 -1 2 0 -3 0 -2 2 -1 -5 -2 -6 4 -3 3 -1 -4 0 5 -2 -1 -2 0 -1 -19 0 5 -3 -1 -3 2 4 1 4 1 4 1 0 -4 1 0 6 -6 -1 2 0 0 0 -3 -1 2 5 0 -6 5 -1 -3 -1 0 3 -1 1 2 -2 -1 3 3 -1 3 0 -2 0 -1 -8 -3 -2 -11 4 -2 1 -1 -1 -1 -1 -2 2 1 1 -1 1 -4 -8 0 0 -3 6 -3 -1 -1 -5 1 0 19 1 1 -2 -1 -2 2 -2 1 -6 1 2 -4 -2 3 1 2 -1 0 -2 0 0 -2 1 0 1 -5 -7 2 0 1 -4 -2 -1 -7 -4 1 -4 6 0 -1 0 2 -2 1 -2 -3 1 -2 -2 2 1 -2 2 0 -4 -4 0 0 6 1 0 -1 14 1 3 2 -3 4 1 -1 -9 2 -2 -2 -1 1 -1 0 2 2 1 -10 1 3 -1 0 8 4 -4 -1 -2 1 -2 2 -3 -10 -7 -3 3 -3 -3 1 -4 3 -5 1 -2 5 -6 4 -2 0 -6 0 -1 6 3 -1 -1 -4 4 -6 -1 1 -3 1 3 -1 1 1 4 -7 5 -2 1 8 -6 -8 0 0 -3 -2 -13 -2 -2 1 0 2 -1 -7 -4 3 2 1 -5 -1 2 3 4 -3 -2 7 4 -2 -8 -3 1 -2 -1 -1 -7 0 -4 -3 4 -2 1 9 4 17 2 11 -3 2 2 0 7 0 -6 -2 1 6 1 0 -1 5 -1 -1 -18 0 5 0 -1 -2 -1 -4 1 0 -1 1 1 1 -2 -8 -2 3 -3 4 1 2 -1 -6 0 -3 -13 -2 0 4 -4 6 -1 -2 0 3 0 -1 -1 1 -5 -2 1 0 0 -4 1 -1 -1 2 -1 3 5 1 5 -3 2 1 2 2 0 1 0 -1 -2 0 -2 1 1 7
L 2 113 1 82 -1 1 3 8 -5 1 -2 -6 1 -6 1 -8 11 2 5 -5 -3 -2 1 4 3 -3 -1 2 1 4 5 1 1 1 -8 -6 -9 4 -2 1 6 2 3 -4 -2 -5 1 3 4 4 -3 1 -6 -3 6 -1 3 13 -1 4 -14 4 -4 12 -1 5 3 0 -2 3 -2 -2 7 3 -2 0 13 0 -6 1 -7 -1 0 3 2 3 0 0 2 3 1 -1 1 1 6 -4 -3 1 3 -2 4 -3 -2 -1 11 6 -5 -2 -2 -2 6 5 0 3 3 5 5 0 0 11 -2 2 -5 -8 -3 4 0 -1 -8 -1 -1 1 9 -8 3 2 -2 -1 1 2 -5 -1 -2 -2 -4 -6 -2 -4 0 -7 -4 -6 -3 0 1 3 5 0 3 3 -2 0 8 0 -6 -6 -1 6 -3 6 2 -4 -3 6 1 -1 0 -7 -2 1 -4 -2 0 -5 2 -7 0 -6 -1 3 -1 -5 -12 1 -2 -5 4 3 -2 -2 -2 5 1 6 -7 -2 -2 10 5 6 -3 3 -1 1 0 0 1 -1 2 -3 0 0 -7 1 -2 8 -3 -2 -1 -7 0 -1 1 0 0 -13 2 -1 -5 2 3 -5 1 0 5 2 2 -1 3 3 -1 -3 6 -6 -3 1 -1 -4 3 3 10 -1 -16 9 4 2 1 1 -3 0 -2 -4 -1 3 -2 11 -2 -2 3 1 -6 -2 1 6 2 -3 -2 -14 2 0 -9 2 3 -3 -3 0 -13 -1 4 -1 -4 2 2 -2 2 -3 5 1 2 1 -2 2 3 6 0 2 0 4 13 -2 -1 1 3 2 -1 -3 -2 3 4 5 -5 2 0 2 -3 2 0 1 2 -5 5 2 -2 2 0 2 -2 -14 3 0 6 -3 -1 -3 -1 -5 6 3 -4 -4 1 2 -1 4 2 1 1 4 -4 4 1 0 3 5 2 1 13 3 -1 -1 -1 6 0 1 1 4 3 -1 -5 1 -1 -3 3 1 0 -12 0 3 -2 -1 -6 0 -5 14 -2 6 1 -3 -4 -2 -3 2 2 -3 3 -3 0 -5 -5 -3 4 -7 -5 9 -3 -2 -11 2 10 20 0 1 2 2 3 -5 -2 -15 8 7 0 -1 1 7 3 7 4 -3 0 4 -5 -10 2 -3 0 -1 -1 2 -1 -4 0 7 1 -8 0 -1 -3 6 4 -1 5 -3 1 -5 -1 -9 -12 -1 -6 -1 5 1 -6 -1 -6 2 0 2 7 -11 0 12 1 4 3 0 -2 3 -6 -5 2 0 -1 0 4 7 0 -2 -3 -11 0 -2 0 -6 0 -2 -2 -2 2 -12 -1 -2 7 -4 -8 4 4 -4 -2 -1 -1 1 5 4 4 -10 -2 0 -12 -1 -2 1 -2 8 1 -2 1 -5 2 1 -1 10 3 -7 -6 -3 3 -3 -4 -1 5 2 0 0 2 -5 0 -1 2 2 3 1 0 -2 -4 2 -8 -1 0 0 1 -7
L 2 114 1 86 -1 16 2 8 -6 0 -2 -2 -1 -9 1 -5 6 0 3 -4 -4 -3 2 5 4 -2 -2 0 0 2 0 2 0 -6 -7 -5 -6 5 -2 0 5 1 2 -2 -2 -5 -7 6 3 0 -5 3 -6 -2 5 -1 3 12 -9 5 -14 1 -4 13 1 4 5 -2 0 2 -1 2 7 3 -1 1 6 0 -5 -1 -4 0 -3 0 2 2 1 0 1 2 3 -1 0 -1 6 -5 -3 0 12 0 2 -1 -2 0 12 6 -7 -2 -3 -3 9 1 3 2 6 3 4 -1 0 13 -4 1 -5 -10 -1 3 2 -2 -8 -1 0 0 -4 -8 2 3 1 1 0 3 -5 -3 -1 -2 -5 -5 -1 -3 -3 -5 -8 -4 -4 2 -1 4 6 0 1 0 -2 0 8 0 -3 -7 0 -1 -6 6 1 -3 -3 4 5 4 0 -7 0 0 -2 -3 1 -12 2 -4 -2 -7 -2 2 -3 -4 -11 1 -5 -2 4 4 -3 -2 -2 7 0 -1 -6 -3 0 6 2 4 -5 0 1 -1 -2 2 1 -3 5 -1 0 0 -8 1 -2 7 -1 -3 -1 -7 0 0 1 0 2 -24 3 -1 -4 1 2 8 4 4 6 8 2 -1 3 0 0 -1 8 -10 -2 0 2 -3 3 4 17 -1 -13 7 7 3 3 2 -2 -1 -2 -6 1 4 -2 13 -2 -4 2 -1 -9 -3 2 8 5 -3 -4 -20 -1 -4 -5 0 2 -3 -3 -1 -6 0 7 -1 -4 1 -9 -6 3 -3 5 3 1 0 -4 1 5 16 0 2 2 5 4 0 0 1 -2 1 0 -4 0 2 5 7 -3 3 -2 2 -6 1 -4 0 2 -3 6 2 -1 1 0 0 -1 -21 5 1 12 -2 -1 -3 1 -7 9 4 -2 -6 3 1 2 2 1 0 4 1 -3 3 0 2 1 5 -2 5 12 2 -2 1 -2 10 0 1 0 4 3 -3 -4 1 2 -1 3 0 1 -22 0 1 1 -2 -2 -2 -6 13 -2 6 0 -1 -6 -4 -7 3 4 -4 3 -3 -1 -4 -3 -3 5 -3 -2 12 -1 -1 -4 2 -1 9 -1 3 -1 1 4 -4 -3 -4 6 8 0 -1 2 5 3 11 4 -2 1 1 -7 -7 2 -3 -1 0 -2 1 0 -5 0 7 -1 -6 2 -4 0 3 3 -1 2 -1 1 -3 -6 1 -15 -1 -2 0 5 0 -5 -1 -7 1 -1 -1 8 -20 0 11 1 5 4 7 -2 1 -3 -5 4 0 -2 -1 3 11 2 0 -2 -10 0 -2 10 -7 2 -2 -2 -2 -2 -12 -1 -2 8 -2 -9 2 0 -6 -2 1 -1 10 2 4 4 -3 -2 0 -10 1 0 3 -5 10 1 -2 -1 -7 2 2 0 5 1 -10 -6 -3 4 -4 -3 -4 5 3 -1 0 1 -4 4 -2 0 3 3 0 0 -2 -3 4 -10 1 -3 0 1 -7
L 2 115 1 94 -1 2 3 5 -1 2 -2 -4 0 -9 0 -7 8 2 5 -3 -3 -3 2 4 3 -5 0 -1 1 1 3 0 1 2 -7 -4 -10 4 -2 1 5 5 4 -3 -3 -4 0 6 3 4 -2 2 -7 -4 8 -2 3 11 4 6 -9 5 -4 13 -1 3 3 -3 -1 3 0 -5 9 3 -3 0 6 0 -4 0 -3 0 -2 3 1 3 0 -2 3 3 3 -2 1 1 9 -4 -2 2 10 -2 1 -1 -1 -3 14 8 -5 -2 -2 -2 7 0 2 1 9 4 3 -1 1 8 -2 2 -5 -18 -2 5 0 -2 -6 -2 -1 0 8 -8 3 1 -1 0 -2 2 -4 -3 -3 -3 -7 -11 -2 -4 -2 -5 -2 -5 -2 4 0 6 5 2 4 3 -1 -1 9 3 -4 -6 -1 -3 -4 6 1 -6 -2 5 0 -2 -1 -8 -3 3 -6 -3 -1 -5 2 -4 1 -5 1 2 0 -3 -6 2 -2 -6 4 3 -4 0 -2 3 0 0 -7 2 -4 5 5 5 -5 2 1 2 -1 1 3 -2 4 -3 -1 0 -7 -1 -2 7 -4 -4 1 -4 1 1 0 -3 -1 -16 -1 -1 -4 2 4 3 -7 -1 5 5 4 0 1 2 -2 -6 6 -3 -2 1 -2 -5 2 -2 11 -1 -14 9 4 3 2 0 0 -1 -2 -4 -1 4 -3 8 -3 -8 3 1 -9 -3 -7 2 -1 -2 -2 -16 4 -5 -11 1 3 -1 -4 0 -9 -2 6 -2 -4 1 3 -2 4 -3 4 1 3 4 -3 1 5 10 2 2 1 4 8 -1 -1 4 2 4 2 -4 -2 1 2 6 -5 3 2 1 -4 1 -3 1 1 -5 0 4 -1 2 -1 1 -1 -14 3 -1 -3 -1 -1 -5 -1 -3 8 3 -6 -3 1 4 1 5 2 0 -4 4 -4 4 -1 -1 3 4 3 5 17 2 1 -2 0 5 1 1 7 4 6 1 -5 3 0 -5 2 0 0 -27 0 5 0 -4 -5 3 -14 15 -4 5 2 -2 -8 -9 -2 0 3 -4 2 -1 -1 -6 -5 -4 7 -8 -1 8 -2 -2 -13 1 7 10 1 1 1 0 1 -8 -4 -9 8 2 -1 0 1 6 2 3 5 -4 0 6 -5 -9 2 -4 0 -4 4 1 3 -5 2 8 1 -9 0 -3 -1 5 1 0 3 -5 -1 -5 0 3 -18 -1 -5 -3 6 0 -5 -1 -6 3 5 -1 4 -14 2 15 3 9 7 3 -1 2 -4 -6 3 1 -3 0 3 11 3 1 -3 -11 -2 -3 1 -6 1 -3 -2 -1 2 -13 0 -3 6 -5 -10 3 5 -2 -4 -1 -2 3 4 4 5 -14 -6 -1 -9 -1 -2 2 -4 8 2 -1 2 -6 5 2 0 13 1 -6 -6 -2 3 -4 -5 -4 7 1 0 1 1 -8 1 -1 2 1 3 0 -1 -2 -6 3 -10 -1 0 -1 3 -7
L 2 116 1 64 1 8 -3 -3 4 -1 1 4 -2 3 1 2 -7 -1 -2 4 1 -3 1 -3 -1 3 0 -4 -3 -7 2 -3 1 2 0 -1 7 -4 1 1 -3 -3 1 -7 1 2 0 1 1 -8 -2 -1 -1 6 8 -1 -3 18 0 -2 4 -16 3 1 6 -3 5 -2 2 -1 3 -13 -2 -3 4 1 3 4 -6 4 -2 1 -1 -2 1 -2 0 0 0 -3 -5 2 0 -6 1 1 4 -1 -4 2 -8 -1 -2 2 -9 -7 -9 2 -1 -1 -4 1 -3 2 4 -3 2 -2 -3 6 1 -1 1 17 0 -5 6 -2 -1 2 1 -2 7 3 -3 7 -2 5 4 0 4 2 1 2 0 13 -1 3 -2 9 5 4 1 -3 0 7 -6 0 -2 9 -2 5 1 -2 5 4 1 -6 0 -3 0 -3 1 -5 -3 -3 12 7 2 2 0 5 -2 -2 0 -2 0 -2 -2 3 1 1 3 -2 -7 -6 -3 3 2 -7 -2 -6 -2 0 1 -1 8 -6 -1 -6 7 -4 3 -3 -1 3 -3 1 -2 3 5 -1 5 -3 4 -3 0 5 -2 -5 1 0 1 0 -1 16 0 -7 6 -3 5 2 -5 -2 -4 -5 -2 -1 0 3 -1 0 -1 5 3 -5 0 0 -3 3 -4 0 -9 -2 4 -3 2 2 2 0 -3 3 1 -4 2 -2 -2 -4 -1 -4 -2 1 2 2 10 2 1 9 -6 -2 8 0 0 1 -1 0 0 -4 1 2 0 3 0 -4 1 0 -7 4 -1 1 6 0 4 -16 1 0 0 3 -5 -2 1 -2 12 0 -3 2 0 -6 -4 -1 2 -1 1 -2 -2 1 -1 -2 -2 6 3 -1 -1 -2 6 3 1 11 6 -2 2 -7 -1 3 0 1 5 -3 1 5 0 2 3 -3 -1 1 0 2 2 1 0 -2 -12 -1 0 5 -15 2 -2 1 1 -3 -3 2 6 -1 3 3 0 -1 0 2 -2 -4 3 4 -1 -3 4 1 -5 -4 4 3 3 0 3 -2 1 10 2 3 -2 3 2 0 4 -6 8 0 5 -6 4 -1 3 -1 11 1 6 -4 -6 2 -1 3 -4 5 0 -1 9 -2 -2 3 -4 -1 -3 12 -6 4 -1 -13 6 11 -1 -1 3 0 19 2 2 -2 0 -6 0 6 7 -6 -1 -3 3 1 -3 -2 1 6 -4 -7 -8 1 12 4 -2 1 0 0 6 0 -1 5 -3 3 0 -12 -5 -17 -1 -7 1 -2 -1 -1 -6 1 7 2 -1 4 1 -2 2 -9 0 0 17 5 -2 -1 0 1 2 6 -4 -1 1 -1 -1 -1 1 9 2 -2 5 -3 -1 -1 4 2 2 2 22 1 1 -3 4 -2 -1 -3 -1 -8 0 1 -1 -2 3 -1 -5 0 2 3 1 -2 -1 -3 4 -3 -6 5 -15 2 -4 -1 -1 -2 0 1 -3 2 0 -1 1 1 -3 7
L 2 117 1 113 1 6 1 3 2 2 -1 -4 1 -2 1 -5 4 2 -1 -4 -4 -1 1 3 2 -4 -1 1 0 6 -2 4 -1 -1 0 1 -9 1 0 1 1 2 -1 4 0 -1 -4 -2 -3 4 1 1 -1 -6 -7 -2 1 -5 -1 2 0 9 -4 0 -1 2 -3 -2 -2 0 -6 13 4 3 -3 0 2 -4 5 -4 0 0 2 2 1 1 1 0 1 2 5 0 -2 2 0 -1 -3 2 1 -1 5 -1 2 -2 10 6 7 0 -3 2 7 -3 6 0 3 3 -1 -1 4 -6 -2 -1 0 -17 1 3 -4 3 0 -1 -1 -1 -7 -6 1 -7 -1 -5 -7 1 -3 -2 -1 -3 2 -11 1 -5 0 -6 -8 -3 -3 3 -1 -3 3 0 2 -6 2 -3 -1 -1 -2 -2 -1 -4 -1 3 -1 6 1 2 0 3 -12 -8 -1 1 1 -4 2 -9 -2 6 -1 2 2 -4 0 0 -1 2 6 3 3 -2 -3 7 4 12 0 0 -2 0 -5 2 3 4 -8 2 0 2 0 -3 1 -2 3 -1 -4 -1 -2 3 -3 4 -1 -3 1 6 -2 -2 -4 -1 -1 -22 1 6 -3 0 -3 4 -2 2 4 -4 2 0 1 -5 1 0 6 -5 -1 1 -1 0 0 -2 7 3 -1 -2 -7 5 0 -5 0 0 2 -1 0 4 -1 4 3 2 -2 3 0 0 -3 0 -5 -2 -2 -10 -5 -2 1 0 -1 -1 -1 0 0 0 6 -3 0 -3 -11 2 -1 -1 7 -3 -1 -2 -6 0 0 22 -1 0 -1 0 0 1 -1 3 -2 1 1 -5 -1 1 2 -1 -1 0 -3 1 0 -1 -1 0 2 -5 -3 2 1 0 -4 -1 -1 -4 -3 1 -5 5 0 -2 -2 1 -2 2 -1 -3 1 -1 0 1 1 -2 4 0 -4 -2 -1 2 6 0 0 -4 13 0 3 2 -3 3 2 -1 -3 2 -1 -1 -1 2 -1 -1 2 2 0 -8 1 2 -1 -2 6 4 -2 0 -1 3 -1 2 -2 -9 -6 -2 4 -1 -2 1 -3 2 -5 1 -1 -2 -7 6 -2 1 -8 -1 -3 9 5 -1 -2 -3 6 -6 -1 -1 9 4 2 0 1 -1 4 -6 5 -3 1 6 -5 -8 -1 2 -2 -2 -7 -1 0 2 1 3 0 -6 -5 2 0 0 -4 -1 0 4 2 -3 -4 3 8 -3 -7 -3 0 -2 -2 -2 -6 1 -4 -3 3 -6 -1 11 3 14 2 10 -4 2 4 1 7 1 -7 -2 0 4 2 2 -2 3 -1 0 -19 -1 5 0 -2 -3 -1 -2 0 0 -2 1 1 1 -3 -4 -2 3 -5 9 -1 3 -1 -1 -2 -2 -5 -1 1 8 0 6 0 -1 0 4 0 0 0 3 -4 3 1 -2 0 -5 0 -1 1 2 -2 4 4 -2 7 -4 2 0 0 2 0 1 0 -1 -3 0 -1 0 2 7
L 2 118 1 102 -1 16 -1 3 6 4 -2 0 1 1 0 2 -7 1 -6 4 -2 2 0 0 0 1 -3 -3 3 4 -6 10 -1 -8 2 0 -9 3 -1 1 -1 0 -1 9 0 3 -9 3 -3 -7 0 2 -1 -4 -6 -2 4 -7 -18 0 -1 2 -2 3 5 -2 -7 -2 -4 0 -3 7 1 3 2 1 -7 0 7 -6 4 4 1 -6 1 -2 0 -1 -1 -4 4 3 -5 1 -6 3 -1 -1 8 1 1 -3 0 5 2 1 6 0 -3 -2 -1 -6 4 -1 10 0 -3 -2 2 3 -3 -2 0 -6 3 -3 -3 4 -1 1 1 0 -8 -2 -1 -4 1 -3 -4 2 -1 0 2 -2 3 -1 -1 -3 0 -1 -5 2 -1 2 -2 -2 4 -1 -1 -7 5 -1 -5 0 0 -3 -1 4 -1 -2 -2 -1 -1 -1 3 5 -7 -3 -2 2 5 -3 3 -9 -1 10 -3 3 1 -4 -1 3 1 1 3 3 0 0 -2 9 2 3 -1 -3 1 -2 0 -4 -3 1 4 0 6 1 0 -6 -7 -1 1 2 0 0 -1 4 -3 -1 0 -3 3 10 -5 -2 -4 4 -1 -4 0 9 -1 0 0 11 25 -4 2 9 -2 -2 -2 -7 1 4 7 -7 -1 1 -3 1 -1 5 0 4 -2 -8 -3 0 2 -6 -2 0 7 -3 3 7 0 1 2 1 -2 1 1 1 10 -4 -2 -4 0 4 0 0 2 4 -3 -1 3 0 0 3 3 -5 1 -4 -16 -3 -2 3 2 -1 -2 -5 -6 2 1 19 -1 1 2 4 -6 5 -1 0 -1 -3 1 -3 -3 1 1 -2 1 1 -5 4 -1 1 -2 4 1 0 -1 -1 1 -3 -1 -1 0 -7 -3 -2 4 2 -3 -2 0 5 -2 -2 3 0 4 -4 7 0 -1 -3 5 -4 0 -5 -2 1 3 -2 -2 2 17 -2 2 -5 -4 7 4 -4 -6 -3 -5 1 3 0 2 5 2 6 4 0 -1 -1 2 -2 9 2 7 -3 1 -2 -2 4 5 -12 -8 2 6 0 -3 2 -1 6 -2 1 -4 9 -2 5 2 3 -1 2 -13 -10 3 1 0 -1 3 1 2 9 10 9 2 -3 1 -5 3 -1 3 1 4 -9 -1 1 -1 2 -3 -1 -6 0 -4 -1 0 2 -3 -6 -1 0 4 -5 -1 -2 -2 6 0 -4 -11 6 14 -4 5 0 -2 -1 -1 -3 -1 0 -2 -3 0 -1 -3 7 3 7 2 9 -4 1 9 -3 3 0 -4 0 -2 6 2 2 0 11 -1 -1 20 0 4 1 0 -1 -7 0 -1 3 -2 2 2 -1 -10 -4 -3 6 -5 19 -7 1 1 10 -2 0 -8 0 4 2 -4 7 0 -1 -5 5 -3 1 -2 -14 -6 -4 5 -1 0 -3 0 -1 1 3 0 5 3 7 0 -4 0 1 -4 -1 -2 0 1 -4 -9 8 -1 -1 0 -7
L 2 119 1 79 1 2 2 7 -10 1 -3 -2 1 -1 1 -3 0 0 1 2 -1 0 1 1 1 1 -3 -3 4 7 1 8 1 -8 -8 -5 -8 4 -1 1 3 1 1 3 -1 -3 -1 2 4 -3 1 0 -1 -2 0 -3 3 6 -4 1 -7 -2 0 15 7 1 0 0 -1 4 1 -5 6 2 2 2 1 1 -5 0 -6 3 -1 -4 0 -1 1 1 1 -4 -1 3 -5 -4 0 -2 -3 0 9 0 -1 -5 -5 6 7 3 -1 -3 -1 -5 0 -2 2 4 3 -2 3 -2 -4 13 -4 1 -4 7 0 -1 1 2 -5 1 -2 3 8 -7 1 3 -2 0 0 3 -6 2 1 1 -3 0 -5 -3 1 0 0 1 -1 -2 0 1 3 -2 0 2 2 2 4 -1 -4 -7 -1 0 -2 0 -3 -4 -3 3 -1 3 1 -2 -3 2 1 1 1 -9 0 7 -1 -3 -1 3 0 -2 -7 -2 -4 -2 -2 3 -2 5 -1 -4 -1 -3 -6 1 2 2 1 1 8 0 -6 0 -1 -1 -3 -1 0 -2 5 0 1 3 -3 4 -1 -3 2 -3 -1 1 -1 4 -3 -12 0 3 -2 1 4 -4 11 -10 1 13 0 -1 2 2 1 4 10 -10 -2 0 -4 -2 1 6 -1 1 -14 2 3 -1 5 3 -4 -1 4 -4 0 4 -2 9 -2 -3 4 -1 -9 1 8 -1 2 -3 -2 -4 1 -1 -1 7 0 -1 1 1 -9 0 -1 -5 -2 1 7 -8 0 -2 0 3 2 3 -2 2 3 10 1 3 4 6 5 4 -2 0 6 -2 0 -1 0 1 4 6 -1 3 -1 5 -6 5 -2 5 0 -1 16 2 -5 -2 5 6 1 -9 0 -3 13 -4 -2 -1 0 2 4 -1 0 0 6 1 0 5 3 1 -2 1 -3 1 0 -1 5 3 3 3 17 3 -1 -7 1 7 2 1 -1 0 0 2 0 1 3 2 1 3 5 6 -2 -1 1 -1 -4 -2 2 11 3 4 -2 0 1 -8 -6 3 4 -2 1 -2 2 1 1 -3 5 2 3 6 -1 -1 -3 3 10 13 1 3 5 2 2 -1 0 -9 6 12 1 -5 1 0 3 5 0 0 3 -12 0 0 2 0 2 0 3 3 -5 -4 0 5 2 -4 2 -3 2 -1 8 -4 1 1 -2 -5 -2 -4 -10 0 4 3 0 0 -5 -3 0 0 4 1 6 -8 -2 5 1 -1 3 2 -2 2 -3 -9 -1 -2 1 2 1 -1 2 0 -2 -1 -1 0 40 -1 0 -1 0 1 -2 -5 -3 0 6 -4 -6 5 -3 6 0 2 -3 8 -2 2 5 -4 -7 6 -8 0 0 1 -5 9 3 -2 -4 -9 -2 2 -3 -3 5 -8 -4 -5 4 -3 -5 -1 7 1 1 3 0 4 -7 -4 0 2 1 0 -1 -2 -3 -2 -8 4 3 1 0 7
L 2 120 1 89 -1 -4 1 -5 -10 -5 1 2 -2 3 0 0 2 -2 3 -3 2 0 1 0 1 0 6 2 -2 -7 0 -7 1 4 -1 1 8 -2 -1 1 2 0 0 -9 -1 -1 5 -2 3 1 -2 -1 0 4 7 2 -2 8 7 -1 -7 -8 1 -2 -4 2 8 1 3 -1 4 -8 0 -3 -2 0 9 0 -8 4 -2 -2 0 3 1 2 0 1 -1 3 -2 -3 2 -1 5 -2 1 0 -2 -2 -3 3 0 -3 -4 -2 -8 1 2 -2 -1 5 -4 1 -7 -2 3 1 -1 0 3 2 2 8 -3 2 2 -5 -1 0 2 1 3 3 2 6 0 4 4 -2 2 0 -5 2 -2 4 2 5 -2 1 -2 -1 0 0 2 1 -2 0 1 4 -5 2 5 -1 2 3 1 -5 0 1 1 4 2 0 1 -3 9 4 3 -2 -2 3 -2 6 1 -7 1 -4 -2 2 0 -1 -2 -1 -6 1 0 1 2 -10 -3 -2 -1 0 0 1 4 0 2 -3 -3 -1 -5 -2 -1 4 7 -1 0 0 2 0 2 -3 4 -1 0 3 -2 -10 3 2 2 -3 4 4 1 -8 1 0 1 -1 -17 3 -2 -8 2 0 1 6 -1 -2 -1 4 2 0 5 0 3 -1 3 -2 1 9 4 -2 3 5 2 -1 -6 0 0 -8 2 -2 -3 0 0 -1 -1 0 -8 7 5 4 0 -6 -2 0 0 -3 2 0 -4 0 3 -1 -2 4 -2 4 3 -2 1 -2 -3 1 0 2 5 1 0 -14 1 0 -2 -2 4 -5 2 -1 1 1 0 2 2 -1 0 3 -1 -3 2 -4 0 -1 0 -6 -1 2 1 -1 1 2 4 -1 -1 10 6 0 0 -3 2 2 3 -6 4 2 0 0 -2 4 -1 -3 -1 2 -3 4 3 4 3 -1 -8 2 1 0 -18 1 -3 6 3 -4 -6 4 -1 1 2 -2 -3 -1 0 -3 -1 -5 -5 -10 -1 1 0 3 -9 -3 -5 4 -1 0 3 -4 -3 12 4 0 -3 1 2 -3 2 -7 3 0 6 -8 3 -1 0 -2 2 0 6 0 -5 -1 -1 2 -2 2 -2 -4 -8 -7 -1 2 -1 7 -4 7 -1 1 -2 3 2 6 1 -1 1 2 0 1 3 2 -1 -3 1 6 4 -1 -1 4 1 3 1 -4 2 5 8 -6 -16 3 1 2 0 1 -1 2 3 1 1 3 0 -3 0 -8 -1 -9 -3 -4 5 -2 -9 3 -4 0 5 0 2 -6 -3 0 0 -9 1 2 -12 -1 -4 -1 0 1 5 -3 0 -1 2 -1 -3 -1 7 1 3 -4 5 -13 6 -2 -4 -1 4 -1 3 2 -1 -3 6 -4 -1 0 4 -5 3 0 1 5 6 5 -7 2 -1 3 -1 -2 0 -1 1 -5 -4 -5 -1 5 -2 -1 1 -1 3 -1 -3 5 7 -4 0 0 -1 -7
L 2 121 1 126 1 -4 1 -1 -5 -6 3 1 -2 -1 -1 3 3 -3 -1 -3 1 4 0 0 -2 1 3 6 -3 -1 -2 -6 -1 0 5 5 15 -3 1 -3 -1 -2 -5 -2 2 1 1 -5 -2 5 0 -1 5 3 -7 3 -4 -8 4 -2 2 3 0 -14 -7 0 1 5 3 -4 -2 13 -7 -2 -1 -2 0 -1 2 3 -1 -4 1 4 0 1 0 1 -2 3 -1 -4 4 2 -2 2 -1 0 -11 -2 3 6 3 -3 -6 -3 1 1 2 4 1 5 -2 0 -15 0 -3 2 1 -11 2 0 4 4 0 1 0 -1 3 -1 0 1 -13 5 -1 -1 1 -1 3 -3 3 0 -1 1 4 4 5 3 1 -2 -4 -2 1 -1 1 -6 -4 -1 -1 -5 -4 -1 -6 -3 0 6 1 1 1 0 3 13 2 0 3 2 -3 3 4 -5 1 -1 1 4 0 -4 2 1 0 -1 -3 -2 2 1 3 8 1 -3 2 -5 0 6 1 3 3 -5 1 2 -1 -1 -7 -1 -5 -3 2 3 5 0 0 2 -3 2 1 -1 3 -2 3 2 -2 -1 3 -1 3 -2 2 -3 4 -2 0 0 -7 -4 -9 10 -1 -12 1 2 1 -3 2 1 -9 2 1 1 7 4 2 -3 2 -1 16 -4 -4 0 -2 4 2 -1 -4 2 -2 -4 2 -3 3 8 -2 0 7 0 -3 4 -1 4 -1 -2 -6 6 5 -6 -1 0 0 -1 10 2 -4 6 3 -1 -4 5 -2 2 1 -3 0 -2 2 -2 -7 -7 -3 -3 -2 -7 -1 -3 2 -1 -8 -1 0 3 4 -1 1 -3 1 -3 0 -3 5 -4 3 -5 2 2 -4 -4 2 2 -4 -4 0 7 -2 4 1 4 4 3 2 -5 -6 2 2 -2 -5 -1 -6 -6 -2 1 7 -3 3 0 2 3 0 -1 -5 -8 -20 -2 -1 10 2 -4 -2 4 -5 1 -2 -4 2 -1 -1 1 -1 -3 -6 12 2 0 -2 4 4 -2 6 -13 -2 -3 -2 0 -1 13 3 -2 -6 1 0 -1 -1 1 2 2 -8 3 -4 -5 0 2 9 -3 -6 0 -1 -2 -4 1 0 4 1 4 -13 -5 1 2 2 1 -2 -4 -1 -1 -3 11 -2 -3 -3 2 1 5 -11 -1 1 6 -1 -4 0 8 -4 4 -2 3 -5 1 0 1 3 4 6 -5 12 4 -4 -1 -1 2 4 2 1 -3 -6 -1 1 5 1 -10 -2 -3 -6 0 4 -2 0 8 1 0 0 -1 -1 -8 -5 0 2 3 1 2 -25 0 -3 2 -1 1 1 6 3 -1 -2 5 7 -4 2 -6 3 -3 3 -8 4 -2 -8 7 8 -3 4 1 0 1 5 -8 -3 3 1 8 0 -3 4 0 0 7 3 3 -3 2 4 3 -6 1 -3 -4 1 -2 12 4 -1 0 0 2 3 2 6 0 13 -4 -2 0 1 7
L 2 122 1 84 -1 3 3 6 -16 -1 -1 -3 -2 -4 1 -8 5 2 3 -4 -4 -5 3 1 3 -4 1 0 -1 5 6 2 2 -6 -8 -5 -10 2 -2 -2 4 2 2 -1 0 -4 1 2 3 6 -1 0 0 -2 0 -2 2 6 9 5 -4 5 -1 11 3 3 5 -1 1 3 0 -4 6 2 -1 2 2 -2 -8 2 -8 -2 -2 4 -1 2 3 -2 1 2 4 -3 -1 -3 4 -6 -4 2 3 0 3 0 -3 -1 13 5 -5 -1 0 -2 8 0 4 3 -3 2 4 0 -3 6 -2 3 -5 -2 -2 4 2 -1 -4 -1 -3 2 10 -6 4 4 -3 -2 3 2 -5 -2 -3 -1 -3 -7 -1 -3 -1 0 -3 -4 -5 0 0 5 6 -2 3 0 0 0 11 0 -6 -6 1 -9 -4 3 0 -4 -1 4 -1 2 -2 -6 -1 2 -3 0 0 -6 -1 -2 1 -4 -1 3 -3 -6 0 -1 -1 -9 5 2 -4 0 -1 3 2 -2 -7 1 0 8 5 5 -5 1 -2 1 -2 0 6 -2 2 -5 0 0 -3 1 -1 10 -4 -2 0 -7 3 -2 1 3 -2 -29 2 -3 -4 1 3 -4 -9 0 6 8 2 0 3 3 2 0 9 -5 -2 0 0 -3 2 -1 9 -2 -9 4 5 2 4 2 0 -2 3 -2 -1 4 -3 12 -1 -1 4 2 -11 0 1 6 -1 -3 -2 -20 -7 -8 2 1 3 -1 -1 1 -7 -1 6 0 -3 0 1 -1 2 -4 5 3 1 4 -1 1 3 11 1 2 1 2 1 -1 0 1 -3 0 1 -3 -1 1 7 6 -4 2 1 2 -5 2 -2 1 2 -3 7 5 -5 2 0 1 1 -11 2 1 7 -2 0 -1 -2 -3 7 2 -6 -5 -1 1 -7 5 3 4 1 2 -3 3 -2 0 7 6 5 1 17 4 -2 0 -1 2 1 1 3 2 3 -2 -4 3 2 -4 2 -2 2 -7 0 1 -3 -3 -4 -1 -4 11 -1 7 1 -1 -3 -8 -7 1 2 -5 1 -2 0 -1 -3 -5 3 0 -1 8 -5 -3 1 0 13 23 1 3 0 2 1 -5 -3 -6 -1 5 1 0 1 2 5 2 2 -3 -1 0 -7 -5 0 -3 0 -1 3 1 -1 -3 -2 6 2 -6 1 -2 -1 2 1 -2 5 -1 -1 -4 -1 3 -17 2 -6 -1 4 2 -5 -1 -7 0 -1 1 10 -11 0 7 0 7 2 0 -2 2 -4 -2 4 0 -2 -1 3 4 2 -2 -4 -9 -2 -2 10 -5 3 -2 -4 -1 5 -7 0 -2 7 -4 -8 5 3 -3 -1 -1 -3 -2 4 3 4 -20 -5 2 -3 -1 -2 2 -1 9 2 -2 1 -9 1 1 -2 4 7 -6 -7 -2 5 -2 -4 -2 5 1 0 0 0 -1 0 -4 0 2 5 0 1 -1 0 4 -5 -4 1 1 2 -7
L 2 123 1 110 -1 4 -1 -2 13 7 -3 -1 3 1 -1 1 -6 3 -4 6 0 1 -1 0 0 -2 -2 -3 5 3 -3 7 0 1 2 1 -14 2 -1 2 -2 3 1 9 -2 3 -3 3 -2 -4 3 1 -1 -6 -3 -1 4 -10 -7 0 5 6 -1 2 5 -2 -9 -3 -5 1 -2 1 3 3 -1 1 -7 -2 9 -7 7 4 2 -4 -1 -2 -1 -2 1 -3 5 2 -5 3 -3 3 1 0 6 0 0 -3 1 2 4 3 11 0 -2 0 -2 -7 3 -2 14 1 -4 -2 3 -2 -2 -2 0 -13 2 -2 -4 4 1 0 0 -1 3 -1 0 -6 0 -4 -5 1 0 0 2 -2 1 -7 -2 -4 2 -2 1 2 0 3 -1 0 3 0 2 -4 7 -1 -3 4 -2 -3 -1 2 3 -3 -4 -4 0 -1 -2 0 -8 -4 -4 4 1 -3 1 -2 -2 10 0 5 3 -4 2 4 6 1 7 0 -1 -2 -2 11 2 -1 0 -2 0 4 -5 -5 -1 2 5 1 8 5 1 -6 -6 -1 0 -1 -1 -1 0 2 -5 -1 -1 -3 5 14 -5 0 -5 2 -4 5 -4 9 -1 1 1 7 15 -11 0 7 0 -1 -4 -4 -1 -1 4 -2 -2 2 -7 -1 -3 0 -7 4 -2 -6 -5 0 -1 -9 0 1 8 -1 2 7 -1 -5 1 -3 -1 4 1 1 1 -10 -8 -4 2 10 6 -3 -3 6 -3 1 3 0 -3 2 2 -7 1 -5 -5 1 0 1 2 -2 0 -2 -5 2 2 12 1 0 1 3 -4 4 -2 3 2 0 2 -3 -4 1 -2 -4 0 1 -2 3 1 1 -2 6 -1 -2 -7 1 0 -1 -3 1 1 -1 -6 -4 -10 3 -2 -4 -3 8 -2 -3 0 3 4 -2 7 3 0 -3 -3 1 -2 -4 -2 -2 6 -4 4 2 23 -2 5 -9 -2 2 4 -5 1 -4 -2 4 2 2 0 1 1 6 4 -3 -1 1 1 -4 7 7 0 -1 -1 -3 0 4 3 -18 -2 -1 4 1 -3 4 -1 5 -4 1 -2 4 -1 0 0 1 -8 1 -6 -10 4 -2 2 -3 1 -3 2 5 13 3 0 -3 0 -4 1 -9 3 1 3 -5 1 -1 0 1 -3 -5 0 -2 -1 -1 0 1 -2 -8 -2 2 3 -3 -2 -1 -1 3 -2 -6 -6 9 11 -4 2 -3 -1 -2 -1 -2 -1 1 5 -4 -6 5 -1 12 5 12 4 5 -4 2 9 -3 2 0 -4 1 -1 5 4 3 -1 10 -2 -1 14 2 5 0 0 0 -3 0 0 3 -4 -2 1 1 -6 0 -4 5 -6 14 -8 1 3 0 -5 -1 -7 -3 2 0 -3 4 2 0 -3 6 -1 1 -2 -6 -7 0 6 0 -2 -3 -1 0 1 -1 0 7 2 3 -3 -3 3 -1 -3 -1 -4 0 -1 -5 -8 6 1 -1 1 -7
L 2 124 1 72 1 3 -2 0 8 -2 1 6 -1 6 1 4 -6 -2 -2 5 2 -2 1 -4 -1 6 0 -4 -1 -6 3 -2 1 -1 0 0 9 -3 1 1 -3 -5 1 -7 1 1 0 2 2 -6 -2 -1 -1 7 6 1 -2 12 -1 -3 3 -16 4 1 5 -4 5 0 3 0 3 -13 -2 -2 4 1 -3 5 -6 4 1 2 -1 -3 0 -2 2 1 0 -3 -6 1 1 -4 1 1 4 -2 -4 3 -6 -2 -3 1 -8 -6 -8 2 1 -1 -2 3 -2 1 1 -3 2 0 -4 9 2 0 -1 21 0 -5 4 -3 1 2 0 -2 3 4 -3 8 -2 7 7 0 4 3 3 3 1 13 -1 4 -1 10 11 5 1 -4 0 7 -4 0 -2 9 -1 2 1 -1 5 3 0 4 0 -3 1 -11 1 -4 -1 -5 14 9 2 0 1 4 -1 4 1 -9 -1 -3 -3 4 1 2 1 -4 -7 -9 -3 3 3 -7 -3 -11 -1 2 2 0 8 -1 -3 -5 9 -2 6 -2 -2 3 -1 2 -3 3 5 -1 2 -1 4 -4 -1 5 -2 -8 1 0 3 0 1 16 0 -7 7 -2 5 -4 1 0 -3 2 -4 -1 0 4 -2 1 -2 5 3 -6 0 -1 -2 4 -5 -2 -6 -3 9 -3 2 4 0 0 -2 2 1 -4 1 -3 -1 -4 0 -7 -3 0 5 2 9 3 2 11 -1 -1 4 -1 1 1 1 1 -1 -3 2 4 1 3 6 -4 2 0 -9 6 -1 1 7 -1 2 -19 2 1 1 0 -3 -1 0 -3 5 0 -3 1 0 -5 -4 -1 2 0 1 -2 -3 3 0 -1 -1 7 5 -2 -2 -3 6 2 0 -2 7 -1 7 -5 0 4 1 -1 3 -4 1 3 -2 0 1 -1 -2 2 -3 1 2 0 0 -2 -12 -2 -2 6 -16 1 -4 -3 0 -3 -2 0 9 -1 1 1 0 -1 1 2 -1 -4 3 14 -1 -3 1 1 -5 -6 5 2 3 -1 3 -2 0 11 5 1 -2 2 3 1 3 -3 6 -1 3 2 5 -2 2 -2 13 2 1 -5 -6 2 0 1 -4 6 -1 3 -1 -3 -1 2 -5 -1 -2 11 -7 4 0 -8 6 12 0 -1 3 0 18 1 3 -3 -2 -5 -1 5 8 -5 0 -2 5 0 -3 -4 2 6 -4 -3 -4 1 10 5 -2 0 1 -1 5 -1 -2 4 -4 4 0 -12 -4 -16 0 -13 2 -2 0 -2 -5 1 7 2 0 6 1 -2 3 -9 1 0 17 3 -2 -1 1 1 1 6 -3 0 2 -1 0 -1 1 5 3 -3 5 -2 0 -2 5 1 0 2 21 2 0 -2 -2 -2 -1 -3 -1 -8 0 -1 -2 -4 5 -11 -3 2 1 3 1 0 -2 -3 4 -4 -5 6 -13 2 -4 -1 0 -1 0 0 0 3 2 -1 1 1 -5 7
L 2 125 1 78 1 -2 -3 -1 -7 -4 2 4 0 9 2 3 -5 -2 -1 1 2 -1 1 -4 -1 7 0 -2 -3 -3 3 -2 1 -3 -1 -1 10 -3 2 0 -2 -7 0 -6 3 1 1 -2 3 -5 -2 -1 2 7 3 0 -3 10 -1 -5 0 -15 4 1 4 -2 6 1 3 1 4 -12 -4 -3 5 0 1 4 -9 4 -4 1 -1 -3 2 -3 2 3 -2 -4 -7 3 -1 -5 -2 0 3 -2 -4 4 -5 -3 -5 3 -13 -8 -8 2 1 -2 -5 2 -4 2 -7 -5 3 0 -5 7 1 0 1 28 0 -5 4 -2 0 3 0 0 4 4 -1 8 -2 6 6 0 2 4 1 5 1 17 -1 4 -1 9 5 5 1 -7 0 2 -4 -1 -3 8 -2 5 0 -3 5 3 0 1 -1 -4 1 -2 0 -4 -1 -2 15 9 3 -1 3 7 -1 3 0 -2 -2 -3 -4 3 0 1 -1 -4 -9 -2 -4 4 4 -7 -1 -9 -1 -1 2 -3 9 -1 -2 -6 8 -3 -3 -5 -2 3 -2 2 -4 3 5 -1 5 -1 4 -3 1 6 -4 -10 1 -1 2 2 1 15 2 -6 7 -3 4 -9 1 0 -3 1 -5 -1 1 5 0 5 0 2 3 -5 2 1 -1 5 -6 -1 -3 0 5 -3 4 6 -1 0 -2 2 1 -5 1 0 -1 2 1 -6 -2 1 8 5 12 3 1 7 -4 3 9 -1 0 0 2 0 0 -2 -5 4 1 4 7 -5 -1 -1 -7 5 -2 2 6 1 1 -17 0 0 1 0 -1 -1 1 -5 7 -2 -4 4 1 0 -1 1 4 -1 0 -1 -3 3 3 -2 0 7 13 -1 -2 -3 8 3 1 8 6 0 13 -7 0 7 2 -1 2 -3 4 3 0 -1 -1 -2 -1 2 -1 -1 2 1 2 -1 -11 1 -1 2 -18 3 -5 1 1 -2 -3 0 -1 -1 -1 -1 0 -3 2 4 -2 -4 3 17 -2 -6 2 4 -7 -9 9 1 6 0 1 -2 4 15 2 3 -1 2 2 -2 4 -2 8 1 4 0 7 -3 1 -3 14 2 6 1 -5 2 1 3 -3 7 1 -2 -7 0 0 1 -5 -1 -2 12 -7 5 0 -12 6 12 0 1 4 4 9 3 -2 -1 -3 -6 1 9 7 -4 0 -2 8 -1 -3 0 0 6 1 -8 -9 1 7 6 -4 0 1 0 7 -2 -2 7 1 4 -2 -17 -6 -19 -4 -9 2 -2 -4 0 -5 0 9 2 0 -5 -2 -4 2 -4 2 1 14 3 -4 0 2 0 1 7 -4 0 2 1 0 0 -1 8 5 -1 5 -9 0 -3 0 6 3 6 13 2 1 -3 2 -4 -2 -3 -1 -9 -2 -1 -2 -7 7 -3 -3 -1 3 6 1 0 -1 -2 4 -5 -5 8 -10 1 -5 0 0 0 1 1 2 1 5 -2 1 2 -4 7
L 2 126 1 115 1 0 0 1 -3 2 -1 -3 1 -2 1 -4 4 2 -1 -3 -4 -1 2 3 2 -4 -1 1 0 5 -3 3 -2 -5 0 1 -8 2 0 0 1 2 0 4 1 -2 -5 -2 -3 8 2 1 0 -5 -9 1 3 -12 2 2 2 11 -3 0 -2 1 -2 -1 -1 0 -4 12 3 3 -2 0 -3 -5 5 -4 2 -1 2 1 1 0 1 0 1 2 5 0 -3 2 0 -1 -2 1 8 -1 5 0 0 -2 10 6 7 0 -1 1 7 -6 6 -1 -1 2 -1 0 4 -7 -2 -1 0 -18 1 3 -5 3 1 -1 -1 -2 -9 -5 2 -7 0 -4 -7 0 -3 -3 -1 -3 1 -13 0 -5 -1 -5 -6 -2 -3 2 -2 -4 3 1 2 -7 3 -3 0 0 -3 -2 -1 -6 -2 2 -1 5 0 3 1 3 -11 -7 -1 0 1 -4 2 -5 -1 8 -2 2 2 -4 1 1 0 1 4 5 3 -2 -2 7 4 8 0 -5 -1 2 -5 0 3 5 -10 1 -3 2 -1 -3 2 -3 3 -2 -4 -2 -2 3 -3 3 -1 -4 0 5 -2 -1 -3 -1 -2 -23 -1 6 -2 1 -3 3 -3 2 4 2 2 0 0 -4 1 -1 7 -6 0 2 -1 -1 -1 -5 5 3 6 -1 -5 6 -1 -3 -1 0 3 -1 0 2 -2 3 3 1 -1 1 -2 0 -4 -1 -7 -1 -2 -13 0 -3 1 0 0 -1 0 -1 4 1 2 -2 1 -4 -6 2 0 -3 5 -3 -1 0 -6 0 -1 23 0 0 -2 -1 -2 2 -1 3 -6 0 1 -4 -1 3 3 2 1 0 -2 0 0 -1 0 0 2 -4 0 3 1 1 -4 -2 -1 -5 -3 1 -4 6 1 -1 -1 2 -2 1 -2 -3 2 -2 -1 1 1 -2 0 -2 -3 -2 -1 2 8 1 0 -3 15 0 3 0 -3 3 2 -2 -3 2 -2 -2 -1 2 0 -1 2 2 -1 -9 1 1 -1 -1 6 3 -4 0 -1 2 -2 2 -2 -11 -5 -3 4 -3 -3 1 -5 3 -5 2 -1 2 -5 2 -2 1 -8 -1 -4 3 6 -1 -1 -3 4 -7 0 5 -2 1 2 0 1 0 4 -8 5 -3 1 8 -5 -8 0 1 -2 -1 -10 -1 -1 1 0 3 0 -5 -3 3 2 0 -5 0 0 3 1 -3 2 10 2 -2 -9 -2 1 -2 -1 -1 -6 0 0 -4 4 -7 0 11 4 16 2 12 -3 2 2 0 7 0 -8 -2 1 -1 1 1 -1 6 -1 0 -21 -1 4 0 -1 -2 -2 -2 2 1 -2 1 1 2 -2 -3 -1 3 -5 5 -1 3 -1 -1 -2 -1 -9 -1 1 8 -5 5 0 -1 0 4 0 0 0 4 -4 2 2 -2 0 -3 0 -1 1 1 -3 4 4 -4 10 -4 2 1 1 2 -1 0 1 -1 0 -1 -1 0 2 7
L 2 127 1 65 1 10 1 5 -2 1 -2 -1 1 -2 0 -4 -3 1 0 3 -2 -1 0 2 2 -1 -3 -4 3 5 2 7 0 -5 -7 -5 -10 5 -1 3 2 2 2 2 -2 -1 -2 6 4 -7 -1 1 -3 -3 2 -4 3 12 -4 3 -2 -4 -2 14 4 2 0 -2 -3 3 -1 -8 6 2 1 2 2 1 -3 0 -5 4 -2 -3 0 -1 1 -1 0 -4 0 3 -4 -3 2 -1 -2 1 8 0 0 -4 -2 5 8 2 -2 -3 -2 -3 1 -4 2 4 11 0 3 -2 -2 13 -4 0 -4 -2 -1 -1 2 2 -5 1 -1 2 11 -8 -1 2 -2 -1 -5 3 -4 1 1 0 -3 -1 -4 -3 1 -1 -1 1 -1 0 -1 4 3 -1 0 3 2 2 4 0 -3 -9 0 -6 -2 1 -3 -5 -1 3 0 2 0 -4 -2 3 -1 0 1 -13 0 8 -1 -2 -1 2 0 0 -3 -1 -3 -6 0 3 -3 6 -1 -1 0 -2 -5 0 1 -1 1 2 6 -1 -2 0 -1 -2 -5 -1 1 -1 4 0 1 0 -3 5 -1 -2 3 0 -1 0 -3 2 -2 -12 -1 3 -2 0 5 5 8 -9 1 6 0 -2 3 0 -1 3 10 -7 -1 0 -4 -2 1 4 0 1 -20 -2 2 -1 3 -2 -2 0 4 -3 1 5 -2 10 -3 -6 3 2 -8 1 5 -2 2 -3 -2 -5 -3 -4 -1 7 0 -1 -1 1 -10 -1 3 -5 -4 2 -1 -5 1 0 0 3 2 2 -3 3 4 11 0 3 4 8 4 2 -2 0 12 -2 0 -2 -1 2 4 6 -1 3 -1 4 -5 3 -3 6 1 -1 10 3 -4 -1 3 5 2 -6 1 -4 5 -6 -3 -3 -1 3 5 1 -1 0 4 3 3 4 2 0 -1 3 -3 0 -1 -1 0 3 4 4 16 3 -1 -5 1 8 3 0 2 -1 1 4 0 1 2 0 1 2 5 -6 0 0 1 -4 -5 -1 -2 12 2 5 0 0 -1 -10 -6 4 4 0 1 -1 3 -1 1 -3 7 -2 4 7 -1 -1 -3 3 10 11 3 3 2 2 4 -2 0 -7 19 12 -1 -3 0 -3 0 6 1 0 3 -13 -1 0 0 -1 1 -1 12 2 -2 -3 1 5 1 -5 1 -5 0 -3 6 -4 1 2 -1 -5 -9 -3 -8 -1 6 2 1 0 -5 -4 -1 3 4 1 4 -8 -3 8 0 0 4 4 -4 1 1 -7 -1 -1 -1 2 -1 7 3 0 -4 -5 -1 -2 40 -1 1 -1 -2 0 -1 -5 -2 0 6 -4 -7 3 -2 7 -2 2 -3 10 -2 2 5 -6 -7 5 1 -1 1 1 -3 10 4 -1 -3 -8 0 3 -3 -1 3 -4 -4 -4 4 -3 -4 -2 8 1 1 3 0 3 -10 -4 1 0 1 -1 -1 -3 -4 -2 -13 3 2 1 0 7
L 2 128 1 75 1 6 2 0 -4 2 -3 0 2 -2 0 -4 -4 2 2 3 -1 -2 -1 2 2 -1 -4 -2 2 5 3 7 0 -4 -8 -4 -11 6 -1 2 2 1 2 2 -2 -2 3 3 4 -3 0 2 -2 -2 5 -4 4 9 -9 3 -5 -2 0 14 4 1 2 -1 -2 3 1 -13 6 2 2 2 -3 1 -4 -2 -2 4 -3 -3 -1 -1 0 0 2 -4 1 2 -4 -1 0 -3 -1 0 11 0 0 -4 -3 6 8 3 2 -2 0 -4 3 -6 2 3 6 -2 3 -1 -3 14 -4 2 -4 2 1 -1 2 3 -4 2 0 2 17 -5 1 2 -2 0 0 4 -4 0 1 1 -4 2 -4 -1 0 0 1 3 0 0 0 3 4 0 0 2 1 2 7 1 -4 -9 -1 1 -2 0 -2 -8 -2 2 0 2 1 -4 -3 2 0 2 0 -6 1 8 -2 -3 -1 2 0 -2 -3 1 -4 -7 -1 3 -3 6 -2 -2 -1 -7 -6 -1 0 4 1 1 5 0 -2 0 0 -2 -5 -1 0 -2 2 0 -3 1 -3 3 -1 -2 2 -2 -2 1 -1 3 -2 -9 -1 2 -1 0 4 3 14 -10 2 11 2 -1 2 1 0 4 11 -8 -2 1 -3 -2 1 3 -8 1 -13 1 4 -1 3 0 -3 0 4 -3 2 3 -2 4 -3 -4 3 1 -9 -1 8 -2 -1 -4 -3 -5 8 -3 -1 6 0 -1 -1 0 -7 0 -4 -3 -3 1 2 -8 3 -2 -1 3 2 2 -2 3 3 8 2 5 4 7 2 3 -3 -1 7 -2 1 -1 -2 3 2 10 -2 3 -1 4 -5 3 -1 6 -2 -2 6 3 -4 0 3 3 1 -10 0 -4 6 -4 -3 -2 0 4 5 0 -1 -1 3 1 1 6 2 -1 -4 3 -3 -1 0 -2 1 4 5 8 17 5 0 -5 1 8 2 0 -5 -1 -1 2 0 0 3 0 0 2 5 -9 0 1 0 -2 -2 0 -4 10 2 3 -1 0 -2 -11 -7 3 3 -1 0 -2 2 -1 0 -4 7 6 5 4 -1 -1 0 3 11 9 1 3 3 1 2 -2 -1 -5 5 8 0 -5 0 0 1 5 1 0 3 -11 -1 1 2 -3 -1 -1 5 0 -4 -4 0 4 1 -7 2 -3 3 -2 5 -5 2 1 0 -4 -6 2 -12 -1 5 1 1 0 -3 -2 -2 1 5 0 5 -3 -1 6 1 3 4 4 -2 1 -1 -8 -1 -2 2 1 0 9 2 -1 -3 -2 -1 -3 42 1 2 0 -1 1 0 -7 -2 0 6 -4 -6 3 -2 2 -3 1 -2 5 1 1 5 -12 -5 4 -8 -2 0 -3 -8 10 3 -2 -3 -8 0 1 -3 -4 2 -9 -5 -2 4 -2 -4 -1 6 2 2 3 1 7 -11 -3 2 1 2 -1 0 -3 -4 -2 -11 2 2 2 0 7
P 2 0 32 -7 -4 0 22 -6 2 2 0 9 7 11 -13 -7 -10 -10 -9 31 20 -16 -1 -4 -2 3 -2 -2 25 16 -25 29 11 -7 -5 18 3 6 5 4 -1 -4 -9 -11 -11 -9 3 -2 -8 9 3 8 8 3 9 -24 8 1 6 -3 -4 21 -2 -5 2 -1 8 -1 2 -11 10 8 -6 9 -5 4 -6 -4 7 3 12 8 -5 -6 -6 -16 13 -2 8 -6 -6 -9 3 8 6 3 -47 -2 0 -1 -3 -7 -4 5 21 1 -5 -4 16 -21 -3 11 -1 -1 4 2 3 -7 -11 -13 -10 59 -1 -8 3 2 -9 -1 0 -5 5 12 -4 -3 4 0 9 -1 -1 -7 -8 -4 8 3 -3 -5 -13 -6 11 6 2 6 4 3 3 2 5 5 5 -15 12 3 6 -10 1 10 -2 15 2 8 -5 -3 3 13 -14 9 4 6 12 7 5 -12 5 24 -15 5 -2 -15 1 -1 9 6 5 -15 -6 2 -12 20 1 2 12 12 -7 -4 -3 -4 6 -8 -15 -6 9 8 -2 -5 11 -10 -1 -8 9 -6 12 -3 -5 3 2 -1 4 13 8 12 19 26 -18 -63 3 -10 4 -5 7 13 -30 -13 -4 -18 4 -6 11 0 2 -2 -15 -19 1 -3 -2 4 7 17 -38 7 12 -16 16 3 8 16 -1 -2 2 -2 -2 -5 2 -11 -5 -10 -14 -11 -20 7 11 8 -2 -6 2 8 6 -4 16 11 -11 2 -21 -6 -28 2 -12 4 4 3 4 6 2 3 -6 8 0 0 0 0 7 20 10 2 -6 8 -20 -1 -4 1 -20 2 -2 -5 16 -2 -12 10 -7 -9 10 -6 -1 -8 9 1 -6 -9 3 4 -10 -1 -12 -7 -8 -30 4 -1 25 4 -4 -6 4 0 -5 -7 -1 -8 -1 4 3 -4 2 3 -6 -7 1 19 1 6 12 7 17 -5 15 -1 10 -9 -3 17 4 4 32 11 1 4 0 1 9 7 -4 -4 -1 38 2 -3 0 2 9 4 -2 -15 -3 -18 -3 9 -14 -3 -3 10 3 9 -6 1 2 -11 -5 5 19 -7 -16 13 9 -1 34 2 10 8 7 -2 6 -5 6 -1 0 7 -41 1 5 -11 -4 -2 13 -18 5 -13 -3 -10 -7 -19 0 -5 -8 -11 -18 -2 -1 -14 12 -9 -4 -8 -2 -8 8 -11 -10 -16 2 5 7 7 -66 -18 -7 6 -15 13 -8 6 12 -2 3 -9 -13 -2 1 11 1 11 1 15 4 10 2 3 13 -9 -15 10 2 1 -5 -1 -2 -12 5 12 -2 3 20 8 1 3 -1 -1 0 -8 6 -3 -4 6 5 6 -7 -51 -2 -4 -13 6 5 -6 -3 -11 15 -3 -3 3 1 -33 25 14 -7 -7 -1 -8 -14 -7 2 21 1 -4 -5 13 14 -3 -9 -5 1 1 -1 -4 4 -1 -17 -6 7 -6 2 7 11 4 -1 12 8 -1 -10 4 2 -16
P 2 1 32 65 5 12 -40 9 -11 -4 8 2 9 -23 -21 15 -6 20 -18 -14 7 0 17 -2 -14 -13 6 25 12 43 7 -38 -38 -22 -62 21 -4 11 10 -9 15 2 4 -7 -14 21 21 -20 -11 13 -20 -12 19 -25 26 53 -54 10 -37 -20 -7 81 31 7 12 -8 -11 19 3 -64 34 16 13 10 -6 8 -32 -8 -15 21 -7 -17 10 -6 11 1 10 -22 6 12 -35 -10 3 -12 1 -5 65 6 -6 -32 -28 27 33 18 -6 -3 -12 -24 22 -25 13 20 32 -4 22 -11 -10 76 -21 1 -21 19 0 -15 4 12 -33 9 -6 5 70 -31 11 23 -18 6 17 23 -17 0 -2 4 -16 15 -23 -15 -9 9 -20 13 -15 -7 -4 21 31 -7 6 14 9 16 38 3 -17 -36 -4 -7 -18 -1 -7 -36 -16 10 3 1 22 -13 -11 18 6 4 4 -47 6 35 -11 -31 -10 0 -2 -3 -13 -3 -29 -31 -1 23 -15 23 -10 -5 -7 -41 -37 -11 10 12 10 10 29 -4 3 -4 -12 -11 -24 -14 6 -4 11 -3 -15 8 -13 27 -18 -9 8 -19 -13 -6 -7 24 -13 -54 0 11 3 1 37 13 86 -55 24 72 0 -12 8 12 -3 12 79 -44 -6 -5 -20 -14 3 24 -17 12 -75 1 26 1 30 2 -17 -6 30 -21 16 25 -12 34 -4 -20 14 -4 -55 -2 53 7 17 -17 -7 -47 6 -15 9 31 0 -12 1 -4 -48 -1 4 -14 -10 -4 -15 -46 10 -18 -2 23 3 12 -14 17 28 65 4 18 15 39 0 16 -11 -5 33 -8 0 -18 -23 18 16 41 -6 15 -14 15 -38 20 -2 19 3 2 43 16 -18 -6 26 19 4 -48 17 -19 50 -26 -12 -1 2 15 45 -6 -7 2 13 -5 16 27 5 1 -10 9 -18 -8 4 -11 -10 20 20 42 100 29 -9 -21 -8 55 9 -7 -21 -6 -6 4 -10 6 18 11 6 7 34 -57 -9 -9 6 -10 -4 -10 5 60 9 20 6 -1 0 -57 -52 18 32 -12 6 -9 11 -5 -1 -11 41 24 24 37 -9 -13 10 21 42 37 -2 15 12 12 7 -5 0 -12 31 38 5 -21 -11 5 11 47 6 11 15 -77 -10 14 2 -12 3 0 20 10 -24 -28 -14 16 -3 -39 24 -18 13 -5 36 -23 7 7 9 -19 -45 8 -83 -15 26 12 2 -1 -26 -21 -12 7 15 6 38 -32 -13 29 4 18 13 22 -16 7 1 -43 5 -4 6 5 7 50 10 -7 -11 -14 -8 -14 197 -2 15 -6 -10 0 1 -38 -19 5 39 -27 -45 21 -18 -1 -7 14 -15 34 -10 9 33 -43 -22 21 -41 -5 10 -5 -21 67 8 -26 -16 -43 3 1 -23 -38 18 -57 -27 -17 25 -8 -24 -20 34 7 18 11 1 45 -58 -19 -2 7 8 -6 -11 -9 -19 -9 -57 14 7 8 -5 -28
Q 2 256 0 3280 -1 7 0 -3 7 -1 5 2 -4 -12 1 -14 -1 9 -9 8 -4 11 0 -8 1 -13 15 -13 -5 8 -2 -2 -1 -1 3 8 -7 -1 -4 4 -3 -1 -5 2 -7 0 -5 -3 8 13 7 1 -9 2 2 -8 5 -13 -7 -1 -11 7 1 4 3 5 -9 -5 -7 -7 -17 12 -1 4 0 6 5 -5 7 5 0 6 -1 2 -4 6 5 -21 -9 2 10 0 -5 -18 -1 -4 2 0 -2 -6 6 -1 -11 -2 -11 6 19 -2 5 -6 12 3 0 4 -1 7 -5 -3 3 1 -4 -3 12 11 2 -2 3 -3 -1 -2 -1 -2 9 -6 -3 0 -6 4 6 4 -3 1 3 4 -3 1 2 -3 -6 -7 -14 12 -1 12 -3 -10 -4 4 6 1 3 -3 15 2 7 -5 -2 -41 -4 -2 0 -9 -5 -6 -1 -13 35 -3 6 0 4 -1 4 19 -2 22 9 4 1 1 -1 1 -16 9 3 -15 1 -6 6 0 2 9 0 5 -2 26 9 10 1 -9 10 4 8 -4 2 -2 4 2 3 -1 7 1 0 7 2 -4 2 -8 -1 6 -3 -5 -3 7 0 2 -19 12 -2 1 10 10 -22 1 6 -11 -2 5 6 0 -9 5 8 10 -2 5 0 -2 0 12 -4 -1 10 -5 -1 9 2 -6 -3 3 -3 5 -4 4 -8 -2 1 -16 5 6 6 -9 18 8 10 -3 3 4 15 15 -4 -2 4 2 8 -6 -31 1 7 -3 -4 -2 -7 3 0 -3 0 -10 -1 2 8 3 4 -27 -5 -6 -1 3 -7 -1 2 5 -3 -3 2 -6 -1 -1 -4 16 -8 2 4 -6 8 -2 3 1 4 -6 -24 4 2 3 5 1 6 19 -2 -5 -4 -4 -2 -5 5 15 11 3 3 -8 0 -1 0 10 7 -3 2 -7 4 -1 0 -3 -11 -3 0 -19 13 5 1 12 2 11 -3 5 2 7 8 -7 2 0 -2 -4 7 4 -2 -18 2 -8 -3 -5 12 0 8 -11 -6 7 -1 4 2 1 10 -2 4 -2 -7 -3 -1 -8 -6 4 1 -21 -6 -5 5 4 1 -3 -14 -13 9 -3 2 0 4 -4 0 -11 1 -4 -7 7 -3 -1 10 5 0 -8 3 -9 0 -25 -5 3 -2 -2 -23 4 -4 6 7 1 3 3 3 4 3 6 -10 -6 2 -5 -11 -6 2 10 -4 -1 1 7 3 7 -5 0 -4 9 -3 7 -7 10 -4 -2 -4 23 2 16 9 0 -6 5 2 16 7 -1 -1 -4 -1 -1 1 11 -9 -2 7 -1 4 -2 -4 2 2 -19 -2 4 0 -7 2 0 -7 8 -8 -4 -6 -6 9 -1 3 -1 -2 -8 -10 -4 5 -6 -5 0 -4 -3 -5 17 1 -2 -8 8 -7 21 1 -3 0 0 -8 2 -6 10 -2 -3 -4 22 20 2 3 4 6 -3 4 4 1 0 5 -2 -4 -3 -9 8
Q 2 257 0 -2027 -1 5 -1 -2 -1 -2 7 8 -4 -7 -2 -16 3 6 -6 -1 -6 11 2 -14 2 -8 8 -15 2 8 -6 7 2 -7 6 4 -4 -4 1 -4 5 -3 -4 -4 1 -4 -9 -11 6 16 -4 1 -1 -5 3 -5 0 -19 9 -5 -14 26 2 -2 6 4 -8 -5 0 -4 -16 2 -9 0 1 1 -9 0 3 15 4 8 -2 -1 -1 6 0 -14 -4 -2 9 -1 -1 -13 -6 -7 -5 -4 12 -3 9 -7 -6 1 -4 0 23 1 -3 -7 16 18 2 2 -1 3 -1 1 4 10 2 -1 8 30 -7 -3 2 -1 -2 3 -7 7 -4 -6 -8 -3 -8 9 9 1 2 3 -8 5 -2 1 3 0 -5 1 4 9 2 9 -7 -4 -4 -1 4 1 0 -4 -4 1 2 -6 -2 -29 -8 -8 6 -9 5 -8 -6 -20 39 -3 8 3 8 0 2 28 -2 12 7 4 2 -2 -2 -4 -16 2 6 -1 0 -2 6 -2 -2 8 5 2 -2 19 12 10 8 -6 12 7 -13 -5 0 2 14 4 1 -9 0 5 -4 4 1 -3 1 -7 -4 13 -6 -5 1 13 10 44 -8 8 -2 0 7 -1 -14 10 3 -15 -12 6 -1 -2 -10 10 -3 3 -2 8 -7 7 -5 4 13 -2 1 -18 -23 1 -8 -6 0 -3 0 -3 -2 -2 -4 2 6 -8 6 5 -3 -6 11 3 7 -3 -2 15 11 4 -25 -5 4 0 10 3 -41 1 13 2 4 6 -2 21 -6 -3 5 -4 -1 9 12 -1 5 -26 -8 -3 0 1 -13 -4 1 4 11 1 3 -8 0 5 -9 4 -5 -1 3 -5 10 -8 2 0 2 -4 -20 -2 5 1 5 1 1 7 -5 -6 -8 -2 1 0 7 13 8 -4 10 -8 4 6 -3 8 12 1 14 -6 4 -1 5 2 -10 -11 0 -16 15 4 -1 -8 3 2 -4 -3 7 6 2 -5 3 2 -5 -5 7 3 3 -9 1 0 -6 -12 0 -2 10 -15 -9 9 -2 7 -2 5 -13 7 3 7 -1 -4 -3 -1 -4 -1 -9 -15 -2 0 1 5 12 1 -9 4 11 -3 0 1 -8 0 0 -2 5 -7 -12 9 -2 -5 8 9 1 -2 5 -5 -7 -13 -6 0 3 10 -2 11 -2 0 4 9 -2 3 6 0 -1 -4 0 -6 6 -5 1 -7 5 5 7 -1 -1 2 1 9 -8 0 5 0 3 8 0 21 0 -8 -3 12 -2 12 3 -5 1 2 -1 13 9 1 5 -8 -8 -5 1 -2 -8 3 18 1 -5 5 -6 0 5 -6 -2 10 3 -7 -3 0 -8 15 -4 -1 -1 -2 13 -3 4 16 10 -8 -14 -5 -3 -20 -7 -5 -4 -3 -4 -2 2 -5 0 9 -9 8 3 -6 -1 -1 -1 -5 5 7 -4 2 0 24 20 0 -3 0 1 -4 -2 -1 16 0 2 5 -3 -3 -7 8
Q 2 272 0 -34 1 4 3 -2 5 2 3 4 -5 -11 0 -13 2 5 -12 -3 -7 21 1 -10 1 -9 15 1 -10 8 1 -5 -1 -5 4 10 -8 -2 -2 4 -1 1 -8 3 0 -1 -6 5 5 23 8 2 -7 0 10 -4 4 -8 2 -1 -5 6 3 2 -6 5 -9 -4 -2 -6 -9 3 -2 2 -3 5 4 -6 7 5 3 4 0 -2 -3 3 0 -16 -5 2 2 1 -9 -13 2 0 2 -1 7 -6 4 -1 -8 0 -21 9 18 -3 6 -6 3 -5 -1 4 -3 2 -7 -1 2 3 -4 -2 9 6 1 3 1 -1 -4 -5 0 0 11 -6 -2 4 -4 4 -2 3 0 3 6 4 0 -2 1 -4 -6 -14 -18 19 -8 10 -5 -8 2 0 6 -4 2 -4 8 3 5 -9 0 -32 -1 -5 1 -15 -4 -6 -6 -3 22 2 8 0 4 1 3 47 -4 26 10 5 1 6 1 -4 -12 6 -9 -16 3 -10 3 12 0 7 -2 -6 3 26 6 2 -1 -4 3 3 1 -7 4 -4 10 -2 2 -2 2 1 9 9 -3 -4 -2 -8 -3 14 -3 -5 -8 -2 0 17 -10 13 -1 -1 2 7 -19 -5 6 -10 2 3 -1 0 -5 -1 -3 5 -2 3 3 0 -4 9 -2 0 24 -9 1 13 1 -8 -4 3 0 2 1 5 -10 6 4 -6 5 14 16 -7 15 3 5 -1 9 4 1 8 2 -1 2 3 7 -2 -35 1 13 -2 -5 0 -9 3 -3 -3 3 -6 0 2 6 3 4 -22 -4 -11 -1 4 -2 1 -1 8 0 -2 7 -6 -1 -3 2 12 -5 0 3 -11 9 -2 6 1 0 -5 -21 1 6 0 1 6 5 16 -3 -4 -4 -7 -2 -4 3 17 14 3 3 2 -6 -8 -4 8 8 0 -3 4 5 1 1 1 -9 -3 -5 -24 19 3 2 16 3 7 -3 -1 6 7 2 -4 3 -4 -1 -3 7 1 -6 -27 5 -2 -7 -9 15 -2 -3 -7 -3 7 0 6 1 3 3 -4 5 1 -10 -3 2 -3 -2 2 5 1 7 -7 3 7 -7 -3 -1 -28 -2 -2 -2 -1 -2 -1 3 -1 6 -6 -4 6 -4 -8 8 0 2 -7 5 -1 0 -33 -8 4 2 -2 -24 7 -13 8 5 1 3 -2 -1 5 2 7 -9 -3 2 3 -12 -7 6 5 22 1 6 1 2 8 -3 -1 -7 7 0 5 -6 8 -2 -7 1 21 -3 18 4 2 -10 -8 0 15 8 0 -8 -17 0 -2 0 7 -10 3 -34 -6 2 -1 0 -3 3 -16 -6 2 -2 -6 1 0 -6 1 -4 -5 -4 -6 10 -4 3 -1 -5 -4 -21 -2 4 -18 -10 -2 -7 -2 -6 22 0 -1 -2 18 -7 27 -2 -2 -1 -2 -5 2 -5 5 -1 -1 -3 18 11 -1 4 3 6 -2 0 4 -1 -1 3 0 -1 -2 -9 8
Q 2 273 0 -4800 1 2 2 -1 -2 0 5 8 -4 -7 -3 -15 5 4 -8 -10 -9 18 3 -14 1 -5 9 -3 -3 8 -4 4 2 -10 7 8 -6 -6 2 -3 6 0 -6 -1 6 -4 -9 -3 3 24 0 3 -1 -6 11 -3 0 -14 13 -3 -7 24 4 -2 -2 4 -8 -5 3 -4 -9 -6 -9 -1 -2 2 -9 -2 3 14 5 6 -1 -4 0 4 -4 -11 -3 -2 2 1 -6 -9 -4 -3 -3 -5 19 -2 7 -5 -3 3 -11 4 22 0 0 -6 7 9 2 4 -2 0 -3 1 2 11 1 -1 5 22 -7 0 2 1 -5 -1 -5 7 1 -6 -6 1 -6 8 -1 0 3 5 -4 4 1 -3 2 -1 -6 -7 -3 16 -6 7 -8 -4 2 -4 6 -5 -1 -4 -7 3 3 -8 1 -24 -5 -10 5 -15 4 -8 -10 -11 28 1 11 2 7 2 1 51 -5 17 8 6 1 3 1 -8 -13 1 -5 -4 1 -6 3 8 -3 7 3 -10 2 18 10 2 6 -2 6 6 -16 -7 2 0 18 0 -1 -9 -3 4 4 6 -4 -3 -3 -8 -5 20 -5 -5 -3 4 9 50 -1 10 -2 -3 0 -1 -11 3 3 -12 -6 4 -5 -2 -7 4 -13 0 -1 7 -4 6 -9 2 13 1 14 -20 -18 5 -8 -8 -2 -2 3 -4 2 -3 -6 7 8 1 6 12 8 -5 11 -1 2 -1 4 13 0 -1 -15 -2 1 1 8 6 -42 0 16 3 1 7 -4 17 -8 -4 6 -1 1 6 9 0 4 -22 -8 -8 0 3 -7 0 -2 6 10 0 7 -9 0 4 -3 2 -3 -3 3 -9 11 -7 5 0 -2 -3 -19 -4 8 -2 1 4 1 6 -5 -6 -8 -6 2 1 5 15 10 -2 9 2 0 -1 -5 8 12 4 7 4 6 0 6 4 -8 -11 -6 -20 18 1 0 1 3 0 -5 -7 10 6 -3 -2 4 -2 -5 -5 6 1 -1 -18 4 6 -8 -13 4 -4 -1 -9 -5 8 -1 8 -2 6 -15 3 3 7 -5 -3 0 2 -1 -2 -4 4 11 -2 0 8 2 -1 2 -13 -1 -3 -3 1 -13 3 4 6 9 -7 -10 9 -2 -12 6 5 2 -2 6 2 -7 -21 -8 2 7 8 -6 13 -10 2 3 8 -2 -2 2 1 -1 -3 -2 -3 7 3 -2 -8 9 1 28 1 4 -3 1 10 -5 0 0 0 4 7 0 17 1 -9 1 11 -6 14 -2 -3 -5 -10 -3 11 10 3 -1 -20 -6 -5 -1 -5 -9 7 -18 -2 -6 6 -2 -2 5 -4 -5 7 1 -5 -3 2 -7 9 0 -3 -2 -4 13 -4 4 15 7 -6 -24 -3 -2 -27 -11 -6 -6 0 -5 5 1 -4 4 16 -8 14 -1 -4 -3 -3 1 -5 5 5 -3 3 0 19 12 -2 -1 0 2 -2 -4 1 12 -1 1 5 -2 -2 -9 8
Q 2 288 0 1582 1 11 0 -1 -2 3 1 -1 -5 -14 0 -14 -2 8 -7 5 -4 17 -1 -7 2 -11 13 -7 -7 4 1 -7 -1 -4 4 10 -9 0 -3 2 -2 0 -6 2 -7 2 -3 2 6 14 6 4 -10 3 4 -6 5 -2 7 1 -9 7 -1 -1 2 5 -12 -5 -6 -5 -18 4 -2 4 2 4 0 -6 7 6 -1 4 -2 1 -4 1 3 -16 -9 0 3 1 -7 -17 1 -3 7 -3 -12 -6 5 -1 -8 -3 -14 7 23 -4 6 -2 -4 6 0 4 0 7 -3 -3 5 10 -6 -1 11 19 -1 0 2 -5 1 -1 2 -3 24 -4 -3 4 -4 7 12 7 -2 -1 3 6 -2 -4 6 -3 -3 -8 -21 12 -3 7 -2 -12 -4 1 3 -1 6 -5 5 3 6 -2 -2 -22 -4 -1 -2 4 -4 -6 -5 -10 23 2 8 -1 2 -2 4 34 -2 7 9 2 -1 2 -3 -4 -15 8 2 -8 -1 -5 7 -4 -1 4 -3 -12 0 24 10 15 3 -6 8 5 6 -5 1 1 9 2 2 -4 10 0 5 5 3 -4 -2 -9 -1 8 -5 -3 -3 6 6 8 -15 9 3 0 8 11 -17 -5 8 -3 1 7 -2 -2 -8 9 0 11 -2 8 -2 -1 -1 1 1 -2 15 -12 -5 9 1 -4 -2 3 -2 3 -2 2 -11 -5 1 -13 7 16 0 -10 23 3 9 -3 7 1 10 16 3 0 5 5 6 -5 -18 0 12 -3 -2 -1 -12 2 -1 -4 2 -7 0 0 5 2 5 -31 -4 -7 -2 7 -7 0 -1 3 -1 -1 2 -2 -2 -1 -1 14 -7 -2 6 -6 8 -1 0 3 4 -5 -19 2 1 3 9 3 8 8 -4 -4 -9 -1 0 -6 6 16 2 4 5 -1 1 -3 0 6 8 -4 6 11 6 -2 2 -5 -17 -5 -3 -13 20 6 6 8 4 5 -4 6 7 5 9 -4 0 4 3 -2 7 4 -2 -18 6 -5 -6 -6 6 0 0 -1 -4 6 -1 5 -4 -1 7 -2 7 -1 -9 -1 2 -6 -8 1 1 -11 -1 1 4 7 2 -3 -5 2 2 0 -1 0 8 -2 -2 -5 5 -1 -4 7 -5 -4 9 4 -1 -5 3 -13 0 -29 -8 6 -1 -3 -22 5 -3 2 7 -3 4 3 0 3 5 5 -12 -5 3 -6 -4 -5 7 29 3 0 3 1 1 4 -10 2 1 5 5 6 -8 9 -1 3 -2 24 2 8 10 0 -9 2 2 15 4 -1 -3 -11 -4 -2 0 20 -6 -2 -2 -2 7 0 -3 2 1 -12 -5 6 -1 -5 5 0 -11 -1 -10 -3 -2 0 12 -3 4 -2 -1 -10 -2 -2 1 -9 -4 1 -5 -2 -2 17 0 -3 -6 13 -10 15 -2 -2 1 -3 -6 2 -6 6 -2 0 -4 31 17 1 0 0 2 -2 7 0 0 -4 1 1 -5 -2 -10 8
Q 2 289 0 -3551 1 8 -1 1 -8 2 4 4 -5 -8 -3 -19 0 5 -5 -4 -6 14 -1 -13 3 -5 6 -10 0 5 -4 2 2 -10 7 6 -5 -3 1 -7 4 -2 -5 -5 -1 -3 -5 -5 3 17 -3 3 -3 -3 6 -4 3 -8 21 -3 -9 26 2 -7 5 4 -10 -5 0 -4 -19 -5 -11 2 2 0 -12 -2 3 16 2 6 -3 -1 -1 2 -3 -10 -6 -3 3 0 -3 -11 -5 -5 0 -8 1 -2 9 -7 -2 1 -8 1 24 -1 -3 -2 3 20 2 4 0 5 1 2 7 18 1 1 6 38 -9 -2 1 -3 0 3 -5 6 9 -3 -8 1 -6 10 14 3 1 3 -7 4 -2 -5 5 1 -2 1 -2 9 0 5 -6 -6 -4 -3 1 1 2 -4 -14 2 3 -4 -1 -13 -7 -7 3 3 3 -8 -9 -14 29 2 11 1 5 1 0 37 -3 -2 8 3 1 -3 -4 -8 -15 3 4 7 -1 -3 7 -6 -4 4 3 -15 0 17 14 12 9 -3 9 7 -11 -7 -1 4 18 3 -1 -12 3 4 1 2 2 -3 -3 -9 -4 14 -7 -4 1 10 15 46 -4 6 2 -4 6 0 -10 5 4 -8 -9 7 -7 -3 -9 12 -14 5 -1 12 -8 9 -7 -4 14 -1 5 -23 -25 -1 -8 -5 1 -3 1 -4 -1 -5 -8 1 5 -4 8 15 -7 -6 16 -2 6 -3 3 10 8 5 -19 -4 4 3 8 3 -29 1 15 -1 4 8 -10 21 -6 -5 7 -2 0 7 10 -1 5 -31 -8 -3 -1 5 -11 -4 1 2 12 1 2 -2 -1 6 -6 2 -5 -4 5 -5 12 -6 0 0 1 -5 -15 -4 5 1 6 3 5 -2 -8 -7 -14 -1 3 -2 6 13 -2 0 12 -1 5 4 -3 5 13 0 19 9 5 -2 8 -1 -16 -12 -2 -8 17 3 4 -8 4 -2 -3 -3 12 6 4 -3 4 4 0 -5 6 5 4 -11 5 3 -9 -12 -4 -4 4 -4 -6 8 -1 9 -6 5 -12 7 5 6 -4 -2 1 -1 -7 -3 -8 -7 2 6 2 7 11 0 -1 18 3 0 -2 0 -3 2 -2 3 9 -3 -8 11 -3 -6 6 11 0 0 4 -7 -6 -16 -9 2 4 9 0 9 0 -4 3 6 -2 4 2 -2 2 -4 0 -4 7 -3 5 -8 9 22 10 2 2 -4 -1 6 -11 3 9 -4 5 7 -2 20 4 -3 -2 14 -2 5 6 -5 -1 -2 -1 12 8 2 3 -15 -11 -6 0 4 -6 3 14 -1 -4 6 -5 1 4 0 -3 11 1 -6 0 0 -11 7 -5 -2 2 2 13 -4 4 16 12 -10 -7 -3 -5 -22 -3 -7 -3 -2 -1 1 0 -6 2 13 -12 4 0 -3 -1 -1 0 -4 7 4 -4 5 0 30 20 -1 -6 -3 -1 -5 1 -2 14 -6 0 6 -4 -1 -9 8
Q 2 304 0 -1548 -1 7 3 -1 -2 5 1 1 -6 -13 0 -13 2 5 -9 -7 -8 25 -1 -8 1 -7 13 5 -12 5 3 -8 -2 -8 5 11 -11 -1 -1 3 0 2 -8 3 0 1 -5 8 4 23 8 4 -8 1 11 -3 4 1 12 0 -3 6 2 -3 -6 5 -13 -4 -1 -5 -11 -3 -3 2 -1 3 -1 -8 7 6 2 2 -2 -1 -3 -1 -2 -12 -5 0 -3 3 -11 -14 3 0 7 -4 -2 -5 4 0 -6 -1 -23 10 22 -4 6 -2 -11 -2 -1 5 -2 3 -6 -1 4 11 -6 0 8 13 -1 4 0 -3 -3 -5 2 -1 23 -4 -3 7 -3 6 4 6 1 1 6 5 1 -7 4 -5 -4 -14 -24 19 -10 6 -4 -10 2 -2 3 -6 4 -6 0 3 5 -5 1 -17 -1 -4 -2 -5 -3 -6 -9 -1 13 5 10 -1 2 0 3 58 -4 13 10 4 -1 6 -1 -8 -12 6 -9 -10 1 -9 4 7 -2 3 -4 -20 4 23 7 6 1 -2 2 3 -1 -7 3 -2 13 -2 2 -5 5 0 13 7 -2 -3 -5 -10 -3 15 -4 -3 -7 -3 6 22 -6 10 3 -3 1 8 -15 -9 7 -3 4 5 -7 -2 -4 1 -10 7 -2 5 1 0 -6 0 2 0 28 -15 -2 12 -1 -6 -3 3 1 0 2 2 -12 3 5 -4 7 22 11 -8 20 -1 4 -1 12 2 -3 10 8 1 3 5 5 -1 -23 1 17 -3 -4 1 -13 3 -4 -4 4 -4 1 0 3 2 5 -27 -3 -12 -1 8 -2 2 -4 5 1 -1 7 -3 -2 -2 5 10 -4 -4 5 -10 9 -1 3 2 0 -4 -18 0 5 0 5 6 7 7 -5 -3 -8 -5 1 -5 4 19 5 4 5 9 -4 -8 -3 5 8 -2 -1 18 7 0 3 -1 -14 -5 -8 -18 24 4 5 13 5 2 -4 1 10 6 3 -1 1 -1 3 -2 8 1 -7 -27 8 1 -9 -10 10 -2 -8 2 -1 6 1 6 -3 1 1 -4 7 1 -12 -1 5 -1 -4 0 5 8 10 -2 3 9 -6 -3 6 -16 -8 0 -4 -2 2 1 1 4 10 -3 -1 6 -6 -10 8 0 1 -5 5 -4 -1 -36 -10 7 3 -2 -23 8 -12 4 6 -3 4 -2 -3 4 4 6 -10 -2 4 3 -6 -6 11 21 26 2 7 -4 0 5 -7 2 -3 4 7 5 -7 8 1 -3 2 21 -2 11 4 1 -13 -9 0 13 6 0 -8 -22 -2 -3 0 15 -8 4 -38 -6 5 1 2 -3 1 -10 -9 4 -3 -5 3 0 -9 -7 -5 -4 -2 -1 11 -5 4 -2 -4 -6 -15 0 1 -20 -10 -1 -7 -1 -4 22 -1 -3 -1 22 -9 22 -4 0 0 -3 -3 2 -5 2 -1 2 -3 25 9 -2 1 -1 2 -1 3 1 -1 -4 0 2 -3 -2 -10 8
Q 2 305 0 -6006 -1 5 2 2 -8 3 3 4 -5 -9 -3 -17 3 3 -6 -13 -9 20 0 -12 2 -2 7 1 -5 6 -3 1 2 -12 8 10 -7 -5 2 -5 5 1 -7 -2 4 -3 -5 2 1 25 0 4 -2 -5 14 -2 2 -4 23 -1 -3 24 4 -6 -2 4 -10 -5 3 -5 -12 -11 -10 1 -1 1 -12 -4 4 15 4 4 -3 -3 0 0 -7 -8 -4 -3 -3 2 -8 -7 -3 -2 1 -9 10 -2 7 -5 0 2 -13 5 23 -2 0 -2 -4 11 2 5 -1 2 -2 2 5 17 0 1 3 29 -8 1 1 -1 -3 -1 -3 6 12 -4 -6 4 -4 9 4 2 3 5 -4 4 2 -7 4 -1 -4 -7 -7 15 -6 4 -7 -5 1 -6 3 -4 1 -5 -16 3 4 -7 2 -11 -4 -9 3 -5 3 -8 -11 -6 20 5 13 0 4 2 -1 59 -5 5 9 5 0 3 0 -11 -13 2 -6 2 0 -7 5 5 -4 3 2 -23 3 16 12 5 7 0 4 6 -14 -9 0 2 20 -1 -2 -11 0 3 7 4 -4 -2 -6 -10 -5 22 -6 -3 -2 2 14 52 2 8 1 -5 -1 -1 -8 -1 4 -6 -4 4 -10 -3 -6 5 -23 1 -1 10 -4 8 -10 -5 14 2 17 -25 -21 3 -9 -7 -1 -2 4 -6 3 -6 -10 7 7 3 8 20 5 -4 15 -5 1 -1 8 10 -3 0 -10 -1 1 3 7 6 -32 1 18 0 2 9 -10 17 -8 -5 8 1 1 5 8 -1 5 -27 -8 -8 0 6 -5 1 -2 4 11 1 6 -4 0 4 -1 -1 -2 -6 5 -9 12 -6 2 0 -2 -4 -15 -6 7 -2 3 6 5 -1 -8 -6 -13 -5 4 -1 5 15 2 2 11 8 1 -2 -5 5 13 2 11 16 6 -1 8 2 -12 -12 -7 -13 21 1 4 0 5 -3 -4 -7 13 6 -1 -1 4 0 -1 -5 6 2 -2 -19 7 8 -10 -14 0 -5 -5 0 -3 8 -1 10 -6 5 -15 4 5 7 -7 -2 3 2 -3 -4 -4 10 14 4 1 10 2 -2 8 0 -7 0 -4 0 -8 4 2 10 12 -3 -7 11 -3 -13 5 7 1 0 5 -1 -6 -24 -11 4 8 8 -4 12 -8 -1 2 5 -1 -1 -1 -1 1 -2 -2 -2 8 5 1 -9 12 16 30 3 6 -8 -1 7 -8 3 3 -3 6 6 -2 17 5 -6 2 13 -6 7 0 -3 -7 -12 -3 10 10 3 -2 -25 -9 -6 -1 1 -7 7 -18 -4 -4 7 -1 -2 4 1 -6 8 -1 -4 0 2 -10 2 -2 -3 1 0 13 -4 4 15 8 -8 -18 -1 -4 -28 -8 -9 -6 1 -3 6 0 -6 5 20 -10 11 -3 -1 -2 -2 2 -5 5 2 -3 6 0 23 13 -2 -3 -3 0 -3 0 -1 10 -6 0 6 -3 -1 -9 8
Q 2 320 1 9937 1 -9 3 9 -11 2 2 -2 2 1 3 3 -2 8 2 -3 3 13 -6 -1 8 7 8 13 4 6 -6 6 1 -12 -3 -5 -3 2 1 3 4 -2 -4 8 -18 0 -10 -7 5 -1 -1 1 -8 -2 -3 0 4 5 -24 3 -16 -2 -6 10 -4 1 -6 -8 -7 2 -29 -25 4 6 -3 -5 3 -3 2 6 0 2 -1 -4 -1 -2 6 1 3 -5 10 6 -12 -7 10 5 -1 0 -24 -3 0 1 -9 -2 15 4 12 -4 1 2 5 10 -9 -5 31 -4 5 -2 -2 22 -2 -7 6 40 -3 7 2 -2 -6 8 -5 1 6 0 1 5 6 1 -6 4 -1 -1 1 3 -2 4 -2 3 0 -12 -8 6 -1 1 -1 3 5 -1 1 6 1 1 14 4 2 0 -5 13 1 3 0 6 -5 1 -1 -10 3 -1 -1 -2 5 1 -3 3 4 -2 -2 1 3 1 7 16 -2 6 10 13 -2 -3 7 11 -1 3 -2 19 3 -2 -12 0 6 0 -1 8 -8 2 -2 -6 10 -1 4 -2 0 6 -19 2 -5 3 2 -5 0 -16 -6 0 0 4 2 -27 -5 13 1 5 3 8 -11 -4 4 -2 6 -1 4 -1 -1 9 4 2 -2 0 -5 0 -1 -11 -6 -1 -26 14 12 16 7 -2 -2 6 -4 1 2 -1 -3 1 2 -6 11 7 -1 -8 -9 -8 7 -8 14 -8 11 -12 14 5 4 3 10 4 -14 -7 6 -1 2 6 7 -14 -1 -8 -16 -1 1 -12 -5 1 -3 -15 4 -6 1 3 -12 -3 -5 10 -7 6 3 -5 -3 -10 -1 -7 -5 5 4 2 -1 -6 3 1 -2 -2 4 4 -4 2 5 6 -2 -16 0 -3 -13 -3 2 -6 0 1 5 1 -7 -1 2 1 5 1 2 -7 5 5 -1 4 -3 -6 -13 -7 9 -3 18 -2 3 -9 0 -1 3 1 6 4 -2 2 10 -3 4 0 1 5 0 9 3 -3 -6 -2 7 3 1 4 -4 0 2 1 -2 -7 -19 1 6 -1 1 -5 2 3 1 0 -8 -13 -10 -1 -4 -1 12 0 12 2 2 5 -1 -7 12 2 -2 0 -4 -1 -8 3 1 -10 -5 -8 4 -3 6 -7 -1 -1 -4 4 -1 -8 1 -1 11 3 2 7 1 -8 -4 -1 3 0 -3 -9 1 11 -7 0 10 -17 12 -5 1 -5 4 -3 -1 -1 -3 3 -22 -8 -2 3 1 5 12 10 4 2 2 5 -6 -7 6 3 -4 -4 -1 -5 -4 3 -1 12 4 2 -30 0 8 -2 3 8 5 10 -7 3 4 0 -7 4 -10 -2 -8 -3 -1 7 -3 -4 -10 9 -5 2 23 -5 -2 -6 -9 2 -3 -7 5 6 3 -3 0 6 -4 -7 4 -16 -1 0 5 -4 2 -2 4 0 0 -9 -3 -3 -3 4 -4 2 -1 -5 -17 0 0 5 -1 2 -1 7
Q 2 321 1 27728 1 -20 6 7 -2 2 11 1 -4 8 4 4 6 0 7 -5 5 11 -5 0 2 7 9 4 2 13 -9 13 1 -5 -1 -11 -14 3 -1 5 6 7 -4 5 -21 0 -13 -7 1 -4 1 3 0 -3 3 -6 1 13 -8 2 -14 -5 -4 9 7 -2 -5 0 -7 8 -11 -15 9 6 12 5 -7 -1 -1 3 -10 3 4 -7 1 0 6 0 1 -11 4 2 -15 -2 4 -1 0 3 -17 -4 0 6 -8 -5 25 13 13 1 7 2 6 -1 -11 3 20 2 7 -5 -4 25 7 -2 1 26 -4 5 7 3 3 7 -6 1 5 -4 -1 1 2 7 -18 3 -2 9 2 9 2 -12 -5 -4 -3 -3 -18 7 -2 1 0 0 19 6 6 -2 5 1 11 0 2 -6 -9 13 -2 -7 -2 3 -4 2 -2 -12 -6 -12 -2 3 6 4 -5 -21 0 -8 2 7 4 5 6 7 7 -4 5 12 -1 -1 10 16 -5 34 0 28 2 -4 -7 -18 3 2 1 8 -3 8 3 -10 15 -15 -1 4 -3 10 -2 4 -3 -1 4 -4 -1 -15 -3 0 -1 7 4 -28 -9 14 -4 2 7 13 6 -6 3 10 6 6 17 -4 -4 11 -10 -5 0 -2 -7 -4 2 -1 0 3 -33 -2 -13 10 10 -1 -5 -3 -2 0 1 -13 1 1 -5 -1 3 5 -16 -7 -2 -4 7 -6 12 -8 1 -2 0 6 7 4 5 0 -7 -4 3 -5 -4 8 1 -11 0 -5 -14 -1 -1 -8 0 7 -1 16 1 -4 0 3 -11 -1 -4 6 9 -4 1 -8 -2 -7 10 -7 -1 7 1 3 -2 -5 8 2 -4 -6 9 5 -11 -2 0 4 -3 -14 4 -6 -13 -4 2 -2 1 -4 4 1 0 -3 5 2 6 1 2 -3 12 -1 -1 2 3 -7 3 -5 5 17 23 -2 -2 -6 0 6 7 -8 -6 4 -2 -4 13 -6 1 -1 0 6 4 7 -5 -5 -8 2 -3 -5 -6 9 2 0 -1 -2 -4 -6 -20 3 17 -3 0 -2 4 6 -5 0 -5 4 -14 6 -8 -2 2 4 17 -6 4 6 -3 2 11 2 -5 1 13 -2 -11 1 -2 -16 -3 -14 2 -3 2 -6 2 20 -5 11 -2 -4 -2 5 7 -3 3 3 0 -6 -2 0 0 2 -1 -5 -1 14 -8 -3 -2 -2 19 0 14 1 0 -5 1 -2 -4 -1 -28 1 4 -4 0 8 -1 9 9 10 1 6 -5 -6 9 -4 -4 -9 -1 4 7 -2 -2 5 -2 -2 -9 3 1 1 1 -10 2 16 -5 5 1 -6 -2 5 -11 -9 -7 -1 -6 5 -3 -1 -3 -8 -12 6 26 0 3 7 -20 6 -2 -4 -1 3 5 -4 0 6 -3 -14 9 -5 -1 -8 -1 0 4 -4 6 7 8 -6 2 -2 1 -5 -7 3 -3 -4 -14 0 -8 4 0 3 1 7
Q 2 336 1 -3576 -1 -13 2 5 -9 1 1 4 4 2 2 3 -4 7 -3 -8 1 8 -3 4 9 7 9 18 2 1 -10 7 -5 -17 0 4 -4 -1 3 6 1 2 -6 10 -13 1 -8 -2 1 -5 3 0 -10 -4 -4 0 4 0 -15 3 -11 1 -5 4 -8 0 -10 -9 -5 0 -23 -19 0 4 0 -4 5 -3 -1 3 6 2 1 -4 0 -1 6 1 -1 -4 10 4 -10 -5 10 9 -5 -1 -11 -2 4 -1 -5 -2 9 3 7 -3 0 1 7 7 -7 -3 18 -5 3 -2 0 13 -2 -5 4 16 -1 5 2 -1 -4 6 -3 2 -2 -2 0 1 10 0 -2 4 0 -3 1 2 0 4 -3 -1 -3 -10 -2 3 -1 1 -1 -15 4 0 5 3 1 -1 2 1 5 0 -2 15 0 2 0 -3 -5 1 -3 -5 -3 2 -2 -4 3 -1 -2 19 2 11 -4 1 4 -1 8 12 5 7 9 1 -1 -4 0 7 1 -8 1 3 4 -5 -7 7 8 2 -2 9 -12 2 -2 -3 -1 2 3 -4 -3 3 -15 4 -4 0 3 -8 1 -4 -4 -1 -2 3 4 -22 -2 8 5 5 5 1 -10 -1 3 -9 2 -2 4 -5 -1 8 5 9 -1 3 -1 3 -4 -1 -9 2 -9 5 16 15 10 -7 -2 3 -3 -1 -1 0 -3 -2 5 -5 12 1 5 -3 -5 -10 8 -5 14 4 14 -18 15 7 2 0 8 4 -6 -7 14 -1 2 3 5 -11 -1 -5 -9 1 0 -12 -6 3 -1 -14 6 -4 0 5 -21 0 -8 10 4 1 4 -5 -5 -15 -2 -1 -3 2 0 -4 1 -5 4 0 -1 0 1 5 -3 2 4 5 1 5 -2 -2 -8 0 6 -7 -1 9 4 4 -10 3 3 -1 5 8 2 -6 3 3 0 1 -2 -4 -13 -10 5 -6 20 -3 5 -8 1 0 2 0 0 -1 -2 -1 8 0 1 2 1 3 -2 18 4 -4 -7 -1 7 2 -4 -2 -2 1 3 3 1 -6 -11 0 6 -2 -1 -3 -1 4 0 3 -4 -5 -3 1 -3 1 12 -2 18 2 0 4 -1 -6 10 0 0 3 -11 -8 -3 1 -3 -10 -3 -8 6 -3 8 -6 1 -5 -7 6 1 -6 -9 2 -2 1 2 5 3 -7 -4 -2 1 -1 -4 -5 2 9 -6 -1 7 -13 22 -10 3 -5 2 -2 2 1 -4 1 -12 -7 -8 10 2 7 10 4 1 -1 -2 6 -4 0 5 1 -2 -4 1 -16 -8 3 3 11 5 2 -37 4 6 -3 3 5 2 11 -3 2 1 0 -6 4 -6 -9 -8 0 -1 7 6 -6 -8 17 -4 1 20 -2 -3 -13 -10 -6 -3 -6 0 6 1 0 -1 -1 -5 -6 5 -15 -3 2 5 1 6 -2 3 1 -3 -10 -8 -2 0 2 -3 2 0 -5 -9 -7 0 5 1 0 -2 7
Q 2 337 1 9093 -1 -23 2 3 0 -2 10 7 -2 13 3 5 5 2 -2 -12 3 6 -4 6 4 8 11 9 -1 5 -13 12 -5 -14 -1 -1 -17 -1 5 6 3 7 -5 6 -17 3 -13 -2 0 -10 2 0 -5 -6 4 -8 1 5 -4 3 -8 -1 -5 1 -4 1 -11 -2 -5 7 -4 -12 3 4 12 3 -1 -2 -3 2 -2 0 3 -8 3 -1 4 0 -4 -9 4 0 -11 -1 6 5 -3 3 -7 -4 6 4 -4 -6 14 10 9 4 4 2 9 -3 -7 3 11 0 6 -6 1 12 3 -2 1 5 -2 1 6 4 6 5 -7 3 -4 -3 -2 -3 8 0 -14 2 -2 5 3 8 2 -6 -4 -7 -7 -4 -9 0 -2 1 -2 -13 14 5 8 -5 3 -3 -5 -4 3 -4 -4 16 -3 -8 -1 -8 -2 2 -1 -4 -13 -7 -4 0 5 2 -4 -2 1 3 -3 5 4 3 7 6 8 0 3 -4 -2 0 2 13 -3 19 2 8 3 -6 -4 -11 4 2 3 11 -8 9 2 -6 2 -8 0 3 -7 5 0 6 -4 -3 2 -6 2 1 -1 0 -3 4 5 -19 -4 9 3 3 10 5 6 -3 2 1 2 3 14 -4 -5 13 -11 4 -1 2 -1 1 -3 11 -3 2 -12 -10 -6 7 11 -7 -5 -4 -1 -1 -2 -11 1 -1 2 -1 2 -2 -9 -5 2 -7 9 0 12 5 3 -8 1 6 4 -1 0 -2 1 -5 12 -5 -1 4 0 -7 0 -3 -6 2 -2 -6 -1 5 2 10 3 0 2 3 -21 0 -5 2 20 -7 2 -7 -4 -7 4 -1 2 1 -1 -5 -1 -4 6 -2 0 1 5 5 -10 -1 0 -1 1 7 -2 -2 -5 -1 3 -5 -2 5 3 0 -2 2 5 -1 6 5 4 -4 9 -3 -1 -5 4 -5 -3 -8 1 10 19 -3 1 -4 0 6 4 -8 -6 -4 0 -7 8 -3 -2 -1 1 2 2 18 -3 -5 -9 -1 -1 -3 -9 3 4 4 0 1 -5 -7 -11 1 15 -3 -1 -4 2 10 -3 4 2 9 -2 4 -4 1 5 0 23 -3 1 2 -4 1 9 -1 -3 6 1 -9 -6 1 -8 -16 -2 -9 6 -1 4 -10 4 19 -8 8 3 -2 -11 4 -3 -3 2 2 0 -4 -2 0 -3 0 -2 -4 -1 12 -3 -3 -5 0 29 -3 13 1 -3 -3 7 -2 -4 -1 -15 2 -6 8 2 9 0 4 3 6 -1 7 -2 2 7 -5 -4 -8 -1 -7 0 -1 2 4 2 -6 -19 9 1 2 2 -10 -2 14 -2 3 0 -3 -1 5 -4 -15 -5 2 -6 2 6 -2 -3 3 -10 6 22 0 3 -1 -19 -8 -5 -5 -3 7 2 -3 1 -1 -3 -12 10 -6 -2 -2 5 6 8 -4 1 4 2 -7 -5 -3 1 -6 -4 0 -4 -2 -10 -7 -7 2 1 4 -1 7
Q 2 352 1 7082 -1 -6 5 12 -12 3 2 -6 2 1 4 3 1 4 4 -5 2 14 -5 -1 7 6 12 12 5 2 -6 9 -1 -12 -2 -2 -3 2 -2 2 3 0 -4 6 -20 -2 -11 -11 5 1 0 2 -9 -4 -5 0 4 8 -13 4 -11 -3 -6 7 -5 1 -7 -8 -4 2 -29 -26 5 6 -4 -3 4 -5 1 5 -5 2 -2 -4 -4 0 6 0 2 -5 11 7 -10 -7 9 4 0 1 -29 -3 0 2 -8 -2 23 3 6 -6 2 2 7 4 -9 -6 24 -4 6 -3 0 14 -2 -8 3 37 -1 8 -1 -1 -5 7 -2 -1 12 0 0 4 4 4 -6 2 -2 -2 -1 6 -3 4 -2 3 1 -13 -7 5 -1 -4 0 4 4 -1 1 6 2 3 17 3 3 1 -7 4 0 4 2 9 -5 3 -4 -8 1 -2 1 -3 2 3 -2 3 4 -3 0 1 1 2 5 15 0 6 11 9 -2 -3 3 9 -3 -3 -2 6 2 -2 -10 5 4 1 -1 6 -3 3 -3 -5 14 -4 4 -2 -3 6 -20 2 -5 2 3 -9 -1 -13 -6 -1 -1 5 -1 -25 -3 14 2 3 4 4 -19 -3 3 -2 6 -1 3 -4 0 11 5 -1 -1 -1 -6 -2 3 -11 -3 0 -28 7 8 17 7 -3 0 6 -4 2 1 4 -4 3 4 -1 11 13 4 -8 -6 -5 7 -8 15 -8 10 -10 10 4 4 5 10 5 -9 -5 7 2 2 5 9 -17 -2 -4 -16 1 3 -10 -5 0 -2 -18 2 -5 1 2 -11 -1 -3 11 -12 3 5 -4 -2 -9 1 -10 -4 6 4 1 -1 -7 3 2 0 1 6 3 -4 4 4 2 -2 -10 0 -3 -8 -1 3 -4 -1 3 5 2 -10 -3 2 1 5 1 0 -6 7 6 -2 5 -4 -6 -11 -7 11 -6 19 -2 2 -8 -1 3 4 1 1 3 1 2 7 -3 4 -1 1 6 0 13 1 -4 -5 -1 0 4 -2 5 -5 1 5 1 4 -4 -18 3 6 -1 1 -3 2 3 0 -2 -9 -13 -7 -2 -7 0 8 1 14 10 3 6 -1 -8 12 1 -2 -1 -5 1 -8 4 0 -13 -5 -12 2 -3 4 -14 -3 0 -3 0 -1 -10 7 -3 7 3 3 6 1 -11 -5 -1 1 1 -2 -10 2 10 -8 2 13 -29 16 -6 4 -6 3 -2 -1 0 -2 3 -21 -6 -1 8 0 6 13 7 4 -1 4 3 -7 -2 5 3 -3 -3 0 -3 -1 4 -2 13 6 2 -33 1 8 -2 5 9 6 10 -6 1 5 0 -6 4 -9 -4 -7 -2 -3 6 -2 -5 -10 10 -7 2 19 -4 -3 -7 -12 3 -4 -8 6 6 2 -2 -2 8 -5 0 3 -13 -1 -1 4 -5 2 -1 5 -1 2 -11 -6 -2 -3 4 -4 4 4 -5 -12 -2 -1 4 -2 2 -1 7
Q 2 353 1 25073 -1 -17 9 10 -3 2 12 -4 -5 7 5 5 8 -4 8 -9 3 12 -3 2 0 6 12 4 2 10 -11 15 0 -3 0 -8 -14 3 -3 5 6 8 -3 3 -23 0 -13 -12 2 -1 3 4 -1 -6 0 -6 1 16 2 3 -9 -6 -5 6 7 -1 -7 0 -3 8 -11 -17 11 7 11 6 -6 -4 -2 2 -15 2 1 -7 -3 1 4 -2 0 -11 6 3 -13 -2 3 -3 1 5 -22 -5 0 7 -7 -4 33 12 8 0 8 2 9 -8 -11 2 13 1 8 -6 -2 16 7 -3 -1 22 -2 7 4 4 4 5 -4 -1 10 -3 -2 0 -1 10 -18 0 -3 7 1 14 1 -12 -5 -6 0 -4 -16 6 -3 -3 1 2 18 6 6 -2 5 3 14 -1 4 -5 -11 4 -2 -5 1 5 -4 3 -4 -10 -8 -14 0 2 2 6 -5 -22 0 -8 3 7 1 6 4 7 9 -3 5 8 -1 -3 5 15 -6 27 0 16 1 -4 -4 -13 3 2 2 6 3 8 2 -8 19 -19 -1 5 -8 11 -3 5 -3 -1 4 -7 -2 -12 -3 -1 -2 7 1 -26 -7 17 -3 -1 8 8 -3 -5 3 10 6 6 16 -7 -2 13 -8 -8 1 -3 -8 -6 6 -1 4 3 -35 -9 -17 11 10 -3 -3 -2 -1 1 0 -9 1 3 -4 3 2 12 -11 -7 0 -1 7 -7 14 -8 1 1 -4 6 6 6 5 1 -3 -2 2 -2 -4 8 3 -14 0 -2 -14 2 0 -7 -1 5 0 13 0 -3 0 0 -10 0 -3 6 5 -7 2 -7 0 -6 12 -11 0 8 1 3 -2 -7 7 3 -3 -4 11 3 -10 0 -2 1 -2 -8 4 -5 -9 -2 3 0 0 -3 6 1 -2 -6 4 2 5 0 -1 -2 16 0 -3 3 2 -7 6 -5 7 15 23 -3 -4 -6 -1 11 7 -8 -11 4 1 -5 10 -6 1 -3 0 8 5 11 -8 -6 -7 3 -10 -4 -9 10 0 1 2 -2 2 -3 -20 5 16 -3 -1 -1 4 7 -7 -3 -6 4 -10 6 -12 -1 -2 6 19 2 5 7 -3 1 11 2 -5 1 11 -1 -11 2 -2 -18 -3 -17 0 -3 0 -15 -1 22 -3 7 -2 -6 5 2 3 -3 3 3 1 -9 -2 -1 -1 3 0 -6 0 13 -8 0 2 -15 23 -1 17 -1 -1 -5 0 -1 -2 0 -25 2 6 0 -1 9 0 6 9 7 3 3 -7 -1 8 -4 -3 -8 0 7 9 -3 -3 8 0 0 -13 4 2 0 2 -9 3 14 -5 4 1 -7 -1 6 -9 -11 -6 0 -8 5 -2 0 -3 -8 -14 5 21 2 2 5 -25 8 -3 -5 0 4 4 -3 -2 8 -4 -7 8 -2 -1 -8 -2 -2 4 -2 6 6 9 -8 -2 -1 1 -5 -6 6 3 -4 -8 -2 -8 3 -1 4 1 7
Q 2 368 1 -6352 1 -10 3 7 -10 2 1 0 5 2 3 3 -1 4 -2 -9 -1 8 -3 3 7 6 12 17 3 -3 -10 8 -6 -17 1 5 -4 -1 1 5 1 3 -5 8 -15 0 -10 -6 2 -3 4 1 -11 -6 -6 -1 4 2 -6 4 -7 0 -5 1 -8 1 -11 -8 -3 0 -23 -20 2 4 -1 -3 6 -5 -1 2 3 1 -1 -4 -2 0 5 0 -2 -4 12 4 -9 -4 10 8 -4 1 -16 -2 3 0 -4 -1 18 3 3 -5 0 1 8 2 -6 -3 13 -6 3 -3 2 6 -2 -5 2 13 0 6 0 0 -3 5 -1 1 3 -2 -1 0 8 2 -2 2 -1 -4 0 5 -1 4 -3 -2 -2 -10 -1 3 -1 -2 0 -14 3 1 5 3 2 1 5 0 7 2 -3 8 0 3 1 0 -4 2 -5 -3 -5 2 -1 -5 0 0 -1 19 1 10 -2 2 3 0 7 11 7 8 10 -2 0 -4 -4 6 -1 -12 1 -9 3 -5 -5 12 7 2 -2 7 -7 2 -2 -3 2 -2 3 -3 -5 3 -16 4 -4 0 3 -11 0 -1 -3 -2 -3 4 1 -21 0 9 6 3 6 -4 -18 -1 2 -9 2 -3 3 -8 0 9 6 6 1 2 -1 1 0 -1 -6 3 -10 -1 12 15 10 -8 0 4 -3 0 -2 5 -4 -1 7 -1 11 7 9 -4 -3 -7 6 -5 14 4 13 -16 11 6 2 2 7 5 -3 -5 13 1 2 2 7 -13 -1 -2 -9 3 1 -11 -6 2 0 -17 5 -3 0 3 -20 1 -6 11 0 -2 5 -4 -4 -14 0 -5 -2 3 -1 -5 1 -7 3 0 0 3 3 4 -3 3 3 2 2 10 -2 -2 -4 2 6 -5 -2 10 3 4 -13 2 2 -1 5 8 0 -6 5 4 -1 2 -2 -3 -11 -10 7 -7 20 -3 4 -6 0 3 2 0 -4 -2 1 -1 6 0 0 2 2 4 -1 21 2 -5 -6 -1 0 3 -8 -1 -2 2 6 3 5 -4 -11 1 5 -2 -1 -1 -1 5 -1 1 -5 -6 -2 0 -5 2 9 -1 19 9 1 5 0 -6 10 -1 0 2 -11 -7 -4 3 -4 -13 -3 -11 5 -4 6 -12 -2 -3 -6 3 2 -7 -4 0 -5 1 2 4 5 -10 -5 -1 -1 0 -5 -6 3 9 -7 1 10 -23 26 -11 5 -6 1 -1 2 2 -2 2 -11 -5 -6 14 2 8 11 1 1 -4 0 4 -5 3 4 1 -1 -4 1 -13 -6 3 2 13 7 3 -40 5 6 -3 4 6 3 11 -3 1 2 -1 -6 5 -5 -10 -7 1 -3 7 6 -6 -7 18 -6 1 16 -1 -4 -13 -12 -5 -3 -6 2 6 0 1 -3 1 -6 0 4 -13 -4 1 5 -1 6 -1 3 0 -2 -13 -11 -2 0 2 -2 4 4 -5 -5 -8 0 5 0 1 -3 7
Q 2 369 1 6723 1 -20 4 4 -2 -2 10 2 -2 13 4 6 7 -2 0 -15 2 6 -3 7 2 7 15 9 0 2 -14 13 -5 -13 0 1 -16 -2 2 5 3 8 -3 4 -18 2 -15 -6 1 -7 4 2 -6 -8 2 -8 1 7 6 4 -3 -2 -6 -1 -3 1 -14 -2 -2 7 -5 -14 5 5 12 3 0 -5 -4 1 -6 0 1 -7 0 0 2 -2 -4 -9 6 1 -10 0 6 4 -2 5 -11 -4 6 5 -2 -5 23 11 5 3 3 2 12 -9 -7 3 5 -1 6 -7 3 4 3 -3 -2 1 0 3 3 5 7 3 -5 2 1 -3 -2 -4 5 2 -14 -1 -3 4 2 10 2 -6 -4 -7 -5 -3 -8 -1 -2 -2 -1 -12 13 6 8 -5 4 -1 -2 -4 5 -3 -6 9 -3 -6 1 -6 -1 4 -3 -1 -15 -8 -2 -1 1 3 -3 -3 1 3 -1 5 2 4 4 6 9 0 4 -7 -2 -1 -3 12 -4 14 3 -3 2 -7 -2 -6 3 2 3 9 -3 9 2 -6 6 -12 0 4 -11 6 -2 5 -3 -3 2 -9 1 4 -1 -1 -3 4 2 -17 -2 11 4 1 12 1 -2 -3 2 1 2 4 13 -8 -2 14 -9 1 0 1 -2 0 1 11 1 2 -13 -16 -10 8 10 -9 -3 -3 0 0 -2 -7 0 0 4 3 2 4 -4 -6 3 -4 8 -1 13 6 3 -5 -4 6 3 2 0 0 5 -2 11 -2 -2 4 3 -9 1 0 -5 5 -1 -5 -2 3 3 8 2 1 1 0 -20 2 -4 3 15 -10 3 -5 -3 -7 6 -4 3 2 -2 -5 -1 -7 6 -1 1 3 7 4 -9 1 -1 -4 2 12 -1 -1 1 2 5 -3 -3 5 4 1 -5 0 4 -1 6 5 1 -3 11 -2 -3 -4 2 -4 1 -9 3 9 20 -3 0 -3 -1 10 5 -7 -10 -4 2 -8 6 -3 -3 -3 1 3 3 21 -5 -6 -8 0 -9 -3 -12 3 3 5 2 0 0 -4 -12 3 13 -3 -1 -2 3 11 -4 2 0 8 0 3 -7 2 2 2 25 5 2 3 -4 0 9 -1 -2 6 0 -9 -6 2 -8 -20 -2 -12 4 -1 2 -17 1 21 -7 5 3 -4 -5 2 -7 -4 1 2 1 -8 -2 -1 -4 1 -2 -6 0 12 -4 -1 -1 -12 32 -5 16 -1 -4 -2 7 -1 -2 -2 -13 4 -3 12 2 11 1 1 3 3 0 4 -3 6 7 -4 -3 -7 -1 -5 2 -3 1 7 4 -4 -22 10 2 2 3 -9 0 13 -2 2 0 -4 -1 7 -2 -17 -5 3 -7 2 7 -2 -2 3 -13 5 17 2 2 -3 -23 -6 -5 -6 -2 8 1 -2 -1 2 -4 -5 8 -3 -3 -2 4 4 8 -2 2 4 3 -9 -7 -2 1 -6 -3 3 1 -1 -6 -9 -6 3 0 5 -1 7
L 3 129 0 35 -1 -2 0 -9 0 5 1 -2 0 0 1 0 5 5 2 -2 0 -9 0 2 1 1 -1 -2 2 -1 -2 -9 4 -3 -2 -1 -2 -2 1 -2 3 -1 0 3 0 3 6 2 -3 2 1 -2 0 3 1 1 -3 14 -12 -5 3 -4 1 -2 1 1 -4 -2 1 -1 -3 -2 2 0 0 1 6 1 6 2 -1 -2 -4 -3 1 2 3 3 0 0 -2 -3 5 -3 1 3 -4 -2 13 1 0 -2 1 2 -6 -2 -4 2 -4 -3 6 0 1 -4 -1 3 -2 -3 -3 3 0 3 2 3 0 0 4 2 2 -3 2 0 3 0 1 3 2 4 6 -2 4 3 2 1 -1 -1 3 0 -3 0 6 2 -3 -3 -3 -1 0 3 4 -1 -1 2 -5 -1 -3 0 3 -5 3 -4 -2 -16 -3 3 0 -9 4 -4 -2 -6 -2 -2 -2 0 -1 2 1 0 -5 2 3 6 -12 -2 -1 -1 0 1 2 -3 0 -13 0 -5 -1 -2 1 -6 2 2 -5 4 -3 -2 0 1 -5 3 1 -2 -2 2 -5 -1 1 0 1 -1 -1 0 -2 -2 0 -3 8 15 3 1 2 0 -4 1 7 -2 1 0 0 0 -2 0 4 -1 9 2 4 0 1 -1 -3 -3 9 -3 -9 9 -5 -1 2 -4 -1 1 0 -1 -1 -1 1 7 -4 8 2 7 5 -1 -4 -5 -1 -1 2 1 -8 -5 4 0 1 0 3 0 8 -2 6 -3 8 -3 -6 -8 -2 -1 -1 0 0 -6 3 0 1 -21 1 0 0 1 9 -1 2 -1 -1 -2 4 2 -1 -4 5 4 0 2 -3 -2 -2 0 -1 2 0 3 3 -4 3 -5 3 4 0 -1 1 0 0 3 -1 1 -2 -2 -4 0 3 3 -2 -1 4 5 0 -2 6 8 1 -7 -2 1 4 -5 0 5 -3 1 0 5 2 -3 0 -1 -14 0 0 -4 3 1 -2 0 -1 -1 0 -2 -2 1 -1 0 5 5 3 -8 2 2 4 3 11 -4 -6 0 -6 1 2 2 1 2 -1 2 -3 7 7 0 -6 1 0 -3 1 7 2 2 1 2 -3 2 2 -5 2 -4 -1 1 2 -5 -3 2 1 0 0 4 -3 12 -2 -1 4 2 5 2 -3 1 -3 1 0 1 0 1 -2 3 1 3 1 5 2 0 16 -3 -7 -2 1 -3 4 -1 0 -4 1 1 3 -2 1 1 2 -2 1 7 -3 11 2 3 2 8 3 -4 -3 1 0 -7 -2 2 -5 -2 -2 -3 -8 0 0 2 1 1 -2 5 1 2 -5 1 -5 -1 -2 0 0 3 1 -2 1 2 0 -1 -3 4 -5 0 -2 0 -11 0 3 1 -2 3 2 -1 -1 -3 3 4 0 -3 1 1 -4 4 4 0 0 2 -2 2 -3 0 -2 1 1 -2 -5 0 -2 1 1 -5 4 3 -2 -8
L 3 130 0 17 -1 -6 -2 -1 5 0 -1 -2 -1 1 0 5 1 5 2 -6 0 0 -1 4 3 3 -2 -6 1 -5 4 -6 4 6 -7 2 -3 -2 -1 -3 -1 0 -1 -2 4 0 5 -4 1 5 0 2 5 4 0 0 -2 -7 16 -2 5 7 0 -1 3 0 -2 3 3 -2 -8 -2 -1 -4 1 -3 -3 -1 2 -1 3 0 -2 1 2 0 2 3 -3 1 -1 -2 5 6 6 1 -7 1 9 -1 -1 2 2 1 -5 -4 -1 2 1 -3 15 -4 -5 -5 -13 2 -4 1 -1 2 1 1 4 -21 0 0 -1 -1 1 0 1 4 -4 1 1 2 5 3 -6 0 5 0 3 -2 1 7 1 2 1 0 15 -1 -1 -3 -3 -5 5 -2 -1 1 0 3 -1 -3 -3 -4 6 11 2 -1 -1 -12 -5 0 -3 -1 8 -2 -2 -3 -3 -1 -2 3 -2 7 0 0 -2 3 7 3 0 -7 2 -1 3 0 3 -4 1 6 -4 18 0 -2 -3 -2 1 3 0 3 -4 1 3 3 -7 -1 0 2 -2 -1 0 0 3 1 1 0 -3 -3 -1 -1 -5 -7 2 7 4 -2 3 1 3 -1 6 3 2 7 -1 0 -5 -2 4 -3 12 -1 6 0 2 2 -3 -8 3 -1 18 0 0 -3 3 -2 0 -1 -3 0 3 2 0 9 -1 -3 2 3 3 4 6 -1 9 3 -2 -4 -8 -1 -2 -5 0 -2 2 -1 -4 0 0 -5 1 -2 -15 -5 -3 0 1 3 -1 -2 -1 3 -2 -9 3 1 1 -2 13 1 3 2 8 -4 4 -3 0 2 3 -3 1 1 -5 -2 -1 0 2 3 -3 6 -6 1 2 -2 3 -2 4 1 2 2 -7 -6 0 0 -1 2 7 1 0 4 2 -1 -4 1 -1 0 -1 -6 2 -4 3 2 2 0 -1 -8 2 -1 1 -4 0 -3 -1 -3 -6 -1 -1 -3 -1 5 -2 -1 3 0 0 7 -3 2 -1 0 2 0 -8 5 1 1 -4 -3 7 -8 5 1 -4 -2 1 3 -1 0 0 1 -2 -6 -2 1 -3 -4 5 -4 0 13 -2 2 0 1 -4 -2 -2 -1 -11 7 -4 0 0 6 -4 5 3 1 4 -1 1 12 -2 -3 3 0 -2 1 -4 5 1 -1 -1 3 2 1 -1 -3 -1 5 0 1 -1 0 -8 7 -17 0 5 -1 2 -3 -1 0 -4 2 18 -1 0 -3 -4 -1 -3 5 3 -2 3 0 8 3 -1 -4 -6 3 -1 -3 -1 5 -4 -3 -1 0 -17 2 -3 1 -3 1 -1 5 0 -1 -1 1 3 -3 -1 -12 2 3 2 10 -3 4 2 -4 -5 4 -27 0 1 -6 11 -5 -1 -3 0 9 3 0 2 -11 1 -2 -1 0 1 -2 -1 1 -1 -1 0 4 -5 4 -6 -2 2 0 4 -1 -2 -2 -3 -6 1 1 1 0 -3 -8
L 3 131 0 16 -1 -13 -3 0 -2 -4 -1 2 -1 -3 -1 4 -8 -3 0 0 -4 10 1 -1 0 -2 -2 -1 -3 -5 10 5 -6 11 3 -2 -4 3 -1 4 -2 2 -2 -3 0 -4 -10 -5 1 -5 -1 6 -3 0 9 0 0 -13 12 1 -5 3 -1 -1 -3 0 4 1 2 2 5 1 1 -3 -1 -1 -4 1 -4 0 3 2 5 4 2 0 -2 -7 0 -1 5 1 -2 2 4 -3 4 0 -11 -2 -1 1 1 -4 -1 1 4 -2 1 -2 4 -1 -2 7 1 -4 1 2 4 0 1 -5 -2 1 0 -1 -3 -3 -2 3 -1 2 -8 1 -2 -3 1 -5 -1 3 -2 -3 -4 -1 4 2 -2 -2 0 -2 2 -4 0 2 5 0 3 -6 -3 5 1 -4 2 0 2 1 -1 21 0 6 0 13 2 -5 -2 7 0 3 1 5 5 1 0 1 -1 0 -1 1 4 -3 -3 -2 8 -1 1 1 -2 0 -4 2 1 15 1 14 1 1 1 6 0 -2 2 -1 -1 4 -1 -1 5 -6 0 1 2 -3 6 -1 -3 -1 -3 0 1 7 5 1 3 5 -10 -5 -1 -2 0 3 7 -2 -13 -3 -2 -6 1 1 2 2 -2 0 -6 -2 0 -3 -1 1 -1 3 -11 2 18 -22 1 0 2 5 1 -2 0 3 -2 4 -2 -5 3 -10 -2 -6 -6 1 4 5 8 -1 -2 5 10 2 -3 2 -1 2 -3 0 -10 4 -9 3 -3 3 1 8 2 4 1 0 -1 4 -4 1 3 23 3 0 -3 0 -5 -1 -1 2 0 4 -7 -5 -1 -2 -6 -2 -4 -4 6 -1 2 -3 0 -3 -3 -2 0 3 -4 3 -4 -4 -1 -3 3 -1 -2 -6 1 -5 3 5 4 0 -3 -4 0 0 0 -8 0 1 -8 -2 -1 8 2 -1 -1 5 5 -9 5 -1 -1 -4 -2 1 -1 0 11 2 1 3 -3 1 3 -1 2 1 -3 11 2 -2 -4 -2 -3 -4 -11 5 -3 -4 -4 -3 -8 -2 5 5 7 2 -1 1 1 -3 0 -1 0 -9 -5 6 5 -1 -3 -2 -4 7 -3 -2 -2 -1 0 -4 -1 0 -11 5 2 -2 -2 3 6 -3 0 -4 1 -3 -2 -11 0 0 -7 -1 -8 1 0 0 3 -2 1 -2 0 -2 1 -1 -1 -4 -2 -3 3 -2 -27 -1 6 1 -7 7 -5 1 3 4 0 0 -8 1 0 3 0 5 -2 0 2 -3 0 -3 1 -10 -5 1 0 -2 -2 -1 3 -1 7 5 -3 5 2 3 3 -2 -1 -3 1 -3 2 1 -1 -2 2 1 4 -15 -2 1 -3 8 1 -1 2 -1 3 -5 1 -2 -2 -11 13 5 -4 -4 3 0 -1 -1 2 3 0 -3 -2 2 0 -5 1 -3 -1 -2 1 -2 3 -7 -2 -1 4 -1 -2 3 4 2 -1 1 0 4 -3 -4 3 -8
L 3 132 0 47 -1 3 0 3 8 4 0 -3 -1 3 1 1 5 3 2 -8 3 -8 1 2 2 6 0 2 3 1 -2 -7 4 -4 -2 -1 2 -1 1 -4 2 -3 1 1 2 1 10 2 -2 3 3 -1 3 2 -14 -3 -2 4 -5 -3 4 -8 0 2 5 1 -6 -2 2 -3 -2 1 3 -2 2 1 3 -1 4 1 -2 -3 -6 -1 1 -2 3 8 1 -1 -6 -2 5 -1 1 0 -5 1 5 0 2 -3 1 3 -7 0 -1 2 -3 -1 11 -6 0 -7 -7 3 -3 -1 -2 -1 0 3 3 -2 -2 0 1 0 -1 -1 0 1 18 3 -1 1 1 4 -6 0 4 3 2 0 0 -2 1 -2 0 -1 12 5 -3 -2 -5 -8 0 2 6 -3 0 4 -5 -2 -3 -4 3 -13 -3 -4 0 -10 -3 2 1 -3 0 -4 -2 -5 -3 0 -1 2 -2 9 -1 1 -3 2 4 2 -12 -2 -1 -1 3 0 2 -6 -1 -9 0 3 0 -4 0 -7 3 3 -3 1 4 -1 0 5 -1 3 -1 -2 -3 2 0 -1 -1 3 0 1 -3 -8 -1 -1 -3 -6 11 -1 3 0 4 0 -5 -1 0 5 -1 -2 -2 -1 -4 -2 2 0 7 2 4 0 0 -2 0 -8 4 -3 -16 9 -4 -1 2 -3 -2 1 2 -5 2 0 3 5 -3 4 3 4 7 3 0 -4 3 2 0 -2 -14 -5 6 -1 1 0 -1 -3 2 -2 9 -3 4 -2 -7 -8 -2 1 -2 1 1 -3 2 -1 -2 -20 0 1 0 -1 13 2 1 1 8 -4 5 3 -1 -5 2 -1 4 3 -2 -3 -1 3 0 2 -3 4 -3 -2 7 -5 4 1 3 2 1 0 -2 3 0 1 0 0 -4 -2 -2 5 1 -1 -2 4 2 1 2 0 1 -4 0 4 7 -1 -7 5 -4 1 1 4 -2 0 2 -4 -14 -2 -3 -2 3 0 -4 3 1 -1 -1 -4 -3 -1 2 2 0 3 -1 1 0 3 2 1 15 -4 1 -2 -6 -1 3 3 0 3 -2 0 -5 10 6 -2 -5 1 7 1 0 -12 0 3 3 3 0 0 1 -7 6 2 -3 2 1 -2 -6 7 2 0 1 5 -2 14 -1 -1 6 2 7 0 -4 0 -4 2 -3 3 -2 2 -1 3 -1 5 2 5 -6 -1 12 5 -11 -1 11 -2 5 -2 -2 -4 0 1 3 1 0 -3 -3 2 -1 5 -2 5 1 2 0 5 3 -3 -2 5 0 1 -3 2 -8 -2 -1 -2 -9 -2 -4 1 0 3 -2 5 0 2 -1 2 -2 0 -3 4 1 0 5 -2 2 3 -2 -2 -5 5 -11 1 3 7 -1 -5 0 2 -1 1 1 2 1 -2 2 10 2 -5 1 1 -1 4 1 1 1 3 -5 -2 1 -2 1 0 2 -1 -2 0 -1 -3 1 -3 1 5 -1 -8
L 3 133 0 39 -1 10 1 -1 -2 4 -2 -4 0 3 0 2 4 3 4 -5 4 -2 -2 1 1 4 -2 0 4 0 -9 -9 5 4 -4 -2 3 -2 1 -5 -1 -2 0 1 4 2 10 3 -2 3 1 -1 1 3 -14 -2 -1 3 -8 -2 5 -3 0 5 7 0 2 -1 1 -2 -3 -4 -1 1 0 2 3 -1 2 3 -6 -3 -4 -1 1 0 1 7 1 1 -4 -2 5 0 -2 -1 -4 1 9 -1 0 -1 3 5 -1 -2 -7 3 0 -3 4 -4 2 -7 -3 4 -2 -3 -3 -7 -1 4 4 9 0 1 1 1 -2 -1 3 2 7 2 0 3 2 1 0 -1 6 1 6 1 1 2 2 -1 -3 1 6 4 -4 -5 -3 5 2 1 1 -5 -1 4 -4 -1 -2 -3 0 -8 1 -5 0 -14 -1 4 -1 -4 2 -6 -1 -6 -4 -1 0 6 1 -4 2 1 -3 3 4 2 -8 -2 2 -3 1 1 3 -3 -2 -4 -4 -12 -1 -4 0 -11 1 2 -2 -1 4 -1 -1 -1 -2 2 -2 -2 -3 3 5 1 4 0 1 1 -2 -6 -1 0 -5 -10 12 0 2 -1 2 -3 -2 -1 11 3 2 4 -2 0 -5 0 4 -2 9 3 3 0 -1 -1 0 -10 15 -4 -7 10 0 -2 1 -4 -2 2 4 -1 -1 1 1 4 -2 7 5 6 8 1 -3 -4 -1 1 2 -8 -8 -4 4 -4 0 -3 1 2 10 -3 9 -3 2 2 -3 -9 -1 -2 -1 2 -1 -5 2 2 -2 -23 -3 -1 0 -3 15 1 1 -2 5 -2 3 3 -1 -3 4 -7 5 1 -5 -3 -1 5 -1 3 -1 3 -2 -3 4 -4 4 3 2 3 -1 -1 -7 2 0 5 -3 -3 -5 1 2 3 -1 0 2 5 -1 0 6 0 -2 -5 -1 0 3 0 -8 8 -4 -1 -1 8 2 -3 0 0 -6 -3 1 -3 4 0 -3 -1 0 -1 -1 -5 -3 2 1 -1 -3 1 6 -5 2 2 1 -2 8 -7 -3 -2 -9 -3 1 1 1 6 0 -3 -6 2 4 -3 -5 3 3 0 2 1 -1 2 1 1 -5 5 2 1 8 2 -1 3 2 -3 -8 10 2 3 -1 1 -1 12 -2 -1 2 -1 7 2 0 0 -5 1 -1 0 2 1 -4 3 4 3 0 3 -4 0 18 16 -8 -1 10 -4 5 -3 -2 -3 -1 1 5 1 2 -6 -1 -1 1 2 1 5 0 3 0 9 7 -4 -2 1 0 1 -3 3 -5 -5 2 -2 -12 -3 -2 3 2 4 1 -1 0 3 -3 -1 -2 0 -2 12 2 1 5 -5 3 2 -2 -3 -5 4 -1 2 1 7 -6 -5 -1 2 -2 4 4 3 2 -9 -2 2 1 -2 -3 1 0 2 1 -1 1 2 -3 7 -7 -1 2 2 1 -2 -6 -2 1 -3 -1 -3 4 2 0 -8
L 3 134 0 23 -1 5 1 0 -1 1 -2 -3 1 0 -1 3 5 5 2 -3 2 -3 -3 5 2 2 -1 -5 2 -4 -3 -8 5 3 -7 2 1 -3 -2 -5 -2 0 0 -2 5 2 5 -3 0 6 1 0 0 2 -7 0 -1 -2 6 1 1 6 2 0 4 1 1 4 -1 -2 -8 -2 -3 -1 0 -2 -1 -2 2 1 0 1 -2 -1 0 0 1 6 -1 0 -1 -2 5 5 3 0 -6 2 12 0 -2 2 2 3 0 -3 -7 4 4 -3 3 -1 -2 -4 -8 2 -1 0 0 1 1 3 6 -26 1 1 -1 -1 2 -1 2 4 -3 -1 1 3 3 0 -4 -1 4 0 5 -2 1 3 0 5 2 2 4 -2 -2 -4 -3 2 3 -1 -2 -1 0 3 -1 -1 0 -2 5 4 1 -4 -1 -6 -1 2 -2 -2 4 -4 -1 -2 -4 0 -1 4 -1 -6 3 -1 -1 5 4 1 -4 -7 2 2 3 0 4 -4 -1 2 -5 -1 0 1 -4 -7 -1 2 1 -1 1 -1 1 0 -5 0 -2 2 -2 0 3 3 6 -1 1 -1 -2 -4 -2 -2 -9 -12 6 1 2 -1 -1 -1 1 -5 16 4 2 8 -2 0 -5 -2 2 -2 11 -1 4 0 0 3 -2 -8 14 -3 14 7 2 -3 -1 -2 2 1 0 1 2 2 1 6 -1 -1 3 5 2 2 1 -2 3 3 1 -7 -7 -1 -1 -6 2 -2 3 3 13 0 6 -3 0 -1 -1 -7 -1 -3 0 3 -1 -4 0 3 -3 -2 -1 -1 2 -4 8 2 3 3 6 -2 2 -2 -1 6 6 -4 3 2 -5 -3 1 3 0 2 0 3 -7 2 1 -2 2 0 4 6 0 4 -5 -5 0 4 -2 1 4 3 0 4 2 0 -4 2 -1 0 2 -5 -1 -4 1 0 -4 2 -8 -3 -1 -2 1 4 1 -6 -2 0 0 -1 0 0 0 1 -1 -3 1 0 0 -4 -3 2 3 -1 -2 -1 -9 -1 3 2 -1 -5 5 -6 4 -2 -4 -4 -1 2 -2 7 2 -3 -4 -3 -3 -3 -1 -1 -1 -2 0 5 -3 1 0 1 -5 0 -2 6 2 4 -2 2 2 1 -7 12 0 3 2 -4 3 10 -3 0 3 -2 6 -1 -1 6 -2 0 2 5 5 3 -3 -3 2 4 -2 -1 -3 1 9 10 -6 1 6 -3 1 -3 -4 0 -5 4 14 -1 0 -6 -2 -4 -1 -1 5 -2 1 0 1 8 2 -2 -5 1 -2 -1 0 6 -6 -3 2 0 -15 -1 -1 2 -1 2 0 1 -2 0 -1 -1 4 -3 -2 4 1 1 4 5 -2 4 1 0 -8 3 -10 1 0 -1 -1 -4 -2 -1 -1 9 4 2 2 -12 -1 -4 -1 -2 -2 1 2 0 0 -1 0 3 -5 4 -4 0 1 2 1 -2 -4 -4 5 -7 0 0 5 -1 -2 -8
L 3 135 0 51 1 8 1 9 -2 -4 0 0 -2 2 -2 1 -4 -8 1 -1 0 10 1 -5 -2 3 0 8 -1 5 -4 6 -2 4 3 -2 4 2 2 3 -4 -1 0 0 -1 -2 -5 2 2 -2 -2 0 1 -3 -7 -2 2 -12 2 0 0 0 -3 2 2 0 4 0 0 3 9 -1 0 2 1 2 -5 0 -5 0 -7 -2 3 2 0 -4 -3 -2 1 0 -1 3 -4 -1 -6 -4 7 1 -7 0 3 -2 1 0 5 4 2 -2 0 5 -5 1 3 1 6 -3 2 1 0 -10 2 -1 -3 20 -1 0 -3 -1 -5 4 -1 -1 2 2 0 -4 -3 -2 -7 1 -2 -3 -2 2 0 -2 -3 -5 0 -2 1 3 1 2 5 -2 -1 -2 -3 -2 1 -2 5 -1 1 0 -8 1 -4 3 2 7 3 -1 -1 7 -12 3 1 1 1 -1 1 6 2 -1 -1 1 4 -5 -5 -6 12 5 1 -1 0 -2 -2 4 -1 7 0 -4 1 -2 3 8 0 -2 2 -5 1 3 -2 -2 12 0 0 0 0 1 7 -1 -3 1 -1 3 1 -4 1 4 2 4 -1 -16 -3 0 0 -2 -1 -2 -16 1 0 1 2 0 2 1 -3 1 -8 1 -5 -1 -3 -2 5 3 -10 3 -8 -8 2 2 0 2 0 -3 4 -1 -1 1 -1 -5 4 -2 0 -9 -2 2 6 4 -2 0 -1 -2 12 7 -1 0 -1 -1 -3 2 -9 0 -4 3 -7 5 4 5 0 2 0 0 -1 6 -2 0 0 6 -1 1 -1 -2 -3 -3 -4 -1 -3 2 -4 0 0 1 -5 -6 4 -3 3 4 -1 4 0 -2 0 -1 -2 1 -1 4 -1 0 -1 -3 -4 -2 -5 3 2 0 1 -2 -2 -3 -2 -2 0 2 0 -3 2 1 -2 -3 -2 4 -2 -1 1 6 0 2 4 0 -3 -3 0 3 2 1 3 -2 -1 4 -2 1 1 1 0 -2 -2 -8 1 0 1 1 -5 -3 10 6 -2 -3 -1 -3 -7 5 3 1 4 -1 -1 -2 0 -2 0 -2 1 -3 3 3 1 1 2 4 2 -10 -3 1 0 -1 4 2 1 1 5 0 3 0 -3 2 2 -9 0 -2 -2 -1 2 -10 3 -1 -5 -1 -2 0 5 -4 2 -1 -1 -7 -3 -1 2 2 1 -5 1 -3 -3 -2 -4 -1 8 1 -2 -1 -1 1 0 4 2 -5 -8 4 3 -1 0 3 0 -10 -1 -10 -4 0 -4 -6 -1 2 6 -1 2 8 -1 -3 5 -2 1 0 4 -1 0 -3 1 -1 2 -5 -2 -1 4 0 2 3 3 12 -1 -3 0 -3 1 -3 -4 -2 1 -3 10 1 2 5 6 -3 -1 2 2 -6 -1 2 2 8 -3 6 -1 1 -1 -1 4 -3 -3 -1 -2 -3 3 -4 4 -1 4 0 -1 2 5 2 -4 2 -4 3 -5 -2 2 8
L 3 136 0 19 -1 -7 0 -6 2 2 0 -1 2 -2 0 1 5 7 0 -1 -2 -9 0 7 2 -1 0 -7 0 -5 3 -8 4 -5 -5 3 -4 -2 -2 -2 2 1 1 0 2 2 3 -4 -1 6 1 0 0 3 7 3 -3 8 2 -1 0 5 3 -7 -2 1 -5 2 0 -2 -8 0 -2 -2 0 -4 3 -1 5 0 5 1 -2 -2 0 2 2 2 -2 0 0 -3 4 1 6 4 -6 -1 15 1 -2 2 0 0 -5 -3 -3 2 1 -3 5 3 -4 -1 -6 1 -2 0 -1 10 1 2 4 -31 0 0 2 0 5 -2 2 3 -6 -3 1 3 2 2 2 -3 3 1 3 -2 -1 0 2 6 2 2 3 -4 0 -1 -4 -5 1 1 1 2 -1 1 -3 -1 -2 0 8 7 3 -3 -2 -7 -2 2 -1 -7 8 -3 -2 -1 -2 -1 -2 -2 -3 1 1 -1 -3 5 3 3 -8 -7 -1 2 1 1 3 -5 1 -7 -2 4 1 3 -2 -4 0 3 -1 4 -5 -2 1 2 -8 1 1 2 -1 -1 -7 1 4 -2 1 -3 -1 3 -4 -4 -4 -5 2 15 3 1 -2 2 0 -2 13 0 1 4 -1 1 -2 -1 3 0 10 -2 5 0 2 3 -4 -1 7 -2 12 6 -3 -2 0 -2 2 1 -4 2 2 -1 0 9 -4 1 1 7 -1 0 0 -4 4 1 0 2 -8 -4 -1 -2 2 0 4 0 10 1 2 -3 5 -5 -4 -7 -1 -2 1 1 0 -4 1 2 0 0 2 0 2 0 4 0 5 3 0 -3 4 -3 0 5 6 6 -2 4 -4 -3 0 -2 0 1 0 3 -1 0 0 -2 2 1 3 3 1 4 1 -4 -1 0 -1 2 4 3 1 4 1 -1 -2 3 0 -1 1 4 2 -5 1 0 -2 -3 0 -5 -2 0 3 0 1 -6 -2 -2 -7 1 0 -1 0 2 -1 -2 1 0 1 0 -2 2 0 0 4 2 -12 -3 3 3 0 0 7 -3 0 0 -1 0 1 3 -1 4 2 2 -2 2 0 0 -1 -2 -3 -4 0 10 0 1 0 2 -4 -3 -1 0 -4 -1 -3 0 2 -1 -2 4 0 1 3 0 0 10 -2 1 5 0 3 0 -4 6 -1 -1 2 6 2 3 -1 -3 0 3 -1 1 2 1 8 -7 -4 0 -2 -1 0 -2 -2 -1 -2 5 12 -4 0 1 1 -5 -1 4 1 5 3 0 4 8 -1 -3 -6 2 -1 -8 0 5 -4 0 -1 -1 -10 1 0 2 -2 -2 -2 8 0 -1 -3 0 0 -4 -2 -9 0 3 0 8 -5 3 4 3 -6 3 -13 -1 -2 -8 -5 1 1 -2 -1 7 1 -2 -1 -7 4 -2 -1 -2 2 1 -2 2 3 0 0 4 -5 0 0 0 -4 0 1 -2 -3 -2 2 -4 1 -2 4 1 -4 -8
L 3 137 0 10 1 -6 -3 0 9 1 -1 0 -2 0 -1 1 4 6 -2 2 -1 -5 -3 5 2 -4 -3 -8 0 -3 4 -3 1 1 -6 1 -2 -5 -2 -5 3 2 -2 -4 -1 3 2 3 1 0 1 1 1 7 -6 -6 -1 16 -6 -2 2 3 1 1 -2 -2 -2 -1 3 -4 -16 -5 -1 -6 0 -1 2 -2 -2 -1 8 1 -3 4 -1 4 1 5 -2 0 -2 -4 5 9 3 2 -7 1 -11 -1 -4 2 -3 -3 -2 -1 -1 0 4 -5 6 -3 -4 -1 -11 3 0 -2 2 3 -1 2 5 -27 1 0 -1 -1 4 -4 1 4 9 0 0 5 4 1 7 0 5 4 3 -1 2 7 1 2 -1 3 -4 -4 1 -2 -4 1 2 2 3 -1 -2 3 -6 -4 3 -3 5 4 4 -1 -1 6 1 -1 1 -3 6 -8 2 1 1 1 -1 5 -5 -3 3 -1 -3 2 5 3 -15 -2 -2 2 4 3 1 -5 -2 2 -1 10 0 -2 -6 -11 2 2 -3 0 12 1 4 3 -7 -3 -2 1 -1 2 2 -2 3 0 0 -1 -3 1 -2 -2 -3 -5 6 8 3 -6 -2 2 2 -1 12 3 1 0 -6 1 -2 1 1 0 0 0 6 -3 5 4 -6 -8 7 -2 13 1 3 -1 2 -1 0 1 -1 1 1 -4 0 -5 -2 0 2 7 2 -4 -1 -3 3 2 1 -2 -12 -7 2 -3 -3 2 -1 -3 2 -1 -3 -3 3 0 -1 -8 4 -1 4 2 1 -5 3 1 -1 -2 1 2 0 -1 15 4 3 2 9 -3 2 3 0 3 1 -1 -3 1 -1 -5 1 1 3 0 -3 3 0 1 3 -2 0 -2 -3 1 6 0 3 -5 -1 2 1 4 6 1 -2 2 1 -3 -3 2 -1 -2 -2 4 4 -4 4 5 4 -5 -5 -1 -8 -1 2 13 -1 4 2 2 11 1 -1 -8 6 -1 -4 -3 1 2 0 8 -4 0 1 2 -10 -2 -5 -6 -1 4 -1 -1 12 -4 -1 -3 -4 -3 1 2 0 1 -2 2 -6 3 -7 -5 0 0 3 -1 1 4 2 1 0 3 -3 -1 -5 10 -8 4 -2 -1 2 -1 -8 16 1 1 0 1 -2 13 -3 1 6 3 -9 -1 -3 3 -3 2 1 7 1 3 -1 1 1 7 0 -2 0 0 -7 17 -14 -3 14 4 -1 -5 -2 -4 -6 6 5 0 -1 -4 -2 3 -3 11 1 11 4 1 -1 3 1 1 -5 1 -4 -12 1 2 -7 -4 0 1 -8 3 0 1 -1 3 4 1 2 5 -3 0 -1 -4 -1 -14 3 -2 2 -1 2 3 5 -3 -4 1 -7 1 2 -2 5 -6 -4 -1 -1 5 2 1 0 -10 -2 -10 4 -1 0 -1 1 6 1 0 0 2 -3 6 -7 2 -1 0 -1 -1 -5 -5 9 -7 9 -2 3 -3 -4 8
L 3 138 0 9 1 -7 0 -2 3 -4 0 3 1 -1 3 -2 -2 -2 -4 5 -1 4 2 -1 -1 -3 0 0 -1 -1 10 6 -10 6 6 -2 -1 5 1 2 2 3 -1 -1 -1 -3 -10 -2 3 -7 -2 2 -4 0 3 -1 5 -6 0 3 -5 -5 1 4 -5 -1 2 1 -1 1 4 7 2 2 -1 -1 2 0 -4 0 7 1 5 4 -3 1 0 -7 3 0 7 0 -5 -3 1 -1 1 -1 -19 -2 -4 2 -2 -5 1 3 4 -1 0 0 -6 -1 0 10 8 -4 3 2 5 6 -3 -3 -2 13 1 0 0 -1 -2 2 -1 -1 3 -1 -3 -2 -4 -4 9 1 -3 0 -4 0 1 -1 -1 1 0 2 -8 0 0 2 3 7 -3 -1 -2 6 0 -5 3 3 4 2 -2 3 0 7 1 19 2 -5 1 7 9 2 2 5 5 4 2 -7 1 -3 -2 0 3 -1 -2 -2 -2 3 2 -4 -2 -1 -2 5 -3 5 5 -2 0 4 -1 -2 -3 -3 -1 -3 7 1 -2 -2 8 -2 -1 0 4 -2 1 2 -3 0 -2 -2 1 7 5 3 4 7 -14 -24 -3 3 -3 -1 6 5 -8 -1 -3 -10 2 0 4 1 -2 2 -10 -2 -3 1 -2 0 1 4 -8 1 2 -9 2 1 0 7 2 3 1 4 -2 0 0 -6 1 -8 -5 -2 -9 -1 -6 5 -1 -4 2 2 2 -1 -1 4 -2 2 -5 -2 7 1 -7 3 -4 -1 9 4 5 -1 0 -1 2 1 -2 0 3 24 -1 -3 -2 1 -16 2 -1 1 -7 5 -6 -2 2 -3 -1 1 -7 -4 6 -1 3 -6 0 -2 2 -5 2 2 -2 2 -5 -4 -3 -4 1 0 12 0 0 -3 1 3 1 2 -3 -5 -1 1 2 -5 0 2 -7 -2 -2 7 -1 -2 -5 3 7 -2 3 0 0 2 -2 5 -1 4 17 4 0 1 0 -2 5 0 -3 4 3 15 4 -4 -1 -2 -4 -2 -15 -6 0 -2 -3 0 -13 -3 -3 0 5 1 -2 -1 -1 -6 1 0 2 4 -8 -1 6 1 4 3 0 -6 0 -4 -2 -3 1 -3 -1 -1 -4 2 2 -2 -1 -4 5 3 -1 -4 -2 -5 -2 -13 -2 2 -5 -2 -3 -3 -1 -4 -1 -1 2 0 1 -4 3 -3 -3 -5 -3 0 4 1 -19 -8 12 2 -5 5 -7 2 4 -2 2 0 -11 0 -3 6 2 0 2 -1 1 5 -1 -3 -1 -8 -2 6 3 -3 -2 2 5 -5 5 7 0 4 22 1 6 -1 -2 -2 3 -6 2 -1 0 0 1 1 0 -11 -1 -3 -3 -1 1 -1 1 0 5 -5 11 -1 -2 -8 2 9 -3 -3 0 -2 -3 -2 -1 4 2 -9 -3 2 -1 -2 0 -2 -2 0 0 -3 3 -7 -2 3 -1 0 -3 2 3 0 6 5 3 2 -2 -3 3 8
L 3 139 0 27 -1 4 2 -3 -1 1 1 -1 1 -3 0 2 2 6 -2 -6 2 -2 0 4 2 3 3 -4 1 -1 1 -4 7 -5 -6 5 1 -3 -5 -1 -3 -1 2 2 5 1 10 -2 -1 6 1 0 7 -1 2 5 -1 -9 20 0 2 7 2 -2 3 1 -4 3 -1 -2 -5 4 -3 -2 1 -4 0 1 6 -1 1 2 -4 -4 2 -2 4 4 -3 0 -3 0 3 3 4 1 -4 0 22 3 0 3 2 3 -4 -3 -2 2 0 1 6 1 -3 -6 -10 2 -3 1 -4 3 -1 2 1 -19 2 0 2 1 3 0 2 1 -10 -2 0 2 4 3 -12 0 1 -2 2 -3 -2 4 2 5 5 0 9 2 2 -1 -3 -4 3 1 -1 1 0 4 3 1 -4 0 6 -5 1 -3 1 -18 -3 5 -1 -2 10 0 -1 -3 -4 0 0 -9 1 8 -2 -3 0 6 7 1 5 -8 4 1 2 -1 5 -2 5 -4 -3 6 0 4 -1 0 0 3 5 5 -8 -3 4 5 -14 3 -1 2 -2 -1 -6 1 5 -2 1 -2 -1 -4 -3 -4 -4 -8 0 9 4 4 3 2 -2 1 14 5 3 9 1 0 -4 -6 4 -1 14 1 2 3 2 0 -1 -3 7 -1 9 16 -1 -2 -2 -4 0 0 -4 -1 4 3 1 14 -2 0 1 2 6 3 3 0 4 3 -3 0 -8 -2 -1 -3 3 -3 5 -1 4 0 9 -3 3 -1 -11 -2 -5 0 -2 2 0 -1 -1 1 -4 -14 1 -1 5 0 -2 2 3 1 5 -5 5 -1 0 3 6 2 3 4 -7 0 -2 -2 0 5 1 4 -8 1 1 -2 5 0 7 8 -1 4 -3 -3 -1 3 -3 0 4 2 4 3 5 2 -5 4 -1 1 3 -11 3 -5 1 -2 -7 -3 1 -12 -1 -3 2 -9 -1 -7 -3 -2 -18 -2 -2 -1 -3 1 -2 0 3 0 3 1 -1 1 2 -1 12 1 -7 6 2 2 -2 0 0 -4 5 0 -4 -2 1 1 -4 3 1 -1 3 -2 2 -1 -2 -5 1 -2 -2 7 1 1 1 0 -3 -3 1 -7 -3 3 -6 1 1 5 -3 -1 1 4 4 -1 3 6 -3 0 3 0 10 0 -2 5 2 -1 -1 3 2 2 -1 -7 -2 5 0 3 -6 2 9 -6 -10 0 -1 -3 3 0 -2 2 -3 0 21 -4 -4 -2 -3 -7 -2 -5 1 -11 1 -1 9 7 1 -4 -3 2 1 2 0 6 -3 0 1 0 -1 -1 -4 3 -2 -1 -6 7 -2 -5 3 1 5 -4 2 -1 1 4 3 6 -5 3 -1 3 -1 6 -26 -1 1 4 -1 -1 3 -3 0 11 3 1 1 -11 2 0 1 1 1 2 0 -1 -1 -1 1 4 -7 5 -2 -1 0 1 5 -3 1 -2 -4 -4 -4 -3 3 3 0 -8
L 3 140 0 60 1 7 1 -6 3 5 0 -2 0 5 -1 4 2 1 7 -11 1 -4 3 1 1 4 -1 1 0 1 -6 -10 8 7 -5 1 2 -3 2 -3 2 -5 1 5 3 0 13 -2 -5 6 1 -2 7 -2 -6 3 -3 -5 -3 -4 8 2 -1 -3 6 4 -2 2 2 1 3 -5 0 -4 -1 0 1 0 5 0 -10 -2 -2 -3 3 -3 6 7 1 2 -6 1 5 0 -3 3 -3 2 17 3 2 -3 7 7 -2 -3 -3 2 -5 2 11 -3 2 -8 -11 1 -4 -1 -7 -5 1 4 4 -4 -3 0 1 3 1 1 3 -1 -1 1 2 1 3 5 -8 -5 4 -1 3 -1 2 0 2 -1 3 -5 18 6 -4 -4 -3 -8 4 0 3 -6 2 4 3 -4 -4 -4 4 -2 -2 -5 -1 -24 -5 7 -1 -3 -8 0 -3 -7 -4 -4 -1 0 4 12 0 2 -3 1 3 6 0 -8 1 0 2 1 3 -5 4 -11 -4 0 -1 0 2 -3 1 2 -1 2 -11 -2 -1 2 -4 2 -1 0 -6 1 2 1 6 0 2 3 -1 -6 -4 0 -7 -6 11 10 5 -2 4 0 -6 -10 8 5 2 1 0 0 -6 -3 3 -2 16 -1 6 -1 1 0 1 -6 1 1 -6 8 -2 -1 0 -6 0 -4 -1 -4 4 2 4 17 -1 5 1 4 7 3 10 -2 3 4 0 3 -10 1 10 -4 1 -3 4 2 0 -1 9 -4 4 2 -12 -8 -8 -1 -4 1 -1 -4 1 3 -3 -14 0 -1 0 -5 12 -2 4 3 6 -2 6 -3 -2 -1 3 1 8 4 -6 -2 -2 2 0 2 -1 6 -3 -2 4 -5 5 3 8 -1 0 1 -6 1 3 6 -2 -3 -3 0 0 4 4 2 0 5 5 1 10 2 1 -8 -2 0 4 1 -6 -3 -1 1 0 -2 0 -8 0 -6 -19 0 -1 2 0 5 -4 0 4 -4 0 -8 -3 4 2 1 5 1 0 1 3 2 4 0 15 -4 7 0 -7 3 2 3 2 9 1 1 0 -5 8 4 -8 -2 2 -2 -6 4 -2 4 2 2 -1 1 3 -9 5 4 -1 2 2 1 -5 -1 1 2 2 -1 -1 11 3 -2 5 -3 14 5 -1 1 0 1 -1 -2 -1 3 -4 -1 2 6 3 7 -5 -1 13 -3 -14 -2 -3 -5 6 1 -4 0 -2 2 11 -4 0 -6 -3 0 -2 -1 0 0 0 1 3 12 4 -5 -5 5 3 -6 -5 7 -3 -1 2 -1 -19 0 -3 3 0 1 -4 7 -3 -3 0 2 2 0 1 5 1 4 4 11 -2 3 -1 1 -10 9 -16 0 2 0 0 -6 2 -2 0 3 1 3 2 -4 0 16 0 -1 0 3 0 1 4 1 0 3 -6 6 0 -3 1 0 4 -2 -5 3 -3 -1 -7 1 4 3 1 8
L 3 141 0 4 1 -8 -1 0 -5 4 0 -2 1 -2 3 -2 5 7 2 1 5 -9 -4 5 5 4 0 -4 5 -5 -2 -5 3 -7 -3 4 -3 -5 -2 -4 0 0 0 -3 3 3 5 -1 1 -2 4 1 -2 1 2 -3 -4 3 9 3 -2 -4 1 -4 1 1 -1 -1 -3 -3 -3 8 -2 -4 3 -2 3 -1 4 1 7 0 -5 -2 2 4 0 5 -7 -1 1 -1 4 5 6 -2 -8 -1 10 -2 -1 0 0 1 -3 -2 -5 2 2 -5 5 -4 -2 -3 -2 4 -3 0 3 7 1 1 4 -17 2 3 -2 0 4 -1 -1 4 0 -1 -1 2 1 1 -3 3 3 3 3 0 1 7 0 3 1 3 5 -3 -2 -3 -2 4 1 -2 2 1 -2 7 -9 2 -1 -1 3 -6 1 -3 2 -4 0 -3 0 -4 16 -2 -2 -2 -4 1 -1 0 -3 -2 3 -3 0 7 4 1 -8 -3 0 4 1 -1 3 -11 0 9 -2 13 1 0 -1 -5 0 4 4 4 -3 -3 1 3 -11 5 0 2 -2 1 -5 2 -1 1 -1 -4 -4 -1 1 -4 -4 -7 -1 24 -2 2 2 5 4 3 12 -1 -2 3 -5 2 -2 0 3 -2 8 6 0 3 1 -1 -4 -15 19 -5 3 4 -5 -1 0 -3 -1 5 -2 -2 2 1 -2 4 -2 -2 3 9 10 1 -12 -4 7 2 0 0 -10 -2 -7 -2 4 0 7 -4 4 0 7 -3 1 -3 -13 1 2 2 0 -4 -1 -1 1 0 -4 -14 -2 0 2 1 12 2 2 1 15 -4 2 1 -3 -6 2 -4 -2 4 -2 -2 0 -3 -2 1 -1 4 1 -1 4 -2 5 -3 3 12 2 0 -8 -3 0 0 -1 6 4 1 0 4 -2 -2 -3 -1 -4 2 -4 -2 0 -4 4 1 -3 -5 -3 0 -4 -2 -2 -2 0 -2 -3 -2 -10 -5 0 -4 1 -3 -3 0 1 3 3 6 -3 -1 -1 -2 2 0 -8 7 0 6 -1 -1 5 -4 1 -1 -4 -3 3 2 -2 -4 -1 -1 -6 3 1 -7 1 0 -7 -4 -5 5 2 -2 -1 2 -5 0 -3 -11 3 0 -7 3 3 3 -1 15 1 5 4 5 -1 11 -5 -1 3 3 6 0 -6 5 -4 2 1 6 2 0 -3 0 0 9 -2 1 0 -1 8 19 -6 -2 10 -1 1 -4 -2 -4 -2 3 5 3 -3 -2 -2 -1 -3 8 1 1 3 -2 3 -2 4 -3 -5 -1 -3 4 4 3 -4 -2 1 -2 -10 -2 -3 0 -1 3 -4 4 3 4 -3 -4 -4 -2 -3 3 1 2 3 -3 -2 5 1 2 -1 0 -6 -2 -1 9 -3 1 2 0 -1 6 6 -1 0 -16 0 -5 6 -3 -3 0 0 2 -1 0 2 3 -3 0 -3 0 0 1 1 -3 -4 -2 -1 -2 3 -1 3 -1 0 8
L 3 142 0 45 -1 4 0 1 -1 4 1 -4 0 1 1 -2 6 3 0 -1 1 -4 -2 1 0 2 -2 2 2 3 -6 -5 4 -8 -3 -1 2 -2 0 -3 0 1 0 -1 2 1 5 4 0 7 2 -1 4 3 -8 -3 -1 10 -1 -4 5 -3 1 4 3 -1 0 -3 2 -2 -3 -4 1 1 0 1 2 -1 3 2 -2 -3 -5 -3 0 0 2 5 -1 0 -3 -3 3 0 -2 1 -7 0 13 1 0 -2 0 2 -8 -2 0 1 0 -2 3 -2 -2 -5 -1 3 -2 -3 -3 0 -1 1 1 7 1 0 0 0 1 -2 2 2 8 3 0 4 2 4 -1 1 3 3 3 -1 -2 3 3 0 -3 0 3 3 -2 -2 -4 0 -1 5 3 -1 -3 2 -5 -2 -4 -4 1 -8 0 -6 0 -13 -3 2 1 -4 4 -5 0 -4 -3 -2 1 12 0 2 1 -1 -4 1 5 1 -8 0 0 -2 3 1 3 -2 -1 -6 -2 -5 1 -5 1 -9 2 3 -2 1 6 -1 1 1 -4 2 1 -2 -2 1 0 -1 1 1 3 -1 -2 -2 -2 -1 0 -5 11 3 2 0 4 -1 -4 7 -1 3 2 7 -2 0 -4 -1 4 -1 5 3 1 1 2 -3 -3 -5 5 -4 -11 11 -1 -2 3 -2 -4 1 3 -3 2 -1 0 1 -2 7 4 2 4 0 -4 -3 -4 -1 -1 -6 -5 -1 -4 -1 -1 -2 -1 -3 3 -3 7 -4 4 -2 -7 -7 0 -2 -1 2 1 0 2 0 -1 -28 0 2 2 0 10 1 -2 -3 2 -2 4 5 0 0 5 -1 3 1 -3 1 -1 4 -1 4 0 2 -4 -3 2 -4 3 4 0 1 0 -3 -2 3 -1 0 -2 -3 -3 -2 5 5 -1 0 -1 6 -1 -3 2 -4 2 -6 0 5 4 -5 -5 4 -5 1 -1 0 2 -1 1 0 -11 -1 1 -5 4 2 -1 1 -1 -2 0 -2 -3 0 -1 1 5 4 12 1 -1 2 1 1 6 -2 -9 -1 -5 -2 2 0 0 -1 -2 1 -5 9 7 -3 -3 1 3 0 12 1 2 2 3 3 -1 3 1 3 0 1 -2 0 0 -1 -4 0 1 1 0 10 1 12 -1 -1 4 3 -5 2 0 1 -3 2 -1 -1 -2 -1 -2 4 0 3 1 4 -1 1 17 6 -9 -2 9 -2 5 -1 0 -2 2 -2 6 -1 3 -1 -1 0 3 4 -4 2 1 3 2 7 4 -4 0 2 0 1 -1 2 -6 -4 0 -4 -6 -1 -2 1 1 1 0 2 1 4 0 1 -3 0 -3 6 1 2 2 -9 1 1 -3 -4 -1 4 -8 1 0 4 -6 -3 1 3 -1 1 3 1 -2 -5 1 -6 -1 -2 0 0 -1 2 -1 1 0 2 -2 4 -4 0 0 2 0 -2 -3 0 -2 -4 1 -7 2 4 -1 -8
L 3 143 0 33 -1 -1 -2 -2 4 4 -1 -4 -2 4 1 4 1 3 4 -7 2 0 0 0 3 4 -3 0 3 -1 -1 -8 4 7 -4 -1 0 -2 2 -4 -1 -2 -1 1 3 1 9 1 -1 3 0 0 6 4 -6 -3 -2 -1 3 -5 8 -1 -1 3 6 0 -2 -1 5 -1 -3 -4 3 -2 1 1 -1 0 3 1 -3 -4 -3 0 3 0 2 4 -1 2 -4 -3 4 0 2 0 -5 0 7 0 1 -2 3 3 -8 -2 -1 1 -3 -2 18 -9 -1 -7 -8 4 -4 -2 -3 -6 0 1 2 13 -1 1 2 0 -2 0 2 2 5 4 0 3 4 4 -2 1 7 1 3 0 2 5 2 -4 -3 -2 16 5 -4 -4 -2 -2 4 0 3 -3 0 3 -3 -3 -5 -5 1 -1 1 -1 0 -20 -5 1 -2 -3 5 -3 -2 -8 -2 -2 -1 5 0 9 0 1 -4 1 7 4 -4 -3 1 -4 2 1 1 -2 0 1 -3 8 -1 -6 1 -6 2 2 -4 2 -1 1 0 2 -4 2 0 -2 -3 1 2 -2 1 2 1 2 -3 -5 0 1 -1 -4 9 6 4 -2 6 0 -1 2 1 1 1 3 -1 0 -5 0 5 -3 10 3 4 -1 1 -2 -1 -10 4 -2 -3 4 -1 -2 4 -4 -3 0 1 -2 1 1 1 7 -2 4 3 5 8 3 1 -3 5 1 -1 -6 -8 -3 3 -3 -2 -3 0 -1 -7 -3 3 -4 4 0 -16 -7 -3 1 -1 2 -1 -3 1 1 -1 -30 1 2 -1 -1 18 -1 1 -2 8 -4 4 2 0 -6 1 -5 3 0 -5 -2 -3 2 1 3 -4 6 -3 -3 3 -4 4 1 2 -3 1 -2 -9 1 0 1 -1 -1 -2 -2 1 3 -2 -1 1 4 -1 -1 3 -1 1 -5 0 3 9 -3 -2 3 0 -1 -2 0 1 1 0 -4 -13 -2 -1 -5 3 4 -3 1 1 -1 -1 6 -4 1 -2 1 2 3 7 2 -1 1 -1 0 12 -8 -1 1 -8 -1 2 2 1 -2 -2 1 -5 -1 5 2 -7 0 8 -2 2 9 -1 4 1 1 -4 3 1 -6 -5 4 -3 1 0 1 -5 3 5 0 1 3 -2 14 -1 -4 2 2 0 3 -3 0 -2 0 -4 -2 -1 0 -2 2 0 5 2 5 -1 -1 1 13 -19 -2 10 -2 5 -2 1 -3 -1 -1 9 2 2 -3 -2 2 -1 9 -1 5 1 4 7 3 2 -5 -3 4 1 -2 -3 3 -3 -4 -1 -2 -14 1 -3 2 -1 3 -1 3 2 3 -3 1 -2 0 -1 -4 2 2 4 0 2 2 -1 -7 -2 5 -18 1 1 2 4 -6 0 1 0 4 3 1 2 -8 0 3 1 -1 1 -2 -2 3 0 -1 0 3 -3 5 -8 -2 3 0 4 0 -3 1 -7 -2 0 -3 0 3 -1 -8
L 3 144 0 13 1 -4 0 -2 2 -2 0 5 1 0 0 -1 -6 -3 -1 3 0 4 1 -2 0 -3 1 -3 -1 -3 6 6 -7 8 6 0 -1 2 0 2 2 -1 -1 0 -3 -1 -2 -3 0 -12 -1 1 -4 -2 7 1 3 -6 -4 5 -5 -3 -1 0 -3 0 2 1 -2 0 2 5 0 -1 -1 1 1 2 -2 -2 4 2 4 3 -1 2 -1 -4 2 0 4 3 -3 -1 2 -1 6 0 -22 -2 -1 2 -1 -3 7 2 1 -1 -1 1 -3 -2 3 6 3 -1 2 2 4 -1 -1 -2 -2 4 -1 0 1 1 -2 1 -3 -3 -5 -3 -2 -4 -3 -5 7 1 -4 -2 -4 2 3 -1 -2 0 1 0 -8 -2 2 2 3 6 1 -3 -1 0 2 -1 3 3 5 4 -1 1 1 6 1 14 3 -4 2 4 2 5 1 4 4 4 0 -15 1 -1 0 2 3 -1 -3 1 4 2 0 1 -3 -1 -3 2 1 6 3 4 -3 3 -1 5 -3 -4 2 -1 -1 0 -1 -1 1 -2 -2 1 3 -2 -1 1 -2 0 -3 1 2 3 4 1 2 7 -12 -3 -2 -1 -2 1 6 -2 4 -3 -2 -13 0 0 5 2 -4 1 -8 -1 -2 -1 -2 2 2 2 -3 3 6 -8 2 2 -3 2 2 1 -2 2 -2 0 1 -5 3 -6 -5 1 -1 -1 -2 3 3 -1 2 6 1 -2 5 3 -1 3 0 1 -5 2 -5 4 -2 2 6 8 1 3 0 -4 1 -2 -1 -1 1 22 -1 -3 -2 1 -10 1 2 0 2 3 -5 -2 1 -5 -6 1 -5 -2 4 -2 2 -6 2 -3 0 -4 7 3 -1 3 -4 -4 -1 -1 2 1 6 -2 1 0 2 4 2 1 -5 -7 0 -1 3 -6 -1 3 -2 4 -2 7 1 -4 -2 2 6 -1 3 -1 0 3 -3 5 -1 0 14 2 -1 1 -1 -4 1 0 0 3 1 10 3 -2 0 -1 -5 -3 -10 -4 0 -1 -1 2 -7 1 5 0 3 3 -2 -1 0 -1 0 -1 4 -7 -10 0 3 0 -2 1 -13 -1 1 -4 -3 -4 1 -2 -2 -3 -1 0 2 -1 1 0 4 4 0 0 -1 -8 -2 -11 0 2 -4 -3 3 -2 -3 -3 1 0 1 1 3 -1 1 -3 -1 -1 -1 -2 2 -1 -20 3 5 0 -4 4 -4 2 2 -1 -1 2 -11 1 -5 1 0 2 -3 2 4 3 0 -2 -1 -9 -2 5 0 -2 -1 -1 3 -4 5 6 1 4 14 1 2 0 0 0 0 -4 1 -2 -1 -1 1 1 2 -9 0 -2 -2 5 2 -1 3 3 4 -4 11 -1 0 -1 5 3 -1 -4 -1 -4 -3 0 0 3 -2 3 4 2 -2 0 1 -1 2 1 2 -3 4 0 0 1 0 -2 -1 2 2 0 3 5 1 5 -2 -3 3 8
L 3 145 0 62 1 9 1 -6 -8 4 0 -4 -1 -1 -1 3 2 4 4 -1 0 5 -4 2 0 1 1 0 1 2 -9 -11 9 2 -6 2 1 -3 -1 -3 -2 0 1 1 5 0 10 0 -3 9 -1 -2 7 1 1 4 -3 1 2 -6 11 8 -1 0 3 1 2 1 1 1 0 -10 0 0 -2 0 -2 -1 6 1 -7 -1 -3 -4 3 0 3 2 -3 3 -4 0 4 0 0 1 -2 -1 28 2 1 -3 4 4 -5 -5 -3 2 -1 0 3 3 -1 -7 -5 2 -4 -3 -6 -8 1 2 1 6 0 1 3 3 -2 -1 2 0 -10 2 2 5 6 0 -3 -1 5 0 3 -2 0 3 4 -1 -1 -3 7 2 -2 -4 -1 -2 3 2 -1 -4 -1 3 1 -2 -7 -2 2 3 1 -6 -2 -28 -5 8 -2 -5 -2 -2 0 -8 -4 -2 -1 4 4 0 -1 -1 -4 1 6 2 7 -6 -1 -2 3 1 3 0 1 -6 -6 -8 1 -4 3 -1 -1 2 0 3 -7 0 0 1 -7 1 1 -1 -3 1 -2 0 6 -3 1 4 0 -2 -5 0 0 -8 11 15 3 1 3 -1 -6 1 8 2 6 15 2 0 -6 -2 5 1 13 4 2 2 1 -3 -1 -2 7 -2 6 11 4 -2 -1 -6 -4 -2 0 -1 2 3 1 9 -4 10 4 1 7 2 6 -2 -5 1 -3 -6 0 0 2 -4 0 -7 3 1 0 -3 7 -4 4 1 -5 -6 -5 -3 -3 6 -2 -1 2 2 -2 -28 2 1 1 -1 10 -1 1 -1 -4 -2 6 0 0 3 5 -3 9 1 -7 1 -2 5 0 5 1 5 -4 -4 -2 -4 4 5 4 0 -1 -2 -11 -1 2 4 -3 -7 -1 -1 7 3 1 -1 0 8 1 -1 10 1 1 -9 0 -2 5 0 2 -1 -4 1 0 -2 4 -10 0 -2 -15 -4 2 0 -1 7 -1 -1 1 -5 -1 -11 -3 4 -1 -1 9 2 15 1 2 0 3 1 4 -3 -4 1 -8 0 3 1 2 6 0 -1 -1 -6 8 3 -8 -2 -2 -3 6 19 -2 4 1 1 -4 3 2 3 -1 0 0 1 0 2 -5 -7 2 2 1 3 4 10 -1 -2 1 2 1 4 1 2 2 -2 -2 -4 0 2 -4 0 2 4 0 3 0 -1 20 -1 -10 -1 -1 -4 6 3 -1 4 -1 -1 18 -3 2 -3 0 -6 3 -3 0 -2 1 6 3 13 3 -4 -2 3 2 -6 -5 6 -2 -7 1 -5 -14 -1 -2 4 1 -2 -2 2 -1 -3 -1 2 -1 -1 0 5 2 4 2 1 -1 -1 -1 -2 -1 6 -14 2 0 1 -5 -7 3 1 -1 4 2 1 0 -6 1 0 -3 1 1 2 -2 1 1 1 -1 1 -3 10 -6 -3 0 0 6 -2 -2 0 -5 -6 -3 -3 3 3 -2 8
L 3 146 0 22 -1 -1 1 -2 -5 -4 0 3 1 -1 -1 -3 -4 -2 2 5 0 6 -2 0 1 -2 2 -2 -2 1 0 5 -4 9 5 0 2 -1 1 -3 0 2 0 -2 -2 0 -10 -2 1 -3 -1 2 -5 -6 6 1 3 -8 -2 4 -7 4 -2 -3 -8 1 5 3 -5 3 9 4 -2 1 -4 -3 0 -1 -4 1 -4 2 7 -1 -2 2 -4 -3 0 1 5 2 -4 1 -2 -2 4 0 -8 0 -3 -1 1 -2 12 2 -4 -2 5 2 -15 6 -1 7 7 -4 4 -1 1 0 -2 -1 -2 -5 1 0 -3 -1 2 1 -2 -1 -4 -3 -2 -1 -2 -7 4 0 -3 -1 -2 1 -1 -3 -4 5 4 1 -12 -2 2 1 3 7 0 -4 -7 1 1 1 5 4 8 1 -4 11 1 8 0 19 6 -5 2 11 -2 2 3 7 1 4 0 -3 1 -16 0 -1 3 0 -4 -3 4 1 -1 3 0 2 -2 0 0 13 1 -6 1 6 -5 2 -5 -2 4 -2 -1 2 -1 -3 8 -1 0 4 1 -1 6 0 -1 -2 -1 3 3 2 2 0 -1 -2 -6 -13 -6 1 -5 1 4 -6 3 1 -4 -4 -1 0 1 1 -3 -2 -8 0 -4 -1 -3 1 3 2 -1 2 11 -13 3 0 -6 5 4 0 -1 4 -1 2 -1 -10 4 -6 -3 -8 -6 -3 0 3 -3 -1 -1 0 8 6 1 1 -1 0 -2 3 10 1 -7 5 -8 0 15 8 2 0 2 1 1 0 -2 2 -1 29 -1 -1 -1 -4 -11 0 -1 3 -2 5 -5 -3 -1 4 -3 -3 0 -2 4 1 4 -4 0 -5 0 -4 1 5 -4 4 -7 -4 0 -1 0 3 0 -2 3 1 0 -1 1 3 -6 -4 1 0 0 -4 2 2 -1 2 -3 5 2 -5 -5 5 -1 0 1 -1 -2 3 -2 -1 -3 5 17 0 -1 7 -4 -1 5 -2 -3 2 -2 -1 2 -2 0 -3 -9 -5 -11 0 2 0 1 -5 -17 1 3 -4 4 -1 -1 3 3 6 1 -1 1 -5 -7 -1 3 0 -11 1 -3 -4 -2 -2 -3 -1 -1 -2 -2 3 5 2 4 2 2 0 6 8 -1 2 -1 -5 3 -12 -1 1 -2 0 1 1 3 1 -2 0 3 1 2 1 -3 -4 5 -2 -2 -5 4 -3 -9 3 18 -1 -2 2 -3 2 0 3 -1 -1 -8 0 -2 -4 0 1 2 -9 2 -3 -1 -6 -7 -6 0 4 0 -5 -1 1 4 -1 3 3 3 1 3 -1 3 -4 3 -2 3 -5 -1 -1 2 -3 2 1 2 7 2 -3 -5 3 0 -2 3 0 0 -5 19 -1 -2 -1 -1 0 -2 0 3 -5 0 -1 1 -3 -3 -8 -3 2 -5 -1 5 -6 -3 0 -2 -6 3 -4 3 1 0 2 -3 3 0 -1 7 3 -1 4 -1 -7 2 -8
L 3 147 0 30 -1 -8 -2 5 7 -6 -1 3 0 -2 -1 -2 -3 -4 -2 0 -2 -6 4 -1 0 0 0 2 -4 -4 9 8 -6 -2 5 -2 -2 3 1 2 0 0 0 0 -1 -1 -11 -3 1 -3 2 2 -6 -3 1 -1 1 -7 3 4 -10 -3 1 -5 -4 1 -4 1 0 0 3 8 0 -2 1 -2 0 1 -5 0 3 1 4 2 -2 -1 -2 -3 3 -4 4 1 -4 -1 1 -1 2 1 -16 -1 -1 2 -1 -3 5 5 2 -3 1 2 -3 3 0 6 2 -6 4 3 4 8 1 -2 0 -18 -1 -2 -5 -4 3 2 -2 0 6 -2 -1 -5 -6 0 -3 0 -7 -2 -5 1 -1 -6 -3 2 4 2 -4 -2 2 4 2 -5 -2 -3 -1 4 1 -4 3 0 5 2 -1 7 -2 5 1 26 5 -6 0 6 -4 2 -1 8 3 0 0 0 -5 -1 -1 1 4 1 -7 -4 -3 2 0 2 -3 -1 -3 0 -1 4 3 7 0 7 -2 6 2 -1 1 -4 1 0 -1 -1 11 -3 0 3 3 -2 3 1 -5 1 -2 -2 2 1 3 -2 -3 5 -8 -14 -3 1 -3 1 3 -6 -12 2 -5 -10 0 0 3 2 -4 -1 -9 -6 -1 -2 -2 3 2 6 -13 3 -1 -15 -6 2 0 7 5 -1 -1 2 -2 -2 -1 -7 5 -12 -4 -6 -10 -1 3 4 5 0 1 6 4 4 -3 3 0 6 -3 1 2 4 -8 4 -5 -2 8 5 4 2 3 -3 1 4 -4 0 3 34 -1 -1 -1 -1 -12 -1 0 3 1 3 -6 -3 -1 1 -6 4 -6 -1 5 0 3 -3 -1 -5 -2 -3 0 5 0 3 -4 -4 -1 0 1 3 6 -2 0 -4 2 6 1 1 -7 -1 -1 1 -2 -8 1 2 -7 -1 -2 9 -1 1 -5 5 -5 -4 4 1 0 -2 -4 3 -1 1 11 5 -1 6 -2 -3 2 0 0 4 -1 2 3 -3 -1 0 -9 -3 -19 4 0 0 -2 -3 -5 3 10 -1 12 1 -2 1 0 0 3 1 2 3 -4 0 7 0 -2 2 -4 -19 -2 -3 -1 -1 4 -6 0 -2 2 3 1 0 -2 -1 4 1 -3 -2 0 -2 -1 -12 2 1 -1 -3 -1 -1 2 -1 0 1 2 3 0 0 3 0 -1 -6 -1 -4 0 0 -15 -11 14 1 -4 3 -5 -2 0 1 2 1 -12 1 0 3 -1 4 -2 -6 -1 -5 -2 -7 -4 -11 -5 1 2 -3 -2 5 3 -3 2 8 -3 5 3 1 0 -5 -2 0 1 0 -1 0 3 -2 3 1 3 -2 -2 -2 -2 5 -1 1 2 2 -3 -5 8 -2 -1 -6 7 4 -3 -1 2 -4 -1 0 1 10 1 3 -2 -1 0 -3 3 -4 -1 -1 0 -2 1 -15 10 2 0 -1 -6 2 3 0 3 3 0 4 -2 -3 2 -8
L 3 148 0 57 1 0 2 0 0 -4 0 0 0 1 0 1 -2 -7 0 0 -1 6 3 -3 -2 2 0 7 -1 2 3 2 -5 6 5 -4 2 6 3 5 -2 1 0 3 0 -2 -11 0 1 0 -4 1 -3 -1 -2 -1 3 -9 -5 -2 -4 -3 -1 0 -3 1 0 2 0 4 11 3 3 4 1 0 1 0 -4 2 -4 -3 6 2 -2 -4 -1 -6 4 0 2 0 -4 -6 -3 -1 6 -1 -4 0 0 -1 1 -2 0 5 0 -1 -3 2 -6 2 3 6 11 -6 4 1 0 -2 1 -1 -2 24 -1 1 -1 -1 -3 4 1 0 4 0 -1 -2 -4 -2 1 -2 -1 -1 -3 1 -1 -6 -1 -2 -3 0 5 4 -3 2 5 -2 -3 -1 -3 3 1 -5 6 -1 1 2 -8 7 0 7 -1 8 1 -1 -2 5 -5 3 0 1 2 -2 -1 2 1 -2 -2 0 2 -3 -6 -4 3 4 3 -5 -2 -2 -1 6 -4 -1 3 -12 3 1 2 4 0 -3 -2 -4 -1 3 -4 -4 18 1 1 -1 2 1 4 -1 -4 0 -1 1 2 4 2 4 5 8 -4 -25 -2 4 -2 -3 -2 -2 -21 0 -2 -4 6 0 4 1 -1 2 -5 -2 -3 -1 -4 -1 4 8 -11 2 -10 -9 -1 1 2 6 2 -1 4 3 -4 1 -2 -2 0 -3 -2 -8 -9 1 3 4 -2 -3 0 2 12 6 2 3 1 1 -4 2 7 0 -7 5 -6 2 8 0 1 0 0 1 -1 3 -3 1 4 14 0 -2 -1 -1 -11 -4 -4 1 -16 4 -5 -3 1 -1 1 1 0 -4 5 2 -1 1 -1 -3 0 0 0 0 -2 3 -2 1 -3 -8 -4 1 3 6 1 -1 0 -1 -5 0 -2 -2 -4 3 4 -4 4 1 -2 2 -3 3 -6 -3 -1 7 6 3 7 2 -3 0 1 2 1 4 4 1 -2 5 0 2 5 1 -3 -1 1 -3 4 -1 0 0 -3 0 -2 -4 1 -4 1 -3 -9 0 -2 1 6 -2 -1 -1 0 -4 1 -1 1 6 5 7 2 3 3 3 5 -10 -4 2 -1 0 1 0 1 -4 3 -4 5 0 -2 -3 5 -9 -1 -5 -3 -5 -1 -12 0 0 -5 -3 1 -1 1 -4 0 -2 1 -6 -4 -2 3 0 0 -8 0 0 3 0 -3 -20 17 3 -12 -1 -4 2 2 1 5 -4 -12 2 4 5 4 -1 3 -10 -3 0 -4 0 -3 -5 -4 3 6 -2 2 3 1 -4 6 1 -1 1 9 0 5 -5 -1 -3 3 -4 -1 0 1 1 1 3 3 5 -3 -3 -3 -2 -2 -2 -3 -2 0 -2 13 0 -2 -7 -2 5 -2 1 3 -3 -3 -2 1 13 2 4 -7 1 1 -2 0 -3 -1 -2 -4 -4 2 -13 2 0 0 2 -1 2 5 2 -2 6 -4 1 -4 -2 0 8
L 3 149 0 41 -1 6 0 0 -2 6 0 -3 -1 2 -1 0 2 3 3 -3 2 -4 -2 0 1 1 -1 -1 2 2 -10 -5 8 -5 -4 1 0 -5 0 -4 1 -3 0 1 0 3 13 4 -3 1 3 -2 4 0 -4 0 -4 11 -5 -2 6 -1 0 0 5 0 0 -4 2 -2 -5 -6 -1 -3 0 2 1 0 5 0 -5 -1 -7 -3 3 1 1 7 -3 0 -6 0 5 2 -2 0 -3 0 10 1 3 -3 2 5 -1 -3 -2 1 -1 0 7 -2 1 -10 -6 5 -4 -3 -4 -6 1 3 1 0 -1 0 2 1 0 -3 0 -1 1 2 1 2 4 4 -2 0 3 2 4 1 1 2 2 -3 -1 -3 3 1 0 -3 -4 -1 2 2 4 -6 -1 5 -6 -1 -4 -2 2 -11 0 -8 0 -18 -2 4 1 -7 -3 -3 -1 -6 -2 -2 0 4 0 4 2 1 -3 1 4 4 -3 -2 -3 3 2 2 1 -5 3 -5 -3 2 -1 -5 2 -3 2 2 0 3 -1 -2 2 2 -12 1 0 -2 -4 1 -2 -1 2 1 1 2 -2 -7 -2 -2 -3 -7 12 24 3 -3 4 1 -4 1 12 0 3 5 -4 -1 -5 0 2 -1 6 4 3 0 2 -2 -2 -7 10 -2 -8 10 -2 -1 0 -8 -4 -1 0 -4 2 0 1 3 0 9 4 6 12 -1 -1 -6 -1 2 0 -3 -8 -4 2 -2 0 -2 4 0 -8 -3 9 -4 6 1 -9 -3 -3 1 -1 -1 0 -2 4 -1 -3 -30 0 2 0 1 16 0 1 -3 12 -4 5 5 -2 -3 -2 -3 5 4 -5 0 -2 4 0 3 -1 2 1 -4 3 -4 4 3 2 4 0 -3 -8 0 -1 2 0 -3 -2 -2 3 3 1 -3 0 6 -2 -2 7 2 2 -6 2 3 7 -6 -6 6 -6 -1 0 1 1 -2 1 -4 -14 -3 1 -4 2 0 -6 0 2 -2 -2 -6 -4 1 0 2 3 2 16 2 -2 3 2 3 13 1 -1 -1 -8 1 3 0 2 4 -2 1 -3 -2 6 -3 -7 0 -2 -2 -2 6 3 2 2 1 0 4 2 0 4 0 -2 2 1 1 -6 2 1 4 1 8 -1 14 2 -2 5 4 2 3 1 1 -1 3 -3 0 0 2 -4 5 2 6 3 3 -4 -1 16 17 -16 -4 11 -2 7 -1 -2 -1 -2 0 6 0 1 -6 -2 2 -2 7 -1 1 2 3 1 7 5 -6 -3 3 1 -2 -4 3 -5 -5 0 -3 -14 -2 -5 3 3 3 -2 4 0 2 -2 0 -3 -1 -1 8 2 3 4 -4 4 1 -1 -1 -1 4 -7 1 2 12 -3 -7 3 3 -2 0 3 3 0 -7 -2 6 6 -2 -1 2 -1 3 2 1 2 3 -1 11 0 -2 1 -1 2 -1 -5 0 -4 -3 0 -3 3 3 0 -8
L 3 150 0 20 -1 1 0 0 6 -6 0 3 -1 -1 -2 2 -7 -3 -7 1 -6 7 3 -2 -4 -7 -1 -3 -6 1 7 10 -5 6 1 -2 1 4 -1 3 1 3 1 -1 -3 -3 -7 -2 1 0 -2 1 1 -1 3 3 5 -5 1 1 -1 8 0 3 -4 -2 0 2 2 1 -3 -4 0 1 -4 -1 -3 2 -5 -3 1 5 6 4 -3 -2 0 -6 6 -1 4 0 -4 0 0 2 6 1 -18 2 -2 3 -1 -4 4 0 6 -2 3 3 -5 3 -2 6 -2 -5 4 1 -1 2 -3 -3 -3 -7 0 -3 1 -1 -1 1 0 -3 -6 -1 0 -2 1 -3 4 -1 -5 -3 -4 -2 -2 -4 -2 2 3 -1 -13 -2 5 5 1 -1 -1 0 -3 3 2 -6 9 0 4 2 3 10 1 5 0 15 1 0 1 6 -7 3 2 8 6 2 1 -7 2 0 -4 1 1 -3 -2 -1 7 1 1 -2 -1 1 -2 10 2 -3 3 -3 -1 5 -3 5 -1 -4 -1 -3 6 3 1 -1 4 -6 -1 1 4 -3 3 -1 1 -2 0 1 4 3 1 1 3 5 -7 -24 2 -1 -3 -2 0 -2 -1 2 1 -6 3 -2 2 -2 -4 2 -11 -8 1 -2 1 3 2 13 -18 4 15 -5 5 0 0 5 2 -2 -1 3 0 -1 2 -7 2 -6 -6 -7 -13 -3 10 5 -3 -2 -2 1 7 -1 4 1 -4 1 -7 2 -2 2 -10 4 -1 1 14 3 1 -1 2 3 3 2 -3 0 3 29 3 0 -1 0 -19 2 1 2 -9 3 -3 -4 4 10 -2 5 -3 -4 2 1 3 -2 3 -1 0 -6 -3 5 -5 4 -8 -1 -2 -9 1 2 14 -2 -1 0 2 0 1 0 -3 -6 4 1 -1 -1 3 -2 0 -2 1 7 0 -1 -2 4 2 -10 3 0 3 0 -3 2 1 2 20 7 -1 1 -2 1 3 -1 -1 1 -2 4 3 -2 1 0 -4 -3 -6 -6 0 -5 -3 0 -10 4 3 0 7 2 -4 -1 1 4 2 0 7 -6 -11 4 4 -2 4 2 1 -2 0 -2 0 -4 3 -5 0 16 -10 4 5 -4 -3 -2 1 -7 -2 -3 -2 -6 3 -12 2 1 -3 -4 -11 -1 4 -2 4 -1 1 -1 2 0 4 -4 -2 -8 1 -4 2 2 -20 -17 6 2 -9 5 -3 1 2 4 -2 -1 1 -5 -2 4 1 0 0 -7 1 -3 0 -2 -1 0 -5 3 3 0 0 -5 0 -3 3 6 -1 5 19 3 4 0 0 -5 4 -3 -2 -4 4 3 7 -1 3 -16 0 -1 -4 9 0 -3 2 0 3 -2 0 0 1 -13 8 0 -3 -3 1 -4 -6 1 0 10 0 -6 -4 4 1 0 2 -4 -1 1 -1 -2 2 3 2 2 -2 -1 -3 2 5 0 8 0 1 1 -2 -2 0 -8
L 3 151 0 3 1 2 -1 7 1 -4 -1 3 0 0 1 -2 -5 -4 -3 4 1 8 -1 -3 -2 -2 1 1 -1 1 2 10 -6 4 4 -1 2 2 0 0 -1 1 -1 -4 -2 -2 -4 0 3 -7 0 2 -1 -2 -2 -2 4 -10 7 5 -3 -2 -1 7 -1 -2 5 0 -1 0 2 3 0 0 -1 1 -3 0 -5 -2 3 2 2 3 -1 0 -2 -3 1 -1 3 3 -5 3 -1 -4 3 1 -22 -1 -1 1 -2 -3 6 2 4 -2 3 2 -5 -3 0 4 2 -1 2 1 4 -3 -2 -4 -2 9 1 -1 -3 0 -3 1 -4 -2 1 0 -3 -3 -2 -4 -1 4 -5 -2 -3 0 2 3 -3 -1 1 0 -10 -1 3 2 2 7 0 -2 -2 1 0 -2 3 3 4 0 -3 -3 -2 4 3 17 2 -5 3 9 0 3 3 6 3 4 3 -3 2 -2 -1 1 4 -3 -1 -3 7 4 1 0 -1 -1 -3 3 0 13 2 5 -1 1 -1 3 -2 -3 4 -3 8 2 1 -1 1 -3 -1 1 3 -2 5 1 -2 2 -2 1 0 1 4 2 2 4 -10 -14 -3 -2 0 0 6 4 -4 1 -1 -6 -1 -1 2 0 -4 0 -11 -1 -4 0 -1 0 2 1 -6 2 4 -7 6 2 -2 4 0 1 1 0 0 0 0 -10 5 -6 -4 -4 -2 0 -1 5 0 0 -1 -1 3 2 -3 2 -2 1 -4 -2 -9 1 -4 2 -6 3 6 10 3 1 0 -1 1 4 -2 -1 -1 16 -2 -1 -1 0 -9 3 -2 -1 5 3 -4 1 1 -2 -6 -4 -3 -3 4 1 2 -2 2 -2 1 -5 0 3 -1 3 -4 -5 -2 1 1 -2 4 -2 1 -1 2 3 3 -1 -3 -5 2 0 -2 -5 -2 2 -5 -8 -2 8 3 0 -3 2 1 -2 1 -1 0 -1 -3 6 0 2 17 1 0 0 -1 -3 2 0 0 2 1 9 3 -3 0 -1 -4 -5 -2 5 -2 -1 -4 0 -12 2 2 -1 4 1 -2 -2 -1 -3 -1 -1 4 -5 -10 -4 5 0 2 3 -4 -6 1 -4 0 -3 3 -1 -2 4 -3 4 1 -2 -1 3 3 2 -1 0 -1 -2 1 -11 1 1 -4 -1 -6 -1 1 -3 2 1 0 -1 1 -4 2 -1 -1 -1 -1 -3 -1 0 -20 10 3 0 3 5 -3 2 2 1 -1 -1 -7 2 -4 0 -3 4 0 -2 2 -6 -1 -3 -2 -9 0 5 3 -2 -1 7 4 -4 4 3 2 4 14 0 1 -1 0 1 2 -8 1 0 4 -1 3 2 1 -3 1 -3 -2 -3 3 -1 1 -1 6 -5 8 0 1 4 11 1 -3 -1 0 -4 -2 1 0 2 -4 -7 2 3 -3 -1 3 -3 -4 1 2 -3 3 2 -1 1 3 -1 -2 2 3 0 4 1 2 3 -4 -2 5 8
L 3 152 0 59 1 -4 -1 5 2 -3 -1 0 -1 3 -2 0 -2 -7 3 4 -3 3 1 -3 -1 -1 -3 4 -2 1 -1 3 -5 5 4 -3 -1 3 4 3 1 2 -1 -2 -5 -1 -13 1 1 -2 -2 0 -6 0 -2 -3 0 5 -15 -1 -3 -2 -2 -2 -3 0 4 -2 2 4 5 -5 2 2 1 2 -1 -1 -7 1 -3 -3 5 3 -3 0 -4 -4 2 0 2 -1 -2 -2 -4 -1 5 0 -14 -3 1 -2 -2 -3 5 3 0 -2 1 0 -6 2 3 5 8 -4 4 0 3 -2 3 -1 0 8 -2 -1 -3 -2 -2 1 -1 0 6 1 1 -3 -4 -2 6 -2 0 0 -2 3 0 -5 -3 -5 -3 0 -4 -3 -2 2 4 -1 -2 -1 -2 0 0 -5 -1 -3 4 1 -7 13 -1 3 -1 17 4 -4 -1 2 -15 1 1 3 2 -2 -1 12 -2 -9 2 3 1 -6 -9 -3 -1 6 -3 1 -1 0 -3 1 -5 3 2 -5 2 -3 1 5 0 -2 -4 -6 2 4 -3 -5 17 -3 1 -1 2 2 6 -2 -3 2 0 2 2 4 1 3 2 7 1 -10 -3 -3 -4 -1 1 -6 -18 -3 -2 -3 1 -1 4 6 -4 1 -11 -2 -2 -5 -3 2 1 5 -9 2 -5 -17 1 2 3 5 2 -2 4 1 -4 -3 -2 -11 1 -2 0 -6 -9 -2 4 1 -3 -2 2 0 13 6 0 2 -1 3 -3 3 -2 1 -10 3 -5 1 11 0 4 0 3 -1 -1 2 -1 0 4 20 0 2 -4 -1 2 -5 -3 0 -8 5 -5 -1 0 2 -5 -1 -1 -3 6 1 1 4 0 -6 -1 -2 6 0 -3 3 -4 1 -6 -8 0 -1 0 3 1 -2 2 -1 -3 -1 -5 -1 -4 -1 3 -4 3 -1 -3 11 -3 3 -3 1 6 6 -2 9 3 3 -2 6 2 3 3 3 15 2 2 4 1 2 3 -1 -3 -1 -4 -8 1 1 -1 2 -12 -1 5 -3 -1 -3 2 -4 0 5 -1 0 6 0 0 -1 3 -2 1 0 -3 0 0 5 2 3 -3 2 4 -6 -3 2 -2 1 3 2 -1 8 3 -4 6 -1 -3 -3 3 -4 -2 -5 -3 -1 -1 -7 3 0 -2 0 -9 -1 3 -4 -1 0 2 -4 -3 0 1 6 3 -6 0 -4 5 -2 -6 -3 13 0 -5 0 -4 0 0 1 2 -1 -17 3 7 2 3 4 1 0 -1 5 -3 1 -10 -6 -4 3 3 -2 0 -2 -1 -4 3 -2 -2 -1 -7 1 3 -6 1 0 5 -5 -1 4 -1 0 -2 4 0 5 -2 -4 -3 -2 1 -3 1 0 -3 -5 23 1 0 -7 2 0 -3 3 1 -10 -2 -1 0 13 -1 3 -5 -1 1 -2 1 -1 2 0 -3 -3 5 -8 5 0 0 0 -4 3 1 1 1 3 1 4 -3 -4 -2 8
L 3 153 0 0 1 6 2 0 2 2 1 0 1 -1 1 -4 6 7 -4 1 3 -11 -3 4 1 -1 2 -7 2 1 -5 0 4 -11 -4 4 2 -4 -3 -5 3 1 3 -1 -1 4 7 2 1 2 3 -3 2 1 -4 1 0 11 -1 3 1 2 3 1 0 -1 -6 0 -4 -4 -12 3 -4 0 0 -2 3 1 3 -2 6 3 -4 -2 -2 2 2 6 -1 0 -1 -2 2 4 2 3 -5 0 3 2 -2 3 -2 2 2 -3 -2 3 4 0 -3 1 -1 -4 -6 4 0 -1 -2 9 -2 3 2 -26 2 1 2 2 5 -3 0 -1 1 -3 0 2 2 2 2 -1 0 3 3 -2 -5 1 1 7 5 4 -10 0 3 0 -6 3 -2 5 2 -1 -1 5 -1 2 1 0 7 -16 2 -4 2 -1 -1 2 3 -4 10 -1 -1 1 -3 3 -1 -9 0 -3 1 -3 -3 7 5 3 -9 -1 1 1 2 1 5 -2 0 -8 0 -3 -1 3 -5 -7 -1 2 1 2 4 -4 3 3 -13 4 0 1 -1 0 -7 1 3 0 2 -3 -1 -5 -4 -3 -4 -7 2 4 0 3 -1 0 -3 4 25 4 2 3 -3 -1 -1 -4 1 -1 3 0 1 4 4 1 -2 -4 12 -3 0 22 -1 -2 -3 -4 1 4 -4 -1 4 -4 2 2 -3 2 0 7 3 -3 -6 -4 -3 1 0 -4 -14 -5 -1 -3 1 0 3 -2 12 -2 7 -2 2 -5 1 -4 0 -3 2 -1 3 -4 2 -1 -4 -8 -2 0 5 1 -2 6 3 0 6 -4 6 2 1 6 5 3 -1 4 -6 0 1 -1 1 2 2 0 -2 1 3 -1 1 0 2 6 0 3 9 1 -2 4 -2 1 2 2 0 3 2 -1 -3 6 -1 -1 3 -2 3 -5 2 1 -4 -7 -6 -1 -6 -1 3 2 -1 -1 0 -1 -1 0 -1 -6 2 -3 -3 0 -2 2 4 0 -2 -1 4 0 2 1 -3 -4 2 5 0 2 2 2 -1 -6 -4 -3 0 -1 -2 4 0 0 1 6 -6 -9 0 -1 0 0 0 -3 5 -3 1 -1 -2 -2 -2 5 4 0 -4 1 2 -1 -6 11 -1 6 1 1 4 9 -2 1 7 1 3 -2 -2 4 -3 2 1 7 4 3 -1 -3 -1 5 0 0 -1 2 14 4 -6 0 8 -2 2 -3 -3 -3 -4 2 14 -4 -4 -1 -1 -5 -1 0 0 1 3 -1 0 9 4 -1 -2 1 0 1 1 2 -8 -1 4 -2 8 -2 -2 2 0 0 0 3 -1 -2 3 1 1 -5 -4 1 3 0 2 -2 -3 3 2 3 -1 2 -8 0 1 7 -8 -3 3 2 -3 3 1 2 -2 -9 1 -9 4 -2 -2 4 0 1 0 2 0 3 -3 9 0 3 -5 1 0 -4 -4 -4 8 -3 3 -4 4 1 -3 8
L 3 154 0 8 1 -5 1 -4 9 1 -1 -3 1 -1 3 1 2 10 -4 -5 0 -4 1 5 4 3 -1 -7 2 -4 9 -4 0 3 -5 -1 1 1 -1 -3 0 1 1 1 6 1 1 -3 1 3 -2 2 2 5 -6 1 2 -1 9 0 2 -1 4 6 3 -1 -6 1 1 -4 -10 2 0 -1 1 -2 4 -1 3 0 7 1 -3 0 2 0 2 4 2 -2 2 -4 6 2 4 3 -5 -1 0 1 -4 3 0 2 -11 -4 0 4 2 -2 9 -6 -3 -4 -7 3 0 0 -1 11 -2 2 3 -10 3 -2 5 0 0 1 3 4 4 0 -1 2 4 2 1 0 5 3 4 -3 -1 2 -1 2 0 2 8 2 1 -1 -6 3 2 4 2 4 1 1 -1 0 0 -2 7 -4 5 0 2 -6 -3 -1 0 0 17 -5 -3 -3 0 3 -1 -6 -4 5 -2 0 -2 4 10 3 -12 -5 3 -4 2 -1 1 0 0 -4 2 4 0 0 -4 -15 4 2 -2 5 9 -3 2 4 -7 1 0 -1 -3 -1 -1 0 2 -1 4 -6 -2 -2 4 -1 -2 -8 1 -14 7 -2 1 -1 3 5 12 3 0 -1 0 -2 -4 -4 4 -2 7 -2 6 3 2 2 -2 -7 7 -4 5 12 2 -5 4 1 1 3 0 0 3 3 2 6 -3 -2 0 5 0 2 -6 -3 3 1 -1 -3 -15 -12 2 0 -1 -2 -2 -1 15 -2 4 -1 7 -6 -7 -9 0 1 -1 3 1 -6 1 0 0 -9 3 -2 1 0 -1 5 1 -1 3 -5 3 1 2 2 6 1 -4 1 -4 -4 0 -3 2 5 -1 1 -6 3 1 -3 1 -1 3 -1 3 3 6 -2 -4 0 0 2 -2 2 0 1 2 1 -1 2 -3 -2 -3 -11 2 0 2 2 -2 -4 1 -4 2 -4 1 0 -3 1 0 -2 -3 1 -2 -7 2 -1 0 1 1 2 2 15 -1 -3 0 1 6 1 -16 -5 0 0 -5 -2 1 -10 -4 0 -5 -4 0 4 -1 2 0 -2 -4 8 -6 -3 -1 0 12 -2 3 2 3 -2 1 0 -6 -2 -1 0 -8 5 -5 -2 2 -3 -2 11 2 -2 0 0 -1 13 -3 -2 2 1 3 -1 -4 4 -4 2 -2 6 4 -1 1 -4 -3 2 -1 2 -1 4 -2 0 -11 1 6 2 1 -2 2 -5 -1 0 13 -6 -3 3 -1 -3 1 7 2 5 4 -1 9 4 1 -4 -5 4 -1 -1 1 4 -6 4 -2 -2 12 1 1 1 -1 1 -3 3 0 2 -3 2 2 -4 -6 -15 0 3 2 4 0 4 -1 -4 0 4 -22 -2 -2 -6 -1 4 0 -1 -3 8 1 -2 1 -12 3 -9 -2 -1 1 0 -2 2 0 -2 2 6 -6 3 -11 0 0 2 1 0 -1 -3 3 -2 1 -7 2 1 1 8
L 3 155 0 44 -1 0 0 6 -4 -3 0 1 0 -2 0 -4 0 -5 -2 9 1 5 -3 -4 -2 -2 1 7 1 3 0 5 -6 -8 7 -4 -1 4 2 5 -2 1 -1 -2 -2 0 -10 6 3 -4 -3 -1 -6 2 1 -3 3 7 -8 -1 -5 -7 0 3 -3 -3 4 -3 0 3 4 2 3 6 2 3 0 -2 -4 2 1 -3 1 1 -3 1 -5 -6 -1 0 2 0 -6 -5 -3 -4 5 -3 -9 -3 1 -1 -5 -5 0 5 2 -3 -1 1 -12 4 1 4 16 -1 3 0 4 -3 1 -2 -4 30 1 0 1 -1 -5 0 -2 0 8 1 0 -2 -4 -3 7 3 -2 2 -1 4 -2 -3 0 -5 -7 4 -11 -2 0 3 5 5 -5 2 -1 2 -2 -5 -3 1 0 3 -10 -2 0 3 -1 12 3 -4 0 0 -2 -2 4 1 2 0 2 7 -2 -10 1 0 2 -4 -5 -6 1 9 -2 -2 -2 -2 -3 6 -5 3 4 -12 2 -5 4 4 -1 -2 -1 -3 9 2 -2 -3 10 -1 1 -3 5 2 -1 -3 -6 2 -1 0 0 4 2 3 7 8 -4 -10 -4 1 -2 -3 1 9 -20 -6 -1 2 3 0 4 4 -3 3 -14 3 -7 0 -3 -3 1 7 -3 -1 -13 -7 2 3 1 5 -3 1 4 2 -5 -2 -3 -12 2 3 1 -6 -4 -1 -7 1 -7 -4 2 -4 14 2 -7 5 -1 1 -3 0 -1 -1 -8 3 -4 0 9 5 5 0 1 0 0 3 1 -3 4 -1 -2 2 -1 3 -4 -2 -7 -6 -11 3 -5 6 1 -3 -2 -3 -3 -4 6 3 0 2 -1 -2 3 -3 5 -3 -2 3 -2 2 -9 -3 -3 -3 0 3 -1 -5 1 -3 -2 -2 3 -2 -6 0 5 -3 -3 -1 -6 2 -2 5 -3 -1 1 0 8 12 2 1 -2 5 3 9 1 6 9 -2 2 0 2 -1 4 1 -4 0 -1 -3 4 -1 -2 1 -3 1 15 -2 -2 -2 0 1 -10 4 -12 1 4 -1 -1 -4 -1 -9 -2 0 -2 8 3 -1 3 4 1 4 10 -8 0 1 -1 -1 3 5 0 4 2 -8 3 0 -3 -3 4 -7 0 -5 -4 3 -1 -9 0 1 -6 4 -11 -3 2 -5 -1 -1 -1 -4 -3 -5 4 6 0 -6 -1 -4 3 0 1 0 13 2 1 1 -4 2 3 0 6 -4 -18 7 3 4 4 1 5 1 -3 1 -3 2 -5 -11 -2 5 7 -3 0 7 2 -8 5 -3 -3 -2 10 -3 4 -4 1 1 4 -8 2 4 -1 -1 -5 5 -1 10 -2 -5 -3 -17 3 -5 -3 -2 7 -7 23 1 -2 4 -4 6 -1 5 0 -5 -1 -4 -2 10 -1 -4 -3 1 1 -1 -1 1 -2 -1 0 -5 7 -8 1 2 0 0 -2 3 4 0 -4 3 3 0 -6 -1 0 -8
L 3 156 0 28 -1 -6 -2 6 -4 -7 0 1 0 -7 -1 -2 -4 -1 -5 10 -2 3 -3 0 -1 -2 1 0 -3 -3 5 7 -5 -7 4 -1 -3 4 -2 2 -4 5 0 -4 0 -1 -15 -1 4 0 0 2 -5 0 9 0 1 0 7 2 -9 3 1 -2 -6 -2 0 0 0 1 0 3 1 2 0 -2 -4 0 -4 1 6 2 2 1 -3 1 -5 -9 -1 -2 6 0 -5 -1 3 -4 2 -3 -5 -2 -2 2 -4 -6 2 3 2 -3 5 -1 -11 8 -3 7 8 -4 4 2 4 6 1 -4 -3 -8 2 0 -2 -4 0 0 -3 1 -2 -1 -1 -2 -2 -5 2 4 -5 -1 -4 0 -4 -4 -2 2 1 4 -15 -6 3 4 4 1 -4 -1 -5 7 -2 -5 0 2 1 3 -3 12 1 4 -1 22 5 -5 -1 3 1 0 3 7 2 2 0 4 -5 -13 -1 -2 4 0 -5 -7 4 5 -1 0 -1 -1 -3 4 -3 9 1 -1 2 2 0 7 -1 -1 2 -2 5 3 1 -3 8 -5 3 2 6 -2 -1 0 -6 -1 -3 -1 2 5 2 -2 4 4 -9 -10 -5 3 -5 -1 3 5 -13 -2 -2 3 2 0 3 2 -2 2 -11 -1 -5 1 -2 0 0 10 -8 -1 11 -11 -1 1 -1 7 1 1 -1 5 -4 -1 -4 -14 2 -7 -1 -9 -10 -2 -2 3 -3 -3 -1 -3 14 3 -11 3 0 2 -4 0 2 2 -12 4 -4 -3 13 8 6 0 3 2 0 7 -1 -2 3 21 1 1 1 3 -13 0 -4 0 -9 3 -6 1 0 4 -3 -1 -6 -3 5 3 3 0 -1 -2 1 -4 -1 2 -5 5 -5 -2 -5 0 0 0 1 -4 -1 -6 1 2 3 1 0 -2 -4 -2 -2 -5 -2 0 -7 -1 -2 7 1 0 -4 3 3 -3 2 1 0 0 0 2 -1 5 16 0 1 3 -3 -2 6 -1 -3 3 -3 -1 4 -2 -3 -2 -6 -1 -5 4 -1 -2 -3 -2 -16 4 -3 0 10 -2 -1 -1 0 -3 1 -1 0 2 -3 0 7 0 -6 1 7 -4 -2 -2 -2 -1 1 -3 0 9 -3 -1 2 -1 -4 0 5 -6 -3 -2 0 2 3 -12 -2 2 -5 2 -13 -2 5 1 2 -2 1 1 1 -2 3 2 -1 -8 -3 -8 5 0 -9 -8 18 2 -2 4 -5 0 3 4 2 -2 -5 3 2 6 2 -2 3 -8 -2 -6 -1 -2 -5 -10 -7 3 4 -5 -3 5 3 -5 3 1 -4 2 6 0 2 -4 -1 -3 3 -5 1 0 2 -3 0 0 1 -2 0 -3 -4 -5 -1 -4 2 -2 5 -8 10 -1 -3 -5 1 4 -2 3 2 -2 -1 -2 -1 8 2 -14 -6 1 1 -3 1 -4 -4 -2 0 -3 4 -10 6 2 -1 0 -4 2 6 -2 1 -2 4 1 -3 -3 -1 -8
L 3 157 0 26 -1 -1 2 0 -7 -3 1 1 2 -3 1 -2 -6 -3 -3 0 0 3 2 -2 -2 1 2 2 -1 0 1 7 -3 -1 5 1 0 4 -1 4 -3 0 3 0 1 -2 -5 -6 1 -2 1 1 -3 -7 11 6 2 -18 17 6 -6 1 0 -2 -1 2 1 2 -5 1 9 9 -2 3 -1 -2 -2 3 1 0 1 3 4 -2 0 -2 -1 -7 1 -1 6 3 -5 -4 2 -1 5 -1 3 2 1 1 2 0 3 -1 2 0 0 3 -6 3 1 4 6 -3 1 3 -1 6 0 -4 -3 3 0 0 -1 0 0 4 -2 -3 -15 -2 -1 -5 -2 -4 -5 1 -7 -5 -5 -2 -3 -5 -2 3 5 -1 -4 0 3 3 3 2 -1 -4 -5 5 1 -3 6 6 0 4 1 0 -2 3 2 6 0 -2 0 6 4 9 -2 5 1 2 1 -11 3 1 -4 0 4 1 -2 -2 14 0 4 1 -4 -3 -1 4 3 5 2 1 0 7 2 11 -4 -2 6 1 -10 -1 -2 -2 0 1 1 1 3 -4 -3 3 -3 -1 -1 -2 3 2 3 0 2 4 -13 -8 -4 7 1 1 2 2 -2 -2 -2 -3 4 -1 3 -3 -1 -1 -3 -2 -4 4 -2 -2 4 7 -6 1 4 -2 -3 0 -3 2 2 1 -1 1 0 4 1 2 2 -7 -4 -5 -5 2 -1 4 2 -3 -2 3 8 4 -5 2 3 0 1 1 -1 2 0 3 -4 -2 2 11 -2 1 -2 -3 1 5 -4 -2 -1 17 0 -3 1 2 -22 1 -1 0 -4 2 -3 -6 0 0 -1 2 -2 -1 1 4 2 -6 -2 0 2 -5 -2 2 -4 4 -3 -1 3 2 -3 1 3 0 0 -2 0 2 0 1 -1 -4 2 2 -1 -4 -1 2 -2 -8 -2 7 0 -5 -9 4 4 -8 7 -1 0 -15 -2 -4 -4 -2 -1 1 0 6 -7 -1 4 1 -1 1 1 2 5 -3 -2 -4 8 -1 -9 7 0 -3 -2 0 -17 3 6 1 8 2 -2 -1 -1 -1 3 -2 7 -7 -4 2 4 -2 -5 -1 -5 -1 0 -5 -1 -4 2 -4 2 -6 2 0 -1 0 -2 3 8 -8 -2 1 2 -3 3 -14 0 0 -6 -4 5 -1 2 1 4 -2 2 -2 3 -3 1 -5 -3 -6 -1 -1 2 1 -5 -14 14 3 -12 0 -1 3 2 5 2 -4 1 -2 -3 6 1 -4 0 -11 1 -13 -1 -5 3 -5 -3 -1 3 -2 1 11 3 -1 6 9 1 2 17 -1 1 -1 0 -5 -4 0 -1 -5 4 -1 4 0 1 1 -2 3 -3 6 -4 -2 -1 5 6 -3 1 -2 -2 -1 0 8 3 -2 1 -3 -2 0 0 4 2 -2 -2 2 -1 0 0 -8 -2 0 2 -1 3 -4 6 0 0 -1 0 0 6 2 -3 5 -5 1 -2 0 4 -8
L 3 158 0 46 -1 -2 0 6 7 -2 0 2 1 4 0 -3 0 -8 1 -2 1 -4 4 -5 -1 1 0 8 0 1 4 6 -7 -2 8 -5 1 4 5 5 2 -4 -2 3 -4 0 -6 3 1 -7 -1 -1 -5 -1 -7 -4 3 1 -13 2 -7 -13 -1 1 0 1 0 -2 1 2 7 7 3 2 3 4 3 -1 -6 0 -2 -4 3 2 -2 -2 -2 0 4 -2 -1 1 -4 -6 -6 -1 4 1 -21 -2 2 -1 -2 -2 3 7 3 -2 -4 3 -3 -2 5 4 10 -2 3 2 4 -1 1 -1 -1 20 -2 -1 -2 -1 -3 2 -1 -1 17 0 0 -5 -8 2 2 -1 -3 1 -2 5 1 -6 -2 -5 -3 1 1 3 -1 3 2 -1 -4 0 3 -1 1 -3 -1 -1 4 2 -8 -7 -4 4 1 15 4 -5 1 2 -8 1 0 1 2 -2 2 3 -3 2 1 3 3 -5 -7 -3 -6 7 -1 0 -3 -2 -4 1 -3 -2 5 -3 0 0 2 2 2 -2 -3 -5 5 0 -2 -3 15 1 -1 -2 2 2 3 -1 -6 4 -1 -1 0 0 3 2 1 9 -4 -15 -2 -2 -1 -2 1 -2 -19 -3 -5 -12 0 0 4 4 -5 0 -11 -2 -3 -2 -3 0 3 3 -8 3 -24 -10 -4 4 2 5 2 -1 3 -1 -3 -3 0 -5 4 -2 -2 -2 -4 0 -3 2 0 -1 5 5 4 3 1 5 0 5 -2 1 -2 1 -5 3 -4 1 3 2 3 2 1 -5 0 1 -1 -1 4 13 -3 -1 -2 0 -3 -3 -3 -2 -1 3 -5 3 0 -7 -5 1 -3 -1 7 0 0 0 -1 -5 -1 -2 6 0 4 2 -1 -1 -4 -3 -2 -1 4 5 -1 -3 2 0 -5 -1 -4 -1 -4 3 4 -6 1 1 -6 3 -2 6 -5 1 1 2 0 12 5 2 -2 4 -1 10 1 2 4 2 -1 3 2 -4 1 2 -1 2 0 0 3 -1 1 3 -7 0 0 -3 -1 -1 0 0 1 3 0 0 5 1 -1 -2 -1 -6 0 2 0 9 3 0 3 4 5 5 -2 -22 0 1 0 0 6 3 1 -8 7 -5 2 0 0 -3 4 -1 -1 -5 -3 -1 -6 -9 4 2 -2 -1 2 -2 -1 -6 -2 2 0 -2 -5 -4 4 4 0 -4 1 0 -2 0 -6 -2 9 1 0 0 -4 -1 1 -4 6 -1 -25 5 2 2 1 7 0 2 -2 3 -5 -2 -5 -12 -1 3 5 -2 1 7 1 -7 3 3 -2 2 4 -1 2 -5 1 4 1 -3 0 3 -1 0 -2 6 0 9 -4 -4 -1 -7 3 0 -3 1 -1 -3 21 0 1 4 1 6 -2 2 1 -7 -2 -2 1 12 -2 12 1 -1 1 -1 2 1 1 -1 0 -3 4 -12 6 1 2 0 -4 3 1 2 -3 8 -1 3 -5 -1 3 -8
L 3 159 0 56 1 4 2 -5 7 2 -1 -4 1 0 0 3 3 5 3 -8 1 -3 2 2 3 7 1 2 1 -1 3 -12 6 2 -5 -3 2 2 2 -1 -3 -2 2 5 10 -1 2 -2 -1 13 -2 0 3 2 -11 4 -1 -5 2 -6 6 0 2 1 5 2 -7 1 4 0 0 -4 3 2 2 -1 3 -1 5 2 -7 -4 -4 -4 3 -3 3 3 3 -1 -3 -2 4 -4 -2 2 -4 -2 21 2 -1 -1 4 5 -13 -3 -3 2 -3 2 10 1 0 -9 -7 1 -3 -1 -6 2 0 4 2 3 0 -2 5 1 -3 3 5 3 6 2 1 2 1 5 -9 -3 6 1 4 -1 -3 -4 2 -2 -1 0 20 6 -3 -2 -5 -9 2 3 1 0 2 0 1 -4 -6 -3 2 1 1 -3 -2 -20 -5 5 -2 -3 1 -6 -2 -9 -3 -3 -2 6 -3 8 -3 2 -3 2 6 0 -7 -7 1 -5 3 -2 1 -1 -1 -13 -3 -9 1 -2 2 -8 5 3 -4 4 1 -2 0 2 4 1 2 -1 -5 1 1 0 3 -1 4 -1 -1 -5 0 0 -4 -9 12 -13 8 -1 2 -4 -5 -1 -4 7 0 6 5 -2 -8 -3 5 -2 14 -1 5 1 -1 0 1 0 -2 -2 -8 10 0 -3 3 0 1 -2 2 -1 2 5 1 12 -2 5 2 -3 0 4 7 -2 -1 2 -1 -4 -6 -5 4 -1 0 -4 -2 3 15 -3 4 -1 7 -6 -6 -13 -4 -1 -4 6 -2 -5 2 2 2 -20 3 -1 0 -4 5 -2 -1 -1 -6 -4 5 0 0 2 7 1 5 1 -6 -1 -3 4 0 5 -1 5 -7 0 1 -6 4 5 6 -5 -1 3 -5 0 -1 0 -2 -5 -8 1 3 5 0 3 1 5 1 -1 5 -6 -1 -4 -3 1 3 2 0 1 3 0 0 -1 0 -7 -1 -2 -17 -1 -1 2 0 6 1 2 2 -4 -3 -7 0 2 -1 2 8 3 -5 -1 3 -1 0 -4 6 -9 -2 2 -5 -3 1 5 2 8 2 -1 -6 8 10 3 -7 0 11 -2 9 -2 -3 4 1 3 -6 2 4 -5 0 3 -2 0 1 -4 -3 -3 2 -4 0 3 -1 12 0 -4 2 1 7 2 0 2 -2 1 -4 -2 -1 0 0 1 0 -1 1 4 -3 1 16 -14 -7 1 -1 -4 5 1 0 -1 3 -3 12 -5 4 0 -1 -4 5 -2 -1 0 0 2 6 8 0 -7 -4 5 2 -1 -5 6 -5 0 -5 -4 -9 -1 -1 0 0 1 -3 5 -2 -1 -2 4 2 0 -3 3 -1 4 4 3 -2 2 -3 -5 -6 7 -20 0 -2 -7 -5 -1 1 1 -1 7 2 -2 3 -2 3 5 -10 -2 3 0 -2 1 1 -2 0 3 -7 -3 -4 -4 2 2 4 1 -1 1 -5 -4 -6 -5 1 4 0 8
L 3 160 0 48 1 14 3 -1 0 2 0 -2 0 0 0 -2 7 2 1 -2 3 -10 -2 2 0 3 3 2 1 3 -11 -8 9 -11 -5 2 4 -3 0 -4 1 -2 3 4 2 3 8 3 -2 10 2 -6 4 -2 -8 3 -2 7 -7 -3 5 3 0 -4 3 1 -5 0 -1 0 -2 -3 -1 2 0 -1 2 -1 5 1 -7 -2 -4 -5 -1 -2 3 6 0 1 -6 -1 2 -2 -4 2 -4 0 22 3 1 -1 1 5 0 -1 -6 2 -1 3 -4 6 2 -8 -4 1 -1 -2 -6 0 1 5 2 -13 0 1 2 2 3 -1 1 -2 3 -2 3 2 -1 6 -5 -3 1 2 3 0 -6 -5 3 3 3 1 2 4 0 -2 -4 -8 -2 5 2 -4 0 3 1 -3 -4 0 2 -11 -1 -7 -2 -15 -2 7 1 -6 -6 -3 -2 -5 -7 -3 -1 3 1 -1 1 -1 -4 3 1 1 -4 -3 -2 1 3 0 4 -2 0 -17 -4 -14 0 1 0 -1 0 3 -1 0 -4 -3 1 1 -2 4 1 0 -3 1 -5 1 3 -1 2 2 0 -7 -7 -3 -5 -8 12 5 2 3 -1 -3 -9 -3 9 6 3 10 1 -1 -5 -3 2 0 9 1 0 3 1 -1 2 1 5 -2 -14 19 -3 -1 -3 -5 0 -1 -2 -2 2 -3 1 8 -2 8 3 1 4 0 5 -4 -7 2 1 -5 -7 2 2 -3 2 -2 3 2 12 -2 8 -3 3 -4 1 -9 -4 -5 -1 1 0 -2 3 1 -2 -17 -2 1 4 -2 4 0 1 0 -3 -4 7 2 -1 6 5 2 7 5 -8 3 -2 5 -2 3 2 3 -3 -2 3 -3 4 5 3 2 -3 3 -2 3 0 4 -4 -6 -4 1 3 7 0 0 -2 8 2 -1 10 1 1 -8 -3 0 1 -2 -7 3 -4 2 1 1 2 -8 0 -1 -15 -2 0 2 0 2 -1 1 -1 -2 0 -20 -1 3 4 1 4 3 7 -1 4 4 4 1 6 2 -1 -4 -4 -2 1 1 0 9 2 0 0 7 9 -3 -6 -1 -1 0 6 -6 -1 3 2 2 -1 2 3 1 12 -3 -2 2 1 -2 -5 -2 -1 4 1 4 4 9 1 0 7 0 8 1 3 3 -1 0 -1 1 0 4 -3 1 2 2 1 2 -4 0 31 -10 -2 0 2 -9 6 0 -5 1 1 0 13 -3 2 -3 0 -6 3 -9 -2 -3 -2 2 -3 12 3 -3 -1 2 3 1 -4 4 -7 -5 2 -4 -12 -3 -4 1 1 1 -2 5 -3 -4 3 2 0 -2 -1 18 1 1 3 -2 -4 1 -1 2 -7 6 -7 2 1 7 -12 -7 4 5 -1 1 2 2 -1 1 2 6 -3 -3 0 4 0 0 0 1 -2 2 -5 3 6 0 -4 1 2 -3 -3 -1 -1 -4 -3 -3 3 4 -3 8
L 3 161 0 40 -1 3 -1 5 -8 1 1 4 -1 4 -1 -3 -1 -9 2 5 1 5 -2 -5 -4 -5 0 6 1 5 -8 7 -3 -3 7 0 0 -2 2 4 2 -2 -3 -1 -9 0 1 6 -1 -11 0 -3 -2 -3 5 -4 0 7 -13 2 -2 -5 -4 0 -2 0 8 -3 -2 3 7 0 0 1 0 4 -2 0 -4 -1 -3 -1 3 2 -2 1 -2 -2 -3 2 -2 3 -5 -2 -4 -3 6 1 -13 -2 4 -2 -2 -3 11 5 2 -3 -2 1 -10 1 4 5 12 0 1 -1 3 -11 1 -2 -3 24 -2 3 -4 1 -2 -2 -4 -4 1 0 0 -3 -3 -2 7 0 -4 -1 -3 4 3 0 1 -4 -4 -2 -12 -1 -1 1 6 5 -3 -2 1 -5 -2 0 -2 1 3 2 -8 -6 -4 1 0 7 3 -2 2 0 -11 5 3 2 2 -1 3 1 4 -5 4 0 2 -6 -8 -1 7 9 -3 3 -3 1 -1 1 -1 5 2 -3 0 -2 3 10 -4 -3 1 -5 -3 2 -2 -4 3 1 -2 -2 3 2 0 -1 -3 3 -3 4 1 4 -2 3 5 10 -4 13 -7 0 -1 1 0 0 -7 -8 0 -3 -2 2 6 5 -5 3 -11 3 -6 -2 -1 -3 1 2 0 3 -11 -8 1 5 -2 -2 -3 0 2 -1 -3 -4 -1 -8 2 4 0 1 3 -3 -4 1 -4 -2 2 3 11 8 -1 2 0 2 3 0 -17 1 -2 1 -7 8 5 10 2 1 2 -6 0 4 0 -1 -1 3 -4 2 -2 2 2 -3 -1 -2 0 5 -4 2 -1 -6 -7 -3 1 -1 6 3 0 1 -1 -6 1 -2 10 -4 1 4 -1 0 -7 1 -2 -5 -1 5 2 1 1 -2 2 -2 0 -3 -3 -1 3 -2 1 1 0 10 -1 0 -2 -2 2 -1 2 10 -2 2 -2 4 3 7 2 2 7 -1 2 1 2 -3 -1 0 -2 0 1 -5 1 2 1 0 -6 -1 21 0 -2 0 3 4 0 9 -3 -1 1 4 0 -6 0 -8 -2 2 4 -5 2 0 1 2 -8 4 -5 -2 0 1 -1 -1 7 4 -1 -1 8 -7 4 1 -1 2 2 -5 -1 1 -2 0 -1 -10 3 3 -3 0 -4 -1 1 -6 2 -1 2 -5 -4 -2 0 4 2 1 1 -1 2 -2 -1 11 6 -2 -1 0 -2 1 -1 1 1 1 -19 8 0 -2 2 5 -1 2 -2 2 -3 2 -7 -7 2 7 6 -4 1 2 1 -7 6 -4 4 1 0 -1 1 -1 2 1 3 -6 1 1 1 -2 -5 5 4 12 0 -4 -2 -10 3 -4 -1 4 4 -5 28 1 2 12 1 0 0 1 1 -10 -2 1 -2 8 -4 7 8 1 -2 1 2 1 1 1 -1 -5 8 2 5 2 0 -2 -2 0 0 2 -2 6 2 5 -3 -2 0 -8
L 3 162 0 29 -1 -1 -1 3 0 1 0 -3 1 -2 1 0 5 7 -2 0 -1 -5 -2 5 1 0 -1 -3 0 -1 0 -3 4 -9 -7 2 -1 -3 -3 -3 -1 3 1 -4 3 0 0 -2 2 10 3 1 4 2 -2 0 -2 4 13 0 2 6 3 0 0 -1 -2 1 1 -3 -8 -2 -2 -1 0 -4 -1 -2 2 0 5 1 -3 -2 -1 0 1 3 -2 -1 -1 -3 3 6 3 2 -9 0 16 1 -2 2 -1 0 -5 -4 0 2 4 -2 2 2 -6 -3 -7 1 -2 0 -1 9 0 0 4 -27 2 -1 -2 -2 4 -2 2 4 -1 0 0 3 3 3 -5 0 1 2 3 -4 -2 4 1 5 2 1 1 -2 1 -1 -5 -4 0 3 0 3 -2 1 -3 -1 -2 -3 6 3 1 -5 0 -5 -2 2 -1 -2 6 -4 0 1 -3 0 0 9 -2 0 0 -3 -2 4 5 -1 -5 -4 0 1 4 0 4 -3 0 -1 -3 6 2 1 -2 -6 1 4 0 2 3 -1 3 2 -7 -1 1 2 -1 -1 -1 1 3 0 3 -3 -2 0 -3 -3 -4 -8 4 3 3 0 1 1 0 3 5 4 2 11 -2 0 -4 -3 4 -1 7 -1 3 2 4 1 -4 -3 4 -3 10 7 0 -2 1 -1 0 1 -2 -1 4 -1 0 2 -2 -1 3 1 -2 1 0 -2 0 1 -2 -5 -6 0 -8 -3 1 -2 0 -3 6 0 3 -4 2 -4 -5 -5 1 -4 1 3 0 2 1 2 -2 -7 2 2 3 -1 4 2 1 2 2 -3 5 -1 0 9 6 1 1 2 -4 0 0 1 0 3 0 2 -8 1 0 -2 2 0 2 5 1 1 -1 -4 -2 -1 -1 1 5 1 4 6 3 0 -7 4 0 -2 -2 -8 3 -4 3 5 -3 -2 -5 -7 -4 0 2 -4 1 -5 -1 0 -4 0 1 -2 -1 3 0 -1 0 0 0 -1 -2 1 0 0 5 1 -3 5 0 2 -2 -2 3 -2 -3 -1 -1 -3 1 2 -2 1 1 1 -2 4 -1 -3 2 -2 0 -3 9 5 0 1 2 2 -2 -2 -1 7 -6 4 -4 -1 0 2 -3 3 0 2 3 6 4 10 -2 0 4 2 -6 1 0 6 0 0 1 4 1 0 -1 -1 0 3 -2 0 -1 2 8 0 -6 0 5 -1 1 -3 -2 1 -2 2 16 -3 1 0 -2 -4 1 0 0 -4 3 0 3 7 0 -3 -3 1 -2 0 1 4 -6 -2 0 -2 -10 0 -2 0 -2 -1 0 4 0 0 2 0 2 -3 -3 -3 1 3 1 0 -4 2 2 0 -3 2 -17 0 0 -3 0 -1 0 1 0 7 2 0 -1 -8 2 -12 -3 -1 1 0 0 0 -3 0 0 4 -5 2 -1 0 -1 1 0 -2 -1 -2 3 -8 2 -4 3 1 -2 -8
L 3 163 0 43 -1 9 2 -5 -4 4 1 -3 0 -1 1 1 3 4 0 -7 4 -2 0 0 0 4 2 1 4 3 -5 -6 7 -3 -3 1 3 -3 -2 -2 -2 -4 2 5 4 1 14 2 -3 4 1 -2 7 0 -4 2 -1 -3 6 -3 5 -1 0 2 5 1 -4 0 0 -2 1 2 0 0 0 1 2 2 7 1 -5 -1 -6 -4 4 -2 4 5 -1 1 -6 1 3 -2 0 0 -2 0 20 3 2 -1 3 6 -6 -1 -2 2 -4 1 7 -2 1 -8 -4 4 -4 -2 -6 -5 -2 3 -1 14 1 1 4 2 -1 0 2 -1 -1 1 0 3 3 4 -7 0 2 0 2 -1 -1 2 3 0 0 -2 11 7 -1 -3 -3 -1 1 2 2 -2 0 5 1 1 -6 -1 2 -17 0 -4 0 -26 -4 6 0 -4 7 -1 -2 -8 -3 -1 0 -7 3 11 -2 -2 -2 4 7 3 1 -3 3 -3 1 0 3 0 4 -9 -2 -4 -1 -1 2 -4 2 2 1 5 -4 -3 1 4 -11 6 0 -2 -4 1 -4 0 2 -1 0 0 -2 -7 -2 -1 0 -6 6 9 4 4 6 0 -6 4 10 3 3 5 1 0 -5 -4 5 -1 13 5 1 4 2 -5 0 -4 8 -2 -11 19 -3 -2 -1 -7 -3 1 -1 -2 2 3 1 13 -2 7 2 3 11 3 -3 -3 0 1 -2 -1 -9 -4 4 -1 1 -4 3 -1 1 -3 12 -3 6 1 -13 -4 -5 1 -4 1 0 -2 1 0 -3 -34 0 -1 3 0 3 2 0 -3 4 -5 5 4 -1 -5 5 0 5 3 -7 1 -4 0 -1 6 0 5 -5 -3 3 -4 6 3 6 5 -3 -1 -5 3 -1 3 -2 -3 -4 -1 6 2 2 2 0 6 -1 0 7 -7 2 -5 -1 -1 -1 -5 1 -1 -2 -1 -1 -5 0 -4 -1 -3 -25 -3 -2 -3 0 0 -4 3 2 -2 2 -1 -1 -1 1 -1 12 3 8 2 0 2 1 4 4 -4 -1 1 -8 -1 2 1 -2 1 -2 -1 1 4 10 -1 -6 -1 4 0 -1 3 2 2 2 0 -2 2 4 -12 4 1 -4 2 2 0 -4 -3 2 4 1 3 0 8 -2 -1 2 1 11 2 -1 1 0 1 -4 -1 -1 0 -2 -1 -1 5 2 7 -6 1 18 -1 -12 -1 4 -4 7 0 0 -1 1 -3 12 -1 -2 -3 -1 -4 0 -2 -3 -4 0 2 7 8 5 -5 0 2 2 3 -2 4 -3 -1 1 -2 2 -3 -3 5 0 1 -5 5 -1 -2 0 1 0 -1 1 7 1 4 4 -3 1 2 -5 -2 2 7 -19 0 1 11 -7 -2 4 0 -1 7 3 2 0 -8 1 6 4 -1 0 2 -2 1 -1 0 1 3 -4 6 -4 -1 1 1 5 -2 -1 1 -6 0 -4 -6 1 5 2 -8
L 3 164 0 31 -1 -1 0 5 10 1 -1 -1 0 0 0 2 4 5 1 -6 1 -9 0 6 3 4 2 -4 1 -3 3 -5 4 -6 -6 2 -1 -2 -2 -3 0 -1 1 -1 3 0 6 -4 0 6 3 1 2 1 -8 0 -2 -2 9 0 1 1 2 -3 2 1 -7 1 1 -4 -7 4 0 -4 3 -4 0 -3 4 -2 4 0 -5 0 0 -2 3 7 -1 -2 -4 -2 5 5 6 1 -7 2 8 1 -1 1 1 1 -5 -2 -1 3 1 -1 9 -2 -4 -4 -13 2 -2 2 0 7 2 1 5 -37 0 -1 -1 -1 3 0 1 2 8 -1 0 0 2 3 -9 0 2 2 2 -3 -1 0 -1 4 5 1 10 -1 -1 0 -5 -11 1 0 2 1 0 3 -3 -2 -1 -2 8 -1 -2 -3 0 -1 -2 1 -1 0 3 -2 -1 -1 -4 1 -2 0 -3 7 0 -1 -2 5 4 0 -9 -7 0 2 4 -1 3 -7 0 -4 -1 13 1 1 -3 -4 2 5 1 2 1 -1 2 5 -5 0 -1 2 -2 -1 -1 1 1 2 0 -1 -2 -6 -2 -4 -7 -9 5 0 3 -1 1 1 -1 -4 6 7 0 2 -2 -1 -4 -4 1 0 9 -2 5 0 1 3 -1 -6 3 -2 4 6 -3 -2 0 0 2 0 -2 -3 4 0 3 6 -2 -3 1 2 2 3 5 -2 7 4 -1 -1 -13 -3 1 -3 3 1 1 -3 5 1 6 -3 2 -4 -6 -6 -1 0 0 2 0 -2 0 1 -3 2 2 0 2 -1 7 3 4 5 8 -4 5 -2 -1 3 4 1 2 4 -3 -3 1 1 1 1 -2 4 -7 1 4 -3 3 -2 5 6 2 5 -1 -4 -1 1 0 4 4 0 -4 6 4 0 -7 1 2 1 -2 -4 1 -3 3 3 -1 1 -7 -6 -2 0 3 0 -3 -4 0 -4 -8 -1 -4 1 -1 1 -3 1 3 0 -1 -2 -3 1 3 2 0 0 -16 5 2 4 -1 -3 10 -4 8 -2 -1 -2 2 4 -2 4 0 0 -2 4 -2 -3 0 -2 4 -1 -2 -8 -1 2 2 3 0 -5 -3 -2 0 4 -5 1 0 2 -5 9 0 1 4 1 1 11 -2 0 7 0 5 -1 -4 5 -1 0 1 7 1 4 0 -2 -1 5 0 1 -5 1 3 -1 -9 0 6 -2 1 -3 -4 -1 -4 5 12 -1 -2 -2 -4 -1 -2 1 1 -2 2 -2 2 5 -1 -2 -5 4 -2 0 -1 5 -8 0 -1 0 -12 0 -4 0 -2 1 -3 7 -1 -1 1 2 3 -2 -3 -5 1 1 3 7 -4 4 1 2 -8 3 -19 0 3 -1 5 -3 -1 0 0 6 2 1 1 -6 3 3 1 -4 2 1 1 1 0 1 1 4 -7 -4 3 -2 0 -1 2 -2 -1 -2 3 -7 1 0 3 2 -2 -8
L 3 165 0 7 1 -11 -2 0 3 -2 2 5 0 -2 2 -4 -5 -2 -5 6 -3 2 2 -2 -1 -5 2 -1 -3 0 9 10 -7 -4 6 0 -3 2 -1 3 4 2 -1 -1 -5 -2 -7 -1 2 -8 0 1 -1 -2 13 1 2 1 3 3 -3 -3 0 0 -6 -2 -1 -1 0 0 2 5 1 -1 -1 0 0 2 -2 -3 8 3 2 2 -1 2 0 -7 0 -1 5 2 -5 0 1 0 3 -1 -18 0 0 1 -4 -6 1 2 8 -4 0 2 -3 1 -2 7 5 -2 1 2 4 7 -2 -5 -4 2 0 -1 1 0 0 0 -4 -3 -3 -1 -1 -3 -3 -1 5 2 -6 0 -6 0 0 1 -1 0 1 0 -11 -3 5 4 1 1 -3 1 1 4 0 -3 2 3 2 3 0 0 -1 5 2 15 2 -5 3 4 4 4 1 6 5 3 2 -9 0 5 -2 0 3 -3 -2 0 4 4 -2 1 -2 0 -4 3 2 4 5 11 -1 3 0 6 -1 -2 2 2 2 1 1 1 -1 -3 1 0 4 -3 -6 -1 -4 0 -2 -1 2 7 3 0 6 11 -13 -1 -2 1 -1 3 4 6 -8 -4 -2 -9 1 0 6 1 -3 2 -12 -1 -3 1 2 -1 0 7 -13 4 3 -8 1 3 -1 3 0 1 -3 1 1 -2 0 -7 2 -5 -6 -3 -4 -2 -3 3 0 -2 -1 8 2 -1 -2 5 -2 3 -2 -4 -12 2 -8 3 0 -2 2 11 3 2 1 -3 3 4 -1 -3 2 17 2 0 -1 4 -15 1 0 -1 -1 2 -3 0 2 -3 -6 6 -7 -1 5 1 2 -7 1 -2 1 -5 5 2 -2 3 -4 -4 -4 -3 3 -2 11 -1 -1 -5 3 4 3 -1 -1 -5 1 -1 1 -4 -1 0 -6 1 2 7 2 0 -2 -3 8 -5 1 1 1 -5 -3 6 0 0 10 3 0 -1 -2 -2 2 1 -1 2 2 13 3 -4 -2 0 2 -1 -4 2 -3 -1 -2 5 -9 5 -1 1 6 5 0 -2 0 -7 -2 4 6 0 -7 -1 5 -2 0 0 -3 -2 4 -4 0 -3 4 -4 -1 -2 -8 0 0 -3 -1 1 7 -5 -1 -2 -1 1 -1 -11 1 1 -3 2 -9 -1 -1 -3 3 0 0 0 -1 -3 4 -1 -4 -2 -1 -1 4 1 -21 -7 5 0 -5 6 -5 3 3 0 2 -1 -9 -1 -5 6 0 2 0 3 -1 0 1 -3 1 -10 -4 4 3 -2 -1 0 4 -5 5 7 -2 3 20 3 2 -1 -1 -2 -1 -1 3 -2 2 0 -1 0 1 -16 -1 -1 -5 0 0 -2 2 2 9 -5 5 -2 -1 -4 6 6 1 -2 1 -6 -4 -2 -2 6 1 -6 2 3 1 -1 -1 -1 -1 1 2 -2 4 -3 3 2 -2 -3 -2 2 5 2 1 4 3 2 -4 -1 3 8
L 3 166 0 15 1 -4 -1 -4 -7 -2 1 4 1 -2 1 -3 -5 -2 -3 9 -2 8 -1 -2 -3 -8 -1 -3 -3 -1 3 7 -7 5 4 0 -1 1 -1 2 1 3 -2 -3 -3 -1 -8 0 2 -7 -2 0 -3 -1 13 1 3 1 0 4 -4 2 0 3 -5 -2 7 0 -2 2 1 -1 -2 2 -4 1 0 2 -4 -1 4 3 5 2 -1 4 -3 -8 0 1 8 2 -6 0 -2 0 3 -1 -14 -1 -2 3 -2 -4 6 0 3 -3 2 0 -9 3 1 7 9 -2 2 -1 3 1 -3 -3 -3 14 1 1 1 0 0 0 -2 -1 -13 -2 -1 -1 -2 -4 11 1 -4 -2 -3 1 2 3 0 1 -1 1 -17 -4 4 1 3 14 0 -1 -3 2 -1 -3 3 3 3 3 -2 5 3 4 1 11 3 -4 2 2 5 3 2 6 5 3 3 -5 2 -9 1 0 3 -3 -2 0 8 4 0 0 -4 1 -2 6 1 10 2 -3 -1 3 0 3 -4 -4 2 0 2 0 0 -4 -2 -3 0 0 3 -2 -1 1 0 -2 0 -1 2 9 3 2 5 7 -12 1 -3 0 -2 1 6 6 3 -6 0 -3 0 1 4 3 -2 0 -10 -1 -4 1 0 0 -1 6 -2 2 12 -7 6 2 -1 2 0 2 -1 5 -1 0 -2 -8 3 -3 -4 0 -4 -4 -7 3 -3 -3 0 1 9 1 -5 2 -3 0 -1 1 -4 1 -7 3 -2 2 7 10 3 -1 1 -2 1 2 -1 0 2 14 -1 -1 -1 2 -13 1 -1 -3 -3 5 -6 0 2 0 -3 0 -6 -3 3 2 2 -5 0 -1 3 -6 5 2 -5 4 -5 -2 -4 -2 1 -2 6 -2 0 -2 0 1 3 1 3 -7 -1 0 3 -3 -3 -1 -3 0 -1 5 1 -3 -5 -2 8 -2 1 -1 -1 -1 1 4 -2 5 18 3 4 -2 -1 -2 4 -2 -2 2 2 11 3 -2 -3 -3 0 -3 3 -4 -1 -2 -2 3 -14 3 -5 1 3 3 -2 -3 0 -4 1 1 5 -7 -8 -1 5 0 -5 0 -1 11 3 -5 -3 -4 0 1 -1 6 -7 -1 3 -3 0 1 6 -2 -1 0 -2 -3 0 -13 1 2 -6 0 -8 0 2 -3 1 -1 2 -2 3 -4 1 -2 0 -3 -2 -3 6 1 -15 4 7 0 -5 5 -5 3 4 1 1 -1 -7 -1 -3 3 3 -1 1 1 2 1 0 -1 1 -6 0 4 2 -5 -1 -1 4 -4 7 3 2 3 16 1 5 1 1 -1 2 -7 2 -1 0 -3 0 0 2 -8 0 -1 -5 -2 2 -3 3 1 9 -5 15 -1 -3 -3 0 6 0 -3 0 -3 -2 -1 -2 1 -3 -13 0 5 -3 -1 0 -2 0 0 1 -3 7 6 -4 3 -1 0 -3 1 1 0 2 4 2 2 -2 -4 3 8
L 3 167 0 49 1 7 3 2 -6 -2 1 2 1 -2 -2 -3 -1 -8 -1 4 -1 0 1 -3 -4 -1 2 6 -2 5 -5 5 -1 -6 5 -1 2 2 1 5 -1 0 2 3 -3 0 -8 3 -1 -1 -1 -2 -5 -5 1 1 1 3 -12 1 -6 -2 0 -3 -3 1 2 -1 -3 3 9 1 -1 4 0 1 2 1 -3 1 -5 0 3 -1 -2 -2 -2 -3 2 -1 0 3 -4 -5 -6 -1 8 -1 -1 1 2 -1 -1 -1 6 4 0 -2 0 4 -17 8 5 5 12 -4 4 0 0 -2 2 0 -3 10 0 0 -1 0 -1 1 0 -3 1 -2 1 -3 -5 -2 1 -2 -5 -1 -2 2 -3 -9 -1 -1 0 0 -10 0 1 4 4 -1 -5 1 -2 0 1 -3 3 2 3 5 -6 -3 -2 1 -1 10 5 1 1 1 -13 3 1 3 1 -2 1 0 1 -7 0 0 3 -3 -9 -4 4 5 -1 2 -2 -1 -2 3 -1 -6 2 -18 2 2 3 7 0 -2 1 -4 -2 0 -3 -3 11 1 1 0 1 1 1 0 -3 -1 0 0 4 2 -1 1 3 5 -1 -7 -4 2 -5 -2 -4 -4 -9 -2 -1 -2 3 0 4 1 -4 3 -9 -1 -5 0 -2 0 3 11 -5 2 -14 -2 -1 2 -3 2 1 -2 2 1 -3 -1 -1 -5 1 2 -1 -7 -6 -3 1 2 -8 -2 1 5 12 5 1 4 2 2 -1 2 6 1 -2 4 -3 2 15 3 1 -1 0 -1 0 4 -1 -2 2 15 -2 -1 0 0 -12 -3 -3 0 -12 3 -4 0 -1 3 -1 4 1 0 4 4 0 2 -3 -3 3 -4 4 0 -2 3 -2 3 -3 -1 -3 0 4 5 1 1 0 -3 -5 0 0 -2 -1 2 2 -1 3 0 2 6 -2 3 -4 -4 -3 3 1 4 1 2 -1 1 1 -1 2 3 2 0 0 6 -1 -2 3 1 -2 -1 -1 -15 4 -1 2 0 -3 0 6 -3 0 -2 4 0 -7 9 -2 0 6 0 -1 -3 0 2 1 -1 3 5 5 2 3 3 -7 3 2 -13 -1 0 0 0 5 1 2 2 12 -8 5 1 -1 -4 5 -9 -4 -1 -3 -1 1 -12 3 3 -3 -1 3 -2 6 -2 1 0 1 -3 -3 1 1 2 2 -6 1 -3 1 0 11 -16 19 1 -10 -2 -2 3 -1 3 4 -2 -14 1 3 2 4 -1 2 -11 -2 -3 -4 -1 -9 -2 0 3 6 -3 2 3 -1 -3 4 1 0 0 10 -2 3 -3 2 -3 1 -3 -3 -1 2 -1 -1 2 2 16 -3 -2 -2 -5 0 -4 -2 5 1 -4 23 0 -1 2 -9 4 1 2 1 -7 -3 -1 -2 13 0 6 -3 0 0 1 2 -2 1 0 -2 -4 3 -8 9 1 -2 1 -3 1 3 1 1 4 -4 1 -1 -2 1 8
L 3 168 0 18 -1 -14 -1 -7 -4 -3 -1 5 -1 -5 0 -4 -5 0 -1 15 -5 -5 -1 3 0 -4 0 -3 -7 -4 8 2 -3 2 3 3 -2 2 -1 4 1 5 0 2 -1 -1 -15 -2 2 -7 -2 -1 -8 -4 14 2 1 5 -7 2 -5 2 1 -9 -7 0 -2 2 -4 4 6 4 0 -2 -1 -3 1 1 -4 0 7 2 5 3 -1 3 -1 -9 1 0 7 3 -4 -1 0 0 6 -4 -7 -1 -2 3 -4 -3 1 -2 0 -3 1 1 -9 8 3 11 7 -6 4 3 6 11 2 -2 0 -12 0 1 0 -1 3 3 -2 -1 -12 -5 1 1 -6 -4 8 0 -5 0 -6 0 0 -5 -1 1 4 1 -10 -6 2 2 4 1 -2 -2 -4 5 -1 -5 2 -1 3 8 -2 14 3 4 1 22 4 -2 -2 2 6 3 -3 6 4 0 -1 -4 -1 -8 2 -1 3 -1 -7 -1 3 2 -3 1 -3 -1 -2 1 -4 4 1 -1 2 6 2 8 -4 -3 1 2 -5 0 -2 -2 10 -2 2 3 1 0 -6 3 -1 -4 -1 -2 3 9 3 0 3 10 -11 9 -2 4 -7 3 4 -5 -5 -1 -2 -8 4 1 6 4 -3 4 -9 1 -2 0 -1 2 -2 8 -9 3 6 -15 -3 1 -1 2 3 1 -2 4 -3 2 -3 -4 1 -6 -4 1 -8 -5 -2 3 0 -2 -1 6 10 2 -4 0 1 2 0 1 5 3 -13 6 -3 -2 11 5 4 0 3 -5 -1 4 -3 -1 4 34 -1 -4 -1 1 -16 -2 1 3 -9 6 -6 -4 -3 2 -1 5 -7 -2 4 1 3 -4 -2 -4 4 -4 8 3 -4 4 -4 -2 -2 -2 4 -1 5 0 1 -3 3 5 2 4 -4 -7 -3 -4 4 -7 1 -1 -4 9 -3 2 -1 -3 -6 2 6 -6 2 3 -2 -2 0 -3 0 1 11 3 2 1 -1 -2 4 -3 0 4 3 1 4 -1 -4 -2 -7 -4 -14 1 1 -1 0 0 -7 3 2 0 11 1 -1 -2 3 -3 3 -2 -1 -1 -5 3 4 1 -11 -2 -6 1 -3 -6 -5 -1 -3 -5 -1 1 2 -2 4 -3 0 -1 6 -3 -3 -2 -2 -3 1 -12 0 1 -3 0 -2 -2 1 1 0 0 2 -1 0 1 3 0 -1 -6 -4 -5 9 -2 -10 -18 21 1 -14 4 -6 3 3 1 0 2 -7 -4 -1 10 4 -2 0 -6 -1 5 1 -3 -4 -6 -4 3 1 -3 0 -7 3 -1 8 6 -2 2 19 5 7 -3 -3 -4 2 -3 -1 0 1 -3 -2 -3 4 -8 -3 -1 -2 8 -4 -1 5 4 3 -5 13 -3 -4 -11 -4 4 2 -1 2 -4 0 -2 -2 10 4 -7 -3 -1 -1 -1 0 -1 1 0 0 -1 5 -9 8 3 -7 -1 -4 0 2 2 4 4 -1 4 0 -3 -1 -8
L 3 169 0 5 1 -12 -3 0 -8 -2 -1 4 1 -1 0 -6 -3 0 1 9 -1 -2 -3 1 1 -4 -1 -1 -1 -2 5 5 -5 -4 8 -2 -2 1 1 1 -1 0 -3 -1 -2 0 -6 0 2 -9 0 1 -7 -4 11 -1 2 1 2 4 -9 -7 1 -2 -4 -1 4 1 -3 1 8 12 2 2 -1 -2 -2 -1 -3 1 3 0 4 0 -2 2 -3 -3 1 0 5 2 -5 -3 2 -3 2 -1 -8 -3 -1 1 -3 -4 3 1 0 -3 0 -1 -7 2 -1 8 12 -3 1 2 7 3 0 -4 -2 5 1 0 -3 -4 1 -1 -3 0 -2 -2 -2 -2 -4 -6 7 4 -5 1 -5 2 2 -3 -2 2 1 0 -11 -5 0 2 2 8 -1 -6 -3 4 -2 -3 -5 4 4 5 -3 3 0 4 0 18 4 -7 0 5 11 1 1 6 3 2 2 -1 -1 -8 3 0 3 0 -4 -2 0 4 -2 3 -4 0 -3 -1 0 14 4 5 0 4 0 6 -6 -1 4 2 -1 0 -1 -3 4 -1 -2 2 4 -1 -2 2 -5 1 -2 0 0 5 5 -2 1 6 -10 8 -5 3 -1 2 8 2 -7 -5 -5 -8 -1 2 3 3 -4 -2 -8 4 -4 -1 -3 -1 0 1 1 -1 0 -19 -4 1 -3 3 0 2 0 3 -3 2 0 -7 6 -4 -1 2 -1 -2 -13 2 3 -2 -1 -1 9 3 -10 2 0 2 -1 1 -4 2 -5 3 -6 -1 5 12 3 1 2 -5 1 1 -4 -2 2 19 -4 -2 -2 1 -7 0 -1 -1 3 6 -7 0 -2 -6 -1 -2 -6 -3 6 -1 4 -5 -4 -4 2 -5 5 1 0 5 -3 -4 -3 6 0 -3 -3 0 0 -5 2 1 4 2 -3 -5 -1 -2 2 -8 -3 2 -9 0 -3 6 1 -2 -6 1 1 4 2 2 -3 0 0 6 -4 0 7 1 1 2 -3 -4 3 -2 -1 5 0 7 2 -2 -4 -3 -5 -2 -8 5 -1 1 -2 1 -9 -1 -1 -1 7 2 -1 -1 0 -6 0 -1 -1 -1 -5 -3 4 2 -12 1 -6 -4 -1 -3 -4 0 1 -1 0 -4 4 0 0 1 1 2 7 3 0 0 1 -1 -1 -10 -1 2 -4 2 -1 0 -2 -1 -2 0 1 3 0 -3 1 2 0 -3 -4 -2 4 -2 -10 9 16 0 2 4 -2 1 3 0 2 1 -16 6 -4 2 0 3 2 4 -1 1 0 -4 -1 -12 -1 3 3 -4 -1 4 6 -4 6 5 -1 3 7 1 3 -3 1 0 2 -3 2 2 0 -5 -4 4 2 3 0 -1 -2 -2 2 -2 1 1 5 -5 17 -1 -2 5 -1 5 0 0 3 -4 2 -2 -1 0 -1 -4 3 -1 -4 -3 1 -1 -3 -1 4 -3 7 -8 6 2 -1 0 -4 2 1 1 0 6 2 3 -2 -1 3 8
L 3 170 0 14 1 1 1 -5 -6 3 1 -2 0 -1 2 1 1 8 -2 2 0 4 -5 4 1 -2 0 -9 3 1 -3 -3 4 2 -6 4 0 -4 -4 -4 0 3 1 -3 1 1 9 -1 0 1 0 0 4 3 5 1 0 5 8 0 6 7 1 4 0 -2 2 1 -2 -3 -10 -4 -3 -1 -2 -2 -1 0 4 -2 6 4 -3 0 1 3 2 2 -5 2 1 -2 4 6 5 2 -3 0 9 1 -2 1 0 0 -3 -7 -1 3 4 -4 3 -3 -3 -3 -6 5 -2 -2 -1 2 -2 1 1 -7 3 2 4 3 1 -3 1 1 -13 0 -1 5 8 -3 5 2 4 2 3 -4 1 9 2 3 0 0 -5 -2 1 -2 -3 8 3 2 -1 0 -1 4 -2 3 -2 -2 7 -2 5 -3 1 -14 -3 2 0 -3 14 0 0 -1 -1 3 -1 -7 4 -2 0 -3 -3 3 9 4 2 -4 2 0 2 2 4 -1 2 3 -2 4 0 -2 -3 -7 -3 1 2 5 1 -1 3 3 -18 1 0 0 -1 -1 -4 0 6 -3 1 0 -2 1 -2 0 2 -7 1 14 2 0 2 2 2 7 24 -1 5 7 -2 0 -2 -3 4 0 7 4 2 3 4 -1 -5 -8 15 -4 19 13 6 -4 0 -5 -3 3 -2 0 4 2 1 3 -5 4 2 8 7 -1 -6 -3 0 0 -3 -5 -8 -7 -1 -4 0 -5 3 -3 0 -2 5 -4 4 1 -6 -2 -1 -1 0 3 1 -4 2 0 -5 -19 2 1 2 2 4 6 3 -1 4 -3 5 0 1 3 6 -3 0 1 -4 -1 0 -2 2 5 1 1 -2 -1 -2 -2 1 0 2 3 2 -1 1 -3 -1 3 -1 0 5 1 4 -1 3 -3 -1 5 -3 -2 3 -3 3 -6 5 -1 0 -6 4 -6 -5 -3 2 -1 1 -3 0 -1 -1 -3 1 -8 1 1 -2 -1 0 0 2 9 -3 0 0 -2 7 0 5 -2 -1 1 -1 2 0 -4 -6 0 -8 -1 1 0 -1 0 -2 -2 -1 -6 -7 -3 -2 -2 -1 -4 0 22 4 -2 0 -1 -5 0 -3 7 -8 2 -2 -1 2 3 -4 7 2 4 1 0 3 11 -4 0 2 3 -3 0 -3 4 0 -1 0 3 5 1 -2 -5 -1 7 -1 1 2 1 2 13 -14 -1 6 2 3 0 0 0 -6 2 19 -3 -4 -1 0 -5 -1 6 3 3 5 3 6 9 3 -1 -4 2 -1 -6 1 4 -3 -4 3 -3 7 1 0 5 0 -2 -1 1 2 0 -2 1 0 -5 -2 -12 4 3 1 2 -1 0 2 -1 5 3 -15 0 0 1 -2 -3 1 -2 -2 6 1 1 -2 -16 0 -15 5 2 -1 2 -2 2 0 1 1 3 -2 17 -11 0 -2 0 4 -3 -2 -3 4 -5 3 -5 4 1 -2 8
L 3 171 0 6 1 -7 -2 2 6 2 0 -2 -1 -2 1 2 2 6 -7 -4 -1 -8 1 3 0 0 -3 -5 0 -4 6 0 2 -9 -6 2 -4 0 -4 2 1 1 1 -1 1 0 7 -2 0 0 3 0 4 6 0 -1 -2 6 13 1 3 1 4 3 5 -2 -6 -1 3 -6 -15 0 -1 -4 3 0 0 2 2 -2 13 2 -7 2 1 0 4 2 -1 -2 -1 -3 4 4 8 3 -6 1 0 0 0 4 -3 0 -10 -4 4 2 0 -4 15 -6 -3 -4 -11 4 -2 3 1 9 1 -1 3 -21 1 0 2 0 2 -2 1 2 -2 1 1 1 4 5 -3 2 0 1 0 -3 0 6 2 0 0 1 5 -2 1 0 -4 -4 0 3 5 3 -1 0 -4 -1 -5 0 10 -7 1 -6 2 -7 -5 1 -1 -8 12 0 -4 -1 1 -1 0 -4 -3 14 0 -1 -2 3 7 4 -5 -3 2 -1 0 -2 3 0 2 -6 0 17 -1 -2 -1 -3 4 2 -1 3 3 -2 3 4 -15 -1 0 -2 0 -2 -8 0 2 1 1 -5 -3 -1 -1 -2 0 0 -1 12 5 1 3 1 0 7 8 0 3 1 -1 0 0 -2 3 1 5 -2 5 2 5 1 -6 -4 3 -2 7 12 -4 -2 6 -4 -2 2 -3 -2 3 -2 1 7 -4 -2 1 10 3 1 -3 -3 7 0 -1 1 -13 -9 -4 -2 1 2 2 -6 -8 1 4 -4 8 -2 -13 -5 0 1 0 -2 1 1 0 -2 0 -14 2 0 2 5 3 5 3 0 7 -6 4 1 1 0 3 4 -6 2 -3 -2 -1 -1 1 5 -1 1 -4 -1 2 -2 3 0 1 4 4 -1 7 -3 -4 -2 1 7 5 -1 4 2 1 -1 -4 2 -4 -3 -3 -6 4 -2 3 5 -1 -6 -1 -10 -2 -1 4 -5 -1 1 2 -6 -7 2 0 -10 3 -1 -4 1 2 2 3 11 -2 -1 0 1 7 3 -3 1 -3 0 -5 5 12 -1 2 2 -1 0 0 -2 -4 -6 -1 0 1 2 -4 -2 1 -2 8 -3 -1 7 3 -2 2 -1 -1 -5 -1 2 -12 3 -5 -3 -1 2 -6 0 0 0 2 4 -1 11 -1 0 3 -1 -5 -2 -4 3 2 0 -1 5 2 0 4 0 -7 3 1 2 -2 4 -5 0 -17 1 4 3 1 -4 0 -3 -3 4 14 -2 -2 6 -1 -2 -5 9 0 2 5 3 9 4 -2 -4 -2 5 -2 -2 0 1 -5 1 -3 2 7 2 -2 5 -4 0 -3 7 2 1 -1 2 2 -5 -2 -21 -1 4 4 3 -1 4 1 2 2 3 -26 0 2 -3 6 2 1 -2 -3 7 0 2 -1 -3 3 -4 5 -1 4 0 -4 5 1 0 2 7 -4 5 -3 1 -1 -2 1 -4 1 -1 -1 -5 5 -4 2 4 -2 8
L 3 172 0 63 1 2 1 -3 -10 -3 0 0 0 -1 -2 0 -5 -7 1 5 -2 9 0 -5 -3 -2 0 5 -2 3 -4 4 -2 5 4 -1 1 1 2 6 -3 1 -1 2 -2 -1 -9 2 0 -2 -4 0 -2 -3 9 2 1 -2 -4 -1 -2 5 -2 -1 -2 0 6 1 -1 5 8 -4 -1 4 -2 2 -1 2 -4 1 -6 -1 6 0 0 0 -3 -7 0 2 3 2 -4 -4 -6 -1 8 -1 1 1 1 0 1 0 6 2 0 -3 -1 3 -10 6 4 4 11 -3 2 -1 -2 -6 1 -1 -4 25 0 1 0 0 -2 2 1 -1 -12 0 2 -1 -2 -3 4 -2 -2 -3 -2 2 0 -2 0 -3 -3 -1 -5 0 0 1 7 5 -1 -2 -5 0 0 -4 5 0 0 3 -8 9 2 3 -1 0 3 0 -2 1 -8 3 1 0 2 -3 0 4 2 -7 1 0 2 -5 -6 -2 13 5 0 -1 -4 0 -2 7 0 3 0 -12 1 0 4 8 -1 -4 0 -2 -6 2 -2 -6 8 0 2 0 1 1 2 -1 0 -2 1 1 3 5 0 3 5 7 -3 0 -3 1 -2 -2 -1 -1 -9 -5 1 4 4 1 4 3 -1 1 -6 0 -4 -1 -2 -1 2 9 -6 3 0 -8 2 1 0 1 0 -2 2 3 -4 1 -4 -3 2 2 0 -6 -5 -2 1 3 -6 -3 0 1 18 7 -2 2 -1 -2 0 5 -3 0 -7 4 -3 5 6 4 0 0 1 0 -2 3 -1 0 3 5 -1 0 -1 0 -7 -5 -4 -3 -12 4 -5 0 0 2 -2 0 1 -3 2 5 -2 1 -1 -2 2 -1 4 -1 -6 4 -2 3 -4 -6 -4 -2 -3 3 1 0 -1 -4 -2 0 4 -3 -3 1 6 -1 0 -2 2 4 -2 2 -4 -4 -1 2 7 3 4 0 -3 -3 4 1 0 4 4 0 3 3 -1 1 3 -2 -1 -2 -1 -6 3 1 -3 -1 0 -1 15 -2 -1 -4 1 -1 -10 5 -4 3 3 0 -2 -3 2 -3 1 0 3 -6 4 6 0 1 -6 1 4 8 -2 1 -2 -2 1 4 2 3 1 -6 6 -1 -2 0 5 -13 -1 -2 -3 -2 1 -13 3 0 -7 -1 -4 2 6 -3 3 -2 1 -8 -2 -2 0 1 2 -7 1 -2 5 -1 0 -8 12 1 -12 -1 -2 2 2 4 3 -5 -8 1 4 2 5 -1 2 -7 -1 -3 -3 1 -2 -3 -2 1 5 -4 3 0 -1 -3 9 -2 0 -1 5 1 4 -2 1 -3 2 -5 -1 0 0 -2 -1 2 4 8 -2 0 -3 -3 0 -4 -1 0 4 -3 16 0 -3 -2 -4 3 1 1 2 -5 -1 -1 0 8 -2 0 -4 3 -1 -1 0 -3 1 -2 -3 -4 6 0 0 1 0 1 -1 2 2 2 -5 5 -4 2 -3 -3 0 8
L 3 173 0 54 1 2 -1 1 5 3 0 -4 -2 -1 -1 5 3 1 -1 -7 0 -7 2 1 -1 4 -1 4 -1 -1 0 -8 7 -9 -6 0 -3 1 -1 3 -2 -2 1 2 5 -1 8 -1 -2 9 3 -2 5 4 -5 2 -4 2 6 -5 6 2 1 -2 8 1 -7 -1 5 -2 -6 -7 2 -2 3 1 -1 1 5 0 -1 -3 -7 -1 2 -3 4 1 0 -1 -6 -1 3 -1 3 1 -4 0 20 1 3 0 1 3 -12 -2 2 1 -4 0 16 0 -1 -8 -11 1 -5 2 -4 0 3 1 3 -8 -2 -1 2 0 -1 0 2 1 0 3 3 1 2 8 -11 0 1 -1 1 -1 -1 0 4 -4 -2 -1 16 2 -2 -2 -3 -15 0 3 4 -1 -1 -1 -2 -6 -10 0 4 -2 -3 -8 -2 -20 -7 7 -4 -11 -4 -1 -4 -7 -2 -6 -1 8 -2 16 -1 1 -3 1 2 1 0 -5 1 -2 1 -3 2 0 1 -15 -4 5 0 -4 5 3 5 3 -3 1 -4 -1 1 3 -4 -1 1 -2 -2 0 -5 0 2 1 0 -1 -2 -4 -4 -2 -2 -1 8 13 7 1 5 0 -7 1 -8 3 4 8 3 0 -4 -1 4 2 12 -1 5 1 2 -1 -3 1 -5 -1 -5 10 -6 -1 5 -4 -3 -2 -1 -3 1 -1 1 12 -3 5 3 2 3 3 9 -2 4 2 -1 0 -4 -1 -2 -3 1 0 2 -2 -7 0 5 -5 8 -1 -14 -8 -3 -1 -2 1 -1 3 0 0 1 -24 2 1 1 1 10 -2 1 -1 -1 -4 6 0 -1 1 3 3 3 2 -6 1 -4 6 0 5 -1 5 -5 -4 2 -5 7 6 3 1 -1 -2 -5 -1 -1 -2 0 1 -1 -3 6 5 -1 1 -2 5 -1 -2 3 -2 2 -5 -3 4 4 -1 -2 -5 -1 2 2 -6 1 -6 1 -6 -21 0 1 -2 1 5 -3 2 3 -3 -1 -8 -1 3 0 2 9 5 7 5 0 0 0 3 16 0 3 4 0 1 2 0 -2 -1 1 1 -1 3 11 4 -4 -1 7 -2 5 4 -2 4 2 2 0 0 4 -3 -4 0 -3 -1 -4 1 -7 -12 1 -2 2 6 0 10 2 -2 2 -1 -1 1 0 1 4 -1 -3 -2 -2 0 2 5 -4 0 2 4 -4 2 13 -15 -14 1 -3 -3 4 -1 -1 1 1 1 13 -2 4 4 -1 -3 -1 1 -3 -3 1 5 6 7 -3 -6 -1 5 1 -1 -5 4 -4 -2 -5 0 -14 1 -4 3 -3 1 -4 8 -1 -1 0 4 1 -1 0 -4 -3 5 5 2 -3 2 -2 0 -4 6 -24 1 1 -5 2 -2 2 0 -1 6 1 2 1 7 4 10 -2 -2 6 1 -4 4 3 1 1 5 -5 -1 2 -2 0 -2 3 -3 1 2 -9 -6 -1 -2 2 7 -3 8
L 3 174 0 12 1 -1 1 -5 5 4 0 -1 1 4 2 1 2 5 1 -8 1 -5 2 3 1 0 -1 -8 2 -1 0 -2 3 8 -5 4 2 -5 -2 -4 4 -2 0 1 -1 1 12 -3 -3 -2 2 0 4 0 -3 0 -1 -2 4 2 5 2 0 1 3 2 -2 2 -1 -4 -7 1 -4 -5 -2 -1 3 1 3 -3 3 3 -1 1 3 1 5 8 0 1 -2 -1 6 6 3 4 -4 3 -3 2 -1 2 3 3 0 -5 -1 3 0 -2 11 -9 -1 -3 -13 4 -3 -1 -2 3 -2 2 3 -18 0 0 1 3 4 -1 2 0 -5 -1 -1 2 4 2 0 -2 3 0 2 -3 4 6 0 3 4 -2 7 2 0 -3 -5 2 5 0 3 -2 2 6 0 1 2 -3 9 -7 2 -2 2 -10 -4 1 2 -1 8 2 -4 -1 -1 2 -1 -12 3 10 0 0 -3 4 7 8 -5 -7 2 2 1 2 4 -5 5 -2 0 12 -2 2 -5 -8 0 1 1 4 -3 -3 1 4 -15 4 -3 0 -4 -1 0 1 6 0 2 -1 -2 -3 -1 -1 -5 -6 1 9 4 -2 3 4 2 -4 24 3 2 -6 -5 -1 -1 -3 2 -2 9 -1 6 0 4 3 -2 -11 9 0 8 10 0 -3 0 -6 1 1 -2 -3 6 1 4 10 -2 -1 -1 10 7 0 -1 -2 7 3 0 4 -18 -6 8 -4 1 0 4 -2 -1 0 10 -3 4 1 -11 -4 -3 1 0 -3 2 -6 0 1 -4 -6 1 -2 0 -2 5 5 6 2 15 -4 5 -3 0 -1 3 2 0 3 -5 -4 0 -4 3 2 -2 2 -2 2 3 -3 2 -2 6 4 3 2 5 -1 0 5 0 4 2 0 -3 0 7 0 -2 3 0 0 3 -2 3 -4 4 1 0 -4 -4 -6 -3 -3 1 -2 -3 -2 0 -6 -5 2 -2 -6 1 -1 -5 -1 3 1 4 12 -4 -1 3 0 4 -1 -11 -3 0 3 -1 1 11 -5 7 -1 -7 1 0 2 -1 3 0 1 1 -5 -8 -2 -3 -2 3 -3 -12 7 4 -2 1 -1 -3 -3 -3 -5 -3 6 -4 0 4 2 -4 13 2 4 2 -4 -1 10 0 -1 6 -3 9 1 -6 3 -2 3 1 5 4 2 -2 -6 -1 9 2 5 -3 1 -4 11 -17 -2 4 1 2 -3 -2 -4 -6 5 12 -5 -6 -4 -3 1 -5 8 4 5 4 -1 6 8 5 -3 -6 4 0 -6 0 5 -4 3 5 1 4 2 -2 5 -1 0 -3 6 0 -1 -1 2 3 -4 -1 -13 2 4 3 11 -1 5 2 3 -3 5 -17 -1 2 1 3 -3 1 -5 -2 4 0 3 0 -14 -1 2 8 0 -2 2 0 2 3 2 0 5 -5 12 -7 0 0 0 2 -2 -5 0 5 -1 -1 -1 5 1 1 8
L 3 175 0 42 -1 4 3 0 -8 1 1 1 2 2 2 -4 -3 -6 0 -1 3 5 2 -5 -3 2 2 8 2 5 -4 5 -4 -2 8 -2 2 4 3 6 -1 -3 1 3 -1 -2 0 -1 0 -6 -2 -1 -2 -5 4 3 3 -11 2 3 -1 -9 -1 4 1 1 4 -1 -3 3 13 7 1 7 1 3 0 2 1 0 -4 -1 3 -2 1 -2 -1 -5 2 1 2 4 -5 -8 -4 -1 7 -1 -1 1 3 -2 1 1 2 2 3 0 -5 4 -7 -1 5 2 14 -1 1 2 -1 -2 0 -2 -5 39 -1 0 2 2 -5 4 -1 -4 -5 0 -1 -6 -4 -2 0 1 -4 -2 -2 2 -1 -4 -1 -3 -1 -3 0 4 -1 2 3 6 -3 -1 -2 0 1 -2 3 5 -2 4 -6 -13 -3 1 2 -4 -1 -2 1 3 -1 8 -1 -1 1 0 2 -9 5 4 -2 1 3 -3 -3 -1 10 5 3 -2 -5 -3 -2 5 2 -1 4 -9 -1 1 5 6 -3 -3 2 1 -6 -2 -4 -3 3 5 1 -2 1 -1 -3 1 -4 1 0 0 2 1 4 3 6 7 -8 -8 -4 5 2 -2 0 6 -8 -6 -2 -5 4 0 5 -1 -2 0 -4 1 -6 3 -4 -4 5 5 -1 1 -18 2 0 1 -1 1 0 1 3 -1 0 3 1 3 2 1 -2 -2 0 3 -8 2 -3 -3 1 3 8 3 -2 5 2 -1 1 1 -4 -1 4 2 -3 1 -1 8 -2 1 -4 -4 1 2 -2 -3 1 -4 -2 -3 -1 2 -14 -2 -4 -4 -7 3 -2 0 1 -7 -1 0 0 -1 3 4 -2 -3 -2 0 3 -4 3 -2 -1 3 0 2 0 0 -6 -2 1 6 0 -1 0 -4 -6 -1 2 -4 -1 3 5 -2 -1 2 0 -4 -3 5 -3 -5 -3 1 9 6 8 0 -3 -10 1 2 -2 -2 -7 -1 0 3 -3 -2 2 4 -1 -1 2 0 4 -1 -1 -1 10 2 9 1 -1 -3 1 3 -11 3 -4 2 1 3 -1 -4 -2 -6 0 -1 6 0 3 1 0 1 0 3 -3 -4 1 -2 1 -4 4 3 3 -10 8 -6 2 1 -1 0 8 -11 -1 -2 -1 -2 -1 -11 3 0 -7 -2 8 -1 0 -5 1 -1 -1 -6 0 -5 2 -1 -2 -4 0 4 0 1 4 -7 10 3 -9 -2 0 5 2 0 6 -5 -11 2 -1 4 3 -2 3 -3 0 -5 -3 0 2 -6 1 1 6 -1 4 12 1 -5 7 4 1 -1 19 -3 2 -1 2 -2 -4 -3 0 -2 1 0 -1 5 -1 11 -3 1 -2 -5 1 -3 -5 3 8 -1 12 -1 -2 7 -6 8 3 0 0 -7 -3 -1 -1 6 0 8 1 2 -1 2 -2 -3 -1 0 1 -2 5 -2 2 0 1 0 1 2 4 4 -8 10 -7 1 -4 2 5 -8
L 3 176 0 37 -1 12 2 -2 9 4 2 -3 -1 1 2 4 3 1 -2 -8 2 2 2 -2 -2 2 0 0 2 1 -4 -4 3 4 -6 0 2 0 0 -3 3 0 2 0 1 0 8 1 -2 5 1 -1 7 5 -12 0 -1 3 -6 -4 10 2 -1 6 4 0 -4 -2 3 -3 -8 -11 0 -2 -1 3 5 2 3 0 -1 0 -5 1 2 0 4 3 0 0 -4 -2 4 2 -3 2 -3 1 0 2 0 -1 2 4 -3 -1 2 3 -1 0 8 -5 1 -8 -10 4 -2 -3 -6 -3 -2 3 1 6 -1 0 4 5 -2 0 2 -1 5 3 0 2 5 5 -1 -2 5 1 4 -1 0 4 2 -3 -2 0 6 6 0 -2 -3 -3 1 7 6 -4 1 3 2 -3 -3 -6 4 -10 0 -4 0 -17 -4 6 3 -5 -6 -1 -1 -6 -1 0 0 -2 2 8 -3 1 -4 0 6 4 -4 -2 2 -4 3 1 2 2 1 -13 -2 -5 -2 -5 -1 -10 5 0 -5 -1 6 0 0 3 -7 0 1 -3 -4 1 2 -2 3 -1 1 0 -1 -4 -3 2 0 -5 8 -8 5 -4 3 -2 -6 3 10 3 5 3 -1 -2 -3 -2 3 1 6 -2 4 2 4 -1 -1 -4 0 -1 -4 21 5 -1 2 -4 -2 0 0 -3 3 -3 2 5 -5 6 0 1 4 0 7 -3 -4 1 1 0 -14 -7 11 -1 -2 -1 0 -3 2 -3 7 -4 8 1 -5 -11 -1 -1 -3 4 1 -2 5 1 -2 -24 3 1 1 0 7 2 1 -2 0 -6 6 3 2 1 0 1 4 2 -5 -1 -4 3 4 5 -2 3 -2 -2 2 -6 2 3 2 -6 2 0 7 1 0 4 -2 0 -5 -3 3 3 1 1 -1 9 1 -2 9 0 3 -5 0 3 8 -4 -1 -1 -5 -2 3 3 0 -2 4 0 -4 0 0 -6 5 2 -3 2 -1 -4 0 0 -2 -1 3 2 5 2 9 -8 1 0 2 2 9 0 -2 1 -9 0 1 1 1 5 -1 2 1 3 2 0 -4 -1 13 0 4 3 3 1 4 -1 -1 2 1 4 -5 1 -1 -1 0 -4 -7 1 0 0 -2 3 0 12 1 -2 4 -2 0 1 1 -1 0 1 -3 -2 1 1 -2 0 -1 4 4 4 -3 2 7 -1 -19 -2 2 -1 3 -1 -1 -3 -1 -1 12 -5 1 -2 -1 -1 -1 1 1 5 1 5 1 11 3 -3 -3 4 0 -4 -5 2 -7 -3 1 -2 0 -1 -3 5 1 2 -1 1 0 -1 -1 5 2 -3 -3 -7 1 2 2 -3 2 2 -1 -3 -2 4 -14 2 2 -1 1 -4 1 0 -4 2 -2 3 0 -2 0 1 1 1 2 3 -2 3 3 2 -1 3 -6 11 -10 -1 1 -1 2 -2 -2 0 2 -5 1 -4 3 2 -1 -8
L 3 177 0 1 1 1 1 1 -2 -1 1 5 2 -3 1 -6 -1 -2 -4 8 -1 -1 0 -1 -3 -6 2 -1 -2 0 2 9 -6 -7 6 0 0 2 -1 2 3 2 0 -1 -4 0 -7 0 1 -7 1 0 -6 -3 5 1 3 5 -7 6 -7 -5 1 1 -6 -1 3 -1 -4 0 2 5 -2 2 -2 0 3 1 -3 -1 5 4 2 1 -3 2 -1 -4 2 -2 5 3 -5 -1 -2 -1 4 -1 -15 0 -1 1 -4 -4 7 2 2 -2 2 2 -16 5 1 7 10 -2 3 1 4 6 -2 -2 -2 -1 1 -1 0 1 1 -1 -3 -3 -1 -4 -2 -3 -4 -4 8 1 -7 0 -3 1 -1 -3 -2 2 2 2 -22 -4 4 4 1 8 -5 1 -1 2 0 -3 1 4 5 5 -1 -7 -1 2 2 21 5 -3 4 3 0 3 2 8 4 4 3 -8 1 -9 0 -1 3 -1 -5 -2 0 5 -2 2 -3 -1 -2 2 0 0 4 -9 -1 5 -1 1 -3 -3 3 -2 7 -2 -1 -2 1 -2 -1 1 4 -1 -2 2 -2 -1 -1 -2 3 6 2 -1 3 5 -10 -7 -4 1 -4 1 2 3 3 -2 -2 -8 0 0 5 1 -5 3 -12 -2 -5 1 0 0 1 7 -2 1 -1 -2 3 3 -4 3 2 3 0 2 -1 -2 1 -11 2 -3 -4 -1 -6 -5 -7 2 -5 -2 2 5 4 -1 -2 5 0 3 -1 0 6 2 -2 4 -3 0 16 9 4 -1 0 -3 3 2 0 -2 1 24 -2 -2 0 2 -19 3 0 0 -3 4 -4 0 1 1 -2 5 -6 -1 6 0 4 -5 -1 -3 4 -8 5 2 -2 3 -5 -2 -3 3 1 0 13 0 0 -1 1 2 1 1 -1 -6 1 0 0 -3 -1 1 -3 2 -1 7 1 -2 -8 0 2 1 -3 0 1 3 -2 3 -1 4 16 3 1 2 -1 -6 3 0 -2 3 1 2 4 -3 1 -1 -2 -2 -6 -4 0 0 0 3 -11 7 -3 -2 6 3 -2 -3 -1 0 1 0 4 2 -8 -5 7 1 -6 3 -4 -9 3 -5 -1 -3 4 -2 -1 5 4 -3 2 -1 1 -3 4 2 -4 0 -2 -2 0 -13 1 5 -3 -1 -1 -3 1 -2 0 1 3 3 2 -2 2 -1 -1 -3 -2 -3 2 2 -4 -4 15 0 -5 4 -5 3 1 0 1 1 -13 -1 -4 3 2 0 2 -3 1 1 -1 -3 -6 -4 0 5 4 -4 -1 2 4 -5 3 7 2 3 20 -1 4 0 2 -1 1 -5 1 -1 2 -1 0 0 -1 0 -1 -2 -3 -5 1 -2 2 6 5 -6 22 -1 -1 2 -5 7 0 0 -1 -6 -3 0 -3 6 -1 -7 2 1 -2 2 2 -2 0 2 2 -3 4 -1 5 3 -3 -1 -5 0 2 -1 8 3 2 1 0 -2 3 8
L 3 178 0 25 -1 1 -1 2 0 2 -1 -1 0 -2 -2 1 2 6 1 -3 0 -5 -3 5 1 0 1 -5 0 -3 -4 -3 8 -7 -8 4 -1 -6 -3 -3 -1 0 1 -3 2 2 8 -2 -1 5 3 0 4 0 3 2 -4 5 10 2 2 8 1 -4 3 0 -1 0 0 -3 -11 -4 -4 -4 1 -2 -3 -1 4 -2 2 2 -5 -3 2 2 1 6 -4 0 -3 0 4 7 4 2 -4 1 12 1 1 1 0 2 0 -5 -2 1 3 -1 6 1 -4 -7 -12 4 -3 0 -2 2 2 1 4 -37 0 0 -1 0 5 -3 0 2 -8 -2 2 1 4 2 -7 0 1 0 3 -3 -1 5 0 3 4 0 0 -4 3 -1 -5 -4 4 0 1 -3 0 5 -3 -1 -2 -2 7 1 0 -6 0 -10 -2 3 0 -5 0 -1 -1 0 -4 0 -2 2 -2 1 3 -1 -2 3 4 2 1 -6 -2 7 3 1 2 -6 4 1 -4 13 -1 0 -2 1 1 3 4 3 -5 -2 4 3 -15 -1 0 2 -2 -1 -4 0 4 -1 1 -1 -1 -4 -4 -5 -6 -8 6 25 3 -3 1 3 0 -4 17 2 2 9 -4 0 -4 -2 1 -2 9 0 4 0 3 2 -3 -5 10 -1 15 7 1 -1 -2 -5 0 -1 -5 -2 4 -1 1 4 -1 2 3 5 6 0 4 -3 5 5 -2 -1 -7 -1 -3 -4 2 -1 6 0 -5 1 5 -4 4 -2 -8 -1 -3 0 1 0 -1 -2 1 1 -4 -8 2 2 2 0 10 1 4 1 12 -4 6 -1 -1 6 1 1 2 4 -5 -1 0 1 2 2 -1 2 -3 1 1 -1 3 0 4 8 2 2 -6 -7 0 1 0 1 6 0 2 4 4 -1 -6 2 -2 -1 2 -3 3 -5 5 2 -1 -4 -6 -6 -4 -1 3 -3 -1 -5 -1 -4 -7 -2 0 -2 -2 1 -4 -2 4 -1 -1 -5 -3 3 1 1 4 0 1 7 0 4 -1 0 9 2 6 0 -3 0 2 1 -1 6 1 1 0 -8 -3 -3 -2 -4 -6 -3 -4 10 1 1 1 2 -1 -1 -2 5 -3 2 -4 0 1 6 -4 4 0 5 4 3 3 11 1 0 5 2 0 2 -1 7 1 1 1 6 3 4 -3 -1 1 7 1 -2 -3 0 7 11 -13 -2 6 -2 3 -3 -4 2 -5 4 16 -2 -2 -5 -3 -1 -3 4 3 -6 3 0 3 6 1 -4 -6 2 0 -4 -1 6 -5 -4 1 -1 -17 0 -5 2 0 1 -3 7 -1 -1 1 0 2 -4 -1 -2 2 3 2 6 -2 2 3 3 -4 3 -16 0 2 3 3 -7 2 -1 -1 5 2 2 0 -10 -2 0 3 -1 0 2 1 2 1 1 1 4 -4 9 1 -1 0 -1 2 -3 -3 -2 0 -8 1 0 4 1 -2 -8
L 3 179 0 58 1 2 -2 0 7 1 -1 -2 -2 1 -3 4 5 2 4 -1 -2 -3 -1 3 2 0 -2 0 -1 -1 -1 -10 6 1 -7 -1 0 -3 1 -5 1 0 -2 0 2 2 3 4 -2 7 1 -1 3 5 -10 -3 -4 13 -12 -7 5 4 0 -3 1 0 -3 -1 5 0 -7 -10 2 -4 1 0 0 -3 0 1 -4 -4 -4 0 0 0 2 6 -1 1 -6 -3 4 3 -2 0 -6 1 8 -1 0 -2 0 1 -4 0 -4 -1 0 -2 6 2 -2 -5 -9 1 -2 -3 -2 -6 2 4 5 -14 -1 0 0 -1 1 -3 2 3 11 2 2 5 2 4 -1 -3 6 2 4 1 1 2 2 -2 -3 1 7 0 -2 -4 -2 -9 2 2 3 -4 -1 2 -3 -8 -2 -5 0 10 1 -3 -3 -8 0 4 -2 -6 -9 -10 2 -5 -3 -4 -2 15 -4 -2 3 1 -3 -1 1 1 -10 -3 -4 0 5 2 1 -4 -3 -7 -5 -2 1 -5 -1 -6 4 3 -5 -2 4 2 2 2 3 -3 0 0 -3 4 4 -2 4 0 0 4 -2 -3 -4 -1 -5 -6 16 8 5 -6 -1 -1 -4 -7 -3 5 2 8 -2 1 -6 2 2 1 6 1 5 -4 2 2 -3 -4 0 0 1 -1 0 0 2 -2 -1 -4 0 -1 -1 -3 -1 1 -1 6 5 0 3 -1 10 -3 -1 3 0 -3 -5 0 5 -3 -2 0 0 1 3 -1 -1 -3 3 1 -1 -11 0 -1 2 5 -2 -3 3 3 1 -11 1 3 0 -4 21 -2 2 2 2 -2 3 3 -2 3 1 -2 5 1 -2 -2 -1 8 1 0 -3 6 -2 -2 3 -4 3 2 0 -3 3 0 -7 -2 1 1 -1 -2 0 0 1 6 -1 -2 -1 4 3 -2 4 7 2 -8 -1 4 8 0 -8 4 -7 2 1 12 2 -2 3 2 -3 -1 1 -1 5 4 -3 -2 1 -2 -3 -10 -4 4 1 3 -8 0 6 -2 2 2 3 -3 16 -2 -1 -1 -4 -2 2 3 3 6 0 2 -7 3 8 2 -5 0 2 -1 7 1 -3 6 0 5 -2 2 0 6 -1 2 1 0 1 -2 -9 4 1 -1 -1 4 0 13 0 -1 6 3 -4 3 1 1 -2 1 -1 1 -4 4 -2 5 4 4 1 -1 -3 -2 9 4 -11 -3 7 -2 3 -3 -2 0 -2 4 5 0 5 -6 -2 2 0 3 -2 6 0 4 -4 7 1 -2 -4 2 -1 -11 -4 4 -6 -8 -2 -2 -28 1 -2 0 0 4 4 2 -1 2 -2 1 -2 -1 2 2 2 -1 3 -1 1 2 2 -4 -10 4 -6 2 2 -3 2 -10 -3 2 0 4 3 1 1 -1 0 4 -3 -3 2 -1 1 5 2 0 -2 1 -4 0 -1 -1 1 1 0 0 -5 -2 2 -8 3 0 3 0 -4 8
L 3 180 0 2 1 7 0 7 5 1 1 -4 1 2 1 4 3 4 -3 -13 4 3 0 1 0 1 -1 -4 5 0 -2 3 1 -2 -4 0 0 -3 -3 -6 0 -2 0 -6 0 1 13 -2 0 5 4 3 6 5 -8 -1 0 -7 18 2 1 3 1 8 4 -1 0 -1 2 -7 -13 0 -3 -1 -1 0 -2 0 3 -1 3 2 -4 -1 0 0 1 8 -3 -1 -3 -4 4 6 6 1 -8 4 -1 2 -1 1 2 0 1 0 2 4 4 -3 9 -9 -7 -7 -11 5 -3 -1 -3 -1 -3 1 1 -13 1 -1 -1 0 1 -3 0 2 6 3 -2 -1 8 1 -6 2 3 -1 5 -2 -1 8 -1 4 1 1 2 2 2 0 -5 2 3 1 2 -1 0 6 -2 4 0 -7 8 -9 -1 -2 1 -10 -3 -1 3 0 4 -2 3 0 -3 4 1 -3 0 5 -2 -1 -2 5 9 2 -3 -4 4 1 2 2 3 -1 6 3 0 12 -2 -1 -6 -9 3 2 2 0 7 0 4 4 -17 0 -2 -1 1 -2 4 -2 2 3 0 -1 -2 -7 -2 -3 -4 -12 3 -9 1 -3 6 -1 0 6 16 2 2 4 -6 -1 -5 -5 3 -4 7 -3 3 1 3 0 -1 -10 10 -3 12 14 3 -3 0 -1 -1 2 -1 -2 4 -2 3 0 -1 -2 2 1 5 3 0 -2 5 1 0 -5 -14 -6 1 -1 -1 0 1 -3 -3 -1 10 -6 3 0 -10 -2 -2 0 0 4 2 -3 1 1 -6 -18 3 4 2 0 8 7 2 -1 14 -6 5 2 3 2 1 -4 2 2 -4 -2 0 -1 4 3 -5 2 -11 1 3 -2 0 -2 3 5 -1 3 2 -5 -2 3 -2 2 4 -2 1 5 5 3 -8 5 -3 0 0 -13 4 1 6 3 1 -3 -7 -4 -3 -5 4 -1 -2 3 -1 -1 -1 -1 -3 -4 0 -1 -5 1 -1 0 -1 10 -4 -2 3 0 5 2 0 0 -1 2 -4 -1 2 -3 3 -1 -8 -2 1 3 -4 3 -2 2 2 -2 -7 -5 1 -3 9 0 1 2 5 2 5 -1 1 -1 -2 4 -9 7 -5 2 0 2 -5 11 2 4 3 1 0 11 -2 0 3 0 -2 0 -2 3 0 0 1 6 5 0 -3 -4 -1 7 3 2 -7 3 -4 21 -21 0 16 0 4 -5 -3 -1 -4 0 14 1 -4 -7 -5 1 -3 6 4 -7 2 -1 6 4 3 -3 -3 3 -3 6 1 1 -9 -2 2 1 -9 -3 -6 3 2 2 -2 4 2 0 1 2 5 -1 -3 -6 4 2 1 -1 3 2 -1 -2 -2 2 -20 1 4 7 10 -2 -3 -2 -2 6 0 2 1 -16 -3 -5 6 2 -1 0 1 -1 -2 0 1 2 -5 11 -9 -1 5 1 2 -1 -1 -4 3 -7 4 -5 1 0 0 8
L 3 181 0 21 -1 7 2 0 11 1 1 -2 0 -1 1 5 3 3 -4 -7 0 1 2 2 0 0 1 -5 0 -2 1 -3 3 2 -9 4 0 -1 -3 -2 2 2 2 -2 3 -1 4 -4 0 8 1 0 6 4 -6 3 -1 -2 7 -1 7 10 1 1 2 0 -4 1 2 -3 -14 -9 -3 -4 0 -1 2 1 3 -3 5 3 -3 1 1 0 4 2 -2 -1 -1 -2 3 7 2 4 -4 2 2 2 -2 3 2 2 -2 -2 1 3 3 0 7 -2 -3 -6 -15 3 -1 0 -4 4 -1 2 3 -27 0 -1 2 4 2 0 2 0 -3 0 1 2 5 4 -5 -2 3 -1 4 -4 -1 6 1 2 2 2 4 0 3 -1 -3 -5 2 5 2 -1 1 3 4 -3 -2 -4 8 0 1 -3 0 -9 -4 5 1 -3 -3 0 0 -2 -2 1 -2 -4 0 6 -3 0 -2 2 6 3 0 -6 2 -1 4 0 4 0 1 -8 -3 4 -1 0 -4 -7 4 2 -1 -1 3 0 3 4 -10 -2 0 1 -3 -2 0 -1 6 -2 2 -2 0 -2 -5 0 -3 -7 2 -8 5 -4 0 0 -3 -1 15 5 5 7 -1 -1 -3 -4 2 1 7 -6 5 2 5 4 -2 -2 0 1 16 18 7 -1 1 -2 1 -1 -3 -1 5 -2 1 6 -5 -1 -1 0 -2 1 12 -1 0 3 0 2 -13 -5 6 -3 0 0 2 -2 5 0 3 -4 6 -1 -4 -9 -1 -2 -1 4 1 -1 3 3 -3 -5 4 1 2 0 1 3 3 3 1 -6 6 -2 3 9 1 3 2 3 -6 -1 -2 1 5 4 -1 3 -6 2 -1 -4 1 0 4 -2 3 5 8 -6 -1 4 -2 3 3 0 1 4 4 2 -6 6 1 -2 5 -4 3 -4 2 2 1 -2 -1 -11 -3 -3 6 0 -2 -6 2 0 2 1 -1 -3 1 3 -2 0 1 -2 1 2 -1 1 4 2 5 0 -5 -4 1 0 -1 -1 5 0 4 0 -5 -1 0 2 -1 6 2 2 3 -2 -4 0 0 -4 11 -1 2 7 2 0 3 -1 -2 -2 -3 8 -11 3 -3 -2 0 0 -6 3 0 1 0 -1 2 9 0 0 4 -3 -2 -1 0 4 2 0 1 2 4 3 -1 -5 -2 5 2 0 -3 3 -1 -6 -17 0 -2 -1 -1 -2 -3 0 -5 2 21 -8 -1 -1 -2 -5 -3 -2 4 -2 2 1 3 10 0 -1 -5 4 -1 -6 -2 5 -6 -2 2 0 -2 1 -3 4 -2 0 -2 3 -1 -4 1 5 7 -6 -3 -15 1 1 1 6 -3 3 3 1 -4 3 -22 0 2 -9 6 -2 -1 -3 -3 7 -2 1 1 -5 1 -4 -2 2 4 3 0 1 2 2 -2 4 -8 10 -8 -1 0 -2 3 -3 0 -3 6 -8 2 -1 3 0 -2 -8
L 3 182 0 55 1 -5 0 1 0 -2 2 1 -1 -1 -1 -1 -5 -7 -1 2 -3 3 3 -4 -2 -1 2 6 -3 4 2 7 -2 -3 5 -1 0 3 2 7 0 0 0 2 -4 -2 -8 1 0 -1 -2 -1 0 -3 8 1 1 -2 -2 -2 -3 -1 -2 -5 -4 1 -2 -1 1 4 9 1 2 1 1 0 -1 2 -2 -1 -3 -1 4 0 0 -2 -1 -6 0 0 0 2 -4 -4 -2 0 7 -1 -3 1 3 -2 -1 -2 0 3 6 -3 -3 5 -3 5 1 4 7 -4 2 1 -1 0 2 -2 -5 14 -2 -1 0 0 -1 2 -1 -3 -1 0 1 -3 -3 1 -2 0 -4 -1 -4 1 -2 -5 -1 -4 0 -2 1 1 1 4 4 -8 -2 0 0 2 1 -4 4 0 -1 3 -5 4 -2 4 -1 5 1 -2 0 2 -9 5 0 2 3 -2 -1 0 0 6 -3 1 2 -5 -6 -2 9 5 -2 0 -2 -1 -3 4 1 -2 3 2 2 0 4 12 1 -2 0 0 -6 2 -1 0 8 1 3 0 2 -1 -2 -3 -5 0 -1 1 3 3 0 2 7 11 -4 -1 -2 2 0 1 -3 0 -20 -3 -1 -3 4 0 5 1 -3 2 -8 -1 -4 -1 0 -2 2 11 -16 4 -9 -8 -3 3 1 3 0 -3 0 0 -2 -1 -2 -3 1 -1 -3 -8 -5 0 5 3 -2 -2 -2 7 12 6 0 5 0 2 -1 -1 -11 1 -8 3 -2 1 1 5 0 2 1 -1 0 6 -1 -2 3 8 3 2 -1 3 -9 -4 -3 -1 -10 2 -3 -1 0 -1 -4 5 -1 -1 4 5 -2 -1 0 -3 0 -1 3 -1 -3 3 -2 1 -3 -6 -2 -1 2 4 0 -4 3 -1 -2 -3 0 -2 -1 1 2 -2 3 -1 -2 5 1 2 -3 -1 3 1 8 0 5 2 -1 -7 0 3 2 0 -3 1 -1 3 -2 2 2 2 -1 -1 -1 -4 3 -1 -2 2 3 1 8 4 -2 -3 2 2 -4 7 -1 2 6 3 0 -2 1 -6 -1 3 4 1 6 6 1 0 -1 1 2 -5 0 1 0 0 6 -1 1 -6 -1 -5 3 -2 -4 1 7 -16 -1 -4 -1 2 -1 -11 4 0 -3 2 -5 0 2 -3 4 -1 -1 -6 -6 -1 4 2 -1 -5 2 -1 3 -1 -5 -19 9 0 -11 0 -2 3 2 3 5 -4 -10 0 2 6 2 1 0 -5 -4 -4 -2 0 -2 -8 -5 2 5 -1 3 1 -1 -4 6 1 -3 0 8 1 1 -4 -1 -3 -1 1 -1 -1 2 2 -1 2 3 0 -3 -1 -5 0 -1 -3 -1 1 3 -2 6 -1 0 -3 2 3 2 1 2 -7 -5 -2 -1 14 2 7 -2 1 3 -1 -1 -1 0 0 -2 -3 3 -8 8 0 -1 -1 0 2 6 4 -7 5 -2 2 -5 0 0 8
L 3 183 0 24 -1 -3 -2 4 -8 -4 1 4 -1 -2 -2 -1 -4 -5 -1 7 -2 2 -2 -1 -3 -6 0 0 -4 1 -3 10 -2 -3 3 3 -2 -2 -2 1 1 2 -1 -4 -6 0 -4 -1 0 -6 4 0 -2 -5 12 -1 -1 -1 3 5 -6 6 -2 -6 -6 0 5 1 -3 1 3 2 -3 -3 -2 -2 -5 2 -4 -1 3 4 4 2 -2 2 -2 -5 -3 0 2 3 -5 3 2 -3 3 2 -8 -1 1 0 -1 -4 13 2 1 -4 4 0 -10 6 -1 8 2 -4 1 1 3 -1 1 -3 -2 -17 -1 2 -7 -2 4 -1 -4 -2 -11 -3 0 -2 -2 -5 1 2 -7 -3 -6 0 1 1 -1 3 4 0 -17 -6 2 2 5 1 -2 -5 -3 0 -1 -1 2 2 4 3 -1 9 -2 2 0 18 4 -3 1 3 -7 7 2 9 2 1 1 -1 2 -8 2 -2 3 0 -7 -2 11 3 -1 6 -2 2 0 0 2 12 -1 8 -1 5 -1 15 -5 -2 6 -4 -7 3 0 -2 0 -3 0 3 4 -2 -1 0 -2 0 -4 3 2 3 -2 -2 1 6 -9 13 -8 3 -2 4 2 -4 -1 -2 -1 -2 -3 2 5 3 -4 2 -10 0 -4 -2 0 0 0 5 -5 3 14 -13 -2 3 -4 1 1 0 -4 2 -2 -3 -2 -10 3 -7 -2 -3 -3 -4 3 4 2 -1 -1 4 11 9 -5 -1 1 3 2 -1 -13 4 -6 2 -7 4 8 12 2 0 3 -4 1 7 -3 -1 -2 26 -2 2 0 1 -6 -1 2 3 3 5 -4 -4 -1 2 -7 0 -2 -1 4 3 3 -2 -1 -5 0 -3 3 1 -3 5 -4 -3 -3 4 0 -1 0 -3 3 -1 1 5 8 0 -3 -3 0 -3 -3 -4 1 2 -2 7 0 3 2 -2 -4 3 -3 -7 -3 1 0 -2 0 -1 -1 2 14 2 1 4 -3 -2 0 -2 -1 2 0 -3 1 0 0 -3 -8 -3 0 7 -1 1 1 1 -7 10 8 -1 8 4 0 -2 0 -2 1 1 6 -12 -6 0 6 -2 -15 0 -7 2 -1 -3 -2 -2 5 -5 -2 5 1 0 3 1 -2 4 3 -3 -3 4 2 -2 4 -14 1 3 -2 -2 -7 0 3 0 4 -2 4 0 1 1 -1 0 1 -1 -1 -5 3 -3 -12 3 11 -1 -5 3 -3 0 -1 5 -3 3 -6 3 -2 -1 0 2 -4 -7 0 -7 -1 -3 -7 -6 -3 4 3 -5 -1 0 3 -3 5 1 3 5 -3 1 0 0 0 -3 3 -2 1 -2 5 -3 1 0 6 0 1 -2 -4 3 -1 -2 5 5 2 -6 14 0 1 2 6 -2 -1 -1 3 -6 -2 3 -1 6 -2 -3 4 2 -3 -1 3 -4 -1 2 -1 -4 5 -1 10 2 -2 -2 -3 -1 2 0 4 0 3 7 0 -4 -1 -8
L 3 184 0 38 -1 6 2 -1 -5 0 0 3 1 4 0 -5 -2 -5 6 5 2 9 -2 -4 0 -2 2 3 2 5 -5 3 -5 9 8 -2 5 -1 5 -1 1 -1 -2 1 -4 1 -5 5 0 -7 -5 0 -4 -4 -1 -2 4 0 -18 1 -3 -7 -3 3 -5 0 8 0 -4 5 13 3 0 5 -2 2 2 -3 -4 1 -9 -3 6 -1 -2 1 -4 0 1 2 2 2 -4 -4 -8 -2 6 0 -13 -1 0 -3 0 -1 10 4 -2 -2 -1 3 -16 1 4 4 16 0 3 -3 2 -9 -2 1 -3 34 0 1 0 1 -4 1 -1 -2 7 -1 -2 -2 -4 -5 10 -1 1 1 1 4 1 -3 -2 -1 -3 -1 -9 3 -1 0 3 12 0 -1 -3 -4 1 1 1 3 7 0 -10 -3 0 7 0 8 6 -3 4 8 -6 0 4 1 0 2 2 0 3 -13 2 1 2 -5 -4 -2 1 6 -2 -1 -1 2 -3 0 -2 7 4 -16 1 0 0 -2 -4 -3 0 -2 3 1 -3 -4 11 2 -1 0 0 3 7 -1 -2 1 0 4 2 3 3 4 2 2 -1 -13 -6 -2 -3 -2 2 -2 -3 -3 -3 -5 0 0 3 3 -4 -1 -9 3 -6 -2 -4 -2 5 0 4 2 -13 -9 6 2 -4 3 1 0 5 2 -3 1 -1 -8 4 4 -1 -4 0 -2 -6 1 -8 -2 2 -1 9 5 4 4 -1 -1 -1 4 6 -2 -3 4 -8 3 11 5 1 0 0 -1 0 -4 1 1 0 8 -3 -1 -3 -3 -2 -2 -4 -2 -4 5 -5 1 0 -5 -3 -5 3 -2 6 1 1 -2 -1 -5 2 -3 7 0 0 3 -3 -1 -4 -4 -3 -1 -1 5 3 3 -1 -7 -5 1 -3 -3 -2 1 6 -2 2 2 1 6 -3 2 -2 -4 1 2 4 16 1 0 -4 9 1 7 -1 6 11 -2 0 4 0 -2 3 -1 -2 -1 -1 -2 2 0 1 0 -7 -2 8 -6 0 0 3 -3 -11 0 -8 -3 -3 0 -1 0 3 1 -2 0 -1 0 0 -2 -1 3 -4 4 -1 -8 0 1 -2 -1 2 6 -1 -3 11 -4 5 2 3 -2 6 5 0 -1 -4 -5 -2 -9 1 1 -3 2 5 1 1 -5 -5 1 1 -4 -2 -2 -3 0 6 0 -1 -1 2 -2 1 12 13 -1 1 -1 -2 3 0 -1 3 -3 -20 4 0 -6 2 3 5 -1 1 5 -4 -1 -7 -6 5 6 3 -4 1 2 2 -4 5 -2 4 -3 4 -3 4 -4 5 2 4 -9 0 1 -1 -2 -4 5 1 18 2 -5 -4 -9 4 -4 -2 -2 2 -3 31 0 -1 9 -6 2 -1 2 1 -9 -1 -3 0 -1 -4 2 0 1 -5 0 3 -2 0 -1 -2 -7 5 0 -1 0 1 2 0 4 -2 1 2 8 -2 3 -3 -4 3 -8
L 3 185 0 36 -1 7 2 0 6 -2 1 2 0 5 -2 0 -4 -7 -4 1 -4 9 3 -6 -5 -5 -1 3 -2 6 2 8 -7 7 4 -5 4 4 4 5 2 -1 -1 2 -6 -3 -2 4 0 -4 -5 -1 1 1 -4 0 5 2 -14 -1 2 -2 -1 9 -1 -2 3 0 2 2 1 -6 2 4 -2 4 0 0 -5 -3 -3 0 4 3 -3 -2 0 -4 7 1 0 1 -4 -4 -6 2 8 2 -22 1 0 0 -2 -3 3 3 7 -2 -2 4 -5 -1 3 3 5 -2 4 -1 -1 -7 -2 -1 -5 29 -1 -2 4 1 -6 0 1 -3 4 2 0 -2 -1 -2 9 -3 -1 -1 -2 1 1 -3 0 -4 -4 -2 -9 3 2 3 2 3 -2 3 0 -2 2 -5 6 -1 3 2 -4 -3 0 4 0 5 0 0 2 3 -10 2 3 2 6 0 2 -5 3 3 -2 3 0 -8 -2 0 4 6 0 -4 -2 0 -3 11 0 -8 5 -12 -1 -2 1 1 0 -5 -5 -3 9 2 0 -3 7 -3 -1 -3 3 0 3 -3 1 1 1 3 3 2 1 5 7 8 -2 -24 2 -3 -1 -5 -2 3 -8 -2 1 -7 3 -2 4 0 -5 2 -12 -4 -1 -3 0 0 3 10 -13 4 -7 -1 8 1 2 3 0 -2 3 1 -1 -2 2 -6 2 4 -4 -4 -7 -2 3 3 -8 -3 2 0 6 -2 7 3 -5 0 -6 2 -6 -1 -5 3 -1 4 11 0 0 -1 0 2 2 -1 0 -1 4 9 0 1 -2 1 -11 1 -2 -3 -12 3 -3 2 4 3 -1 3 -1 -4 4 1 0 1 3 -1 1 -5 3 0 -2 2 -5 2 -6 -12 -2 -2 12 5 -1 1 1 -6 -5 -2 0 -5 2 3 5 1 2 -2 2 2 0 5 -3 -1 5 1 7 5 3 0 1 5 0 8 3 3 13 5 0 -1 2 1 2 1 -2 -1 0 2 2 -1 2 3 -2 0 12 -12 -1 -5 0 2 -5 4 -6 1 1 2 -3 -3 1 -2 -1 1 6 0 -5 4 -1 1 10 5 3 -5 2 2 1 -3 6 3 1 10 -4 -2 6 -4 -1 -4 1 -9 -1 -6 -5 -5 -1 -9 4 1 -3 -2 -7 -2 3 -7 2 0 -1 -5 -2 -2 5 1 -1 -6 3 0 1 2 -11 -9 1 2 -5 3 -2 3 3 -1 2 -3 -11 -1 0 2 3 2 3 0 0 4 -2 3 -2 -1 -2 5 6 1 3 -3 -2 -6 4 2 0 2 20 2 5 0 2 -1 5 -6 -1 -1 1 4 2 3 0 -6 -1 -3 -2 -2 4 -4 -2 -1 5 -1 11 2 2 -4 3 2 -2 0 -1 -8 -7 0 -1 12 -2 3 -1 4 2 1 0 0 2 1 -1 -3 4 4 -2 2 0 0 -1 3 3 2 3 5 0 -1 -3 0 1 -8
L 3 186 0 34 -1 -9 0 -7 -4 1 0 5 0 0 1 -7 -2 -4 2 14 -2 -3 -1 -2 -1 -3 1 3 -2 2 3 0 -5 2 6 -1 0 2 3 7 2 1 -1 5 -3 0 -10 5 0 -11 -5 -3 -7 -3 6 -2 1 12 -23 -1 -1 -8 -1 -3 -4 0 2 -1 -3 6 10 2 3 1 2 2 4 -1 -4 0 1 -2 4 3 0 2 -1 -7 2 2 4 4 -4 -5 -6 0 8 -4 -11 -2 0 0 -4 -3 0 1 0 -3 -4 3 -10 4 8 8 15 -3 3 1 5 1 2 -1 -2 25 -1 2 3 2 -2 2 -1 -2 -2 -3 1 0 -8 -2 13 -1 -2 3 -4 4 2 -5 1 -5 -4 0 -7 -2 -2 0 4 5 -4 0 0 0 0 -5 -1 -1 2 8 -9 0 2 3 0 12 3 -2 -1 -1 3 2 -2 0 4 -2 0 -2 1 -5 3 1 2 -6 -7 -1 0 7 -4 -1 -3 -2 -3 2 -6 -3 3 -11 2 -1 5 5 -3 -3 -3 1 -1 -1 -4 -3 13 2 1 -1 0 3 -5 1 -2 -1 0 0 1 9 4 4 6 13 -6 10 -2 2 -5 1 2 -1 -12 -5 -2 -9 4 1 7 6 -4 5 -11 5 -4 -1 -2 -1 0 5 -4 3 -17 -11 -1 3 1 0 0 1 3 2 -4 1 -2 -3 1 4 -2 4 -2 -5 -9 1 -6 -3 2 5 9 1 0 3 0 1 0 2 2 0 -8 6 -3 1 8 3 3 1 1 -6 -1 1 0 -2 6 11 -4 -4 -3 2 -7 -4 -2 -2 -11 6 -5 1 -2 -7 0 3 -5 -3 6 1 0 -1 -3 -4 5 -3 15 -2 -1 3 0 2 -6 -5 1 -4 3 7 1 -2 2 -1 -4 1 -1 -7 -5 -2 10 -5 0 -1 -3 14 -3 0 -5 -3 0 -1 10 10 2 3 -5 5 2 4 2 1 5 1 3 -2 3 -1 3 -1 -1 1 4 -1 3 1 -3 1 -4 -2 5 -6 -1 -1 3 2 -1 4 -8 0 5 2 -1 -5 2 -9 0 -1 -3 5 2 2 0 5 -5 1 -4 -2 -1 -3 -5 0 0 3 0 -6 7 -9 5 -2 2 -4 5 -5 -1 -5 -5 -2 -3 -10 2 1 -4 2 1 -2 -2 -6 -2 2 0 -5 -4 -2 4 4 0 -4 -2 -1 7 -2 -1 -10 16 0 -10 1 -5 4 4 -4 4 0 -20 0 1 8 6 1 3 2 -3 13 -2 2 -5 -6 0 5 4 -2 3 -6 1 -4 10 1 -1 -1 22 3 7 -3 -1 0 3 -6 0 3 -3 -1 -7 3 2 3 -4 -3 -1 -5 0 -2 0 3 6 -3 26 -1 -3 -2 -10 5 2 1 0 -8 -1 -4 -2 12 1 3 0 -1 0 0 -2 4 3 0 0 -2 7 -6 3 3 -5 0 -3 1 0 4 -1 9 -2 3 -2 -1 0 -8
L 3 187 0 53 1 -7 -1 2 -11 -2 -1 1 0 1 -3 -3 -3 -5 5 5 -1 -1 -2 -1 1 1 -1 6 -1 3 -2 2 -1 -3 7 -3 0 1 3 4 -5 -2 -2 3 -2 1 -7 2 0 -4 -2 0 -5 -5 7 -2 0 -2 -3 0 -8 -5 -1 -5 -2 1 4 1 -2 4 14 8 2 4 2 -1 -3 -2 -3 3 -8 -3 4 -2 0 -1 -4 -2 1 1 1 2 -3 -6 -1 -4 6 -1 6 -1 2 -2 0 -1 3 2 -3 -3 -2 1 -7 5 2 5 14 -4 2 1 3 -3 3 -1 -3 16 0 1 -4 -5 -1 1 -1 1 0 -1 0 -2 -5 -3 0 1 -3 0 -3 4 0 -8 -1 -1 -1 -2 0 -1 -3 1 5 0 -2 -6 -5 2 -1 -3 -2 2 1 5 -9 7 -1 3 -1 8 4 -4 -4 3 -2 1 0 1 1 -3 0 7 -1 -7 3 0 3 -2 -8 -4 5 5 -2 2 -3 -1 -2 0 -2 8 2 -3 3 1 4 11 -4 -1 2 0 -8 1 -2 -4 13 2 1 1 2 2 0 0 -5 2 -1 2 1 1 3 0 1 5 -1 8 -5 4 -1 0 1 -4 -18 -4 -4 -2 3 2 3 3 -3 -1 -4 4 -4 -3 -6 -2 2 4 -1 1 -12 -19 -8 1 0 2 1 -1 3 2 -5 3 -2 -3 4 0 3 -4 -1 1 -6 2 1 -2 -1 -1 18 9 -8 1 2 0 0 4 -3 1 -5 4 -8 1 4 7 -1 2 2 -3 -2 3 -4 -2 3 10 -3 -1 -2 -1 -1 -6 -3 -1 -5 6 -6 -1 -3 -4 0 -2 0 -3 5 3 1 1 -5 -5 1 -1 3 -2 -1 5 0 1 -3 2 -5 -2 -12 5 1 -4 1 -4 -2 1 -2 -2 -4 0 5 -7 1 1 -5 4 -3 2 -4 -3 -3 4 1 8 5 3 -6 -2 2 2 -2 0 -6 -2 0 7 -4 -1 2 -1 0 1 -2 -9 1 1 -4 -1 -5 0 4 7 -1 -1 1 -3 -5 1 -1 0 7 -1 0 -1 1 -5 0 -2 -3 0 7 4 0 3 -12 1 -1 -7 -5 3 -4 2 2 1 2 -7 12 -4 3 2 -1 2 6 -8 0 -1 0 -1 -1 -10 0 1 -4 2 3 1 1 -2 -1 -1 1 -3 -5 -1 1 4 3 -6 -2 -2 2 -3 4 -2 20 1 -3 -2 0 1 1 3 5 -2 -17 7 4 1 3 2 2 -3 -4 -3 -3 -2 -4 -9 -2 1 5 -3 2 6 1 -3 7 0 -3 -1 -5 -1 3 -6 1 -2 2 -1 -1 3 0 -4 -4 6 4 19 -2 -1 -1 -2 0 -4 -3 1 1 -3 19 -1 -2 6 -6 2 1 3 5 -5 2 -2 0 7 0 8 -2 -2 -2 -4 1 -2 -2 -3 0 -4 7 -13 11 0 0 2 -2 3 2 2 -8 8 -5 2 -4 -1 0 8
L 3 188 0 50 1 15 0 6 3 2 0 -5 0 3 -2 7 4 0 3 -17 4 4 1 -1 0 5 0 4 4 2 -8 -5 7 -2 -5 -2 2 -2 1 -4 -3 -5 1 -1 4 0 13 -1 -3 13 3 1 9 3 -12 2 -2 -10 11 -4 5 4 -1 4 6 2 0 -1 5 -3 -3 -6 0 1 0 1 -4 -1 5 1 -10 -3 -5 -5 1 -4 2 8 -2 0 -8 -3 3 0 0 -1 -6 3 19 2 3 -3 6 5 -2 2 -1 2 -1 0 10 -3 -4 -11 -10 3 -4 -2 -8 -10 0 2 1 0 -1 -2 -1 -1 -3 -2 2 1 8 5 0 -1 6 4 -15 0 4 -2 5 -1 -2 2 1 0 -1 -2 14 6 -2 -2 -3 -8 3 1 2 -4 1 5 1 -1 -5 -9 2 -4 -5 -5 -2 -24 -4 5 0 -1 -12 -3 3 -6 -6 -1 1 9 0 7 -3 1 -2 2 5 0 1 -5 2 -1 3 1 2 -2 4 -6 -4 0 -2 -4 0 -4 4 3 0 -2 0 1 2 2 -6 0 -1 -1 -2 -1 7 -2 2 3 0 3 -1 -10 -5 -2 -5 -12 13 -9 3 -3 6 -3 -7 0 1 4 2 12 -2 -1 -9 -5 4 -4 14 -3 3 0 0 -2 2 -4 2 -2 -1 12 2 -1 0 -2 -2 -3 1 -4 3 0 3 7 0 4 4 -6 5 6 11 -2 1 3 0 -6 -5 2 3 -2 0 -2 1 1 -3 -2 10 -7 3 1 -10 -6 -5 -1 -4 7 -1 -1 1 3 -4 -27 3 5 2 -4 14 -1 0 0 6 -5 6 1 1 3 1 -5 10 3 -5 1 -2 5 1 4 -4 5 -13 -2 3 -4 4 3 5 1 -4 2 -9 -3 0 3 -3 -5 -2 -2 4 9 3 4 -6 7 1 1 7 -10 2 -3 0 3 5 2 -8 1 -1 -1 3 -2 1 -4 -1 -1 -15 -3 -2 4 -2 4 -3 2 1 -5 -5 -10 -3 2 3 1 6 4 10 4 1 0 1 -2 7 -3 3 1 -8 -1 2 4 -1 8 0 2 1 -2 9 1 -5 -3 8 1 7 -2 -1 8 6 2 2 2 3 1 0 5 -3 4 -2 2 -6 -3 2 2 4 4 1 11 1 -2 3 -1 2 4 3 2 2 -1 -2 -1 0 0 -4 0 2 4 4 4 -9 1 15 7 -17 0 9 -6 7 -2 -5 3 0 -2 13 2 3 -10 -5 0 0 -3 1 -11 -2 2 4 8 2 -5 -2 3 0 6 -4 4 -8 -5 0 -2 -31 -5 -8 2 3 3 -3 5 -1 -3 2 2 5 2 -2 12 3 3 2 -2 2 1 -4 -4 -8 6 -20 2 4 6 5 -6 -1 1 0 6 1 3 3 -6 -1 9 -2 0 2 1 1 -2 -2 0 0 1 -7 5 -2 -5 7 1 5 0 0 -1 -6 -7 -2 -2 0 3 0 8
L 3 189 0 11 1 -9 -3 3 4 -2 -1 3 0 1 1 -3 -3 -2 -1 8 -2 1 -1 -1 -1 -7 -2 -2 -3 -3 5 7 -9 4 5 -3 -4 3 2 0 4 3 -3 -6 -5 -1 -11 -1 2 -8 -1 2 -8 1 3 -3 2 7 -11 4 -4 -4 0 1 -5 -2 5 -1 0 0 -1 -2 1 0 -2 1 0 -2 -6 -1 7 1 4 5 -3 4 -4 -5 1 -1 6 0 -4 1 0 -1 1 0 -28 -4 -2 0 -4 -6 5 1 4 -2 3 -2 -6 -1 0 9 6 -2 3 1 7 5 -1 -4 0 -3 -1 -1 -3 -1 0 -1 -3 0 5 -1 -1 -2 -3 -4 13 1 -2 2 -3 1 3 -1 -3 -1 -2 2 -16 -6 1 2 2 7 -2 -2 0 2 -1 -4 -4 0 6 1 -1 9 0 4 0 26 3 -7 2 4 -2 1 2 8 4 3 1 4 -2 -10 2 3 1 -4 -5 -1 -5 5 -4 2 -2 1 -4 1 -4 9 3 4 -1 0 -2 -1 -3 -2 -2 -4 10 2 -1 -4 8 -6 -1 1 4 -1 4 0 -3 2 -1 0 1 7 3 2 2 7 -8 -9 -4 -4 -4 0 7 1 -6 -5 -4 -10 -3 0 5 5 -5 0 -15 -4 -1 -2 -1 2 -1 2 -6 1 6 -17 4 2 1 6 2 2 1 2 -2 -4 0 -16 2 -6 -3 1 -8 -4 -4 2 -1 -2 3 1 4 0 -3 3 -3 4 -5 -1 -2 1 -11 2 -4 -1 12 5 7 -1 3 -3 2 0 0 0 3 29 -1 1 -5 1 -3 1 0 1 0 5 -5 -2 1 0 -5 -1 -7 -3 7 -2 5 -2 1 -5 0 -7 8 2 -1 3 -6 -4 -7 -5 4 -2 8 -3 1 -4 3 4 3 0 -6 -4 -2 -3 1 -6 -1 0 -7 7 -3 7 3 2 2 3 0 4 0 2 0 9 -1 7 1 2 28 4 2 0 2 -2 3 -2 -3 3 -2 8 1 -1 -2 0 -12 -3 -7 -5 -2 0 -1 -1 -4 3 -2 -1 6 3 -2 -1 2 -3 0 1 -1 -1 -12 -2 6 2 -3 1 -2 -4 0 -4 -1 -2 2 0 -4 11 -4 0 3 -2 -1 -3 4 7 -2 -3 -2 -1 -2 -7 2 1 -2 0 -13 -2 0 -3 -1 0 3 2 2 -2 2 2 0 -3 -2 -5 7 -1 -20 9 9 0 2 6 -6 0 2 -3 0 3 -16 2 -1 2 1 6 1 8 2 10 1 -2 -6 -9 -3 6 1 -2 -3 -3 3 -6 3 4 0 3 5 2 5 -3 1 1 6 -7 3 4 -2 -1 -2 2 -3 -10 0 -4 -4 -2 3 -1 5 0 2 -7 21 0 -1 -8 7 4 -4 0 0 -9 -3 -1 -1 6 -2 -9 0 1 -1 -2 1 0 1 1 1 -3 6 -3 1 2 -1 -2 -6 2 0 0 9 1 7 5 -1 -4 0 8
L 3 190 0 52 1 0 -1 0 -7 4 -1 -3 0 -2 1 0 5 3 8 -3 5 -7 -3 3 4 8 2 4 4 -3 -7 -12 8 -6 -3 2 -2 -4 0 -3 -3 -2 0 2 6 2 5 0 -2 6 4 -1 0 -1 -2 0 -6 0 3 -3 1 -3 -1 -9 3 3 -2 -1 -1 1 6 2 1 -2 3 -1 1 -2 6 4 -5 -5 -5 -5 4 0 0 5 -6 0 -5 0 3 -1 1 -3 -7 -2 29 -1 3 -3 4 5 -4 -1 -8 1 -3 -2 5 2 0 -6 -1 2 -5 -1 -2 -2 4 2 4 -4 -1 3 -3 0 1 0 0 2 3 0 1 2 -1 4 -10 0 3 1 3 2 0 1 2 -1 -1 0 16 2 -5 -5 -1 -6 1 -2 2 -2 -2 5 -7 -2 -6 -2 -2 -1 -2 -6 -2 -17 -1 3 -3 -6 1 -3 -2 -8 -7 -4 -1 12 -2 0 3 -1 -1 4 1 -1 -3 -5 -1 2 2 -1 3 -11 -1 1 -6 2 2 -3 4 0 1 5 2 2 -11 -2 -1 1 -1 4 2 1 -5 2 -2 2 -1 1 -1 0 -3 -4 -2 -3 -6 -7 9 24 -1 2 3 2 -2 -4 -2 2 -1 10 0 2 -5 1 5 -1 14 6 0 2 -2 -3 -1 -9 12 -3 -10 2 -7 0 -1 -4 -1 0 0 -3 -1 2 -2 10 -1 4 6 2 10 4 -1 -4 4 3 0 -1 -3 5 -4 -2 5 -2 7 0 5 -1 8 -4 1 -2 -13 -3 -2 0 -2 -1 -4 1 2 2 -2 -23 -1 0 1 -2 18 -5 0 1 6 -2 3 1 -5 -6 2 -4 7 4 -4 0 -2 3 -4 1 -1 7 0 -4 4 -4 8 2 5 9 -1 0 -18 0 2 -1 -2 0 -1 0 3 8 -4 -1 -1 2 0 2 2 2 -1 -7 -1 0 0 0 -5 4 -3 2 -3 -3 3 -8 -3 -2 -23 -6 1 4 -1 2 -2 0 2 -2 -1 -13 -2 4 -2 -1 4 2 2 10 2 4 3 -2 9 -4 1 0 -4 -2 4 3 1 2 0 0 -7 3 15 -1 -5 0 -8 -3 0 2 -4 3 0 5 -4 3 2 -15 11 -2 -4 5 1 3 -2 2 1 3 4 7 -1 10 -2 -2 3 2 11 3 -1 4 -2 0 -1 0 -2 1 -5 4 3 6 -1 3 -3 -3 24 6 -2 -2 3 -7 4 -1 -3 1 2 1 5 3 4 -4 -2 -2 0 -1 -2 -3 -1 1 0 2 3 -5 -4 0 0 4 -2 6 -3 -6 -1 -4 -30 -4 -5 -1 0 3 -5 5 0 1 -2 -3 -5 1 0 19 0 3 4 -4 -2 3 -1 0 -6 3 -5 0 -1 8 -7 -3 3 3 1 5 7 -1 1 -6 2 8 -1 -5 -1 0 -1 2 0 -1 0 2 -4 -6 3 -3 1 0 3 -2 -4 1 -9 -3 -4 1 2 2 -1 8
L 3 191 0 61 1 2 2 -1 -1 -2 0 2 -1 1 -3 3 -5 -8 3 -2 0 5 2 -4 -2 2 1 4 -1 1 0 2 -2 9 4 -1 0 2 3 5 -1 -3 0 4 -2 -1 -3 0 -2 -6 -3 0 -3 -3 3 1 0 -8 -9 -1 -3 0 -2 -4 -1 2 0 1 -1 4 10 1 1 1 1 2 -1 1 -2 0 -7 -1 4 1 1 -1 -2 -4 1 0 0 3 -2 -5 -3 -1 10 0 -7 0 2 -1 3 1 6 4 -1 -1 -4 3 -3 2 6 2 5 -3 2 1 0 -8 2 1 -2 16 -3 1 1 0 -4 4 -1 -3 -2 -1 1 -4 -3 -3 0 -2 -1 -3 -2 3 1 -6 -2 -5 0 -2 3 1 -1 2 6 -3 0 -4 -2 -2 3 -1 5 0 1 3 -6 5 -1 5 -1 3 2 0 -2 2 -11 4 0 -1 2 -2 -2 -6 1 0 -1 3 3 -3 -7 -1 8 3 1 0 -3 -1 -3 3 0 0 1 -5 0 1 3 10 0 -3 0 -2 -8 1 -3 -2 11 0 0 0 1 1 2 -1 -2 -1 -3 3 2 0 1 3 2 6 -3 -4 -2 1 -2 -1 -1 -8 -8 -3 -1 -6 4 1 3 2 -4 1 -5 0 -2 -2 -4 0 5 5 -6 4 -6 -9 -2 2 -1 1 2 -3 1 1 -4 2 0 1 2 0 -2 -5 -2 1 6 2 1 0 1 5 10 3 7 1 1 1 1 5 -4 1 -5 4 -3 4 5 3 -2 3 0 -2 -2 0 -2 -1 2 13 -1 -1 -3 0 -4 -5 -1 0 -7 2 -5 -2 -1 -4 -5 -1 2 -2 3 1 -1 0 0 -4 0 0 5 0 -1 3 -1 0 -1 -5 -3 1 -3 3 2 1 1 -1 -4 0 -4 -4 -2 1 5 -4 3 1 3 8 -3 3 -4 -5 1 5 5 3 6 0 -2 2 0 1 1 0 0 -1 -2 5 -2 0 0 0 1 -1 -2 -7 3 1 0 0 -5 -1 2 -2 1 -3 2 -2 -2 3 6 2 3 1 -2 -1 1 1 1 -2 2 -6 4 7 -2 1 -2 2 -8 -4 -4 1 -2 -2 3 1 2 -6 7 -5 4 2 -2 -1 3 -7 -1 -2 -2 -7 -2 -10 3 0 -4 -2 7 -1 2 -4 2 -1 0 -5 -2 1 1 0 2 -4 2 -2 1 -2 -5 -9 9 1 -11 -2 -2 2 0 2 2 -1 -12 3 2 0 2 1 -2 -6 0 -1 -4 0 -4 -6 -2 2 3 -1 3 0 -2 -2 7 1 -1 2 3 0 1 -2 0 -1 0 -3 -2 -2 -1 0 0 2 4 6 -2 -3 -1 4 1 -2 -1 2 0 -2 13 0 0 0 1 1 0 -1 1 -4 -3 0 2 10 -1 15 -1 0 0 0 1 -1 2 -1 -2 -3 3 -6 5 -1 1 -1 1 2 2 3 -4 6 -5 6 -3 -2 1 8
L 3 192 0 32 -1 -7 -2 1 -1 0 -1 1 -1 3 0 2 -5 -6 3 0 -2 12 2 -5 -1 0 -2 6 0 0 6 3 -8 10 6 -5 -2 3 3 6 -2 -1 -4 0 -2 -3 -5 1 0 -8 -4 3 -3 2 2 -3 2 -5 -4 -2 -1 -8 -2 5 0 0 7 -1 3 3 9 -1 4 1 1 4 -1 -1 -4 0 -3 -3 4 3 2 -1 -2 -5 1 0 2 1 -2 -3 -3 -3 6 0 -15 -3 1 -3 0 -3 -2 3 5 -3 -5 -1 4 -6 2 5 9 -1 1 0 4 -8 1 -3 -3 39 -1 -1 0 -1 -7 2 0 1 3 4 -2 -3 -2 -3 4 1 1 -1 -2 3 6 3 -1 -8 -8 -3 6 1 -3 1 5 5 1 -3 0 0 0 -3 -2 0 0 0 -8 7 -1 5 0 3 1 -5 -2 3 -4 1 2 -1 5 -1 1 5 0 4 0 3 3 -7 -3 -1 5 4 0 -2 -3 -1 -5 2 -1 9 3 3 1 -5 5 2 0 -3 -2 -2 3 2 -3 -2 9 -2 -1 -3 2 2 6 -2 -3 2 -1 1 0 6 6 4 6 9 -4 -5 -1 -4 2 0 5 2 -21 -7 -2 -7 2 1 4 4 -2 1 -6 1 -2 -4 -3 -1 1 0 -7 2 -5 -18 3 3 4 4 -2 -1 5 0 -3 3 -1 -4 3 0 0 -2 -1 1 -3 4 3 -2 1 3 10 1 1 4 -2 1 -3 1 -14 0 -6 2 -2 5 -3 5 1 4 -2 -1 -1 1 -1 0 4 2 0 0 -5 0 3 -4 -3 -2 -3 4 -6 0 1 -10 -5 -4 -2 -5 8 -1 -1 -1 1 -3 -1 -1 5 -2 -1 1 -1 -1 -5 -6 0 -5 -4 1 1 -3 3 0 -2 -2 0 -5 -3 1 6 -6 -1 1 -5 3 -2 5 -1 0 5 3 9 6 5 0 -3 2 1 8 1 2 5 0 1 1 2 1 1 1 1 -1 -1 9 1 0 -3 1 -2 -1 8 -1 -4 -4 -1 -1 -1 -1 -4 5 1 2 0 -2 0 -9 -3 1 -2 -4 2 6 0 3 4 1 -2 3 -1 2 -1 -1 2 4 0 -5 -5 -2 3 -1 0 0 5 -6 2 -6 -2 -2 -6 -8 2 0 -8 1 -4 1 -2 -7 1 0 -1 -7 -3 -5 3 4 1 -2 0 1 2 -1 -17 7 1 0 -4 4 -4 2 4 -1 4 -2 -20 6 2 2 1 6 1 8 0 5 -2 2 1 -11 -2 3 3 -1 0 0 1 -5 8 1 -3 2 2 2 4 -2 1 1 1 -6 3 4 -4 0 -3 6 1 -4 -3 -2 -2 -4 5 -3 -2 -3 5 -3 14 -1 -1 -3 8 6 -4 -2 1 -4 -2 -2 1 5 -2 6 1 2 1 -3 -1 2 1 -1 1 -3 5 -5 -5 -1 6 -1 0 4 3 4 -6 6 0 2 -5 -2 4 -8
P 3 0 32 -3 -2 5 -26 7 8 16 -1 1 -4 -11 -17 -30 -1 18 -8 21 -4 -14 -24 -28 5 15 -8 18 -10 35 -12 -18 18 1 -5 -7 3 30 6 -3 -10 -1 -30 -7 -4 8 -9 -36 -1 -6 -2 -12 47 2 0 25 -27 7 -7 -5 -7 -4 -16 0 23 -6 -6 8 22 -7 -5 0 -3 9 -3 3 -9 -13 2 2 8 5 2 7 1 -20 -12 4 1 17 -22 -3 -12 -4 29 4 -38 2 14 -2 -7 -14 26 7 26 -17 -11 12 -30 14 9 21 38 -3 0 1 6 -14 7 -12 -14 66 -8 5 0 6 -9 -3 -10 -15 -35 -6 1 -16 -9 -8 24 0 -22 -5 -16 8 11 6 1 -17 -10 -12 -52 -9 8 10 17 11 -10 -2 2 -7 -3 -4 0 7 0 17 -16 -9 -10 2 0 10 7 -5 6 -7 -34 30 7 12 15 -4 9 -13 14 7 8 3 11 -26 -22 3 48 23 -11 14 -16 -1 -6 12 13 2 11 8 1 -2 18 44 -11 -13 10 -1 -16 1 -3 -6 -11 -5 1 -3 8 -1 -15 -7 -3 4 -8 8 10 28 -4 6 26 41 -29 66 -13 -2 2 10 0 7 -21 -31 6 -12 3 8 27 12 -20 16 -36 3 -16 -3 6 -11 -4 25 -20 19 -11 -22 11 16 -3 -9 -6 -2 -1 -1 -2 -8 1 -16 9 14 -6 -1 2 -14 -9 8 -9 -8 -1 33 40 17 -7 14 2 8 17 -4 -72 6 -12 2 -6 25 4 40 3 4 2 -20 4 20 -3 -6 3 25 0 5 -10 12 -26 -8 1 -10 -13 16 -13 -2 -2 -12 -17 11 -5 -3 23 17 -2 -11 1 -14 9 -15 31 -12 -7 15 -3 4 -20 -1 -4 -19 16 5 5 -6 8 2 10 -10 13 -18 3 2 11 -5 0 -7 -1 31 4 6 -1 -9 -2 -10 35 6 -7 6 -3 -9 7 17 5 1 13 4 8 -2 -3 -3 -4 -1 0 -4 3 -5 10 2 -4 2 12 -2 72 2 -15 -4 7 18 -5 44 -13 11 11 24 1 -20 -3 -31 -5 15 27 -29 -2 11 6 -2 -29 6 -27 19 7 1 -1 -12 31 5 -3 0 1 -26 15 -6 -6 10 18 -46 -10 -5 -7 1 -4 -45 23 14 -18 4 -23 2 5 -18 17 -2 8 -19 -9 -12 9 10 0 5 7 -2 11 1 -20 -5 11 -5 -38 7 -13 11 1 8 8 6 -52 9 -8 9 11 3 -3 7 -2 0 -6 9 -9 -22 -2 18 21 -7 8 -9 4 -19 33 1 3 8 39 3 12 1 7 -6 0 -10 5 -5 5 2 -8 11 15 -4 -7 2 -14 -18 8 -16 5 27 29 -15 66 -3 4 17 10 20 7 -7 3 -34 -20 2 -13 35 -7 19 25 10 0 5 -1 7 12 8 1 -11 24 16 17 7 -4 -12 -3 1 13 17 -10 16 -1 17 -9 -5 7 32
P 3 1 32 65 5 12 -40 9 -11 -4 8 2 9 -23 -21 15 -6 20 -18 -14 7 0 17 -2 -14 -13 6 25 12 43 7 -38 -38 -22 -62 21 -4 11 10 -9 15 2 4 -7 -14 21 21 -20 -11 13 -20 -12 19 -25 26 53 -54 10 -37 -20 -7 81 31 7 12 -8 -11 19 3 -64 34 16 13 10 -6 8 -32 -8 -15 21 -7 -17 10 -6 11 1 10 -22 6 12 -35 -10 3 -12 1 -5 65 6 -6 -32 -28 27 33 18 -6 -3 -12 -24 22 -25 13 20 32 -4 22 -11 -10 76 -21 1 -21 19 0 -15 4 12 -33 9 -6 5 70 -31 11 23 -18 6 17 23 -17 0 -2 4 -16 15 -23 -15 -9 9 -20 13 -15 -7 -4 21 31 -7 6 14 9 16 38 3 -17 -36 -4 -7 -18 -1 -7 -36 -16 10 3 1 22 -13 -11 18 6 4 4 -47 6 35 -11 -31 -10 0 -2 -3 -13 -3 -29 -31 -1 23 -15 23 -10 -5 -7 -41 -37 -11 10 12 10 10 29 -4 3 -4 -12 -11 -24 -14 6 -4 11 -3 -15 8 -13 27 -18 -9 8 -19 -13 -6 -7 24 -13 -54 0 11 3 1 37 13 86 -55 24 72 0 -12 8 12 -3 12 79 -44 -6 -5 -20 -14 3 24 -17 12 -75 1 26 1 30 2 -17 -6 30 -21 16 25 -12 34 -4 -20 14 -4 -55 -2 53 7 17 -17 -7 -47 6 -15 9 31 0 -12 1 -4 -48 -1 4 -14 -10 -4 -15 -46 10 -18 -2 23 3 12 -14 17 28 65 4 18 15 39 0 16 -11 -5 33 -8 0 -18 -23 18 16 41 -6 15 -14 15 -38 20 -2 19 3 2 43 16 -18 -6 26 19 4 -48 17 -19 50 -26 -12 -1 2 15 45 -6 -7 2 13 -5 16 27 5 1 -10 9 -18 -8 4 -11 -10 20 20 42 100 29 -9 -21 -8 55 9 -7 -21 -6 -6 4 -10 6 18 11 6 7 34 -57 -9 -9 6 -10 -4 -10 5 60 9 20 6 -1 0 -57 -52 18 32 -12 6 -9 11 -5 -1 -11 41 24 24 37 -9 -13 10 21 42 37 -2 15 12 12 7 -5 0 -12 31 38 5 -21 -11 5 11 47 6 11 15 -77 -10 14 2 -12 3 0 20 10 -24 -28 -14 16 -3 -39 24 -18 13 -5 36 -23 7 7 9 -19 -45 8 -83 -15 26 12 2 -1 -26 -21 -12 7 15 6 38 -32 -13 29 4 18 13 22 -16 7 1 -43 5 -4 6 5 7 50 10 -7 -11 -14 -8 -14 197 -2 15 -6 -10 0 1 -38 -19 5 39 -27 -45 21 -18 -1 -7 14 -15 34 -10 9 33 -43 -22 21 -41 -5 10 -5 -21 67 8 -26 -16 -43 3 1 -23 -38 18 -57 -27 -17 25 -8 -24 -20 34 7 18 11 1 45 -58 -19 -2 7 8 -6 -11 -9 -19 -9 -57 14 7 8 -5 -28
Q 3 256 0 10710 1 7 0 -3 7 -1 5 2 -4 -12 1 -14 -1 9 -9 8 -4 11 0 -8 1 -13 15 -13 -5 8 -2 -2 -1 -1 3 8 -7 -1 -4 4 -3 -1 -5 2 -7 0 -5 -3 8 13 7 1 -9 2 2 -8 5 -13 -7 -1 -11 7 1 4 3 5 -9 -5 -7 -7 -17 12 -1 4 0 6 5 -5 7 5 0 6 -1 2 -4 6 5 -21 -9 2 10 0 -5 -18 -1 -4 2 0 -2 -6 6 -1 -11 -2 -11 6 19 -2 5 -6 12 3 0 4 -1 7 -5 -3 3 1 -4 -3 12 11 2 -2 3 -3 -1 -2 -1 -2 9 -6 -3 0 -6 4 6 4 -3 1 3 4 -3 1 2 -3 -6 -7 -14 12 -1 12 -3 -10 -4 4 6 1 3 -3 15 2 7 -5 -2 -41 -4 -2 0 -9 -5 -6 -1 -13 35 -3 6 0 4 -1 4 19 -2 22 9 4 1 1 -1 1 -16 9 3 -15 1 -6 6 0 2 9 0 5 -2 26 9 10 1 -9 10 4 8 -4 2 -2 4 2 3 -1 7 1 0 7 2 -4 2 -8 -1 6 -3 -5 -3 7 0 2 -19 12 -2 1 10 10 -22 1 6 -11 -2 5 6 0 -9 5 8 10 -2 5 0 -2 0 12 -4 -1 10 -5 -1 9 2 -6 -3 3 -3 5 -4 4 -8 -2 1 -16 5 6 6 -9 18 8 10 -3 3 4 15 15 -4 -2 4 2 8 -6 -31 1 7 -3 -4 -2 -7 3 0 -3 0 -10 -1 2 8 3 4 -27 -5 -6 -1 3 -7 -1 2 5 -3 -3 2 -6 -1 -1 -4 16 -8 2 4 -6 8 -2 3 1 4 -6 -24 4 2 3 5 1 6 19 -2 -5 -4 -4 -2 -5 5 15 11 3 3 -8 0 -1 0 10 7 -3 2 -7 4 -1 0 -3 -11 -3 0 -19 13 5 1 12 2 11 -3 5 2 7 8 -7 2 0 -2 -4 7 4 -2 -18 2 -8 -3 -5 12 0 8 -11 -6 7 -1 4 2 1 10 -2 4 -2 -7 -3 -1 -8 -6 4 1 -21 -6 -5 5 4 1 -3 -14 -13 9 -3 2 0 4 -4 0 -11 1 -4 -7 7 -3 -1 10 5 0 -8 3 -9 0 -25 -5 3 -2 -2 -23 4 -4 6 7 1 3 3 3 4 3 6 -10 -6 2 -5 -11 -6 2 10 -4 -1 1 7 3 7 -5 0 -4 9 -3 7 -7 10 -4 -2 -4 23 2 16 9 0 -6 5 2 16 7 -1 -1 -4 -1 -1 1 11 -9 -2 7 -1 4 -2 -4 2 2 -19 -2 4 0 -7 2 0 -7 8 -8 -4 -6 -6 9 -1 3 -1 -2 -8 -10 -4 5 -6 -5 0 -4 -3 -5 17 1 -2 -8 8 -7 21 1 -3 0 0 -8 2 -6 10 -2 -3 -4 22 20 2 3 4 6 -3 4 4 1 0 5 -2 -4 -3 -9 8
Q 3 257 0 13414 1 5 -1 -2 -1 -2 7 8 -4 -7 -2 -16 3 6 -6 -1 -6 11 2 -14 2 -8 8 -15 2 8 -6 7 2 -7 6 4 -4 -4 1 -4 5 -3 -4 -4 1 -4 -9 -11 6 16 -4 1 -1 -5 3 -5 0 -19 9 -5 -14 26 2 -2 6 4 -8 -5 0 -4 -16 2 -9 0 1 1 -9 0 3 15 4 8 -2 -1 -1 6 0 -14 -4 -2 9 -1 -1 -13 -6 -7 -5 -4 12 -3 9 -7 -6 1 -4 0 23 1 -3 -7 16 18 2 2 -1 3 -1 1 4 10 2 -1 8 30 -7 -3 2 -1 -2 3 -7 7 -4 -6 -8 -3 -8 9 9 1 2 3 -8 5 -2 1 3 0 -5 1 4 9 2 9 -7 -4 -4 -1 4 1 0 -4 -4 1 2 -6 -2 -29 -8 -8 6 -9 5 -8 -6 -20 39 -3 8 3 8 0 2 28 -2 12 7 4 2 -2 -2 -4 -16 2 6 -1 0 -2 6 -2 -2 8 5 2 -2 19 12 10 8 -6 12 7 -13 -5 0 2 14 4 1 -9 0 5 -4 4 1 -3 1 -7 -4 13 -6 -5 1 13 10 44 -8 8 -2 0 7 -1 -14 10 3 -15 -12 6 -1 -2 -10 10 -3 3 -2 8 -7 7 -5 4 13 -2 1 -18 -23 1 -8 -6 0 -3 0 -3 -2 -2 -4 2 6 -8 6 5 -3 -6 11 3 7 -3 -2 15 11 4 -25 -5 4 0 10 3 -41 1 13 2 4 6 -2 21 -6 -3 5 -4 -1 9 12 -1 5 -26 -8 -3 0 1 -13 -4 1 4 11 1 3 -8 0 5 -9 4 -5 -1 3 -5 10 -8 2 0 2 -4 -20 -2 5 1 5 1 1 7 -5 -6 -8 -2 1 0 7 13 8 -4 10 -8 4 6 -3 8 12 1 14 -6 4 -1 5 2 -10 -11 0 -16 15 4 -1 -8 3 2 -4 -3 7 6 2 -5 3 2 -5 -5 7 3 3 -9 1 0 -6 -12 0 -2 10 -15 -9 9 -2 7 -2 5 -13 7 3 7 -1 -4 -3 -1 -4 -1 -9 -15 -2 0 1 5 12 1 -9 4 11 -3 0 1 -8 0 0 -2 5 -7 -12 9 -2 -5 8 9 1 -2 5 -5 -7 -13 -6 0 3 10 -2 11 -2 0 4 9 -2 3 6 0 -1 -4 0 -6 6 -5 1 -7 5 5 7 -1 -1 2 1 9 -8 0 5 0 3 8 0 21 0 -8 -3 12 -2 12 3 -5 1 2 -1 13 9 1 5 -8 -8 -5 1 -2 -8 3 18 1 -5 5 -6 0 5 -6 -2 10 3 -7 -3 0 -8 15 -4 -1 -1 -2 13 -3 4 16 10 -8 -14 -5 -3 -20 -7 -5 -4 -3 -4 -2 2 -5 0 9 -9 8 3 -6 -1 -1 -1 -5 5 7 -4 2 0 24 20 0 -3 0 1 -4 -2 -1 16 0 2 5 -3 -3 -7 8
Q 3 272 0 4529 -1 4 3 -2 5 2 3 4 -5 -11 0 -13 2 5 -12 -3 -7 21 1 -10 1 -9 15 1 -10 8 1 -5 -1 -5 4 10 -8 -2 -2 4 -1 1 -8 3 0 -1 -6 5 5 23 8 2 -7 0 10 -4 4 -8 2 -1 -5 6 3 2 -6 5 -9 -4 -2 -6 -9 3 -2 2 -3 5 4 -6 7 5 3 4 0 -2 -3 3 0 -16 -5 2 2 1 -9 -13 2 0 2 -1 7 -6 4 -1 -8 0 -21 9 18 -3 6 -6 3 -5 -1 4 -3 2 -7 -1 2 3 -4 -2 9 6 1 3 1 -1 -4 -5 0 0 11 -6 -2 4 -4 4 -2 3 0 3 6 4 0 -2 1 -4 -6 -14 -18 19 -8 10 -5 -8 2 0 6 -4 2 -4 8 3 5 -9 0 -32 -1 -5 1 -15 -4 -6 -6 -3 22 2 8 0 4 1 3 47 -4 26 10 5 1 6 1 -4 -12 6 -9 -16 3 -10 3 12 0 7 -2 -6 3 26 6 2 -1 -4 3 3 1 -7 4 -4 10 -2 2 -2 2 1 9 9 -3 -4 -2 -8 -3 14 -3 -5 -8 -2 0 17 -10 13 -1 -1 2 7 -19 -5 6 -10 2 3 -1 0 -5 -1 -3 5 -2 3 3 0 -4 9 -2 0 24 -9 1 13 1 -8 -4 3 0 2 1 5 -10 6 4 -6 5 14 16 -7 15 3 5 -1 9 4 1 8 2 -1 2 3 7 -2 -35 1 13 -2 -5 0 -9 3 -3 -3 3 -6 0 2 6 3 4 -22 -4 -11 -1 4 -2 1 -1 8 0 -2 7 -6 -1 -3 2 12 -5 0 3 -11 9 -2 6 1 0 -5 -21 1 6 0 1 6 5 16 -3 -4 -4 -7 -2 -4 3 17 14 3 3 2 -6 -8 -4 8 8 0 -3 4 5 1 1 1 -9 -3 -5 -24 19 3 2 16 3 7 -3 -1 6 7 2 -4 3 -4 -1 -3 7 1 -6 -27 5 -2 -7 -9 15 -2 -3 -7 -3 7 0 6 1 3 3 -4 5 1 -10 -3 2 -3 -2 2 5 1 7 -7 3 7 -7 -3 -1 -28 -2 -2 -2 -1 -2 -1 3 -1 6 -6 -4 6 -4 -8 8 0 2 -7 5 -1 0 -33 -8 4 2 -2 -24 7 -13 8 5 1 3 -2 -1 5 2 7 -9 -3 2 3 -12 -7 6 5 22 1 6 1 2 8 -3 -1 -7 7 0 5 -6 8 -2 -7 1 21 -3 18 4 2 -10 -8 0 15 8 0 -8 -17 0 -2 0 7 -10 3 -34 -6 2 -1 0 -3 3 -16 -6 2 -2 -6 1 0 -6 1 -4 -5 -4 -6 10 -4 3 -1 -5 -4 -21 -2 4 -18 -10 -2 -7 -2 -6 22 0 -1 -2 18 -7 27 -2 -2 -1 -2 -5 2 -5 5 -1 -1 -3 18 11 -1 4 3 6 -2 0 4 -1 -1 3 0 -1 -2 -9 8
Q 3 273 0 7122 -1 2 2 -1 -2 0 5 8 -4 -7 -3 -15 5 4 -8 -10 -9 18 3 -14 1 -5 9 -3 -3 8 -4 4 2 -10 7 8 -6 -6 2 -3 6 0 -6 -1 6 -4 -9 -3 3 24 0 3 -1 -6 11 -3 0 -14 13 -3 -7 24 4 -2 -2 4 -8 -5 3 -4 -9 -6 -9 -1 -2 2 -9 -2 3 14 5 6 -1 -4 0 4 -4 -11 -3 -2 2 1 -6 -9 -4 -3 -3 -5 19 -2 7 -5 -3 3 -11 4 22 0 0 -6 7 9 2 4 -2 0 -3 1 2 11 1 -1 5 22 -7 0 2 1 -5 -1 -5 7 1 -6 -6 1 -6 8 -1 0 3 5 -4 4 1 -3 2 -1 -6 -7 -3 16 -6 7 -8 -4 2 -4 6 -5 -1 -4 -7 3 3 -8 1 -24 -5 -10 5 -15 4 -8 -10 -11 28 1 11 2 7 2 1 51 -5 17 8 6 1 3 1 -8 -13 1 -5 -4 1 -6 3 8 -3 7 3 -10 2 18 10 2 6 -2 6 6 -16 -7 2 0 18 0 -1 -9 -3 4 4 6 -4 -3 -3 -8 -5 20 -5 -5 -3 4 9 50 -1 10 -2 -3 0 -1 -11 3 3 -12 -6 4 -5 -2 -7 4 -13 0 -1 7 -4 6 -9 2 13 1 14 -20 -18 5 -8 -8 -2 -2 3 -4 2 -3 -6 7 8 1 6 12 8 -5 11 -1 2 -1 4 13 0 -1 -15 -2 1 1 8 6 -42 0 16 3 1 7 -4 17 -8 -4 6 -1 1 6 9 0 4 -22 -8 -8 0 3 -7 0 -2 6 10 0 7 -9 0 4 -3 2 -3 -3 3 -9 11 -7 5 0 -2 -3 -19 -4 8 -2 1 4 1 6 -5 -6 -8 -6 2 1 5 15 10 -2 9 2 0 -1 -5 8 12 4 7 4 6 0 6 4 -8 -11 -6 -20 18 1 0 1 3 0 -5 -7 10 6 -3 -2 4 -2 -5 -5 6 1 -1 -18 4 6 -8 -13 4 -4 -1 -9 -5 8 -1 8 -2 6 -15 3 3 7 -5 -3 0 2 -1 -2 -4 4 11 -2 0 8 2 -1 2 -13 -1 -3 -3 1 -13 3 4 6 9 -7 -10 9 -2 -12 6 5 2 -2 6 2 -7 -21 -8 2 7 8 -6 13 -10 2 3 8 -2 -2 2 1 -1 -3 -2 -3 7 3 -2 -8 9 1 28 1 4 -3 1 10 -5 0 0 0 4 7 0 17 1 -9 1 11 -6 14 -2 -3 -5 -10 -3 11 10 3 -1 -20 -6 -5 -1 -5 -9 7 -18 -2 -6 6 -2 -2 5 -4 -5 7 1 -5 -3 2 -7 9 0 -3 -2 -4 13 -4 4 15 7 -6 -24 -3 -2 -27 -11 -6 -6 0 -5 5 1 -4 4 16 -8 14 -1 -4 -3 -3 1 -5 5 5 -3 3 0 19 12 -2 -1 0 2 -2 -4 1 12 -1 1 5 -2 -2 -9 8
Q 3 288 0 9843 -1 11 0 -1 -2 3 1 -1 -5 -14 0 -14 -2 8 -7 5 -4 17 -1 -7 2 -11 13 -7 -7 4 1 -7 -1 -4 4 10 -9 0 -3 2 -2 0 -6 2 -7 2 -3 2 6 14 6 4 -10 3 4 -6 5 -2 7 1 -9 7 -1 -1 2 5 -12 -5 -6 -5 -18 4 -2 4 2 4 0 -6 7 6 -1 4 -2 1 -4 1 3 -16 -9 0 3 1 -7 -17 1 -3 7 -3 -12 -6 5 -1 -8 -3 -14 7 23 -4 6 -2 -4 6 0 4 0 7 -3 -3 5 10 -6 -1 11 19 -1 0 2 -5 1 -1 2 -3 24 -4 -3 4 -4 7 12 7 -2 -1 3 6 -2 -4 6 -3 -3 -8 -21 12 -3 7 -2 -12 -4 1 3 -1 6 -5 5 3 6 -2 -2 -22 -4 -1 -2 4 -4 -6 -5 -10 23 2 8 -1 2 -2 4 34 -2 7 9 2 -1 2 -3 -4 -15 8 2 -8 -1 -5 7 -4 -1 4 -3 -12 0 24 10 15 3 -6 8 5 6 -5 1 1 9 2 2 -4 10 0 5 5 3 -4 -2 -9 -1 8 -5 -3 -3 6 6 8 -15 9 3 0 8 11 -17 -5 8 -3 1 7 -2 -2 -8 9 0 11 -2 8 -2 -1 -1 1 1 -2 15 -12 -5 9 1 -4 -2 3 -2 3 -2 2 -11 -5 1 -13 7 16 0 -10 23 3 9 -3 7 1 10 16 3 0 5 5 6 -5 -18 0 12 -3 -2 -1 -12 2 -1 -4 2 -7 0 0 5 2 5 -31 -4 -7 -2 7 -7 0 -1 3 -1 -1 2 -2 -2 -1 -1 14 -7 -2 6 -6 8 -1 0 3 4 -5 -19 2 1 3 9 3 8 8 -4 -4 -9 -1 0 -6 6 16 2 4 5 -1 1 -3 0 6 8 -4 6 11 6 -2 2 -5 -17 -5 -3 -13 20 6 6 8 4 5 -4 6 7 5 9 -4 0 4 3 -2 7 4 -2 -18 6 -5 -6 -6 6 0 0 -1 -4 6 -1 5 -4 -1 7 -2 7 -1 -9 -1 2 -6 -8 1 1 -11 -1 1 4 7 2 -3 -5 2 2 0 -1 0 8 -2 -2 -5 5 -1 -4 7 -5 -4 9 4 -1 -5 3 -13 0 -29 -8 6 -1 -3 -22 5 -3 2 7 -3 4 3 0 3 5 5 -12 -5 3 -6 -4 -5 7 29 3 0 3 1 1 4 -10 2 1 5 5 6 -8 9 -1 3 -2 24 2 8 10 0 -9 2 2 15 4 -1 -3 -11 -4 -2 0 20 -6 -2 -2 -2 7 0 -3 2 1 -12 -5 6 -1 -5 5 0 -11 -1 -10 -3 -2 0 12 -3 4 -2 -1 -10 -2 -2 1 -9 -4 1 -5 -2 -2 17 0 -3 -6 13 -10 15 -2 -2 1 -3 -6 2 -6 6 -2 0 -4 31 17 1 0 0 2 -2 7 0 0 -4 1 1 -5 -2 -10 8
Q 3 289 0 12869 -1 8 -1 1 -8 2 4 4 -5 -8 -3 -19 0 5 -5 -4 -6 14 -1 -13 3 -5 6 -10 0 5 -4 2 2 -10 7 6 -5 -3 1 -7 4 -2 -5 -5 -1 -3 -5 -5 3 17 -3 3 -3 -3 6 -4 3 -8 21 -3 -9 26 2 -7 5 4 -10 -5 0 -4 -19 -5 -11 2 2 0 -12 -2 3 16 2 6 -3 -1 -1 2 -3 -10 -6 -3 3 0 -3 -11 -5 -5 0 -8 1 -2 9 -7 -2 1 -8 1 24 -1 -3 -2 3 20 2 4 0 5 1 2 7 18 1 1 6 38 -9 -2 1 -3 0 3 -5 6 9 -3 -8 1 -6 10 14 3 1 3 -7 4 -2 -5 5 1 -2 1 -2 9 0 5 -6 -6 -4 -3 1 1 2 -4 -14 2 3 -4 -1 -13 -7 -7 3 3 3 -8 -9 -14 29 2 11 1 5 1 0 37 -3 -2 8 3 1 -3 -4 -8 -15 3 4 7 -1 -3 7 -6 -4 4 3 -15 0 17 14 12 9 -3 9 7 -11 -7 -1 4 18 3 -1 -12 3 4 1 2 2 -3 -3 -9 -4 14 -7 -4 1 10 15 46 -4 6 2 -4 6 0 -10 5 4 -8 -9 7 -7 -3 -9 12 -14 5 -1 12 -8 9 -7 -4 14 -1 5 -23 -25 -1 -8 -5 1 -3 1 -4 -1 -5 -8 1 5 -4 8 15 -7 -6 16 -2 6 -3 3 10 8 5 -19 -4 4 3 8 3 -29 1 15 -1 4 8 -10 21 -6 -5 7 -2 0 7 10 -1 5 -31 -8 -3 -1 5 -11 -4 1 2 12 1 2 -2 -1 6 -6 2 -5 -4 5 -5 12 -6 0 0 1 -5 -15 -4 5 1 6 3 5 -2 -8 -7 -14 -1 3 -2 6 13 -2 0 12 -1 5 4 -3 5 13 0 19 9 5 -2 8 -1 -16 -12 -2 -8 17 3 4 -8 4 -2 -3 -3 12 6 4 -3 4 4 0 -5 6 5 4 -11 5 3 -9 -12 -4 -4 4 -4 -6 8 -1 9 -6 5 -12 7 5 6 -4 -2 1 -1 -7 -3 -8 -7 2 6 2 7 11 0 -1 18 3 0 -2 0 -3 2 -2 3 9 -3 -8 11 -3 -6 6 11 0 0 4 -7 -6 -16 -9 2 4 9 0 9 0 -4 3 6 -2 4 2 -2 2 -4 0 -4 7 -3 5 -8 9 22 10 2 2 -4 -1 6 -11 3 9 -4 5 7 -2 20 4 -3 -2 14 -2 5 6 -5 -1 -2 -1 12 8 2 3 -15 -11 -6 0 4 -6 3 14 -1 -4 6 -5 1 4 0 -3 11 1 -6 0 0 -11 7 -5 -2 2 2 13 -4 4 16 12 -10 -7 -3 -5 -22 -3 -7 -3 -2 -1 1 0 -6 2 13 -12 4 0 -3 -1 -1 0 -4 7 4 -4 5 0 30 20 -1 -6 -3 -1 -5 1 -2 14 -6 0 6 -4 -1 -9 8
Q 3 304 0 4167 1 7 3 -1 -2 5 1 1 -6 -13 0 -13 2 5 -9 -7 -8 25 -1 -8 1 -7 13 5 -12 5 3 -8 -2 -8 5 11 -11 -1 -1 3 0 2 -8 3 0 1 -5 8 4 23 8 4 -8 1 11 -3 4 1 12 0 -3 6 2 -3 -6 5 -13 -4 -1 -5 -11 -3 -3 2 -1 3 -1 -8 7 6 2 2 -2 -1 -3 -1 -2 -12 -5 0 -3 3 -11 -14 3 0 7 -4 -2 -5 4 0 -6 -1 -23 10 22 -4 6 -2 -11 -2 -1 5 -2 3 -6 -1 4 11 -6 0 8 13 -1 4 0 -3 -3 -5 2 -1 23 -4 -3 7 -3 6 4 6 1 1 6 5 1 -7 4 -5 -4 -14 -24 19 -10 6 -4 -10 2 -2 3 -6 4 -6 0 3 5 -5 1 -17 -1 -4 -2 -5 -3 -6 -9 -1 13 5 10 -1 2 0 3 58 -4 13 10 4 -1 6 -1 -8 -12 6 -9 -10 1 -9 4 7 -2 3 -4 -20 4 23 7 6 1 -2 2 3 -1 -7 3 -2 13 -2 2 -5 5 0 13 7 -2 -3 -5 -10 -3 15 -4 -3 -7 -3 6 22 -6 10 3 -3 1 8 -15 -9 7 -3 4 5 -7 -2 -4 1 -10 7 -2 5 1 0 -6 0 2 0 28 -15 -2 12 -1 -6 -3 3 1 0 2 2 -12 3 5 -4 7 22 11 -8 20 -1 4 -1 12 2 -3 10 8 1 3 5 5 -1 -23 1 17 -3 -4 1 -13 3 -4 -4 4 -4 1 0 3 2 5 -27 -3 -12 -1 8 -2 2 -4 5 1 -1 7 -3 -2 -2 5 10 -4 -4 5 -10 9 -1 3 2 0 -4 -18 0 5 0 5 6 7 7 -5 -3 -8 -5 1 -5 4 19 5 4 5 9 -4 -8 -3 5 8 -2 -1 18 7 0 3 -1 -14 -5 -8 -18 24 4 5 13 5 2 -4 1 10 6 3 -1 1 -1 3 -2 8 1 -7 -27 8 1 -9 -10 10 -2 -8 2 -1 6 1 6 -3 1 1 -4 7 1 -12 -1 5 -1 -4 0 5 8 10 -2 3 9 -6 -3 6 -16 -8 0 -4 -2 2 1 1 4 10 -3 -1 6 -6 -10 8 0 1 -5 5 -4 -1 -36 -10 7 3 -2 -23 8 -12 4 6 -3 4 -2 -3 4 4 6 -10 -2 4 3 -6 -6 11 21 26 2 7 -4 0 5 -7 2 -3 4 7 5 -7 8 1 -3 2 21 -2 11 4 1 -13 -9 0 13 6 0 -8 -22 -2 -3 0 15 -8 4 -38 -6 5 1 2 -3 1 -10 -9 4 -3 -5 3 0 -9 -7 -5 -4 -2 -1 11 -5 4 -2 -4 -6 -15 0 1 -20 -10 -1 -7 -1 -4 22 -1 -3 -1 22 -9 22 -4 0 0 -3 -3 2 -5 2 -1 2 -3 25 9 -2 1 -1 2 -1 3 1 -1 -4 0 2 -3 -2 -10 8
Q 3 305 0 7217 1 5 2 2 -8 3 3 4 -5 -9 -3 -17 3 3 -6 -13 -9 20 0 -12 2 -2 7 1 -5 6 -3 1 2 -12 8 10 -7 -5 2 -5 5 1 -7 -2 4 -3 -5 2 1 25 0 4 -2 -5 14 -2 2 -4 23 -1 -3 24 4 -6 -2 4 -10 -5 3 -5 -12 -11 -10 1 -1 1 -12 -4 4 15 4 4 -3 -3 0 0 -7 -8 -4 -3 -3 2 -8 -7 -3 -2 1 -9 10 -2 7 -5 0 2 -13 5 23 -2 0 -2 -4 11 2 5 -1 2 -2 2 5 17 0 1 3 29 -8 1 1 -1 -3 -1 -3 6 12 -4 -6 4 -4 9 4 2 3 5 -4 4 2 -7 4 -1 -4 -7 -7 15 -6 4 -7 -5 1 -6 3 -4 1 -5 -16 3 4 -7 2 -11 -4 -9 3 -5 3 -8 -11 -6 20 5 13 0 4 2 -1 59 -5 5 9 5 0 3 0 -11 -13 2 -6 2 0 -7 5 5 -4 3 2 -23 3 16 12 5 7 0 4 6 -14 -9 0 2 20 -1 -2 -11 0 3 7 4 -4 -2 -6 -10 -5 22 -6 -3 -2 2 14 52 2 8 1 -5 -1 -1 -8 -1 4 -6 -4 4 -10 -3 -6 5 -23 1 -1 10 -4 8 -10 -5 14 2 17 -25 -21 3 -9 -7 -1 -2 4 -6 3 -6 -10 7 7 3 8 20 5 -4 15 -5 1 -1 8 10 -3 0 -10 -1 1 3 7 6 -32 1 18 0 2 9 -10 17 -8 -5 8 1 1 5 8 -1 5 -27 -8 -8 0 6 -5 1 -2 4 11 1 6 -4 0 4 -1 -1 -2 -6 5 -9 12 -6 2 0 -2 -4 -15 -6 7 -2 3 6 5 -1 -8 -6 -13 -5 4 -1 5 15 2 2 11 8 1 -2 -5 5 13 2 11 16 6 -1 8 2 -12 -12 -7 -13 21 1 4 0 5 -3 -4 -7 13 6 -1 -1 4 0 -1 -5 6 2 -2 -19 7 8 -10 -14 0 -5 -5 0 -3 8 -1 10 -6 5 -15 4 5 7 -7 -2 3 2 -3 -4 -4 10 14 4 1 10 2 -2 8 0 -7 0 -4 0 -8 4 2 10 12 -3 -7 11 -3 -13 5 7 1 0 5 -1 -6 -24 -11 4 8 8 -4 12 -8 -1 2 5 -1 -1 -1 -1 1 -2 -2 -2 8 5 1 -9 12 16 30 3 6 -8 -1 7 -8 3 3 -3 6 6 -2 17 5 -6 2 13 -6 7 0 -3 -7 -12 -3 10 10 3 -2 -25 -9 -6 -1 1 -7 7 -18 -4 -4 7 -1 -2 4 1 -6 8 -1 -4 0 2 -10 2 -2 -3 1 0 13 -4 4 15 8 -8 -18 -1 -4 -28 -8 -9 -6 1 -3 6 0 -6 5 20 -10 11 -3 -1 -2 -2 2 -5 5 2 -3 6 0 23 13 -2 -3 -3 0 -3 0 -1 10 -6 0 6 -3 -1 -9 8
Q 3 320 1 9937 1 -9 3 9 -11 2 2 -2 2 1 3 3 -2 8 2 -3 3 13 -6 -1 8 7 8 13 4 6 -6 6 1 -12 -3 -5 -3 2 1 3 4 -2 -4 8 -18 0 -10 -7 5 -1 -1 1 -8 -2 -3 0 4 5 -24 3 -16 -2 -6 10 -4 1 -6 -8 -7 2 -29 -25 4 6 -3 -5 3 -3 2 6 0 2 -1 -4 -1 -2 6 1 3 -5 10 6 -12 -7 10 5 -1 0 -24 -3 0 1 -9 -2 15 4 12 -4 1 2 5 10 -9 -5 31 -4 5 -2 -2 22 -2 -7 6 40 -3 7 2 -2 -6 8 -5 1 6 0 1 5 6 1 -6 4 -1 -1 1 3 -2 4 -2 3 0 -12 -8 6 -1 1 -1 3 5 -1 1 6 1 1 14 4 2 0 -5 13 1 3 0 6 -5 1 -1 -10 3 -1 -1 -2 5 1 -3 3 4 -2 -2 1 3 1 7 16 -2 6 10 13 -2 -3 7 11 -1 3 -2 19 3 -2 -12 0 6 0 -1 8 -8 2 -2 -6 10 -1 4 -2 0 6 -19 2 -5 3 2 -5 0 -16 -6 0 0 4 2 -27 -5 13 1 5 3 8 -11 -4 4 -2 6 -1 4 -1 -1 9 4 2 -2 0 -5 0 -1 -11 -6 -1 -26 14 12 16 7 -2 -2 6 -4 1 2 -1 -3 1 2 -6 11 7 -1 -8 -9 -8 7 -8 14 -8 11 -12 14 5 4 3 10 4 -14 -7 6 -1 2 6 7 -14 -1 -8 -16 -1 1 -12 -5 1 -3 -15 4 -6 1 3 -12 -3 -5 10 -7 6 3 -5 -3 -10 -1 -7 -5 5 4 2 -1 -6 3 1 -2 -2 4 4 -4 2 5 6 -2 -16 0 -3 -13 -3 2 -6 0 1 5 1 -7 -1 2 1 5 1 2 -7 5 5 -1 4 -3 -6 -13 -7 9 -3 18 -2 3 -9 0 -1 3 1 6 4 -2 2 10 -3 4 0 1 5 0 9 3 -3 -6 -2 7 3 1 4 -4 0 2 1 -2 -7 -19 1 6 -1 1 -5 2 3 1 0 -8 -13 -10 -1 -4 -1 12 0 12 2 2 5 -1 -7 12 2 -2 0 -4 -1 -8 3 1 -10 -5 -8 4 -3 6 -7 -1 -1 -4 4 -1 -8 1 -1 11 3 2 7 1 -8 -4 -1 3 0 -3 -9 1 11 -7 0 10 -17 12 -5 1 -5 4 -3 -1 -1 -3 3 -22 -8 -2 3 1 5 12 10 4 2 2 5 -6 -7 6 3 -4 -4 -1 -5 -4 3 -1 12 4 2 -30 0 8 -2 3 8 5 10 -7 3 4 0 -7 4 -10 -2 -8 -3 -1 7 -3 -4 -10 9 -5 2 23 -5 -2 -6 -9 2 -3 -7 5 6 3 -3 0 6 -4 -7 4 -16 -1 0 5 -4 2 -2 4 0 0 -9 -3 -3 -3 4 -4 2 -1 -5 -17 0 0 5 -1 2 -1 7
Q 3 321 1 27728 1 -20 6 7 -2 2 11 1 -4 8 4 4 6 0 7 -5 5 11 -5 0 2 7 9 4 2 13 -9 13 1 -5 -1 -11 -14 3 -1 5 6 7 -4 5 -21 0 -13 -7 1 -4 1 3 0 -3 3 -6 1 13 -8 2 -14 -5 -4 9 7 -2 -5 0 -7 8 -11 -15 9 6 12 5 -7 -1 -1 3 -10 3 4 -7 1 0 6 0 1 -11 4 2 -15 -2 4 -1 0 3 -17 -4 0 6 -8 -5 25 13 13 1 7 2 6 -1 -11 3 20 2 7 -5 -4 25 7 -2 1 26 -4 5 7 3 3 7 -6 1 5 -4 -1 1 2 7 -18 3 -2 9 2 9 2 -12 -5 -4 -3 -3 -18 7 -2 1 0 0 19 6 6 -2 5 1 11 0 2 -6 -9 13 -2 -7 -2 3 -4 2 -2 -12 -6 -12 -2 3 6 4 -5 -21 0 -8 2 7 4 5 6 7 7 -4 5 12 -1 -1 10 16 -5 34 0 28 2 -4 -7 -18 3 2 1 8 -3 8 3 -10 15 -15 -1 4 -3 10 -2 4 -3 -1 4 -4 -1 -15 -3 0 -1 7 4 -28 -9 14 -4 2 7 13 6 -6 3 10 6 6 17 -4 -4 11 -10 -5 0 -2 -7 -4 2 -1 0 3 -33 -2 -13 10 10 -1 -5 -3 -2 0 1 -13 1 1 -5 -1 3 5 -16 -7 -2 -4 7 -6 12 -8 1 -2 0 6 7 4 5 0 -7 -4 3 -5 -4 8 1 -11 0 -5 -14 -1 -1 -8 0 7 -1 16 1 -4 0 3 -11 -1 -4 6 9 -4 1 -8 -2 -7 10 -7 -1 7 1 3 -2 -5 8 2 -4 -6 9 5 -11 -2 0 4 -3 -14 4 -6 -13 -4 2 -2 1 -4 4 1 0 -3 5 2 6 1 2 -3 12 -1 -1 2 3 -7 3 -5 5 17 23 -2 -2 -6 0 6 7 -8 -6 4 -2 -4 13 -6 1 -1 0 6 4 7 -5 -5 -8 2 -3 -5 -6 9 2 0 -1 -2 -4 -6 -20 3 17 -3 0 -2 4 6 -5 0 -5 4 -14 6 -8 -2 2 4 17 -6 4 6 -3 2 11 2 -5 1 13 -2 -11 1 -2 -16 -3 -14 2 -3 2 -6 2 20 -5 11 -2 -4 -2 5 7 -3 3 3 0 -6 -2 0 0 2 -1 -5 -1 14 -8 -3 -2 -2 19 0 14 1 0 -5 1 -2 -4 -1 -28 1 4 -4 0 8 -1 9 9 10 1 6 -5 -6 9 -4 -4 -9 -1 4 7 -2 -2 5 -2 -2 -9 3 1 1 1 -10 2 16 -5 5 1 -6 -2 5 -11 -9 -7 -1 -6 5 -3 -1 -3 -8 -12 6 26 0 3 7 -20 6 -2 -4 -1 3 5 -4 0 6 -3 -14 9 -5 -1 -8 -1 0 4 -4 6 7 8 -6 2 -2 1 -5 -7 3 -3 -4 -14 0 -8 4 0 3 1 7
Q 3 336 1 -3576 -1 -13 2 5 -9 1 1 4 4 2 2 3 -4 7 -3 -8 1 8 -3 4 9 7 9 18 2 1 -10 7 -5 -17 0 4 -4 -1 3 6 1 2 -6 10 -13 1 -8 -2 1 -5 3 0 -10 -4 -4 0 4 0 -15 3 -11 1 -5 4 -8 0 -10 -9 -5 0 -23 -19 0 4 0 -4 5 -3 -1 3 6 2 1 -4 0 -1 6 1 -1 -4 10 4 -10 -5 10 9 -5 -1 -11 -2 4 -1 -5 -2 9 3 7 -3 0 1 7 7 -7 -3 18 -5 3 -2 0 13 -2 -5 4 16 -1 5 2 -1 -4 6 -3 2 -2 -2 0 1 10 0 -2 4 0 -3 1 2 0 4 -3 -1 -3 -10 -2 3 -1 1 -1 -15 4 0 5 3 1 -1 2 1 5 0 -2 15 0 2 0 -3 -5 1 -3 -5 -3 2 -2 -4 3 -1 -2 19 2 11 -4 1 4 -1 8 12 5 7 9 1 -1 -4 0 7 1 -8 1 3 4 -5 -7 7 8 2 -2 9 -12 2 -2 -3 -1 2 3 -4 -3 3 -15 4 -4 0 3 -8 1 -4 -4 -1 -2 3 4 -22 -2 8 5 5 5 1 -10 -1 3 -9 2 -2 4 -5 -1 8 5 9 -1 3 -1 3 -4 -1 -9 2 -9 5 16 15 10 -7 -2 3 -3 -1 -1 0 -3 -2 5 -5 12 1 5 -3 -5 -10 8 -5 14 4 14 -18 15 7 2 0 8 4 -6 -7 14 -1 2 3 5 -11 -1 -5 -9 1 0 -12 -6 3 -1 -14 6 -4 0 5 -21 0 -8 10 4 1 4 -5 -5 -15 -2 -1 -3 2 0 -4 1 -5 4 0 -1 0 1 5 -3 2 4 5 1 5 -2 -2 -8 0 6 -7 -1 9 4 4 -10 3 3 -1 5 8 2 -6 3 3 0 1 -2 -4 -13 -10 5 -6 20 -3 5 -8 1 0 2 0 0 -1 -2 -1 8 0 1 2 1 3 -2 18 4 -4 -7 -1 7 2 -4 -2 -2 1 3 3 1 -6 -11 0 6 -2 -1 -3 -1 4 0 3 -4 -5 -3 1 -3 1 12 -2 18 2 0 4 -1 -6 10 0 0 3 -11 -8 -3 1 -3 -10 -3 -8 6 -3 8 -6 1 -5 -7 6 1 -6 -9 2 -2 1 2 5 3 -7 -4 -2 1 -1 -4 -5 2 9 -6 -1 7 -13 22 -10 3 -5 2 -2 2 1 -4 1 -12 -7 -8 10 2 7 10 4 1 -1 -2 6 -4 0 5 1 -2 -4 1 -16 -8 3 3 11 5 2 -37 4 6 -3 3 5 2 11 -3 2 1 0 -6 4 -6 -9 -8 0 -1 7 6 -6 -8 17 -4 1 20 -2 -3 -13 -10 -6 -3 -6 0 6 1 0 -1 -1 -5 -6 5 -15 -3 2 5 1 6 -2 3 1 -3 -10 -8 -2 0 2 -3 2 0 -5 -9 -7 0 5 1 0 -2 7
Q 3 337 1 9093 -1 -23 2 3 0 -2 10 7 -2 13 3 5 5 2 -2 -12 3 6 -4 6 4 8 11 9 -1 5 -13 12 -5 -14 -1 -1 -17 -1 5 6 3 7 -5 6 -17 3 -13 -2 0 -10 2 0 -5 -6 4 -8 1 5 -4 3 -8 -1 -5 1 -4 1 -11 -2 -5 7 -4 -12 3 4 12 3 -1 -2 -3 2 -2 0 3 -8 3 -1 4 0 -4 -9 4 0 -11 -1 6 5 -3 3 -7 -4 6 4 -4 -6 14 10 9 4 4 2 9 -3 -7 3 11 0 6 -6 1 12 3 -2 1 5 -2 1 6 4 6 5 -7 3 -4 -3 -2 -3 8 0 -14 2 -2 5 3 8 2 -6 -4 -7 -7 -4 -9 0 -2 1 -2 -13 14 5 8 -5 3 -3 -5 -4 3 -4 -4 16 -3 -8 -1 -8 -2 2 -1 -4 -13 -7 -4 0 5 2 -4 -2 1 3 -3 5 4 3 7 6 8 0 3 -4 -2 0 2 13 -3 19 2 8 3 -6 -4 -11 4 2 3 11 -8 9 2 -6 2 -8 0 3 -7 5 0 6 -4 -3 2 -6 2 1 -1 0 -3 4 5 -19 -4 9 3 3 10 5 6 -3 2 1 2 3 14 -4 -5 13 -11 4 -1 2 -1 1 -3 11 -3 2 -12 -10 -6 7 11 -7 -5 -4 -1 -1 -2 -11 1 -1 2 -1 2 -2 -9 -5 2 -7 9 0 12 5 3 -8 1 6 4 -1 0 -2 1 -5 12 -5 -1 4 0 -7 0 -3 -6 2 -2 -6 -1 5 2 10 3 0 2 3 -21 0 -5 2 20 -7 2 -7 -4 -7 4 -1 2 1 -1 -5 -1 -4 6 -2 0 1 5 5 -10 -1 0 -1 1 7 -2 -2 -5 -1 3 -5 -2 5 3 0 -2 2 5 -1 6 5 4 -4 9 -3 -1 -5 4 -5 -3 -8 1 10 19 -3 1 -4 0 6 4 -8 -6 -4 0 -7 8 -3 -2 -1 1 2 2 18 -3 -5 -9 -1 -1 -3 -9 3 4 4 0 1 -5 -7 -11 1 15 -3 -1 -4 2 10 -3 4 2 9 -2 4 -4 1 5 0 23 -3 1 2 -4 1 9 -1 -3 6 1 -9 -6 1 -8 -16 -2 -9 6 -1 4 -10 4 19 -8 8 3 -2 -11 4 -3 -3 2 2 0 -4 -2 0 -3 0 -2 -4 -1 12 -3 -3 -5 0 29 -3 13 1 -3 -3 7 -2 -4 -1 -15 2 -6 8 2 9 0 4 3 6 -1 7 -2 2 7 -5 -4 -8 -1 -7 0 -1 2 4 2 -6 -19 9 1 2 2 -10 -2 14 -2 3 0 -3 -1 5 -4 -15 -5 2 -6 2 6 -2 -3 3 -10 6 22 0 3 -1 -19 -8 -5 -5 -3 7 2 -3 1 -1 -3 -12 10 -6 -2 -2 5 6 8 -4 1 4 2 -7 -5 -3 1 -6 -4 0 -4 -2 -10 -7 -7 2 1 4 -1 7
Q 3 352 1 7082 -1 -6 5 12 -12 3 2 -6 2 1 4 3 1 4 4 -5 2 14 -5 -1 7 6 12 12 5 2 -6 9 -1 -12 -2 -2 -3 2 -2 2 3 0 -4 6 -20 -2 -11 -11 5 1 0 2 -9 -4 -5 0 4 8 -13 4 -11 -3 -6 7 -5 1 -7 -8 -4 2 -29 -26 5 6 -4 -3 4 -5 1 5 -5 2 -2 -4 -4 0 6 0 2 -5 11 7 -10 -7 9 4 0 1 -29 -3 0 2 -8 -2 23 3 6 -6 2 2 7 4 -9 -6 24 -4 6 -3 0 14 -2 -8 3 37 -1 8 -1 -1 -5 7 -2 -1 12 0 0 4 4 4 -6 2 -2 -2 -1 6 -3 4 -2 3 1 -13 -7 5 -1 -4 0 4 4 -1 1 6 2 3 17 3 3 1 -7 4 0 4 2 9 -5 3 -4 -8 1 -2 1 -3 2 3 -2 3 4 -3 0 1 1 2 5 15 0 6 11 9 -2 -3 3 9 -3 -3 -2 6 2 -2 -10 5 4 1 -1 6 -3 3 -3 -5 14 -4 4 -2 -3 6 -20 2 -5 2 3 -9 -1 -13 -6 -1 -1 5 -1 -25 -3 14 2 3 4 4 -19 -3 3 -2 6 -1 3 -4 0 11 5 -1 -1 -1 -6 -2 3 -11 -3 0 -28 7 8 17 7 -3 0 6 -4 2 1 4 -4 3 4 -1 11 13 4 -8 -6 -5 7 -8 15 -8 10 -10 10 4 4 5 10 5 -9 -5 7 2 2 5 9 -17 -2 -4 -16 1 3 -10 -5 0 -2 -18 2 -5 1 2 -11 -1 -3 11 -12 3 5 -4 -2 -9 1 -10 -4 6 4 1 -1 -7 3 2 0 1 6 3 -4 4 4 2 -2 -10 0 -3 -8 -1 3 -4 -1 3 5 2 -10 -3 2 1 5 1 0 -6 7 6 -2 5 -4 -6 -11 -7 11 -6 19 -2 2 -8 -1 3 4 1 1 3 1 2 7 -3 4 -1 1 6 0 13 1 -4 -5 -1 0 4 -2 5 -5 1 5 1 4 -4 -18 3 6 -1 1 -3 2 3 0 -2 -9 -13 -7 -2 -7 0 8 1 14 10 3 6 -1 -8 12 1 -2 -1 -5 1 -8 4 0 -13 -5 -12 2 -3 4 -14 -3 0 -3 0 -1 -10 7 -3 7 3 3 6 1 -11 -5 -1 1 1 -2 -10 2 10 -8 2 13 -29 16 -6 4 -6 3 -2 -1 0 -2 3 -21 -6 -1 8 0 6 13 7 4 -1 4 3 -7 -2 5 3 -3 -3 0 -3 -1 4 -2 13 6 2 -33 1 8 -2 5 9 6 10 -6 1 5 0 -6 4 -9 -4 -7 -2 -3 6 -2 -5 -10 10 -7 2 19 -4 -3 -7 -12 3 -4 -8 6 6 2 -2 -2 8 -5 0 3 -13 -1 -1 4 -5 2 -1 5 -1 2 -11 -6 -2 -3 4 -4 4 4 -5 -12 -2 -1 4 -2 2 -1 7
Q 3 353 1 25073 -1 -17 9 10 -3 2 12 -4 -5 7 5 5 8 -4 8 -9 3 12 -3 2 0 6 12 4 2 10 -11 15 0 -3 0 -8 -14 3 -3 5 6 8 -3 3 -23 0 -13 -12 2 -1 3 4 -1 -6 0 -6 1 16 2 3 -9 -6 -5 6 7 -1 -7 0 -3 8 -11 -17 11 7 11 6 -6 -4 -2 2 -15 2 1 -7 -3 1 4 -2 0 -11 6 3 -13 -2 3 -3 1 5 -22 -5 0 7 -7 -4 33 12 8 0 8 2 9 -8 -11 2 13 1 8 -6 -2 16 7 -3 -1 22 -2 7 4 4 4 5 -4 -1 10 -3 -2 0 -1 10 -18 0 -3 7 1 14 1 -12 -5 -6 0 -4 -16 6 -3 -3 1 2 18 6 6 -2 5 3 14 -1 4 -5 -11 4 -2 -5 1 5 -4 3 -4 -10 -8 -14 0 2 2 6 -5 -22 0 -8 3 7 1 6 4 7 9 -3 5 8 -1 -3 5 15 -6 27 0 16 1 -4 -4 -13 3 2 2 6 3 8 2 -8 19 -19 -1 5 -8 11 -3 5 -3 -1 4 -7 -2 -12 -3 -1 -2 7 1 -26 -7 17 -3 -1 8 8 -3 -5 3 10 6 6 16 -7 -2 13 -8 -8 1 -3 -8 -6 6 -1 4 3 -35 -9 -17 11 10 -3 -3 -2 -1 1 0 -9 1 3 -4 3 2 12 -11 -7 0 -1 7 -7 14 -8 1 1 -4 6 6 6 5 1 -3 -2 2 -2 -4 8 3 -14 0 -2 -14 2 0 -7 -1 5 0 13 0 -3 0 0 -10 0 -3 6 5 -7 2 -7 0 -6 12 -11 0 8 1 3 -2 -7 7 3 -3 -4 11 3 -10 0 -2 1 -2 -8 4 -5 -9 -2 3 0 0 -3 6 1 -2 -6 4 2 5 0 -1 -2 16 0 -3 3 2 -7 6 -5 7 15 23 -3 -4 -6 -1 11 7 -8 -11 4 1 -5 10 -6 1 -3 0 8 5 11 -8 -6 -7 3 -10 -4 -9 10 0 1 2 -2 2 -3 -20 5 16 -3 -1 -1 4 7 -7 -3 -6 4 -10 6 -12 -1 -2 6 19 2 5 7 -3 1 11 2 -5 1 11 -1 -11 2 -2 -18 -3 -17 0 -3 0 -15 -1 22 -3 7 -2 -6 5 2 3 -3 3 3 1 -9 -2 -1 -1 3 0 -6 0 13 -8 0 2 -15 23 -1 17 -1 -1 -5 0 -1 -2 0 -25 2 6 0 -1 9 0 6 9 7 3 3 -7 -1 8 -4 -3 -8 0 7 9 -3 -3 8 0 0 -13 4 2 0 2 -9 3 14 -5 4 1 -7 -1 6 -9 -11 -6 0 -8 5 -2 0 -3 -8 -14 5 21 2 2 5 -25 8 -3 -5 0 4 4 -3 -2 8 -4 -7 8 -2 -1 -8 -2 -2 4 -2 6 6 9 -8 -2 -1 1 -5 -6 6 3 -4 -8 -2 -8 3 -1 4 1 7
Q 3 368 1 -6352 1 -10 3 7 -10 2 1 0 5 2 3 3 -1 4 -2 -9 -1 8 -3 3 7 6 12 17 3 -3 -10 8 -6 -17 1 5 -4 -1 1 5 1 3 -5 8 -15 0 -10 -6 2 -3 4 1 -11 -6 -6 -1 4 2 -6 4 -7 0 -5 1 -8 1 -11 -8 -3 0 -23 -20 2 4 -1 -3 6 -5 -1 2 3 1 -1 -4 -2 0 5 0 -2 -4 12 4 -9 -4 10 8 -4 1 -16 -2 3 0 -4 -1 18 3 3 -5 0 1 8 2 -6 -3 13 -6 3 -3 2 6 -2 -5 2 13 0 6 0 0 -3 5 -1 1 3 -2 -1 0 8 2 -2 2 -1 -4 0 5 -1 4 -3 -2 -2 -10 -1 3 -1 -2 0 -14 3 1 5 3 2 1 5 0 7 2 -3 8 0 3 1 0 -4 2 -5 -3 -5 2 -1 -5 0 0 -1 19 1 10 -2 2 3 0 7 11 7 8 10 -2 0 -4 -4 6 -1 -12 1 -9 3 -5 -5 12 7 2 -2 7 -7 2 -2 -3 2 -2 3 -3 -5 3 -16 4 -4 0 3 -11 0 -1 -3 -2 -3 4 1 -21 0 9 6 3 6 -4 -18 -1 2 -9 2 -3 3 -8 0 9 6 6 1 2 -1 1 0 -1 -6 3 -10 -1 12 15 10 -8 0 4 -3 0 -2 5 -4 -1 7 -1 11 7 9 -4 -3 -7 6 -5 14 4 13 -16 11 6 2 2 7 5 -3 -5 13 1 2 2 7 -13 -1 -2 -9 3 1 -11 -6 2 0 -17 5 -3 0 3 -20 1 -6 11 0 -2 5 -4 -4 -14 0 -5 -2 3 -1 -5 1 -7 3 0 0 3 3 4 -3 3 3 2 2 10 -2 -2 -4 2 6 -5 -2 10 3 4 -13 2 2 -1 5 8 0 -6 5 4 -1 2 -2 -3 -11 -10 7 -7 20 -3 4 -6 0 3 2 0 -4 -2 1 -1 6 0 0 2 2 4 -1 21 2 -5 -6 -1 0 3 -8 -1 -2 2 6 3 5 -4 -11 1 5 -2 -1 -1 -1 5 -1 1 -5 -6 -2 0 -5 2 9 -1 19 9 1 5 0 -6 10 -1 0 2 -11 -7 -4 3 -4 -13 -3 -11 5 -4 6 -12 -2 -3 -6 3 2 -7 -4 0 -5 1 2 4 5 -10 -5 -1 -1 0 -5 -6 3 9 -7 1 10 -23 26 -11 5 -6 1 -1 2 2 -2 2 -11 -5 -6 14 2 8 11 1 1 -4 0 4 -5 3 4 1 -1 -4 1 -13 -6 3 2 13 7 3 -40 5 6 -3 4 6 3 11 -3 1 2 -1 -6 5 -5 -10 -7 1 -3 7 6 -6 -7 18 -6 1 16 -1 -4 -13 -12 -5 -3 -6 2 6 0 1 -3 1 -6 0 4 -13 -4 1 5 -1 6 -1 3 0 -2 -13 -11 -2 0 2 -2 4 4 -5 -5 -8 0 5 0 1 -3 7
Q 3 369 1 6723 1 -20 4 4 -2 -2 10 2 -2 13 4 6 7 -2 0 -15 2 6 -3 7 2 7 15 9 0 2 -14 13 -5 -13 0 1 -16 -2 2 5 3 8 -3 4 -18 2 -15 -6 1 -7 4 2 -6 -8 2 -8 1 7 6 4 -3 -2 -6 -1 -3 1 -14 -2 -2 7 -5 -14 5 5 12 3 0 -5 -4 1 -6 0 1 -7 0 0 2 -2 -4 -9 6 1 -10 0 6 4 -2 5 -11 -4 6 5 -2 -5 23 11 5 3 3 2 12 -9 -7 3 5 -1 6 -7 3 4 3 -3 -2 1 0 3 3 5 7 3 -5 2 1 -3 -2 -4 5 2 -14 -1 -3 4 2 10 2 -6 -4 -7 -5 -3 -8 -1 -2 -2 -1 -12 13 6 8 -5 4 -1 -2 -4 5 -3 -6 9 -3 -6 1 -6 -1 4 -3 -1 -15 -8 -2 -1 1 3 -3 -3 1 3 -1 5 2 4 4 6 9 0 4 -7 -2 -1 -3 12 -4 14 3 -3 2 -7 -2 -6 3 2 3 9 -3 9 2 -6 6 -12 0 4 -11 6 -2 5 -3 -3 2 -9 1 4 -1 -1 -3 4 2 -17 -2 11 4 1 12 1 -2 -3 2 1 2 4 13 -8 -2 14 -9 1 0 1 -2 0 1 11 1 2 -13 -16 -10 8 10 -9 -3 -3 0 0 -2 -7 0 0 4 3 2 4 -4 -6 3 -4 8 -1 13 6 3 -5 -4 6 3 2 0 0 5 -2 11 -2 -2 4 3 -9 1 0 -5 5 -1 -5 -2 3 3 8 2 1 1 0 -20 2 -4 3 15 -10 3 -5 -3 -7 6 -4 3 2 -2 -5 -1 -7 6 -1 1 3 7 4 -9 1 -1 -4 2 12 -1 -1 1 2 5 -3 -3 5 4 1 -5 0 4 -1 6 5 1 -3 11 -2 -3 -4 2 -4 1 -9 3 9 20 -3 0 -3 -1 10 5 -7 -10 -4 2 -8 6 -3 -3 -3 1 3 3 21 -5 -6 -8 0 -9 -3 -12 3 3 5 2 0 0 -4 -12 3 13 -3 -1 -2 3 11 -4 2 0 8 0 3 -7 2 2 2 25 5 2 3 -4 0 9 -1 -2 6 0 -9 -6 2 -8 -20 -2 -12 4 -1 2 -17 1 21 -7 5 3 -4 -5 2 -7 -4 1 2 1 -8 -2 -1 -4 1 -2 -6 0 12 -4 -1 -1 -12 32 -5 16 -1 -4 -2 7 -1 -2 -2 -13 4 -3 12 2 11 1 1 3 3 0 4 -3 6 7 -4 -3 -7 -1 -5 2 -3 1 7 4 -4 -22 10 2 2 3 -9 0 13 -2 2 0 -4 -1 7 -2 -17 -5 3 -7 2 7 -2 -2 3 -13 5 17 2 2 -3 -23 -6 -5 -6 -2 8 1 -2 -1 2 -4 -5 8 -3 -3 -2 4 4 8 -2 2 4 3 -9 -7 -2 1 -6 -3 3 1 -1 -6 -9 -6 3 0 5 -1 7
END
