Compiler/BfvTeachingExhibits.lean:7:32: error: ambiguous identifier `lo`, possible interpretations: [Exhibits.lo, Exhibits.lo]
Compiler/BfvTeachingExhibits.lean:20:9: error(lean.unknownIdentifier): Unknown identifier `lo`
Compiler/BfvTeachingExhibits.lean:21:9: error(lean.unknownIdentifier): Unknown identifier `lo`
Compiler/BfvTeachingExhibits.lean:22:9: error(lean.unknownIdentifier): Unknown identifier `lo`
Compiler/BfvTeachingExhibits.lean:23:12: error(lean.unknownIdentifier): Unknown identifier `bits`
Compiler/BfvTeachingExhibits.lean:24:12: error(lean.unknownIdentifier): Unknown identifier `bits`
Compiler/BfvTeachingExhibits.lean:25:12: error(lean.unknownIdentifier): Unknown identifier `bits`
Compiler/BfvTeachingExhibits.lean:27:23: error(lean.unknownIdentifier): Unknown identifier `lo`
Compiler/BfvTeachingExhibits.lean:28:26: error(lean.unknownIdentifier): Unknown identifier `bits`
Compiler/BfvTeachingExhibits.lean:41:24: error(lean.unknownIdentifier): Unknown identifier `lo`
Compiler/BfvTeachingExhibits.lean:41:27: error(lean.unknownIdentifier): Unknown identifier `bits`
Compiler/BfvTeachingExhibits.lean:41:24: error(lean.unknownIdentifier): Unknown identifier `lo`
Compiler/BfvTeachingExhibits.lean:41:27: error(lean.unknownIdentifier): Unknown identifier `bits`
Compiler/BfvTeachingExhibits.lean:41:24: error(lean.unknownIdentifier): Unknown identifier `lo`
Compiler/BfvTeachingExhibits.lean:41:27: error(lean.unknownIdentifier): Unknown identifier `bits`
Compiler/BfvTeachingExhibits.lean:41:24: error(lean.unknownIdentifier): Unknown identifier `lo`
Compiler/BfvTeachingExhibits.lean:41:27: error(lean.unknownIdentifier): Unknown identifier `bits`
Compiler/BfvTeachingExhibits.lean:41:24: error(lean.unknownIdentifier): Unknown identifier `lo`
Compiler/BfvTeachingExhibits.lean:41:27: error(lean.unknownIdentifier): Unknown identifier `bits`
Compiler/BfvTeachingExhibits.lean:41:24: error(lean.unknownIdentifier): Unknown identifier `lo`
Compiler/BfvTeachingExhibits.lean:41:27: error(lean.unknownIdentifier): Unknown identifier `bits`
Compiler/BfvTeachingExhibits.lean:41:24: error(lean.unknownIdentifier): Unknown identifier `lo`
Compiler/BfvTeachingExhibits.lean:41:27: error(lean.unknownIdentifier): Unknown identifier `bits`
Compiler/BfvTeachingExhibits.lean:41:24: error(lean.unknownIdentifier): Unknown identifier `lo`
Compiler/BfvTeachingExhibits.lean:41:27: error(lean.unknownIdentifier): Unknown identifier `bits`
Compiler/BfvTeachingExhibits.lean:41:24: error(lean.unknownIdentifier): Unknown identifier `lo`
Compiler/BfvTeachingExhibits.lean:41:27: error(lean.unknownIdentifier): Unknown identifier `bits`
Compiler/BfvTeachingExhibits.lean:41:24: error(lean.unknownIdentifier): Unknown identifier `lo`
Compiler/BfvTeachingExhibits.lean:41:27: error(lean.unknownIdentifier): Unknown identifier `bits`
Compiler/BfvTeachingExhibits.lean:41:24: error(lean.unknownIdentifier): Unknown identifier `lo`
Compiler/BfvTeachingExhibits.lean:41:27: error(lean.unknownIdentifier): Unknown identifier `bits`
Compiler/BfvTeachingExhibits.lean:41:24: error(lean.unknownIdentifier): Unknown identifier `lo`
Compiler/BfvTeachingExhibits.lean:41:27: error(lean.unknownIdentifier): Unknown identifier `bits`
Compiler/BfvTeachingExhibits.lean:41:24: error(lean.unknownIdentifier): Unknown identifier `lo`
Compiler/BfvTeachingExhibits.lean:41:27: error(lean.unknownIdentifier): Unknown identifier `bits`
Compiler/BfvTeachingExhibits.lean:41:24: error(lean.unknownIdentifier): Unknown identifier `lo`
Compiler/BfvTeachingExhibits.lean:41:27: error(lean.unknownIdentifier): Unknown identifier `bits`
Compiler/BfvTeachingExhibits.lean:41:24: error(lean.unknownIdentifier): Unknown identifier `lo`
Compiler/BfvTeachingExhibits.lean:41:27: error(lean.unknownIdentifier): Unknown identifier `bits`
Compiler/BfvTeachingExhibits.lean:41:24: error(lean.unknownIdentifier): Unknown identifier `lo`
Compiler/BfvTeachingExhibits.lean:41:27: error(lean.unknownIdentifier): Unknown identifier `bits`
Compiler/BfvTeachingExhibits.lean:37:64: error: unsolved goals
case «0»
⊢ (((((sorry () 0 0 = 0 ∨ sorry () 0 0 = 1) ∧
            (sorry () 0 1 = 0 ∨ sorry () 0 1 = 1) ∧
              (sorry () 0 2 = 0 ∨ sorry () 0 2 = 1) ∧
                (sorry () 0 (Fin.succ 2) = 0 ∨ sorry () 0 (Fin.succ 2) = 1) ∧
                  (sorry () 0 (Fin.succ 2).succ = 0 ∨ sorry () 0 (Fin.succ 2).succ = 1) ∧
                    (sorry () 0 (Fin.succ 2).succ.succ = 0 ∨ sorry () 0 (Fin.succ 2).succ.succ = 1) ∧
                      (sorry () 0 (Fin.succ 2).succ.succ.succ = 0 ∨ sorry () 0 (Fin.succ 2).succ.succ.succ = 1) ∧
                        (sorry () 0 (Fin.succ 2).succ.succ.succ.succ = 0 ∨
                            sorry () 0 (Fin.succ 2).succ.succ.succ.succ = 1) ∧
                          (sorry () 0 (Fin.succ 2).succ.succ.succ.succ.succ = 0 ∨
                            sorry () 0 (Fin.succ 2).succ.succ.succ.succ.succ = 1)) ∧
          sorry () 0 =
            sorry () 0 0 +
              (sorry () 0 1 * 2 +
                (sorry () 0 2 * 4 +
                  (sorry () 0 (Fin.succ 2) * 8 +
                    (sorry () 0 (Fin.succ 2).succ * 16 +
                      (sorry () 0 (Fin.succ 2).succ.succ * 32 +
                        (sorry () 0 (Fin.succ 2).succ.succ.succ * 64 +
                          (sorry () 0 (Fin.succ 2).succ.succ.succ.succ * 128 +
                            sorry () 0 (Fin.succ 2).succ.succ.succ.succ.succ * 256)))))))) ∧
        (((sorry () 1 0 = 0 ∨ sorry () 1 0 = 1) ∧
              (sorry () 1 1 = 0 ∨ sorry () 1 1 = 1) ∧
                (sorry () 1 2 = 0 ∨ sorry () 1 2 = 1) ∧
                  (sorry () 1 (Fin.succ 2) = 0 ∨ sorry () 1 (Fin.succ 2) = 1) ∧
                    (sorry () 1 (Fin.succ 2).succ = 0 ∨ sorry () 1 (Fin.succ 2).succ = 1) ∧
                      (sorry () 1 (Fin.succ 2).succ.succ = 0 ∨ sorry () 1 (Fin.succ 2).succ.succ = 1) ∧
                        (sorry () 1 (Fin.succ 2).succ.succ.succ = 0 ∨ sorry () 1 (Fin.succ 2).succ.succ.succ = 1) ∧
                          (sorry () 1 (Fin.succ 2).succ.succ.succ.succ = 0 ∨
                              sorry () 1 (Fin.succ 2).succ.succ.succ.succ = 1) ∧
                            (sorry () 1 (Fin.succ 2).succ.succ.succ.succ.succ = 0 ∨
                              sorry () 1 (Fin.succ 2).succ.succ.succ.succ.succ = 1)) ∧
            sorry () 1 =
              sorry () 1 0 +
                (sorry () 1 1 * 2 +
                  (sorry () 1 2 * 4 +
                    (sorry () 1 (Fin.succ 2) * 8 +
                      (sorry () 1 (Fin.succ 2).succ * 16 +
                        (sorry () 1 (Fin.succ 2).succ.succ * 32 +
                          (sorry () 1 (Fin.succ 2).succ.succ.succ * 64 +
                            (sorry () 1 (Fin.succ 2).succ.succ.succ.succ * 128 +
                              sorry () 1 (Fin.succ 2).succ.succ.succ.succ.succ * 256)))))))) ∧
          (((sorry () 2 0 = 0 ∨ sorry () 2 0 = 1) ∧
                (sorry () 2 1 = 0 ∨ sorry () 2 1 = 1) ∧
                  (sorry () 2 2 = 0 ∨ sorry () 2 2 = 1) ∧
                    (sorry () 2 (Fin.succ 2) = 0 ∨ sorry () 2 (Fin.succ 2) = 1) ∧
                      (sorry () 2 (Fin.succ 2).succ = 0 ∨ sorry () 2 (Fin.succ 2).succ = 1) ∧
                        (sorry () 2 (Fin.succ 2).succ.succ = 0 ∨ sorry () 2 (Fin.succ 2).succ.succ = 1) ∧
                          (sorry () 2 (Fin.succ 2).succ.succ.succ = 0 ∨ sorry () 2 (Fin.succ 2).succ.succ.succ = 1) ∧
                            (sorry () 2 (Fin.succ 2).succ.succ.succ.succ = 0 ∨
                                sorry () 2 (Fin.succ 2).succ.succ.succ.succ = 1) ∧
                              (sorry () 2 (Fin.succ 2).succ.succ.succ.succ.succ = 0 ∨
                                sorry () 2 (Fin.succ 2).succ.succ.succ.succ.succ = 1)) ∧
              sorry () 2 =
                sorry () 2 0 +
                  (sorry () 2 1 * 2 +
                    (sorry () 2 2 * 4 +
                      (sorry () 2 (Fin.succ 2) * 8 +
                        (sorry () 2 (Fin.succ 2).succ * 16 +
                          (sorry () 2 (Fin.succ 2).succ.succ * 32 +
                            (sorry () 2 (Fin.succ 2).succ.succ.succ * 64 +
                              (sorry () 2 (Fin.succ 2).succ.succ.succ.succ * 128 +
                                sorry () 2 (Fin.succ 2).succ.succ.succ.succ.succ * 256)))))))) ∧
            (((sorry () (Fin.succ 2) 0 = 0 ∨ sorry () (Fin.succ 2) 0 = 1) ∧
                  (sorry () (Fin.succ 2) 1 = 0 ∨ sorry () (Fin.succ 2) 1 = 1) ∧
                    (sorry () (Fin.succ 2) 2 = 0 ∨ sorry () (Fin.succ 2) 2 = 1) ∧
                      (sorry () (Fin.succ 2) (Fin.succ 2) = 0 ∨ sorry () (Fin.succ 2) (Fin.succ 2) = 1) ∧
                        (sorry () (Fin.succ 2) (Fin.succ 2).succ = 0 ∨ sorry () (Fin.succ 2) (Fin.succ 2).succ = 1) ∧
                          (sorry () (Fin.succ 2) (Fin.succ 2).succ.succ = 0 ∨
                              sorry () (Fin.succ 2) (Fin.succ 2).succ.succ = 1) ∧
                            (sorry () (Fin.succ 2) (Fin.succ 2).succ.succ.succ = 0 ∨
                                sorry () (Fin.succ 2) (Fin.succ 2).succ.succ.succ = 1) ∧
                              (sorry () (Fin.succ 2) (Fin.succ 2).succ.succ.succ.succ = 0 ∨
                                  sorry () (Fin.succ 2) (Fin.succ 2).succ.succ.succ.succ = 1) ∧
                                (sorry () (Fin.succ 2) (Fin.succ 2).succ.succ.succ.succ.succ = 0 ∨
                                  sorry () (Fin.succ 2) (Fin.succ 2).succ.succ.succ.succ.succ = 1)) ∧
                sorry () (Fin.succ 2) =
                  sorry () (Fin.succ 2) 0 +
                    (sorry () (Fin.succ 2) 1 * 2 +
                      (sorry () (Fin.succ 2) 2 * 4 +
                        (sorry () (Fin.succ 2) (Fin.succ 2) * 8 +
                          (sorry () (Fin.succ 2) (Fin.succ 2).succ * 16 +
                            (sorry () (Fin.succ 2) (Fin.succ 2).succ.succ * 32 +
                              (sorry () (Fin.succ 2) (Fin.succ 2).succ.succ.succ * 64 +
                                (sorry () (Fin.succ 2) (Fin.succ 2).succ.succ.succ.succ * 128 +
                                  sorry () (Fin.succ 2) (Fin.succ 2).succ.succ.succ.succ.succ * 256)))))))) ∧
              (((sorry () (Fin.succ 2).succ 0 = 0 ∨ sorry () (Fin.succ 2).succ 0 = 1) ∧
                    (sorry () (Fin.succ 2).succ 1 = 0 ∨ sorry () (Fin.succ 2).succ 1 = 1) ∧
                      (sorry () (Fin.succ 2).succ 2 = 0 ∨ sorry () (Fin.succ 2).succ 2 = 1) ∧
                        (sorry () (Fin.succ 2).succ (Fin.succ 2) = 0 ∨ sorry () (Fin.succ 2).succ (Fin.succ 2) = 1) ∧
                          (sorry () (Fin.succ 2).succ (Fin.succ 2).succ = 0 ∨
                              sorry () (Fin.succ 2).succ (Fin.succ 2).succ = 1) ∧
                            (sorry () (Fin.succ 2).succ (Fin.succ 2).succ.succ = 0 ∨
                                sorry () (Fin.succ 2).succ (Fin.succ 2).succ.succ = 1) ∧
                              (sorry () (Fin.succ 2).succ (Fin.succ 2).succ.succ.succ = 0 ∨
                                  sorry () (Fin.succ 2).succ (Fin.succ 2).succ.succ.succ = 1) ∧
                                (sorry () (Fin.succ 2).succ (Fin.succ 2).succ.succ.succ.succ = 0 ∨
                                    sorry () (Fin.succ 2).succ (Fin.succ 2).succ.succ.succ.succ = 1) ∧
                                  (sorry () (Fin.succ 2).succ (Fin.succ 2).succ.succ.succ.succ.succ = 0 ∨
                                    sorry () (Fin.succ 2).succ (Fin.succ 2).succ.succ.succ.succ.succ = 1)) ∧
                  sorry () (Fin.succ 2).succ =
                    sorry () (Fin.succ 2).succ 0 +
                      (sorry () (Fin.succ 2).succ 1 * 2 +
                        (sorry () (Fin.succ 2).succ 2 * 4 +
                          (sorry () (Fin.succ 2).succ (Fin.succ 2) * 8 +
                            (sorry () (Fin.succ 2).succ (Fin.succ 2).succ * 16 +
                              (sorry () (Fin.succ 2).succ (Fin.succ 2).succ.succ * 32 +
                                (sorry () (Fin.succ 2).succ (Fin.succ 2).succ.succ.succ * 64 +
                                  (sorry () (Fin.succ 2).succ (Fin.succ 2).succ.succ.succ.succ * 128 +
                                    sorry () (Fin.succ 2).succ (Fin.succ 2).succ.succ.succ.succ.succ * 256)))))))) ∧
                ((sorry () (Fin.succ 2).succ.succ 0 = 0 ∨ sorry () (Fin.succ 2).succ.succ 0 = 1) ∧
                    (sorry () (Fin.succ 2).succ.succ 1 = 0 ∨ sorry () (Fin.succ 2).succ.succ 1 = 1) ∧
                      (sorry () (Fin.succ 2).succ.succ 2 = 0 ∨ sorry () (Fin.succ 2).succ.succ 2 = 1) ∧
                        (sorry () (Fin.succ 2).succ.succ (Fin.succ 2) = 0 ∨
                            sorry () (Fin.succ 2).succ.succ (Fin.succ 2) = 1) ∧
                          (sorry () (Fin.succ 2).succ.succ (Fin.succ 2).succ = 0 ∨
                              sorry () (Fin.succ 2).succ.succ (Fin.succ 2).succ = 1) ∧
                            (sorry () (Fin.succ 2).succ.succ (Fin.succ 2).succ.succ = 0 ∨
                                sorry () (Fin.succ 2).succ.succ (Fin.succ 2).succ.succ = 1) ∧
                              (sorry () (Fin.succ 2).succ.succ (Fin.succ 2).succ.succ.succ = 0 ∨
                                  sorry () (Fin.succ 2).succ.succ (Fin.succ 2).succ.succ.succ = 1) ∧
                                (sorry () (Fin.succ 2).succ.succ (Fin.succ 2).succ.succ.succ.succ = 0 ∨
                                    sorry () (Fin.succ 2).succ.succ (Fin.succ 2).succ.succ.succ.succ = 1) ∧
                                  (sorry () (Fin.succ 2).succ.succ (Fin.succ 2).succ.succ.succ.succ.succ = 0 ∨
                                    sorry () (Fin.succ 2).succ.succ (Fin.succ 2).succ.succ.succ.succ.succ = 1)) ∧
                  sorry () (Fin.succ 2).succ.succ =
                    sorry () (Fin.succ 2).succ.succ 0 +
                      (sorry () (Fin.succ 2).succ.succ 1 * 2 +
                        (sorry () (Fin.succ 2).succ.succ 2 * 4 +
                          (sorry () (Fin.succ 2).succ.succ (Fin.succ 2) * 8 +
                            (sorry () (Fin.succ 2).succ.succ (Fin.succ 2).succ * 16 +
                              (sorry () (Fin.succ 2).succ.succ (Fin.succ 2).succ.succ * 32 +
                                (sorry () (Fin.succ 2).succ.succ (Fin.succ 2).succ.succ.succ * 64 +
                                  (sorry () (Fin.succ 2).succ.succ (Fin.succ 2).succ.succ.succ.succ * 128 +
                                    sorry () (Fin.succ 2).succ.succ (Fin.succ 2).succ.succ.succ.succ.succ *
                                      256)))))))) ∧
      sorry () 0 = 0 ∧
        sorry () 1 = 0 ∧
          sorry () 2 = 0 ∧
            sorry () (Fin.succ 2) = 0 ∧ sorry () (Fin.succ 2).succ = 0 ∧ sorry () (Fin.succ 2).succ.succ = 0) ∧
    sorry () 0 = 36 ∧
      sorry () 1 = 0 ∧
        sorry () 2 = 0 ∧
          sorry () (Fin.succ 2) = 0 ∧ sorry () (Fin.succ 2).succ = 0 ∧ sorry () (Fin.succ 2).succ.succ = 0

case «1»
⊢ (((((sorry () 0 0 = 0 ∨ sorry () 0 0 = 1) ∧
            (sorry () 0 1 = 0 ∨ sorry () 0 1 = 1) ∧
              (sorry () 0 2 = 0 ∨ sorry () 0 2 = 1) ∧
                (sorry () 0 (Fin.succ 2) = 0 ∨ sorry () 0 (Fin.succ 2) = 1) ∧
                  (sorry () 0 (Fin.succ 2).succ = 0 ∨ sorry () 0 (Fin.succ 2).succ = 1) ∧
                    (sorry () 0 (Fin.succ 2).succ.succ = 0 ∨ sorry () 0 (Fin.succ 2).succ.succ = 1) ∧
                      (sorry () 0 (Fin.succ 2).succ.succ.succ = 0 ∨ sorry () 0 (Fin.succ 2).succ.succ.succ = 1) ∧
                        (sorry () 0 (Fin.succ 2).succ.succ.succ.succ = 0 ∨
                            sorry () 0 (Fin.succ 2).succ.succ.succ.succ = 1) ∧
                          (sorry () 0 (Fin.succ 2).succ.succ.succ.succ.succ = 0 ∨
                            sorry () 0 (Fin.succ 2).succ.succ.succ.succ.succ = 1)) ∧
          sorry () 0 =
            sorry () 0 0 +
              (sorry () 0 1 * 2 +
                (sorry () 0 2 * 4 +
                  (sorry () 0 (Fin.succ 2) * 8 +
                    (sorry () 0 (Fin.succ 2).succ * 16 +
                      (sorry () 0 (Fin.succ 2).succ.succ * 32 +
                        (sorry () 0 (Fin.succ 2).succ.succ.succ * 64 +
                          (sorry () 0 (Fin.succ 2).succ.succ.succ.succ * 128 +
                            sorry () 0 (Fin.succ 2).succ.succ.succ.succ.succ * 256)))))))) ∧
        (((sorry () 1 0 = 0 ∨ sorry () 1 0 = 1) ∧
              (sorry () 1 1 = 0 ∨ sorry () 1 1 = 1) ∧
                (sorry () 1 2 = 0 ∨ sorry () 1 2 = 1) ∧
                  (sorry () 1 (Fin.succ 2) = 0 ∨ sorry () 1 (Fin.succ 2) = 1) ∧
                    (sorry () 1 (Fin.succ 2).succ = 0 ∨ sorry () 1 (Fin.succ 2).succ = 1) ∧
                      (sorry () 1 (Fin.succ 2).succ.succ = 0 ∨ sorry () 1 (Fin.succ 2).succ.succ = 1) ∧
                        (sorry () 1 (Fin.succ 2).succ.succ.succ = 0 ∨ sorry () 1 (Fin.succ 2).succ.succ.succ = 1) ∧
                          (sorry () 1 (Fin.succ 2).succ.succ.succ.succ = 0 ∨
                              sorry () 1 (Fin.succ 2).succ.succ.succ.succ = 1) ∧
                            (sorry () 1 (Fin.succ 2).succ.succ.succ.succ.succ = 0 ∨
                              sorry () 1 (Fin.succ 2).succ.succ.succ.succ.succ = 1)) ∧
            sorry () 1 =
              sorry () 1 0 +
                (sorry () 1 1 * 2 +
                  (sorry () 1 2 * 4 +
                    (sorry () 1 (Fin.succ 2) * 8 +
                      (sorry () 1 (Fin.succ 2).succ * 16 +
                        (sorry () 1 (Fin.succ 2).succ.succ * 32 +
                          (sorry () 1 (Fin.succ 2).succ.succ.succ * 64 +
                            (sorry () 1 (Fin.succ 2).succ.succ.succ.succ * 128 +
                              sorry () 1 (Fin.succ 2).succ.succ.succ.succ.succ * 256)))))))) ∧
          (((sorry () 2 0 = 0 ∨ sorry () 2 0 = 1) ∧
                (sorry () 2 1 = 0 ∨ sorry () 2 1 = 1) ∧
                  (sorry () 2 2 = 0 ∨ sorry () 2 2 = 1) ∧
                    (sorry () 2 (Fin.succ 2) = 0 ∨ sorry () 2 (Fin.succ 2) = 1) ∧
                      (sorry () 2 (Fin.succ 2).succ = 0 ∨ sorry () 2 (Fin.succ 2).succ = 1) ∧
                        (sorry () 2 (Fin.succ 2).succ.succ = 0 ∨ sorry () 2 (Fin.succ 2).succ.succ = 1) ∧
                          (sorry () 2 (Fin.succ 2).succ.succ.succ = 0 ∨ sorry () 2 (Fin.succ 2).succ.succ.succ = 1) ∧
                            (sorry () 2 (Fin.succ 2).succ.succ.succ.succ = 0 ∨
                                sorry () 2 (Fin.succ 2).succ.succ.succ.succ = 1) ∧
                              (sorry () 2 (Fin.succ 2).succ.succ.succ.succ.succ = 0 ∨
                                sorry () 2 (Fin.succ 2).succ.succ.succ.succ.succ = 1)) ∧
              sorry () 2 =
                sorry () 2 0 +
                  (sorry () 2 1 * 2 +
                    (sorry () 2 2 * 4 +
                      (sorry () 2 (Fin.succ 2) * 8 +
                        (sorry () 2 (Fin.succ 2).succ * 16 +
                          (sorry () 2 (Fin.succ 2).succ.succ * 32 +
                            (sorry () 2 (Fin.succ 2).succ.succ.succ * 64 +
                              (sorry () 2 (Fin.succ 2).succ.succ.succ.succ * 128 +
                                sorry () 2 (Fin.succ 2).succ.succ.succ.succ.succ * 256)))))))) ∧
            (((sorry () (Fin.succ 2) 0 = 0 ∨ sorry () (Fin.succ 2) 0 = 1) ∧
                  (sorry () (Fin.succ 2) 1 = 0 ∨ sorry () (Fin.succ 2) 1 = 1) ∧
                    (sorry () (Fin.succ 2) 2 = 0 ∨ sorry () (Fin.succ 2) 2 = 1) ∧
                      (sorry () (Fin.succ 2) (Fin.succ 2) = 0 ∨ sorry () (Fin.succ 2) (Fin.succ 2) = 1) ∧
                        (sorry () (Fin.succ 2) (Fin.succ 2).succ = 0 ∨ sorry () (Fin.succ 2) (Fin.succ 2).succ = 1) ∧
                          (sorry () (Fin.succ 2) (Fin.succ 2).succ.succ = 0 ∨
                              sorry () (Fin.succ 2) (Fin.succ 2).succ.succ = 1) ∧
                            (sorry () (Fin.succ 2) (Fin.succ 2).succ.succ.succ = 0 ∨
                                sorry () (Fin.succ 2) (Fin.succ 2).succ.succ.succ = 1) ∧
                              (sorry () (Fin.succ 2) (Fin.succ 2).succ.succ.succ.succ = 0 ∨
                                  sorry () (Fin.succ 2) (Fin.succ 2).succ.succ.succ.succ = 1) ∧
                                (sorry () (Fin.succ 2) (Fin.succ 2).succ.succ.succ.succ.succ = 0 ∨
                                  sorry () (Fin.succ 2) (Fin.succ 2).succ.succ.succ.succ.succ = 1)) ∧
                sorry () (Fin.succ 2) =
                  sorry () (Fin.succ 2) 0 +
                    (sorry () (Fin.succ 2) 1 * 2 +
                      (sorry () (Fin.succ 2) 2 * 4 +
                        (sorry () (Fin.succ 2) (Fin.succ 2) * 8 +
                          (sorry () (Fin.succ 2) (Fin.succ 2).succ * 16 +
                            (sorry () (Fin.succ 2) (Fin.succ 2).succ.succ * 32 +
                              (sorry () (Fin.succ 2) (Fin.succ 2).succ.succ.succ * 64 +
                                (sorry () (Fin.succ 2) (Fin.succ 2).succ.succ.succ.succ * 128 +
                                  sorry () (Fin.succ 2) (Fin.succ 2).succ.succ.succ.succ.succ * 256)))))))) ∧
              (((sorry () (Fin.succ 2).succ 0 = 0 ∨ sorry () (Fin.succ 2).succ 0 = 1) ∧
                    (sorry () (Fin.succ 2).succ 1 = 0 ∨ sorry () (Fin.succ 2).succ 1 = 1) ∧
                      (sorry () (Fin.succ 2).succ 2 = 0 ∨ sorry () (Fin.succ 2).succ 2 = 1) ∧
                        (sorry () (Fin.succ 2).succ (Fin.succ 2) = 0 ∨ sorry () (Fin.succ 2).succ (Fin.succ 2) = 1) ∧
                          (sorry () (Fin.succ 2).succ (Fin.succ 2).succ = 0 ∨
                              sorry () (Fin.succ 2).succ (Fin.succ 2).succ = 1) ∧
                            (sorry () (Fin.succ 2).succ (Fin.succ 2).succ.succ = 0 ∨
                                sorry () (Fin.succ 2).succ (Fin.succ 2).succ.succ = 1) ∧
                              (sorry () (Fin.succ 2).succ (Fin.succ 2).succ.succ.succ = 0 ∨
                                  sorry () (Fin.succ 2).succ (Fin.succ 2).succ.succ.succ = 1) ∧
                                (sorry () (Fin.succ 2).succ (Fin.succ 2).succ.succ.succ.succ = 0 ∨
                                    sorry () (Fin.succ 2).succ (Fin.succ 2).succ.succ.succ.succ = 1) ∧
                                  (sorry () (Fin.succ 2).succ (Fin.succ 2).succ.succ.succ.succ.succ = 0 ∨
                                    sorry () (Fin.succ 2).succ (Fin.succ 2).succ.succ.succ.succ.succ = 1)) ∧
                  sorry () (Fin.succ 2).succ =
                    sorry () (Fin.succ 2).succ 0 +
                      (sorry () (Fin.succ 2).succ 1 * 2 +
                        (sorry () (Fin.succ 2).succ 2 * 4 +
                          (sorry () (Fin.succ 2).succ (Fin.succ 2) * 8 +
                            (sorry () (Fin.succ 2).succ (Fin.succ 2).succ * 16 +
                              (sorry () (Fin.succ 2).succ (Fin.succ 2).succ.succ * 32 +
                                (sorry () (Fin.succ 2).succ (Fin.succ 2).succ.succ.succ * 64 +
                                  (sorry () (Fin.succ 2).succ (Fin.succ 2).succ.succ.succ.succ * 128 +
                                    sorry () (Fin.succ 2).succ (Fin.succ 2).succ.succ.succ.succ.succ * 256)))))))) ∧
                ((sorry () (Fin.succ 2).succ.succ 0 = 0 ∨ sorry () (Fin.succ 2).succ.succ 0 = 1) ∧
                    (sorry () (Fin.succ 2).succ.succ 1 = 0 ∨ sorry () (Fin.succ 2).succ.succ 1 = 1) ∧
                      (sorry () (Fin.succ 2).succ.succ 2 = 0 ∨ sorry () (Fin.succ 2).succ.succ 2 = 1) ∧
                        (sorry () (Fin.succ 2).succ.succ (Fin.succ 2) = 0 ∨
                            sorry () (Fin.succ 2).succ.succ (Fin.succ 2) = 1) ∧
                          (sorry () (Fin.succ 2).succ.succ (Fin.succ 2).succ = 0 ∨
                              sorry () (Fin.succ 2).succ.succ (Fin.succ 2).succ = 1) ∧
                            (sorry () (Fin.succ 2).succ.succ (Fin.succ 2).succ.succ = 0 ∨
                                sorry () (Fin.succ 2).succ.succ (Fin.succ 2).succ.succ = 1) ∧
                              (sorry () (Fin.succ 2).succ.succ (Fin.succ 2).succ.succ.succ = 0 ∨
                                  sorry () (Fin.succ 2).succ.succ (Fin.succ 2).succ.succ.succ = 1) ∧
                                (sorry () (Fin.succ 2).succ.succ (Fin.succ 2).succ.succ.succ.succ = 0 ∨
                                    sorry () (Fin.succ 2).succ.succ (Fin.succ 2).succ.succ.succ.succ = 1) ∧
                                  (sorry () (Fin.succ 2).succ.succ (Fin.succ 2).succ.succ.succ.succ.succ = 0 ∨
                                    sorry () (Fin.succ 2).succ.succ (Fin.succ 2).succ.succ.succ.succ.succ = 1)) ∧
                  sorry () (Fin.succ 2).succ.succ =
                    sorry () (Fin.succ 2).succ.succ 0 +
                      (sorry () (Fin.succ 2).succ.succ 1 * 2 +
                        (sorry () (Fin.succ 2).succ.succ 2 * 4 +
                          (sorry () (Fin.succ 2).succ.succ (Fin.succ 2) * 8 +
                            (sorry () (Fin.succ 2).succ.succ (Fin.succ 2).succ * 16 +
                              (sorry () (Fin.succ 2).succ.succ (Fin.succ 2).succ.succ * 32 +
                                (sorry () (Fin.succ 2).succ.succ (Fin.succ 2).succ.succ.succ * 64 +
                                  (sorry () (Fin.succ 2).succ.succ (Fin.succ 2).succ.succ.succ.succ * 128 +
                                    sorry () (Fin.succ 2).succ.succ (Fin.succ 2).succ.succ.succ.succ.succ *
                                      256)))))))) ∧
      sorry () 0 = 0 ∧
        sorry () 1 = 0 ∧
          sorry () 2 = 0 ∧
            sorry () (Fin.succ 2) = 0 ∧ sorry () (Fin.succ 2).succ = 0 ∧ sorry () (Fin.succ 2).succ.succ = 0) ∧
    sorry () 0 = 36 ∧
      sorry () 1 = 0 ∧
        sorry () 2 = 0 ∧
          sorry () (Fin.succ 2) = 0 ∧ sorry () (Fin.succ 2).succ = 0 ∧ sorry () (Fin.succ 2).succ.succ = 0

case «2»
⊢ (((((sorry () 0 0 = 0 ∨ sorry () 0 0 = 1) ∧
            (sorry () 0 1 = 0 ∨ sorry () 0 1 = 1) ∧
              (sorry () 0 2 = 0 ∨ sorry () 0 2 = 1) ∧
                (sorry () 0 (Fin.succ 2) = 0 ∨ sorry () 0 (Fin.succ 2) = 1) ∧
                  (sorry () 0 (Fin.succ 2).succ = 0 ∨ sorry () 0 (Fin.succ 2).succ = 1) ∧
                    (sorry () 0 (Fin.succ 2).succ.succ = 0 ∨ sorry () 0 (Fin.succ 2).succ.succ = 1) ∧
                      (sorry () 0 (Fin.succ 2).succ.succ.succ = 0 ∨ sorry () 0 (Fin.succ 2).succ.succ.succ = 1) ∧
                        (sorry () 0 (Fin.succ 2).succ.succ.succ.succ = 0 ∨
                            sorry () 0 (Fin.succ 2).succ.succ.succ.succ = 1) ∧
                          (sorry () 0 (Fin.succ 2).succ.succ.succ.succ.succ = 0 ∨
                            sorry () 0 (Fin.succ 2).succ.succ.succ.succ.succ = 1)) ∧
          sorry () 0 =
            sorry () 0 0 +
              (sorry () 0 1 * 2 +
                (sorry () 0 2 * 4 +
                  (sorry () 0 (Fin.succ 2) * 8 +
                    (sorry () 0 (Fin.succ 2).succ * 16 +
                      (sorry () 0 (Fin.succ 2).succ.succ * 32 +
                        (sorry () 0 (Fin.succ 2).succ.succ.succ * 64 +
                          (sorry () 0 (Fin.succ 2).succ.succ.succ.succ * 128 +
                            sorry () 0 (Fin.succ 2).succ.succ.succ.succ.succ * 256)))))))) ∧
        (((sorry () 1 0 = 0 ∨ sorry () 1 0 = 1) ∧
              (sorry () 1 1 = 0 ∨ sorry () 1 1 = 1) ∧
                (sorry () 1 2 = 0 ∨ sorry () 1 2 = 1) ∧
                  (sorry () 1 (Fin.succ 2) = 0 ∨ sorry () 1 (Fin.succ 2) = 1) ∧
                    (sorry () 1 (Fin.succ 2).succ = 0 ∨ sorry () 1 (Fin.succ 2).succ = 1) ∧
                      (sorry () 1 (Fin.succ 2).succ.succ = 0 ∨ sorry () 1 (Fin.succ 2).succ.succ = 1) ∧
                        (sorry () 1 (Fin.succ 2).succ.succ.succ = 0 ∨ sorry () 1 (Fin.succ 2).succ.succ.succ = 1) ∧
                          (sorry () 1 (Fin.succ 2).succ.succ.succ.succ = 0 ∨
                              sorry () 1 (Fin.succ 2).succ.succ.succ.succ = 1) ∧
                            (sorry () 1 (Fin.succ 2).succ.succ.succ.succ.succ = 0 ∨
                              sorry () 1 (Fin.succ 2).succ.succ.succ.succ.succ = 1)) ∧
            sorry () 1 =
              sorry () 1 0 +
                (sorry () 1 1 * 2 +
                  (sorry () 1 2 * 4 +
                    (sorry () 1 (Fin.succ 2) * 8 +
                      (sorry () 1 (Fin.succ 2).succ * 16 +
                        (sorry () 1 (Fin.succ 2).succ.succ * 32 +
                          (sorry () 1 (Fin.succ 2).succ.succ.succ * 64 +
                            (sorry () 1 (Fin.succ 2).succ.succ.succ.succ * 128 +
                              sorry () 1 (Fin.succ 2).succ.succ.succ.succ.succ * 256)))))))) ∧
          (((sorry () 2 0 = 0 ∨ sorry () 2 0 = 1) ∧
                (sorry () 2 1 = 0 ∨ sorry () 2 1 = 1) ∧
                  (sorry () 2 2 = 0 ∨ sorry () 2 2 = 1) ∧
                    (sorry () 2 (Fin.succ 2) = 0 ∨ sorry () 2 (Fin.succ 2) = 1) ∧
                      (sorry () 2 (Fin.succ 2).succ = 0 ∨ sorry () 2 (Fin.succ 2).succ = 1) ∧
                        (sorry () 2 (Fin.succ 2).succ.succ = 0 ∨ sorry () 2 (Fin.succ 2).succ.succ = 1) ∧
                          (sorry () 2 (Fin.succ 2).succ.succ.succ = 0 ∨ sorry () 2 (Fin.succ 2).succ.succ.succ = 1) ∧
                            (sorry () 2 (Fin.succ 2).succ.succ.succ.succ = 0 ∨
                                sorry () 2 (Fin.succ 2).succ.succ.succ.succ = 1) ∧
                              (sorry () 2 (Fin.succ 2).succ.succ.succ.succ.succ = 0 ∨
                                sorry () 2 (Fin.succ 2).succ.succ.succ.succ.succ = 1)) ∧
              sorry () 2 =
                sorry () 2 0 +
                  (sorry () 2 1 * 2 +
                    (sorry () 2 2 * 4 +
                      (sorry () 2 (Fin.succ 2) * 8 +
                        (sorry () 2 (Fin.succ 2).succ * 16 +
                          (sorry () 2 (Fin.succ 2).succ.succ * 32 +
                            (sorry () 2 (Fin.succ 2).succ.succ.succ * 64 +
                              (sorry () 2 (Fin.succ 2).succ.succ.succ.succ * 128 +
                                sorry () 2 (Fin.succ 2).succ.succ.succ.succ.succ * 256)))))))) ∧
            (((sorry () (Fin.succ 2) 0 = 0 ∨ sorry () (Fin.succ 2) 0 = 1) ∧
                  (sorry () (Fin.succ 2) 1 = 0 ∨ sorry () (Fin.succ 2) 1 = 1) ∧
                    (sorry () (Fin.succ 2) 2 = 0 ∨ sorry () (Fin.succ 2) 2 = 1) ∧
                      (sorry () (Fin.succ 2) (Fin.succ 2) = 0 ∨ sorry () (Fin.succ 2) (Fin.succ 2) = 1) ∧
                        (sorry () (Fin.succ 2) (Fin.succ 2).succ = 0 ∨ sorry () (Fin.succ 2) (Fin.succ 2).succ = 1) ∧
                          (sorry () (Fin.succ 2) (Fin.succ 2).succ.succ = 0 ∨
                              sorry () (Fin.succ 2) (Fin.succ 2).succ.succ = 1) ∧
                            (sorry () (Fin.succ 2) (Fin.succ 2).succ.succ.succ = 0 ∨
                                sorry () (Fin.succ 2) (Fin.succ 2).succ.succ.succ = 1) ∧
                              (sorry () (Fin.succ 2) (Fin.succ 2).succ.succ.succ.succ = 0 ∨
                                  sorry () (Fin.succ 2) (Fin.succ 2).succ.succ.succ.succ = 1) ∧
                                (sorry () (Fin.succ 2) (Fin.succ 2).succ.succ.succ.succ.succ = 0 ∨
                                  sorry () (Fin.succ 2) (Fin.succ 2).succ.succ.succ.succ.succ = 1)) ∧
                sorry () (Fin.succ 2) =
                  sorry () (Fin.succ 2) 0 +
                    (sorry () (Fin.succ 2) 1 * 2 +
                      (sorry () (Fin.succ 2) 2 * 4 +
                        (sorry () (Fin.succ 2) (Fin.succ 2) * 8 +
                          (sorry () (Fin.succ 2) (Fin.succ 2).succ * 16 +
                            (sorry () (Fin.succ 2) (Fin.succ 2).succ.succ * 32 +
                              (sorry () (Fin.succ 2) (Fin.succ 2).succ.succ.succ * 64 +
                                (sorry () (Fin.succ 2) (Fin.succ 2).succ.succ.succ.succ * 128 +
                                  sorry () (Fin.succ 2) (Fin.succ 2).succ.succ.succ.succ.succ * 256)))))))) ∧
              (((sorry () (Fin.succ 2).succ 0 = 0 ∨ sorry () (Fin.succ 2).succ 0 = 1) ∧
                    (sorry () (Fin.succ 2).succ 1 = 0 ∨ sorry () (Fin.succ 2).succ 1 = 1) ∧
                      (sorry () (Fin.succ 2).succ 2 = 0 ∨ sorry () (Fin.succ 2).succ 2 = 1) ∧
                        (sorry () (Fin.succ 2).succ (Fin.succ 2) = 0 ∨ sorry () (Fin.succ 2).succ (Fin.succ 2) = 1) ∧
                          (sorry () (Fin.succ 2).succ (Fin.succ 2).succ = 0 ∨
                              sorry () (Fin.succ 2).succ (Fin.succ 2).succ = 1) ∧
                            (sorry () (Fin.succ 2).succ (Fin.succ 2).succ.succ = 0 ∨
                                sorry () (Fin.succ 2).succ (Fin.succ 2).succ.succ = 1) ∧
                              (sorry () (Fin.succ 2).succ (Fin.succ 2).succ.succ.succ = 0 ∨
                                  sorry () (Fin.succ 2).succ (Fin.succ 2).succ.succ.succ = 1) ∧
                                (sorry () (Fin.succ 2).succ (Fin.succ 2).succ.succ.succ.succ = 0 ∨
                                    sorry () (Fin.succ 2).succ (Fin.succ 2).succ.succ.succ.succ = 1) ∧
                                  (sorry () (Fin.succ 2).succ (Fin.succ 2).succ.succ.succ.succ.succ = 0 ∨
                                    sorry () (Fin.succ 2).succ (Fin.succ 2).succ.succ.succ.succ.succ = 1)) ∧
                  sorry () (Fin.succ 2).succ =
                    sorry () (Fin.succ 2).succ 0 +
                      (sorry () (Fin.succ 2).succ 1 * 2 +
                        (sorry () (Fin.succ 2).succ 2 * 4 +
                          (sorry () (Fin.succ 2).succ (Fin.succ 2) * 8 +
                            (sorry () (Fin.succ 2).succ (Fin.succ 2).succ * 16 +
                              (sorry () (Fin.succ 2).succ (Fin.succ 2).succ.succ * 32 +
                                (sorry () (Fin.succ 2).succ (Fin.succ 2).succ.succ.succ * 64 +
                                  (sorry () (Fin.succ 2).succ (Fin.succ 2).succ.succ.succ.succ * 128 +
                                    sorry () (Fin.succ 2).succ (Fin.succ 2).succ.succ.succ.succ.succ * 256)))))))) ∧
                ((sorry () (Fin.succ 2).succ.succ 0 = 0 ∨ sorry () (Fin.succ 2).succ.succ 0 = 1) ∧
                    (sorry () (Fin.succ 2).succ.succ 1 = 0 ∨ sorry () (Fin.succ 2).succ.succ 1 = 1) ∧
                      (sorry () (Fin.succ 2).succ.succ 2 = 0 ∨ sorry () (Fin.succ 2).succ.succ 2 = 1) ∧
                        (sorry () (Fin.succ 2).succ.succ (Fin.succ 2) = 0 ∨
                            sorry () (Fin.succ 2).succ.succ (Fin.succ 2) = 1) ∧
                          (sorry () (Fin.succ 2).succ.succ (Fin.succ 2).succ = 0 ∨
                              sorry () (Fin.succ 2).succ.succ (Fin.succ 2).succ = 1) ∧
                            (sorry () (Fin.succ 2).succ.succ (Fin.succ 2).succ.succ = 0 ∨
                                sorry () (Fin.succ 2).succ.succ (Fin.succ 2).succ.succ = 1) ∧
                              (sorry () (Fin.succ 2).succ.succ (Fin.succ 2).succ.succ.succ = 0 ∨
                                  sorry () (Fin.succ 2).succ.succ (Fin.succ 2).succ.succ.succ = 1) ∧
                                (sorry () (Fin.succ 2).succ.succ (Fin.succ 2).succ.succ.succ.succ = 0 ∨
                                    sorry () (Fin.succ 2).succ.succ (Fin.succ 2).succ.succ.succ.succ = 1) ∧
                                  (sorry () (Fin.succ 2).succ.succ (Fin.succ 2).succ.succ.succ.succ.succ = 0 ∨
                                    sorry () (Fin.succ 2).succ.succ (Fin.succ 2).succ.succ.succ.succ.succ = 1)) ∧
                  sorry () (Fin.succ 2).succ.succ =
                    sorry () (Fin.succ 2).succ.succ 0 +
                      (sorry () (Fin.succ 2).succ.succ 1 * 2 +
                        (sorry () (Fin.succ 2).succ.succ 2 * 4 +
                          (sorry () (Fin.succ 2).succ.succ (Fin.succ 2) * 8 +
                            (sorry () (Fin.succ 2).succ.succ (Fin.succ 2).succ * 16 +
                              (sorry () (Fin.succ 2).succ.succ (Fin.succ 2).succ.succ * 32 +
                                (sorry () (Fin.succ 2).succ.succ (Fin.succ 2).succ.succ.succ * 64 +
                                  (sorry () (Fin.succ 2).succ.succ (Fin.succ 2).succ.succ.succ.succ * 128 +
                                    sorry () (Fin.succ 2).succ.succ (Fin.succ 2).succ.succ.succ.succ.succ *
                                      256)))))))) ∧
      sorry () 0 = 0 ∧
        sorry () 1 = 0 ∧
          sorry () 2 = 0 ∧
            sorry () (Fin.succ 2) = 0 ∧ sorry () (Fin.succ 2).succ = 0 ∧ sorry () (Fin.succ 2).succ.succ = 0) ∧
    sorry () 0 = 36 ∧
      sorry () 1 = 0 ∧
        sorry () 2 = 0 ∧
          sorry () (Fin.succ 2) = 0 ∧ sorry () (Fin.succ 2).succ = 0 ∧ sorry () (Fin.succ 2).succ.succ = 0

case «3»
⊢ (((((sorry () 0 0 = 0 ∨ sorry () 0 0 = 1) ∧
            (sorry () 0 1 = 0 ∨ sorry () 0 1 = 1) ∧
              (sorry () 0 2 = 0 ∨ sorry () 0 2 = 1) ∧
                (sorry () 0 (Fin.succ 2) = 0 ∨ sorry () 0 (Fin.succ 2) = 1) ∧
                  (sorry () 0 (Fin.succ 2).succ = 0 ∨ sorry () 0 (Fin.succ 2).succ = 1) ∧
                    (sorry () 0 (Fin.succ 2).succ.succ = 0 ∨ sorry () 0 (Fin.succ 2).succ.succ = 1) ∧
                      (sorry () 0 (Fin.succ 2).succ.succ.succ = 0 ∨ sorry () 0 (Fin.succ 2).succ.succ.succ = 1) ∧
                        (sorry () 0 (Fin.succ 2).succ.succ.succ.succ = 0 ∨
                            sorry () 0 (Fin.succ 2).succ.succ.succ.succ = 1) ∧
                          (sorry () 0 (Fin.succ 2).succ.succ.succ.succ.succ = 0 ∨
                            sorry () 0 (Fin.succ 2).succ.succ.succ.succ.succ = 1)) ∧
          sorry () 0 =
            sorry () 0 0 +
              (sorry () 0 1 * 2 +
                (sorry () 0 2 * 4 +
                  (sorry () 0 (Fin.succ 2) * 8 +
                    (sorry () 0 (Fin.succ 2).succ * 16 +
                      (sorry () 0 (Fin.succ 2).succ.succ * 32 +
                        (sorry () 0 (Fin.succ 2).succ.succ.succ * 64 +
                          (sorry () 0 (Fin.succ 2).succ.succ.succ.succ * 128 +
                            sorry () 0 (Fin.succ 2).succ.succ.succ.succ.succ * 256)))))))) ∧
        (((sorry () 1 0 = 0 ∨ sorry () 1 0 = 1) ∧
              (sorry () 1 1 = 0 ∨ sorry () 1 1 = 1) ∧
                (sorry () 1 2 = 0 ∨ sorry () 1 2 = 1) ∧
                  (sorry () 1 (Fin.succ 2) = 0 ∨ sorry () 1 (Fin.succ 2) = 1) ∧
                    (sorry () 1 (Fin.succ 2).succ = 0 ∨ sorry () 1 (Fin.succ 2).succ = 1) ∧
                      (sorry () 1 (Fin.succ 2).succ.succ = 0 ∨ sorry () 1 (Fin.succ 2).succ.succ = 1) ∧
                        (sorry () 1 (Fin.succ 2).succ.succ.succ = 0 ∨ sorry () 1 (Fin.succ 2).succ.succ.succ = 1) ∧
                          (sorry () 1 (Fin.succ 2).succ.succ.succ.succ = 0 ∨
                              sorry () 1 (Fin.succ 2).succ.succ.succ.succ = 1) ∧
                            (sorry () 1 (Fin.succ 2).succ.succ.succ.succ.succ = 0 ∨
                              sorry () 1 (Fin.succ 2).succ.succ.succ.succ.succ = 1)) ∧
            sorry () 1 =
              sorry () 1 0 +
                (sorry () 1 1 * 2 +
                  (sorry () 1 2 * 4 +
                    (sorry () 1 (Fin.succ 2) * 8 +
                      (sorry () 1 (Fin.succ 2).succ * 16 +
                        (sorry () 1 (Fin.succ 2).succ.succ * 32 +
                          (sorry () 1 (Fin.succ 2).succ.succ.succ * 64 +
                            (sorry () 1 (Fin.succ 2).succ.succ.succ.succ * 128 +
                              sorry () 1 (Fin.succ 2).succ.succ.succ.succ.succ * 256)))))))) ∧
          (((sorry () 2 0 = 0 ∨ sorry () 2 0 = 1) ∧
                (sorry () 2 1 = 0 ∨ sorry () 2 1 = 1) ∧
                  (sorry () 2 2 = 0 ∨ sorry () 2 2 = 1) ∧
                    (sorry () 2 (Fin.succ 2) = 0 ∨ sorry () 2 (Fin.succ 2) = 1) ∧
                      (sorry () 2 (Fin.succ 2).succ = 0 ∨ sorry () 2 (Fin.succ 2).succ = 1) ∧
                        (sorry () 2 (Fin.succ 2).succ.succ = 0 ∨ sorry () 2 (Fin.succ 2).succ.succ = 1) ∧
                          (sorry () 2 (Fin.succ 2).succ.succ.succ = 0 ∨ sorry () 2 (Fin.succ 2).succ.succ.succ = 1) ∧
                            (sorry () 2 (Fin.succ 2).succ.succ.succ.succ = 0 ∨
                                sorry () 2 (Fin.succ 2).succ.succ.succ.succ = 1) ∧
                              (sorry () 2 (Fin.succ 2).succ.succ.succ.succ.succ = 0 ∨
                                sorry () 2 (Fin.succ 2).succ.succ.succ.succ.succ = 1)) ∧
              sorry () 2 =
                sorry () 2 0 +
                  (sorry () 2 1 * 2 +
                    (sorry () 2 2 * 4 +
                      (sorry () 2 (Fin.succ 2) * 8 +
                        (sorry () 2 (Fin.succ 2).succ * 16 +
                          (sorry () 2 (Fin.succ 2).succ.succ * 32 +
                            (sorry () 2 (Fin.succ 2).succ.succ.succ * 64 +
                              (sorry () 2 (Fin.succ 2).succ.succ.succ.succ * 128 +
                                sorry () 2 (Fin.succ 2).succ.succ.succ.succ.succ * 256)))))))) ∧
            (((sorry () (Fin.succ 2) 0 = 0 ∨ sorry () (Fin.succ 2) 0 = 1) ∧
                  (sorry () (Fin.succ 2) 1 = 0 ∨ sorry () (Fin.succ 2) 1 = 1) ∧
                    (sorry () (Fin.succ 2) 2 = 0 ∨ sorry () (Fin.succ 2) 2 = 1) ∧
                      (sorry () (Fin.succ 2) (Fin.succ 2) = 0 ∨ sorry () (Fin.succ 2) (Fin.succ 2) = 1) ∧
                        (sorry () (Fin.succ 2) (Fin.succ 2).succ = 0 ∨ sorry () (Fin.succ 2) (Fin.succ 2).succ = 1) ∧
                          (sorry () (Fin.succ 2) (Fin.succ 2).succ.succ = 0 ∨
                              sorry () (Fin.succ 2) (Fin.succ 2).succ.succ = 1) ∧
                            (sorry () (Fin.succ 2) (Fin.succ 2).succ.succ.succ = 0 ∨
                                sorry () (Fin.succ 2) (Fin.succ 2).succ.succ.succ = 1) ∧
                              (sorry () (Fin.succ 2) (Fin.succ 2).succ.succ.succ.succ = 0 ∨
                                  sorry () (Fin.succ 2) (Fin.succ 2).succ.succ.succ.succ = 1) ∧
                                (sorry () (Fin.succ 2) (Fin.succ 2).succ.succ.succ.succ.succ = 0 ∨
                                  sorry () (Fin.succ 2) (Fin.succ 2).succ.succ.succ.succ.succ = 1)) ∧
                sorry () (Fin.succ 2) =
                  sorry () (Fin.succ 2) 0 +
                    (sorry () (Fin.succ 2) 1 * 2 +
                      (sorry () (Fin.succ 2) 2 * 4 +
                        (sorry () (Fin.succ 2) (Fin.succ 2) * 8 +
                          (sorry () (Fin.succ 2) (Fin.succ 2).succ * 16 +
                            (sorry () (Fin.succ 2) (Fin.succ 2).succ.succ * 32 +
                              (sorry () (Fin.succ 2) (Fin.succ 2).succ.succ.succ * 64 +
                                (sorry () (Fin.succ 2) (Fin.succ 2).succ.succ.succ.succ * 128 +
                                  sorry () (Fin.succ 2) (Fin.succ 2).succ.succ.succ.succ.succ * 256)))))))) ∧
              (((sorry () (Fin.succ 2).succ 0 = 0 ∨ sorry () (Fin.succ 2).succ 0 = 1) ∧
                    (sorry () (Fin.succ 2).succ 1 = 0 ∨ sorry () (Fin.succ 2).succ 1 = 1) ∧
                      (sorry () (Fin.succ 2).succ 2 = 0 ∨ sorry () (Fin.succ 2).succ 2 = 1) ∧
                        (sorry () (Fin.succ 2).succ (Fin.succ 2) = 0 ∨ sorry () (Fin.succ 2).succ (Fin.succ 2) = 1) ∧
                          (sorry () (Fin.succ 2).succ (Fin.succ 2).succ = 0 ∨
                              sorry () (Fin.succ 2).succ (Fin.succ 2).succ = 1) ∧
                            (sorry () (Fin.succ 2).succ (Fin.succ 2).succ.succ = 0 ∨
                                sorry () (Fin.succ 2).succ (Fin.succ 2).succ.succ = 1) ∧
                              (sorry () (Fin.succ 2).succ (Fin.succ 2).succ.succ.succ = 0 ∨
                                  sorry () (Fin.succ 2).succ (Fin.succ 2).succ.succ.succ = 1) ∧
                                (sorry () (Fin.succ 2).succ (Fin.succ 2).succ.succ.succ.succ = 0 ∨
                                    sorry () (Fin.succ 2).succ (Fin.succ 2).succ.succ.succ.succ = 1) ∧
                                  (sorry () (Fin.succ 2).succ (Fin.succ 2).succ.succ.succ.succ.succ = 0 ∨
                                    sorry () (Fin.succ 2).succ (Fin.succ 2).succ.succ.succ.succ.succ = 1)) ∧
                  sorry () (Fin.succ 2).succ =
                    sorry () (Fin.succ 2).succ 0 +
                      (sorry () (Fin.succ 2).succ 1 * 2 +
                        (sorry () (Fin.succ 2).succ 2 * 4 +
                          (sorry () (Fin.succ 2).succ (Fin.succ 2) * 8 +
                            (sorry () (Fin.succ 2).succ (Fin.succ 2).succ * 16 +
                              (sorry () (Fin.succ 2).succ (Fin.succ 2).succ.succ * 32 +
                                (sorry () (Fin.succ 2).succ (Fin.succ 2).succ.succ.succ * 64 +
                                  (sorry () (Fin.succ 2).succ (Fin.succ 2).succ.succ.succ.succ * 128 +
                                    sorry () (Fin.succ 2).succ (Fin.succ 2).succ.succ.succ.succ.succ * 256)))))))) ∧
                ((sorry () (Fin.succ 2).succ.succ 0 = 0 ∨ sorry () (Fin.succ 2).succ.succ 0 = 1) ∧
                    (sorry () (Fin.succ 2).succ.succ 1 = 0 ∨ sorry () (Fin.succ 2).succ.succ 1 = 1) ∧
                      (sorry () (Fin.succ 2).succ.succ 2 = 0 ∨ sorry () (Fin.succ 2).succ.succ 2 = 1) ∧
                        (sorry () (Fin.succ 2).succ.succ (Fin.succ 2) = 0 ∨
                            sorry () (Fin.succ 2).succ.succ (Fin.succ 2) = 1) ∧
                          (sorry () (Fin.succ 2).succ.succ (Fin.succ 2).succ = 0 ∨
                              sorry () (Fin.succ 2).succ.succ (Fin.succ 2).succ = 1) ∧
                            (sorry () (Fin.succ 2).succ.succ (Fin.succ 2).succ.succ = 0 ∨
                                sorry () (Fin.succ 2).succ.succ (Fin.succ 2).succ.succ = 1) ∧
                              (sorry () (Fin.succ 2).succ.succ (Fin.succ 2).succ.succ.succ = 0 ∨
                                  sorry () (Fin.succ 2).succ.succ (Fin.succ 2).succ.succ.succ = 1) ∧
                                (sorry () (Fin.succ 2).succ.succ (Fin.succ 2).succ.succ.succ.succ = 0 ∨
                                    sorry () (Fin.succ 2).succ.succ (Fin.succ 2).succ.succ.succ.succ = 1) ∧
                                  (sorry () (Fin.succ 2).succ.succ (Fin.succ 2).succ.succ.succ.succ.succ = 0 ∨
                                    sorry () (Fin.succ 2).succ.succ (Fin.succ 2).succ.succ.succ.succ.succ = 1)) ∧
                  sorry () (Fin.succ 2).succ.succ =
                    sorry () (Fin.succ 2).succ.succ 0 +
                      (sorry () (Fin.succ 2).succ.succ 1 * 2 +
                        (sorry () (Fin.succ 2).succ.succ 2 * 4 +
                          (sorry () (Fin.succ 2).succ.succ (Fin.succ 2) * 8 +
                            (sorry () (Fin.succ 2).succ.succ (Fin.succ 2).succ * 16 +
                              (sorry () (Fin.succ 2).succ.succ (Fin.succ 2).succ.succ * 32 +
                                (sorry () (Fin.succ 2).succ.succ (Fin.succ 2).succ.succ.succ * 64 +
                                  (sorry () (Fin.succ 2).succ.succ (Fin.succ 2).succ.succ.succ.succ * 128 +
                                    sorry () (Fin.succ 2).succ.succ (Fin.succ 2).succ.succ.succ.succ.succ *
                                      256)))))))) ∧
      sorry () 0 = 0 ∧
        sorry () 1 = 0 ∧
          sorry () 2 = 0 ∧
            sorry () (Fin.succ 2) = 0 ∧ sorry () (Fin.succ 2).succ = 0 ∧ sorry () (Fin.succ 2).succ.succ = 0) ∧
    sorry () 0 = 36 ∧
      sorry () 1 = 0 ∧
        sorry () 2 = 0 ∧
          sorry () (Fin.succ 2) = 0 ∧ sorry () (Fin.succ 2).succ = 0 ∧ sorry () (Fin.succ 2).succ.succ = 0

case «4»
⊢ (((((sorry () 0 0 = 0 ∨ sorry () 0 0 = 1) ∧
            (sorry () 0 1 = 0 ∨ sorry () 0 1 = 1) ∧
              (sorry () 0 2 = 0 ∨ sorry () 0 2 = 1) ∧
                (sorry () 0 (Fin.succ 2) = 0 ∨ sorry () 0 (Fin.succ 2) = 1) ∧
                  (sorry () 0 (Fin.succ 2).succ = 0 ∨ sorry () 0 (Fin.succ 2).succ = 1) ∧
                    (sorry () 0 (Fin.succ 2).succ.succ = 0 ∨ sorry () 0 (Fin.succ 2).succ.succ = 1) ∧
                      (sorry () 0 (Fin.succ 2).succ.succ.succ = 0 ∨ sorry () 0 (Fin.succ 2).succ.succ.succ = 1) ∧
                        (sorry () 0 (Fin.succ 2).succ.succ.succ.succ = 0 ∨
                            sorry () 0 (Fin.succ 2).succ.succ.succ.succ = 1) ∧
                          (sorry () 0 (Fin.succ 2).succ.succ.succ.succ.succ = 0 ∨
                            sorry () 0 (Fin.succ 2).succ.succ.succ.succ.succ = 1)) ∧
          sorry () 0 =
            sorry () 0 0 +
              (sorry () 0 1 * 2 +
                (sorry () 0 2 * 4 +
                  (sorry () 0 (Fin.succ 2) * 8 +
                    (sorry () 0 (Fin.succ 2).succ * 16 +
                      (sorry () 0 (Fin.succ 2).succ.succ * 32 +
                        (sorry () 0 (Fin.succ 2).succ.succ.succ * 64 +
                          (sorry () 0 (Fin.succ 2).succ.succ.succ.succ * 128 +
                            sorry () 0 (Fin.succ 2).succ.succ.succ.succ.succ * 256)))))))) ∧
        (((sorry () 1 0 = 0 ∨ sorry () 1 0 = 1) ∧
              (sorry () 1 1 = 0 ∨ sorry () 1 1 = 1) ∧
                (sorry () 1 2 = 0 ∨ sorry () 1 2 = 1) ∧
                  (sorry () 1 (Fin.succ 2) = 0 ∨ sorry () 1 (Fin.succ 2) = 1) ∧
                    (sorry () 1 (Fin.succ 2).succ = 0 ∨ sorry () 1 (Fin.succ 2).succ = 1) ∧
                      (sorry () 1 (Fin.succ 2).succ.succ = 0 ∨ sorry () 1 (Fin.succ 2).succ.succ = 1) ∧
                        (sorry () 1 (Fin.succ 2).succ.succ.succ = 0 ∨ sorry () 1 (Fin.succ 2).succ.succ.succ = 1) ∧
                          (sorry () 1 (Fin.succ 2).succ.succ.succ.succ = 0 ∨
                              sorry () 1 (Fin.succ 2).succ.succ.succ.succ = 1) ∧
                            (sorry () 1 (Fin.succ 2).succ.succ.succ.succ.succ = 0 ∨
                              sorry () 1 (Fin.succ 2).succ.succ.succ.succ.succ = 1)) ∧
            sorry () 1 =
              sorry () 1 0 +
                (sorry () 1 1 * 2 +
                  (sorry () 1 2 * 4 +
                    (sorry () 1 (Fin.succ 2) * 8 +
                      (sorry () 1 (Fin.succ 2).succ * 16 +
                        (sorry () 1 (Fin.succ 2).succ.succ * 32 +
                          (sorry () 1 (Fin.succ 2).succ.succ.succ * 64 +
                            (sorry () 1 (Fin.succ 2).succ.succ.succ.succ * 128 +
                              sorry () 1 (Fin.succ 2).succ.succ.succ.succ.succ * 256)))))))) ∧
          (((sorry () 2 0 = 0 ∨ sorry () 2 0 = 1) ∧
                (sorry () 2 1 = 0 ∨ sorry () 2 1 = 1) ∧
                  (sorry () 2 2 = 0 ∨ sorry () 2 2 = 1) ∧
                    (sorry () 2 (Fin.succ 2) = 0 ∨ sorry () 2 (Fin.succ 2) = 1) ∧
                      (sorry () 2 (Fin.succ 2).succ = 0 ∨ sorry () 2 (Fin.succ 2).succ = 1) ∧
                        (sorry () 2 (Fin.succ 2).succ.succ = 0 ∨ sorry () 2 (Fin.succ 2).succ.succ = 1) ∧
                          (sorry () 2 (Fin.succ 2).succ.succ.succ = 0 ∨ sorry () 2 (Fin.succ 2).succ.succ.succ = 1) ∧
                            (sorry () 2 (Fin.succ 2).succ.succ.succ.succ = 0 ∨
                                sorry () 2 (Fin.succ 2).succ.succ.succ.succ = 1) ∧
                              (sorry () 2 (Fin.succ 2).succ.succ.succ.succ.succ = 0 ∨
                                sorry () 2 (Fin.succ 2).succ.succ.succ.succ.succ = 1)) ∧
              sorry () 2 =
                sorry () 2 0 +
                  (sorry () 2 1 * 2 +
                    (sorry () 2 2 * 4 +
                      (sorry () 2 (Fin.succ 2) * 8 +
                        (sorry () 2 (Fin.succ 2).succ * 16 +
                          (sorry () 2 (Fin.succ 2).succ.succ * 32 +
                            (sorry () 2 (Fin.succ 2).succ.succ.succ * 64 +
                              (sorry () 2 (Fin.succ 2).succ.succ.succ.succ * 128 +
                                sorry () 2 (Fin.succ 2).succ.succ.succ.succ.succ * 256)))))))) ∧
            (((sorry () (Fin.succ 2) 0 = 0 ∨ sorry () (Fin.succ 2) 0 = 1) ∧
                  (sorry () (Fin.succ 2) 1 = 0 ∨ sorry () (Fin.succ 2) 1 = 1) ∧
                    (sorry () (Fin.succ 2) 2 = 0 ∨ sorry () (Fin.succ 2) 2 = 1) ∧
                      (sorry () (Fin.succ 2) (Fin.succ 2) = 0 ∨ sorry () (Fin.succ 2) (Fin.succ 2) = 1) ∧
                        (sorry () (Fin.succ 2) (Fin.succ 2).succ = 0 ∨ sorry () (Fin.succ 2) (Fin.succ 2).succ = 1) ∧
                          (sorry () (Fin.succ 2) (Fin.succ 2).succ.succ = 0 ∨
                              sorry () (Fin.succ 2) (Fin.succ 2).succ.succ = 1) ∧
                            (sorry () (Fin.succ 2) (Fin.succ 2).succ.succ.succ = 0 ∨
                                sorry () (Fin.succ 2) (Fin.succ 2).succ.succ.succ = 1) ∧
                              (sorry () (Fin.succ 2) (Fin.succ 2).succ.succ.succ.succ = 0 ∨
                                  sorry () (Fin.succ 2) (Fin.succ 2).succ.succ.succ.succ = 1) ∧
                                (sorry () (Fin.succ 2) (Fin.succ 2).succ.succ.succ.succ.succ = 0 ∨
                                  sorry () (Fin.succ 2) (Fin.succ 2).succ.succ.succ.succ.succ = 1)) ∧
                sorry () (Fin.succ 2) =
                  sorry () (Fin.succ 2) 0 +
                    (sorry () (Fin.succ 2) 1 * 2 +
                      (sorry () (Fin.succ 2) 2 * 4 +
                        (sorry () (Fin.succ 2) (Fin.succ 2) * 8 +
                          (sorry () (Fin.succ 2) (Fin.succ 2).succ * 16 +
                            (sorry () (Fin.succ 2) (Fin.succ 2).succ.succ * 32 +
                              (sorry () (Fin.succ 2) (Fin.succ 2).succ.succ.succ * 64 +
                                (sorry () (Fin.succ 2) (Fin.succ 2).succ.succ.succ.succ * 128 +
                                  sorry () (Fin.succ 2) (Fin.succ 2).succ.succ.succ.succ.succ * 256)))))))) ∧
              (((sorry () (Fin.succ 2).succ 0 = 0 ∨ sorry () (Fin.succ 2).succ 0 = 1) ∧
                    (sorry () (Fin.succ 2).succ 1 = 0 ∨ sorry () (Fin.succ 2).succ 1 = 1) ∧
                      (sorry () (Fin.succ 2).succ 2 = 0 ∨ sorry () (Fin.succ 2).succ 2 = 1) ∧
                        (sorry () (Fin.succ 2).succ (Fin.succ 2) = 0 ∨ sorry () (Fin.succ 2).succ (Fin.succ 2) = 1) ∧
                          (sorry () (Fin.succ 2).succ (Fin.succ 2).succ = 0 ∨
                              sorry () (Fin.succ 2).succ (Fin.succ 2).succ = 1) ∧
                            (sorry () (Fin.succ 2).succ (Fin.succ 2).succ.succ = 0 ∨
                                sorry () (Fin.succ 2).succ (Fin.succ 2).succ.succ = 1) ∧
                              (sorry () (Fin.succ 2).succ (Fin.succ 2).succ.succ.succ = 0 ∨
                                  sorry () (Fin.succ 2).succ (Fin.succ 2).succ.succ.succ = 1) ∧
                                (sorry () (Fin.succ 2).succ (Fin.succ 2).succ.succ.succ.succ = 0 ∨
                                    sorry () (Fin.succ 2).succ (Fin.succ 2).succ.succ.succ.succ = 1) ∧
                                  (sorry () (Fin.succ 2).succ (Fin.succ 2).succ.succ.succ.succ.succ = 0 ∨
                                    sorry () (Fin.succ 2).succ (Fin.succ 2).succ.succ.succ.succ.succ = 1)) ∧
                  sorry () (Fin.succ 2).succ =
                    sorry () (Fin.succ 2).succ 0 +
                      (sorry () (Fin.succ 2).succ 1 * 2 +
                        (sorry () (Fin.succ 2).succ 2 * 4 +
                          (sorry () (Fin.succ 2).succ (Fin.succ 2) * 8 +
                            (sorry () (Fin.succ 2).succ (Fin.succ 2).succ * 16 +
                              (sorry () (Fin.succ 2).succ (Fin.succ 2).succ.succ * 32 +
                                (sorry () (Fin.succ 2).succ (Fin.succ 2).succ.succ.succ * 64 +
                                  (sorry () (Fin.succ 2).succ (Fin.succ 2).succ.succ.succ.succ * 128 +
                                    sorry () (Fin.succ 2).succ (Fin.succ 2).succ.succ.succ.succ.succ * 256)))))))) ∧
                ((sorry () (Fin.succ 2).succ.succ 0 = 0 ∨ sorry () (Fin.succ 2).succ.succ 0 = 1) ∧
                    (sorry () (Fin.succ 2).succ.succ 1 = 0 ∨ sorry () (Fin.succ 2).succ.succ 1 = 1) ∧
                      (sorry () (Fin.succ 2).succ.succ 2 = 0 ∨ sorry () (Fin.succ 2).succ.succ 2 = 1) ∧
                        (sorry () (Fin.succ 2).succ.succ (Fin.succ 2) = 0 ∨
                            sorry () (Fin.succ 2).succ.succ (Fin.succ 2) = 1) ∧
                          (sorry () (Fin.succ 2).succ.succ (Fin.succ 2).succ = 0 ∨
                              sorry () (Fin.succ 2).succ.succ (Fin.succ 2).succ = 1) ∧
                            (sorry () (Fin.succ 2).succ.succ (Fin.succ 2).succ.succ = 0 ∨
                                sorry () (Fin.succ 2).succ.succ (Fin.succ 2).succ.succ = 1) ∧
                              (sorry () (Fin.succ 2).succ.succ (Fin.succ 2).succ.succ.succ = 0 ∨
                                  sorry () (Fin.succ 2).succ.succ (Fin.succ 2).succ.succ.succ = 1) ∧
                                (sorry () (Fin.succ 2).succ.succ (Fin.succ 2).succ.succ.succ.succ = 0 ∨
                                    sorry () (Fin.succ 2).succ.succ (Fin.succ 2).succ.succ.succ.succ = 1) ∧
                                  (sorry () (Fin.succ 2).succ.succ (Fin.succ 2).succ.succ.succ.succ.succ = 0 ∨
                                    sorry () (Fin.succ 2).succ.succ (Fin.succ 2).succ.succ.succ.succ.succ = 1)) ∧
                  sorry () (Fin.succ 2).succ.succ =
                    sorry () (Fin.succ 2).succ.succ 0 +
                      (sorry () (Fin.succ 2).succ.succ 1 * 2 +
                        (sorry () (Fin.succ 2).succ.succ 2 * 4 +
                          (sorry () (Fin.succ 2).succ.succ (Fin.succ 2) * 8 +
                            (sorry () (Fin.succ 2).succ.succ (Fin.succ 2).succ * 16 +
                              (sorry () (Fin.succ 2).succ.succ (Fin.succ 2).succ.succ * 32 +
                                (sorry () (Fin.succ 2).succ.succ (Fin.succ 2).succ.succ.succ * 64 +
                                  (sorry () (Fin.succ 2).succ.succ (Fin.succ 2).succ.succ.succ.succ * 128 +
                                    sorry () (Fin.succ 2).succ.succ (Fin.succ 2).succ.succ.succ.succ.succ *
                                      256)))))))) ∧
      sorry () 0 = 0 ∧
        sorry () 1 = 0 ∧
          sorry () 2 = 0 ∧
            sorry () (Fin.succ 2) = 0 ∧ sorry () (Fin.succ 2).succ = 0 ∧ sorry () (Fin.succ 2).succ.succ = 0) ∧
    sorry () 0 = 36 ∧
      sorry () 1 = 0 ∧
        sorry () 2 = 0 ∧
          sorry () (Fin.succ 2) = 0 ∧ sorry () (Fin.succ 2).succ = 0 ∧ sorry () (Fin.succ 2).succ.succ = 0

case «5»
⊢ (((((sorry () 0 0 = 0 ∨ sorry () 0 0 = 1) ∧
            (sorry () 0 1 = 0 ∨ sorry () 0 1 = 1) ∧
              (sorry () 0 2 = 0 ∨ sorry () 0 2 = 1) ∧
                (sorry () 0 (Fin.succ 2) = 0 ∨ sorry () 0 (Fin.succ 2) = 1) ∧
                  (sorry () 0 (Fin.succ 2).succ = 0 ∨ sorry () 0 (Fin.succ 2).succ = 1) ∧
                    (sorry () 0 (Fin.succ 2).succ.succ = 0 ∨ sorry () 0 (Fin.succ 2).succ.succ = 1) ∧
                      (sorry () 0 (Fin.succ 2).succ.succ.succ = 0 ∨ sorry () 0 (Fin.succ 2).succ.succ.succ = 1) ∧
                        (sorry () 0 (Fin.succ 2).succ.succ.succ.succ = 0 ∨
                            sorry () 0 (Fin.succ 2).succ.succ.succ.succ = 1) ∧
                          (sorry () 0 (Fin.succ 2).succ.succ.succ.succ.succ = 0 ∨
                            sorry () 0 (Fin.succ 2).succ.succ.succ.succ.succ = 1)) ∧
          sorry () 0 =
            sorry () 0 0 +
              (sorry () 0 1 * 2 +
                (sorry () 0 2 * 4 +
                  (sorry () 0 (Fin.succ 2) * 8 +
                    (sorry () 0 (Fin.succ 2).succ * 16 +
                      (sorry () 0 (Fin.succ 2).succ.succ * 32 +
                        (sorry () 0 (Fin.succ 2).succ.succ.succ * 64 +
                          (sorry () 0 (Fin.succ 2).succ.succ.succ.succ * 128 +
                            sorry () 0 (Fin.succ 2).succ.succ.succ.succ.succ * 256)))))))) ∧
        (((sorry () 1 0 = 0 ∨ sorry () 1 0 = 1) ∧
              (sorry () 1 1 = 0 ∨ sorry () 1 1 = 1) ∧
                (sorry () 1 2 = 0 ∨ sorry () 1 2 = 1) ∧
                  (sorry () 1 (Fin.succ 2) = 0 ∨ sorry () 1 (Fin.succ 2) = 1) ∧
                    (sorry () 1 (Fin.succ 2).succ = 0 ∨ sorry () 1 (Fin.succ 2).succ = 1) ∧
                      (sorry () 1 (Fin.succ 2).succ.succ = 0 ∨ sorry () 1 (Fin.succ 2).succ.succ = 1) ∧
                        (sorry () 1 (Fin.succ 2).succ.succ.succ = 0 ∨ sorry () 1 (Fin.succ 2).succ.succ.succ = 1) ∧
                          (sorry () 1 (Fin.succ 2).succ.succ.succ.succ = 0 ∨
                              sorry () 1 (Fin.succ 2).succ.succ.succ.succ = 1) ∧
                            (sorry () 1 (Fin.succ 2).succ.succ.succ.succ.succ = 0 ∨
                              sorry () 1 (Fin.succ 2).succ.succ.succ.succ.succ = 1)) ∧
            sorry () 1 =
              sorry () 1 0 +
                (sorry () 1 1 * 2 +
                  (sorry () 1 2 * 4 +
                    (sorry () 1 (Fin.succ 2) * 8 +
                      (sorry () 1 (Fin.succ 2).succ * 16 +
                        (sorry () 1 (Fin.succ 2).succ.succ * 32 +
                          (sorry () 1 (Fin.succ 2).succ.succ.succ * 64 +
                            (sorry () 1 (Fin.succ 2).succ.succ.succ.succ * 128 +
                              sorry () 1 (Fin.succ 2).succ.succ.succ.succ.succ * 256)))))))) ∧
          (((sorry () 2 0 = 0 ∨ sorry () 2 0 = 1) ∧
                (sorry () 2 1 = 0 ∨ sorry () 2 1 = 1) ∧
                  (sorry () 2 2 = 0 ∨ sorry () 2 2 = 1) ∧
                    (sorry () 2 (Fin.succ 2) = 0 ∨ sorry () 2 (Fin.succ 2) = 1) ∧
                      (sorry () 2 (Fin.succ 2).succ = 0 ∨ sorry () 2 (Fin.succ 2).succ = 1) ∧
                        (sorry () 2 (Fin.succ 2).succ.succ = 0 ∨ sorry () 2 (Fin.succ 2).succ.succ = 1) ∧
                          (sorry () 2 (Fin.succ 2).succ.succ.succ = 0 ∨ sorry () 2 (Fin.succ 2).succ.succ.succ = 1) ∧
                            (sorry () 2 (Fin.succ 2).succ.succ.succ.succ = 0 ∨
                                sorry () 2 (Fin.succ 2).succ.succ.succ.succ = 1) ∧
                              (sorry () 2 (Fin.succ 2).succ.succ.succ.succ.succ = 0 ∨
                                sorry () 2 (Fin.succ 2).succ.succ.succ.succ.succ = 1)) ∧
              sorry () 2 =
                sorry () 2 0 +
                  (sorry () 2 1 * 2 +
                    (sorry () 2 2 * 4 +
                      (sorry () 2 (Fin.succ 2) * 8 +
                        (sorry () 2 (Fin.succ 2).succ * 16 +
                          (sorry () 2 (Fin.succ 2).succ.succ * 32 +
                            (sorry () 2 (Fin.succ 2).succ.succ.succ * 64 +
                              (sorry () 2 (Fin.succ 2).succ.succ.succ.succ * 128 +
                                sorry () 2 (Fin.succ 2).succ.succ.succ.succ.succ * 256)))))))) ∧
            (((sorry () (Fin.succ 2) 0 = 0 ∨ sorry () (Fin.succ 2) 0 = 1) ∧
                  (sorry () (Fin.succ 2) 1 = 0 ∨ sorry () (Fin.succ 2) 1 = 1) ∧
                    (sorry () (Fin.succ 2) 2 = 0 ∨ sorry () (Fin.succ 2) 2 = 1) ∧
                      (sorry () (Fin.succ 2) (Fin.succ 2) = 0 ∨ sorry () (Fin.succ 2) (Fin.succ 2) = 1) ∧
                        (sorry () (Fin.succ 2) (Fin.succ 2).succ = 0 ∨ sorry () (Fin.succ 2) (Fin.succ 2).succ = 1) ∧
                          (sorry () (Fin.succ 2) (Fin.succ 2).succ.succ = 0 ∨
                              sorry () (Fin.succ 2) (Fin.succ 2).succ.succ = 1) ∧
                            (sorry () (Fin.succ 2) (Fin.succ 2).succ.succ.succ = 0 ∨
                                sorry () (Fin.succ 2) (Fin.succ 2).succ.succ.succ = 1) ∧
                              (sorry () (Fin.succ 2) (Fin.succ 2).succ.succ.succ.succ = 0 ∨
                                  sorry () (Fin.succ 2) (Fin.succ 2).succ.succ.succ.succ = 1) ∧
                                (sorry () (Fin.succ 2) (Fin.succ 2).succ.succ.succ.succ.succ = 0 ∨
                                  sorry () (Fin.succ 2) (Fin.succ 2).succ.succ.succ.succ.succ = 1)) ∧
                sorry () (Fin.succ 2) =
                  sorry () (Fin.succ 2) 0 +
                    (sorry () (Fin.succ 2) 1 * 2 +
                      (sorry () (Fin.succ 2) 2 * 4 +
                        (sorry () (Fin.succ 2) (Fin.succ 2) * 8 +
                          (sorry () (Fin.succ 2) (Fin.succ 2).succ * 16 +
                            (sorry () (Fin.succ 2) (Fin.succ 2).succ.succ * 32 +
                              (sorry () (Fin.succ 2) (Fin.succ 2).succ.succ.succ * 64 +
                                (sorry () (Fin.succ 2) (Fin.succ 2).succ.succ.succ.succ * 128 +
                                  sorry () (Fin.succ 2) (Fin.succ 2).succ.succ.succ.succ.succ * 256)))))))) ∧
              (((sorry () (Fin.succ 2).succ 0 = 0 ∨ sorry () (Fin.succ 2).succ 0 = 1) ∧
                    (sorry () (Fin.succ 2).succ 1 = 0 ∨ sorry () (Fin.succ 2).succ 1 = 1) ∧
                      (sorry () (Fin.succ 2).succ 2 = 0 ∨ sorry () (Fin.succ 2).succ 2 = 1) ∧
                        (sorry () (Fin.succ 2).succ (Fin.succ 2) = 0 ∨ sorry () (Fin.succ 2).succ (Fin.succ 2) = 1) ∧
                          (sorry () (Fin.succ 2).succ (Fin.succ 2).succ = 0 ∨
                              sorry () (Fin.succ 2).succ (Fin.succ 2).succ = 1) ∧
                            (sorry () (Fin.succ 2).succ (Fin.succ 2).succ.succ = 0 ∨
                                sorry () (Fin.succ 2).succ (Fin.succ 2).succ.succ = 1) ∧
                              (sorry () (Fin.succ 2).succ (Fin.succ 2).succ.succ.succ = 0 ∨
                                  sorry () (Fin.succ 2).succ (Fin.succ 2).succ.succ.succ = 1) ∧
                                (sorry () (Fin.succ 2).succ (Fin.succ 2).succ.succ.succ.succ = 0 ∨
                                    sorry () (Fin.succ 2).succ (Fin.succ 2).succ.succ.succ.succ = 1) ∧
                                  (sorry () (Fin.succ 2).succ (Fin.succ 2).succ.succ.succ.succ.succ = 0 ∨
                                    sorry () (Fin.succ 2).succ (Fin.succ 2).succ.succ.succ.succ.succ = 1)) ∧
                  sorry () (Fin.succ 2).succ =
                    sorry () (Fin.succ 2).succ 0 +
                      (sorry () (Fin.succ 2).succ 1 * 2 +
                        (sorry () (Fin.succ 2).succ 2 * 4 +
                          (sorry () (Fin.succ 2).succ (Fin.succ 2) * 8 +
                            (sorry () (Fin.succ 2).succ (Fin.succ 2).succ * 16 +
                              (sorry () (Fin.succ 2).succ (Fin.succ 2).succ.succ * 32 +
                                (sorry () (Fin.succ 2).succ (Fin.succ 2).succ.succ.succ * 64 +
                                  (sorry () (Fin.succ 2).succ (Fin.succ 2).succ.succ.succ.succ * 128 +
                                    sorry () (Fin.succ 2).succ (Fin.succ 2).succ.succ.succ.succ.succ * 256)))))))) ∧
                ((sorry () (Fin.succ 2).succ.succ 0 = 0 ∨ sorry () (Fin.succ 2).succ.succ 0 = 1) ∧
                    (sorry () (Fin.succ 2).succ.succ 1 = 0 ∨ sorry () (Fin.succ 2).succ.succ 1 = 1) ∧
                      (sorry () (Fin.succ 2).succ.succ 2 = 0 ∨ sorry () (Fin.succ 2).succ.succ 2 = 1) ∧
                        (sorry () (Fin.succ 2).succ.succ (Fin.succ 2) = 0 ∨
                            sorry () (Fin.succ 2).succ.succ (Fin.succ 2) = 1) ∧
                          (sorry () (Fin.succ 2).succ.succ (Fin.succ 2).succ = 0 ∨
                              sorry () (Fin.succ 2).succ.succ (Fin.succ 2).succ = 1) ∧
                            (sorry () (Fin.succ 2).succ.succ (Fin.succ 2).succ.succ = 0 ∨
                                sorry () (Fin.succ 2).succ.succ (Fin.succ 2).succ.succ = 1) ∧
                              (sorry () (Fin.succ 2).succ.succ (Fin.succ 2).succ.succ.succ = 0 ∨
                                  sorry () (Fin.succ 2).succ.succ (Fin.succ 2).succ.succ.succ = 1) ∧
                                (sorry () (Fin.succ 2).succ.succ (Fin.succ 2).succ.succ.succ.succ = 0 ∨
                                    sorry () (Fin.succ 2).succ.succ (Fin.succ 2).succ.succ.succ.succ = 1) ∧
                                  (sorry () (Fin.succ 2).succ.succ (Fin.succ 2).succ.succ.succ.succ.succ = 0 ∨
                                    sorry () (Fin.succ 2).succ.succ (Fin.succ 2).succ.succ.succ.succ.succ = 1)) ∧
                  sorry () (Fin.succ 2).succ.succ =
                    sorry () (Fin.succ 2).succ.succ 0 +
                      (sorry () (Fin.succ 2).succ.succ 1 * 2 +
                        (sorry () (Fin.succ 2).succ.succ 2 * 4 +
                          (sorry () (Fin.succ 2).succ.succ (Fin.succ 2) * 8 +
                            (sorry () (Fin.succ 2).succ.succ (Fin.succ 2).succ * 16 +
                              (sorry () (Fin.succ 2).succ.succ (Fin.succ 2).succ.succ * 32 +
                                (sorry () (Fin.succ 2).succ.succ (Fin.succ 2).succ.succ.succ * 64 +
                                  (sorry () (Fin.succ 2).succ.succ (Fin.succ 2).succ.succ.succ.succ * 128 +
                                    sorry () (Fin.succ 2).succ.succ (Fin.succ 2).succ.succ.succ.succ.succ *
                                      256)))))))) ∧
      sorry () 0 = 0 ∧
        sorry () 1 = 0 ∧
          sorry () 2 = 0 ∧
            sorry () (Fin.succ 2) = 0 ∧ sorry () (Fin.succ 2).succ = 0 ∧ sorry () (Fin.succ 2).succ.succ = 0) ∧
    sorry () 0 = 36 ∧
      sorry () 1 = 0 ∧
        sorry () 2 = 0 ∧
          sorry () (Fin.succ 2) = 0 ∧ sorry () (Fin.succ 2).succ = 0 ∧ sorry () (Fin.succ 2).succ.succ = 0

case «6»
⊢ (((((sorry () 0 0 = 0 ∨ sorry () 0 0 = 1) ∧
            (sorry () 0 1 = 0 ∨ sorry () 0 1 = 1) ∧
              (sorry () 0 2 = 0 ∨ sorry () 0 2 = 1) ∧
                (sorry () 0 (Fin.succ 2) = 0 ∨ sorry () 0 (Fin.succ 2) = 1) ∧
                  (sorry () 0 (Fin.succ 2).succ = 0 ∨ sorry () 0 (Fin.succ 2).succ = 1) ∧
                    (sorry () 0 (Fin.succ 2).succ.succ = 0 ∨ sorry () 0 (Fin.succ 2).succ.succ = 1) ∧
                      (sorry () 0 (Fin.succ 2).succ.succ.succ = 0 ∨ sorry () 0 (Fin.succ 2).succ.succ.succ = 1) ∧
                        (sorry () 0 (Fin.succ 2).succ.succ.succ.succ = 0 ∨
                            sorry () 0 (Fin.succ 2).succ.succ.succ.succ = 1) ∧
                          (sorry () 0 (Fin.succ 2).succ.succ.succ.succ.succ = 0 ∨
                            sorry () 0 (Fin.succ 2).succ.succ.succ.succ.succ = 1)) ∧
          sorry () 0 =
            sorry () 0 0 +
              (sorry () 0 1 * 2 +
                (sorry () 0 2 * 4 +
                  (sorry () 0 (Fin.succ 2) * 8 +
                    (sorry () 0 (Fin.succ 2).succ * 16 +
                      (sorry () 0 (Fin.succ 2).succ.succ * 32 +
                        (sorry () 0 (Fin.succ 2).succ.succ.succ * 64 +
                          (sorry () 0 (Fin.succ 2).succ.succ.succ.succ * 128 +
                            sorry () 0 (Fin.succ 2).succ.succ.succ.succ.succ * 256)))))))) ∧
        (((sorry () 1 0 = 0 ∨ sorry () 1 0 = 1) ∧
              (sorry () 1 1 = 0 ∨ sorry () 1 1 = 1) ∧
                (sorry () 1 2 = 0 ∨ sorry () 1 2 = 1) ∧
                  (sorry () 1 (Fin.succ 2) = 0 ∨ sorry () 1 (Fin.succ 2) = 1) ∧
                    (sorry () 1 (Fin.succ 2).succ = 0 ∨ sorry () 1 (Fin.succ 2).succ = 1) ∧
                      (sorry () 1 (Fin.succ 2).succ.succ = 0 ∨ sorry () 1 (Fin.succ 2).succ.succ = 1) ∧
                        (sorry () 1 (Fin.succ 2).succ.succ.succ = 0 ∨ sorry () 1 (Fin.succ 2).succ.succ.succ = 1) ∧
                          (sorry () 1 (Fin.succ 2).succ.succ.succ.succ = 0 ∨
                              sorry () 1 (Fin.succ 2).succ.succ.succ.succ = 1) ∧
                            (sorry () 1 (Fin.succ 2).succ.succ.succ.succ.succ = 0 ∨
                              sorry () 1 (Fin.succ 2).succ.succ.succ.succ.succ = 1)) ∧
            sorry () 1 =
              sorry () 1 0 +
                (sorry () 1 1 * 2 +
                  (sorry () 1 2 * 4 +
                    (sorry () 1 (Fin.succ 2) * 8 +
                      (sorry () 1 (Fin.succ 2).succ * 16 +
                        (sorry () 1 (Fin.succ 2).succ.succ * 32 +
                          (sorry () 1 (Fin.succ 2).succ.succ.succ * 64 +
                            (sorry () 1 (Fin.succ 2).succ.succ.succ.succ * 128 +
                              sorry () 1 (Fin.succ 2).succ.succ.succ.succ.succ * 256)))))))) ∧
          (((sorry () 2 0 = 0 ∨ sorry () 2 0 = 1) ∧
                (sorry () 2 1 = 0 ∨ sorry () 2 1 = 1) ∧
                  (sorry () 2 2 = 0 ∨ sorry () 2 2 = 1) ∧
                    (sorry () 2 (Fin.succ 2) = 0 ∨ sorry () 2 (Fin.succ 2) = 1) ∧
                      (sorry () 2 (Fin.succ 2).succ = 0 ∨ sorry () 2 (Fin.succ 2).succ = 1) ∧
                        (sorry () 2 (Fin.succ 2).succ.succ = 0 ∨ sorry () 2 (Fin.succ 2).succ.succ = 1) ∧
                          (sorry () 2 (Fin.succ 2).succ.succ.succ = 0 ∨ sorry () 2 (Fin.succ 2).succ.succ.succ = 1) ∧
                            (sorry () 2 (Fin.succ 2).succ.succ.succ.succ = 0 ∨
                                sorry () 2 (Fin.succ 2).succ.succ.succ.succ = 1) ∧
                              (sorry () 2 (Fin.succ 2).succ.succ.succ.succ.succ = 0 ∨
                                sorry () 2 (Fin.succ 2).succ.succ.succ.succ.succ = 1)) ∧
              sorry () 2 =
                sorry () 2 0 +
                  (sorry () 2 1 * 2 +
                    (sorry () 2 2 * 4 +
                      (sorry () 2 (Fin.succ 2) * 8 +
                        (sorry () 2 (Fin.succ 2).succ * 16 +
                          (sorry () 2 (Fin.succ 2).succ.succ * 32 +
                            (sorry () 2 (Fin.succ 2).succ.succ.succ * 64 +
                              (sorry () 2 (Fin.succ 2).succ.succ.succ.succ * 128 +
                                sorry () 2 (Fin.succ 2).succ.succ.succ.succ.succ * 256)))))))) ∧
            (((sorry () (Fin.succ 2) 0 = 0 ∨ sorry () (Fin.succ 2) 0 = 1) ∧
                  (sorry () (Fin.succ 2) 1 = 0 ∨ sorry () (Fin.succ 2) 1 = 1) ∧
                    (sorry () (Fin.succ 2) 2 = 0 ∨ sorry () (Fin.succ 2) 2 = 1) ∧
                      (sorry () (Fin.succ 2) (Fin.succ 2) = 0 ∨ sorry () (Fin.succ 2) (Fin.succ 2) = 1) ∧
                        (sorry () (Fin.succ 2) (Fin.succ 2).succ = 0 ∨ sorry () (Fin.succ 2) (Fin.succ 2).succ = 1) ∧
                          (sorry () (Fin.succ 2) (Fin.succ 2).succ.succ = 0 ∨
                              sorry () (Fin.succ 2) (Fin.succ 2).succ.succ = 1) ∧
                            (sorry () (Fin.succ 2) (Fin.succ 2).succ.succ.succ = 0 ∨
                                sorry () (Fin.succ 2) (Fin.succ 2).succ.succ.succ = 1) ∧
                              (sorry () (Fin.succ 2) (Fin.succ 2).succ.succ.succ.succ = 0 ∨
                                  sorry () (Fin.succ 2) (Fin.succ 2).succ.succ.succ.succ = 1) ∧
                                (sorry () (Fin.succ 2) (Fin.succ 2).succ.succ.succ.succ.succ = 0 ∨
                                  sorry () (Fin.succ 2) (Fin.succ 2).succ.succ.succ.succ.succ = 1)) ∧
                sorry () (Fin.succ 2) =
                  sorry () (Fin.succ 2) 0 +
                    (sorry () (Fin.succ 2) 1 * 2 +
                      (sorry () (Fin.succ 2) 2 * 4 +
                        (sorry () (Fin.succ 2) (Fin.succ 2) * 8 +
                          (sorry () (Fin.succ 2) (Fin.succ 2).succ * 16 +
                            (sorry () (Fin.succ 2) (Fin.succ 2).succ.succ * 32 +
                              (sorry () (Fin.succ 2) (Fin.succ 2).succ.succ.succ * 64 +
                                (sorry () (Fin.succ 2) (Fin.succ 2).succ.succ.succ.succ * 128 +
                                  sorry () (Fin.succ 2) (Fin.succ 2).succ.succ.succ.succ.succ * 256)))))))) ∧
              (((sorry () (Fin.succ 2).succ 0 = 0 ∨ sorry () (Fin.succ 2).succ 0 = 1) ∧
                    (sorry () (Fin.succ 2).succ 1 = 0 ∨ sorry () (Fin.succ 2).succ 1 = 1) ∧
                      (sorry () (Fin.succ 2).succ 2 = 0 ∨ sorry () (Fin.succ 2).succ 2 = 1) ∧
                        (sorry () (Fin.succ 2).succ (Fin.succ 2) = 0 ∨ sorry () (Fin.succ 2).succ (Fin.succ 2) = 1) ∧
                          (sorry () (Fin.succ 2).succ (Fin.succ 2).succ = 0 ∨
                              sorry () (Fin.succ 2).succ (Fin.succ 2).succ = 1) ∧
                            (sorry () (Fin.succ 2).succ (Fin.succ 2).succ.succ = 0 ∨
                                sorry () (Fin.succ 2).succ (Fin.succ 2).succ.succ = 1) ∧
                              (sorry () (Fin.succ 2).succ (Fin.succ 2).succ.succ.succ = 0 ∨
                                  sorry () (Fin.succ 2).succ (Fin.succ 2).succ.succ.succ = 1) ∧
                                (sorry () (Fin.succ 2).succ (Fin.succ 2).succ.succ.succ.succ = 0 ∨
                                    sorry () (Fin.succ 2).succ (Fin.succ 2).succ.succ.succ.succ = 1) ∧
                                  (sorry () (Fin.succ 2).succ (Fin.succ 2).succ.succ.succ.succ.succ = 0 ∨
                                    sorry () (Fin.succ 2).succ (Fin.succ 2).succ.succ.succ.succ.succ = 1)) ∧
                  sorry () (Fin.succ 2).succ =
                    sorry () (Fin.succ 2).succ 0 +
                      (sorry () (Fin.succ 2).succ 1 * 2 +
                        (sorry () (Fin.succ 2).succ 2 * 4 +
                          (sorry () (Fin.succ 2).succ (Fin.succ 2) * 8 +
                            (sorry () (Fin.succ 2).succ (Fin.succ 2).succ * 16 +
                              (sorry () (Fin.succ 2).succ (Fin.succ 2).succ.succ * 32 +
                                (sorry () (Fin.succ 2).succ (Fin.succ 2).succ.succ.succ * 64 +
                                  (sorry () (Fin.succ 2).succ (Fin.succ 2).succ.succ.succ.succ * 128 +
                                    sorry () (Fin.succ 2).succ (Fin.succ 2).succ.succ.succ.succ.succ * 256)))))))) ∧
                ((sorry () (Fin.succ 2).succ.succ 0 = 0 ∨ sorry () (Fin.succ 2).succ.succ 0 = 1) ∧
                    (sorry () (Fin.succ 2).succ.succ 1 = 0 ∨ sorry () (Fin.succ 2).succ.succ 1 = 1) ∧
                      (sorry () (Fin.succ 2).succ.succ 2 = 0 ∨ sorry () (Fin.succ 2).succ.succ 2 = 1) ∧
                        (sorry () (Fin.succ 2).succ.succ (Fin.succ 2) = 0 ∨
                            sorry () (Fin.succ 2).succ.succ (Fin.succ 2) = 1) ∧
                          (sorry () (Fin.succ 2).succ.succ (Fin.succ 2).succ = 0 ∨
                              sorry () (Fin.succ 2).succ.succ (Fin.succ 2).succ = 1) ∧
                            (sorry () (Fin.succ 2).succ.succ (Fin.succ 2).succ.succ = 0 ∨
                                sorry () (Fin.succ 2).succ.succ (Fin.succ 2).succ.succ = 1) ∧
                              (sorry () (Fin.succ 2).succ.succ (Fin.succ 2).succ.succ.succ = 0 ∨
                                  sorry () (Fin.succ 2).succ.succ (Fin.succ 2).succ.succ.succ = 1) ∧
                                (sorry () (Fin.succ 2).succ.succ (Fin.succ 2).succ.succ.succ.succ = 0 ∨
                                    sorry () (Fin.succ 2).succ.succ (Fin.succ 2).succ.succ.succ.succ = 1) ∧
                                  (sorry () (Fin.succ 2).succ.succ (Fin.succ 2).succ.succ.succ.succ.succ = 0 ∨
                                    sorry () (Fin.succ 2).succ.succ (Fin.succ 2).succ.succ.succ.succ.succ = 1)) ∧
                  sorry () (Fin.succ 2).succ.succ =
                    sorry () (Fin.succ 2).succ.succ 0 +
                      (sorry () (Fin.succ 2).succ.succ 1 * 2 +
                        (sorry () (Fin.succ 2).succ.succ 2 * 4 +
                          (sorry () (Fin.succ 2).succ.succ (Fin.succ 2) * 8 +
                            (sorry () (Fin.succ 2).succ.succ (Fin.succ 2).succ * 16 +
                              (sorry () (Fin.succ 2).succ.succ (Fin.succ 2).succ.succ * 32 +
                                (sorry () (Fin.succ 2).succ.succ (Fin.succ 2).succ.succ.succ * 64 +
                                  (sorry () (Fin.succ 2).succ.succ (Fin.succ 2).succ.succ.succ.succ * 128 +
                                    sorry () (Fin.succ 2).succ.succ (Fin.succ 2).succ.succ.succ.succ.succ *
                                      256)))))))) ∧
      sorry () 0 = 0 ∧
        sorry () 1 = 0 ∧
          sorry () 2 = 0 ∧
            sorry () (Fin.succ 2) = 0 ∧ sorry () (Fin.succ 2).succ = 0 ∧ sorry () (Fin.succ 2).succ.succ = 0) ∧
    sorry () 0 = 36 ∧
      sorry () 1 = 0 ∧
        sorry () 2 = 0 ∧
          sorry () (Fin.succ 2) = 0 ∧ sorry () (Fin.succ 2).succ = 0 ∧ sorry () (Fin.succ 2).succ.succ = 0

case «7»
⊢ (((((sorry () 0 0 = 0 ∨ sorry () 0 0 = 1) ∧
            (sorry () 0 1 = 0 ∨ sorry () 0 1 = 1) ∧
              (sorry () 0 2 = 0 ∨ sorry () 0 2 = 1) ∧
                (sorry () 0 (Fin.succ 2) = 0 ∨ sorry () 0 (Fin.succ 2) = 1) ∧
                  (sorry () 0 (Fin.succ 2).succ = 0 ∨ sorry () 0 (Fin.succ 2).succ = 1) ∧
                    (sorry () 0 (Fin.succ 2).succ.succ = 0 ∨ sorry () 0 (Fin.succ 2).succ.succ = 1) ∧
                      (sorry () 0 (Fin.succ 2).succ.succ.succ = 0 ∨ sorry () 0 (Fin.succ 2).succ.succ.succ = 1) ∧
                        (sorry () 0 (Fin.succ 2).succ.succ.succ.succ = 0 ∨
                            sorry () 0 (Fin.succ 2).succ.succ.succ.succ = 1) ∧
                          (sorry () 0 (Fin.succ 2).succ.succ.succ.succ.succ = 0 ∨
                            sorry () 0 (Fin.succ 2).succ.succ.succ.succ.succ = 1)) ∧
          sorry () 0 =
            sorry () 0 0 +
              (sorry () 0 1 * 2 +
                (sorry () 0 2 * 4 +
                  (sorry () 0 (Fin.succ 2) * 8 +
                    (sorry () 0 (Fin.succ 2).succ * 16 +
                      (sorry () 0 (Fin.succ 2).succ.succ * 32 +
                        (sorry () 0 (Fin.succ 2).succ.succ.succ * 64 +
                          (sorry () 0 (Fin.succ 2).succ.succ.succ.succ * 128 +
                            sorry () 0 (Fin.succ 2).succ.succ.succ.succ.succ * 256)))))))) ∧
        (((sorry () 1 0 = 0 ∨ sorry () 1 0 = 1) ∧
              (sorry () 1 1 = 0 ∨ sorry () 1 1 = 1) ∧
                (sorry () 1 2 = 0 ∨ sorry () 1 2 = 1) ∧
                  (sorry () 1 (Fin.succ 2) = 0 ∨ sorry () 1 (Fin.succ 2) = 1) ∧
                    (sorry () 1 (Fin.succ 2).succ = 0 ∨ sorry () 1 (Fin.succ 2).succ = 1) ∧
                      (sorry () 1 (Fin.succ 2).succ.succ = 0 ∨ sorry () 1 (Fin.succ 2).succ.succ = 1) ∧
                        (sorry () 1 (Fin.succ 2).succ.succ.succ = 0 ∨ sorry () 1 (Fin.succ 2).succ.succ.succ = 1) ∧
                          (sorry () 1 (Fin.succ 2).succ.succ.succ.succ = 0 ∨
                              sorry () 1 (Fin.succ 2).succ.succ.succ.succ = 1) ∧
                            (sorry () 1 (Fin.succ 2).succ.succ.succ.succ.succ = 0 ∨
                              sorry () 1 (Fin.succ 2).succ.succ.succ.succ.succ = 1)) ∧
            sorry () 1 =
              sorry () 1 0 +
                (sorry () 1 1 * 2 +
                  (sorry () 1 2 * 4 +
                    (sorry () 1 (Fin.succ 2) * 8 +
                      (sorry () 1 (Fin.succ 2).succ * 16 +
                        (sorry () 1 (Fin.succ 2).succ.succ * 32 +
                          (sorry () 1 (Fin.succ 2).succ.succ.succ * 64 +
                            (sorry () 1 (Fin.succ 2).succ.succ.succ.succ * 128 +
                              sorry () 1 (Fin.succ 2).succ.succ.succ.succ.succ * 256)))))))) ∧
          (((sorry () 2 0 = 0 ∨ sorry () 2 0 = 1) ∧
                (sorry () 2 1 = 0 ∨ sorry () 2 1 = 1) ∧
                  (sorry () 2 2 = 0 ∨ sorry () 2 2 = 1) ∧
                    (sorry () 2 (Fin.succ 2) = 0 ∨ sorry () 2 (Fin.succ 2) = 1) ∧
                      (sorry () 2 (Fin.succ 2).succ = 0 ∨ sorry () 2 (Fin.succ 2).succ = 1) ∧
                        (sorry () 2 (Fin.succ 2).succ.succ = 0 ∨ sorry () 2 (Fin.succ 2).succ.succ = 1) ∧
                          (sorry () 2 (Fin.succ 2).succ.succ.succ = 0 ∨ sorry () 2 (Fin.succ 2).succ.succ.succ = 1) ∧
                            (sorry () 2 (Fin.succ 2).succ.succ.succ.succ = 0 ∨
                                sorry () 2 (Fin.succ 2).succ.succ.succ.succ = 1) ∧
                              (sorry () 2 (Fin.succ 2).succ.succ.succ.succ.succ = 0 ∨
                                sorry () 2 (Fin.succ 2).succ.succ.succ.succ.succ = 1)) ∧
              sorry () 2 =
                sorry () 2 0 +
                  (sorry () 2 1 * 2 +
                    (sorry () 2 2 * 4 +
                      (sorry () 2 (Fin.succ 2) * 8 +
                        (sorry () 2 (Fin.succ 2).succ * 16 +
                          (sorry () 2 (Fin.succ 2).succ.succ * 32 +
                            (sorry () 2 (Fin.succ 2).succ.succ.succ * 64 +
                              (sorry () 2 (Fin.succ 2).succ.succ.succ.succ * 128 +
                                sorry () 2 (Fin.succ 2).succ.succ.succ.succ.succ * 256)))))))) ∧
            (((sorry () (Fin.succ 2) 0 = 0 ∨ sorry () (Fin.succ 2) 0 = 1) ∧
                  (sorry () (Fin.succ 2) 1 = 0 ∨ sorry () (Fin.succ 2) 1 = 1) ∧
                    (sorry () (Fin.succ 2) 2 = 0 ∨ sorry () (Fin.succ 2) 2 = 1) ∧
                      (sorry () (Fin.succ 2) (Fin.succ 2) = 0 ∨ sorry () (Fin.succ 2) (Fin.succ 2) = 1) ∧
                        (sorry () (Fin.succ 2) (Fin.succ 2).succ = 0 ∨ sorry () (Fin.succ 2) (Fin.succ 2).succ = 1) ∧
                          (sorry () (Fin.succ 2) (Fin.succ 2).succ.succ = 0 ∨
                              sorry () (Fin.succ 2) (Fin.succ 2).succ.succ = 1) ∧
                            (sorry () (Fin.succ 2) (Fin.succ 2).succ.succ.succ = 0 ∨
                                sorry () (Fin.succ 2) (Fin.succ 2).succ.succ.succ = 1) ∧
                              (sorry () (Fin.succ 2) (Fin.succ 2).succ.succ.succ.succ = 0 ∨
                                  sorry () (Fin.succ 2) (Fin.succ 2).succ.succ.succ.succ = 1) ∧
                                (sorry () (Fin.succ 2) (Fin.succ 2).succ.succ.succ.succ.succ = 0 ∨
                                  sorry () (Fin.succ 2) (Fin.succ 2).succ.succ.succ.succ.succ = 1)) ∧
                sorry () (Fin.succ 2) =
                  sorry () (Fin.succ 2) 0 +
                    (sorry () (Fin.succ 2) 1 * 2 +
                      (sorry () (Fin.succ 2) 2 * 4 +
                        (sorry () (Fin.succ 2) (Fin.succ 2) * 8 +
                          (sorry () (Fin.succ 2) (Fin.succ 2).succ * 16 +
                            (sorry () (Fin.succ 2) (Fin.succ 2).succ.succ * 32 +
                              (sorry () (Fin.succ 2) (Fin.succ 2).succ.succ.succ * 64 +
                                (sorry () (Fin.succ 2) (Fin.succ 2).succ.succ.succ.succ * 128 +
                                  sorry () (Fin.succ 2) (Fin.succ 2).succ.succ.succ.succ.succ * 256)))))))) ∧
              (((sorry () (Fin.succ 2).succ 0 = 0 ∨ sorry () (Fin.succ 2).succ 0 = 1) ∧
                    (sorry () (Fin.succ 2).succ 1 = 0 ∨ sorry () (Fin.succ 2).succ 1 = 1) ∧
                      (sorry () (Fin.succ 2).succ 2 = 0 ∨ sorry () (Fin.succ 2).succ 2 = 1) ∧
                        (sorry () (Fin.succ 2).succ (Fin.succ 2) = 0 ∨ sorry () (Fin.succ 2).succ (Fin.succ 2) = 1) ∧
                          (sorry () (Fin.succ 2).succ (Fin.succ 2).succ = 0 ∨
                              sorry () (Fin.succ 2).succ (Fin.succ 2).succ = 1) ∧
                            (sorry () (Fin.succ 2).succ (Fin.succ 2).succ.succ = 0 ∨
                                sorry () (Fin.succ 2).succ (Fin.succ 2).succ.succ = 1) ∧
                              (sorry () (Fin.succ 2).succ (Fin.succ 2).succ.succ.succ = 0 ∨
                                  sorry () (Fin.succ 2).succ (Fin.succ 2).succ.succ.succ = 1) ∧
                                (sorry () (Fin.succ 2).succ (Fin.succ 2).succ.succ.succ.succ = 0 ∨
                                    sorry () (Fin.succ 2).succ (Fin.succ 2).succ.succ.succ.succ = 1) ∧
                                  (sorry () (Fin.succ 2).succ (Fin.succ 2).succ.succ.succ.succ.succ = 0 ∨
                                    sorry () (Fin.succ 2).succ (Fin.succ 2).succ.succ.succ.succ.succ = 1)) ∧
                  sorry () (Fin.succ 2).succ =
                    sorry () (Fin.succ 2).succ 0 +
                      (sorry () (Fin.succ 2).succ 1 * 2 +
                        (sorry () (Fin.succ 2).succ 2 * 4 +
                          (sorry () (Fin.succ 2).succ (Fin.succ 2) * 8 +
                            (sorry () (Fin.succ 2).succ (Fin.succ 2).succ * 16 +
                              (sorry () (Fin.succ 2).succ (Fin.succ 2).succ.succ * 32 +
                                (sorry () (Fin.succ 2).succ (Fin.succ 2).succ.succ.succ * 64 +
                                  (sorry () (Fin.succ 2).succ (Fin.succ 2).succ.succ.succ.succ * 128 +
                                    sorry () (Fin.succ 2).succ (Fin.succ 2).succ.succ.succ.succ.succ * 256)))))))) ∧
                ((sorry () (Fin.succ 2).succ.succ 0 = 0 ∨ sorry () (Fin.succ 2).succ.succ 0 = 1) ∧
                    (sorry () (Fin.succ 2).succ.succ 1 = 0 ∨ sorry () (Fin.succ 2).succ.succ 1 = 1) ∧
                      (sorry () (Fin.succ 2).succ.succ 2 = 0 ∨ sorry () (Fin.succ 2).succ.succ 2 = 1) ∧
                        (sorry () (Fin.succ 2).succ.succ (Fin.succ 2) = 0 ∨
                            sorry () (Fin.succ 2).succ.succ (Fin.succ 2) = 1) ∧
                          (sorry () (Fin.succ 2).succ.succ (Fin.succ 2).succ = 0 ∨
                              sorry () (Fin.succ 2).succ.succ (Fin.succ 2).succ = 1) ∧
                            (sorry () (Fin.succ 2).succ.succ (Fin.succ 2).succ.succ = 0 ∨
                                sorry () (Fin.succ 2).succ.succ (Fin.succ 2).succ.succ = 1) ∧
                              (sorry () (Fin.succ 2).succ.succ (Fin.succ 2).succ.succ.succ = 0 ∨
                                  sorry () (Fin.succ 2).succ.succ (Fin.succ 2).succ.succ.succ = 1) ∧
                                (sorry () (Fin.succ 2).succ.succ (Fin.succ 2).succ.succ.succ.succ = 0 ∨
                                    sorry () (Fin.succ 2).succ.succ (Fin.succ 2).succ.succ.succ.succ = 1) ∧
                                  (sorry () (Fin.succ 2).succ.succ (Fin.succ 2).succ.succ.succ.succ.succ = 0 ∨
                                    sorry () (Fin.succ 2).succ.succ (Fin.succ 2).succ.succ.succ.succ.succ = 1)) ∧
                  sorry () (Fin.succ 2).succ.succ =
                    sorry () (Fin.succ 2).succ.succ 0 +
                      (sorry () (Fin.succ 2).succ.succ 1 * 2 +
                        (sorry () (Fin.succ 2).succ.succ 2 * 4 +
                          (sorry () (Fin.succ 2).succ.succ (Fin.succ 2) * 8 +
                            (sorry () (Fin.succ 2).succ.succ (Fin.succ 2).succ * 16 +
                              (sorry () (Fin.succ 2).succ.succ (Fin.succ 2).succ.succ * 32 +
                                (sorry () (Fin.succ 2).succ.succ (Fin.succ 2).succ.succ.succ * 64 +
                                  (sorry () (Fin.succ 2).succ.succ (Fin.succ 2).succ.succ.succ.succ * 128 +
                                    sorry () (Fin.succ 2).succ.succ (Fin.succ 2).succ.succ.succ.succ.succ *
                                      256)))))))) ∧
      sorry () 0 = 0 ∧
        sorry () 1 = 0 ∧
          sorry () 2 = 0 ∧
            sorry () (Fin.succ 2) = 0 ∧ sorry () (Fin.succ 2).succ = 0 ∧ sorry () (Fin.succ 2).succ.succ = 0) ∧
    sorry () 0 = 36 ∧
      sorry () 1 = 0 ∧
        sorry () 2 = 0 ∧
          sorry () (Fin.succ 2) = 0 ∧ sorry () (Fin.succ 2).succ = 0 ∧ sorry () (Fin.succ 2).succ.succ = 0

case «8»
⊢ (((((sorry () 0 0 = 0 ∨ sorry () 0 0 = 1) ∧
            (sorry () 0 1 = 0 ∨ sorry () 0 1 = 1) ∧
              (sorry () 0 2 = 0 ∨ sorry () 0 2 = 1) ∧
                (sorry () 0 (Fin.succ 2) = 0 ∨ sorry () 0 (Fin.succ 2) = 1) ∧
                  (sorry () 0 (Fin.succ 2).succ = 0 ∨ sorry () 0 (Fin.succ 2).succ = 1) ∧
                    (sorry () 0 (Fin.succ 2).succ.succ = 0 ∨ sorry () 0 (Fin.succ 2).succ.succ = 1) ∧
                      (sorry () 0 (Fin.succ 2).succ.succ.succ = 0 ∨ sorry () 0 (Fin.succ 2).succ.succ.succ = 1) ∧
                        (sorry () 0 (Fin.succ 2).succ.succ.succ.succ = 0 ∨
                            sorry () 0 (Fin.succ 2).succ.succ.succ.succ = 1) ∧
                          (sorry () 0 (Fin.succ 2).succ.succ.succ.succ.succ = 0 ∨
                            sorry () 0 (Fin.succ 2).succ.succ.succ.succ.succ = 1)) ∧
          sorry () 0 =
            sorry () 0 0 +
              (sorry () 0 1 * 2 +
                (sorry () 0 2 * 4 +
                  (sorry () 0 (Fin.succ 2) * 8 +
                    (sorry () 0 (Fin.succ 2).succ * 16 +
                      (sorry () 0 (Fin.succ 2).succ.succ * 32 +
                        (sorry () 0 (Fin.succ 2).succ.succ.succ * 64 +
                          (sorry () 0 (Fin.succ 2).succ.succ.succ.succ * 128 +
                            sorry () 0 (Fin.succ 2).succ.succ.succ.succ.succ * 256)))))))) ∧
        (((sorry () 1 0 = 0 ∨ sorry () 1 0 = 1) ∧
              (sorry () 1 1 = 0 ∨ sorry () 1 1 = 1) ∧
                (sorry () 1 2 = 0 ∨ sorry () 1 2 = 1) ∧
                  (sorry () 1 (Fin.succ 2) = 0 ∨ sorry () 1 (Fin.succ 2) = 1) ∧
                    (sorry () 1 (Fin.succ 2).succ = 0 ∨ sorry () 1 (Fin.succ 2).succ = 1) ∧
                      (sorry () 1 (Fin.succ 2).succ.succ = 0 ∨ sorry () 1 (Fin.succ 2).succ.succ = 1) ∧
                        (sorry () 1 (Fin.succ 2).succ.succ.succ = 0 ∨ sorry () 1 (Fin.succ 2).succ.succ.succ = 1) ∧
                          (sorry () 1 (Fin.succ 2).succ.succ.succ.succ = 0 ∨
                              sorry () 1 (Fin.succ 2).succ.succ.succ.succ = 1) ∧
                            (sorry () 1 (Fin.succ 2).succ.succ.succ.succ.succ = 0 ∨
                              sorry () 1 (Fin.succ 2).succ.succ.succ.succ.succ = 1)) ∧
            sorry () 1 =
              sorry () 1 0 +
                (sorry () 1 1 * 2 +
                  (sorry () 1 2 * 4 +
                    (sorry () 1 (Fin.succ 2) * 8 +
                      (sorry () 1 (Fin.succ 2).succ * 16 +
                        (sorry () 1 (Fin.succ 2).succ.succ * 32 +
                          (sorry () 1 (Fin.succ 2).succ.succ.succ * 64 +
                            (sorry () 1 (Fin.succ 2).succ.succ.succ.succ * 128 +
                              sorry () 1 (Fin.succ 2).succ.succ.succ.succ.succ * 256)))))))) ∧
          (((sorry () 2 0 = 0 ∨ sorry () 2 0 = 1) ∧
                (sorry () 2 1 = 0 ∨ sorry () 2 1 = 1) ∧
                  (sorry () 2 2 = 0 ∨ sorry () 2 2 = 1) ∧
                    (sorry () 2 (Fin.succ 2) = 0 ∨ sorry () 2 (Fin.succ 2) = 1) ∧
                      (sorry () 2 (Fin.succ 2).succ = 0 ∨ sorry () 2 (Fin.succ 2).succ = 1) ∧
                        (sorry () 2 (Fin.succ 2).succ.succ = 0 ∨ sorry () 2 (Fin.succ 2).succ.succ = 1) ∧
                          (sorry () 2 (Fin.succ 2).succ.succ.succ = 0 ∨ sorry () 2 (Fin.succ 2).succ.succ.succ = 1) ∧
                            (sorry () 2 (Fin.succ 2).succ.succ.succ.succ = 0 ∨
                                sorry () 2 (Fin.succ 2).succ.succ.succ.succ = 1) ∧
                              (sorry () 2 (Fin.succ 2).succ.succ.succ.succ.succ = 0 ∨
                                sorry () 2 (Fin.succ 2).succ.succ.succ.succ.succ = 1)) ∧
              sorry () 2 =
                sorry () 2 0 +
                  (sorry () 2 1 * 2 +
                    (sorry () 2 2 * 4 +
                      (sorry () 2 (Fin.succ 2) * 8 +
                        (sorry () 2 (Fin.succ 2).succ * 16 +
                          (sorry () 2 (Fin.succ 2).succ.succ * 32 +
                            (sorry () 2 (Fin.succ 2).succ.succ.succ * 64 +
                              (sorry () 2 (Fin.succ 2).succ.succ.succ.succ * 128 +
                                sorry () 2 (Fin.succ 2).succ.succ.succ.succ.succ * 256)))))))) ∧
            (((sorry () (Fin.succ 2) 0 = 0 ∨ sorry () (Fin.succ 2) 0 = 1) ∧
                  (sorry () (Fin.succ 2) 1 = 0 ∨ sorry () (Fin.succ 2) 1 = 1) ∧
                    (sorry () (Fin.succ 2) 2 = 0 ∨ sorry () (Fin.succ 2) 2 = 1) ∧
                      (sorry () (Fin.succ 2) (Fin.succ 2) = 0 ∨ sorry () (Fin.succ 2) (Fin.succ 2) = 1) ∧
                        (sorry () (Fin.succ 2) (Fin.succ 2).succ = 0 ∨ sorry () (Fin.succ 2) (Fin.succ 2).succ = 1) ∧
                          (sorry () (Fin.succ 2) (Fin.succ 2).succ.succ = 0 ∨
                              sorry () (Fin.succ 2) (Fin.succ 2).succ.succ = 1) ∧
                            (sorry () (Fin.succ 2) (Fin.succ 2).succ.succ.succ = 0 ∨
                                sorry () (Fin.succ 2) (Fin.succ 2).succ.succ.succ = 1) ∧
                              (sorry () (Fin.succ 2) (Fin.succ 2).succ.succ.succ.succ = 0 ∨
                                  sorry () (Fin.succ 2) (Fin.succ 2).succ.succ.succ.succ = 1) ∧
                                (sorry () (Fin.succ 2) (Fin.succ 2).succ.succ.succ.succ.succ = 0 ∨
                                  sorry () (Fin.succ 2) (Fin.succ 2).succ.succ.succ.succ.succ = 1)) ∧
                sorry () (Fin.succ 2) =
                  sorry () (Fin.succ 2) 0 +
                    (sorry () (Fin.succ 2) 1 * 2 +
                      (sorry () (Fin.succ 2) 2 * 4 +
                        (sorry () (Fin.succ 2) (Fin.succ 2) * 8 +
                          (sorry () (Fin.succ 2) (Fin.succ 2).succ * 16 +
                            (sorry () (Fin.succ 2) (Fin.succ 2).succ.succ * 32 +
                              (sorry () (Fin.succ 2) (Fin.succ 2).succ.succ.succ * 64 +
                                (sorry () (Fin.succ 2) (Fin.succ 2).succ.succ.succ.succ * 128 +
                                  sorry () (Fin.succ 2) (Fin.succ 2).succ.succ.succ.succ.succ * 256)))))))) ∧
              (((sorry () (Fin.succ 2).succ 0 = 0 ∨ sorry () (Fin.succ 2).succ 0 = 1) ∧
                    (sorry () (Fin.succ 2).succ 1 = 0 ∨ sorry () (Fin.succ 2).succ 1 = 1) ∧
                      (sorry () (Fin.succ 2).succ 2 = 0 ∨ sorry () (Fin.succ 2).succ 2 = 1) ∧
                        (sorry () (Fin.succ 2).succ (Fin.succ 2) = 0 ∨ sorry () (Fin.succ 2).succ (Fin.succ 2) = 1) ∧
                          (sorry () (Fin.succ 2).succ (Fin.succ 2).succ = 0 ∨
                              sorry () (Fin.succ 2).succ (Fin.succ 2).succ = 1) ∧
                            (sorry () (Fin.succ 2).succ (Fin.succ 2).succ.succ = 0 ∨
                                sorry () (Fin.succ 2).succ (Fin.succ 2).succ.succ = 1) ∧
                              (sorry () (Fin.succ 2).succ (Fin.succ 2).succ.succ.succ = 0 ∨
                                  sorry () (Fin.succ 2).succ (Fin.succ 2).succ.succ.succ = 1) ∧
                                (sorry () (Fin.succ 2).succ (Fin.succ 2).succ.succ.succ.succ = 0 ∨
                                    sorry () (Fin.succ 2).succ (Fin.succ 2).succ.succ.succ.succ = 1) ∧
                                  (sorry () (Fin.succ 2).succ (Fin.succ 2).succ.succ.succ.succ.succ = 0 ∨
                                    sorry () (Fin.succ 2).succ (Fin.succ 2).succ.succ.succ.succ.succ = 1)) ∧
                  sorry () (Fin.succ 2).succ =
                    sorry () (Fin.succ 2).succ 0 +
                      (sorry () (Fin.succ 2).succ 1 * 2 +
                        (sorry () (Fin.succ 2).succ 2 * 4 +
                          (sorry () (Fin.succ 2).succ (Fin.succ 2) * 8 +
                            (sorry () (Fin.succ 2).succ (Fin.succ 2).succ * 16 +
                              (sorry () (Fin.succ 2).succ (Fin.succ 2).succ.succ * 32 +
                                (sorry () (Fin.succ 2).succ (Fin.succ 2).succ.succ.succ * 64 +
                                  (sorry () (Fin.succ 2).succ (Fin.succ 2).succ.succ.succ.succ * 128 +
                                    sorry () (Fin.succ 2).succ (Fin.succ 2).succ.succ.succ.succ.succ * 256)))))))) ∧
                ((sorry () (Fin.succ 2).succ.succ 0 = 0 ∨ sorry () (Fin.succ 2).succ.succ 0 = 1) ∧
                    (sorry () (Fin.succ 2).succ.succ 1 = 0 ∨ sorry () (Fin.succ 2).succ.succ 1 = 1) ∧
                      (sorry () (Fin.succ 2).succ.succ 2 = 0 ∨ sorry () (Fin.succ 2).succ.succ 2 = 1) ∧
                        (sorry () (Fin.succ 2).succ.succ (Fin.succ 2) = 0 ∨
                            sorry () (Fin.succ 2).succ.succ (Fin.succ 2) = 1) ∧
                          (sorry () (Fin.succ 2).succ.succ (Fin.succ 2).succ = 0 ∨
                              sorry () (Fin.succ 2).succ.succ (Fin.succ 2).succ = 1) ∧
                            (sorry () (Fin.succ 2).succ.succ (Fin.succ 2).succ.succ = 0 ∨
                                sorry () (Fin.succ 2).succ.succ (Fin.succ 2).succ.succ = 1) ∧
                              (sorry () (Fin.succ 2).succ.succ (Fin.succ 2).succ.succ.succ = 0 ∨
                                  sorry () (Fin.succ 2).succ.succ (Fin.succ 2).succ.succ.succ = 1) ∧
                                (sorry () (Fin.succ 2).succ.succ (Fin.succ 2).succ.succ.succ.succ = 0 ∨
                                    sorry () (Fin.succ 2).succ.succ (Fin.succ 2).succ.succ.succ.succ = 1) ∧
                                  (sorry () (Fin.succ 2).succ.succ (Fin.succ 2).succ.succ.succ.succ.succ = 0 ∨
                                    sorry () (Fin.succ 2).succ.succ (Fin.succ 2).succ.succ.succ.succ.succ = 1)) ∧
                  sorry () (Fin.succ 2).succ.succ =
                    sorry () (Fin.succ 2).succ.succ 0 +
                      (sorry () (Fin.succ 2).succ.succ 1 * 2 +
                        (sorry () (Fin.succ 2).succ.succ 2 * 4 +
                          (sorry () (Fin.succ 2).succ.succ (Fin.succ 2) * 8 +
                            (sorry () (Fin.succ 2).succ.succ (Fin.succ 2).succ * 16 +
                              (sorry () (Fin.succ 2).succ.succ (Fin.succ 2).succ.succ * 32 +
                                (sorry () (Fin.succ 2).succ.succ (Fin.succ 2).succ.succ.succ * 64 +
                                  (sorry () (Fin.succ 2).succ.succ (Fin.succ 2).succ.succ.succ.succ * 128 +
                                    sorry () (Fin.succ 2).succ.succ (Fin.succ 2).succ.succ.succ.succ.succ *
                                      256)))))))) ∧
      sorry () 0 = 0 ∧
        sorry () 1 = 0 ∧
          sorry () 2 = 0 ∧
            sorry () (Fin.succ 2) = 0 ∧ sorry () (Fin.succ 2).succ = 0 ∧ sorry () (Fin.succ 2).succ.succ = 0) ∧
    sorry () 0 = 36 ∧
      sorry () 1 = 0 ∧
        sorry () 2 = 0 ∧
          sorry () (Fin.succ 2) = 0 ∧ sorry () (Fin.succ 2).succ = 0 ∧ sorry () (Fin.succ 2).succ.succ = 0

case «9»
⊢ (((((sorry () 0 0 = 0 ∨ sorry () 0 0 = 1) ∧
            (sorry () 0 1 = 0 ∨ sorry () 0 1 = 1) ∧
              (sorry () 0 2 = 0 ∨ sorry () 0 2 = 1) ∧
                (sorry () 0 (Fin.succ 2) = 0 ∨ sorry () 0 (Fin.succ 2) = 1) ∧
                  (sorry () 0 (Fin.succ 2).succ = 0 ∨ sorry () 0 (Fin.succ 2).succ = 1) ∧
                    (sorry () 0 (Fin.succ 2).succ.succ = 0 ∨ sorry () 0 (Fin.succ 2).succ.succ = 1) ∧
                      (sorry () 0 (Fin.succ 2).succ.succ.succ = 0 ∨ sorry () 0 (Fin.succ 2).succ.succ.succ = 1) ∧
                        (sorry () 0 (Fin.succ 2).succ.succ.succ.succ = 0 ∨
                            sorry () 0 (Fin.succ 2).succ.succ.succ.succ = 1) ∧
                          (sorry () 0 (Fin.succ 2).succ.succ.succ.succ.succ = 0 ∨
                            sorry () 0 (Fin.succ 2).succ.succ.succ.succ.succ = 1)) ∧
          sorry () 0 =
            sorry () 0 0 +
              (sorry () 0 1 * 2 +
                (sorry () 0 2 * 4 +
                  (sorry () 0 (Fin.succ 2) * 8 +
                    (sorry () 0 (Fin.succ 2).succ * 16 +
                      (sorry () 0 (Fin.succ 2).succ.succ * 32 +
                        (sorry () 0 (Fin.succ 2).succ.succ.succ * 64 +
                          (sorry () 0 (Fin.succ 2).succ.succ.succ.succ * 128 +
                            sorry () 0 (Fin.succ 2).succ.succ.succ.succ.succ * 256)))))))) ∧
        (((sorry () 1 0 = 0 ∨ sorry () 1 0 = 1) ∧
              (sorry () 1 1 = 0 ∨ sorry () 1 1 = 1) ∧
                (sorry () 1 2 = 0 ∨ sorry () 1 2 = 1) ∧
                  (sorry () 1 (Fin.succ 2) = 0 ∨ sorry () 1 (Fin.succ 2) = 1) ∧
                    (sorry () 1 (Fin.succ 2).succ = 0 ∨ sorry () 1 (Fin.succ 2).succ = 1) ∧
                      (sorry () 1 (Fin.succ 2).succ.succ = 0 ∨ sorry () 1 (Fin.succ 2).succ.succ = 1) ∧
                        (sorry () 1 (Fin.succ 2).succ.succ.succ = 0 ∨ sorry () 1 (Fin.succ 2).succ.succ.succ = 1) ∧
                          (sorry () 1 (Fin.succ 2).succ.succ.succ.succ = 0 ∨
                              sorry () 1 (Fin.succ 2).succ.succ.succ.succ = 1) ∧
                            (sorry () 1 (Fin.succ 2).succ.succ.succ.succ.succ = 0 ∨
                              sorry () 1 (Fin.succ 2).succ.succ.succ.succ.succ = 1)) ∧
            sorry () 1 =
              sorry () 1 0 +
                (sorry () 1 1 * 2 +
                  (sorry () 1 2 * 4 +
                    (sorry () 1 (Fin.succ 2) * 8 +
                      (sorry () 1 (Fin.succ 2).succ * 16 +
                        (sorry () 1 (Fin.succ 2).succ.succ * 32 +
                          (sorry () 1 (Fin.succ 2).succ.succ.succ * 64 +
                            (sorry () 1 (Fin.succ 2).succ.succ.succ.succ * 128 +
                              sorry () 1 (Fin.succ 2).succ.succ.succ.succ.succ * 256)))))))) ∧
          (((sorry () 2 0 = 0 ∨ sorry () 2 0 = 1) ∧
                (sorry () 2 1 = 0 ∨ sorry () 2 1 = 1) ∧
                  (sorry () 2 2 = 0 ∨ sorry () 2 2 = 1) ∧
                    (sorry () 2 (Fin.succ 2) = 0 ∨ sorry () 2 (Fin.succ 2) = 1) ∧
                      (sorry () 2 (Fin.succ 2).succ = 0 ∨ sorry () 2 (Fin.succ 2).succ = 1) ∧
                        (sorry () 2 (Fin.succ 2).succ.succ = 0 ∨ sorry () 2 (Fin.succ 2).succ.succ = 1) ∧
                          (sorry () 2 (Fin.succ 2).succ.succ.succ = 0 ∨ sorry () 2 (Fin.succ 2).succ.succ.succ = 1) ∧
                            (sorry () 2 (Fin.succ 2).succ.succ.succ.succ = 0 ∨
                                sorry () 2 (Fin.succ 2).succ.succ.succ.succ = 1) ∧
                              (sorry () 2 (Fin.succ 2).succ.succ.succ.succ.succ = 0 ∨
                                sorry () 2 (Fin.succ 2).succ.succ.succ.succ.succ = 1)) ∧
              sorry () 2 =
                sorry () 2 0 +
                  (sorry () 2 1 * 2 +
                    (sorry () 2 2 * 4 +
                      (sorry () 2 (Fin.succ 2) * 8 +
                        (sorry () 2 (Fin.succ 2).succ * 16 +
                          (sorry () 2 (Fin.succ 2).succ.succ * 32 +
                            (sorry () 2 (Fin.succ 2).succ.succ.succ * 64 +
                              (sorry () 2 (Fin.succ 2).succ.succ.succ.succ * 128 +
                                sorry () 2 (Fin.succ 2).succ.succ.succ.succ.succ * 256)))))))) ∧
            (((sorry () (Fin.succ 2) 0 = 0 ∨ sorry () (Fin.succ 2) 0 = 1) ∧
                  (sorry () (Fin.succ 2) 1 = 0 ∨ sorry () (Fin.succ 2) 1 = 1) ∧
                    (sorry () (Fin.succ 2) 2 = 0 ∨ sorry () (Fin.succ 2) 2 = 1) ∧
                      (sorry () (Fin.succ 2) (Fin.succ 2) = 0 ∨ sorry () (Fin.succ 2) (Fin.succ 2) = 1) ∧
                        (sorry () (Fin.succ 2) (Fin.succ 2).succ = 0 ∨ sorry () (Fin.succ 2) (Fin.succ 2).succ = 1) ∧
                          (sorry () (Fin.succ 2) (Fin.succ 2).succ.succ = 0 ∨
                              sorry () (Fin.succ 2) (Fin.succ 2).succ.succ = 1) ∧
                            (sorry () (Fin.succ 2) (Fin.succ 2).succ.succ.succ = 0 ∨
                                sorry () (Fin.succ 2) (Fin.succ 2).succ.succ.succ = 1) ∧
                              (sorry () (Fin.succ 2) (Fin.succ 2).succ.succ.succ.succ = 0 ∨
                                  sorry () (Fin.succ 2) (Fin.succ 2).succ.succ.succ.succ = 1) ∧
                                (sorry () (Fin.succ 2) (Fin.succ 2).succ.succ.succ.succ.succ = 0 ∨
                                  sorry () (Fin.succ 2) (Fin.succ 2).succ.succ.succ.succ.succ = 1)) ∧
                sorry () (Fin.succ 2) =
                  sorry () (Fin.succ 2) 0 +
                    (sorry () (Fin.succ 2) 1 * 2 +
                      (sorry () (Fin.succ 2) 2 * 4 +
                        (sorry () (Fin.succ 2) (Fin.succ 2) * 8 +
                          (sorry () (Fin.succ 2) (Fin.succ 2).succ * 16 +
                            (sorry () (Fin.succ 2) (Fin.succ 2).succ.succ * 32 +
                              (sorry () (Fin.succ 2) (Fin.succ 2).succ.succ.succ * 64 +
                                (sorry () (Fin.succ 2) (Fin.succ 2).succ.succ.succ.succ * 128 +
                                  sorry () (Fin.succ 2) (Fin.succ 2).succ.succ.succ.succ.succ * 256)))))))) ∧
              (((sorry () (Fin.succ 2).succ 0 = 0 ∨ sorry () (Fin.succ 2).succ 0 = 1) ∧
                    (sorry () (Fin.succ 2).succ 1 = 0 ∨ sorry () (Fin.succ 2).succ 1 = 1) ∧
                      (sorry () (Fin.succ 2).succ 2 = 0 ∨ sorry () (Fin.succ 2).succ 2 = 1) ∧
                        (sorry () (Fin.succ 2).succ (Fin.succ 2) = 0 ∨ sorry () (Fin.succ 2).succ (Fin.succ 2) = 1) ∧
                          (sorry () (Fin.succ 2).succ (Fin.succ 2).succ = 0 ∨
                              sorry () (Fin.succ 2).succ (Fin.succ 2).succ = 1) ∧
                            (sorry () (Fin.succ 2).succ (Fin.succ 2).succ.succ = 0 ∨
                                sorry () (Fin.succ 2).succ (Fin.succ 2).succ.succ = 1) ∧
                              (sorry () (Fin.succ 2).succ (Fin.succ 2).succ.succ.succ = 0 ∨
                                  sorry () (Fin.succ 2).succ (Fin.succ 2).succ.succ.succ = 1) ∧
                                (sorry () (Fin.succ 2).succ (Fin.succ 2).succ.succ.succ.succ = 0 ∨
                                    sorry () (Fin.succ 2).succ (Fin.succ 2).succ.succ.succ.succ = 1) ∧
                                  (sorry () (Fin.succ 2).succ (Fin.succ 2).succ.succ.succ.succ.succ = 0 ∨
                                    sorry () (Fin.succ 2).succ (Fin.succ 2).succ.succ.succ.succ.succ = 1)) ∧
                  sorry () (Fin.succ 2).succ =
                    sorry () (Fin.succ 2).succ 0 +
                      (sorry () (Fin.succ 2).succ 1 * 2 +
                        (sorry () (Fin.succ 2).succ 2 * 4 +
                          (sorry () (Fin.succ 2).succ (Fin.succ 2) * 8 +
                            (sorry () (Fin.succ 2).succ (Fin.succ 2).succ * 16 +
                              (sorry () (Fin.succ 2).succ (Fin.succ 2).succ.succ * 32 +
                                (sorry () (Fin.succ 2).succ (Fin.succ 2).succ.succ.succ * 64 +
                                  (sorry () (Fin.succ 2).succ (Fin.succ 2).succ.succ.succ.succ * 128 +
                                    sorry () (Fin.succ 2).succ (Fin.succ 2).succ.succ.succ.succ.succ * 256)))))))) ∧
                ((sorry () (Fin.succ 2).succ.succ 0 = 0 ∨ sorry () (Fin.succ 2).succ.succ 0 = 1) ∧
                    (sorry () (Fin.succ 2).succ.succ 1 = 0 ∨ sorry () (Fin.succ 2).succ.succ 1 = 1) ∧
                      (sorry () (Fin.succ 2).succ.succ 2 = 0 ∨ sorry () (Fin.succ 2).succ.succ 2 = 1) ∧
                        (sorry () (Fin.succ 2).succ.succ (Fin.succ 2) = 0 ∨
                            sorry () (Fin.succ 2).succ.succ (Fin.succ 2) = 1) ∧
                          (sorry () (Fin.succ 2).succ.succ (Fin.succ 2).succ = 0 ∨
                              sorry () (Fin.succ 2).succ.succ (Fin.succ 2).succ = 1) ∧
                            (sorry () (Fin.succ 2).succ.succ (Fin.succ 2).succ.succ = 0 ∨
                                sorry () (Fin.succ 2).succ.succ (Fin.succ 2).succ.succ = 1) ∧
                              (sorry () (Fin.succ 2).succ.succ (Fin.succ 2).succ.succ.succ = 0 ∨
                                  sorry () (Fin.succ 2).succ.succ (Fin.succ 2).succ.succ.succ = 1) ∧
                                (sorry () (Fin.succ 2).succ.succ (Fin.succ 2).succ.succ.succ.succ = 0 ∨
                                    sorry () (Fin.succ 2).succ.succ (Fin.succ 2).succ.succ.succ.succ = 1) ∧
                                  (sorry () (Fin.succ 2).succ.succ (Fin.succ 2).succ.succ.succ.succ.succ = 0 ∨
                                    sorry () (Fin.succ 2).succ.succ (Fin.succ 2).succ.succ.succ.succ.succ = 1)) ∧
                  sorry () (Fin.succ 2).succ.succ =
                    sorry () (Fin.succ 2).succ.succ 0 +
                      (sorry () (Fin.succ 2).succ.succ 1 * 2 +
                        (sorry () (Fin.succ 2).succ.succ 2 * 4 +
                          (sorry () (Fin.succ 2).succ.succ (Fin.succ 2) * 8 +
                            (sorry () (Fin.succ 2).succ.succ (Fin.succ 2).succ * 16 +
                              (sorry () (Fin.succ 2).succ.succ (Fin.succ 2).succ.succ * 32 +
                                (sorry () (Fin.succ 2).succ.succ (Fin.succ 2).succ.succ.succ * 64 +
                                  (sorry () (Fin.succ 2).succ.succ (Fin.succ 2).succ.succ.succ.succ * 128 +
                                    sorry () (Fin.succ 2).succ.succ (Fin.succ 2).succ.succ.succ.succ.succ *
                                      256)))))))) ∧
      sorry () 0 = 0 ∧
        sorry () 1 = 0 ∧
          sorry () 2 = 0 ∧
            sorry () (Fin.succ 2) = 0 ∧ sorry () (Fin.succ 2).succ = 0 ∧ sorry () (Fin.succ 2).succ.succ = 0) ∧
    sorry () 0 = 36 ∧
      sorry () 1 = 0 ∧
        sorry () 2 = 0 ∧
          sorry () (Fin.succ 2) = 0 ∧ sorry () (Fin.succ 2).succ = 0 ∧ sorry () (Fin.succ 2).succ.succ = 0

case «10»
⊢ (((((sorry () 0 0 = 0 ∨ sorry () 0 0 = 1) ∧
            (sorry () 0 1 = 0 ∨ sorry () 0 1 = 1) ∧
              (sorry () 0 2 = 0 ∨ sorry () 0 2 = 1) ∧
                (sorry () 0 (Fin.succ 2) = 0 ∨ sorry () 0 (Fin.succ 2) = 1) ∧
                  (sorry () 0 (Fin.succ 2).succ = 0 ∨ sorry () 0 (Fin.succ 2).succ = 1) ∧
                    (sorry () 0 (Fin.succ 2).succ.succ = 0 ∨ sorry () 0 (Fin.succ 2).succ.succ = 1) ∧
                      (sorry () 0 (Fin.succ 2).succ.succ.succ = 0 ∨ sorry () 0 (Fin.succ 2).succ.succ.succ = 1) ∧
                        (sorry () 0 (Fin.succ 2).succ.succ.succ.succ = 0 ∨
                            sorry () 0 (Fin.succ 2).succ.succ.succ.succ = 1) ∧
                          (sorry () 0 (Fin.succ 2).succ.succ.succ.succ.succ = 0 ∨
                            sorry () 0 (Fin.succ 2).succ.succ.succ.succ.succ = 1)) ∧
          sorry () 0 =
            sorry () 0 0 +
              (sorry () 0 1 * 2 +
                (sorry () 0 2 * 4 +
                  (sorry () 0 (Fin.succ 2) * 8 +
                    (sorry () 0 (Fin.succ 2).succ * 16 +
                      (sorry () 0 (Fin.succ 2).succ.succ * 32 +
                        (sorry () 0 (Fin.succ 2).succ.succ.succ * 64 +
                          (sorry () 0 (Fin.succ 2).succ.succ.succ.succ * 128 +
                            sorry () 0 (Fin.succ 2).succ.succ.succ.succ.succ * 256)))))))) ∧
        (((sorry () 1 0 = 0 ∨ sorry () 1 0 = 1) ∧
              (sorry () 1 1 = 0 ∨ sorry () 1 1 = 1) ∧
                (sorry () 1 2 = 0 ∨ sorry () 1 2 = 1) ∧
                  (sorry () 1 (Fin.succ 2) = 0 ∨ sorry () 1 (Fin.succ 2) = 1) ∧
                    (sorry () 1 (Fin.succ 2).succ = 0 ∨ sorry () 1 (Fin.succ 2).succ = 1) ∧
                      (sorry () 1 (Fin.succ 2).succ.succ = 0 ∨ sorry () 1 (Fin.succ 2).succ.succ = 1) ∧
                        (sorry () 1 (Fin.succ 2).succ.succ.succ = 0 ∨ sorry () 1 (Fin.succ 2).succ.succ.succ = 1) ∧
                          (sorry () 1 (Fin.succ 2).succ.succ.succ.succ = 0 ∨
                              sorry () 1 (Fin.succ 2).succ.succ.succ.succ = 1) ∧
                            (sorry () 1 (Fin.succ 2).succ.succ.succ.succ.succ = 0 ∨
                              sorry () 1 (Fin.succ 2).succ.succ.succ.succ.succ = 1)) ∧
            sorry () 1 =
              sorry () 1 0 +
                (sorry () 1 1 * 2 +
                  (sorry () 1 2 * 4 +
                    (sorry () 1 (Fin.succ 2) * 8 +
                      (sorry () 1 (Fin.succ 2).succ * 16 +
                        (sorry () 1 (Fin.succ 2).succ.succ * 32 +
                          (sorry () 1 (Fin.succ 2).succ.succ.succ * 64 +
                            (sorry () 1 (Fin.succ 2).succ.succ.succ.succ * 128 +
                              sorry () 1 (Fin.succ 2).succ.succ.succ.succ.succ * 256)))))))) ∧
          (((sorry () 2 0 = 0 ∨ sorry () 2 0 = 1) ∧
                (sorry () 2 1 = 0 ∨ sorry () 2 1 = 1) ∧
                  (sorry () 2 2 = 0 ∨ sorry () 2 2 = 1) ∧
                    (sorry () 2 (Fin.succ 2) = 0 ∨ sorry () 2 (Fin.succ 2) = 1) ∧
                      (sorry () 2 (Fin.succ 2).succ = 0 ∨ sorry () 2 (Fin.succ 2).succ = 1) ∧
                        (sorry () 2 (Fin.succ 2).succ.succ = 0 ∨ sorry () 2 (Fin.succ 2).succ.succ = 1) ∧
                          (sorry () 2 (Fin.succ 2).succ.succ.succ = 0 ∨ sorry () 2 (Fin.succ 2).succ.succ.succ = 1) ∧
                            (sorry () 2 (Fin.succ 2).succ.succ.succ.succ = 0 ∨
                                sorry () 2 (Fin.succ 2).succ.succ.succ.succ = 1) ∧
                              (sorry () 2 (Fin.succ 2).succ.succ.succ.succ.succ = 0 ∨
                                sorry () 2 (Fin.succ 2).succ.succ.succ.succ.succ = 1)) ∧
              sorry () 2 =
                sorry () 2 0 +
                  (sorry () 2 1 * 2 +
                    (sorry () 2 2 * 4 +
                      (sorry () 2 (Fin.succ 2) * 8 +
                        (sorry () 2 (Fin.succ 2).succ * 16 +
                          (sorry () 2 (Fin.succ 2).succ.succ * 32 +
                            (sorry () 2 (Fin.succ 2).succ.succ.succ * 64 +
                              (sorry () 2 (Fin.succ 2).succ.succ.succ.succ * 128 +
                                sorry () 2 (Fin.succ 2).succ.succ.succ.succ.succ * 256)))))))) ∧
            (((sorry () (Fin.succ 2) 0 = 0 ∨ sorry () (Fin.succ 2) 0 = 1) ∧
                  (sorry () (Fin.succ 2) 1 = 0 ∨ sorry () (Fin.succ 2) 1 = 1) ∧
                    (sorry () (Fin.succ 2) 2 = 0 ∨ sorry () (Fin.succ 2) 2 = 1) ∧
                      (sorry () (Fin.succ 2) (Fin.succ 2) = 0 ∨ sorry () (Fin.succ 2) (Fin.succ 2) = 1) ∧
                        (sorry () (Fin.succ 2) (Fin.succ 2).succ = 0 ∨ sorry () (Fin.succ 2) (Fin.succ 2).succ = 1) ∧
                          (sorry () (Fin.succ 2) (Fin.succ 2).succ.succ = 0 ∨
                              sorry () (Fin.succ 2) (Fin.succ 2).succ.succ = 1) ∧
                            (sorry () (Fin.succ 2) (Fin.succ 2).succ.succ.succ = 0 ∨
                                sorry () (Fin.succ 2) (Fin.succ 2).succ.succ.succ = 1) ∧
                              (sorry () (Fin.succ 2) (Fin.succ 2).succ.succ.succ.succ = 0 ∨
                                  sorry () (Fin.succ 2) (Fin.succ 2).succ.succ.succ.succ = 1) ∧
                                (sorry () (Fin.succ 2) (Fin.succ 2).succ.succ.succ.succ.succ = 0 ∨
                                  sorry () (Fin.succ 2) (Fin.succ 2).succ.succ.succ.succ.succ = 1)) ∧
                sorry () (Fin.succ 2) =
                  sorry () (Fin.succ 2) 0 +
                    (sorry () (Fin.succ 2) 1 * 2 +
                      (sorry () (Fin.succ 2) 2 * 4 +
                        (sorry () (Fin.succ 2) (Fin.succ 2) * 8 +
                          (sorry () (Fin.succ 2) (Fin.succ 2).succ * 16 +
                            (sorry () (Fin.succ 2) (Fin.succ 2).succ.succ * 32 +
                              (sorry () (Fin.succ 2) (Fin.succ 2).succ.succ.succ * 64 +
                                (sorry () (Fin.succ 2) (Fin.succ 2).succ.succ.succ.succ * 128 +
                                  sorry () (Fin.succ 2) (Fin.succ 2).succ.succ.succ.succ.succ * 256)))))))) ∧
              (((sorry () (Fin.succ 2).succ 0 = 0 ∨ sorry () (Fin.succ 2).succ 0 = 1) ∧
                    (sorry () (Fin.succ 2).succ 1 = 0 ∨ sorry () (Fin.succ 2).succ 1 = 1) ∧
                      (sorry () (Fin.succ 2).succ 2 = 0 ∨ sorry () (Fin.succ 2).succ 2 = 1) ∧
                        (sorry () (Fin.succ 2).succ (Fin.succ 2) = 0 ∨ sorry () (Fin.succ 2).succ (Fin.succ 2) = 1) ∧
                          (sorry () (Fin.succ 2).succ (Fin.succ 2).succ = 0 ∨
                              sorry () (Fin.succ 2).succ (Fin.succ 2).succ = 1) ∧
                            (sorry () (Fin.succ 2).succ (Fin.succ 2).succ.succ = 0 ∨
                                sorry () (Fin.succ 2).succ (Fin.succ 2).succ.succ = 1) ∧
                              (sorry () (Fin.succ 2).succ (Fin.succ 2).succ.succ.succ = 0 ∨
                                  sorry () (Fin.succ 2).succ (Fin.succ 2).succ.succ.succ = 1) ∧
                                (sorry () (Fin.succ 2).succ (Fin.succ 2).succ.succ.succ.succ = 0 ∨
                                    sorry () (Fin.succ 2).succ (Fin.succ 2).succ.succ.succ.succ = 1) ∧
                                  (sorry () (Fin.succ 2).succ (Fin.succ 2).succ.succ.succ.succ.succ = 0 ∨
                                    sorry () (Fin.succ 2).succ (Fin.succ 2).succ.succ.succ.succ.succ = 1)) ∧
                  sorry () (Fin.succ 2).succ =
                    sorry () (Fin.succ 2).succ 0 +
                      (sorry () (Fin.succ 2).succ 1 * 2 +
                        (sorry () (Fin.succ 2).succ 2 * 4 +
                          (sorry () (Fin.succ 2).succ (Fin.succ 2) * 8 +
                            (sorry () (Fin.succ 2).succ (Fin.succ 2).succ * 16 +
                              (sorry () (Fin.succ 2).succ (Fin.succ 2).succ.succ * 32 +
                                (sorry () (Fin.succ 2).succ (Fin.succ 2).succ.succ.succ * 64 +
                                  (sorry () (Fin.succ 2).succ (Fin.succ 2).succ.succ.succ.succ * 128 +
                                    sorry () (Fin.succ 2).succ (Fin.succ 2).succ.succ.succ.succ.succ * 256)))))))) ∧
                ((sorry () (Fin.succ 2).succ.succ 0 = 0 ∨ sorry () (Fin.succ 2).succ.succ 0 = 1) ∧
                    (sorry () (Fin.succ 2).succ.succ 1 = 0 ∨ sorry () (Fin.succ 2).succ.succ 1 = 1) ∧
                      (sorry () (Fin.succ 2).succ.succ 2 = 0 ∨ sorry () (Fin.succ 2).succ.succ 2 = 1) ∧
                        (sorry () (Fin.succ 2).succ.succ (Fin.succ 2) = 0 ∨
                            sorry () (Fin.succ 2).succ.succ (Fin.succ 2) = 1) ∧
                          (sorry () (Fin.succ 2).succ.succ (Fin.succ 2).succ = 0 ∨
                              sorry () (Fin.succ 2).succ.succ (Fin.succ 2).succ = 1) ∧
                            (sorry () (Fin.succ 2).succ.succ (Fin.succ 2).succ.succ = 0 ∨
                                sorry () (Fin.succ 2).succ.succ (Fin.succ 2).succ.succ = 1) ∧
                              (sorry () (Fin.succ 2).succ.succ (Fin.succ 2).succ.succ.succ = 0 ∨
                                  sorry () (Fin.succ 2).succ.succ (Fin.succ 2).succ.succ.succ = 1) ∧
                                (sorry () (Fin.succ 2).succ.succ (Fin.succ 2).succ.succ.succ.succ = 0 ∨
                                    sorry () (Fin.succ 2).succ.succ (Fin.succ 2).succ.succ.succ.succ = 1) ∧
                                  (sorry () (Fin.succ 2).succ.succ (Fin.succ 2).succ.succ.succ.succ.succ = 0 ∨
                                    sorry () (Fin.succ 2).succ.succ (Fin.succ 2).succ.succ.succ.succ.succ = 1)) ∧
                  sorry () (Fin.succ 2).succ.succ =
                    sorry () (Fin.succ 2).succ.succ 0 +
                      (sorry () (Fin.succ 2).succ.succ 1 * 2 +
                        (sorry () (Fin.succ 2).succ.succ 2 * 4 +
                          (sorry () (Fin.succ 2).succ.succ (Fin.succ 2) * 8 +
                            (sorry () (Fin.succ 2).succ.succ (Fin.succ 2).succ * 16 +
                              (sorry () (Fin.succ 2).succ.succ (Fin.succ 2).succ.succ * 32 +
                                (sorry () (Fin.succ 2).succ.succ (Fin.succ 2).succ.succ.succ * 64 +
                                  (sorry () (Fin.succ 2).succ.succ (Fin.succ 2).succ.succ.succ.succ * 128 +
                                    sorry () (Fin.succ 2).succ.succ (Fin.succ 2).succ.succ.succ.succ.succ *
                                      256)))))))) ∧
      sorry () 0 = 0 ∧
        sorry () 1 = 0 ∧
          sorry () 2 = 0 ∧
            sorry () (Fin.succ 2) = 0 ∧ sorry () (Fin.succ 2).succ = 0 ∧ sorry () (Fin.succ 2).succ.succ = 0) ∧
    sorry () 0 = 36 ∧
      sorry () 1 = 0 ∧
        sorry () 2 = 0 ∧
          sorry () (Fin.succ 2) = 0 ∧ sorry () (Fin.succ 2).succ = 0 ∧ sorry () (Fin.succ 2).succ.succ = 0

case «11»
⊢ (((((sorry () 0 0 = 0 ∨ sorry () 0 0 = 1) ∧
            (sorry () 0 1 = 0 ∨ sorry () 0 1 = 1) ∧
              (sorry () 0 2 = 0 ∨ sorry () 0 2 = 1) ∧
                (sorry () 0 (Fin.succ 2) = 0 ∨ sorry () 0 (Fin.succ 2) = 1) ∧
                  (sorry () 0 (Fin.succ 2).succ = 0 ∨ sorry () 0 (Fin.succ 2).succ = 1) ∧
                    (sorry () 0 (Fin.succ 2).succ.succ = 0 ∨ sorry () 0 (Fin.succ 2).succ.succ = 1) ∧
                      (sorry () 0 (Fin.succ 2).succ.succ.succ = 0 ∨ sorry () 0 (Fin.succ 2).succ.succ.succ = 1) ∧
                        (sorry () 0 (Fin.succ 2).succ.succ.succ.succ = 0 ∨
                            sorry () 0 (Fin.succ 2).succ.succ.succ.succ = 1) ∧
                          (sorry () 0 (Fin.succ 2).succ.succ.succ.succ.succ = 0 ∨
                            sorry () 0 (Fin.succ 2).succ.succ.succ.succ.succ = 1)) ∧
          sorry () 0 =
            sorry () 0 0 +
              (sorry () 0 1 * 2 +
                (sorry () 0 2 * 4 +
                  (sorry () 0 (Fin.succ 2) * 8 +
                    (sorry () 0 (Fin.succ 2).succ * 16 +
                      (sorry () 0 (Fin.succ 2).succ.succ * 32 +
                        (sorry () 0 (Fin.succ 2).succ.succ.succ * 64 +
                          (sorry () 0 (Fin.succ 2).succ.succ.succ.succ * 128 +
                            sorry () 0 (Fin.succ 2).succ.succ.succ.succ.succ * 256)))))))) ∧
        (((sorry () 1 0 = 0 ∨ sorry () 1 0 = 1) ∧
              (sorry () 1 1 = 0 ∨ sorry () 1 1 = 1) ∧
                (sorry () 1 2 = 0 ∨ sorry () 1 2 = 1) ∧
                  (sorry () 1 (Fin.succ 2) = 0 ∨ sorry () 1 (Fin.succ 2) = 1) ∧
                    (sorry () 1 (Fin.succ 2).succ = 0 ∨ sorry () 1 (Fin.succ 2).succ = 1) ∧
                      (sorry () 1 (Fin.succ 2).succ.succ = 0 ∨ sorry () 1 (Fin.succ 2).succ.succ = 1) ∧
                        (sorry () 1 (Fin.succ 2).succ.succ.succ = 0 ∨ sorry () 1 (Fin.succ 2).succ.succ.succ = 1) ∧
                          (sorry () 1 (Fin.succ 2).succ.succ.succ.succ = 0 ∨
                              sorry () 1 (Fin.succ 2).succ.succ.succ.succ = 1) ∧
                            (sorry () 1 (Fin.succ 2).succ.succ.succ.succ.succ = 0 ∨
                              sorry () 1 (Fin.succ 2).succ.succ.succ.succ.succ = 1)) ∧
            sorry () 1 =
              sorry () 1 0 +
                (sorry () 1 1 * 2 +
                  (sorry () 1 2 * 4 +
                    (sorry () 1 (Fin.succ 2) * 8 +
                      (sorry () 1 (Fin.succ 2).succ * 16 +
                        (sorry () 1 (Fin.succ 2).succ.succ * 32 +
                          (sorry () 1 (Fin.succ 2).succ.succ.succ * 64 +
                            (sorry () 1 (Fin.succ 2).succ.succ.succ.succ * 128 +
                              sorry () 1 (Fin.succ 2).succ.succ.succ.succ.succ * 256)))))))) ∧
          (((sorry () 2 0 = 0 ∨ sorry () 2 0 = 1) ∧
                (sorry () 2 1 = 0 ∨ sorry () 2 1 = 1) ∧
                  (sorry () 2 2 = 0 ∨ sorry () 2 2 = 1) ∧
                    (sorry () 2 (Fin.succ 2) = 0 ∨ sorry () 2 (Fin.succ 2) = 1) ∧
                      (sorry () 2 (Fin.succ 2).succ = 0 ∨ sorry () 2 (Fin.succ 2).succ = 1) ∧
                        (sorry () 2 (Fin.succ 2).succ.succ = 0 ∨ sorry () 2 (Fin.succ 2).succ.succ = 1) ∧
                          (sorry () 2 (Fin.succ 2).succ.succ.succ = 0 ∨ sorry () 2 (Fin.succ 2).succ.succ.succ = 1) ∧
                            (sorry () 2 (Fin.succ 2).succ.succ.succ.succ = 0 ∨
                                sorry () 2 (Fin.succ 2).succ.succ.succ.succ = 1) ∧
                              (sorry () 2 (Fin.succ 2).succ.succ.succ.succ.succ = 0 ∨
                                sorry () 2 (Fin.succ 2).succ.succ.succ.succ.succ = 1)) ∧
              sorry () 2 =
                sorry () 2 0 +
                  (sorry () 2 1 * 2 +
                    (sorry () 2 2 * 4 +
                      (sorry () 2 (Fin.succ 2) * 8 +
                        (sorry () 2 (Fin.succ 2).succ * 16 +
                          (sorry () 2 (Fin.succ 2).succ.succ * 32 +
                            (sorry () 2 (Fin.succ 2).succ.succ.succ * 64 +
                              (sorry () 2 (Fin.succ 2).succ.succ.succ.succ * 128 +
                                sorry () 2 (Fin.succ 2).succ.succ.succ.succ.succ * 256)))))))) ∧
            (((sorry () (Fin.succ 2) 0 = 0 ∨ sorry () (Fin.succ 2) 0 = 1) ∧
                  (sorry () (Fin.succ 2) 1 = 0 ∨ sorry () (Fin.succ 2) 1 = 1) ∧
                    (sorry () (Fin.succ 2) 2 = 0 ∨ sorry () (Fin.succ 2) 2 = 1) ∧
                      (sorry () (Fin.succ 2) (Fin.succ 2) = 0 ∨ sorry () (Fin.succ 2) (Fin.succ 2) = 1) ∧
                        (sorry () (Fin.succ 2) (Fin.succ 2).succ = 0 ∨ sorry () (Fin.succ 2) (Fin.succ 2).succ = 1) ∧
                          (sorry () (Fin.succ 2) (Fin.succ 2).succ.succ = 0 ∨
                              sorry () (Fin.succ 2) (Fin.succ 2).succ.succ = 1) ∧
                            (sorry () (Fin.succ 2) (Fin.succ 2).succ.succ.succ = 0 ∨
                                sorry () (Fin.succ 2) (Fin.succ 2).succ.succ.succ = 1) ∧
                              (sorry () (Fin.succ 2) (Fin.succ 2).succ.succ.succ.succ = 0 ∨
                                  sorry () (Fin.succ 2) (Fin.succ 2).succ.succ.succ.succ = 1) ∧
                                (sorry () (Fin.succ 2) (Fin.succ 2).succ.succ.succ.succ.succ = 0 ∨
                                  sorry () (Fin.succ 2) (Fin.succ 2).succ.succ.succ.succ.succ = 1)) ∧
                sorry () (Fin.succ 2) =
                  sorry () (Fin.succ 2) 0 +
                    (sorry () (Fin.succ 2) 1 * 2 +
                      (sorry () (Fin.succ 2) 2 * 4 +
                        (sorry () (Fin.succ 2) (Fin.succ 2) * 8 +
                          (sorry () (Fin.succ 2) (Fin.succ 2).succ * 16 +
                            (sorry () (Fin.succ 2) (Fin.succ 2).succ.succ * 32 +
                              (sorry () (Fin.succ 2) (Fin.succ 2).succ.succ.succ * 64 +
                                (sorry () (Fin.succ 2) (Fin.succ 2).succ.succ.succ.succ * 128 +
                                  sorry () (Fin.succ 2) (Fin.succ 2).succ.succ.succ.succ.succ * 256)))))))) ∧
              (((sorry () (Fin.succ 2).succ 0 = 0 ∨ sorry () (Fin.succ 2).succ 0 = 1) ∧
                    (sorry () (Fin.succ 2).succ 1 = 0 ∨ sorry () (Fin.succ 2).succ 1 = 1) ∧
                      (sorry () (Fin.succ 2).succ 2 = 0 ∨ sorry () (Fin.succ 2).succ 2 = 1) ∧
                        (sorry () (Fin.succ 2).succ (Fin.succ 2) = 0 ∨ sorry () (Fin.succ 2).succ (Fin.succ 2) = 1) ∧
                          (sorry () (Fin.succ 2).succ (Fin.succ 2).succ = 0 ∨
                              sorry () (Fin.succ 2).succ (Fin.succ 2).succ = 1) ∧
                            (sorry () (Fin.succ 2).succ (Fin.succ 2).succ.succ = 0 ∨
                                sorry () (Fin.succ 2).succ (Fin.succ 2).succ.succ = 1) ∧
                              (sorry () (Fin.succ 2).succ (Fin.succ 2).succ.succ.succ = 0 ∨
                                  sorry () (Fin.succ 2).succ (Fin.succ 2).succ.succ.succ = 1) ∧
                                (sorry () (Fin.succ 2).succ (Fin.succ 2).succ.succ.succ.succ = 0 ∨
                                    sorry () (Fin.succ 2).succ (Fin.succ 2).succ.succ.succ.succ = 1) ∧
                                  (sorry () (Fin.succ 2).succ (Fin.succ 2).succ.succ.succ.succ.succ = 0 ∨
                                    sorry () (Fin.succ 2).succ (Fin.succ 2).succ.succ.succ.succ.succ = 1)) ∧
                  sorry () (Fin.succ 2).succ =
                    sorry () (Fin.succ 2).succ 0 +
                      (sorry () (Fin.succ 2).succ 1 * 2 +
                        (sorry () (Fin.succ 2).succ 2 * 4 +
                          (sorry () (Fin.succ 2).succ (Fin.succ 2) * 8 +
                            (sorry () (Fin.succ 2).succ (Fin.succ 2).succ * 16 +
                              (sorry () (Fin.succ 2).succ (Fin.succ 2).succ.succ * 32 +
                                (sorry () (Fin.succ 2).succ (Fin.succ 2).succ.succ.succ * 64 +
                                  (sorry () (Fin.succ 2).succ (Fin.succ 2).succ.succ.succ.succ * 128 +
                                    sorry () (Fin.succ 2).succ (Fin.succ 2).succ.succ.succ.succ.succ * 256)))))))) ∧
                ((sorry () (Fin.succ 2).succ.succ 0 = 0 ∨ sorry () (Fin.succ 2).succ.succ 0 = 1) ∧
                    (sorry () (Fin.succ 2).succ.succ 1 = 0 ∨ sorry () (Fin.succ 2).succ.succ 1 = 1) ∧
                      (sorry () (Fin.succ 2).succ.succ 2 = 0 ∨ sorry () (Fin.succ 2).succ.succ 2 = 1) ∧
                        (sorry () (Fin.succ 2).succ.succ (Fin.succ 2) = 0 ∨
                            sorry () (Fin.succ 2).succ.succ (Fin.succ 2) = 1) ∧
                          (sorry () (Fin.succ 2).succ.succ (Fin.succ 2).succ = 0 ∨
                              sorry () (Fin.succ 2).succ.succ (Fin.succ 2).succ = 1) ∧
                            (sorry () (Fin.succ 2).succ.succ (Fin.succ 2).succ.succ = 0 ∨
                                sorry () (Fin.succ 2).succ.succ (Fin.succ 2).succ.succ = 1) ∧
                              (sorry () (Fin.succ 2).succ.succ (Fin.succ 2).succ.succ.succ = 0 ∨
                                  sorry () (Fin.succ 2).succ.succ (Fin.succ 2).succ.succ.succ = 1) ∧
                                (sorry () (Fin.succ 2).succ.succ (Fin.succ 2).succ.succ.succ.succ = 0 ∨
                                    sorry () (Fin.succ 2).succ.succ (Fin.succ 2).succ.succ.succ.succ = 1) ∧
                                  (sorry () (Fin.succ 2).succ.succ (Fin.succ 2).succ.succ.succ.succ.succ = 0 ∨
                                    sorry () (Fin.succ 2).succ.succ (Fin.succ 2).succ.succ.succ.succ.succ = 1)) ∧
                  sorry () (Fin.succ 2).succ.succ =
                    sorry () (Fin.succ 2).succ.succ 0 +
                      (sorry () (Fin.succ 2).succ.succ 1 * 2 +
                        (sorry () (Fin.succ 2).succ.succ 2 * 4 +
                          (sorry () (Fin.succ 2).succ.succ (Fin.succ 2) * 8 +
                            (sorry () (Fin.succ 2).succ.succ (Fin.succ 2).succ * 16 +
                              (sorry () (Fin.succ 2).succ.succ (Fin.succ 2).succ.succ * 32 +
                                (sorry () (Fin.succ 2).succ.succ (Fin.succ 2).succ.succ.succ * 64 +
                                  (sorry () (Fin.succ 2).succ.succ (Fin.succ 2).succ.succ.succ.succ * 128 +
                                    sorry () (Fin.succ 2).succ.succ (Fin.succ 2).succ.succ.succ.succ.succ *
                                      256)))))))) ∧
      sorry () 0 = 0 ∧
        sorry () 1 = 0 ∧
          sorry () 2 = 0 ∧
            sorry () (Fin.succ 2) = 0 ∧ sorry () (Fin.succ 2).succ = 0 ∧ sorry () (Fin.succ 2).succ.succ = 0) ∧
    sorry () 0 = 36 ∧
      sorry () 1 = 0 ∧
        sorry () 2 = 0 ∧
          sorry () (Fin.succ 2) = 0 ∧ sorry () (Fin.succ 2).succ = 0 ∧ sorry () (Fin.succ 2).succ.succ = 0

case «12»
⊢ (((((sorry () 0 0 = 0 ∨ sorry () 0 0 = 1) ∧
            (sorry () 0 1 = 0 ∨ sorry () 0 1 = 1) ∧
              (sorry () 0 2 = 0 ∨ sorry () 0 2 = 1) ∧
                (sorry () 0 (Fin.succ 2) = 0 ∨ sorry () 0 (Fin.succ 2) = 1) ∧
                  (sorry () 0 (Fin.succ 2).succ = 0 ∨ sorry () 0 (Fin.succ 2).succ = 1) ∧
                    (sorry () 0 (Fin.succ 2).succ.succ = 0 ∨ sorry () 0 (Fin.succ 2).succ.succ = 1) ∧
                      (sorry () 0 (Fin.succ 2).succ.succ.succ = 0 ∨ sorry () 0 (Fin.succ 2).succ.succ.succ = 1) ∧
                        (sorry () 0 (Fin.succ 2).succ.succ.succ.succ = 0 ∨
                            sorry () 0 (Fin.succ 2).succ.succ.succ.succ = 1) ∧
                          (sorry () 0 (Fin.succ 2).succ.succ.succ.succ.succ = 0 ∨
                            sorry () 0 (Fin.succ 2).succ.succ.succ.succ.succ = 1)) ∧
          sorry () 0 =
            sorry () 0 0 +
              (sorry () 0 1 * 2 +
                (sorry () 0 2 * 4 +
                  (sorry () 0 (Fin.succ 2) * 8 +
                    (sorry () 0 (Fin.succ 2).succ * 16 +
                      (sorry () 0 (Fin.succ 2).succ.succ * 32 +
                        (sorry () 0 (Fin.succ 2).succ.succ.succ * 64 +
                          (sorry () 0 (Fin.succ 2).succ.succ.succ.succ * 128 +
                            sorry () 0 (Fin.succ 2).succ.succ.succ.succ.succ * 256)))))))) ∧
        (((sorry () 1 0 = 0 ∨ sorry () 1 0 = 1) ∧
              (sorry () 1 1 = 0 ∨ sorry () 1 1 = 1) ∧
                (sorry () 1 2 = 0 ∨ sorry () 1 2 = 1) ∧
                  (sorry () 1 (Fin.succ 2) = 0 ∨ sorry () 1 (Fin.succ 2) = 1) ∧
                    (sorry () 1 (Fin.succ 2).succ = 0 ∨ sorry () 1 (Fin.succ 2).succ = 1) ∧
                      (sorry () 1 (Fin.succ 2).succ.succ = 0 ∨ sorry () 1 (Fin.succ 2).succ.succ = 1) ∧
                        (sorry () 1 (Fin.succ 2).succ.succ.succ = 0 ∨ sorry () 1 (Fin.succ 2).succ.succ.succ = 1) ∧
                          (sorry () 1 (Fin.succ 2).succ.succ.succ.succ = 0 ∨
                              sorry () 1 (Fin.succ 2).succ.succ.succ.succ = 1) ∧
                            (sorry () 1 (Fin.succ 2).succ.succ.succ.succ.succ = 0 ∨
                              sorry () 1 (Fin.succ 2).succ.succ.succ.succ.succ = 1)) ∧
            sorry () 1 =
              sorry () 1 0 +
                (sorry () 1 1 * 2 +
                  (sorry () 1 2 * 4 +
                    (sorry () 1 (Fin.succ 2) * 8 +
                      (sorry () 1 (Fin.succ 2).succ * 16 +
                        (sorry () 1 (Fin.succ 2).succ.succ * 32 +
                          (sorry () 1 (Fin.succ 2).succ.succ.succ * 64 +
                            (sorry () 1 (Fin.succ 2).succ.succ.succ.succ * 128 +
                              sorry () 1 (Fin.succ 2).succ.succ.succ.succ.succ * 256)))))))) ∧
          (((sorry () 2 0 = 0 ∨ sorry () 2 0 = 1) ∧
                (sorry () 2 1 = 0 ∨ sorry () 2 1 = 1) ∧
                  (sorry () 2 2 = 0 ∨ sorry () 2 2 = 1) ∧
                    (sorry () 2 (Fin.succ 2) = 0 ∨ sorry () 2 (Fin.succ 2) = 1) ∧
                      (sorry () 2 (Fin.succ 2).succ = 0 ∨ sorry () 2 (Fin.succ 2).succ = 1) ∧
                        (sorry () 2 (Fin.succ 2).succ.succ = 0 ∨ sorry () 2 (Fin.succ 2).succ.succ = 1) ∧
                          (sorry () 2 (Fin.succ 2).succ.succ.succ = 0 ∨ sorry () 2 (Fin.succ 2).succ.succ.succ = 1) ∧
                            (sorry () 2 (Fin.succ 2).succ.succ.succ.succ = 0 ∨
                                sorry () 2 (Fin.succ 2).succ.succ.succ.succ = 1) ∧
                              (sorry () 2 (Fin.succ 2).succ.succ.succ.succ.succ = 0 ∨
                                sorry () 2 (Fin.succ 2).succ.succ.succ.succ.succ = 1)) ∧
              sorry () 2 =
                sorry () 2 0 +
                  (sorry () 2 1 * 2 +
                    (sorry () 2 2 * 4 +
                      (sorry () 2 (Fin.succ 2) * 8 +
                        (sorry () 2 (Fin.succ 2).succ * 16 +
                          (sorry () 2 (Fin.succ 2).succ.succ * 32 +
                            (sorry () 2 (Fin.succ 2).succ.succ.succ * 64 +
                              (sorry () 2 (Fin.succ 2).succ.succ.succ.succ * 128 +
                                sorry () 2 (Fin.succ 2).succ.succ.succ.succ.succ * 256)))))))) ∧
            (((sorry () (Fin.succ 2) 0 = 0 ∨ sorry () (Fin.succ 2) 0 = 1) ∧
                  (sorry () (Fin.succ 2) 1 = 0 ∨ sorry () (Fin.succ 2) 1 = 1) ∧
                    (sorry () (Fin.succ 2) 2 = 0 ∨ sorry () (Fin.succ 2) 2 = 1) ∧
                      (sorry () (Fin.succ 2) (Fin.succ 2) = 0 ∨ sorry () (Fin.succ 2) (Fin.succ 2) = 1) ∧
                        (sorry () (Fin.succ 2) (Fin.succ 2).succ = 0 ∨ sorry () (Fin.succ 2) (Fin.succ 2).succ = 1) ∧
                          (sorry () (Fin.succ 2) (Fin.succ 2).succ.succ = 0 ∨
                              sorry () (Fin.succ 2) (Fin.succ 2).succ.succ = 1) ∧
                            (sorry () (Fin.succ 2) (Fin.succ 2).succ.succ.succ = 0 ∨
                                sorry () (Fin.succ 2) (Fin.succ 2).succ.succ.succ = 1) ∧
                              (sorry () (Fin.succ 2) (Fin.succ 2).succ.succ.succ.succ = 0 ∨
                                  sorry () (Fin.succ 2) (Fin.succ 2).succ.succ.succ.succ = 1) ∧
                                (sorry () (Fin.succ 2) (Fin.succ 2).succ.succ.succ.succ.succ = 0 ∨
                                  sorry () (Fin.succ 2) (Fin.succ 2).succ.succ.succ.succ.succ = 1)) ∧
                sorry () (Fin.succ 2) =
                  sorry () (Fin.succ 2) 0 +
                    (sorry () (Fin.succ 2) 1 * 2 +
                      (sorry () (Fin.succ 2) 2 * 4 +
                        (sorry () (Fin.succ 2) (Fin.succ 2) * 8 +
                          (sorry () (Fin.succ 2) (Fin.succ 2).succ * 16 +
                            (sorry () (Fin.succ 2) (Fin.succ 2).succ.succ * 32 +
                              (sorry () (Fin.succ 2) (Fin.succ 2).succ.succ.succ * 64 +
                                (sorry () (Fin.succ 2) (Fin.succ 2).succ.succ.succ.succ * 128 +
                                  sorry () (Fin.succ 2) (Fin.succ 2).succ.succ.succ.succ.succ * 256)))))))) ∧
              (((sorry () (Fin.succ 2).succ 0 = 0 ∨ sorry () (Fin.succ 2).succ 0 = 1) ∧
                    (sorry () (Fin.succ 2).succ 1 = 0 ∨ sorry () (Fin.succ 2).succ 1 = 1) ∧
                      (sorry () (Fin.succ 2).succ 2 = 0 ∨ sorry () (Fin.succ 2).succ 2 = 1) ∧
                        (sorry () (Fin.succ 2).succ (Fin.succ 2) = 0 ∨ sorry () (Fin.succ 2).succ (Fin.succ 2) = 1) ∧
                          (sorry () (Fin.succ 2).succ (Fin.succ 2).succ = 0 ∨
                              sorry () (Fin.succ 2).succ (Fin.succ 2).succ = 1) ∧
                            (sorry () (Fin.succ 2).succ (Fin.succ 2).succ.succ = 0 ∨
                                sorry () (Fin.succ 2).succ (Fin.succ 2).succ.succ = 1) ∧
                              (sorry () (Fin.succ 2).succ (Fin.succ 2).succ.succ.succ = 0 ∨
                                  sorry () (Fin.succ 2).succ (Fin.succ 2).succ.succ.succ = 1) ∧
                                (sorry () (Fin.succ 2).succ (Fin.succ 2).succ.succ.succ.succ = 0 ∨
                                    sorry () (Fin.succ 2).succ (Fin.succ 2).succ.succ.succ.succ = 1) ∧
                                  (sorry () (Fin.succ 2).succ (Fin.succ 2).succ.succ.succ.succ.succ = 0 ∨
                                    sorry () (Fin.succ 2).succ (Fin.succ 2).succ.succ.succ.succ.succ = 1)) ∧
                  sorry () (Fin.succ 2).succ =
                    sorry () (Fin.succ 2).succ 0 +
                      (sorry () (Fin.succ 2).succ 1 * 2 +
                        (sorry () (Fin.succ 2).succ 2 * 4 +
                          (sorry () (Fin.succ 2).succ (Fin.succ 2) * 8 +
                            (sorry () (Fin.succ 2).succ (Fin.succ 2).succ * 16 +
                              (sorry () (Fin.succ 2).succ (Fin.succ 2).succ.succ * 32 +
                                (sorry () (Fin.succ 2).succ (Fin.succ 2).succ.succ.succ * 64 +
                                  (sorry () (Fin.succ 2).succ (Fin.succ 2).succ.succ.succ.succ * 128 +
                                    sorry () (Fin.succ 2).succ (Fin.succ 2).succ.succ.succ.succ.succ * 256)))))))) ∧
                ((sorry () (Fin.succ 2).succ.succ 0 = 0 ∨ sorry () (Fin.succ 2).succ.succ 0 = 1) ∧
                    (sorry () (Fin.succ 2).succ.succ 1 = 0 ∨ sorry () (Fin.succ 2).succ.succ 1 = 1) ∧
                      (sorry () (Fin.succ 2).succ.succ 2 = 0 ∨ sorry () (Fin.succ 2).succ.succ 2 = 1) ∧
                        (sorry () (Fin.succ 2).succ.succ (Fin.succ 2) = 0 ∨
                            sorry () (Fin.succ 2).succ.succ (Fin.succ 2) = 1) ∧
                          (sorry () (Fin.succ 2).succ.succ (Fin.succ 2).succ = 0 ∨
                              sorry () (Fin.succ 2).succ.succ (Fin.succ 2).succ = 1) ∧
                            (sorry () (Fin.succ 2).succ.succ (Fin.succ 2).succ.succ = 0 ∨
                                sorry () (Fin.succ 2).succ.succ (Fin.succ 2).succ.succ = 1) ∧
                              (sorry () (Fin.succ 2).succ.succ (Fin.succ 2).succ.succ.succ = 0 ∨
                                  sorry () (Fin.succ 2).succ.succ (Fin.succ 2).succ.succ.succ = 1) ∧
                                (sorry () (Fin.succ 2).succ.succ (Fin.succ 2).succ.succ.succ.succ = 0 ∨
                                    sorry () (Fin.succ 2).succ.succ (Fin.succ 2).succ.succ.succ.succ = 1) ∧
                                  (sorry () (Fin.succ 2).succ.succ (Fin.succ 2).succ.succ.succ.succ.succ = 0 ∨
                                    sorry () (Fin.succ 2).succ.succ (Fin.succ 2).succ.succ.succ.succ.succ = 1)) ∧
                  sorry () (Fin.succ 2).succ.succ =
                    sorry () (Fin.succ 2).succ.succ 0 +
                      (sorry () (Fin.succ 2).succ.succ 1 * 2 +
                        (sorry () (Fin.succ 2).succ.succ 2 * 4 +
                          (sorry () (Fin.succ 2).succ.succ (Fin.succ 2) * 8 +
                            (sorry () (Fin.succ 2).succ.succ (Fin.succ 2).succ * 16 +
                              (sorry () (Fin.succ 2).succ.succ (Fin.succ 2).succ.succ * 32 +
                                (sorry () (Fin.succ 2).succ.succ (Fin.succ 2).succ.succ.succ * 64 +
                                  (sorry () (Fin.succ 2).succ.succ (Fin.succ 2).succ.succ.succ.succ * 128 +
                                    sorry () (Fin.succ 2).succ.succ (Fin.succ 2).succ.succ.succ.succ.succ *
                                      256)))))))) ∧
      sorry () 0 = 0 ∧
        sorry () 1 = 0 ∧
          sorry () 2 = 0 ∧
            sorry () (Fin.succ 2) = 0 ∧ sorry () (Fin.succ 2).succ = 0 ∧ sorry () (Fin.succ 2).succ.succ = 0) ∧
    sorry () 0 = 36 ∧
      sorry () 1 = 0 ∧
        sorry () 2 = 0 ∧
          sorry () (Fin.succ 2) = 0 ∧ sorry () (Fin.succ 2).succ = 0 ∧ sorry () (Fin.succ 2).succ.succ = 0

case «13»
⊢ (((((sorry () 0 0 = 0 ∨ sorry () 0 0 = 1) ∧
            (sorry () 0 1 = 0 ∨ sorry () 0 1 = 1) ∧
              (sorry () 0 2 = 0 ∨ sorry () 0 2 = 1) ∧
                (sorry () 0 (Fin.succ 2) = 0 ∨ sorry () 0 (Fin.succ 2) = 1) ∧
                  (sorry () 0 (Fin.succ 2).succ = 0 ∨ sorry () 0 (Fin.succ 2).succ = 1) ∧
                    (sorry () 0 (Fin.succ 2).succ.succ = 0 ∨ sorry () 0 (Fin.succ 2).succ.succ = 1) ∧
                      (sorry () 0 (Fin.succ 2).succ.succ.succ = 0 ∨ sorry () 0 (Fin.succ 2).succ.succ.succ = 1) ∧
                        (sorry () 0 (Fin.succ 2).succ.succ.succ.succ = 0 ∨
                            sorry () 0 (Fin.succ 2).succ.succ.succ.succ = 1) ∧
                          (sorry () 0 (Fin.succ 2).succ.succ.succ.succ.succ = 0 ∨
                            sorry () 0 (Fin.succ 2).succ.succ.succ.succ.succ = 1)) ∧
          sorry () 0 =
            sorry () 0 0 +
              (sorry () 0 1 * 2 +
                (sorry () 0 2 * 4 +
                  (sorry () 0 (Fin.succ 2) * 8 +
                    (sorry () 0 (Fin.succ 2).succ * 16 +
                      (sorry () 0 (Fin.succ 2).succ.succ * 32 +
                        (sorry () 0 (Fin.succ 2).succ.succ.succ * 64 +
                          (sorry () 0 (Fin.succ 2).succ.succ.succ.succ * 128 +
                            sorry () 0 (Fin.succ 2).succ.succ.succ.succ.succ * 256)))))))) ∧
        (((sorry () 1 0 = 0 ∨ sorry () 1 0 = 1) ∧
              (sorry () 1 1 = 0 ∨ sorry () 1 1 = 1) ∧
                (sorry () 1 2 = 0 ∨ sorry () 1 2 = 1) ∧
                  (sorry () 1 (Fin.succ 2) = 0 ∨ sorry () 1 (Fin.succ 2) = 1) ∧
                    (sorry () 1 (Fin.succ 2).succ = 0 ∨ sorry () 1 (Fin.succ 2).succ = 1) ∧
                      (sorry () 1 (Fin.succ 2).succ.succ = 0 ∨ sorry () 1 (Fin.succ 2).succ.succ = 1) ∧
                        (sorry () 1 (Fin.succ 2).succ.succ.succ = 0 ∨ sorry () 1 (Fin.succ 2).succ.succ.succ = 1) ∧
                          (sorry () 1 (Fin.succ 2).succ.succ.succ.succ = 0 ∨
                              sorry () 1 (Fin.succ 2).succ.succ.succ.succ = 1) ∧
                            (sorry () 1 (Fin.succ 2).succ.succ.succ.succ.succ = 0 ∨
                              sorry () 1 (Fin.succ 2).succ.succ.succ.succ.succ = 1)) ∧
            sorry () 1 =
              sorry () 1 0 +
                (sorry () 1 1 * 2 +
                  (sorry () 1 2 * 4 +
                    (sorry () 1 (Fin.succ 2) * 8 +
                      (sorry () 1 (Fin.succ 2).succ * 16 +
                        (sorry () 1 (Fin.succ 2).succ.succ * 32 +
                          (sorry () 1 (Fin.succ 2).succ.succ.succ * 64 +
                            (sorry () 1 (Fin.succ 2).succ.succ.succ.succ * 128 +
                              sorry () 1 (Fin.succ 2).succ.succ.succ.succ.succ * 256)))))))) ∧
          (((sorry () 2 0 = 0 ∨ sorry () 2 0 = 1) ∧
                (sorry () 2 1 = 0 ∨ sorry () 2 1 = 1) ∧
                  (sorry () 2 2 = 0 ∨ sorry () 2 2 = 1) ∧
                    (sorry () 2 (Fin.succ 2) = 0 ∨ sorry () 2 (Fin.succ 2) = 1) ∧
                      (sorry () 2 (Fin.succ 2).succ = 0 ∨ sorry () 2 (Fin.succ 2).succ = 1) ∧
                        (sorry () 2 (Fin.succ 2).succ.succ = 0 ∨ sorry () 2 (Fin.succ 2).succ.succ = 1) ∧
                          (sorry () 2 (Fin.succ 2).succ.succ.succ = 0 ∨ sorry () 2 (Fin.succ 2).succ.succ.succ = 1) ∧
                            (sorry () 2 (Fin.succ 2).succ.succ.succ.succ = 0 ∨
                                sorry () 2 (Fin.succ 2).succ.succ.succ.succ = 1) ∧
                              (sorry () 2 (Fin.succ 2).succ.succ.succ.succ.succ = 0 ∨
                                sorry () 2 (Fin.succ 2).succ.succ.succ.succ.succ = 1)) ∧
              sorry () 2 =
                sorry () 2 0 +
                  (sorry () 2 1 * 2 +
                    (sorry () 2 2 * 4 +
                      (sorry () 2 (Fin.succ 2) * 8 +
                        (sorry () 2 (Fin.succ 2).succ * 16 +
                          (sorry () 2 (Fin.succ 2).succ.succ * 32 +
                            (sorry () 2 (Fin.succ 2).succ.succ.succ * 64 +
                              (sorry () 2 (Fin.succ 2).succ.succ.succ.succ * 128 +
                                sorry () 2 (Fin.succ 2).succ.succ.succ.succ.succ * 256)))))))) ∧
            (((sorry () (Fin.succ 2) 0 = 0 ∨ sorry () (Fin.succ 2) 0 = 1) ∧
                  (sorry () (Fin.succ 2) 1 = 0 ∨ sorry () (Fin.succ 2) 1 = 1) ∧
                    (sorry () (Fin.succ 2) 2 = 0 ∨ sorry () (Fin.succ 2) 2 = 1) ∧
                      (sorry () (Fin.succ 2) (Fin.succ 2) = 0 ∨ sorry () (Fin.succ 2) (Fin.succ 2) = 1) ∧
                        (sorry () (Fin.succ 2) (Fin.succ 2).succ = 0 ∨ sorry () (Fin.succ 2) (Fin.succ 2).succ = 1) ∧
                          (sorry () (Fin.succ 2) (Fin.succ 2).succ.succ = 0 ∨
                              sorry () (Fin.succ 2) (Fin.succ 2).succ.succ = 1) ∧
                            (sorry () (Fin.succ 2) (Fin.succ 2).succ.succ.succ = 0 ∨
                                sorry () (Fin.succ 2) (Fin.succ 2).succ.succ.succ = 1) ∧
                              (sorry () (Fin.succ 2) (Fin.succ 2).succ.succ.succ.succ = 0 ∨
                                  sorry () (Fin.succ 2) (Fin.succ 2).succ.succ.succ.succ = 1) ∧
                                (sorry () (Fin.succ 2) (Fin.succ 2).succ.succ.succ.succ.succ = 0 ∨
                                  sorry () (Fin.succ 2) (Fin.succ 2).succ.succ.succ.succ.succ = 1)) ∧
                sorry () (Fin.succ 2) =
                  sorry () (Fin.succ 2) 0 +
                    (sorry () (Fin.succ 2) 1 * 2 +
                      (sorry () (Fin.succ 2) 2 * 4 +
                        (sorry () (Fin.succ 2) (Fin.succ 2) * 8 +
                          (sorry () (Fin.succ 2) (Fin.succ 2).succ * 16 +
                            (sorry () (Fin.succ 2) (Fin.succ 2).succ.succ * 32 +
                              (sorry () (Fin.succ 2) (Fin.succ 2).succ.succ.succ * 64 +
                                (sorry () (Fin.succ 2) (Fin.succ 2).succ.succ.succ.succ * 128 +
                                  sorry () (Fin.succ 2) (Fin.succ 2).succ.succ.succ.succ.succ * 256)))))))) ∧
              (((sorry () (Fin.succ 2).succ 0 = 0 ∨ sorry () (Fin.succ 2).succ 0 = 1) ∧
                    (sorry () (Fin.succ 2).succ 1 = 0 ∨ sorry () (Fin.succ 2).succ 1 = 1) ∧
                      (sorry () (Fin.succ 2).succ 2 = 0 ∨ sorry () (Fin.succ 2).succ 2 = 1) ∧
                        (sorry () (Fin.succ 2).succ (Fin.succ 2) = 0 ∨ sorry () (Fin.succ 2).succ (Fin.succ 2) = 1) ∧
                          (sorry () (Fin.succ 2).succ (Fin.succ 2).succ = 0 ∨
                              sorry () (Fin.succ 2).succ (Fin.succ 2).succ = 1) ∧
                            (sorry () (Fin.succ 2).succ (Fin.succ 2).succ.succ = 0 ∨
                                sorry () (Fin.succ 2).succ (Fin.succ 2).succ.succ = 1) ∧
                              (sorry () (Fin.succ 2).succ (Fin.succ 2).succ.succ.succ = 0 ∨
                                  sorry () (Fin.succ 2).succ (Fin.succ 2).succ.succ.succ = 1) ∧
                                (sorry () (Fin.succ 2).succ (Fin.succ 2).succ.succ.succ.succ = 0 ∨
                                    sorry () (Fin.succ 2).succ (Fin.succ 2).succ.succ.succ.succ = 1) ∧
                                  (sorry () (Fin.succ 2).succ (Fin.succ 2).succ.succ.succ.succ.succ = 0 ∨
                                    sorry () (Fin.succ 2).succ (Fin.succ 2).succ.succ.succ.succ.succ = 1)) ∧
                  sorry () (Fin.succ 2).succ =
                    sorry () (Fin.succ 2).succ 0 +
                      (sorry () (Fin.succ 2).succ 1 * 2 +
                        (sorry () (Fin.succ 2).succ 2 * 4 +
                          (sorry () (Fin.succ 2).succ (Fin.succ 2) * 8 +
                            (sorry () (Fin.succ 2).succ (Fin.succ 2).succ * 16 +
                              (sorry () (Fin.succ 2).succ (Fin.succ 2).succ.succ * 32 +
                                (sorry () (Fin.succ 2).succ (Fin.succ 2).succ.succ.succ * 64 +
                                  (sorry () (Fin.succ 2).succ (Fin.succ 2).succ.succ.succ.succ * 128 +
                                    sorry () (Fin.succ 2).succ (Fin.succ 2).succ.succ.succ.succ.succ * 256)))))))) ∧
                ((sorry () (Fin.succ 2).succ.succ 0 = 0 ∨ sorry () (Fin.succ 2).succ.succ 0 = 1) ∧
                    (sorry () (Fin.succ 2).succ.succ 1 = 0 ∨ sorry () (Fin.succ 2).succ.succ 1 = 1) ∧
                      (sorry () (Fin.succ 2).succ.succ 2 = 0 ∨ sorry () (Fin.succ 2).succ.succ 2 = 1) ∧
                        (sorry () (Fin.succ 2).succ.succ (Fin.succ 2) = 0 ∨
                            sorry () (Fin.succ 2).succ.succ (Fin.succ 2) = 1) ∧
                          (sorry () (Fin.succ 2).succ.succ (Fin.succ 2).succ = 0 ∨
                              sorry () (Fin.succ 2).succ.succ (Fin.succ 2).succ = 1) ∧
                            (sorry () (Fin.succ 2).succ.succ (Fin.succ 2).succ.succ = 0 ∨
                                sorry () (Fin.succ 2).succ.succ (Fin.succ 2).succ.succ = 1) ∧
                              (sorry () (Fin.succ 2).succ.succ (Fin.succ 2).succ.succ.succ = 0 ∨
                                  sorry () (Fin.succ 2).succ.succ (Fin.succ 2).succ.succ.succ = 1) ∧
                                (sorry () (Fin.succ 2).succ.succ (Fin.succ 2).succ.succ.succ.succ = 0 ∨
                                    sorry () (Fin.succ 2).succ.succ (Fin.succ 2).succ.succ.succ.succ = 1) ∧
                                  (sorry () (Fin.succ 2).succ.succ (Fin.succ 2).succ.succ.succ.succ.succ = 0 ∨
                                    sorry () (Fin.succ 2).succ.succ (Fin.succ 2).succ.succ.succ.succ.succ = 1)) ∧
                  sorry () (Fin.succ 2).succ.succ =
                    sorry () (Fin.succ 2).succ.succ 0 +
                      (sorry () (Fin.succ 2).succ.succ 1 * 2 +
                        (sorry () (Fin.succ 2).succ.succ 2 * 4 +
                          (sorry () (Fin.succ 2).succ.succ (Fin.succ 2) * 8 +
                            (sorry () (Fin.succ 2).succ.succ (Fin.succ 2).succ * 16 +
                              (sorry () (Fin.succ 2).succ.succ (Fin.succ 2).succ.succ * 32 +
                                (sorry () (Fin.succ 2).succ.succ (Fin.succ 2).succ.succ.succ * 64 +
                                  (sorry () (Fin.succ 2).succ.succ (Fin.succ 2).succ.succ.succ.succ * 128 +
                                    sorry () (Fin.succ 2).succ.succ (Fin.succ 2).succ.succ.succ.succ.succ *
                                      256)))))))) ∧
      sorry () 0 = 0 ∧
        sorry () 1 = 0 ∧
          sorry () 2 = 0 ∧
            sorry () (Fin.succ 2) = 0 ∧ sorry () (Fin.succ 2).succ = 0 ∧ sorry () (Fin.succ 2).succ.succ = 0) ∧
    sorry () 0 = 36 ∧
      sorry () 1 = 0 ∧
        sorry () 2 = 0 ∧
          sorry () (Fin.succ 2) = 0 ∧ sorry () (Fin.succ 2).succ = 0 ∧ sorry () (Fin.succ 2).succ.succ = 0

case «14»
⊢ (((((sorry () 0 0 = 0 ∨ sorry () 0 0 = 1) ∧
            (sorry () 0 1 = 0 ∨ sorry () 0 1 = 1) ∧
              (sorry () 0 2 = 0 ∨ sorry () 0 2 = 1) ∧
                (sorry () 0 (Fin.succ 2) = 0 ∨ sorry () 0 (Fin.succ 2) = 1) ∧
                  (sorry () 0 (Fin.succ 2).succ = 0 ∨ sorry () 0 (Fin.succ 2).succ = 1) ∧
                    (sorry () 0 (Fin.succ 2).succ.succ = 0 ∨ sorry () 0 (Fin.succ 2).succ.succ = 1) ∧
                      (sorry () 0 (Fin.succ 2).succ.succ.succ = 0 ∨ sorry () 0 (Fin.succ 2).succ.succ.succ = 1) ∧
                        (sorry () 0 (Fin.succ 2).succ.succ.succ.succ = 0 ∨
                            sorry () 0 (Fin.succ 2).succ.succ.succ.succ = 1) ∧
                          (sorry () 0 (Fin.succ 2).succ.succ.succ.succ.succ = 0 ∨
                            sorry () 0 (Fin.succ 2).succ.succ.succ.succ.succ = 1)) ∧
          sorry () 0 =
            sorry () 0 0 +
              (sorry () 0 1 * 2 +
                (sorry () 0 2 * 4 +
                  (sorry () 0 (Fin.succ 2) * 8 +
                    (sorry () 0 (Fin.succ 2).succ * 16 +
                      (sorry () 0 (Fin.succ 2).succ.succ * 32 +
                        (sorry () 0 (Fin.succ 2).succ.succ.succ * 64 +
                          (sorry () 0 (Fin.succ 2).succ.succ.succ.succ * 128 +
                            sorry () 0 (Fin.succ 2).succ.succ.succ.succ.succ * 256)))))))) ∧
        (((sorry () 1 0 = 0 ∨ sorry () 1 0 = 1) ∧
              (sorry () 1 1 = 0 ∨ sorry () 1 1 = 1) ∧
                (sorry () 1 2 = 0 ∨ sorry () 1 2 = 1) ∧
                  (sorry () 1 (Fin.succ 2) = 0 ∨ sorry () 1 (Fin.succ 2) = 1) ∧
                    (sorry () 1 (Fin.succ 2).succ = 0 ∨ sorry () 1 (Fin.succ 2).succ = 1) ∧
                      (sorry () 1 (Fin.succ 2).succ.succ = 0 ∨ sorry () 1 (Fin.succ 2).succ.succ = 1) ∧
                        (sorry () 1 (Fin.succ 2).succ.succ.succ = 0 ∨ sorry () 1 (Fin.succ 2).succ.succ.succ = 1) ∧
                          (sorry () 1 (Fin.succ 2).succ.succ.succ.succ = 0 ∨
                              sorry () 1 (Fin.succ 2).succ.succ.succ.succ = 1) ∧
                            (sorry () 1 (Fin.succ 2).succ.succ.succ.succ.succ = 0 ∨
                              sorry () 1 (Fin.succ 2).succ.succ.succ.succ.succ = 1)) ∧
            sorry () 1 =
              sorry () 1 0 +
                (sorry () 1 1 * 2 +
                  (sorry () 1 2 * 4 +
                    (sorry () 1 (Fin.succ 2) * 8 +
                      (sorry () 1 (Fin.succ 2).succ * 16 +
                        (sorry () 1 (Fin.succ 2).succ.succ * 32 +
                          (sorry () 1 (Fin.succ 2).succ.succ.succ * 64 +
                            (sorry () 1 (Fin.succ 2).succ.succ.succ.succ * 128 +
                              sorry () 1 (Fin.succ 2).succ.succ.succ.succ.succ * 256)))))))) ∧
          (((sorry () 2 0 = 0 ∨ sorry () 2 0 = 1) ∧
                (sorry () 2 1 = 0 ∨ sorry () 2 1 = 1) ∧
                  (sorry () 2 2 = 0 ∨ sorry () 2 2 = 1) ∧
                    (sorry () 2 (Fin.succ 2) = 0 ∨ sorry () 2 (Fin.succ 2) = 1) ∧
                      (sorry () 2 (Fin.succ 2).succ = 0 ∨ sorry () 2 (Fin.succ 2).succ = 1) ∧
                        (sorry () 2 (Fin.succ 2).succ.succ = 0 ∨ sorry () 2 (Fin.succ 2).succ.succ = 1) ∧
                          (sorry () 2 (Fin.succ 2).succ.succ.succ = 0 ∨ sorry () 2 (Fin.succ 2).succ.succ.succ = 1) ∧
                            (sorry () 2 (Fin.succ 2).succ.succ.succ.succ = 0 ∨
                                sorry () 2 (Fin.succ 2).succ.succ.succ.succ = 1) ∧
                              (sorry () 2 (Fin.succ 2).succ.succ.succ.succ.succ = 0 ∨
                                sorry () 2 (Fin.succ 2).succ.succ.succ.succ.succ = 1)) ∧
              sorry () 2 =
                sorry () 2 0 +
                  (sorry () 2 1 * 2 +
                    (sorry () 2 2 * 4 +
                      (sorry () 2 (Fin.succ 2) * 8 +
                        (sorry () 2 (Fin.succ 2).succ * 16 +
                          (sorry () 2 (Fin.succ 2).succ.succ * 32 +
                            (sorry () 2 (Fin.succ 2).succ.succ.succ * 64 +
                              (sorry () 2 (Fin.succ 2).succ.succ.succ.succ * 128 +
                                sorry () 2 (Fin.succ 2).succ.succ.succ.succ.succ * 256)))))))) ∧
            (((sorry () (Fin.succ 2) 0 = 0 ∨ sorry () (Fin.succ 2) 0 = 1) ∧
                  (sorry () (Fin.succ 2) 1 = 0 ∨ sorry () (Fin.succ 2) 1 = 1) ∧
                    (sorry () (Fin.succ 2) 2 = 0 ∨ sorry () (Fin.succ 2) 2 = 1) ∧
                      (sorry () (Fin.succ 2) (Fin.succ 2) = 0 ∨ sorry () (Fin.succ 2) (Fin.succ 2) = 1) ∧
                        (sorry () (Fin.succ 2) (Fin.succ 2).succ = 0 ∨ sorry () (Fin.succ 2) (Fin.succ 2).succ = 1) ∧
                          (sorry () (Fin.succ 2) (Fin.succ 2).succ.succ = 0 ∨
                              sorry () (Fin.succ 2) (Fin.succ 2).succ.succ = 1) ∧
                            (sorry () (Fin.succ 2) (Fin.succ 2).succ.succ.succ = 0 ∨
                                sorry () (Fin.succ 2) (Fin.succ 2).succ.succ.succ = 1) ∧
                              (sorry () (Fin.succ 2) (Fin.succ 2).succ.succ.succ.succ = 0 ∨
                                  sorry () (Fin.succ 2) (Fin.succ 2).succ.succ.succ.succ = 1) ∧
                                (sorry () (Fin.succ 2) (Fin.succ 2).succ.succ.succ.succ.succ = 0 ∨
                                  sorry () (Fin.succ 2) (Fin.succ 2).succ.succ.succ.succ.succ = 1)) ∧
                sorry () (Fin.succ 2) =
                  sorry () (Fin.succ 2) 0 +
                    (sorry () (Fin.succ 2) 1 * 2 +
                      (sorry () (Fin.succ 2) 2 * 4 +
                        (sorry () (Fin.succ 2) (Fin.succ 2) * 8 +
                          (sorry () (Fin.succ 2) (Fin.succ 2).succ * 16 +
                            (sorry () (Fin.succ 2) (Fin.succ 2).succ.succ * 32 +
                              (sorry () (Fin.succ 2) (Fin.succ 2).succ.succ.succ * 64 +
                                (sorry () (Fin.succ 2) (Fin.succ 2).succ.succ.succ.succ * 128 +
                                  sorry () (Fin.succ 2) (Fin.succ 2).succ.succ.succ.succ.succ * 256)))))))) ∧
              (((sorry () (Fin.succ 2).succ 0 = 0 ∨ sorry () (Fin.succ 2).succ 0 = 1) ∧
                    (sorry () (Fin.succ 2).succ 1 = 0 ∨ sorry () (Fin.succ 2).succ 1 = 1) ∧
                      (sorry () (Fin.succ 2).succ 2 = 0 ∨ sorry () (Fin.succ 2).succ 2 = 1) ∧
                        (sorry () (Fin.succ 2).succ (Fin.succ 2) = 0 ∨ sorry () (Fin.succ 2).succ (Fin.succ 2) = 1) ∧
                          (sorry () (Fin.succ 2).succ (Fin.succ 2).succ = 0 ∨
                              sorry () (Fin.succ 2).succ (Fin.succ 2).succ = 1) ∧
                            (sorry () (Fin.succ 2).succ (Fin.succ 2).succ.succ = 0 ∨
                                sorry () (Fin.succ 2).succ (Fin.succ 2).succ.succ = 1) ∧
                              (sorry () (Fin.succ 2).succ (Fin.succ 2).succ.succ.succ = 0 ∨
                                  sorry () (Fin.succ 2).succ (Fin.succ 2).succ.succ.succ = 1) ∧
                                (sorry () (Fin.succ 2).succ (Fin.succ 2).succ.succ.succ.succ = 0 ∨
                                    sorry () (Fin.succ 2).succ (Fin.succ 2).succ.succ.succ.succ = 1) ∧
                                  (sorry () (Fin.succ 2).succ (Fin.succ 2).succ.succ.succ.succ.succ = 0 ∨
                                    sorry () (Fin.succ 2).succ (Fin.succ 2).succ.succ.succ.succ.succ = 1)) ∧
                  sorry () (Fin.succ 2).succ =
                    sorry () (Fin.succ 2).succ 0 +
                      (sorry () (Fin.succ 2).succ 1 * 2 +
                        (sorry () (Fin.succ 2).succ 2 * 4 +
                          (sorry () (Fin.succ 2).succ (Fin.succ 2) * 8 +
                            (sorry () (Fin.succ 2).succ (Fin.succ 2).succ * 16 +
                              (sorry () (Fin.succ 2).succ (Fin.succ 2).succ.succ * 32 +
                                (sorry () (Fin.succ 2).succ (Fin.succ 2).succ.succ.succ * 64 +
                                  (sorry () (Fin.succ 2).succ (Fin.succ 2).succ.succ.succ.succ * 128 +
                                    sorry () (Fin.succ 2).succ (Fin.succ 2).succ.succ.succ.succ.succ * 256)))))))) ∧
                ((sorry () (Fin.succ 2).succ.succ 0 = 0 ∨ sorry () (Fin.succ 2).succ.succ 0 = 1) ∧
                    (sorry () (Fin.succ 2).succ.succ 1 = 0 ∨ sorry () (Fin.succ 2).succ.succ 1 = 1) ∧
                      (sorry () (Fin.succ 2).succ.succ 2 = 0 ∨ sorry () (Fin.succ 2).succ.succ 2 = 1) ∧
                        (sorry () (Fin.succ 2).succ.succ (Fin.succ 2) = 0 ∨
                            sorry () (Fin.succ 2).succ.succ (Fin.succ 2) = 1) ∧
                          (sorry () (Fin.succ 2).succ.succ (Fin.succ 2).succ = 0 ∨
                              sorry () (Fin.succ 2).succ.succ (Fin.succ 2).succ = 1) ∧
                            (sorry () (Fin.succ 2).succ.succ (Fin.succ 2).succ.succ = 0 ∨
                                sorry () (Fin.succ 2).succ.succ (Fin.succ 2).succ.succ = 1) ∧
                              (sorry () (Fin.succ 2).succ.succ (Fin.succ 2).succ.succ.succ = 0 ∨
                                  sorry () (Fin.succ 2).succ.succ (Fin.succ 2).succ.succ.succ = 1) ∧
                                (sorry () (Fin.succ 2).succ.succ (Fin.succ 2).succ.succ.succ.succ = 0 ∨
                                    sorry () (Fin.succ 2).succ.succ (Fin.succ 2).succ.succ.succ.succ = 1) ∧
                                  (sorry () (Fin.succ 2).succ.succ (Fin.succ 2).succ.succ.succ.succ.succ = 0 ∨
                                    sorry () (Fin.succ 2).succ.succ (Fin.succ 2).succ.succ.succ.succ.succ = 1)) ∧
                  sorry () (Fin.succ 2).succ.succ =
                    sorry () (Fin.succ 2).succ.succ 0 +
                      (sorry () (Fin.succ 2).succ.succ 1 * 2 +
                        (sorry () (Fin.succ 2).succ.succ 2 * 4 +
                          (sorry () (Fin.succ 2).succ.succ (Fin.succ 2) * 8 +
                            (sorry () (Fin.succ 2).succ.succ (Fin.succ 2).succ * 16 +
                              (sorry () (Fin.succ 2).succ.succ (Fin.succ 2).succ.succ * 32 +
                                (sorry () (Fin.succ 2).succ.succ (Fin.succ 2).succ.succ.succ * 64 +
                                  (sorry () (Fin.succ 2).succ.succ (Fin.succ 2).succ.succ.succ.succ * 128 +
                                    sorry () (Fin.succ 2).succ.succ (Fin.succ 2).succ.succ.succ.succ.succ *
                                      256)))))))) ∧
      sorry () 0 = 0 ∧
        sorry () 1 = 0 ∧
          sorry () 2 = 0 ∧
            sorry () (Fin.succ 2) = 0 ∧ sorry () (Fin.succ 2).succ = 0 ∧ sorry () (Fin.succ 2).succ.succ = 0) ∧
    sorry () 0 = 36 ∧
      sorry () 1 = 0 ∧
        sorry () 2 = 0 ∧
          sorry () (Fin.succ 2) = 0 ∧ sorry () (Fin.succ 2).succ = 0 ∧ sorry () (Fin.succ 2).succ.succ = 0

case «15»
⊢ (((((sorry () 0 0 = 0 ∨ sorry () 0 0 = 1) ∧
            (sorry () 0 1 = 0 ∨ sorry () 0 1 = 1) ∧
              (sorry () 0 2 = 0 ∨ sorry () 0 2 = 1) ∧
                (sorry () 0 (Fin.succ 2) = 0 ∨ sorry () 0 (Fin.succ 2) = 1) ∧
                  (sorry () 0 (Fin.succ 2).succ = 0 ∨ sorry () 0 (Fin.succ 2).succ = 1) ∧
                    (sorry () 0 (Fin.succ 2).succ.succ = 0 ∨ sorry () 0 (Fin.succ 2).succ.succ = 1) ∧
                      (sorry () 0 (Fin.succ 2).succ.succ.succ = 0 ∨ sorry () 0 (Fin.succ 2).succ.succ.succ = 1) ∧
                        (sorry () 0 (Fin.succ 2).succ.succ.succ.succ = 0 ∨
                            sorry () 0 (Fin.succ 2).succ.succ.succ.succ = 1) ∧
                          (sorry () 0 (Fin.succ 2).succ.succ.succ.succ.succ = 0 ∨
                            sorry () 0 (Fin.succ 2).succ.succ.succ.succ.succ = 1)) ∧
          sorry () 0 =
            sorry () 0 0 +
              (sorry () 0 1 * 2 +
                (sorry () 0 2 * 4 +
                  (sorry () 0 (Fin.succ 2) * 8 +
                    (sorry () 0 (Fin.succ 2).succ * 16 +
                      (sorry () 0 (Fin.succ 2).succ.succ * 32 +
                        (sorry () 0 (Fin.succ 2).succ.succ.succ * 64 +
                          (sorry () 0 (Fin.succ 2).succ.succ.succ.succ * 128 +
                            sorry () 0 (Fin.succ 2).succ.succ.succ.succ.succ * 256)))))))) ∧
        (((sorry () 1 0 = 0 ∨ sorry () 1 0 = 1) ∧
              (sorry () 1 1 = 0 ∨ sorry () 1 1 = 1) ∧
                (sorry () 1 2 = 0 ∨ sorry () 1 2 = 1) ∧
                  (sorry () 1 (Fin.succ 2) = 0 ∨ sorry () 1 (Fin.succ 2) = 1) ∧
                    (sorry () 1 (Fin.succ 2).succ = 0 ∨ sorry () 1 (Fin.succ 2).succ = 1) ∧
                      (sorry () 1 (Fin.succ 2).succ.succ = 0 ∨ sorry () 1 (Fin.succ 2).succ.succ = 1) ∧
                        (sorry () 1 (Fin.succ 2).succ.succ.succ = 0 ∨ sorry () 1 (Fin.succ 2).succ.succ.succ = 1) ∧
                          (sorry () 1 (Fin.succ 2).succ.succ.succ.succ = 0 ∨
                              sorry () 1 (Fin.succ 2).succ.succ.succ.succ = 1) ∧
                            (sorry () 1 (Fin.succ 2).succ.succ.succ.succ.succ = 0 ∨
                              sorry () 1 (Fin.succ 2).succ.succ.succ.succ.succ = 1)) ∧
            sorry () 1 =
              sorry () 1 0 +
                (sorry () 1 1 * 2 +
                  (sorry () 1 2 * 4 +
                    (sorry () 1 (Fin.succ 2) * 8 +
                      (sorry () 1 (Fin.succ 2).succ * 16 +
                        (sorry () 1 (Fin.succ 2).succ.succ * 32 +
                          (sorry () 1 (Fin.succ 2).succ.succ.succ * 64 +
                            (sorry () 1 (Fin.succ 2).succ.succ.succ.succ * 128 +
                              sorry () 1 (Fin.succ 2).succ.succ.succ.succ.succ * 256)))))))) ∧
          (((sorry () 2 0 = 0 ∨ sorry () 2 0 = 1) ∧
                (sorry () 2 1 = 0 ∨ sorry () 2 1 = 1) ∧
                  (sorry () 2 2 = 0 ∨ sorry () 2 2 = 1) ∧
                    (sorry () 2 (Fin.succ 2) = 0 ∨ sorry () 2 (Fin.succ 2) = 1) ∧
                      (sorry () 2 (Fin.succ 2).succ = 0 ∨ sorry () 2 (Fin.succ 2).succ = 1) ∧
                        (sorry () 2 (Fin.succ 2).succ.succ = 0 ∨ sorry () 2 (Fin.succ 2).succ.succ = 1) ∧
                          (sorry () 2 (Fin.succ 2).succ.succ.succ = 0 ∨ sorry () 2 (Fin.succ 2).succ.succ.succ = 1) ∧
                            (sorry () 2 (Fin.succ 2).succ.succ.succ.succ = 0 ∨
                                sorry () 2 (Fin.succ 2).succ.succ.succ.succ = 1) ∧
                              (sorry () 2 (Fin.succ 2).succ.succ.succ.succ.succ = 0 ∨
                                sorry () 2 (Fin.succ 2).succ.succ.succ.succ.succ = 1)) ∧
              sorry () 2 =
                sorry () 2 0 +
                  (sorry () 2 1 * 2 +
                    (sorry () 2 2 * 4 +
                      (sorry () 2 (Fin.succ 2) * 8 +
                        (sorry () 2 (Fin.succ 2).succ * 16 +
                          (sorry () 2 (Fin.succ 2).succ.succ * 32 +
                            (sorry () 2 (Fin.succ 2).succ.succ.succ * 64 +
                              (sorry () 2 (Fin.succ 2).succ.succ.succ.succ * 128 +
                                sorry () 2 (Fin.succ 2).succ.succ.succ.succ.succ * 256)))))))) ∧
            (((sorry () (Fin.succ 2) 0 = 0 ∨ sorry () (Fin.succ 2) 0 = 1) ∧
                  (sorry () (Fin.succ 2) 1 = 0 ∨ sorry () (Fin.succ 2) 1 = 1) ∧
                    (sorry () (Fin.succ 2) 2 = 0 ∨ sorry () (Fin.succ 2) 2 = 1) ∧
                      (sorry () (Fin.succ 2) (Fin.succ 2) = 0 ∨ sorry () (Fin.succ 2) (Fin.succ 2) = 1) ∧
                        (sorry () (Fin.succ 2) (Fin.succ 2).succ = 0 ∨ sorry () (Fin.succ 2) (Fin.succ 2).succ = 1) ∧
                          (sorry () (Fin.succ 2) (Fin.succ 2).succ.succ = 0 ∨
                              sorry () (Fin.succ 2) (Fin.succ 2).succ.succ = 1) ∧
                            (sorry () (Fin.succ 2) (Fin.succ 2).succ.succ.succ = 0 ∨
                                sorry () (Fin.succ 2) (Fin.succ 2).succ.succ.succ = 1) ∧
                              (sorry () (Fin.succ 2) (Fin.succ 2).succ.succ.succ.succ = 0 ∨
                                  sorry () (Fin.succ 2) (Fin.succ 2).succ.succ.succ.succ = 1) ∧
                                (sorry () (Fin.succ 2) (Fin.succ 2).succ.succ.succ.succ.succ = 0 ∨
                                  sorry () (Fin.succ 2) (Fin.succ 2).succ.succ.succ.succ.succ = 1)) ∧
                sorry () (Fin.succ 2) =
                  sorry () (Fin.succ 2) 0 +
                    (sorry () (Fin.succ 2) 1 * 2 +
                      (sorry () (Fin.succ 2) 2 * 4 +
                        (sorry () (Fin.succ 2) (Fin.succ 2) * 8 +
                          (sorry () (Fin.succ 2) (Fin.succ 2).succ * 16 +
                            (sorry () (Fin.succ 2) (Fin.succ 2).succ.succ * 32 +
                              (sorry () (Fin.succ 2) (Fin.succ 2).succ.succ.succ * 64 +
                                (sorry () (Fin.succ 2) (Fin.succ 2).succ.succ.succ.succ * 128 +
                                  sorry () (Fin.succ 2) (Fin.succ 2).succ.succ.succ.succ.succ * 256)))))))) ∧
              (((sorry () (Fin.succ 2).succ 0 = 0 ∨ sorry () (Fin.succ 2).succ 0 = 1) ∧
                    (sorry () (Fin.succ 2).succ 1 = 0 ∨ sorry () (Fin.succ 2).succ 1 = 1) ∧
                      (sorry () (Fin.succ 2).succ 2 = 0 ∨ sorry () (Fin.succ 2).succ 2 = 1) ∧
                        (sorry () (Fin.succ 2).succ (Fin.succ 2) = 0 ∨ sorry () (Fin.succ 2).succ (Fin.succ 2) = 1) ∧
                          (sorry () (Fin.succ 2).succ (Fin.succ 2).succ = 0 ∨
                              sorry () (Fin.succ 2).succ (Fin.succ 2).succ = 1) ∧
                            (sorry () (Fin.succ 2).succ (Fin.succ 2).succ.succ = 0 ∨
                                sorry () (Fin.succ 2).succ (Fin.succ 2).succ.succ = 1) ∧
                              (sorry () (Fin.succ 2).succ (Fin.succ 2).succ.succ.succ = 0 ∨
                                  sorry () (Fin.succ 2).succ (Fin.succ 2).succ.succ.succ = 1) ∧
                                (sorry () (Fin.succ 2).succ (Fin.succ 2).succ.succ.succ.succ = 0 ∨
                                    sorry () (Fin.succ 2).succ (Fin.succ 2).succ.succ.succ.succ = 1) ∧
                                  (sorry () (Fin.succ 2).succ (Fin.succ 2).succ.succ.succ.succ.succ = 0 ∨
                                    sorry () (Fin.succ 2).succ (Fin.succ 2).succ.succ.succ.succ.succ = 1)) ∧
                  sorry () (Fin.succ 2).succ =
                    sorry () (Fin.succ 2).succ 0 +
                      (sorry () (Fin.succ 2).succ 1 * 2 +
                        (sorry () (Fin.succ 2).succ 2 * 4 +
                          (sorry () (Fin.succ 2).succ (Fin.succ 2) * 8 +
                            (sorry () (Fin.succ 2).succ (Fin.succ 2).succ * 16 +
                              (sorry () (Fin.succ 2).succ (Fin.succ 2).succ.succ * 32 +
                                (sorry () (Fin.succ 2).succ (Fin.succ 2).succ.succ.succ * 64 +
                                  (sorry () (Fin.succ 2).succ (Fin.succ 2).succ.succ.succ.succ * 128 +
                                    sorry () (Fin.succ 2).succ (Fin.succ 2).succ.succ.succ.succ.succ * 256)))))))) ∧
                ((sorry () (Fin.succ 2).succ.succ 0 = 0 ∨ sorry () (Fin.succ 2).succ.succ 0 = 1) ∧
                    (sorry () (Fin.succ 2).succ.succ 1 = 0 ∨ sorry () (Fin.succ 2).succ.succ 1 = 1) ∧
                      (sorry () (Fin.succ 2).succ.succ 2 = 0 ∨ sorry () (Fin.succ 2).succ.succ 2 = 1) ∧
                        (sorry () (Fin.succ 2).succ.succ (Fin.succ 2) = 0 ∨
                            sorry () (Fin.succ 2).succ.succ (Fin.succ 2) = 1) ∧
                          (sorry () (Fin.succ 2).succ.succ (Fin.succ 2).succ = 0 ∨
                              sorry () (Fin.succ 2).succ.succ (Fin.succ 2).succ = 1) ∧
                            (sorry () (Fin.succ 2).succ.succ (Fin.succ 2).succ.succ = 0 ∨
                                sorry () (Fin.succ 2).succ.succ (Fin.succ 2).succ.succ = 1) ∧
                              (sorry () (Fin.succ 2).succ.succ (Fin.succ 2).succ.succ.succ = 0 ∨
                                  sorry () (Fin.succ 2).succ.succ (Fin.succ 2).succ.succ.succ = 1) ∧
                                (sorry () (Fin.succ 2).succ.succ (Fin.succ 2).succ.succ.succ.succ = 0 ∨
                                    sorry () (Fin.succ 2).succ.succ (Fin.succ 2).succ.succ.succ.succ = 1) ∧
                                  (sorry () (Fin.succ 2).succ.succ (Fin.succ 2).succ.succ.succ.succ.succ = 0 ∨
                                    sorry () (Fin.succ 2).succ.succ (Fin.succ 2).succ.succ.succ.succ.succ = 1)) ∧
                  sorry () (Fin.succ 2).succ.succ =
                    sorry () (Fin.succ 2).succ.succ 0 +
                      (sorry () (Fin.succ 2).succ.succ 1 * 2 +
                        (sorry () (Fin.succ 2).succ.succ 2 * 4 +
                          (sorry () (Fin.succ 2).succ.succ (Fin.succ 2) * 8 +
                            (sorry () (Fin.succ 2).succ.succ (Fin.succ 2).succ * 16 +
                              (sorry () (Fin.succ 2).succ.succ (Fin.succ 2).succ.succ * 32 +
                                (sorry () (Fin.succ 2).succ.succ (Fin.succ 2).succ.succ.succ * 64 +
                                  (sorry () (Fin.succ 2).succ.succ (Fin.succ 2).succ.succ.succ.succ * 128 +
                                    sorry () (Fin.succ 2).succ.succ (Fin.succ 2).succ.succ.succ.succ.succ *
                                      256)))))))) ∧
      sorry () 0 = 0 ∧
        sorry () 1 = 0 ∧
          sorry () 2 = 0 ∧
            sorry () (Fin.succ 2) = 0 ∧ sorry () (Fin.succ 2).succ = 0 ∧ sorry () (Fin.succ 2).succ.succ = 0) ∧
    sorry () 0 = 36 ∧
      sorry () 1 = 0 ∧
        sorry () 2 = 0 ∧
          sorry () (Fin.succ 2) = 0 ∧ sorry () (Fin.succ 2).succ = 0 ∧ sorry () (Fin.succ 2).succ.succ = 0
Compiler/BfvTeachingExhibits.lean:41:14: warning: declaration uses `sorry`
Compiler/BfvTeachingExhibits.lean:54:40: error(lean.unknownIdentifier): Unknown identifier `lo`
Compiler/BfvTeachingExhibits.lean:54:43: error(lean.unknownIdentifier): Unknown identifier `bits`
Compiler/BfvTeachingExhibits.lean:54:40: error(lean.unknownIdentifier): Unknown identifier `lo`
Compiler/BfvTeachingExhibits.lean:54:43: error(lean.unknownIdentifier): Unknown identifier `bits`
Compiler/BfvTeachingExhibits.lean:54:40: error(lean.unknownIdentifier): Unknown identifier `lo`
Compiler/BfvTeachingExhibits.lean:54:43: error(lean.unknownIdentifier): Unknown identifier `bits`
Compiler/BfvTeachingExhibits.lean:54:40: error(lean.unknownIdentifier): Unknown identifier `lo`
Compiler/BfvTeachingExhibits.lean:54:43: error(lean.unknownIdentifier): Unknown identifier `bits`
Compiler/BfvTeachingExhibits.lean:54:40: error(lean.unknownIdentifier): Unknown identifier `lo`
Compiler/BfvTeachingExhibits.lean:54:43: error(lean.unknownIdentifier): Unknown identifier `bits`
Compiler/BfvTeachingExhibits.lean:54:40: error(lean.unknownIdentifier): Unknown identifier `lo`
Compiler/BfvTeachingExhibits.lean:54:43: error(lean.unknownIdentifier): Unknown identifier `bits`
Compiler/BfvTeachingExhibits.lean:54:40: error(lean.unknownIdentifier): Unknown identifier `lo`
Compiler/BfvTeachingExhibits.lean:54:43: error(lean.unknownIdentifier): Unknown identifier `bits`
Compiler/BfvTeachingExhibits.lean:54:40: error(lean.unknownIdentifier): Unknown identifier `lo`
Compiler/BfvTeachingExhibits.lean:54:43: error(lean.unknownIdentifier): Unknown identifier `bits`
Compiler/BfvTeachingExhibits.lean:54:40: error(lean.unknownIdentifier): Unknown identifier `lo`
Compiler/BfvTeachingExhibits.lean:54:43: error(lean.unknownIdentifier): Unknown identifier `bits`
Compiler/BfvTeachingExhibits.lean:54:40: error(lean.unknownIdentifier): Unknown identifier `lo`
Compiler/BfvTeachingExhibits.lean:54:43: error(lean.unknownIdentifier): Unknown identifier `bits`
Compiler/BfvTeachingExhibits.lean:54:40: error(lean.unknownIdentifier): Unknown identifier `lo`
Compiler/BfvTeachingExhibits.lean:54:43: error(lean.unknownIdentifier): Unknown identifier `bits`
Compiler/BfvTeachingExhibits.lean:54:40: error(lean.unknownIdentifier): Unknown identifier `lo`
Compiler/BfvTeachingExhibits.lean:54:43: error(lean.unknownIdentifier): Unknown identifier `bits`
Compiler/BfvTeachingExhibits.lean:51:2: error: unsolved goals
case refine_2.«0».«0»
⊢ ((sorry () 0 0 = 0 ∨ sorry () 0 0 = 1) ∧
      (sorry () 0 1 = 0 ∨ sorry () 0 1 = 1) ∧
        (sorry () 0 2 = 0 ∨ sorry () 0 2 = 1) ∧
          (sorry () 0 (Fin.succ 2) = 0 ∨ sorry () 0 (Fin.succ 2) = 1) ∧
            (sorry () 0 (Fin.succ 2).succ = 0 ∨ sorry () 0 (Fin.succ 2).succ = 1) ∧
              (sorry () 0 (Fin.succ 2).succ.succ = 0 ∨ sorry () 0 (Fin.succ 2).succ.succ = 1) ∧
                (sorry () 0 (Fin.succ 2).succ.succ.succ = 0 ∨ sorry () 0 (Fin.succ 2).succ.succ.succ = 1) ∧
                  (sorry () 0 (Fin.succ 2).succ.succ.succ.succ = 0 ∨ sorry () 0 (Fin.succ 2).succ.succ.succ.succ = 1) ∧
                    (sorry () 0 (Fin.succ 2).succ.succ.succ.succ.succ = 0 ∨
                      sorry () 0 (Fin.succ 2).succ.succ.succ.succ.succ = 1)) ∧
    sorry () 0 =
      sorry () 0 0 +
        (sorry () 0 1 * 2 +
          (sorry () 0 2 * 4 +
            (sorry () 0 (Fin.succ 2) * 8 +
              (sorry () 0 (Fin.succ 2).succ * 16 +
                (sorry () 0 (Fin.succ 2).succ.succ * 32 +
                  (sorry () 0 (Fin.succ 2).succ.succ.succ * 64 +
                    (sorry () 0 (Fin.succ 2).succ.succ.succ.succ * 128 +
                      sorry () 0 (Fin.succ 2).succ.succ.succ.succ.succ * 256)))))))

case refine_2.«0».«1»
⊢ ((sorry () 1 0 = 0 ∨ sorry () 1 0 = 1) ∧
      (sorry () 1 1 = 0 ∨ sorry () 1 1 = 1) ∧
        (sorry () 1 2 = 0 ∨ sorry () 1 2 = 1) ∧
          (sorry () 1 (Fin.succ 2) = 0 ∨ sorry () 1 (Fin.succ 2) = 1) ∧
            (sorry () 1 (Fin.succ 2).succ = 0 ∨ sorry () 1 (Fin.succ 2).succ = 1) ∧
              (sorry () 1 (Fin.succ 2).succ.succ = 0 ∨ sorry () 1 (Fin.succ 2).succ.succ = 1) ∧
                (sorry () 1 (Fin.succ 2).succ.succ.succ = 0 ∨ sorry () 1 (Fin.succ 2).succ.succ.succ = 1) ∧
                  (sorry () 1 (Fin.succ 2).succ.succ.succ.succ = 0 ∨ sorry () 1 (Fin.succ 2).succ.succ.succ.succ = 1) ∧
                    (sorry () 1 (Fin.succ 2).succ.succ.succ.succ.succ = 0 ∨
                      sorry () 1 (Fin.succ 2).succ.succ.succ.succ.succ = 1)) ∧
    sorry () 1 =
      sorry () 1 0 +
        (sorry () 1 1 * 2 +
          (sorry () 1 2 * 4 +
            (sorry () 1 (Fin.succ 2) * 8 +
              (sorry () 1 (Fin.succ 2).succ * 16 +
                (sorry () 1 (Fin.succ 2).succ.succ * 32 +
                  (sorry () 1 (Fin.succ 2).succ.succ.succ * 64 +
                    (sorry () 1 (Fin.succ 2).succ.succ.succ.succ * 128 +
                      sorry () 1 (Fin.succ 2).succ.succ.succ.succ.succ * 256)))))))

case refine_2.«0».«2»
⊢ ((sorry () ⟨2, ⋯⟩ 0 = 0 ∨ sorry () ⟨2, ⋯⟩ 0 = 1) ∧
      (sorry () ⟨2, ⋯⟩ 1 = 0 ∨ sorry () ⟨2, ⋯⟩ 1 = 1) ∧
        (sorry () ⟨2, ⋯⟩ 2 = 0 ∨ sorry () ⟨2, ⋯⟩ 2 = 1) ∧
          (sorry () ⟨2, ⋯⟩ (Fin.succ 2) = 0 ∨ sorry () ⟨2, ⋯⟩ (Fin.succ 2) = 1) ∧
            (sorry () ⟨2, ⋯⟩ (Fin.succ 2).succ = 0 ∨ sorry () ⟨2, ⋯⟩ (Fin.succ 2).succ = 1) ∧
              (sorry () ⟨2, ⋯⟩ (Fin.succ 2).succ.succ = 0 ∨ sorry () ⟨2, ⋯⟩ (Fin.succ 2).succ.succ = 1) ∧
                (sorry () ⟨2, ⋯⟩ (Fin.succ 2).succ.succ.succ = 0 ∨ sorry () ⟨2, ⋯⟩ (Fin.succ 2).succ.succ.succ = 1) ∧
                  (sorry () ⟨2, ⋯⟩ (Fin.succ 2).succ.succ.succ.succ = 0 ∨
                      sorry () ⟨2, ⋯⟩ (Fin.succ 2).succ.succ.succ.succ = 1) ∧
                    (sorry () ⟨2, ⋯⟩ (Fin.succ 2).succ.succ.succ.succ.succ = 0 ∨
                      sorry () ⟨2, ⋯⟩ (Fin.succ 2).succ.succ.succ.succ.succ = 1)) ∧
    sorry () ⟨2, ⋯⟩ =
      sorry () ⟨2, ⋯⟩ 0 +
        (sorry () ⟨2, ⋯⟩ 1 * 2 +
          (sorry () ⟨2, ⋯⟩ 2 * 4 +
            (sorry () ⟨2, ⋯⟩ (Fin.succ 2) * 8 +
              (sorry () ⟨2, ⋯⟩ (Fin.succ 2).succ * 16 +
                (sorry () ⟨2, ⋯⟩ (Fin.succ 2).succ.succ * 32 +
                  (sorry () ⟨2, ⋯⟩ (Fin.succ 2).succ.succ.succ * 64 +
                    (sorry () ⟨2, ⋯⟩ (Fin.succ 2).succ.succ.succ.succ * 128 +
                      sorry () ⟨2, ⋯⟩ (Fin.succ 2).succ.succ.succ.succ.succ * 256)))))))

case refine_2.«0».«3»
⊢ ((sorry () ⟨3, ⋯⟩ 0 = 0 ∨ sorry () ⟨3, ⋯⟩ 0 = 1) ∧
      (sorry () ⟨3, ⋯⟩ 1 = 0 ∨ sorry () ⟨3, ⋯⟩ 1 = 1) ∧
        (sorry () ⟨3, ⋯⟩ 2 = 0 ∨ sorry () ⟨3, ⋯⟩ 2 = 1) ∧
          (sorry () ⟨3, ⋯⟩ (Fin.succ 2) = 0 ∨ sorry () ⟨3, ⋯⟩ (Fin.succ 2) = 1) ∧
            (sorry () ⟨3, ⋯⟩ (Fin.succ 2).succ = 0 ∨ sorry () ⟨3, ⋯⟩ (Fin.succ 2).succ = 1) ∧
              (sorry () ⟨3, ⋯⟩ (Fin.succ 2).succ.succ = 0 ∨ sorry () ⟨3, ⋯⟩ (Fin.succ 2).succ.succ = 1) ∧
                (sorry () ⟨3, ⋯⟩ (Fin.succ 2).succ.succ.succ = 0 ∨ sorry () ⟨3, ⋯⟩ (Fin.succ 2).succ.succ.succ = 1) ∧
                  (sorry () ⟨3, ⋯⟩ (Fin.succ 2).succ.succ.succ.succ = 0 ∨
                      sorry () ⟨3, ⋯⟩ (Fin.succ 2).succ.succ.succ.succ = 1) ∧
                    (sorry () ⟨3, ⋯⟩ (Fin.succ 2).succ.succ.succ.succ.succ = 0 ∨
                      sorry () ⟨3, ⋯⟩ (Fin.succ 2).succ.succ.succ.succ.succ = 1)) ∧
    sorry () ⟨3, ⋯⟩ =
      sorry () ⟨3, ⋯⟩ 0 +
        (sorry () ⟨3, ⋯⟩ 1 * 2 +
          (sorry () ⟨3, ⋯⟩ 2 * 4 +
            (sorry () ⟨3, ⋯⟩ (Fin.succ 2) * 8 +
              (sorry () ⟨3, ⋯⟩ (Fin.succ 2).succ * 16 +
                (sorry () ⟨3, ⋯⟩ (Fin.succ 2).succ.succ * 32 +
                  (sorry () ⟨3, ⋯⟩ (Fin.succ 2).succ.succ.succ * 64 +
                    (sorry () ⟨3, ⋯⟩ (Fin.succ 2).succ.succ.succ.succ * 128 +
                      sorry () ⟨3, ⋯⟩ (Fin.succ 2).succ.succ.succ.succ.succ * 256)))))))

case refine_2.«0».«4»
⊢ ((sorry () ⟨4, ⋯⟩ 0 = 0 ∨ sorry () ⟨4, ⋯⟩ 0 = 1) ∧
      (sorry () ⟨4, ⋯⟩ 1 = 0 ∨ sorry () ⟨4, ⋯⟩ 1 = 1) ∧
        (sorry () ⟨4, ⋯⟩ 2 = 0 ∨ sorry () ⟨4, ⋯⟩ 2 = 1) ∧
          (sorry () ⟨4, ⋯⟩ (Fin.succ 2) = 0 ∨ sorry () ⟨4, ⋯⟩ (Fin.succ 2) = 1) ∧
            (sorry () ⟨4, ⋯⟩ (Fin.succ 2).succ = 0 ∨ sorry () ⟨4, ⋯⟩ (Fin.succ 2).succ = 1) ∧
              (sorry () ⟨4, ⋯⟩ (Fin.succ 2).succ.succ = 0 ∨ sorry () ⟨4, ⋯⟩ (Fin.succ 2).succ.succ = 1) ∧
                (sorry () ⟨4, ⋯⟩ (Fin.succ 2).succ.succ.succ = 0 ∨ sorry () ⟨4, ⋯⟩ (Fin.succ 2).succ.succ.succ = 1) ∧
                  (sorry () ⟨4, ⋯⟩ (Fin.succ 2).succ.succ.succ.succ = 0 ∨
                      sorry () ⟨4, ⋯⟩ (Fin.succ 2).succ.succ.succ.succ = 1) ∧
                    (sorry () ⟨4, ⋯⟩ (Fin.succ 2).succ.succ.succ.succ.succ = 0 ∨
                      sorry () ⟨4, ⋯⟩ (Fin.succ 2).succ.succ.succ.succ.succ = 1)) ∧
    sorry () ⟨4, ⋯⟩ =
      sorry () ⟨4, ⋯⟩ 0 +
        (sorry () ⟨4, ⋯⟩ 1 * 2 +
          (sorry () ⟨4, ⋯⟩ 2 * 4 +
            (sorry () ⟨4, ⋯⟩ (Fin.succ 2) * 8 +
              (sorry () ⟨4, ⋯⟩ (Fin.succ 2).succ * 16 +
                (sorry () ⟨4, ⋯⟩ (Fin.succ 2).succ.succ * 32 +
                  (sorry () ⟨4, ⋯⟩ (Fin.succ 2).succ.succ.succ * 64 +
                    (sorry () ⟨4, ⋯⟩ (Fin.succ 2).succ.succ.succ.succ * 128 +
                      sorry () ⟨4, ⋯⟩ (Fin.succ 2).succ.succ.succ.succ.succ * 256)))))))

case refine_2.«0».«5»
⊢ ((sorry () ⟨5, ⋯⟩ 0 = 0 ∨ sorry () ⟨5, ⋯⟩ 0 = 1) ∧
      (sorry () ⟨5, ⋯⟩ 1 = 0 ∨ sorry () ⟨5, ⋯⟩ 1 = 1) ∧
        (sorry () ⟨5, ⋯⟩ 2 = 0 ∨ sorry () ⟨5, ⋯⟩ 2 = 1) ∧
          (sorry () ⟨5, ⋯⟩ (Fin.succ 2) = 0 ∨ sorry () ⟨5, ⋯⟩ (Fin.succ 2) = 1) ∧
            (sorry () ⟨5, ⋯⟩ (Fin.succ 2).succ = 0 ∨ sorry () ⟨5, ⋯⟩ (Fin.succ 2).succ = 1) ∧
              (sorry () ⟨5, ⋯⟩ (Fin.succ 2).succ.succ = 0 ∨ sorry () ⟨5, ⋯⟩ (Fin.succ 2).succ.succ = 1) ∧
                (sorry () ⟨5, ⋯⟩ (Fin.succ 2).succ.succ.succ = 0 ∨ sorry () ⟨5, ⋯⟩ (Fin.succ 2).succ.succ.succ = 1) ∧
                  (sorry () ⟨5, ⋯⟩ (Fin.succ 2).succ.succ.succ.succ = 0 ∨
                      sorry () ⟨5, ⋯⟩ (Fin.succ 2).succ.succ.succ.succ = 1) ∧
                    (sorry () ⟨5, ⋯⟩ (Fin.succ 2).succ.succ.succ.succ.succ = 0 ∨
                      sorry () ⟨5, ⋯⟩ (Fin.succ 2).succ.succ.succ.succ.succ = 1)) ∧
    sorry () ⟨5, ⋯⟩ =
      sorry () ⟨5, ⋯⟩ 0 +
        (sorry () ⟨5, ⋯⟩ 1 * 2 +
          (sorry () ⟨5, ⋯⟩ 2 * 4 +
            (sorry () ⟨5, ⋯⟩ (Fin.succ 2) * 8 +
              (sorry () ⟨5, ⋯⟩ (Fin.succ 2).succ * 16 +
                (sorry () ⟨5, ⋯⟩ (Fin.succ 2).succ.succ * 32 +
                  (sorry () ⟨5, ⋯⟩ (Fin.succ 2).succ.succ.succ * 64 +
                    (sorry () ⟨5, ⋯⟩ (Fin.succ 2).succ.succ.succ.succ * 128 +
                      sorry () ⟨5, ⋯⟩ (Fin.succ 2).succ.succ.succ.succ.succ * 256)))))))

case refine_2.«1».«0»
⊢ ((sorry () 0 0 = 0 ∨ sorry () 0 0 = 1) ∧
      (sorry () 0 1 = 0 ∨ sorry () 0 1 = 1) ∧
        (sorry () 0 2 = 0 ∨ sorry () 0 2 = 1) ∧
          (sorry () 0 (Fin.succ 2) = 0 ∨ sorry () 0 (Fin.succ 2) = 1) ∧
            (sorry () 0 (Fin.succ 2).succ = 0 ∨ sorry () 0 (Fin.succ 2).succ = 1) ∧
              (sorry () 0 (Fin.succ 2).succ.succ = 0 ∨ sorry () 0 (Fin.succ 2).succ.succ = 1) ∧
                (sorry () 0 (Fin.succ 2).succ.succ.succ = 0 ∨ sorry () 0 (Fin.succ 2).succ.succ.succ = 1) ∧
                  (sorry () 0 (Fin.succ 2).succ.succ.succ.succ = 0 ∨ sorry () 0 (Fin.succ 2).succ.succ.succ.succ = 1) ∧
                    (sorry () 0 (Fin.succ 2).succ.succ.succ.succ.succ = 0 ∨
                      sorry () 0 (Fin.succ 2).succ.succ.succ.succ.succ = 1)) ∧
    sorry () 0 =
      sorry () 0 0 +
        (sorry () 0 1 * 2 +
          (sorry () 0 2 * 4 +
            (sorry () 0 (Fin.succ 2) * 8 +
              (sorry () 0 (Fin.succ 2).succ * 16 +
                (sorry () 0 (Fin.succ 2).succ.succ * 32 +
                  (sorry () 0 (Fin.succ 2).succ.succ.succ * 64 +
                    (sorry () 0 (Fin.succ 2).succ.succ.succ.succ * 128 +
                      sorry () 0 (Fin.succ 2).succ.succ.succ.succ.succ * 256)))))))

case refine_2.«1».«1»
⊢ ((sorry () 1 0 = 0 ∨ sorry () 1 0 = 1) ∧
      (sorry () 1 1 = 0 ∨ sorry () 1 1 = 1) ∧
        (sorry () 1 2 = 0 ∨ sorry () 1 2 = 1) ∧
          (sorry () 1 (Fin.succ 2) = 0 ∨ sorry () 1 (Fin.succ 2) = 1) ∧
            (sorry () 1 (Fin.succ 2).succ = 0 ∨ sorry () 1 (Fin.succ 2).succ = 1) ∧
              (sorry () 1 (Fin.succ 2).succ.succ = 0 ∨ sorry () 1 (Fin.succ 2).succ.succ = 1) ∧
                (sorry () 1 (Fin.succ 2).succ.succ.succ = 0 ∨ sorry () 1 (Fin.succ 2).succ.succ.succ = 1) ∧
                  (sorry () 1 (Fin.succ 2).succ.succ.succ.succ = 0 ∨ sorry () 1 (Fin.succ 2).succ.succ.succ.succ = 1) ∧
                    (sorry () 1 (Fin.succ 2).succ.succ.succ.succ.succ = 0 ∨
                      sorry () 1 (Fin.succ 2).succ.succ.succ.succ.succ = 1)) ∧
    sorry () 1 =
      sorry () 1 0 +
        (sorry () 1 1 * 2 +
          (sorry () 1 2 * 4 +
            (sorry () 1 (Fin.succ 2) * 8 +
              (sorry () 1 (Fin.succ 2).succ * 16 +
                (sorry () 1 (Fin.succ 2).succ.succ * 32 +
                  (sorry () 1 (Fin.succ 2).succ.succ.succ * 64 +
                    (sorry () 1 (Fin.succ 2).succ.succ.succ.succ * 128 +
                      sorry () 1 (Fin.succ 2).succ.succ.succ.succ.succ * 256)))))))

case refine_2.«1».«2»
⊢ ((sorry () ⟨2, ⋯⟩ 0 = 0 ∨ sorry () ⟨2, ⋯⟩ 0 = 1) ∧
      (sorry () ⟨2, ⋯⟩ 1 = 0 ∨ sorry () ⟨2, ⋯⟩ 1 = 1) ∧
        (sorry () ⟨2, ⋯⟩ 2 = 0 ∨ sorry () ⟨2, ⋯⟩ 2 = 1) ∧
          (sorry () ⟨2, ⋯⟩ (Fin.succ 2) = 0 ∨ sorry () ⟨2, ⋯⟩ (Fin.succ 2) = 1) ∧
            (sorry () ⟨2, ⋯⟩ (Fin.succ 2).succ = 0 ∨ sorry () ⟨2, ⋯⟩ (Fin.succ 2).succ = 1) ∧
              (sorry () ⟨2, ⋯⟩ (Fin.succ 2).succ.succ = 0 ∨ sorry () ⟨2, ⋯⟩ (Fin.succ 2).succ.succ = 1) ∧
                (sorry () ⟨2, ⋯⟩ (Fin.succ 2).succ.succ.succ = 0 ∨ sorry () ⟨2, ⋯⟩ (Fin.succ 2).succ.succ.succ = 1) ∧
                  (sorry () ⟨2, ⋯⟩ (Fin.succ 2).succ.succ.succ.succ = 0 ∨
                      sorry () ⟨2, ⋯⟩ (Fin.succ 2).succ.succ.succ.succ = 1) ∧
                    (sorry () ⟨2, ⋯⟩ (Fin.succ 2).succ.succ.succ.succ.succ = 0 ∨
                      sorry () ⟨2, ⋯⟩ (Fin.succ 2).succ.succ.succ.succ.succ = 1)) ∧
    sorry () ⟨2, ⋯⟩ =
      sorry () ⟨2, ⋯⟩ 0 +
        (sorry () ⟨2, ⋯⟩ 1 * 2 +
          (sorry () ⟨2, ⋯⟩ 2 * 4 +
            (sorry () ⟨2, ⋯⟩ (Fin.succ 2) * 8 +
              (sorry () ⟨2, ⋯⟩ (Fin.succ 2).succ * 16 +
                (sorry () ⟨2, ⋯⟩ (Fin.succ 2).succ.succ * 32 +
                  (sorry () ⟨2, ⋯⟩ (Fin.succ 2).succ.succ.succ * 64 +
                    (sorry () ⟨2, ⋯⟩ (Fin.succ 2).succ.succ.succ.succ * 128 +
                      sorry () ⟨2, ⋯⟩ (Fin.succ 2).succ.succ.succ.succ.succ * 256)))))))

case refine_2.«1».«3»
⊢ ((sorry () ⟨3, ⋯⟩ 0 = 0 ∨ sorry () ⟨3, ⋯⟩ 0 = 1) ∧
      (sorry () ⟨3, ⋯⟩ 1 = 0 ∨ sorry () ⟨3, ⋯⟩ 1 = 1) ∧
        (sorry () ⟨3, ⋯⟩ 2 = 0 ∨ sorry () ⟨3, ⋯⟩ 2 = 1) ∧
          (sorry () ⟨3, ⋯⟩ (Fin.succ 2) = 0 ∨ sorry () ⟨3, ⋯⟩ (Fin.succ 2) = 1) ∧
            (sorry () ⟨3, ⋯⟩ (Fin.succ 2).succ = 0 ∨ sorry () ⟨3, ⋯⟩ (Fin.succ 2).succ = 1) ∧
              (sorry () ⟨3, ⋯⟩ (Fin.succ 2).succ.succ = 0 ∨ sorry () ⟨3, ⋯⟩ (Fin.succ 2).succ.succ = 1) ∧
                (sorry () ⟨3, ⋯⟩ (Fin.succ 2).succ.succ.succ = 0 ∨ sorry () ⟨3, ⋯⟩ (Fin.succ 2).succ.succ.succ = 1) ∧
                  (sorry () ⟨3, ⋯⟩ (Fin.succ 2).succ.succ.succ.succ = 0 ∨
                      sorry () ⟨3, ⋯⟩ (Fin.succ 2).succ.succ.succ.succ = 1) ∧
                    (sorry () ⟨3, ⋯⟩ (Fin.succ 2).succ.succ.succ.succ.succ = 0 ∨
                      sorry () ⟨3, ⋯⟩ (Fin.succ 2).succ.succ.succ.succ.succ = 1)) ∧
    sorry () ⟨3, ⋯⟩ =
      sorry () ⟨3, ⋯⟩ 0 +
        (sorry () ⟨3, ⋯⟩ 1 * 2 +
          (sorry () ⟨3, ⋯⟩ 2 * 4 +
            (sorry () ⟨3, ⋯⟩ (Fin.succ 2) * 8 +
              (sorry () ⟨3, ⋯⟩ (Fin.succ 2).succ * 16 +
                (sorry () ⟨3, ⋯⟩ (Fin.succ 2).succ.succ * 32 +
                  (sorry () ⟨3, ⋯⟩ (Fin.succ 2).succ.succ.succ * 64 +
                    (sorry () ⟨3, ⋯⟩ (Fin.succ 2).succ.succ.succ.succ * 128 +
                      sorry () ⟨3, ⋯⟩ (Fin.succ 2).succ.succ.succ.succ.succ * 256)))))))

case refine_2.«1».«4»
⊢ ((sorry () ⟨4, ⋯⟩ 0 = 0 ∨ sorry () ⟨4, ⋯⟩ 0 = 1) ∧
      (sorry () ⟨4, ⋯⟩ 1 = 0 ∨ sorry () ⟨4, ⋯⟩ 1 = 1) ∧
        (sorry () ⟨4, ⋯⟩ 2 = 0 ∨ sorry () ⟨4, ⋯⟩ 2 = 1) ∧
          (sorry () ⟨4, ⋯⟩ (Fin.succ 2) = 0 ∨ sorry () ⟨4, ⋯⟩ (Fin.succ 2) = 1) ∧
            (sorry () ⟨4, ⋯⟩ (Fin.succ 2).succ = 0 ∨ sorry () ⟨4, ⋯⟩ (Fin.succ 2).succ = 1) ∧
              (sorry () ⟨4, ⋯⟩ (Fin.succ 2).succ.succ = 0 ∨ sorry () ⟨4, ⋯⟩ (Fin.succ 2).succ.succ = 1) ∧
                (sorry () ⟨4, ⋯⟩ (Fin.succ 2).succ.succ.succ = 0 ∨ sorry () ⟨4, ⋯⟩ (Fin.succ 2).succ.succ.succ = 1) ∧
                  (sorry () ⟨4, ⋯⟩ (Fin.succ 2).succ.succ.succ.succ = 0 ∨
                      sorry () ⟨4, ⋯⟩ (Fin.succ 2).succ.succ.succ.succ = 1) ∧
                    (sorry () ⟨4, ⋯⟩ (Fin.succ 2).succ.succ.succ.succ.succ = 0 ∨
                      sorry () ⟨4, ⋯⟩ (Fin.succ 2).succ.succ.succ.succ.succ = 1)) ∧
    sorry () ⟨4, ⋯⟩ =
      sorry () ⟨4, ⋯⟩ 0 +
        (sorry () ⟨4, ⋯⟩ 1 * 2 +
          (sorry () ⟨4, ⋯⟩ 2 * 4 +
            (sorry () ⟨4, ⋯⟩ (Fin.succ 2) * 8 +
              (sorry () ⟨4, ⋯⟩ (Fin.succ 2).succ * 16 +
                (sorry () ⟨4, ⋯⟩ (Fin.succ 2).succ.succ * 32 +
                  (sorry () ⟨4, ⋯⟩ (Fin.succ 2).succ.succ.succ * 64 +
                    (sorry () ⟨4, ⋯⟩ (Fin.succ 2).succ.succ.succ.succ * 128 +
                      sorry () ⟨4, ⋯⟩ (Fin.succ 2).succ.succ.succ.succ.succ * 256)))))))

case refine_2.«1».«5»
⊢ ((sorry () ⟨5, ⋯⟩ 0 = 0 ∨ sorry () ⟨5, ⋯⟩ 0 = 1) ∧
      (sorry () ⟨5, ⋯⟩ 1 = 0 ∨ sorry () ⟨5, ⋯⟩ 1 = 1) ∧
        (sorry () ⟨5, ⋯⟩ 2 = 0 ∨ sorry () ⟨5, ⋯⟩ 2 = 1) ∧
          (sorry () ⟨5, ⋯⟩ (Fin.succ 2) = 0 ∨ sorry () ⟨5, ⋯⟩ (Fin.succ 2) = 1) ∧
            (sorry () ⟨5, ⋯⟩ (Fin.succ 2).succ = 0 ∨ sorry () ⟨5, ⋯⟩ (Fin.succ 2).succ = 1) ∧
              (sorry () ⟨5, ⋯⟩ (Fin.succ 2).succ.succ = 0 ∨ sorry () ⟨5, ⋯⟩ (Fin.succ 2).succ.succ = 1) ∧
                (sorry () ⟨5, ⋯⟩ (Fin.succ 2).succ.succ.succ = 0 ∨ sorry () ⟨5, ⋯⟩ (Fin.succ 2).succ.succ.succ = 1) ∧
                  (sorry () ⟨5, ⋯⟩ (Fin.succ 2).succ.succ.succ.succ = 0 ∨
                      sorry () ⟨5, ⋯⟩ (Fin.succ 2).succ.succ.succ.succ = 1) ∧
                    (sorry () ⟨5, ⋯⟩ (Fin.succ 2).succ.succ.succ.succ.succ = 0 ∨
                      sorry () ⟨5, ⋯⟩ (Fin.succ 2).succ.succ.succ.succ.succ = 1)) ∧
    sorry () ⟨5, ⋯⟩ =
      sorry () ⟨5, ⋯⟩ 0 +
        (sorry () ⟨5, ⋯⟩ 1 * 2 +
          (sorry () ⟨5, ⋯⟩ 2 * 4 +
            (sorry () ⟨5, ⋯⟩ (Fin.succ 2) * 8 +
              (sorry () ⟨5, ⋯⟩ (Fin.succ 2).succ * 16 +
                (sorry () ⟨5, ⋯⟩ (Fin.succ 2).succ.succ * 32 +
                  (sorry () ⟨5, ⋯⟩ (Fin.succ 2).succ.succ.succ * 64 +
                    (sorry () ⟨5, ⋯⟩ (Fin.succ 2).succ.succ.succ.succ * 128 +
                      sorry () ⟨5, ⋯⟩ (Fin.succ 2).succ.succ.succ.succ.succ * 256)))))))
Compiler/BfvTeachingExhibits.lean:63:53: error(lean.unknownIdentifier): Unknown identifier `lo`
Compiler/BfvTeachingExhibits.lean:63:53: error(lean.unknownIdentifier): Unknown identifier `lo`
Compiler/BfvTeachingExhibits.lean:63:53: error(lean.unknownIdentifier): Unknown identifier `lo`
Compiler/BfvTeachingExhibits.lean:63:53: error(lean.unknownIdentifier): Unknown identifier `lo`
Compiler/BfvTeachingExhibits.lean:63:53: error(lean.unknownIdentifier): Unknown identifier `lo`
Compiler/BfvTeachingExhibits.lean:63:53: error(lean.unknownIdentifier): Unknown identifier `lo`
Compiler/BfvTeachingExhibits.lean:63:53: error(lean.unknownIdentifier): Unknown identifier `lo`
Compiler/BfvTeachingExhibits.lean:63:53: error(lean.unknownIdentifier): Unknown identifier `lo`
Compiler/BfvTeachingExhibits.lean:63:53: error(lean.unknownIdentifier): Unknown identifier `lo`
Compiler/BfvTeachingExhibits.lean:63:53: error(lean.unknownIdentifier): Unknown identifier `lo`
Compiler/BfvTeachingExhibits.lean:63:53: error(lean.unknownIdentifier): Unknown identifier `lo`
Compiler/BfvTeachingExhibits.lean:63:53: error(lean.unknownIdentifier): Unknown identifier `lo`
Compiler/BfvTeachingExhibits.lean:63:53: error(lean.unknownIdentifier): Unknown identifier `lo`
Compiler/BfvTeachingExhibits.lean:63:53: error(lean.unknownIdentifier): Unknown identifier `lo`
Compiler/BfvTeachingExhibits.lean:63:53: error(lean.unknownIdentifier): Unknown identifier `lo`
Compiler/BfvTeachingExhibits.lean:63:53: error(lean.unknownIdentifier): Unknown identifier `lo`
Compiler/BfvTeachingExhibits.lean:63:53: error(lean.unknownIdentifier): Unknown identifier `lo`
Compiler/BfvTeachingExhibits.lean:63:53: error(lean.unknownIdentifier): Unknown identifier `lo`
Compiler/BfvTeachingExhibits.lean:63:53: error(lean.unknownIdentifier): Unknown identifier `lo`
Compiler/BfvTeachingExhibits.lean:63:53: error(lean.unknownIdentifier): Unknown identifier `lo`
Compiler/BfvTeachingExhibits.lean:63:53: error(lean.unknownIdentifier): Unknown identifier `lo`
Compiler/BfvTeachingExhibits.lean:63:53: error(lean.unknownIdentifier): Unknown identifier `lo`
Compiler/BfvTeachingExhibits.lean:63:53: error(lean.unknownIdentifier): Unknown identifier `lo`
Compiler/BfvTeachingExhibits.lean:63:53: error(lean.unknownIdentifier): Unknown identifier `lo`
Compiler/BfvTeachingExhibits.lean:59:2: error: unsolved goals
case refine_5.«0».«0»
left✝ : (fun i => i) ⟨0, ⋯⟩ ∈ List.finRange 12
ht :
  column 37 (macWires good ((fun i => i) ⟨0, ⋯⟩)) ((fun i => i) ⟨0, ⋯⟩) ∈
    List.map (column 37 (macWires good ((fun i => i) ⟨0, ⋯⟩))) (List.finRange 12)
⊢ 4 * (sorry () 0 * sorry () 0) + sorry () 0 + 32768 + 16777216 =
    sorry () 0 + ↑(Bignum.digitsLE 512 6 37)[0] * sorry () 0 + 16777216 + 32768

case refine_5.«0».«1»
left✝ : (fun i => i) ⟨1, ⋯⟩ ∈ List.finRange 12
ht :
  column 37 (macWires good ((fun i => i) ⟨0, ⋯⟩)) ((fun i => i) ⟨1, ⋯⟩) ∈
    List.map (column 37 (macWires good ((fun i => i) ⟨0, ⋯⟩))) (List.finRange 12)
⊢ 4 * (sorry () 0 * sorry () 1) + 4 * (sorry () 1 * sorry () 0) + sorry () 1 + 32768 + 16777216 =
    sorry () 1 + (↑(Bignum.digitsLE 512 6 37)[0] * sorry () 1 + ↑(Bignum.digitsLE 512 6 37)[1] * sorry () 0) +
        16777216 +
      32768

case refine_5.«0».«2»
left✝ : (fun i => i) ⟨2, ⋯⟩ ∈ List.finRange 12
ht :
  column 37 (macWires good ((fun i => i) ⟨0, ⋯⟩)) ((fun i => i) ⟨2, ⋯⟩) ∈
    List.map (column 37 (macWires good ((fun i => i) ⟨0, ⋯⟩))) (List.finRange 12)
⊢ 4 * (sorry () 0 * sorry () 2) + (4 * (sorry () 1 * sorry () 1) + 4 * (sorry () 2 * sorry () 0)) + sorry () ⟨2, ⋯⟩ +
        32768 +
      16777216 =
    sorry () ⟨2, ⋯⟩ +
          (↑(Bignum.digitsLE 512 6 37)[0] * sorry () 2 +
            (↑(Bignum.digitsLE 512 6 37)[1] * sorry () 1 + ↑(Bignum.digitsLE 512 6 37)[2] * sorry () 0)) +
        16777216 +
      32768

case refine_5.«0».«3»
left✝ : (fun i => i) ⟨3, ⋯⟩ ∈ List.finRange 12
ht :
  column 37 (macWires good ((fun i => i) ⟨0, ⋯⟩)) ((fun i => i) ⟨3, ⋯⟩) ∈
    List.map (column 37 (macWires good ((fun i => i) ⟨0, ⋯⟩))) (List.finRange 12)
⊢ 4 * (sorry () 0 * sorry () (Fin.succ 2)) +
            (4 * (sorry () 1 * sorry () 2) +
              (4 * (sorry () 2 * sorry () 1) + 4 * (sorry () (Fin.succ 2) * sorry () 0))) +
          sorry () ⟨3, ⋯⟩ +
        32768 +
      16777216 =
    sorry () ⟨3, ⋯⟩ +
          (↑(Bignum.digitsLE 512 6 37)[0] * sorry () (Fin.succ 2) +
            (↑(Bignum.digitsLE 512 6 37)[1] * sorry () 2 +
              (↑(Bignum.digitsLE 512 6 37)[2] * sorry () 1 + ↑(Bignum.digitsLE 512 6 37)[3] * sorry () 0))) +
        16777216 +
      32768

case refine_5.«0».«4»
left✝ : (fun i => i) ⟨4, ⋯⟩ ∈ List.finRange 12
ht :
  column 37 (macWires good ((fun i => i) ⟨0, ⋯⟩)) ((fun i => i) ⟨4, ⋯⟩) ∈
    List.map (column 37 (macWires good ((fun i => i) ⟨0, ⋯⟩))) (List.finRange 12)
⊢ 4 * (sorry () 0 * sorry () (Fin.succ 2).succ) +
            (4 * (sorry () 1 * sorry () (Fin.succ 2)) +
              (4 * (sorry () 2 * sorry () 2) +
                (4 * (sorry () (Fin.succ 2) * sorry () 1) + 4 * (sorry () (Fin.succ 2).succ * sorry () 0)))) +
          sorry () ⟨4, ⋯⟩ +
        32768 +
      16777216 =
    sorry () ⟨4, ⋯⟩ +
          (↑(Bignum.digitsLE 512 6 37)[0] * sorry () (Fin.succ 2).succ +
            (↑(Bignum.digitsLE 512 6 37)[1] * sorry () (Fin.succ 2) +
              (↑(Bignum.digitsLE 512 6 37)[2] * sorry () 2 +
                (↑(Bignum.digitsLE 512 6 37)[3] * sorry () 1 + ↑(Bignum.digitsLE 512 6 37)[4] * sorry () 0)))) +
        16777216 +
      32768

case refine_5.«0».«5»
left✝ : (fun i => i) ⟨5, ⋯⟩ ∈ List.finRange 12
ht :
  column 37 (macWires good ((fun i => i) ⟨0, ⋯⟩)) ((fun i => i) ⟨5, ⋯⟩) ∈
    List.map (column 37 (macWires good ((fun i => i) ⟨0, ⋯⟩))) (List.finRange 12)
⊢ 4 * (sorry () 0 * sorry () (Fin.succ 2).succ.succ) +
            (4 * (sorry () 1 * sorry () (Fin.succ 2).succ) +
              (4 * (sorry () 2 * sorry () (Fin.succ 2)) +
                (4 * (sorry () (Fin.succ 2) * sorry () 2) +
                  (4 * (sorry () (Fin.succ 2).succ * sorry () 1) +
                    4 * (sorry () (Fin.succ 2).succ.succ * sorry () 0))))) +
          sorry () ⟨5, ⋯⟩ +
        32768 +
      16777216 =
    sorry () ⟨5, ⋯⟩ +
          (↑(Bignum.digitsLE 512 6 37)[0] * sorry () (Fin.succ 2).succ.succ +
            (↑(Bignum.digitsLE 512 6 37)[1] * sorry () (Fin.succ 2).succ +
              (↑(Bignum.digitsLE 512 6 37)[2] * sorry () (Fin.succ 2) +
                (↑(Bignum.digitsLE 512 6 37)[3] * sorry () 2 +
                  (↑(Bignum.digitsLE 512 6 37)[4] * sorry () 1 + ↑(Bignum.digitsLE 512 6 37)[5] * sorry () 0))))) +
        16777216 +
      32768

case refine_5.«0».«6»
left✝ : (fun i => i) ⟨6, ⋯⟩ ∈ List.finRange 12
ht :
  column 37 (macWires good ((fun i => i) ⟨0, ⋯⟩)) ((fun i => i) ⟨6, ⋯⟩) ∈
    List.map (column 37 (macWires good ((fun i => i) ⟨0, ⋯⟩))) (List.finRange 12)
⊢ 4 * (sorry () 1 * sorry () (Fin.succ 2).succ.succ) +
          (4 * (sorry () 2 * sorry () (Fin.succ 2).succ) +
            (4 * (sorry () (Fin.succ 2) * sorry () (Fin.succ 2)) +
              (4 * (sorry () (Fin.succ 2).succ * sorry () 2) + 4 * (sorry () (Fin.succ 2).succ.succ * sorry () 1)))) +
        32768 +
      16777216 =
    ↑(Bignum.digitsLE 512 6 37)[1] * sorry () (Fin.succ 2).succ.succ +
          (↑(Bignum.digitsLE 512 6 37)[2] * sorry () (Fin.succ 2).succ +
            (↑(Bignum.digitsLE 512 6 37)[3] * sorry () (Fin.succ 2) +
              (↑(Bignum.digitsLE 512 6 37)[4] * sorry () 2 + ↑(Bignum.digitsLE 512 6 37)[5] * sorry () 1))) +
        16777216 +
      32768

case refine_5.«0».«7»
left✝ : (fun i => i) ⟨7, ⋯⟩ ∈ List.finRange 12
ht :
  column 37 (macWires good ((fun i => i) ⟨0, ⋯⟩)) ((fun i => i) ⟨7, ⋯⟩) ∈
    List.map (column 37 (macWires good ((fun i => i) ⟨0, ⋯⟩))) (List.finRange 12)
⊢ 4 * (sorry () 2 * sorry () (Fin.succ 2).succ.succ) +
          (4 * (sorry () (Fin.succ 2) * sorry () (Fin.succ 2).succ) +
            (4 * (sorry () (Fin.succ 2).succ * sorry () (Fin.succ 2)) +
              4 * (sorry () (Fin.succ 2).succ.succ * sorry () 2))) +
        32768 +
      16777216 =
    ↑(Bignum.digitsLE 512 6 37)[2] * sorry () (Fin.succ 2).succ.succ +
          (↑(Bignum.digitsLE 512 6 37)[3] * sorry () (Fin.succ 2).succ +
            (↑(Bignum.digitsLE 512 6 37)[4] * sorry () (Fin.succ 2) + ↑(Bignum.digitsLE 512 6 37)[5] * sorry () 2)) +
        16777216 +
      32768

case refine_5.«0».«8»
left✝ : (fun i => i) ⟨8, ⋯⟩ ∈ List.finRange 12
ht :
  column 37 (macWires good ((fun i => i) ⟨0, ⋯⟩)) ((fun i => i) ⟨8, ⋯⟩) ∈
    List.map (column 37 (macWires good ((fun i => i) ⟨0, ⋯⟩))) (List.finRange 12)
⊢ 4 * (sorry () (Fin.succ 2) * sorry () (Fin.succ 2).succ.succ) +
          (4 * (sorry () (Fin.succ 2).succ * sorry () (Fin.succ 2).succ) +
            4 * (sorry () (Fin.succ 2).succ.succ * sorry () (Fin.succ 2))) +
        32768 +
      16777216 =
    ↑(Bignum.digitsLE 512 6 37)[3] * sorry () (Fin.succ 2).succ.succ +
          (↑(Bignum.digitsLE 512 6 37)[4] * sorry () (Fin.succ 2).succ +
            ↑(Bignum.digitsLE 512 6 37)[5] * sorry () (Fin.succ 2)) +
        16777216 +
      32768

case refine_5.«0».«9»
left✝ : (fun i => i) ⟨9, ⋯⟩ ∈ List.finRange 12
ht :
  column 37 (macWires good ((fun i => i) ⟨0, ⋯⟩)) ((fun i => i) ⟨9, ⋯⟩) ∈
    List.map (column 37 (macWires good ((fun i => i) ⟨0, ⋯⟩))) (List.finRange 12)
⊢ 4 * (sorry () (Fin.succ 2).succ * sorry () (Fin.succ 2).succ.succ) +
          4 * (sorry () (Fin.succ 2).succ.succ * sorry () (Fin.succ 2).succ) +
        32768 +
      16777216 =
    ↑(Bignum.digitsLE 512 6 37)[4] * sorry () (Fin.succ 2).succ.succ +
          ↑(Bignum.digitsLE 512 6 37)[5] * sorry () (Fin.succ 2).succ +
        16777216 +
      32768

case refine_5.«0».«10»
left✝ : (fun i => i) ⟨10, ⋯⟩ ∈ List.finRange 12
ht :
  column 37 (macWires good ((fun i => i) ⟨0, ⋯⟩)) ((fun i => i) ⟨10, ⋯⟩) ∈
    List.map (column 37 (macWires good ((fun i => i) ⟨0, ⋯⟩))) (List.finRange 12)
⊢ 4 * (sorry () (Fin.succ 2).succ.succ * sorry () (Fin.succ 2).succ.succ) + 32768 + 16777216 =
    ↑(Bignum.digitsLE 512 6 37)[5] * sorry () (Fin.succ 2).succ.succ + 16777216 + 32768

case refine_5.«1».«0»
left✝ : (fun i => i) ⟨0, ⋯⟩ ∈ List.finRange 12
ht :
  column 37 (macWires good ((fun i => i) ⟨1, ⋯⟩)) ((fun i => i) ⟨0, ⋯⟩) ∈
    List.map (column 37 (macWires good ((fun i => i) ⟨1, ⋯⟩))) (List.finRange 12)
⊢ 4 * (sorry () 0 * sorry () 0) + sorry () 0 + 32768 + 16777216 =
    sorry () 0 + ↑(Bignum.digitsLE 512 6 37)[0] * sorry () 0 + 16777216 + 32768

case refine_5.«1».«1»
left✝ : (fun i => i) ⟨1, ⋯⟩ ∈ List.finRange 12
ht :
  column 37 (macWires good ((fun i => i) ⟨1, ⋯⟩)) ((fun i => i) ⟨1, ⋯⟩) ∈
    List.map (column 37 (macWires good ((fun i => i) ⟨1, ⋯⟩))) (List.finRange 12)
⊢ 4 * (sorry () 0 * sorry () 1) + 4 * (sorry () 1 * sorry () 0) + sorry () 1 + 32768 + 16777216 =
    sorry () 1 + (↑(Bignum.digitsLE 512 6 37)[0] * sorry () 1 + ↑(Bignum.digitsLE 512 6 37)[1] * sorry () 0) +
        16777216 +
      32768

case refine_5.«1».«2»
left✝ : (fun i => i) ⟨2, ⋯⟩ ∈ List.finRange 12
ht :
  column 37 (macWires good ((fun i => i) ⟨1, ⋯⟩)) ((fun i => i) ⟨2, ⋯⟩) ∈
    List.map (column 37 (macWires good ((fun i => i) ⟨1, ⋯⟩))) (List.finRange 12)
⊢ 4 * (sorry () 0 * sorry () 2) + (4 * (sorry () 1 * sorry () 1) + 4 * (sorry () 2 * sorry () 0)) + sorry () ⟨2, ⋯⟩ +
        32768 +
      16777216 =
    sorry () ⟨2, ⋯⟩ +
          (↑(Bignum.digitsLE 512 6 37)[0] * sorry () 2 +
            (↑(Bignum.digitsLE 512 6 37)[1] * sorry () 1 + ↑(Bignum.digitsLE 512 6 37)[2] * sorry () 0)) +
        16777216 +
      32768

case refine_5.«1».«3»
left✝ : (fun i => i) ⟨3, ⋯⟩ ∈ List.finRange 12
ht :
  column 37 (macWires good ((fun i => i) ⟨1, ⋯⟩)) ((fun i => i) ⟨3, ⋯⟩) ∈
    List.map (column 37 (macWires good ((fun i => i) ⟨1, ⋯⟩))) (List.finRange 12)
⊢ 4 * (sorry () 0 * sorry () (Fin.succ 2)) +
            (4 * (sorry () 1 * sorry () 2) +
              (4 * (sorry () 2 * sorry () 1) + 4 * (sorry () (Fin.succ 2) * sorry () 0))) +
          sorry () ⟨3, ⋯⟩ +
        32768 +
      16777216 =
    sorry () ⟨3, ⋯⟩ +
          (↑(Bignum.digitsLE 512 6 37)[0] * sorry () (Fin.succ 2) +
            (↑(Bignum.digitsLE 512 6 37)[1] * sorry () 2 +
              (↑(Bignum.digitsLE 512 6 37)[2] * sorry () 1 + ↑(Bignum.digitsLE 512 6 37)[3] * sorry () 0))) +
        16777216 +
      32768

case refine_5.«1».«4»
left✝ : (fun i => i) ⟨4, ⋯⟩ ∈ List.finRange 12
ht :
  column 37 (macWires good ((fun i => i) ⟨1, ⋯⟩)) ((fun i => i) ⟨4, ⋯⟩) ∈
    List.map (column 37 (macWires good ((fun i => i) ⟨1, ⋯⟩))) (List.finRange 12)
⊢ 4 * (sorry () 0 * sorry () (Fin.succ 2).succ) +
            (4 * (sorry () 1 * sorry () (Fin.succ 2)) +
              (4 * (sorry () 2 * sorry () 2) +
                (4 * (sorry () (Fin.succ 2) * sorry () 1) + 4 * (sorry () (Fin.succ 2).succ * sorry () 0)))) +
          sorry () ⟨4, ⋯⟩ +
        32768 +
      16777216 =
    sorry () ⟨4, ⋯⟩ +
          (↑(Bignum.digitsLE 512 6 37)[0] * sorry () (Fin.succ 2).succ +
            (↑(Bignum.digitsLE 512 6 37)[1] * sorry () (Fin.succ 2) +
              (↑(Bignum.digitsLE 512 6 37)[2] * sorry () 2 +
                (↑(Bignum.digitsLE 512 6 37)[3] * sorry () 1 + ↑(Bignum.digitsLE 512 6 37)[4] * sorry () 0)))) +
        16777216 +
      32768

case refine_5.«1».«5»
left✝ : (fun i => i) ⟨5, ⋯⟩ ∈ List.finRange 12
ht :
  column 37 (macWires good ((fun i => i) ⟨1, ⋯⟩)) ((fun i => i) ⟨5, ⋯⟩) ∈
    List.map (column 37 (macWires good ((fun i => i) ⟨1, ⋯⟩))) (List.finRange 12)
⊢ 4 * (sorry () 0 * sorry () (Fin.succ 2).succ.succ) +
            (4 * (sorry () 1 * sorry () (Fin.succ 2).succ) +
              (4 * (sorry () 2 * sorry () (Fin.succ 2)) +
                (4 * (sorry () (Fin.succ 2) * sorry () 2) +
                  (4 * (sorry () (Fin.succ 2).succ * sorry () 1) +
                    4 * (sorry () (Fin.succ 2).succ.succ * sorry () 0))))) +
          sorry () ⟨5, ⋯⟩ +
        32768 +
      16777216 =
    sorry () ⟨5, ⋯⟩ +
          (↑(Bignum.digitsLE 512 6 37)[0] * sorry () (Fin.succ 2).succ.succ +
            (↑(Bignum.digitsLE 512 6 37)[1] * sorry () (Fin.succ 2).succ +
              (↑(Bignum.digitsLE 512 6 37)[2] * sorry () (Fin.succ 2) +
                (↑(Bignum.digitsLE 512 6 37)[3] * sorry () 2 +
                  (↑(Bignum.digitsLE 512 6 37)[4] * sorry () 1 + ↑(Bignum.digitsLE 512 6 37)[5] * sorry () 0))))) +
        16777216 +
      32768

case refine_5.«1».«6»
left✝ : (fun i => i) ⟨6, ⋯⟩ ∈ List.finRange 12
ht :
  column 37 (macWires good ((fun i => i) ⟨1, ⋯⟩)) ((fun i => i) ⟨6, ⋯⟩) ∈
    List.map (column 37 (macWires good ((fun i => i) ⟨1, ⋯⟩))) (List.finRange 12)
⊢ 4 * (sorry () 1 * sorry () (Fin.succ 2).succ.succ) +
          (4 * (sorry () 2 * sorry () (Fin.succ 2).succ) +
            (4 * (sorry () (Fin.succ 2) * sorry () (Fin.succ 2)) +
              (4 * (sorry () (Fin.succ 2).succ * sorry () 2) + 4 * (sorry () (Fin.succ 2).succ.succ * sorry () 1)))) +
        32768 +
      16777216 =
    ↑(Bignum.digitsLE 512 6 37)[1] * sorry () (Fin.succ 2).succ.succ +
          (↑(Bignum.digitsLE 512 6 37)[2] * sorry () (Fin.succ 2).succ +
            (↑(Bignum.digitsLE 512 6 37)[3] * sorry () (Fin.succ 2) +
              (↑(Bignum.digitsLE 512 6 37)[4] * sorry () 2 + ↑(Bignum.digitsLE 512 6 37)[5] * sorry () 1))) +
        16777216 +
      32768

case refine_5.«1».«7»
left✝ : (fun i => i) ⟨7, ⋯⟩ ∈ List.finRange 12
ht :
  column 37 (macWires good ((fun i => i) ⟨1, ⋯⟩)) ((fun i => i) ⟨7, ⋯⟩) ∈
    List.map (column 37 (macWires good ((fun i => i) ⟨1, ⋯⟩))) (List.finRange 12)
⊢ 4 * (sorry () 2 * sorry () (Fin.succ 2).succ.succ) +
          (4 * (sorry () (Fin.succ 2) * sorry () (Fin.succ 2).succ) +
            (4 * (sorry () (Fin.succ 2).succ * sorry () (Fin.succ 2)) +
              4 * (sorry () (Fin.succ 2).succ.succ * sorry () 2))) +
        32768 +
      16777216 =
    ↑(Bignum.digitsLE 512 6 37)[2] * sorry () (Fin.succ 2).succ.succ +
          (↑(Bignum.digitsLE 512 6 37)[3] * sorry () (Fin.succ 2).succ +
            (↑(Bignum.digitsLE 512 6 37)[4] * sorry () (Fin.succ 2) + ↑(Bignum.digitsLE 512 6 37)[5] * sorry () 2)) +
        16777216 +
      32768

case refine_5.«1».«8»
left✝ : (fun i => i) ⟨8, ⋯⟩ ∈ List.finRange 12
ht :
  column 37 (macWires good ((fun i => i) ⟨1, ⋯⟩)) ((fun i => i) ⟨8, ⋯⟩) ∈
    List.map (column 37 (macWires good ((fun i => i) ⟨1, ⋯⟩))) (List.finRange 12)
⊢ 4 * (sorry () (Fin.succ 2) * sorry () (Fin.succ 2).succ.succ) +
          (4 * (sorry () (Fin.succ 2).succ * sorry () (Fin.succ 2).succ) +
            4 * (sorry () (Fin.succ 2).succ.succ * sorry () (Fin.succ 2))) +
        32768 +
      16777216 =
    ↑(Bignum.digitsLE 512 6 37)[3] * sorry () (Fin.succ 2).succ.succ +
          (↑(Bignum.digitsLE 512 6 37)[4] * sorry () (Fin.succ 2).succ +
            ↑(Bignum.digitsLE 512 6 37)[5] * sorry () (Fin.succ 2)) +
        16777216 +
      32768

case refine_5.«1».«9»
left✝ : (fun i => i) ⟨9, ⋯⟩ ∈ List.finRange 12
ht :
  column 37 (macWires good ((fun i => i) ⟨1, ⋯⟩)) ((fun i => i) ⟨9, ⋯⟩) ∈
    List.map (column 37 (macWires good ((fun i => i) ⟨1, ⋯⟩))) (List.finRange 12)
⊢ 4 * (sorry () (Fin.succ 2).succ * sorry () (Fin.succ 2).succ.succ) +
          4 * (sorry () (Fin.succ 2).succ.succ * sorry () (Fin.succ 2).succ) +
        32768 +
      16777216 =
    ↑(Bignum.digitsLE 512 6 37)[4] * sorry () (Fin.succ 2).succ.succ +
          ↑(Bignum.digitsLE 512 6 37)[5] * sorry () (Fin.succ 2).succ +
        16777216 +
      32768

case refine_5.«1».«10»
left✝ : (fun i => i) ⟨10, ⋯⟩ ∈ List.finRange 12
ht :
  column 37 (macWires good ((fun i => i) ⟨1, ⋯⟩)) ((fun i => i) ⟨10, ⋯⟩) ∈
    List.map (column 37 (macWires good ((fun i => i) ⟨1, ⋯⟩))) (List.finRange 12)
⊢ 4 * (sorry () (Fin.succ 2).succ.succ * sorry () (Fin.succ 2).succ.succ) + 32768 + 16777216 =
    ↑(Bignum.digitsLE 512 6 37)[5] * sorry () (Fin.succ 2).succ.succ + 16777216 + 32768
Compiler/BfvTeachingExhibits.lean:54:25: warning: declaration uses `sorry`
Compiler/BfvTeachingExhibits.lean:68:49: error(lean.unknownIdentifier): Unknown identifier `lo`
Compiler/BfvTeachingExhibits.lean:68:49: error(lean.unknownIdentifier): Unknown identifier `lo`
Compiler/BfvTeachingExhibits.lean:68:49: error(lean.unknownIdentifier): Unknown identifier `lo`
Compiler/BfvTeachingExhibits.lean:68:49: error(lean.unknownIdentifier): Unknown identifier `lo`
Compiler/BfvTeachingExhibits.lean:68:49: error(lean.unknownIdentifier): Unknown identifier `lo`
Compiler/BfvTeachingExhibits.lean:68:49: error(lean.unknownIdentifier): Unknown identifier `lo`
Compiler/BfvTeachingExhibits.lean:68:49: error(lean.unknownIdentifier): Unknown identifier `lo`
Compiler/BfvTeachingExhibits.lean:68:49: error(lean.unknownIdentifier): Unknown identifier `lo`
Compiler/BfvTeachingExhibits.lean:68:49: error: maximum number of errors (100; from option `maxErrors`) reached, exiting
