revision,test_index,truth,linear,tensorsketch
304,0,card_arrival,card_arrival,card_arrival
304,1,card_arrival,card_arrival,card_delivery_estimate
304,2,card_arrival,card_arrival,card_arrival
304,3,card_arrival,card_arrival,card_arrival
304,4,card_arrival,card_arrival,card_delivery_estimate
304,5,card_arrival,card_delivery_estimate,card_delivery_estimate
304,6,card_arrival,card_arrival,card_arrival
304,7,card_arrival,declined_card_payment,card_payment_not_recognised
304,8,card_arrival,card_arrival,card_delivery_estimate
304,9,card_arrival,card_delivery_estimate,card_delivery_estimate
304,10,card_arrival,card_arrival,card_arrival
304,11,card_arrival,card_delivery_estimate,card_delivery_estimate
304,12,card_arrival,card_swallowed,card_swallowed
304,13,card_arrival,card_about_to_expire,card_delivery_estimate
304,14,card_arrival,card_delivery_estimate,card_delivery_estimate
304,15,card_arrival,card_delivery_estimate,card_delivery_estimate
304,16,card_arrival,declined_card_payment,card_delivery_estimate
304,17,card_arrival,card_arrival,card_arrival
304,18,card_arrival,card_arrival,card_arrival
304,19,card_arrival,card_arrival,card_arrival
304,20,card_arrival,card_arrival,card_arrival
304,21,card_arrival,card_arrival,card_arrival
304,22,card_arrival,card_delivery_estimate,card_delivery_estimate
304,23,card_arrival,card_arrival,card_arrival
304,24,card_arrival,card_arrival,card_arrival
304,25,card_arrival,card_arrival,card_arrival
304,26,card_arrival,card_arrival,contactless_not_working
304,27,card_arrival,card_delivery_estimate,card_arrival
304,28,card_arrival,card_arrival,card_arrival
304,29,card_arrival,card_arrival,card_arrival
304,30,card_arrival,card_arrival,card_delivery_estimate
304,31,card_arrival,card_arrival,card_arrival
304,32,card_arrival,card_arrival,card_delivery_estimate
304,33,card_arrival,card_arrival,card_delivery_estimate
304,34,card_arrival,card_arrival,card_arrival
304,35,card_arrival,card_arrival,card_arrival
304,36,card_arrival,card_arrival,card_arrival
304,37,card_arrival,card_arrival,card_arrival
304,38,card_arrival,card_arrival,card_arrival
304,39,card_arrival,card_arrival,card_arrival
304,40,card_linking,card_linking,card_linking
304,41,card_linking,activate_my_card,contactless_not_working
304,42,card_linking,card_linking,card_arrival
304,43,card_linking,card_linking,card_arrival
304,44,card_linking,card_linking,card_arrival
304,45,card_linking,card_linking,card_arrival
304,46,card_linking,card_linking,card_linking
304,47,card_linking,activate_my_card,card_arrival
304,48,card_linking,card_linking,card_linking
304,49,card_linking,card_linking,card_arrival
304,50,card_linking,card_linking,card_arrival
304,51,card_linking,activate_my_card,card_arrival
304,52,card_linking,card_linking,card_arrival
304,53,card_linking,card_linking,card_linking
304,54,card_linking,card_linking,card_arrival
304,55,card_linking,card_linking,card_arrival
304,56,card_linking,card_linking,card_arrival
304,57,card_linking,card_arrival,card_arrival
304,58,card_linking,card_linking,card_arrival
304,59,card_linking,card_linking,card_linking
304,60,card_linking,card_linking,card_arrival
304,61,card_linking,card_linking,card_arrival
304,62,card_linking,activate_my_card,cash_withdrawal_not_recognised
304,63,card_linking,card_linking,card_linking
304,64,card_linking,card_linking,card_linking
304,65,card_linking,card_linking,card_arrival
304,66,card_linking,card_arrival,card_payment_not_recognised
304,67,card_linking,card_linking,card_arrival
304,68,card_linking,card_linking,card_arrival
304,69,card_linking,card_arrival,card_arrival
304,70,card_linking,card_about_to_expire,card_acceptance
304,71,card_linking,card_linking,card_linking
304,72,card_linking,card_linking,card_linking
304,73,card_linking,card_linking,card_arrival
304,74,card_linking,card_linking,card_acceptance
304,75,card_linking,card_linking,card_linking
304,76,card_linking,card_linking,card_linking
304,77,card_linking,card_linking,card_arrival
304,78,card_linking,activate_my_card,card_arrival
304,79,card_linking,activate_my_card,card_arrival
304,80,exchange_rate,exchange_rate,exchange_rate
304,81,exchange_rate,exchange_rate,exchange_rate
304,82,exchange_rate,exchange_rate,exchange_rate
304,83,exchange_rate,exchange_rate,exchange_rate
304,84,exchange_rate,exchange_rate,exchange_rate
304,85,exchange_rate,exchange_rate,exchange_rate
304,86,exchange_rate,exchange_rate,exchange_rate
304,87,exchange_rate,exchange_rate,exchange_rate
304,88,exchange_rate,exchange_rate,exchange_rate
304,89,exchange_rate,exchange_rate,exchange_rate
304,90,exchange_rate,exchange_rate,exchange_rate
304,91,exchange_rate,exchange_rate,exchange_rate
304,92,exchange_rate,exchange_rate,exchange_rate
304,93,exchange_rate,exchange_charge,exchange_rate
304,94,exchange_rate,exchange_rate,exchange_rate
304,95,exchange_rate,exchange_rate,exchange_rate
304,96,exchange_rate,exchange_rate,exchange_rate
304,97,exchange_rate,exchange_rate,exchange_rate
304,98,exchange_rate,exchange_rate,exchange_rate
304,99,exchange_rate,exchange_rate,exchange_rate
304,100,exchange_rate,exchange_rate,exchange_rate
304,101,exchange_rate,exchange_rate,exchange_rate
304,102,exchange_rate,exchange_rate,exchange_rate
304,103,exchange_rate,exchange_rate,exchange_rate
304,104,exchange_rate,exchange_rate,exchange_rate
304,105,exchange_rate,exchange_rate,exchange_rate
304,106,exchange_rate,exchange_rate,exchange_rate
304,107,exchange_rate,exchange_rate,exchange_rate
304,108,exchange_rate,exchange_rate,exchange_rate
304,109,exchange_rate,exchange_rate,exchange_rate
304,110,exchange_rate,exchange_rate,exchange_rate
304,111,exchange_rate,exchange_rate,exchange_rate
304,112,exchange_rate,exchange_rate,exchange_rate
304,113,exchange_rate,exchange_rate,exchange_rate
304,114,exchange_rate,exchange_rate,exchange_rate
304,115,exchange_rate,exchange_rate,exchange_rate
304,116,exchange_rate,exchange_rate,exchange_rate
304,117,exchange_rate,exchange_rate,exchange_rate
304,118,exchange_rate,exchange_rate,exchange_rate
304,119,exchange_rate,exchange_rate,exchange_rate
304,120,card_payment_wrong_exchange_rate,card_payment_wrong_exchange_rate,card_payment_wrong_exchange_rate
304,121,card_payment_wrong_exchange_rate,card_payment_wrong_exchange_rate,card_payment_wrong_exchange_rate
304,122,card_payment_wrong_exchange_rate,card_payment_wrong_exchange_rate,card_payment_wrong_exchange_rate
304,123,card_payment_wrong_exchange_rate,card_payment_wrong_exchange_rate,card_payment_wrong_exchange_rate
304,124,card_payment_wrong_exchange_rate,card_payment_wrong_exchange_rate,card_payment_wrong_exchange_rate
304,125,card_payment_wrong_exchange_rate,card_payment_wrong_exchange_rate,exchange_rate
304,126,card_payment_wrong_exchange_rate,card_payment_wrong_exchange_rate,card_payment_wrong_exchange_rate
304,127,card_payment_wrong_exchange_rate,card_payment_wrong_exchange_rate,card_payment_wrong_exchange_rate
304,128,card_payment_wrong_exchange_rate,card_payment_wrong_exchange_rate,card_payment_wrong_exchange_rate
304,129,card_payment_wrong_exchange_rate,card_payment_wrong_exchange_rate,card_payment_wrong_exchange_rate
304,130,card_payment_wrong_exchange_rate,card_payment_wrong_exchange_rate,card_payment_wrong_exchange_rate
304,131,card_payment_wrong_exchange_rate,card_payment_wrong_exchange_rate,card_payment_wrong_exchange_rate
304,132,card_payment_wrong_exchange_rate,card_payment_wrong_exchange_rate,card_payment_wrong_exchange_rate
304,133,card_payment_wrong_exchange_rate,card_payment_wrong_exchange_rate,card_payment_wrong_exchange_rate
304,134,card_payment_wrong_exchange_rate,card_payment_wrong_exchange_rate,card_payment_wrong_exchange_rate
304,135,card_payment_wrong_exchange_rate,card_payment_wrong_exchange_rate,card_payment_wrong_exchange_rate
304,136,card_payment_wrong_exchange_rate,card_payment_wrong_exchange_rate,card_payment_wrong_exchange_rate
304,137,card_payment_wrong_exchange_rate,card_payment_wrong_exchange_rate,card_payment_wrong_exchange_rate
304,138,card_payment_wrong_exchange_rate,card_payment_fee_charged,card_payment_fee_charged
304,139,card_payment_wrong_exchange_rate,card_payment_wrong_exchange_rate,card_payment_wrong_exchange_rate
304,140,card_payment_wrong_exchange_rate,card_payment_wrong_exchange_rate,card_payment_wrong_exchange_rate
304,141,card_payment_wrong_exchange_rate,card_payment_wrong_exchange_rate,card_payment_wrong_exchange_rate
304,142,card_payment_wrong_exchange_rate,card_payment_wrong_exchange_rate,card_payment_wrong_exchange_rate
304,143,card_payment_wrong_exchange_rate,card_payment_wrong_exchange_rate,card_payment_wrong_exchange_rate
304,144,card_payment_wrong_exchange_rate,card_payment_wrong_exchange_rate,card_payment_wrong_exchange_rate
304,145,card_payment_wrong_exchange_rate,card_payment_wrong_exchange_rate,exchange_rate
304,146,card_payment_wrong_exchange_rate,card_payment_wrong_exchange_rate,card_payment_wrong_exchange_rate
304,147,card_payment_wrong_exchange_rate,card_payment_wrong_exchange_rate,exchange_rate
304,148,card_payment_wrong_exchange_rate,card_payment_wrong_exchange_rate,card_payment_wrong_exchange_rate
304,149,card_payment_wrong_exchange_rate,card_payment_wrong_exchange_rate,card_payment_wrong_exchange_rate
304,150,card_payment_wrong_exchange_rate,card_payment_wrong_exchange_rate,card_payment_wrong_exchange_rate
304,151,card_payment_wrong_exchange_rate,card_payment_wrong_exchange_rate,card_payment_wrong_exchange_rate
304,152,card_payment_wrong_exchange_rate,card_payment_wrong_exchange_rate,card_payment_wrong_exchange_rate
304,153,card_payment_wrong_exchange_rate,card_payment_wrong_exchange_rate,card_payment_wrong_exchange_rate
304,154,card_payment_wrong_exchange_rate,card_payment_wrong_exchange_rate,card_payment_wrong_exchange_rate
304,155,card_payment_wrong_exchange_rate,card_payment_wrong_exchange_rate,card_payment_wrong_exchange_rate
304,156,card_payment_wrong_exchange_rate,exchange_rate,exchange_rate
304,157,card_payment_wrong_exchange_rate,card_payment_wrong_exchange_rate,card_payment_wrong_exchange_rate
304,158,card_payment_wrong_exchange_rate,card_payment_wrong_exchange_rate,card_payment_wrong_exchange_rate
304,159,card_payment_wrong_exchange_rate,card_payment_wrong_exchange_rate,card_payment_wrong_exchange_rate
304,160,extra_charge_on_statement,extra_charge_on_statement,card_payment_not_recognised
304,161,extra_charge_on_statement,extra_charge_on_statement,cash_withdrawal_charge
304,162,extra_charge_on_statement,extra_charge_on_statement,card_payment_wrong_exchange_rate
304,163,extra_charge_on_statement,cash_withdrawal_charge,cash_withdrawal_charge
304,164,extra_charge_on_statement,direct_debit_payment_not_recognised,card_payment_wrong_exchange_rate
304,165,extra_charge_on_statement,extra_charge_on_statement,card_payment_wrong_exchange_rate
304,166,extra_charge_on_statement,extra_charge_on_statement,exchange_rate
304,167,extra_charge_on_statement,extra_charge_on_statement,extra_charge_on_statement
304,168,extra_charge_on_statement,extra_charge_on_statement,extra_charge_on_statement
304,169,extra_charge_on_statement,extra_charge_on_statement,extra_charge_on_statement
304,170,extra_charge_on_statement,extra_charge_on_statement,extra_charge_on_statement
304,171,extra_charge_on_statement,extra_charge_on_statement,extra_charge_on_statement
304,172,extra_charge_on_statement,balance_not_updated_after_cheque_or_cash_deposit,exchange_rate
304,173,extra_charge_on_statement,card_payment_fee_charged,exchange_rate
304,174,extra_charge_on_statement,extra_charge_on_statement,extra_charge_on_statement
304,175,extra_charge_on_statement,extra_charge_on_statement,extra_charge_on_statement
304,176,extra_charge_on_statement,extra_charge_on_statement,extra_charge_on_statement
304,177,extra_charge_on_statement,card_payment_fee_charged,card_payment_fee_charged
304,178,extra_charge_on_statement,card_payment_fee_charged,cash_withdrawal_charge
304,179,extra_charge_on_statement,extra_charge_on_statement,cash_withdrawal_charge
304,180,extra_charge_on_statement,exchange_rate,exchange_rate
304,181,extra_charge_on_statement,extra_charge_on_statement,extra_charge_on_statement
304,182,extra_charge_on_statement,extra_charge_on_statement,balance_not_updated_after_cheque_or_cash_deposit
304,183,extra_charge_on_statement,extra_charge_on_statement,card_payment_wrong_exchange_rate
304,184,extra_charge_on_statement,extra_charge_on_statement,card_payment_wrong_exchange_rate
304,185,extra_charge_on_statement,cash_withdrawal_charge,cash_withdrawal_charge
304,186,extra_charge_on_statement,extra_charge_on_statement,card_payment_not_recognised
304,187,extra_charge_on_statement,extra_charge_on_statement,cash_withdrawal_charge
304,188,extra_charge_on_statement,extra_charge_on_statement,exchange_rate
304,189,extra_charge_on_statement,extra_charge_on_statement,extra_charge_on_statement
304,190,extra_charge_on_statement,extra_charge_on_statement,card_payment_wrong_exchange_rate
304,191,extra_charge_on_statement,extra_charge_on_statement,card_payment_wrong_exchange_rate
304,192,extra_charge_on_statement,extra_charge_on_statement,card_payment_not_recognised
304,193,extra_charge_on_statement,extra_charge_on_statement,cash_withdrawal_charge
304,194,extra_charge_on_statement,extra_charge_on_statement,extra_charge_on_statement
304,195,extra_charge_on_statement,extra_charge_on_statement,extra_charge_on_statement
304,196,extra_charge_on_statement,extra_charge_on_statement,card_payment_wrong_exchange_rate
304,197,extra_charge_on_statement,exchange_charge,exchange_rate
304,198,extra_charge_on_statement,extra_charge_on_statement,extra_charge_on_statement
304,199,extra_charge_on_statement,extra_charge_on_statement,cash_withdrawal_charge
304,200,pending_cash_withdrawal,declined_cash_withdrawal,declined_cash_withdrawal
304,201,pending_cash_withdrawal,card_swallowed,declined_cash_withdrawal
304,202,pending_cash_withdrawal,cash_withdrawal_not_recognised,declined_cash_withdrawal
304,203,pending_cash_withdrawal,balance_not_updated_after_cheque_or_cash_deposit,declined_cash_withdrawal
304,204,pending_cash_withdrawal,cash_withdrawal_charge,exchange_rate
304,205,pending_cash_withdrawal,declined_cash_withdrawal,declined_cash_withdrawal
304,206,pending_cash_withdrawal,declined_cash_withdrawal,declined_cash_withdrawal
304,207,pending_cash_withdrawal,card_swallowed,declined_cash_withdrawal
304,208,pending_cash_withdrawal,declined_cash_withdrawal,declined_cash_withdrawal
304,209,pending_cash_withdrawal,cash_withdrawal_charge,exchange_rate
304,210,pending_cash_withdrawal,declined_cash_withdrawal,declined_cash_withdrawal
304,211,pending_cash_withdrawal,declined_cash_withdrawal,declined_cash_withdrawal
304,212,pending_cash_withdrawal,declined_cash_withdrawal,declined_cash_withdrawal
304,213,pending_cash_withdrawal,declined_cash_withdrawal,declined_cash_withdrawal
304,214,pending_cash_withdrawal,declined_cash_withdrawal,declined_cash_withdrawal
304,215,pending_cash_withdrawal,cash_withdrawal_not_recognised,declined_cash_withdrawal
304,216,pending_cash_withdrawal,balance_not_updated_after_cheque_or_cash_deposit,exchange_rate
304,217,pending_cash_withdrawal,declined_cash_withdrawal,declined_cash_withdrawal
304,218,pending_cash_withdrawal,balance_not_updated_after_cheque_or_cash_deposit,declined_cash_withdrawal
304,219,pending_cash_withdrawal,card_swallowed,declined_cash_withdrawal
304,220,pending_cash_withdrawal,cash_withdrawal_charge,declined_cash_withdrawal
304,221,pending_cash_withdrawal,cash_withdrawal_not_recognised,cash_withdrawal_not_recognised
304,222,pending_cash_withdrawal,balance_not_updated_after_cheque_or_cash_deposit,balance_not_updated_after_cheque_or_cash_deposit
304,223,pending_cash_withdrawal,cash_withdrawal_not_recognised,declined_cash_withdrawal
304,224,pending_cash_withdrawal,cash_withdrawal_not_recognised,declined_cash_withdrawal
304,225,pending_cash_withdrawal,cash_withdrawal_not_recognised,declined_cash_withdrawal
304,226,pending_cash_withdrawal,cash_withdrawal_not_recognised,declined_cash_withdrawal
304,227,pending_cash_withdrawal,declined_card_payment,declined_cash_withdrawal
304,228,pending_cash_withdrawal,cash_withdrawal_not_recognised,declined_cash_withdrawal
304,229,pending_cash_withdrawal,declined_cash_withdrawal,declined_cash_withdrawal
304,230,pending_cash_withdrawal,cash_withdrawal_not_recognised,declined_cash_withdrawal
304,231,pending_cash_withdrawal,card_swallowed,declined_cash_withdrawal
304,232,pending_cash_withdrawal,declined_card_payment,declined_cash_withdrawal
304,233,pending_cash_withdrawal,cash_withdrawal_charge,declined_cash_withdrawal
304,234,pending_cash_withdrawal,cash_withdrawal_charge,atm_support
304,235,pending_cash_withdrawal,cash_withdrawal_not_recognised,cash_withdrawal_not_recognised
304,236,pending_cash_withdrawal,cash_withdrawal_charge,declined_cash_withdrawal
304,237,pending_cash_withdrawal,balance_not_updated_after_bank_transfer,atm_support
304,238,pending_cash_withdrawal,declined_cash_withdrawal,declined_cash_withdrawal
304,239,pending_cash_withdrawal,cancel_transfer,declined_cash_withdrawal
304,240,fiat_currency_support,fiat_currency_support,fiat_currency_support
304,241,fiat_currency_support,exchange_via_app,exchange_rate
304,242,fiat_currency_support,fiat_currency_support,fiat_currency_support
304,243,fiat_currency_support,fiat_currency_support,fiat_currency_support
304,244,fiat_currency_support,fiat_currency_support,fiat_currency_support
304,245,fiat_currency_support,fiat_currency_support,exchange_rate
304,246,fiat_currency_support,balance_not_updated_after_cheque_or_cash_deposit,declined_cash_withdrawal
304,247,fiat_currency_support,exchange_via_app,exchange_rate
304,248,fiat_currency_support,fiat_currency_support,fiat_currency_support
304,249,fiat_currency_support,fiat_currency_support,fiat_currency_support
304,250,fiat_currency_support,exchange_via_app,exchange_rate
304,251,fiat_currency_support,fiat_currency_support,fiat_currency_support
304,252,fiat_currency_support,exchange_via_app,exchange_rate
304,253,fiat_currency_support,fiat_currency_support,fiat_currency_support
304,254,fiat_currency_support,fiat_currency_support,exchange_rate
304,255,fiat_currency_support,exchange_via_app,exchange_rate
304,256,fiat_currency_support,fiat_currency_support,fiat_currency_support
304,257,fiat_currency_support,fiat_currency_support,fiat_currency_support
304,258,fiat_currency_support,exchange_rate,exchange_rate
304,259,fiat_currency_support,fiat_currency_support,fiat_currency_support
304,260,fiat_currency_support,fiat_currency_support,fiat_currency_support
304,261,fiat_currency_support,exchange_rate,exchange_rate
304,262,fiat_currency_support,exchange_rate,exchange_rate
304,263,fiat_currency_support,fiat_currency_support,exchange_rate
304,264,fiat_currency_support,exchange_via_app,exchange_via_app
304,265,fiat_currency_support,exchange_via_app,exchange_rate
304,266,fiat_currency_support,fiat_currency_support,fiat_currency_support
304,267,fiat_currency_support,fiat_currency_support,exchange_rate
304,268,fiat_currency_support,exchange_rate,exchange_rate
304,269,fiat_currency_support,fiat_currency_support,fiat_currency_support
304,270,fiat_currency_support,fiat_currency_support,fiat_currency_support
304,271,fiat_currency_support,exchange_via_app,exchange_via_app
304,272,fiat_currency_support,fiat_currency_support,fiat_currency_support
304,273,fiat_currency_support,fiat_currency_support,fiat_currency_support
304,274,fiat_currency_support,fiat_currency_support,exchange_rate
304,275,fiat_currency_support,fiat_currency_support,exchange_rate
304,276,fiat_currency_support,exchange_rate,exchange_rate
304,277,fiat_currency_support,fiat_currency_support,fiat_currency_support
304,278,fiat_currency_support,fiat_currency_support,exchange_rate
304,279,fiat_currency_support,exchange_via_app,exchange_rate
304,280,card_delivery_estimate,activate_my_card,card_delivery_estimate
304,281,card_delivery_estimate,card_arrival,card_arrival
304,282,card_delivery_estimate,card_delivery_estimate,card_delivery_estimate
304,283,card_delivery_estimate,card_delivery_estimate,card_delivery_estimate
304,284,card_delivery_estimate,card_delivery_estimate,card_delivery_estimate
304,285,card_delivery_estimate,card_delivery_estimate,card_delivery_estimate
304,286,card_delivery_estimate,card_delivery_estimate,card_delivery_estimate
304,287,card_delivery_estimate,card_delivery_estimate,card_delivery_estimate
304,288,card_delivery_estimate,card_delivery_estimate,card_delivery_estimate
304,289,card_delivery_estimate,card_delivery_estimate,card_delivery_estimate
304,290,card_delivery_estimate,card_delivery_estimate,card_delivery_estimate
304,291,card_delivery_estimate,card_delivery_estimate,card_delivery_estimate
304,292,card_delivery_estimate,card_arrival,card_delivery_estimate
304,293,card_delivery_estimate,card_delivery_estimate,exchange_rate
304,294,card_delivery_estimate,card_delivery_estimate,card_delivery_estimate
304,295,card_delivery_estimate,card_delivery_estimate,automatic_top_up
304,296,card_delivery_estimate,card_delivery_estimate,card_delivery_estimate
304,297,card_delivery_estimate,card_delivery_estimate,card_delivery_estimate
304,298,card_delivery_estimate,card_delivery_estimate,card_delivery_estimate
304,299,card_delivery_estimate,card_delivery_estimate,card_delivery_estimate
304,300,card_delivery_estimate,card_delivery_estimate,exchange_rate
304,301,card_delivery_estimate,card_delivery_estimate,card_delivery_estimate
304,302,card_delivery_estimate,card_delivery_estimate,card_delivery_estimate
304,303,card_delivery_estimate,card_delivery_estimate,card_delivery_estimate
304,304,card_delivery_estimate,card_delivery_estimate,card_delivery_estimate
304,305,card_delivery_estimate,card_arrival,card_delivery_estimate
304,306,card_delivery_estimate,card_delivery_estimate,card_delivery_estimate
304,307,card_delivery_estimate,card_delivery_estimate,exchange_rate
304,308,card_delivery_estimate,card_about_to_expire,card_arrival
304,309,card_delivery_estimate,card_delivery_estimate,card_delivery_estimate
304,310,card_delivery_estimate,card_delivery_estimate,card_delivery_estimate
304,311,card_delivery_estimate,card_delivery_estimate,card_delivery_estimate
304,312,card_delivery_estimate,card_arrival,card_delivery_estimate
304,313,card_delivery_estimate,card_delivery_estimate,card_delivery_estimate
304,314,card_delivery_estimate,card_delivery_estimate,card_delivery_estimate
304,315,card_delivery_estimate,card_delivery_estimate,exchange_rate
304,316,card_delivery_estimate,card_arrival,card_delivery_estimate
304,317,card_delivery_estimate,card_delivery_estimate,exchange_rate
304,318,card_delivery_estimate,card_arrival,card_arrival
304,319,card_delivery_estimate,card_delivery_estimate,automatic_top_up
304,320,automatic_top_up,automatic_top_up,automatic_top_up
304,321,automatic_top_up,automatic_top_up,automatic_top_up
304,322,automatic_top_up,automatic_top_up,automatic_top_up
304,323,automatic_top_up,automatic_top_up,automatic_top_up
304,324,automatic_top_up,automatic_top_up,automatic_top_up
304,325,automatic_top_up,automatic_top_up,automatic_top_up
304,326,automatic_top_up,automatic_top_up,automatic_top_up
304,327,automatic_top_up,automatic_top_up,automatic_top_up
304,328,automatic_top_up,automatic_top_up,automatic_top_up
304,329,automatic_top_up,automatic_top_up,automatic_top_up
304,330,automatic_top_up,automatic_top_up,automatic_top_up
304,331,automatic_top_up,automatic_top_up,contactless_not_working
304,332,automatic_top_up,automatic_top_up,automatic_top_up
304,333,automatic_top_up,automatic_top_up,exchange_rate
304,334,automatic_top_up,automatic_top_up,automatic_top_up
304,335,automatic_top_up,automatic_top_up,automatic_top_up
304,336,automatic_top_up,automatic_top_up,automatic_top_up
304,337,automatic_top_up,automatic_top_up,automatic_top_up
304,338,automatic_top_up,automatic_top_up,automatic_top_up
304,339,automatic_top_up,card_arrival,card_arrival
304,340,automatic_top_up,automatic_top_up,automatic_top_up
304,341,automatic_top_up,automatic_top_up,automatic_top_up
304,342,automatic_top_up,automatic_top_up,automatic_top_up
304,343,automatic_top_up,automatic_top_up,automatic_top_up
304,344,automatic_top_up,automatic_top_up,automatic_top_up
304,345,automatic_top_up,balance_not_updated_after_bank_transfer,balance_not_updated_after_cheque_or_cash_deposit
304,346,automatic_top_up,automatic_top_up,automatic_top_up
304,347,automatic_top_up,automatic_top_up,automatic_top_up
304,348,automatic_top_up,automatic_top_up,automatic_top_up
304,349,automatic_top_up,automatic_top_up,automatic_top_up
304,350,automatic_top_up,automatic_top_up,automatic_top_up
304,351,automatic_top_up,automatic_top_up,automatic_top_up
304,352,automatic_top_up,automatic_top_up,automatic_top_up
304,353,automatic_top_up,automatic_top_up,automatic_top_up
304,354,automatic_top_up,automatic_top_up,automatic_top_up
304,355,automatic_top_up,automatic_top_up,automatic_top_up
304,356,automatic_top_up,automatic_top_up,automatic_top_up
304,357,automatic_top_up,automatic_top_up,automatic_top_up
304,358,automatic_top_up,automatic_top_up,automatic_top_up
304,359,automatic_top_up,automatic_top_up,automatic_top_up
304,360,card_not_working,declined_card_payment,contactless_not_working
304,361,card_not_working,card_not_working,card_not_working
304,362,card_not_working,card_not_working,card_not_working
304,363,card_not_working,card_not_working,contactless_not_working
304,364,card_not_working,card_swallowed,declined_card_payment
304,365,card_not_working,card_not_working,card_not_working
304,366,card_not_working,card_not_working,declined_card_payment
304,367,card_not_working,declined_card_payment,declined_card_payment
304,368,card_not_working,card_linking,card_linking
304,369,card_not_working,card_not_working,card_not_working
304,370,card_not_working,card_not_working,contactless_not_working
304,371,card_not_working,card_not_working,declined_card_payment
304,372,card_not_working,card_not_working,card_not_working
304,373,card_not_working,card_not_working,card_not_working
304,374,card_not_working,card_not_working,card_not_working
304,375,card_not_working,card_not_working,declined_card_payment
304,376,card_not_working,card_not_working,card_not_working
304,377,card_not_working,declined_card_payment,declined_card_payment
304,378,card_not_working,card_not_working,card_not_working
304,379,card_not_working,card_not_working,card_not_working
304,380,card_not_working,card_not_working,card_not_working
304,381,card_not_working,card_not_working,card_not_working
304,382,card_not_working,card_swallowed,card_not_working
304,383,card_not_working,card_not_working,declined_card_payment
304,384,card_not_working,card_not_working,card_not_working
304,385,card_not_working,card_not_working,card_not_working
304,386,card_not_working,card_not_working,declined_card_payment
304,387,card_not_working,card_swallowed,contactless_not_working
304,388,card_not_working,card_not_working,card_not_working
304,389,card_not_working,card_not_working,declined_card_payment
304,390,card_not_working,card_not_working,card_not_working
304,391,card_not_working,card_not_working,card_not_working
304,392,card_not_working,card_swallowed,declined_card_payment
304,393,card_not_working,declined_card_payment,contactless_not_working
304,394,card_not_working,card_not_working,card_not_working
304,395,card_not_working,declined_card_payment,declined_card_payment
304,396,card_not_working,card_arrival,card_arrival
304,397,card_not_working,declined_card_payment,declined_card_payment
304,398,card_not_working,card_not_working,contactless_not_working
304,399,card_not_working,card_not_working,contactless_not_working
304,400,exchange_via_app,exchange_via_app,exchange_via_app
304,401,exchange_via_app,exchange_via_app,exchange_rate
304,402,exchange_via_app,exchange_via_app,exchange_via_app
304,403,exchange_via_app,exchange_rate,exchange_rate
304,404,exchange_via_app,exchange_via_app,exchange_via_app
304,405,exchange_via_app,exchange_via_app,exchange_via_app
304,406,exchange_via_app,exchange_via_app,exchange_rate
304,407,exchange_via_app,exchange_via_app,exchange_via_app
304,408,exchange_via_app,exchange_via_app,exchange_rate
304,409,exchange_via_app,exchange_via_app,exchange_rate
304,410,exchange_via_app,exchange_via_app,exchange_rate
304,411,exchange_via_app,exchange_via_app,exchange_rate
304,412,exchange_via_app,exchange_via_app,exchange_rate
304,413,exchange_via_app,exchange_via_app,exchange_via_app
304,414,exchange_via_app,exchange_via_app,exchange_via_app
304,415,exchange_via_app,exchange_via_app,exchange_rate
304,416,exchange_via_app,exchange_rate,exchange_rate
304,417,exchange_via_app,exchange_via_app,exchange_via_app
304,418,exchange_via_app,exchange_via_app,exchange_via_app
304,419,exchange_via_app,exchange_via_app,exchange_rate
304,420,exchange_via_app,exchange_via_app,exchange_rate
304,421,exchange_via_app,exchange_via_app,exchange_rate
304,422,exchange_via_app,exchange_via_app,exchange_via_app
304,423,exchange_via_app,exchange_via_app,exchange_rate
304,424,exchange_via_app,exchange_via_app,exchange_rate
304,425,exchange_via_app,exchange_via_app,exchange_via_app
304,426,exchange_via_app,exchange_via_app,exchange_via_app
304,427,exchange_via_app,exchange_via_app,exchange_rate
304,428,exchange_via_app,exchange_via_app,exchange_rate
304,429,exchange_via_app,exchange_via_app,exchange_via_app
304,430,exchange_via_app,exchange_via_app,exchange_via_app
304,431,exchange_via_app,exchange_via_app,exchange_rate
304,432,exchange_via_app,exchange_via_app,exchange_via_app
304,433,exchange_via_app,exchange_via_app,exchange_via_app
304,434,exchange_via_app,exchange_via_app,exchange_rate
304,435,exchange_via_app,card_payment_wrong_exchange_rate,exchange_rate
304,436,exchange_via_app,exchange_via_app,exchange_rate
304,437,exchange_via_app,exchange_via_app,exchange_via_app
304,438,exchange_via_app,exchange_via_app,exchange_via_app
304,439,exchange_via_app,exchange_via_app,exchange_via_app
304,440,lost_or_stolen_card,card_swallowed,card_swallowed
304,441,lost_or_stolen_card,card_swallowed,card_swallowed
304,442,lost_or_stolen_card,card_arrival,card_arrival
304,443,lost_or_stolen_card,card_swallowed,card_swallowed
304,444,lost_or_stolen_card,card_swallowed,card_swallowed
304,445,lost_or_stolen_card,card_swallowed,card_swallowed
304,446,lost_or_stolen_card,card_swallowed,card_swallowed
304,447,lost_or_stolen_card,card_swallowed,card_swallowed
304,448,lost_or_stolen_card,card_swallowed,card_swallowed
304,449,lost_or_stolen_card,card_swallowed,card_swallowed
304,450,lost_or_stolen_card,card_swallowed,card_swallowed
304,451,lost_or_stolen_card,card_arrival,card_arrival
304,452,lost_or_stolen_card,card_swallowed,card_swallowed
304,453,lost_or_stolen_card,card_payment_fee_charged,cash_withdrawal_charge
304,454,lost_or_stolen_card,declined_card_payment,declined_cash_withdrawal
304,455,lost_or_stolen_card,card_swallowed,card_swallowed
304,456,lost_or_stolen_card,card_swallowed,compromised_card
304,457,lost_or_stolen_card,card_swallowed,card_swallowed
304,458,lost_or_stolen_card,card_swallowed,card_swallowed
304,459,lost_or_stolen_card,card_linking,card_not_working
304,460,lost_or_stolen_card,card_swallowed,card_swallowed
304,461,lost_or_stolen_card,compromised_card,compromised_card
304,462,lost_or_stolen_card,compromised_card,compromised_card
304,463,lost_or_stolen_card,card_swallowed,card_swallowed
304,464,lost_or_stolen_card,card_swallowed,card_swallowed
304,465,lost_or_stolen_card,cancel_transfer,declined_cash_withdrawal
304,466,lost_or_stolen_card,card_swallowed,card_swallowed
304,467,lost_or_stolen_card,card_swallowed,card_swallowed
304,468,lost_or_stolen_card,card_swallowed,card_swallowed
304,469,lost_or_stolen_card,card_swallowed,card_swallowed
304,470,lost_or_stolen_card,card_arrival,card_arrival
304,471,lost_or_stolen_card,card_swallowed,card_swallowed
304,472,lost_or_stolen_card,card_swallowed,compromised_card
304,473,lost_or_stolen_card,card_swallowed,card_swallowed
304,474,lost_or_stolen_card,card_arrival,card_arrival
304,475,lost_or_stolen_card,card_swallowed,compromised_card
304,476,lost_or_stolen_card,card_swallowed,card_swallowed
304,477,lost_or_stolen_card,card_arrival,card_arrival
304,478,lost_or_stolen_card,card_swallowed,card_swallowed
304,479,lost_or_stolen_card,card_swallowed,card_swallowed
304,480,age_limit,age_limit,age_limit
304,481,age_limit,age_limit,age_limit
304,482,age_limit,age_limit,age_limit
304,483,age_limit,age_limit,age_limit
304,484,age_limit,age_limit,exchange_rate
304,485,age_limit,age_limit,age_limit
304,486,age_limit,age_limit,age_limit
304,487,age_limit,age_limit,age_limit
304,488,age_limit,age_limit,age_limit
304,489,age_limit,age_limit,age_limit
304,490,age_limit,age_limit,age_limit
304,491,age_limit,age_limit,age_limit
304,492,age_limit,age_limit,age_limit
304,493,age_limit,age_limit,age_limit
304,494,age_limit,age_limit,age_limit
304,495,age_limit,age_limit,age_limit
304,496,age_limit,age_limit,age_limit
304,497,age_limit,age_limit,age_limit
304,498,age_limit,age_limit,age_limit
304,499,age_limit,age_limit,age_limit
304,500,age_limit,age_limit,age_limit
304,501,age_limit,age_limit,age_limit
304,502,age_limit,age_limit,age_limit
304,503,age_limit,age_limit,age_limit
304,504,age_limit,age_limit,age_limit
304,505,age_limit,age_limit,age_limit
304,506,age_limit,age_limit,age_limit
304,507,age_limit,age_limit,age_limit
304,508,age_limit,age_limit,age_limit
304,509,age_limit,age_limit,age_limit
304,510,age_limit,age_limit,age_limit
304,511,age_limit,age_limit,age_limit
304,512,age_limit,age_limit,age_limit
304,513,age_limit,age_limit,age_limit
304,514,age_limit,age_limit,age_limit
304,515,age_limit,age_limit,age_limit
304,516,age_limit,age_limit,age_limit
304,517,age_limit,age_limit,age_limit
304,518,age_limit,age_limit,age_limit
304,519,age_limit,age_limit,age_limit
304,520,pin_blocked,change_pin,contactless_not_working
304,521,pin_blocked,change_pin,card_acceptance
304,522,pin_blocked,change_pin,contactless_not_working
304,523,pin_blocked,change_pin,contactless_not_working
304,524,pin_blocked,change_pin,contactless_not_working
304,525,pin_blocked,cancel_transfer,cancel_transfer
304,526,pin_blocked,card_swallowed,declined_cash_withdrawal
304,527,pin_blocked,card_not_working,contactless_not_working
304,528,pin_blocked,change_pin,contactless_not_working
304,529,pin_blocked,change_pin,contactless_not_working
304,530,pin_blocked,change_pin,contactless_not_working
304,531,pin_blocked,change_pin,contactless_not_working
304,532,pin_blocked,change_pin,contactless_not_working
304,533,pin_blocked,change_pin,contactless_not_working
304,534,pin_blocked,card_swallowed,declined_cash_withdrawal
304,535,pin_blocked,change_pin,contactless_not_working
304,536,pin_blocked,change_pin,contactless_not_working
304,537,pin_blocked,card_swallowed,card_swallowed
304,538,pin_blocked,card_linking,card_linking
304,539,pin_blocked,contactless_not_working,contactless_not_working
304,540,pin_blocked,change_pin,contactless_not_working
304,541,pin_blocked,card_swallowed,card_swallowed
304,542,pin_blocked,age_limit,balance_not_updated_after_cheque_or_cash_deposit
304,543,pin_blocked,declined_card_payment,contactless_not_working
304,544,pin_blocked,change_pin,contactless_not_working
304,545,pin_blocked,change_pin,contactless_not_working
304,546,pin_blocked,change_pin,contactless_not_working
304,547,pin_blocked,change_pin,contactless_not_working
304,548,pin_blocked,change_pin,contactless_not_working
304,549,pin_blocked,change_pin,contactless_not_working
304,550,pin_blocked,change_pin,contactless_not_working
304,551,pin_blocked,change_pin,change_pin
304,552,pin_blocked,change_pin,change_pin
304,553,pin_blocked,change_pin,change_pin
304,554,pin_blocked,change_pin,contactless_not_working
304,555,pin_blocked,card_swallowed,card_not_working
304,556,pin_blocked,change_pin,change_pin
304,557,pin_blocked,change_pin,contactless_not_working
304,558,pin_blocked,card_not_working,contactless_not_working
304,559,pin_blocked,change_pin,contactless_not_working
304,560,contactless_not_working,contactless_not_working,contactless_not_working
304,561,contactless_not_working,contactless_not_working,contactless_not_working
304,562,contactless_not_working,activate_my_card,card_acceptance
304,563,contactless_not_working,contactless_not_working,contactless_not_working
304,564,contactless_not_working,contactless_not_working,contactless_not_working
304,565,contactless_not_working,contactless_not_working,contactless_not_working
304,566,contactless_not_working,contactless_not_working,contactless_not_working
304,567,contactless_not_working,contactless_not_working,contactless_not_working
304,568,contactless_not_working,contactless_not_working,contactless_not_working
304,569,contactless_not_working,contactless_not_working,contactless_not_working
304,570,contactless_not_working,contactless_not_working,contactless_not_working
304,571,contactless_not_working,contactless_not_working,contactless_not_working
304,572,contactless_not_working,contactless_not_working,contactless_not_working
304,573,contactless_not_working,contactless_not_working,contactless_not_working
304,574,contactless_not_working,contactless_not_working,contactless_not_working
304,575,contactless_not_working,contactless_not_working,contactless_not_working
304,576,contactless_not_working,contactless_not_working,contactless_not_working
304,577,contactless_not_working,contactless_not_working,contactless_not_working
304,578,contactless_not_working,contactless_not_working,contactless_not_working
304,579,contactless_not_working,contactless_not_working,contactless_not_working
304,580,contactless_not_working,contactless_not_working,contactless_not_working
304,581,contactless_not_working,contactless_not_working,contactless_not_working
304,582,contactless_not_working,contactless_not_working,contactless_not_working
304,583,contactless_not_working,declined_card_payment,contactless_not_working
304,584,contactless_not_working,contactless_not_working,contactless_not_working
304,585,contactless_not_working,contactless_not_working,contactless_not_working
304,586,contactless_not_working,card_about_to_expire,card_arrival
304,587,contactless_not_working,contactless_not_working,contactless_not_working
304,588,contactless_not_working,contactless_not_working,contactless_not_working
304,589,contactless_not_working,contactless_not_working,contactless_not_working
304,590,contactless_not_working,contactless_not_working,contactless_not_working
304,591,contactless_not_working,contactless_not_working,contactless_not_working
304,592,contactless_not_working,contactless_not_working,contactless_not_working
304,593,contactless_not_working,contactless_not_working,contactless_not_working
304,594,contactless_not_working,contactless_not_working,contactless_not_working
304,595,contactless_not_working,contactless_not_working,contactless_not_working
304,596,contactless_not_working,contactless_not_working,contactless_not_working
304,597,contactless_not_working,contactless_not_working,contactless_not_working
304,598,contactless_not_working,contactless_not_working,contactless_not_working
304,599,contactless_not_working,card_payment_not_recognised,card_payment_not_recognised
304,600,top_up_by_bank_transfer_charge,exchange_charge,failed_transfer
304,601,top_up_by_bank_transfer_charge,failed_transfer,failed_transfer
304,602,top_up_by_bank_transfer_charge,failed_transfer,failed_transfer
304,603,top_up_by_bank_transfer_charge,automatic_top_up,apple_pay_or_google_pay
304,604,top_up_by_bank_transfer_charge,balance_not_updated_after_bank_transfer,failed_transfer
304,605,top_up_by_bank_transfer_charge,balance_not_updated_after_bank_transfer,failed_transfer
304,606,top_up_by_bank_transfer_charge,balance_not_updated_after_cheque_or_cash_deposit,declined_cash_withdrawal
304,607,top_up_by_bank_transfer_charge,failed_transfer,failed_transfer
304,608,top_up_by_bank_transfer_charge,card_payment_fee_charged,exchange_charge
304,609,top_up_by_bank_transfer_charge,balance_not_updated_after_bank_transfer,failed_transfer
304,610,top_up_by_bank_transfer_charge,card_payment_fee_charged,cash_withdrawal_charge
304,611,top_up_by_bank_transfer_charge,card_payment_fee_charged,exchange_rate
304,612,top_up_by_bank_transfer_charge,balance_not_updated_after_bank_transfer,failed_transfer
304,613,top_up_by_bank_transfer_charge,card_payment_fee_charged,cash_withdrawal_charge
304,614,top_up_by_bank_transfer_charge,card_payment_fee_charged,failed_transfer
304,615,top_up_by_bank_transfer_charge,card_payment_fee_charged,failed_transfer
304,616,top_up_by_bank_transfer_charge,cash_withdrawal_charge,apple_pay_or_google_pay
304,617,top_up_by_bank_transfer_charge,cash_withdrawal_charge,card_payment_not_recognised
304,618,top_up_by_bank_transfer_charge,apple_pay_or_google_pay,automatic_top_up
304,619,top_up_by_bank_transfer_charge,cancel_transfer,failed_transfer
304,620,top_up_by_bank_transfer_charge,cash_withdrawal_charge,cash_withdrawal_charge
304,621,top_up_by_bank_transfer_charge,cash_withdrawal_charge,exchange_rate
304,622,top_up_by_bank_transfer_charge,exchange_charge,exchange_rate
304,623,top_up_by_bank_transfer_charge,exchange_charge,exchange_rate
304,624,top_up_by_bank_transfer_charge,failed_transfer,failed_transfer
304,625,top_up_by_bank_transfer_charge,failed_transfer,failed_transfer
304,626,top_up_by_bank_transfer_charge,balance_not_updated_after_bank_transfer,failed_transfer
304,627,top_up_by_bank_transfer_charge,card_payment_fee_charged,failed_transfer
304,628,top_up_by_bank_transfer_charge,card_payment_fee_charged,failed_transfer
304,629,top_up_by_bank_transfer_charge,exchange_charge,failed_transfer
304,630,top_up_by_bank_transfer_charge,balance_not_updated_after_bank_transfer,declined_cash_withdrawal
304,631,top_up_by_bank_transfer_charge,automatic_top_up,apple_pay_or_google_pay
304,632,top_up_by_bank_transfer_charge,failed_transfer,failed_transfer
304,633,top_up_by_bank_transfer_charge,balance_not_updated_after_bank_transfer,failed_transfer
304,634,top_up_by_bank_transfer_charge,card_payment_fee_charged,failed_transfer
304,635,top_up_by_bank_transfer_charge,failed_transfer,failed_transfer
304,636,top_up_by_bank_transfer_charge,cash_withdrawal_charge,exchange_rate
304,637,top_up_by_bank_transfer_charge,card_payment_fee_charged,balance_not_updated_after_cheque_or_cash_deposit
304,638,top_up_by_bank_transfer_charge,failed_transfer,failed_transfer
304,639,top_up_by_bank_transfer_charge,balance_not_updated_after_bank_transfer,failed_transfer
304,640,pending_top_up,card_not_working,contactless_not_working
304,641,pending_top_up,declined_card_payment,declined_card_payment
304,642,pending_top_up,failed_transfer,automatic_top_up
304,643,pending_top_up,apple_pay_or_google_pay,apple_pay_or_google_pay
304,644,pending_top_up,apple_pay_or_google_pay,apple_pay_or_google_pay
304,645,pending_top_up,automatic_top_up,automatic_top_up
304,646,pending_top_up,failed_transfer,contactless_not_working
304,647,pending_top_up,declined_cash_withdrawal,declined_cash_withdrawal
304,648,pending_top_up,apple_pay_or_google_pay,contactless_not_working
304,649,pending_top_up,apple_pay_or_google_pay,contactless_not_working
304,650,pending_top_up,failed_transfer,failed_transfer
304,651,pending_top_up,apple_pay_or_google_pay,contactless_not_working
304,652,pending_top_up,automatic_top_up,apple_pay_or_google_pay
304,653,pending_top_up,balance_not_updated_after_bank_transfer,balance_not_updated_after_bank_transfer
304,654,pending_top_up,balance_not_updated_after_bank_transfer,declined_cash_withdrawal
304,655,pending_top_up,apple_pay_or_google_pay,contactless_not_working
304,656,pending_top_up,apple_pay_or_google_pay,apple_pay_or_google_pay
304,657,pending_top_up,apple_pay_or_google_pay,contactless_not_working
304,658,pending_top_up,balance_not_updated_after_bank_transfer,balance_not_updated_after_bank_transfer
304,659,pending_top_up,card_arrival,card_arrival
304,660,pending_top_up,apple_pay_or_google_pay,contactless_not_working
304,661,pending_top_up,apple_pay_or_google_pay,apple_pay_or_google_pay
304,662,pending_top_up,balance_not_updated_after_cheque_or_cash_deposit,contactless_not_working
304,663,pending_top_up,apple_pay_or_google_pay,apple_pay_or_google_pay
304,664,pending_top_up,card_not_working,contactless_not_working
304,665,pending_top_up,card_not_working,contactless_not_working
304,666,pending_top_up,card_swallowed,declined_cash_withdrawal
304,667,pending_top_up,balance_not_updated_after_cheque_or_cash_deposit,balance_not_updated_after_cheque_or_cash_deposit
304,668,pending_top_up,automatic_top_up,contactless_not_working
304,669,pending_top_up,balance_not_updated_after_cheque_or_cash_deposit,apple_pay_or_google_pay
304,670,pending_top_up,apple_pay_or_google_pay,contactless_not_working
304,671,pending_top_up,apple_pay_or_google_pay,apple_pay_or_google_pay
304,672,pending_top_up,declined_card_payment,declined_card_payment
304,673,pending_top_up,cash_withdrawal_not_recognised,cash_withdrawal_not_recognised
304,674,pending_top_up,apple_pay_or_google_pay,contactless_not_working
304,675,pending_top_up,apple_pay_or_google_pay,apple_pay_or_google_pay
304,676,pending_top_up,card_not_working,apple_pay_or_google_pay
304,677,pending_top_up,automatic_top_up,automatic_top_up
304,678,pending_top_up,extra_charge_on_statement,contactless_not_working
304,679,pending_top_up,declined_cash_withdrawal,declined_cash_withdrawal
304,680,cancel_transfer,cancel_transfer,cancel_transfer
304,681,cancel_transfer,cancel_transfer,cancel_transfer
304,682,cancel_transfer,cancel_transfer,cancel_transfer
304,683,cancel_transfer,card_payment_wrong_exchange_rate,card_payment_wrong_exchange_rate
304,684,cancel_transfer,cancel_transfer,cancel_transfer
304,685,cancel_transfer,cancel_transfer,cancel_transfer
304,686,cancel_transfer,cancel_transfer,cancel_transfer
304,687,cancel_transfer,cancel_transfer,cancel_transfer
304,688,cancel_transfer,cancel_transfer,cancel_transfer
304,689,cancel_transfer,cancel_transfer,cancel_transfer
304,690,cancel_transfer,cancel_transfer,cancel_transfer
304,691,cancel_transfer,cancel_transfer,card_payment_wrong_exchange_rate
304,692,cancel_transfer,cancel_transfer,cancel_transfer
304,693,cancel_transfer,cancel_transfer,cancel_transfer
304,694,cancel_transfer,cancel_transfer,cancel_transfer
304,695,cancel_transfer,cancel_transfer,cancel_transfer
304,696,cancel_transfer,cancel_transfer,cancel_transfer
304,697,cancel_transfer,cancel_transfer,cancel_transfer
304,698,cancel_transfer,cancel_transfer,cancel_transfer
304,699,cancel_transfer,cancel_transfer,cancel_transfer
304,700,cancel_transfer,cancel_transfer,cancel_transfer
304,701,cancel_transfer,cancel_transfer,failed_transfer
304,702,cancel_transfer,cancel_transfer,cancel_transfer
304,703,cancel_transfer,cancel_transfer,cancel_transfer
304,704,cancel_transfer,card_payment_wrong_exchange_rate,card_payment_wrong_exchange_rate
304,705,cancel_transfer,card_payment_not_recognised,card_payment_wrong_exchange_rate
304,706,cancel_transfer,cancel_transfer,cancel_transfer
304,707,cancel_transfer,Refund_not_showing_up,cancel_transfer
304,708,cancel_transfer,cancel_transfer,cancel_transfer
304,709,cancel_transfer,cancel_transfer,cancel_transfer
304,710,cancel_transfer,cancel_transfer,cancel_transfer
304,711,cancel_transfer,cancel_transfer,cancel_transfer
304,712,cancel_transfer,cancel_transfer,cancel_transfer
304,713,cancel_transfer,balance_not_updated_after_cheque_or_cash_deposit,balance_not_updated_after_cheque_or_cash_deposit
304,714,cancel_transfer,cancel_transfer,cancel_transfer
304,715,cancel_transfer,cancel_transfer,cancel_transfer
304,716,cancel_transfer,cancel_transfer,cancel_transfer
304,717,cancel_transfer,cancel_transfer,cancel_transfer
304,718,cancel_transfer,balance_not_updated_after_cheque_or_cash_deposit,cancel_transfer
304,719,cancel_transfer,cancel_transfer,cancel_transfer
304,720,top_up_limits,automatic_top_up,automatic_top_up
304,721,top_up_limits,automatic_top_up,automatic_top_up
304,722,top_up_limits,automatic_top_up,apple_pay_or_google_pay
304,723,top_up_limits,automatic_top_up,automatic_top_up
304,724,top_up_limits,automatic_top_up,exchange_rate
304,725,top_up_limits,automatic_top_up,automatic_top_up
304,726,top_up_limits,automatic_top_up,automatic_top_up
304,727,top_up_limits,automatic_top_up,automatic_top_up
304,728,top_up_limits,automatic_top_up,automatic_top_up
304,729,top_up_limits,automatic_top_up,automatic_top_up
304,730,top_up_limits,automatic_top_up,automatic_top_up
304,731,top_up_limits,automatic_top_up,automatic_top_up
304,732,top_up_limits,automatic_top_up,apple_pay_or_google_pay
304,733,top_up_limits,disposable_card_limits,disposable_card_limits
304,734,top_up_limits,automatic_top_up,automatic_top_up
304,735,top_up_limits,automatic_top_up,automatic_top_up
304,736,top_up_limits,automatic_top_up,automatic_top_up
304,737,top_up_limits,automatic_top_up,automatic_top_up
304,738,top_up_limits,automatic_top_up,automatic_top_up
304,739,top_up_limits,automatic_top_up,automatic_top_up
304,740,top_up_limits,automatic_top_up,automatic_top_up
304,741,top_up_limits,automatic_top_up,automatic_top_up
304,742,top_up_limits,automatic_top_up,automatic_top_up
304,743,top_up_limits,automatic_top_up,automatic_top_up
304,744,top_up_limits,automatic_top_up,automatic_top_up
304,745,top_up_limits,automatic_top_up,automatic_top_up
304,746,top_up_limits,automatic_top_up,automatic_top_up
304,747,top_up_limits,automatic_top_up,automatic_top_up
304,748,top_up_limits,automatic_top_up,automatic_top_up
304,749,top_up_limits,automatic_top_up,card_delivery_estimate
304,750,top_up_limits,automatic_top_up,automatic_top_up
304,751,top_up_limits,automatic_top_up,automatic_top_up
304,752,top_up_limits,automatic_top_up,automatic_top_up
304,753,top_up_limits,automatic_top_up,automatic_top_up
304,754,top_up_limits,automatic_top_up,automatic_top_up
304,755,top_up_limits,automatic_top_up,automatic_top_up
304,756,top_up_limits,automatic_top_up,automatic_top_up
304,757,top_up_limits,automatic_top_up,automatic_top_up
304,758,top_up_limits,automatic_top_up,automatic_top_up
304,759,top_up_limits,automatic_top_up,automatic_top_up
304,760,wrong_amount_of_cash_received,declined_cash_withdrawal,declined_cash_withdrawal
304,761,wrong_amount_of_cash_received,declined_cash_withdrawal,declined_cash_withdrawal
304,762,wrong_amount_of_cash_received,declined_cash_withdrawal,declined_cash_withdrawal
304,763,wrong_amount_of_cash_received,cash_withdrawal_charge,declined_cash_withdrawal
304,764,wrong_amount_of_cash_received,declined_cash_withdrawal,declined_cash_withdrawal
304,765,wrong_amount_of_cash_received,card_payment_wrong_exchange_rate,cash_withdrawal_not_recognised
304,766,wrong_amount_of_cash_received,card_swallowed,declined_cash_withdrawal
304,767,wrong_amount_of_cash_received,cash_withdrawal_not_recognised,declined_cash_withdrawal
304,768,wrong_amount_of_cash_received,card_payment_wrong_exchange_rate,card_payment_wrong_exchange_rate
304,769,wrong_amount_of_cash_received,card_swallowed,declined_cash_withdrawal
304,770,wrong_amount_of_cash_received,cash_withdrawal_not_recognised,declined_cash_withdrawal
304,771,wrong_amount_of_cash_received,declined_cash_withdrawal,declined_cash_withdrawal
304,772,wrong_amount_of_cash_received,card_swallowed,declined_cash_withdrawal
304,773,wrong_amount_of_cash_received,cash_withdrawal_not_recognised,balance_not_updated_after_cheque_or_cash_deposit
304,774,wrong_amount_of_cash_received,declined_card_payment,declined_cash_withdrawal
304,775,wrong_amount_of_cash_received,cash_withdrawal_not_recognised,declined_cash_withdrawal
304,776,wrong_amount_of_cash_received,declined_card_payment,declined_cash_withdrawal
304,777,wrong_amount_of_cash_received,cash_withdrawal_not_recognised,declined_cash_withdrawal
304,778,wrong_amount_of_cash_received,cash_withdrawal_not_recognised,declined_cash_withdrawal
304,779,wrong_amount_of_cash_received,declined_cash_withdrawal,declined_cash_withdrawal
304,780,wrong_amount_of_cash_received,balance_not_updated_after_cheque_or_cash_deposit,declined_cash_withdrawal
304,781,wrong_amount_of_cash_received,declined_card_payment,declined_cash_withdrawal
304,782,wrong_amount_of_cash_received,declined_card_payment,card_payment_wrong_exchange_rate
304,783,wrong_amount_of_cash_received,cash_withdrawal_not_recognised,cash_withdrawal_not_recognised
304,784,wrong_amount_of_cash_received,cash_withdrawal_not_recognised,cash_withdrawal_not_recognised
304,785,wrong_amount_of_cash_received,card_swallowed,declined_cash_withdrawal
304,786,wrong_amount_of_cash_received,failed_transfer,failed_transfer
304,787,wrong_amount_of_cash_received,cash_withdrawal_not_recognised,cash_withdrawal_not_recognised
304,788,wrong_amount_of_cash_received,declined_cash_withdrawal,declined_cash_withdrawal
304,789,wrong_amount_of_cash_received,declined_cash_withdrawal,declined_cash_withdrawal
304,790,wrong_amount_of_cash_received,card_swallowed,declined_cash_withdrawal
304,791,wrong_amount_of_cash_received,cash_withdrawal_not_recognised,declined_cash_withdrawal
304,792,wrong_amount_of_cash_received,cash_withdrawal_not_recognised,declined_cash_withdrawal
304,793,wrong_amount_of_cash_received,declined_cash_withdrawal,declined_cash_withdrawal
304,794,wrong_amount_of_cash_received,cash_withdrawal_not_recognised,cash_withdrawal_not_recognised
304,795,wrong_amount_of_cash_received,declined_cash_withdrawal,declined_cash_withdrawal
304,796,wrong_amount_of_cash_received,declined_card_payment,declined_card_payment
304,797,wrong_amount_of_cash_received,declined_cash_withdrawal,declined_cash_withdrawal
304,798,wrong_amount_of_cash_received,cash_withdrawal_not_recognised,declined_cash_withdrawal
304,799,wrong_amount_of_cash_received,declined_cash_withdrawal,declined_cash_withdrawal
304,800,card_payment_fee_charged,card_payment_fee_charged,card_payment_fee_charged
304,801,card_payment_fee_charged,card_payment_fee_charged,card_payment_fee_charged
304,802,card_payment_fee_charged,card_payment_fee_charged,card_payment_fee_charged
304,803,card_payment_fee_charged,card_payment_fee_charged,card_payment_fee_charged
304,804,card_payment_fee_charged,card_payment_fee_charged,card_payment_fee_charged
304,805,card_payment_fee_charged,card_payment_fee_charged,card_payment_fee_charged
304,806,card_payment_fee_charged,card_payment_fee_charged,card_payment_fee_charged
304,807,card_payment_fee_charged,card_payment_fee_charged,card_payment_wrong_exchange_rate
304,808,card_payment_fee_charged,extra_charge_on_statement,card_payment_not_recognised
304,809,card_payment_fee_charged,card_payment_fee_charged,card_payment_fee_charged
304,810,card_payment_fee_charged,card_payment_fee_charged,card_payment_fee_charged
304,811,card_payment_fee_charged,card_payment_fee_charged,card_payment_fee_charged
304,812,card_payment_fee_charged,extra_charge_on_statement,cash_withdrawal_charge
304,813,card_payment_fee_charged,card_payment_fee_charged,card_acceptance
304,814,card_payment_fee_charged,card_payment_fee_charged,card_payment_fee_charged
304,815,card_payment_fee_charged,card_payment_fee_charged,card_payment_fee_charged
304,816,card_payment_fee_charged,card_payment_fee_charged,card_payment_fee_charged
304,817,card_payment_fee_charged,card_payment_fee_charged,card_payment_fee_charged
304,818,card_payment_fee_charged,card_payment_fee_charged,card_payment_fee_charged
304,819,card_payment_fee_charged,card_payment_fee_charged,card_payment_fee_charged
304,820,card_payment_fee_charged,card_payment_fee_charged,card_payment_fee_charged
304,821,card_payment_fee_charged,card_payment_fee_charged,card_payment_fee_charged
304,822,card_payment_fee_charged,card_payment_fee_charged,card_payment_fee_charged
304,823,card_payment_fee_charged,card_payment_fee_charged,card_payment_fee_charged
304,824,card_payment_fee_charged,card_payment_fee_charged,card_payment_fee_charged
304,825,card_payment_fee_charged,card_payment_fee_charged,card_payment_fee_charged
304,826,card_payment_fee_charged,card_payment_fee_charged,card_payment_fee_charged
304,827,card_payment_fee_charged,card_payment_fee_charged,card_payment_fee_charged
304,828,card_payment_fee_charged,card_payment_fee_charged,exchange_rate
304,829,card_payment_fee_charged,extra_charge_on_statement,card_payment_not_recognised
304,830,card_payment_fee_charged,card_payment_fee_charged,card_acceptance
304,831,card_payment_fee_charged,card_payment_fee_charged,card_payment_fee_charged
304,832,card_payment_fee_charged,card_payment_fee_charged,card_acceptance
304,833,card_payment_fee_charged,card_payment_fee_charged,card_payment_fee_charged
304,834,card_payment_fee_charged,card_payment_fee_charged,card_payment_fee_charged
304,835,card_payment_fee_charged,card_payment_fee_charged,card_payment_fee_charged
304,836,card_payment_fee_charged,card_payment_fee_charged,card_payment_fee_charged
304,837,card_payment_fee_charged,card_payment_fee_charged,card_payment_fee_charged
304,838,card_payment_fee_charged,card_payment_fee_charged,card_payment_fee_charged
304,839,card_payment_fee_charged,card_payment_fee_charged,card_payment_fee_charged
304,840,transfer_not_received_by_recipient,balance_not_updated_after_bank_transfer,failed_transfer
304,841,transfer_not_received_by_recipient,balance_not_updated_after_cheque_or_cash_deposit,balance_not_updated_after_cheque_or_cash_deposit
304,842,transfer_not_received_by_recipient,balance_not_updated_after_cheque_or_cash_deposit,balance_not_updated_after_cheque_or_cash_deposit
304,843,transfer_not_received_by_recipient,card_payment_not_recognised,card_payment_wrong_exchange_rate
304,844,transfer_not_received_by_recipient,declined_cash_withdrawal,card_payment_not_recognised
304,845,transfer_not_received_by_recipient,balance_not_updated_after_bank_transfer,failed_transfer
304,846,transfer_not_received_by_recipient,card_arrival,exchange_rate
304,847,transfer_not_received_by_recipient,failed_transfer,failed_transfer
304,848,transfer_not_received_by_recipient,failed_transfer,failed_transfer
304,849,transfer_not_received_by_recipient,balance_not_updated_after_bank_transfer,exchange_rate
304,850,transfer_not_received_by_recipient,failed_transfer,balance_not_updated_after_cheque_or_cash_deposit
304,851,transfer_not_received_by_recipient,failed_transfer,failed_transfer
304,852,transfer_not_received_by_recipient,declined_card_payment,failed_transfer
304,853,transfer_not_received_by_recipient,balance_not_updated_after_cheque_or_cash_deposit,balance_not_updated_after_cheque_or_cash_deposit
304,854,transfer_not_received_by_recipient,balance_not_updated_after_cheque_or_cash_deposit,balance_not_updated_after_cheque_or_cash_deposit
304,855,transfer_not_received_by_recipient,card_payment_not_recognised,declined_cash_withdrawal
304,856,transfer_not_received_by_recipient,balance_not_updated_after_bank_transfer,balance_not_updated_after_cheque_or_cash_deposit
304,857,transfer_not_received_by_recipient,failed_transfer,failed_transfer
304,858,transfer_not_received_by_recipient,balance_not_updated_after_bank_transfer,balance_not_updated_after_bank_transfer
304,859,transfer_not_received_by_recipient,card_payment_not_recognised,card_payment_not_recognised
304,860,transfer_not_received_by_recipient,balance_not_updated_after_bank_transfer,balance_not_updated_after_cheque_or_cash_deposit
304,861,transfer_not_received_by_recipient,balance_not_updated_after_bank_transfer,failed_transfer
304,862,transfer_not_received_by_recipient,balance_not_updated_after_bank_transfer,failed_transfer
304,863,transfer_not_received_by_recipient,failed_transfer,failed_transfer
304,864,transfer_not_received_by_recipient,cancel_transfer,cancel_transfer
304,865,transfer_not_received_by_recipient,balance_not_updated_after_cheque_or_cash_deposit,contactless_not_working
304,866,transfer_not_received_by_recipient,balance_not_updated_after_cheque_or_cash_deposit,contactless_not_working
304,867,transfer_not_received_by_recipient,card_payment_wrong_exchange_rate,card_payment_wrong_exchange_rate
304,868,transfer_not_received_by_recipient,balance_not_updated_after_bank_transfer,failed_transfer
304,869,transfer_not_received_by_recipient,card_delivery_estimate,cancel_transfer
304,870,transfer_not_received_by_recipient,beneficiary_not_allowed,declined_cash_withdrawal
304,871,transfer_not_received_by_recipient,balance_not_updated_after_bank_transfer,balance_not_updated_after_bank_transfer
304,872,transfer_not_received_by_recipient,balance_not_updated_after_cheque_or_cash_deposit,balance_not_updated_after_cheque_or_cash_deposit
304,873,transfer_not_received_by_recipient,balance_not_updated_after_bank_transfer,beneficiary_not_allowed
304,874,transfer_not_received_by_recipient,balance_not_updated_after_bank_transfer,failed_transfer
304,875,transfer_not_received_by_recipient,balance_not_updated_after_bank_transfer,balance_not_updated_after_bank_transfer
304,876,transfer_not_received_by_recipient,card_delivery_estimate,card_delivery_estimate
304,877,transfer_not_received_by_recipient,beneficiary_not_allowed,beneficiary_not_allowed
304,878,transfer_not_received_by_recipient,failed_transfer,failed_transfer
304,879,transfer_not_received_by_recipient,failed_transfer,declined_cash_withdrawal
304,880,supported_cards_and_currencies,exchange_via_app,exchange_rate
304,881,supported_cards_and_currencies,card_not_working,apple_pay_or_google_pay
304,882,supported_cards_and_currencies,card_about_to_expire,card_acceptance
304,883,supported_cards_and_currencies,fiat_currency_support,fiat_currency_support
304,884,supported_cards_and_currencies,exchange_via_app,exchange_rate
304,885,supported_cards_and_currencies,exchange_via_app,fiat_currency_support
304,886,supported_cards_and_currencies,card_acceptance,card_acceptance
304,887,supported_cards_and_currencies,card_about_to_expire,card_acceptance
304,888,supported_cards_and_currencies,age_limit,balance_not_updated_after_cheque_or_cash_deposit
304,889,supported_cards_and_currencies,exchange_rate,exchange_rate
304,890,supported_cards_and_currencies,age_limit,balance_not_updated_after_cheque_or_cash_deposit
304,891,supported_cards_and_currencies,card_arrival,card_acceptance
304,892,supported_cards_and_currencies,card_acceptance,card_acceptance
304,893,supported_cards_and_currencies,card_acceptance,card_acceptance
304,894,supported_cards_and_currencies,balance_not_updated_after_cheque_or_cash_deposit,balance_not_updated_after_cheque_or_cash_deposit
304,895,supported_cards_and_currencies,card_acceptance,card_acceptance
304,896,supported_cards_and_currencies,card_acceptance,card_acceptance
304,897,supported_cards_and_currencies,fiat_currency_support,fiat_currency_support
304,898,supported_cards_and_currencies,balance_not_updated_after_cheque_or_cash_deposit,declined_cash_withdrawal
304,899,supported_cards_and_currencies,activate_my_card,balance_not_updated_after_cheque_or_cash_deposit
304,900,supported_cards_and_currencies,exchange_rate,exchange_rate
304,901,supported_cards_and_currencies,exchange_via_app,exchange_rate
304,902,supported_cards_and_currencies,card_acceptance,card_acceptance
304,903,supported_cards_and_currencies,exchange_via_app,exchange_rate
304,904,supported_cards_and_currencies,declined_card_payment,contactless_not_working
304,905,supported_cards_and_currencies,fiat_currency_support,fiat_currency_support
304,906,supported_cards_and_currencies,fiat_currency_support,fiat_currency_support
304,907,supported_cards_and_currencies,apple_pay_or_google_pay,apple_pay_or_google_pay
304,908,supported_cards_and_currencies,card_payment_not_recognised,card_payment_not_recognised
304,909,supported_cards_and_currencies,card_arrival,card_arrival
304,910,supported_cards_and_currencies,fiat_currency_support,fiat_currency_support
304,911,supported_cards_and_currencies,activate_my_card,card_acceptance
304,912,supported_cards_and_currencies,exchange_via_app,exchange_rate
304,913,supported_cards_and_currencies,exchange_via_app,exchange_via_app
304,914,supported_cards_and_currencies,exchange_via_app,balance_not_updated_after_cheque_or_cash_deposit
304,915,supported_cards_and_currencies,card_acceptance,exchange_rate
304,916,supported_cards_and_currencies,age_limit,balance_not_updated_after_cheque_or_cash_deposit
304,917,supported_cards_and_currencies,fiat_currency_support,fiat_currency_support
304,918,supported_cards_and_currencies,fiat_currency_support,fiat_currency_support
304,919,supported_cards_and_currencies,fiat_currency_support,fiat_currency_support
304,920,getting_virtual_card,card_acceptance,card_delivery_estimate
304,921,getting_virtual_card,card_arrival,card_delivery_estimate
304,922,getting_virtual_card,card_arrival,card_arrival
304,923,getting_virtual_card,card_arrival,card_delivery_estimate
304,924,getting_virtual_card,card_about_to_expire,card_delivery_estimate
304,925,getting_virtual_card,declined_card_payment,declined_card_payment
304,926,getting_virtual_card,card_arrival,card_arrival
304,927,getting_virtual_card,card_arrival,card_acceptance
304,928,getting_virtual_card,activate_my_card,card_delivery_estimate
304,929,getting_virtual_card,card_arrival,card_delivery_estimate
304,930,getting_virtual_card,card_about_to_expire,card_delivery_estimate
304,931,getting_virtual_card,declined_card_payment,card_delivery_estimate
304,932,getting_virtual_card,card_about_to_expire,card_arrival
304,933,getting_virtual_card,card_about_to_expire,card_arrival
304,934,getting_virtual_card,card_about_to_expire,card_delivery_estimate
304,935,getting_virtual_card,card_about_to_expire,card_acceptance
304,936,getting_virtual_card,activate_my_card,card_delivery_estimate
304,937,getting_virtual_card,card_about_to_expire,card_delivery_estimate
304,938,getting_virtual_card,card_acceptance,card_acceptance
304,939,getting_virtual_card,card_about_to_expire,card_delivery_estimate
304,940,getting_virtual_card,card_arrival,card_delivery_estimate
304,941,getting_virtual_card,activate_my_card,card_delivery_estimate
304,942,getting_virtual_card,card_arrival,card_delivery_estimate
304,943,getting_virtual_card,card_about_to_expire,card_delivery_estimate
304,944,getting_virtual_card,card_about_to_expire,card_delivery_estimate
304,945,getting_virtual_card,card_arrival,card_arrival
304,946,getting_virtual_card,card_arrival,card_arrival
304,947,getting_virtual_card,declined_card_payment,declined_card_payment
304,948,getting_virtual_card,card_about_to_expire,card_delivery_estimate
304,949,getting_virtual_card,card_arrival,contactless_not_working
304,950,getting_virtual_card,card_about_to_expire,card_delivery_estimate
304,951,getting_virtual_card,card_about_to_expire,card_delivery_estimate
304,952,getting_virtual_card,card_acceptance,card_delivery_estimate
304,953,getting_virtual_card,card_acceptance,card_acceptance
304,954,getting_virtual_card,card_about_to_expire,card_delivery_estimate
304,955,getting_virtual_card,card_delivery_estimate,card_delivery_estimate
304,956,getting_virtual_card,card_about_to_expire,cancel_transfer
304,957,getting_virtual_card,card_acceptance,card_delivery_estimate
304,958,getting_virtual_card,card_about_to_expire,card_delivery_estimate
304,959,getting_virtual_card,card_arrival,card_delivery_estimate
304,960,card_acceptance,card_acceptance,card_acceptance
304,961,card_acceptance,card_acceptance,card_acceptance
304,962,card_acceptance,card_acceptance,card_acceptance
304,963,card_acceptance,card_acceptance,card_acceptance
304,964,card_acceptance,card_acceptance,card_acceptance
304,965,card_acceptance,card_acceptance,card_acceptance
304,966,card_acceptance,disposable_card_limits,card_acceptance
304,967,card_acceptance,card_acceptance,card_acceptance
304,968,card_acceptance,card_acceptance,card_acceptance
304,969,card_acceptance,card_acceptance,card_acceptance
304,970,card_acceptance,card_acceptance,card_acceptance
304,971,card_acceptance,card_acceptance,card_acceptance
304,972,card_acceptance,card_acceptance,card_acceptance
304,973,card_acceptance,card_acceptance,card_acceptance
304,974,card_acceptance,card_acceptance,card_acceptance
304,975,card_acceptance,card_acceptance,card_acceptance
304,976,card_acceptance,card_acceptance,card_acceptance
304,977,card_acceptance,card_acceptance,card_acceptance
304,978,card_acceptance,card_acceptance,card_acceptance
304,979,card_acceptance,card_acceptance,card_acceptance
304,980,card_acceptance,card_acceptance,card_acceptance
304,981,card_acceptance,disposable_card_limits,contactless_not_working
304,982,card_acceptance,card_acceptance,card_acceptance
304,983,card_acceptance,activate_my_card,contactless_not_working
304,984,card_acceptance,card_acceptance,card_acceptance
304,985,card_acceptance,card_acceptance,card_acceptance
304,986,card_acceptance,card_acceptance,card_acceptance
304,987,card_acceptance,card_acceptance,card_acceptance
304,988,card_acceptance,card_acceptance,card_acceptance
304,989,card_acceptance,activate_my_card,card_acceptance
304,990,card_acceptance,card_acceptance,card_acceptance
304,991,card_acceptance,card_arrival,card_arrival
304,992,card_acceptance,card_acceptance,card_acceptance
304,993,card_acceptance,card_acceptance,card_acceptance
304,994,card_acceptance,activate_my_card,card_acceptance
304,995,card_acceptance,card_acceptance,card_acceptance
304,996,card_acceptance,card_acceptance,card_acceptance
304,997,card_acceptance,card_acceptance,card_acceptance
304,998,card_acceptance,card_acceptance,card_acceptance
304,999,card_acceptance,card_acceptance,card_acceptance
304,1000,top_up_reverted,Refund_not_showing_up,Refund_not_showing_up
304,1001,top_up_reverted,automatic_top_up,exchange_rate
304,1002,top_up_reverted,automatic_top_up,automatic_top_up
304,1003,top_up_reverted,extra_charge_on_statement,declined_card_payment
304,1004,top_up_reverted,Refund_not_showing_up,Refund_not_showing_up
304,1005,top_up_reverted,apple_pay_or_google_pay,apple_pay_or_google_pay
304,1006,top_up_reverted,apple_pay_or_google_pay,declined_cash_withdrawal
304,1007,top_up_reverted,balance_not_updated_after_cheque_or_cash_deposit,balance_not_updated_after_cheque_or_cash_deposit
304,1008,top_up_reverted,failed_transfer,declined_cash_withdrawal
304,1009,top_up_reverted,failed_transfer,failed_transfer
304,1010,top_up_reverted,balance_not_updated_after_cheque_or_cash_deposit,balance_not_updated_after_cheque_or_cash_deposit
304,1011,top_up_reverted,cancel_transfer,automatic_top_up
304,1012,top_up_reverted,failed_transfer,declined_cash_withdrawal
304,1013,top_up_reverted,apple_pay_or_google_pay,apple_pay_or_google_pay
304,1014,top_up_reverted,extra_charge_on_statement,cash_withdrawal_not_recognised
304,1015,top_up_reverted,failed_transfer,declined_cash_withdrawal
304,1016,top_up_reverted,failed_transfer,declined_cash_withdrawal
304,1017,top_up_reverted,cash_withdrawal_not_recognised,declined_cash_withdrawal
304,1018,top_up_reverted,card_payment_not_recognised,card_payment_not_recognised
304,1019,top_up_reverted,apple_pay_or_google_pay,contactless_not_working
304,1020,top_up_reverted,apple_pay_or_google_pay,automatic_top_up
304,1021,top_up_reverted,extra_charge_on_statement,failed_transfer
304,1022,top_up_reverted,apple_pay_or_google_pay,apple_pay_or_google_pay
304,1023,top_up_reverted,cash_withdrawal_not_recognised,cash_withdrawal_not_recognised
304,1024,top_up_reverted,apple_pay_or_google_pay,contactless_not_working
304,1025,top_up_reverted,card_payment_not_recognised,card_payment_not_recognised
304,1026,top_up_reverted,card_payment_not_recognised,cash_withdrawal_not_recognised
304,1027,top_up_reverted,card_payment_not_recognised,cash_withdrawal_not_recognised
304,1028,top_up_reverted,apple_pay_or_google_pay,automatic_top_up
304,1029,top_up_reverted,failed_transfer,apple_pay_or_google_pay
304,1030,top_up_reverted,automatic_top_up,automatic_top_up
304,1031,top_up_reverted,apple_pay_or_google_pay,apple_pay_or_google_pay
304,1032,top_up_reverted,failed_transfer,failed_transfer
304,1033,top_up_reverted,automatic_top_up,apple_pay_or_google_pay
304,1034,top_up_reverted,card_payment_not_recognised,card_payment_not_recognised
304,1035,top_up_reverted,apple_pay_or_google_pay,apple_pay_or_google_pay
304,1036,top_up_reverted,failed_transfer,cancel_transfer
304,1037,top_up_reverted,failed_transfer,apple_pay_or_google_pay
304,1038,top_up_reverted,failed_transfer,card_payment_wrong_exchange_rate
304,1039,top_up_reverted,failed_transfer,apple_pay_or_google_pay
304,1040,balance_not_updated_after_cheque_or_cash_deposit,balance_not_updated_after_cheque_or_cash_deposit,balance_not_updated_after_cheque_or_cash_deposit
304,1041,balance_not_updated_after_cheque_or_cash_deposit,balance_not_updated_after_cheque_or_cash_deposit,balance_not_updated_after_cheque_or_cash_deposit
304,1042,balance_not_updated_after_cheque_or_cash_deposit,balance_not_updated_after_cheque_or_cash_deposit,balance_not_updated_after_cheque_or_cash_deposit
304,1043,balance_not_updated_after_cheque_or_cash_deposit,balance_not_updated_after_cheque_or_cash_deposit,balance_not_updated_after_cheque_or_cash_deposit
304,1044,balance_not_updated_after_cheque_or_cash_deposit,balance_not_updated_after_cheque_or_cash_deposit,balance_not_updated_after_cheque_or_cash_deposit
304,1045,balance_not_updated_after_cheque_or_cash_deposit,balance_not_updated_after_cheque_or_cash_deposit,balance_not_updated_after_cheque_or_cash_deposit
304,1046,balance_not_updated_after_cheque_or_cash_deposit,balance_not_updated_after_cheque_or_cash_deposit,balance_not_updated_after_cheque_or_cash_deposit
304,1047,balance_not_updated_after_cheque_or_cash_deposit,balance_not_updated_after_cheque_or_cash_deposit,balance_not_updated_after_cheque_or_cash_deposit
304,1048,balance_not_updated_after_cheque_or_cash_deposit,balance_not_updated_after_cheque_or_cash_deposit,balance_not_updated_after_cheque_or_cash_deposit
304,1049,balance_not_updated_after_cheque_or_cash_deposit,balance_not_updated_after_cheque_or_cash_deposit,balance_not_updated_after_cheque_or_cash_deposit
304,1050,balance_not_updated_after_cheque_or_cash_deposit,balance_not_updated_after_cheque_or_cash_deposit,balance_not_updated_after_cheque_or_cash_deposit
304,1051,balance_not_updated_after_cheque_or_cash_deposit,balance_not_updated_after_cheque_or_cash_deposit,balance_not_updated_after_cheque_or_cash_deposit
304,1052,balance_not_updated_after_cheque_or_cash_deposit,balance_not_updated_after_cheque_or_cash_deposit,balance_not_updated_after_cheque_or_cash_deposit
304,1053,balance_not_updated_after_cheque_or_cash_deposit,balance_not_updated_after_cheque_or_cash_deposit,balance_not_updated_after_cheque_or_cash_deposit
304,1054,balance_not_updated_after_cheque_or_cash_deposit,balance_not_updated_after_cheque_or_cash_deposit,balance_not_updated_after_cheque_or_cash_deposit
304,1055,balance_not_updated_after_cheque_or_cash_deposit,balance_not_updated_after_cheque_or_cash_deposit,balance_not_updated_after_cheque_or_cash_deposit
304,1056,balance_not_updated_after_cheque_or_cash_deposit,balance_not_updated_after_cheque_or_cash_deposit,balance_not_updated_after_cheque_or_cash_deposit
304,1057,balance_not_updated_after_cheque_or_cash_deposit,balance_not_updated_after_cheque_or_cash_deposit,balance_not_updated_after_cheque_or_cash_deposit
304,1058,balance_not_updated_after_cheque_or_cash_deposit,balance_not_updated_after_cheque_or_cash_deposit,balance_not_updated_after_cheque_or_cash_deposit
304,1059,balance_not_updated_after_cheque_or_cash_deposit,balance_not_updated_after_cheque_or_cash_deposit,balance_not_updated_after_cheque_or_cash_deposit
304,1060,balance_not_updated_after_cheque_or_cash_deposit,balance_not_updated_after_cheque_or_cash_deposit,balance_not_updated_after_cheque_or_cash_deposit
304,1061,balance_not_updated_after_cheque_or_cash_deposit,balance_not_updated_after_cheque_or_cash_deposit,balance_not_updated_after_cheque_or_cash_deposit
304,1062,balance_not_updated_after_cheque_or_cash_deposit,balance_not_updated_after_cheque_or_cash_deposit,balance_not_updated_after_cheque_or_cash_deposit
304,1063,balance_not_updated_after_cheque_or_cash_deposit,balance_not_updated_after_cheque_or_cash_deposit,balance_not_updated_after_cheque_or_cash_deposit
304,1064,balance_not_updated_after_cheque_or_cash_deposit,balance_not_updated_after_cheque_or_cash_deposit,balance_not_updated_after_cheque_or_cash_deposit
304,1065,balance_not_updated_after_cheque_or_cash_deposit,balance_not_updated_after_cheque_or_cash_deposit,balance_not_updated_after_cheque_or_cash_deposit
304,1066,balance_not_updated_after_cheque_or_cash_deposit,balance_not_updated_after_cheque_or_cash_deposit,balance_not_updated_after_cheque_or_cash_deposit
304,1067,balance_not_updated_after_cheque_or_cash_deposit,balance_not_updated_after_cheque_or_cash_deposit,declined_cash_withdrawal
304,1068,balance_not_updated_after_cheque_or_cash_deposit,balance_not_updated_after_cheque_or_cash_deposit,balance_not_updated_after_cheque_or_cash_deposit
304,1069,balance_not_updated_after_cheque_or_cash_deposit,balance_not_updated_after_cheque_or_cash_deposit,balance_not_updated_after_cheque_or_cash_deposit
304,1070,balance_not_updated_after_cheque_or_cash_deposit,balance_not_updated_after_cheque_or_cash_deposit,balance_not_updated_after_cheque_or_cash_deposit
304,1071,balance_not_updated_after_cheque_or_cash_deposit,balance_not_updated_after_cheque_or_cash_deposit,balance_not_updated_after_cheque_or_cash_deposit
304,1072,balance_not_updated_after_cheque_or_cash_deposit,balance_not_updated_after_cheque_or_cash_deposit,balance_not_updated_after_cheque_or_cash_deposit
304,1073,balance_not_updated_after_cheque_or_cash_deposit,balance_not_updated_after_cheque_or_cash_deposit,balance_not_updated_after_cheque_or_cash_deposit
304,1074,balance_not_updated_after_cheque_or_cash_deposit,balance_not_updated_after_cheque_or_cash_deposit,balance_not_updated_after_cheque_or_cash_deposit
304,1075,balance_not_updated_after_cheque_or_cash_deposit,balance_not_updated_after_cheque_or_cash_deposit,balance_not_updated_after_cheque_or_cash_deposit
304,1076,balance_not_updated_after_cheque_or_cash_deposit,balance_not_updated_after_cheque_or_cash_deposit,balance_not_updated_after_cheque_or_cash_deposit
304,1077,balance_not_updated_after_cheque_or_cash_deposit,balance_not_updated_after_cheque_or_cash_deposit,balance_not_updated_after_cheque_or_cash_deposit
304,1078,balance_not_updated_after_cheque_or_cash_deposit,balance_not_updated_after_cheque_or_cash_deposit,balance_not_updated_after_cheque_or_cash_deposit
304,1079,balance_not_updated_after_cheque_or_cash_deposit,balance_not_updated_after_cheque_or_cash_deposit,balance_not_updated_after_cheque_or_cash_deposit
304,1080,card_payment_not_recognised,card_payment_not_recognised,card_payment_not_recognised
304,1081,card_payment_not_recognised,card_payment_not_recognised,card_payment_not_recognised
304,1082,card_payment_not_recognised,card_payment_not_recognised,card_payment_not_recognised
304,1083,card_payment_not_recognised,card_payment_not_recognised,card_payment_not_recognised
304,1084,card_payment_not_recognised,card_payment_not_recognised,card_payment_not_recognised
304,1085,card_payment_not_recognised,card_payment_not_recognised,card_payment_not_recognised
304,1086,card_payment_not_recognised,card_payment_not_recognised,card_payment_not_recognised
304,1087,card_payment_not_recognised,card_payment_not_recognised,card_payment_not_recognised
304,1088,card_payment_not_recognised,card_payment_not_recognised,card_payment_not_recognised
304,1089,card_payment_not_recognised,card_payment_not_recognised,card_payment_not_recognised
304,1090,card_payment_not_recognised,card_payment_not_recognised,direct_debit_payment_not_recognised
304,1091,card_payment_not_recognised,card_payment_not_recognised,card_payment_not_recognised
304,1092,card_payment_not_recognised,compromised_card,card_payment_not_recognised
304,1093,card_payment_not_recognised,card_payment_not_recognised,direct_debit_payment_not_recognised
304,1094,card_payment_not_recognised,card_payment_not_recognised,card_payment_not_recognised
304,1095,card_payment_not_recognised,card_payment_not_recognised,card_payment_not_recognised
304,1096,card_payment_not_recognised,cancel_transfer,declined_cash_withdrawal
304,1097,card_payment_not_recognised,card_payment_not_recognised,card_payment_not_recognised
304,1098,card_payment_not_recognised,card_payment_not_recognised,card_payment_not_recognised
304,1099,card_payment_not_recognised,card_payment_not_recognised,card_payment_not_recognised
304,1100,card_payment_not_recognised,card_payment_not_recognised,card_payment_not_recognised
304,1101,card_payment_not_recognised,extra_charge_on_statement,direct_debit_payment_not_recognised
304,1102,card_payment_not_recognised,compromised_card,direct_debit_payment_not_recognised
304,1103,card_payment_not_recognised,compromised_card,compromised_card
304,1104,card_payment_not_recognised,card_payment_not_recognised,card_payment_not_recognised
304,1105,card_payment_not_recognised,card_payment_not_recognised,card_payment_not_recognised
304,1106,card_payment_not_recognised,card_payment_not_recognised,card_payment_not_recognised
304,1107,card_payment_not_recognised,cash_withdrawal_not_recognised,declined_cash_withdrawal
304,1108,card_payment_not_recognised,card_payment_not_recognised,card_payment_not_recognised
304,1109,card_payment_not_recognised,card_payment_not_recognised,exchange_rate
304,1110,card_payment_not_recognised,card_payment_not_recognised,card_payment_not_recognised
304,1111,card_payment_not_recognised,card_payment_not_recognised,card_payment_not_recognised
304,1112,card_payment_not_recognised,compromised_card,compromised_card
304,1113,card_payment_not_recognised,card_payment_not_recognised,card_payment_not_recognised
304,1114,card_payment_not_recognised,declined_card_payment,declined_card_payment
304,1115,card_payment_not_recognised,card_payment_not_recognised,card_payment_not_recognised
304,1116,card_payment_not_recognised,card_payment_not_recognised,card_payment_not_recognised
304,1117,card_payment_not_recognised,card_payment_not_recognised,card_payment_not_recognised
304,1118,card_payment_not_recognised,card_payment_not_recognised,card_payment_not_recognised
304,1119,card_payment_not_recognised,card_payment_not_recognised,direct_debit_payment_not_recognised
304,1120,edit_personal_details,edit_personal_details,edit_personal_details
304,1121,edit_personal_details,edit_personal_details,edit_personal_details
304,1122,edit_personal_details,edit_personal_details,edit_personal_details
304,1123,edit_personal_details,edit_personal_details,edit_personal_details
304,1124,edit_personal_details,edit_personal_details,edit_personal_details
304,1125,edit_personal_details,edit_personal_details,edit_personal_details
304,1126,edit_personal_details,edit_personal_details,edit_personal_details
304,1127,edit_personal_details,edit_personal_details,edit_personal_details
304,1128,edit_personal_details,edit_personal_details,edit_personal_details
304,1129,edit_personal_details,edit_personal_details,edit_personal_details
304,1130,edit_personal_details,edit_personal_details,edit_personal_details
304,1131,edit_personal_details,edit_personal_details,edit_personal_details
304,1132,edit_personal_details,edit_personal_details,edit_personal_details
304,1133,edit_personal_details,edit_personal_details,edit_personal_details
304,1134,edit_personal_details,edit_personal_details,edit_personal_details
304,1135,edit_personal_details,edit_personal_details,edit_personal_details
304,1136,edit_personal_details,edit_personal_details,edit_personal_details
304,1137,edit_personal_details,edit_personal_details,edit_personal_details
304,1138,edit_personal_details,edit_personal_details,edit_personal_details
304,1139,edit_personal_details,edit_personal_details,edit_personal_details
304,1140,edit_personal_details,edit_personal_details,edit_personal_details
304,1141,edit_personal_details,edit_personal_details,edit_personal_details
304,1142,edit_personal_details,edit_personal_details,edit_personal_details
304,1143,edit_personal_details,edit_personal_details,edit_personal_details
304,1144,edit_personal_details,edit_personal_details,edit_personal_details
304,1145,edit_personal_details,edit_personal_details,edit_personal_details
304,1146,edit_personal_details,edit_personal_details,edit_personal_details
304,1147,edit_personal_details,edit_personal_details,edit_personal_details
304,1148,edit_personal_details,edit_personal_details,edit_personal_details
304,1149,edit_personal_details,edit_personal_details,edit_personal_details
304,1150,edit_personal_details,edit_personal_details,edit_personal_details
304,1151,edit_personal_details,edit_personal_details,edit_personal_details
304,1152,edit_personal_details,edit_personal_details,edit_personal_details
304,1153,edit_personal_details,edit_personal_details,edit_personal_details
304,1154,edit_personal_details,edit_personal_details,edit_personal_details
304,1155,edit_personal_details,balance_not_updated_after_bank_transfer,balance_not_updated_after_bank_transfer
304,1156,edit_personal_details,edit_personal_details,edit_personal_details
304,1157,edit_personal_details,edit_personal_details,edit_personal_details
304,1158,edit_personal_details,edit_personal_details,edit_personal_details
304,1159,edit_personal_details,edit_personal_details,exchange_rate
304,1160,why_verify_identity,edit_personal_details,contactless_not_working
304,1161,why_verify_identity,compromised_card,cash_withdrawal_not_recognised
304,1162,why_verify_identity,age_limit,balance_not_updated_after_cheque_or_cash_deposit
304,1163,why_verify_identity,card_payment_fee_charged,declined_cash_withdrawal
304,1164,why_verify_identity,balance_not_updated_after_bank_transfer,balance_not_updated_after_bank_transfer
304,1165,why_verify_identity,compromised_card,compromised_card
304,1166,why_verify_identity,compromised_card,compromised_card
304,1167,why_verify_identity,compromised_card,balance_not_updated_after_cheque_or_cash_deposit
304,1168,why_verify_identity,card_payment_fee_charged,contactless_not_working
304,1169,why_verify_identity,compromised_card,compromised_card
304,1170,why_verify_identity,compromised_card,contactless_not_working
304,1171,why_verify_identity,balance_not_updated_after_cheque_or_cash_deposit,balance_not_updated_after_cheque_or_cash_deposit
304,1172,why_verify_identity,card_payment_fee_charged,contactless_not_working
304,1173,why_verify_identity,card_payment_fee_charged,declined_cash_withdrawal
304,1174,why_verify_identity,compromised_card,compromised_card
304,1175,why_verify_identity,edit_personal_details,balance_not_updated_after_cheque_or_cash_deposit
304,1176,why_verify_identity,card_acceptance,card_acceptance
304,1177,why_verify_identity,compromised_card,contactless_not_working
304,1178,why_verify_identity,balance_not_updated_after_bank_transfer,balance_not_updated_after_bank_transfer
304,1179,why_verify_identity,age_limit,compromised_card
304,1180,why_verify_identity,card_payment_fee_charged,declined_cash_withdrawal
304,1181,why_verify_identity,declined_card_payment,declined_cash_withdrawal
304,1182,why_verify_identity,cancel_transfer,cancel_transfer
304,1183,why_verify_identity,compromised_card,compromised_card
304,1184,why_verify_identity,edit_personal_details,contactless_not_working
304,1185,why_verify_identity,edit_personal_details,contactless_not_working
304,1186,why_verify_identity,balance_not_updated_after_cheque_or_cash_deposit,balance_not_updated_after_cheque_or_cash_deposit
304,1187,why_verify_identity,card_payment_not_recognised,card_payment_not_recognised
304,1188,why_verify_identity,cancel_transfer,cash_withdrawal_not_recognised
304,1189,why_verify_identity,compromised_card,balance_not_updated_after_cheque_or_cash_deposit
304,1190,why_verify_identity,card_payment_fee_charged,compromised_card
304,1191,why_verify_identity,card_acceptance,card_acceptance
304,1192,why_verify_identity,compromised_card,compromised_card
304,1193,why_verify_identity,compromised_card,compromised_card
304,1194,why_verify_identity,age_limit,balance_not_updated_after_cheque_or_cash_deposit
304,1195,why_verify_identity,age_limit,balance_not_updated_after_cheque_or_cash_deposit
304,1196,why_verify_identity,compromised_card,compromised_card
304,1197,why_verify_identity,compromised_card,compromised_card
304,1198,why_verify_identity,edit_personal_details,contactless_not_working
304,1199,why_verify_identity,declined_card_payment,failed_transfer
304,1200,unable_to_verify_identity,card_payment_not_recognised,card_payment_not_recognised
304,1201,unable_to_verify_identity,balance_not_updated_after_cheque_or_cash_deposit,balance_not_updated_after_cheque_or_cash_deposit
304,1202,unable_to_verify_identity,card_linking,contactless_not_working
304,1203,unable_to_verify_identity,compromised_card,contactless_not_working
304,1204,unable_to_verify_identity,failed_transfer,failed_transfer
304,1205,unable_to_verify_identity,card_payment_not_recognised,declined_cash_withdrawal
304,1206,unable_to_verify_identity,card_payment_not_recognised,card_payment_not_recognised
304,1207,unable_to_verify_identity,compromised_card,contactless_not_working
304,1208,unable_to_verify_identity,card_payment_not_recognised,card_payment_not_recognised
304,1209,unable_to_verify_identity,compromised_card,compromised_card
304,1210,unable_to_verify_identity,card_payment_not_recognised,card_payment_not_recognised
304,1211,unable_to_verify_identity,card_payment_not_recognised,declined_cash_withdrawal
304,1212,unable_to_verify_identity,card_payment_not_recognised,balance_not_updated_after_cheque_or_cash_deposit
304,1213,unable_to_verify_identity,card_payment_not_recognised,card_payment_not_recognised
304,1214,unable_to_verify_identity,declined_card_payment,card_arrival
304,1215,unable_to_verify_identity,card_payment_not_recognised,declined_cash_withdrawal
304,1216,unable_to_verify_identity,compromised_card,contactless_not_working
304,1217,unable_to_verify_identity,card_payment_not_recognised,cash_withdrawal_not_recognised
304,1218,unable_to_verify_identity,declined_card_payment,declined_cash_withdrawal
304,1219,unable_to_verify_identity,card_payment_not_recognised,contactless_not_working
304,1220,unable_to_verify_identity,card_payment_not_recognised,declined_cash_withdrawal
304,1221,unable_to_verify_identity,card_payment_not_recognised,contactless_not_working
304,1222,unable_to_verify_identity,compromised_card,contactless_not_working
304,1223,unable_to_verify_identity,card_payment_not_recognised,card_payment_not_recognised
304,1224,unable_to_verify_identity,declined_card_payment,declined_card_payment
304,1225,unable_to_verify_identity,activate_my_card,card_acceptance
304,1226,unable_to_verify_identity,declined_cash_withdrawal,declined_cash_withdrawal
304,1227,unable_to_verify_identity,direct_debit_payment_not_recognised,direct_debit_payment_not_recognised
304,1228,unable_to_verify_identity,edit_personal_details,contactless_not_working
304,1229,unable_to_verify_identity,direct_debit_payment_not_recognised,contactless_not_working
304,1230,unable_to_verify_identity,card_delivery_estimate,card_delivery_estimate
304,1231,unable_to_verify_identity,declined_card_payment,declined_card_payment
304,1232,unable_to_verify_identity,declined_cash_withdrawal,declined_cash_withdrawal
304,1233,unable_to_verify_identity,card_payment_not_recognised,card_payment_not_recognised
304,1234,unable_to_verify_identity,declined_card_payment,declined_card_payment
304,1235,unable_to_verify_identity,declined_card_payment,contactless_not_working
304,1236,unable_to_verify_identity,declined_cash_withdrawal,declined_cash_withdrawal
304,1237,unable_to_verify_identity,declined_card_payment,declined_cash_withdrawal
304,1238,unable_to_verify_identity,declined_card_payment,declined_card_payment
304,1239,unable_to_verify_identity,compromised_card,declined_cash_withdrawal
304,1240,get_physical_card,card_swallowed,card_arrival
304,1241,get_physical_card,change_pin,card_acceptance
304,1242,get_physical_card,change_pin,contactless_not_working
304,1243,get_physical_card,change_pin,change_pin
304,1244,get_physical_card,change_pin,contactless_not_working
304,1245,get_physical_card,activate_my_card,card_arrival
304,1246,get_physical_card,card_linking,card_arrival
304,1247,get_physical_card,card_linking,card_linking
304,1248,get_physical_card,change_pin,contactless_not_working
304,1249,get_physical_card,card_linking,card_linking
304,1250,get_physical_card,card_linking,card_linking
304,1251,get_physical_card,card_arrival,card_arrival
304,1252,get_physical_card,change_pin,change_pin
304,1253,get_physical_card,card_acceptance,card_acceptance
304,1254,get_physical_card,activate_my_card,card_arrival
304,1255,get_physical_card,card_arrival,card_arrival
304,1256,get_physical_card,activate_my_card,card_arrival
304,1257,get_physical_card,card_swallowed,card_payment_not_recognised
304,1258,get_physical_card,change_pin,contactless_not_working
304,1259,get_physical_card,change_pin,change_pin
304,1260,get_physical_card,card_arrival,card_arrival
304,1261,get_physical_card,card_linking,card_arrival
304,1262,get_physical_card,change_pin,contactless_not_working
304,1263,get_physical_card,change_pin,balance_not_updated_after_cheque_or_cash_deposit
304,1264,get_physical_card,card_linking,card_arrival
304,1265,get_physical_card,change_pin,contactless_not_working
304,1266,get_physical_card,card_swallowed,balance_not_updated_after_cheque_or_cash_deposit
304,1267,get_physical_card,activate_my_card,card_acceptance
304,1268,get_physical_card,card_swallowed,card_not_working
304,1269,get_physical_card,change_pin,contactless_not_working
304,1270,get_physical_card,change_pin,card_acceptance
304,1271,get_physical_card,card_delivery_estimate,card_delivery_estimate
304,1272,get_physical_card,card_linking,card_arrival
304,1273,get_physical_card,change_pin,card_acceptance
304,1274,get_physical_card,card_swallowed,card_swallowed
304,1275,get_physical_card,change_pin,change_pin
304,1276,get_physical_card,change_pin,contactless_not_working
304,1277,get_physical_card,card_acceptance,card_acceptance
304,1278,get_physical_card,card_arrival,card_arrival
304,1279,get_physical_card,change_pin,card_acceptance
304,1280,visa_or_mastercard,declined_card_payment,declined_cash_withdrawal
304,1281,visa_or_mastercard,card_acceptance,card_acceptance
304,1282,visa_or_mastercard,card_delivery_estimate,card_delivery_estimate
304,1283,visa_or_mastercard,card_acceptance,exchange_rate
304,1284,visa_or_mastercard,card_acceptance,card_acceptance
304,1285,visa_or_mastercard,card_acceptance,exchange_rate
304,1286,visa_or_mastercard,card_acceptance,card_acceptance
304,1287,visa_or_mastercard,country_support,exchange_rate
304,1288,visa_or_mastercard,card_acceptance,exchange_rate
304,1289,visa_or_mastercard,card_acceptance,card_acceptance
304,1290,visa_or_mastercard,activate_my_card,card_acceptance
304,1291,visa_or_mastercard,declined_card_payment,declined_cash_withdrawal
304,1292,visa_or_mastercard,card_acceptance,card_acceptance
304,1293,visa_or_mastercard,activate_my_card,card_acceptance
304,1294,visa_or_mastercard,declined_card_payment,declined_cash_withdrawal
304,1295,visa_or_mastercard,card_acceptance,card_acceptance
304,1296,visa_or_mastercard,card_payment_fee_charged,card_acceptance
304,1297,visa_or_mastercard,card_acceptance,card_acceptance
304,1298,visa_or_mastercard,declined_cash_withdrawal,declined_cash_withdrawal
304,1299,visa_or_mastercard,card_arrival,card_acceptance
304,1300,visa_or_mastercard,card_acceptance,card_acceptance
304,1301,visa_or_mastercard,card_acceptance,card_acceptance
304,1302,visa_or_mastercard,card_acceptance,exchange_rate
304,1303,visa_or_mastercard,activate_my_card,declined_cash_withdrawal
304,1304,visa_or_mastercard,card_acceptance,card_acceptance
304,1305,visa_or_mastercard,card_acceptance,declined_cash_withdrawal
304,1306,visa_or_mastercard,card_acceptance,card_acceptance
304,1307,visa_or_mastercard,card_payment_fee_charged,exchange_rate
304,1308,visa_or_mastercard,card_acceptance,card_acceptance
304,1309,visa_or_mastercard,card_acceptance,card_acceptance
304,1310,visa_or_mastercard,declined_card_payment,contactless_not_working
304,1311,visa_or_mastercard,card_acceptance,card_acceptance
304,1312,visa_or_mastercard,declined_card_payment,declined_cash_withdrawal
304,1313,visa_or_mastercard,card_acceptance,declined_cash_withdrawal
304,1314,visa_or_mastercard,card_acceptance,card_acceptance
304,1315,visa_or_mastercard,card_acceptance,card_acceptance
304,1316,visa_or_mastercard,card_acceptance,card_acceptance
304,1317,visa_or_mastercard,card_arrival,card_acceptance
304,1318,visa_or_mastercard,card_acceptance,card_acceptance
304,1319,visa_or_mastercard,country_support,country_support
304,1320,topping_up_by_card,apple_pay_or_google_pay,card_arrival
304,1321,topping_up_by_card,card_swallowed,balance_not_updated_after_cheque_or_cash_deposit
304,1322,topping_up_by_card,card_arrival,card_arrival
304,1323,topping_up_by_card,activate_my_card,beneficiary_not_allowed
304,1324,topping_up_by_card,card_linking,card_linking
304,1325,topping_up_by_card,age_limit,balance_not_updated_after_cheque_or_cash_deposit
304,1326,topping_up_by_card,automatic_top_up,apple_pay_or_google_pay
304,1327,topping_up_by_card,declined_card_payment,declined_cash_withdrawal
304,1328,topping_up_by_card,exchange_via_app,exchange_via_app
304,1329,topping_up_by_card,apple_pay_or_google_pay,apple_pay_or_google_pay
304,1330,topping_up_by_card,card_swallowed,balance_not_updated_after_cheque_or_cash_deposit
304,1331,topping_up_by_card,card_payment_not_recognised,balance_not_updated_after_cheque_or_cash_deposit
304,1332,topping_up_by_card,automatic_top_up,automatic_top_up
304,1333,topping_up_by_card,cash_withdrawal_not_recognised,declined_cash_withdrawal
304,1334,topping_up_by_card,apple_pay_or_google_pay,apple_pay_or_google_pay
304,1335,topping_up_by_card,activate_my_card,atm_support
304,1336,topping_up_by_card,automatic_top_up,apple_pay_or_google_pay
304,1337,topping_up_by_card,balance_not_updated_after_cheque_or_cash_deposit,card_payment_not_recognised
304,1338,topping_up_by_card,balance_not_updated_after_cheque_or_cash_deposit,balance_not_updated_after_cheque_or_cash_deposit
304,1339,topping_up_by_card,apple_pay_or_google_pay,apple_pay_or_google_pay
304,1340,topping_up_by_card,atm_support,beneficiary_not_allowed
304,1341,topping_up_by_card,apple_pay_or_google_pay,apple_pay_or_google_pay
304,1342,topping_up_by_card,card_swallowed,card_swallowed
304,1343,topping_up_by_card,activate_my_card,declined_cash_withdrawal
304,1344,topping_up_by_card,card_swallowed,declined_cash_withdrawal
304,1345,topping_up_by_card,atm_support,declined_cash_withdrawal
304,1346,topping_up_by_card,age_limit,balance_not_updated_after_cheque_or_cash_deposit
304,1347,topping_up_by_card,apple_pay_or_google_pay,declined_cash_withdrawal
304,1348,topping_up_by_card,age_limit,balance_not_updated_after_cheque_or_cash_deposit
304,1349,topping_up_by_card,atm_support,declined_cash_withdrawal
304,1350,topping_up_by_card,apple_pay_or_google_pay,apple_pay_or_google_pay
304,1351,topping_up_by_card,apple_pay_or_google_pay,declined_cash_withdrawal
304,1352,topping_up_by_card,card_swallowed,atm_support
304,1353,topping_up_by_card,apple_pay_or_google_pay,apple_pay_or_google_pay
304,1354,topping_up_by_card,apple_pay_or_google_pay,apple_pay_or_google_pay
304,1355,topping_up_by_card,activate_my_card,card_arrival
304,1356,topping_up_by_card,card_swallowed,card_swallowed
304,1357,topping_up_by_card,declined_card_payment,balance_not_updated_after_cheque_or_cash_deposit
304,1358,topping_up_by_card,balance_not_updated_after_cheque_or_cash_deposit,balance_not_updated_after_cheque_or_cash_deposit
304,1359,topping_up_by_card,apple_pay_or_google_pay,apple_pay_or_google_pay
304,1360,disposable_card_limits,disposable_card_limits,disposable_card_limits
304,1361,disposable_card_limits,disposable_card_limits,disposable_card_limits
304,1362,disposable_card_limits,disposable_card_limits,disposable_card_limits
304,1363,disposable_card_limits,disposable_card_limits,disposable_card_limits
304,1364,disposable_card_limits,disposable_card_limits,disposable_card_limits
304,1365,disposable_card_limits,disposable_card_limits,disposable_card_limits
304,1366,disposable_card_limits,disposable_card_limits,disposable_card_limits
304,1367,disposable_card_limits,disposable_card_limits,card_acceptance
304,1368,disposable_card_limits,disposable_card_limits,disposable_card_limits
304,1369,disposable_card_limits,disposable_card_limits,disposable_card_limits
304,1370,disposable_card_limits,disposable_card_limits,disposable_card_limits
304,1371,disposable_card_limits,disposable_card_limits,disposable_card_limits
304,1372,disposable_card_limits,disposable_card_limits,disposable_card_limits
304,1373,disposable_card_limits,disposable_card_limits,disposable_card_limits
304,1374,disposable_card_limits,disposable_card_limits,disposable_card_limits
304,1375,disposable_card_limits,disposable_card_limits,disposable_card_limits
304,1376,disposable_card_limits,disposable_card_limits,disposable_card_limits
304,1377,disposable_card_limits,disposable_card_limits,disposable_card_limits
304,1378,disposable_card_limits,disposable_card_limits,disposable_card_limits
304,1379,disposable_card_limits,disposable_card_limits,disposable_card_limits
304,1380,disposable_card_limits,disposable_card_limits,disposable_card_limits
304,1381,disposable_card_limits,disposable_card_limits,disposable_card_limits
304,1382,disposable_card_limits,disposable_card_limits,disposable_card_limits
304,1383,disposable_card_limits,disposable_card_limits,disposable_card_limits
304,1384,disposable_card_limits,disposable_card_limits,disposable_card_limits
304,1385,disposable_card_limits,disposable_card_limits,disposable_card_limits
304,1386,disposable_card_limits,disposable_card_limits,disposable_card_limits
304,1387,disposable_card_limits,disposable_card_limits,disposable_card_limits
304,1388,disposable_card_limits,disposable_card_limits,disposable_card_limits
304,1389,disposable_card_limits,disposable_card_limits,disposable_card_limits
304,1390,disposable_card_limits,disposable_card_limits,disposable_card_limits
304,1391,disposable_card_limits,card_delivery_estimate,card_delivery_estimate
304,1392,disposable_card_limits,disposable_card_limits,disposable_card_limits
304,1393,disposable_card_limits,disposable_card_limits,disposable_card_limits
304,1394,disposable_card_limits,disposable_card_limits,disposable_card_limits
304,1395,disposable_card_limits,disposable_card_limits,disposable_card_limits
304,1396,disposable_card_limits,disposable_card_limits,disposable_card_limits
304,1397,disposable_card_limits,disposable_card_limits,disposable_card_limits
304,1398,disposable_card_limits,disposable_card_limits,disposable_card_limits
304,1399,disposable_card_limits,disposable_card_limits,disposable_card_limits
304,1400,compromised_card,compromised_card,compromised_card
304,1401,compromised_card,compromised_card,compromised_card
304,1402,compromised_card,compromised_card,card_payment_not_recognised
304,1403,compromised_card,card_swallowed,declined_card_payment
304,1404,compromised_card,card_arrival,card_arrival
304,1405,compromised_card,compromised_card,declined_cash_withdrawal
304,1406,compromised_card,compromised_card,compromised_card
304,1407,compromised_card,compromised_card,compromised_card
304,1408,compromised_card,compromised_card,compromised_card
304,1409,compromised_card,compromised_card,compromised_card
304,1410,compromised_card,compromised_card,compromised_card
304,1411,compromised_card,card_not_working,card_not_working
304,1412,compromised_card,compromised_card,direct_debit_payment_not_recognised
304,1413,compromised_card,compromised_card,compromised_card
304,1414,compromised_card,compromised_card,compromised_card
304,1415,compromised_card,compromised_card,compromised_card
304,1416,compromised_card,card_payment_not_recognised,card_payment_not_recognised
304,1417,compromised_card,compromised_card,compromised_card
304,1418,compromised_card,compromised_card,declined_cash_withdrawal
304,1419,compromised_card,compromised_card,compromised_card
304,1420,compromised_card,compromised_card,compromised_card
304,1421,compromised_card,card_linking,card_linking
304,1422,compromised_card,card_swallowed,compromised_card
304,1423,compromised_card,compromised_card,compromised_card
304,1424,compromised_card,compromised_card,compromised_card
304,1425,compromised_card,cancel_transfer,exchange_rate
304,1426,compromised_card,compromised_card,compromised_card
304,1427,compromised_card,compromised_card,compromised_card
304,1428,compromised_card,compromised_card,compromised_card
304,1429,compromised_card,compromised_card,compromised_card
304,1430,compromised_card,compromised_card,card_payment_not_recognised
304,1431,compromised_card,card_about_to_expire,card_arrival
304,1432,compromised_card,compromised_card,compromised_card
304,1433,compromised_card,compromised_card,compromised_card
304,1434,compromised_card,compromised_card,contactless_not_working
304,1435,compromised_card,compromised_card,compromised_card
304,1436,compromised_card,compromised_card,compromised_card
304,1437,compromised_card,compromised_card,compromised_card
304,1438,compromised_card,card_linking,card_payment_not_recognised
304,1439,compromised_card,compromised_card,compromised_card
304,1440,atm_support,atm_support,atm_support
304,1441,atm_support,card_acceptance,card_acceptance
304,1442,atm_support,atm_support,atm_support
304,1443,atm_support,atm_support,atm_support
304,1444,atm_support,atm_support,atm_support
304,1445,atm_support,card_acceptance,atm_support
304,1446,atm_support,atm_support,atm_support
304,1447,atm_support,atm_support,atm_support
304,1448,atm_support,card_acceptance,card_acceptance
304,1449,atm_support,atm_support,atm_support
304,1450,atm_support,atm_support,atm_support
304,1451,atm_support,atm_support,atm_support
304,1452,atm_support,atm_support,atm_support
304,1453,atm_support,atm_support,atm_support
304,1454,atm_support,atm_support,atm_support
304,1455,atm_support,atm_support,atm_support
304,1456,atm_support,atm_support,atm_support
304,1457,atm_support,atm_support,atm_support
304,1458,atm_support,atm_support,atm_support
304,1459,atm_support,atm_support,atm_support
304,1460,atm_support,atm_support,atm_support
304,1461,atm_support,card_acceptance,card_acceptance
304,1462,atm_support,atm_support,atm_support
304,1463,atm_support,atm_support,atm_support
304,1464,atm_support,atm_support,atm_support
304,1465,atm_support,card_acceptance,card_acceptance
304,1466,atm_support,atm_support,atm_support
304,1467,atm_support,atm_support,atm_support
304,1468,atm_support,atm_support,atm_support
304,1469,atm_support,atm_support,atm_support
304,1470,atm_support,atm_support,atm_support
304,1471,atm_support,card_acceptance,card_acceptance
304,1472,atm_support,card_acceptance,card_acceptance
304,1473,atm_support,atm_support,atm_support
304,1474,atm_support,atm_support,atm_support
304,1475,atm_support,atm_support,atm_support
304,1476,atm_support,atm_support,atm_support
304,1477,atm_support,atm_support,atm_support
304,1478,atm_support,atm_support,atm_support
304,1479,atm_support,atm_support,atm_support
304,1480,direct_debit_payment_not_recognised,direct_debit_payment_not_recognised,direct_debit_payment_not_recognised
304,1481,direct_debit_payment_not_recognised,direct_debit_payment_not_recognised,direct_debit_payment_not_recognised
304,1482,direct_debit_payment_not_recognised,direct_debit_payment_not_recognised,direct_debit_payment_not_recognised
304,1483,direct_debit_payment_not_recognised,direct_debit_payment_not_recognised,direct_debit_payment_not_recognised
304,1484,direct_debit_payment_not_recognised,card_payment_fee_charged,card_payment_not_recognised
304,1485,direct_debit_payment_not_recognised,card_swallowed,declined_cash_withdrawal
304,1486,direct_debit_payment_not_recognised,cash_withdrawal_not_recognised,cash_withdrawal_not_recognised
304,1487,direct_debit_payment_not_recognised,direct_debit_payment_not_recognised,direct_debit_payment_not_recognised
304,1488,direct_debit_payment_not_recognised,direct_debit_payment_not_recognised,card_payment_not_recognised
304,1489,direct_debit_payment_not_recognised,direct_debit_payment_not_recognised,direct_debit_payment_not_recognised
304,1490,direct_debit_payment_not_recognised,direct_debit_payment_not_recognised,direct_debit_payment_not_recognised
304,1491,direct_debit_payment_not_recognised,direct_debit_payment_not_recognised,direct_debit_payment_not_recognised
304,1492,direct_debit_payment_not_recognised,card_payment_not_recognised,card_payment_not_recognised
304,1493,direct_debit_payment_not_recognised,compromised_card,compromised_card
304,1494,direct_debit_payment_not_recognised,direct_debit_payment_not_recognised,direct_debit_payment_not_recognised
304,1495,direct_debit_payment_not_recognised,direct_debit_payment_not_recognised,direct_debit_payment_not_recognised
304,1496,direct_debit_payment_not_recognised,direct_debit_payment_not_recognised,direct_debit_payment_not_recognised
304,1497,direct_debit_payment_not_recognised,direct_debit_payment_not_recognised,direct_debit_payment_not_recognised
304,1498,direct_debit_payment_not_recognised,compromised_card,cash_withdrawal_not_recognised
304,1499,direct_debit_payment_not_recognised,direct_debit_payment_not_recognised,direct_debit_payment_not_recognised
304,1500,direct_debit_payment_not_recognised,direct_debit_payment_not_recognised,direct_debit_payment_not_recognised
304,1501,direct_debit_payment_not_recognised,card_payment_not_recognised,card_payment_not_recognised
304,1502,direct_debit_payment_not_recognised,direct_debit_payment_not_recognised,direct_debit_payment_not_recognised
304,1503,direct_debit_payment_not_recognised,direct_debit_payment_not_recognised,direct_debit_payment_not_recognised
304,1504,direct_debit_payment_not_recognised,card_payment_not_recognised,card_payment_not_recognised
304,1505,direct_debit_payment_not_recognised,direct_debit_payment_not_recognised,card_payment_not_recognised
304,1506,direct_debit_payment_not_recognised,direct_debit_payment_not_recognised,direct_debit_payment_not_recognised
304,1507,direct_debit_payment_not_recognised,direct_debit_payment_not_recognised,direct_debit_payment_not_recognised
304,1508,direct_debit_payment_not_recognised,direct_debit_payment_not_recognised,direct_debit_payment_not_recognised
304,1509,direct_debit_payment_not_recognised,direct_debit_payment_not_recognised,direct_debit_payment_not_recognised
304,1510,direct_debit_payment_not_recognised,card_payment_not_recognised,card_payment_not_recognised
304,1511,direct_debit_payment_not_recognised,direct_debit_payment_not_recognised,direct_debit_payment_not_recognised
304,1512,direct_debit_payment_not_recognised,direct_debit_payment_not_recognised,direct_debit_payment_not_recognised
304,1513,direct_debit_payment_not_recognised,direct_debit_payment_not_recognised,direct_debit_payment_not_recognised
304,1514,direct_debit_payment_not_recognised,direct_debit_payment_not_recognised,direct_debit_payment_not_recognised
304,1515,direct_debit_payment_not_recognised,direct_debit_payment_not_recognised,direct_debit_payment_not_recognised
304,1516,direct_debit_payment_not_recognised,cash_withdrawal_not_recognised,cash_withdrawal_not_recognised
304,1517,direct_debit_payment_not_recognised,card_payment_not_recognised,card_payment_not_recognised
304,1518,direct_debit_payment_not_recognised,direct_debit_payment_not_recognised,direct_debit_payment_not_recognised
304,1519,direct_debit_payment_not_recognised,declined_card_payment,declined_card_payment
304,1520,passcode_forgotten,card_swallowed,contactless_not_working
304,1521,passcode_forgotten,card_swallowed,contactless_not_working
304,1522,passcode_forgotten,card_arrival,contactless_not_working
304,1523,passcode_forgotten,card_not_working,contactless_not_working
304,1524,passcode_forgotten,card_swallowed,failed_transfer
304,1525,passcode_forgotten,card_not_working,declined_cash_withdrawal
304,1526,passcode_forgotten,compromised_card,failed_transfer
304,1527,passcode_forgotten,card_not_working,contactless_not_working
304,1528,passcode_forgotten,card_linking,contactless_not_working
304,1529,passcode_forgotten,card_payment_not_recognised,contactless_not_working
304,1530,passcode_forgotten,card_about_to_expire,contactless_not_working
304,1531,passcode_forgotten,card_payment_not_recognised,contactless_not_working
304,1532,passcode_forgotten,card_payment_not_recognised,card_payment_not_recognised
304,1533,passcode_forgotten,card_swallowed,contactless_not_working
304,1534,passcode_forgotten,contactless_not_working,contactless_not_working
304,1535,passcode_forgotten,change_pin,cancel_transfer
304,1536,passcode_forgotten,card_linking,contactless_not_working
304,1537,passcode_forgotten,card_linking,contactless_not_working
304,1538,passcode_forgotten,card_not_working,contactless_not_working
304,1539,passcode_forgotten,card_payment_not_recognised,contactless_not_working
304,1540,passcode_forgotten,card_not_working,contactless_not_working
304,1541,passcode_forgotten,card_payment_not_recognised,contactless_not_working
304,1542,passcode_forgotten,card_linking,contactless_not_working
304,1543,passcode_forgotten,card_linking,contactless_not_working
304,1544,passcode_forgotten,card_about_to_expire,contactless_not_working
304,1545,passcode_forgotten,card_swallowed,contactless_not_working
304,1546,passcode_forgotten,card_payment_not_recognised,card_payment_not_recognised
304,1547,passcode_forgotten,card_swallowed,contactless_not_working
304,1548,passcode_forgotten,card_payment_not_recognised,card_payment_not_recognised
304,1549,passcode_forgotten,change_pin,contactless_not_working
304,1550,passcode_forgotten,change_pin,contactless_not_working
304,1551,passcode_forgotten,change_pin,contactless_not_working
304,1552,passcode_forgotten,card_linking,contactless_not_working
304,1553,passcode_forgotten,card_swallowed,contactless_not_working
304,1554,passcode_forgotten,card_not_working,contactless_not_working
304,1555,passcode_forgotten,card_linking,contactless_not_working
304,1556,passcode_forgotten,card_about_to_expire,contactless_not_working
304,1557,passcode_forgotten,card_payment_not_recognised,card_payment_not_recognised
304,1558,passcode_forgotten,change_pin,contactless_not_working
304,1559,passcode_forgotten,activate_my_card,card_delivery_estimate
304,1560,declined_cash_withdrawal,declined_cash_withdrawal,declined_cash_withdrawal
304,1561,declined_cash_withdrawal,cash_withdrawal_not_recognised,declined_cash_withdrawal
304,1562,declined_cash_withdrawal,declined_cash_withdrawal,declined_cash_withdrawal
304,1563,declined_cash_withdrawal,declined_cash_withdrawal,declined_cash_withdrawal
304,1564,declined_cash_withdrawal,card_swallowed,declined_cash_withdrawal
304,1565,declined_cash_withdrawal,declined_cash_withdrawal,declined_cash_withdrawal
304,1566,declined_cash_withdrawal,declined_cash_withdrawal,declined_cash_withdrawal
304,1567,declined_cash_withdrawal,declined_cash_withdrawal,declined_cash_withdrawal
304,1568,declined_cash_withdrawal,declined_cash_withdrawal,declined_cash_withdrawal
304,1569,declined_cash_withdrawal,declined_cash_withdrawal,declined_cash_withdrawal
304,1570,declined_cash_withdrawal,declined_card_payment,declined_card_payment
304,1571,declined_cash_withdrawal,declined_cash_withdrawal,declined_cash_withdrawal
304,1572,declined_cash_withdrawal,declined_card_payment,declined_cash_withdrawal
304,1573,declined_cash_withdrawal,declined_cash_withdrawal,declined_cash_withdrawal
304,1574,declined_cash_withdrawal,declined_cash_withdrawal,declined_cash_withdrawal
304,1575,declined_cash_withdrawal,declined_transfer,declined_transfer
304,1576,declined_cash_withdrawal,declined_cash_withdrawal,declined_cash_withdrawal
304,1577,declined_cash_withdrawal,declined_cash_withdrawal,declined_cash_withdrawal
304,1578,declined_cash_withdrawal,card_swallowed,declined_card_payment
304,1579,declined_cash_withdrawal,declined_cash_withdrawal,declined_cash_withdrawal
304,1580,declined_cash_withdrawal,card_swallowed,declined_cash_withdrawal
304,1581,declined_cash_withdrawal,declined_cash_withdrawal,declined_cash_withdrawal
304,1582,declined_cash_withdrawal,declined_cash_withdrawal,declined_cash_withdrawal
304,1583,declined_cash_withdrawal,declined_cash_withdrawal,declined_cash_withdrawal
304,1584,declined_cash_withdrawal,declined_cash_withdrawal,declined_cash_withdrawal
304,1585,declined_cash_withdrawal,declined_card_payment,declined_cash_withdrawal
304,1586,declined_cash_withdrawal,declined_cash_withdrawal,declined_cash_withdrawal
304,1587,declined_cash_withdrawal,declined_cash_withdrawal,declined_cash_withdrawal
304,1588,declined_cash_withdrawal,declined_cash_withdrawal,declined_cash_withdrawal
304,1589,declined_cash_withdrawal,declined_cash_withdrawal,declined_cash_withdrawal
304,1590,declined_cash_withdrawal,declined_cash_withdrawal,declined_cash_withdrawal
304,1591,declined_cash_withdrawal,declined_cash_withdrawal,declined_cash_withdrawal
304,1592,declined_cash_withdrawal,declined_card_payment,declined_card_payment
304,1593,declined_cash_withdrawal,declined_cash_withdrawal,declined_cash_withdrawal
304,1594,declined_cash_withdrawal,declined_card_payment,declined_cash_withdrawal
304,1595,declined_cash_withdrawal,declined_cash_withdrawal,declined_cash_withdrawal
304,1596,declined_cash_withdrawal,declined_card_payment,declined_cash_withdrawal
304,1597,declined_cash_withdrawal,declined_cash_withdrawal,declined_cash_withdrawal
304,1598,declined_cash_withdrawal,declined_cash_withdrawal,declined_cash_withdrawal
304,1599,declined_cash_withdrawal,declined_cash_withdrawal,declined_cash_withdrawal
304,1600,pending_card_payment,declined_card_payment,declined_card_payment
304,1601,pending_card_payment,balance_not_updated_after_cheque_or_cash_deposit,card_payment_not_recognised
304,1602,pending_card_payment,declined_card_payment,card_payment_not_recognised
304,1603,pending_card_payment,card_arrival,card_acceptance
304,1604,pending_card_payment,declined_card_payment,declined_card_payment
304,1605,pending_card_payment,balance_not_updated_after_cheque_or_cash_deposit,beneficiary_not_allowed
304,1606,pending_card_payment,card_arrival,card_arrival
304,1607,pending_card_payment,balance_not_updated_after_cheque_or_cash_deposit,balance_not_updated_after_cheque_or_cash_deposit
304,1608,pending_card_payment,card_payment_not_recognised,exchange_rate
304,1609,pending_card_payment,card_arrival,card_delivery_estimate
304,1610,pending_card_payment,balance_not_updated_after_cheque_or_cash_deposit,balance_not_updated_after_cheque_or_cash_deposit
304,1611,pending_card_payment,card_payment_not_recognised,card_payment_not_recognised
304,1612,pending_card_payment,card_payment_not_recognised,card_payment_not_recognised
304,1613,pending_card_payment,balance_not_updated_after_cheque_or_cash_deposit,balance_not_updated_after_cheque_or_cash_deposit
304,1614,pending_card_payment,balance_not_updated_after_cheque_or_cash_deposit,balance_not_updated_after_cheque_or_cash_deposit
304,1615,pending_card_payment,card_arrival,card_delivery_estimate
304,1616,pending_card_payment,card_payment_not_recognised,exchange_rate
304,1617,pending_card_payment,balance_not_updated_after_cheque_or_cash_deposit,declined_cash_withdrawal
304,1618,pending_card_payment,card_arrival,card_arrival
304,1619,pending_card_payment,card_payment_not_recognised,card_payment_not_recognised
304,1620,pending_card_payment,declined_card_payment,card_arrival
304,1621,pending_card_payment,cancel_transfer,exchange_rate
304,1622,pending_card_payment,card_delivery_estimate,card_delivery_estimate
304,1623,pending_card_payment,balance_not_updated_after_bank_transfer,exchange_rate
304,1624,pending_card_payment,card_arrival,card_arrival
304,1625,pending_card_payment,balance_not_updated_after_cheque_or_cash_deposit,card_payment_not_recognised
304,1626,pending_card_payment,Refund_not_showing_up,Refund_not_showing_up
304,1627,pending_card_payment,balance_not_updated_after_cheque_or_cash_deposit,balance_not_updated_after_cheque_or_cash_deposit
304,1628,pending_card_payment,card_payment_not_recognised,balance_not_updated_after_cheque_or_cash_deposit
304,1629,pending_card_payment,balance_not_updated_after_cheque_or_cash_deposit,exchange_rate
304,1630,pending_card_payment,card_payment_not_recognised,card_payment_not_recognised
304,1631,pending_card_payment,declined_card_payment,balance_not_updated_after_cheque_or_cash_deposit
304,1632,pending_card_payment,balance_not_updated_after_bank_transfer,balance_not_updated_after_cheque_or_cash_deposit
304,1633,pending_card_payment,balance_not_updated_after_cheque_or_cash_deposit,balance_not_updated_after_cheque_or_cash_deposit
304,1634,pending_card_payment,card_delivery_estimate,card_delivery_estimate
304,1635,pending_card_payment,balance_not_updated_after_cheque_or_cash_deposit,balance_not_updated_after_cheque_or_cash_deposit
304,1636,pending_card_payment,exchange_via_app,exchange_rate
304,1637,pending_card_payment,declined_card_payment,card_arrival
304,1638,pending_card_payment,balance_not_updated_after_cheque_or_cash_deposit,balance_not_updated_after_cheque_or_cash_deposit
304,1639,pending_card_payment,balance_not_updated_after_cheque_or_cash_deposit,balance_not_updated_after_cheque_or_cash_deposit
304,1640,lost_or_stolen_phone,card_swallowed,contactless_not_working
304,1641,lost_or_stolen_phone,card_swallowed,compromised_card
304,1642,lost_or_stolen_phone,card_linking,contactless_not_working
304,1643,lost_or_stolen_phone,compromised_card,compromised_card
304,1644,lost_or_stolen_phone,card_swallowed,declined_cash_withdrawal
304,1645,lost_or_stolen_phone,contactless_not_working,contactless_not_working
304,1646,lost_or_stolen_phone,compromised_card,contactless_not_working
304,1647,lost_or_stolen_phone,compromised_card,compromised_card
304,1648,lost_or_stolen_phone,compromised_card,compromised_card
304,1649,lost_or_stolen_phone,card_swallowed,compromised_card
304,1650,lost_or_stolen_phone,compromised_card,contactless_not_working
304,1651,lost_or_stolen_phone,cash_withdrawal_not_recognised,contactless_not_working
304,1652,lost_or_stolen_phone,card_payment_not_recognised,cash_withdrawal_not_recognised
304,1653,lost_or_stolen_phone,card_linking,contactless_not_working
304,1654,lost_or_stolen_phone,card_linking,contactless_not_working
304,1655,lost_or_stolen_phone,card_payment_not_recognised,contactless_not_working
304,1656,lost_or_stolen_phone,card_payment_not_recognised,contactless_not_working
304,1657,lost_or_stolen_phone,cancel_transfer,cancel_transfer
304,1658,lost_or_stolen_phone,cash_withdrawal_not_recognised,declined_cash_withdrawal
304,1659,lost_or_stolen_phone,balance_not_updated_after_bank_transfer,contactless_not_working
304,1660,lost_or_stolen_phone,card_payment_not_recognised,contactless_not_working
304,1661,lost_or_stolen_phone,compromised_card,compromised_card
304,1662,lost_or_stolen_phone,cash_withdrawal_not_recognised,contactless_not_working
304,1663,lost_or_stolen_phone,card_swallowed,declined_cash_withdrawal
304,1664,lost_or_stolen_phone,card_payment_not_recognised,contactless_not_working
304,1665,lost_or_stolen_phone,cash_withdrawal_not_recognised,declined_cash_withdrawal
304,1666,lost_or_stolen_phone,exchange_via_app,exchange_via_app
304,1667,lost_or_stolen_phone,card_swallowed,declined_cash_withdrawal
304,1668,lost_or_stolen_phone,card_swallowed,declined_cash_withdrawal
304,1669,lost_or_stolen_phone,age_limit,contactless_not_working
304,1670,lost_or_stolen_phone,card_payment_not_recognised,contactless_not_working
304,1671,lost_or_stolen_phone,compromised_card,compromised_card
304,1672,lost_or_stolen_phone,card_swallowed,card_swallowed
304,1673,lost_or_stolen_phone,card_linking,contactless_not_working
304,1674,lost_or_stolen_phone,compromised_card,compromised_card
304,1675,lost_or_stolen_phone,card_swallowed,contactless_not_working
304,1676,lost_or_stolen_phone,card_swallowed,cash_withdrawal_not_recognised
304,1677,lost_or_stolen_phone,card_linking,contactless_not_working
304,1678,lost_or_stolen_phone,card_swallowed,declined_cash_withdrawal
304,1679,lost_or_stolen_phone,cash_withdrawal_not_recognised,declined_cash_withdrawal
304,1680,request_refund,Refund_not_showing_up,contactless_not_working
304,1681,request_refund,Refund_not_showing_up,Refund_not_showing_up
304,1682,request_refund,Refund_not_showing_up,exchange_rate
304,1683,request_refund,Refund_not_showing_up,Refund_not_showing_up
304,1684,request_refund,Refund_not_showing_up,cancel_transfer
304,1685,request_refund,cancel_transfer,cancel_transfer
304,1686,request_refund,Refund_not_showing_up,Refund_not_showing_up
304,1687,request_refund,Refund_not_showing_up,contactless_not_working
304,1688,request_refund,Refund_not_showing_up,Refund_not_showing_up
304,1689,request_refund,card_payment_wrong_exchange_rate,card_payment_wrong_exchange_rate
304,1690,request_refund,cancel_transfer,cancel_transfer
304,1691,request_refund,cancel_transfer,cancel_transfer
304,1692,request_refund,Refund_not_showing_up,cancel_transfer
304,1693,request_refund,Refund_not_showing_up,Refund_not_showing_up
304,1694,request_refund,Refund_not_showing_up,Refund_not_showing_up
304,1695,request_refund,declined_card_payment,card_payment_not_recognised
304,1696,request_refund,Refund_not_showing_up,Refund_not_showing_up
304,1697,request_refund,Refund_not_showing_up,Refund_not_showing_up
304,1698,request_refund,cancel_transfer,cancel_transfer
304,1699,request_refund,Refund_not_showing_up,Refund_not_showing_up
304,1700,request_refund,Refund_not_showing_up,Refund_not_showing_up
304,1701,request_refund,cancel_transfer,cancel_transfer
304,1702,request_refund,cancel_transfer,cancel_transfer
304,1703,request_refund,Refund_not_showing_up,Refund_not_showing_up
304,1704,request_refund,Refund_not_showing_up,Refund_not_showing_up
304,1705,request_refund,Refund_not_showing_up,cancel_transfer
304,1706,request_refund,cancel_transfer,cancel_transfer
304,1707,request_refund,Refund_not_showing_up,Refund_not_showing_up
304,1708,request_refund,Refund_not_showing_up,cancel_transfer
304,1709,request_refund,cash_withdrawal_not_recognised,cash_withdrawal_not_recognised
304,1710,request_refund,cancel_transfer,cancel_transfer
304,1711,request_refund,cancel_transfer,cancel_transfer
304,1712,request_refund,declined_card_payment,declined_card_payment
304,1713,request_refund,card_payment_wrong_exchange_rate,card_payment_wrong_exchange_rate
304,1714,request_refund,cancel_transfer,card_payment_not_recognised
304,1715,request_refund,Refund_not_showing_up,exchange_rate
304,1716,request_refund,Refund_not_showing_up,Refund_not_showing_up
304,1717,request_refund,Refund_not_showing_up,cancel_transfer
304,1718,request_refund,Refund_not_showing_up,cancel_transfer
304,1719,request_refund,cancel_transfer,cancel_transfer
304,1720,declined_transfer,failed_transfer,failed_transfer
304,1721,declined_transfer,declined_card_payment,declined_card_payment
304,1722,declined_transfer,failed_transfer,failed_transfer
304,1723,declined_transfer,declined_transfer,declined_transfer
304,1724,declined_transfer,declined_transfer,declined_transfer
304,1725,declined_transfer,declined_card_payment,declined_card_payment
304,1726,declined_transfer,declined_card_payment,declined_card_payment
304,1727,declined_transfer,declined_transfer,declined_transfer
304,1728,declined_transfer,declined_card_payment,declined_card_payment
304,1729,declined_transfer,declined_transfer,declined_transfer
304,1730,declined_transfer,declined_card_payment,declined_card_payment
304,1731,declined_transfer,declined_transfer,declined_transfer
304,1732,declined_transfer,declined_transfer,declined_transfer
304,1733,declined_transfer,declined_transfer,declined_transfer
304,1734,declined_transfer,failed_transfer,cancel_transfer
304,1735,declined_transfer,declined_card_payment,declined_card_payment
304,1736,declined_transfer,failed_transfer,failed_transfer
304,1737,declined_transfer,failed_transfer,failed_transfer
304,1738,declined_transfer,declined_transfer,declined_transfer
304,1739,declined_transfer,declined_card_payment,declined_card_payment
304,1740,declined_transfer,declined_transfer,failed_transfer
304,1741,declined_transfer,declined_transfer,declined_transfer
304,1742,declined_transfer,declined_transfer,declined_transfer
304,1743,declined_transfer,declined_transfer,declined_transfer
304,1744,declined_transfer,declined_transfer,declined_transfer
304,1745,declined_transfer,declined_transfer,declined_transfer
304,1746,declined_transfer,failed_transfer,failed_transfer
304,1747,declined_transfer,declined_transfer,declined_transfer
304,1748,declined_transfer,declined_transfer,failed_transfer
304,1749,declined_transfer,declined_transfer,declined_transfer
304,1750,declined_transfer,declined_transfer,failed_transfer
304,1751,declined_transfer,declined_card_payment,declined_cash_withdrawal
304,1752,declined_transfer,declined_cash_withdrawal,declined_cash_withdrawal
304,1753,declined_transfer,declined_transfer,failed_transfer
304,1754,declined_transfer,declined_card_payment,declined_card_payment
304,1755,declined_transfer,declined_card_payment,declined_card_payment
304,1756,declined_transfer,declined_card_payment,declined_card_payment
304,1757,declined_transfer,declined_transfer,failed_transfer
304,1758,declined_transfer,declined_card_payment,declined_card_payment
304,1759,declined_transfer,declined_transfer,declined_transfer
304,1760,Refund_not_showing_up,balance_not_updated_after_cheque_or_cash_deposit,card_payment_not_recognised
304,1761,Refund_not_showing_up,Refund_not_showing_up,Refund_not_showing_up
304,1762,Refund_not_showing_up,Refund_not_showing_up,Refund_not_showing_up
304,1763,Refund_not_showing_up,balance_not_updated_after_cheque_or_cash_deposit,balance_not_updated_after_cheque_or_cash_deposit
304,1764,Refund_not_showing_up,Refund_not_showing_up,Refund_not_showing_up
304,1765,Refund_not_showing_up,Refund_not_showing_up,Refund_not_showing_up
304,1766,Refund_not_showing_up,Refund_not_showing_up,Refund_not_showing_up
304,1767,Refund_not_showing_up,Refund_not_showing_up,Refund_not_showing_up
304,1768,Refund_not_showing_up,balance_not_updated_after_cheque_or_cash_deposit,balance_not_updated_after_cheque_or_cash_deposit
304,1769,Refund_not_showing_up,Refund_not_showing_up,Refund_not_showing_up
304,1770,Refund_not_showing_up,Refund_not_showing_up,Refund_not_showing_up
304,1771,Refund_not_showing_up,Refund_not_showing_up,Refund_not_showing_up
304,1772,Refund_not_showing_up,Refund_not_showing_up,Refund_not_showing_up
304,1773,Refund_not_showing_up,Refund_not_showing_up,Refund_not_showing_up
304,1774,Refund_not_showing_up,Refund_not_showing_up,Refund_not_showing_up
304,1775,Refund_not_showing_up,cash_withdrawal_not_recognised,card_payment_not_recognised
304,1776,Refund_not_showing_up,Refund_not_showing_up,Refund_not_showing_up
304,1777,Refund_not_showing_up,balance_not_updated_after_cheque_or_cash_deposit,balance_not_updated_after_cheque_or_cash_deposit
304,1778,Refund_not_showing_up,Refund_not_showing_up,Refund_not_showing_up
304,1779,Refund_not_showing_up,balance_not_updated_after_cheque_or_cash_deposit,balance_not_updated_after_cheque_or_cash_deposit
304,1780,Refund_not_showing_up,Refund_not_showing_up,card_payment_not_recognised
304,1781,Refund_not_showing_up,balance_not_updated_after_cheque_or_cash_deposit,card_payment_not_recognised
304,1782,Refund_not_showing_up,Refund_not_showing_up,Refund_not_showing_up
304,1783,Refund_not_showing_up,Refund_not_showing_up,Refund_not_showing_up
304,1784,Refund_not_showing_up,Refund_not_showing_up,Refund_not_showing_up
304,1785,Refund_not_showing_up,Refund_not_showing_up,balance_not_updated_after_cheque_or_cash_deposit
304,1786,Refund_not_showing_up,Refund_not_showing_up,Refund_not_showing_up
304,1787,Refund_not_showing_up,Refund_not_showing_up,Refund_not_showing_up
304,1788,Refund_not_showing_up,Refund_not_showing_up,Refund_not_showing_up
304,1789,Refund_not_showing_up,balance_not_updated_after_cheque_or_cash_deposit,balance_not_updated_after_cheque_or_cash_deposit
304,1790,Refund_not_showing_up,Refund_not_showing_up,Refund_not_showing_up
304,1791,Refund_not_showing_up,balance_not_updated_after_cheque_or_cash_deposit,balance_not_updated_after_cheque_or_cash_deposit
304,1792,Refund_not_showing_up,Refund_not_showing_up,Refund_not_showing_up
304,1793,Refund_not_showing_up,Refund_not_showing_up,Refund_not_showing_up
304,1794,Refund_not_showing_up,balance_not_updated_after_cheque_or_cash_deposit,balance_not_updated_after_cheque_or_cash_deposit
304,1795,Refund_not_showing_up,Refund_not_showing_up,Refund_not_showing_up
304,1796,Refund_not_showing_up,Refund_not_showing_up,Refund_not_showing_up
304,1797,Refund_not_showing_up,Refund_not_showing_up,Refund_not_showing_up
304,1798,Refund_not_showing_up,Refund_not_showing_up,card_delivery_estimate
304,1799,Refund_not_showing_up,Refund_not_showing_up,Refund_not_showing_up
304,1800,declined_card_payment,declined_card_payment,declined_card_payment
304,1801,declined_card_payment,declined_card_payment,declined_card_payment
304,1802,declined_card_payment,declined_card_payment,declined_card_payment
304,1803,declined_card_payment,declined_card_payment,declined_card_payment
304,1804,declined_card_payment,declined_card_payment,declined_cash_withdrawal
304,1805,declined_card_payment,declined_card_payment,declined_card_payment
304,1806,declined_card_payment,declined_card_payment,declined_card_payment
304,1807,declined_card_payment,declined_card_payment,declined_card_payment
304,1808,declined_card_payment,declined_card_payment,declined_card_payment
304,1809,declined_card_payment,declined_card_payment,declined_card_payment
304,1810,declined_card_payment,declined_card_payment,declined_card_payment
304,1811,declined_card_payment,declined_card_payment,declined_card_payment
304,1812,declined_card_payment,declined_card_payment,declined_card_payment
304,1813,declined_card_payment,declined_card_payment,declined_cash_withdrawal
304,1814,declined_card_payment,declined_card_payment,declined_card_payment
304,1815,declined_card_payment,declined_card_payment,declined_cash_withdrawal
304,1816,declined_card_payment,declined_card_payment,declined_card_payment
304,1817,declined_card_payment,declined_card_payment,declined_card_payment
304,1818,declined_card_payment,declined_card_payment,declined_card_payment
304,1819,declined_card_payment,declined_card_payment,declined_card_payment
304,1820,declined_card_payment,declined_card_payment,declined_card_payment
304,1821,declined_card_payment,declined_card_payment,declined_card_payment
304,1822,declined_card_payment,declined_card_payment,declined_card_payment
304,1823,declined_card_payment,declined_card_payment,declined_card_payment
304,1824,declined_card_payment,declined_card_payment,declined_card_payment
304,1825,declined_card_payment,declined_card_payment,declined_card_payment
304,1826,declined_card_payment,declined_card_payment,declined_card_payment
304,1827,declined_card_payment,declined_card_payment,declined_card_payment
304,1828,declined_card_payment,declined_card_payment,declined_card_payment
304,1829,declined_card_payment,declined_card_payment,declined_card_payment
304,1830,declined_card_payment,declined_card_payment,declined_card_payment
304,1831,declined_card_payment,declined_card_payment,declined_card_payment
304,1832,declined_card_payment,declined_card_payment,declined_card_payment
304,1833,declined_card_payment,declined_card_payment,declined_card_payment
304,1834,declined_card_payment,declined_card_payment,declined_card_payment
304,1835,declined_card_payment,declined_card_payment,declined_card_payment
304,1836,declined_card_payment,declined_card_payment,declined_card_payment
304,1837,declined_card_payment,declined_card_payment,declined_card_payment
304,1838,declined_card_payment,card_not_working,declined_card_payment
304,1839,declined_card_payment,declined_card_payment,declined_card_payment
304,1840,pending_transfer,failed_transfer,failed_transfer
304,1841,pending_transfer,balance_not_updated_after_bank_transfer,balance_not_updated_after_bank_transfer
304,1842,pending_transfer,failed_transfer,failed_transfer
304,1843,pending_transfer,failed_transfer,failed_transfer
304,1844,pending_transfer,balance_not_updated_after_cheque_or_cash_deposit,balance_not_updated_after_cheque_or_cash_deposit
304,1845,pending_transfer,failed_transfer,failed_transfer
304,1846,pending_transfer,balance_not_updated_after_bank_transfer,failed_transfer
304,1847,pending_transfer,balance_not_updated_after_bank_transfer,failed_transfer
304,1848,pending_transfer,failed_transfer,failed_transfer
304,1849,pending_transfer,failed_transfer,failed_transfer
304,1850,pending_transfer,balance_not_updated_after_bank_transfer,failed_transfer
304,1851,pending_transfer,balance_not_updated_after_bank_transfer,failed_transfer
304,1852,pending_transfer,failed_transfer,failed_transfer
304,1853,pending_transfer,balance_not_updated_after_bank_transfer,declined_cash_withdrawal
304,1854,pending_transfer,balance_not_updated_after_bank_transfer,failed_transfer
304,1855,pending_transfer,balance_not_updated_after_cheque_or_cash_deposit,failed_transfer
304,1856,pending_transfer,balance_not_updated_after_bank_transfer,failed_transfer
304,1857,pending_transfer,failed_transfer,failed_transfer
304,1858,pending_transfer,failed_transfer,failed_transfer
304,1859,pending_transfer,failed_transfer,failed_transfer
304,1860,pending_transfer,balance_not_updated_after_bank_transfer,failed_transfer
304,1861,pending_transfer,balance_not_updated_after_bank_transfer,failed_transfer
304,1862,pending_transfer,balance_not_updated_after_bank_transfer,failed_transfer
304,1863,pending_transfer,failed_transfer,failed_transfer
304,1864,pending_transfer,balance_not_updated_after_bank_transfer,failed_transfer
304,1865,pending_transfer,balance_not_updated_after_bank_transfer,failed_transfer
304,1866,pending_transfer,balance_not_updated_after_cheque_or_cash_deposit,declined_cash_withdrawal
304,1867,pending_transfer,balance_not_updated_after_cheque_or_cash_deposit,balance_not_updated_after_cheque_or_cash_deposit
304,1868,pending_transfer,balance_not_updated_after_bank_transfer,failed_transfer
304,1869,pending_transfer,failed_transfer,failed_transfer
304,1870,pending_transfer,failed_transfer,failed_transfer
304,1871,pending_transfer,balance_not_updated_after_bank_transfer,failed_transfer
304,1872,pending_transfer,balance_not_updated_after_bank_transfer,failed_transfer
304,1873,pending_transfer,balance_not_updated_after_bank_transfer,balance_not_updated_after_bank_transfer
304,1874,pending_transfer,beneficiary_not_allowed,beneficiary_not_allowed
304,1875,pending_transfer,card_payment_fee_charged,balance_not_updated_after_bank_transfer
304,1876,pending_transfer,balance_not_updated_after_cheque_or_cash_deposit,failed_transfer
304,1877,pending_transfer,failed_transfer,failed_transfer
304,1878,pending_transfer,failed_transfer,failed_transfer
304,1879,pending_transfer,balance_not_updated_after_bank_transfer,balance_not_updated_after_bank_transfer
304,1880,terminate_account,cash_withdrawal_not_recognised,cash_withdrawal_not_recognised
304,1881,terminate_account,age_limit,age_limit
304,1882,terminate_account,cancel_transfer,cancel_transfer
304,1883,terminate_account,cancel_transfer,cancel_transfer
304,1884,terminate_account,age_limit,age_limit
304,1885,terminate_account,cancel_transfer,declined_cash_withdrawal
304,1886,terminate_account,cancel_transfer,cancel_transfer
304,1887,terminate_account,cash_withdrawal_not_recognised,cancel_transfer
304,1888,terminate_account,cancel_transfer,cancel_transfer
304,1889,terminate_account,cancel_transfer,cancel_transfer
304,1890,terminate_account,cancel_transfer,contactless_not_working
304,1891,terminate_account,cancel_transfer,contactless_not_working
304,1892,terminate_account,cash_withdrawal_not_recognised,cash_withdrawal_not_recognised
304,1893,terminate_account,cancel_transfer,cancel_transfer
304,1894,terminate_account,cancel_transfer,declined_cash_withdrawal
304,1895,terminate_account,cancel_transfer,cancel_transfer
304,1896,terminate_account,cancel_transfer,cash_withdrawal_not_recognised
304,1897,terminate_account,cancel_transfer,declined_cash_withdrawal
304,1898,terminate_account,cancel_transfer,cancel_transfer
304,1899,terminate_account,cancel_transfer,cancel_transfer
304,1900,terminate_account,cash_withdrawal_not_recognised,cash_withdrawal_not_recognised
304,1901,terminate_account,cancel_transfer,cancel_transfer
304,1902,terminate_account,cancel_transfer,declined_cash_withdrawal
304,1903,terminate_account,cancel_transfer,cancel_transfer
304,1904,terminate_account,cancel_transfer,cancel_transfer
304,1905,terminate_account,cash_withdrawal_not_recognised,declined_cash_withdrawal
304,1906,terminate_account,declined_card_payment,declined_cash_withdrawal
304,1907,terminate_account,cancel_transfer,cancel_transfer
304,1908,terminate_account,cancel_transfer,contactless_not_working
304,1909,terminate_account,cancel_transfer,cancel_transfer
304,1910,terminate_account,cancel_transfer,cancel_transfer
304,1911,terminate_account,cancel_transfer,cancel_transfer
304,1912,terminate_account,cancel_transfer,cancel_transfer
304,1913,terminate_account,cancel_transfer,cancel_transfer
304,1914,terminate_account,cancel_transfer,cancel_transfer
304,1915,terminate_account,cancel_transfer,cancel_transfer
304,1916,terminate_account,cancel_transfer,contactless_not_working
304,1917,terminate_account,cancel_transfer,cancel_transfer
304,1918,terminate_account,age_limit,exchange_rate
304,1919,terminate_account,cancel_transfer,cancel_transfer
304,1920,card_swallowed,card_swallowed,card_swallowed
304,1921,card_swallowed,card_swallowed,card_swallowed
304,1922,card_swallowed,card_swallowed,declined_cash_withdrawal
304,1923,card_swallowed,card_swallowed,card_swallowed
304,1924,card_swallowed,card_swallowed,card_swallowed
304,1925,card_swallowed,card_swallowed,card_swallowed
304,1926,card_swallowed,card_swallowed,card_swallowed
304,1927,card_swallowed,card_swallowed,card_swallowed
304,1928,card_swallowed,card_swallowed,card_swallowed
304,1929,card_swallowed,card_swallowed,card_swallowed
304,1930,card_swallowed,card_swallowed,card_swallowed
304,1931,card_swallowed,card_swallowed,card_swallowed
304,1932,card_swallowed,card_swallowed,card_swallowed
304,1933,card_swallowed,card_swallowed,card_swallowed
304,1934,card_swallowed,card_swallowed,declined_cash_withdrawal
304,1935,card_swallowed,card_swallowed,card_swallowed
304,1936,card_swallowed,card_swallowed,card_swallowed
304,1937,card_swallowed,card_swallowed,card_swallowed
304,1938,card_swallowed,card_swallowed,card_swallowed
304,1939,card_swallowed,card_swallowed,card_swallowed
304,1940,card_swallowed,card_swallowed,card_swallowed
304,1941,card_swallowed,card_swallowed,card_swallowed
304,1942,card_swallowed,card_swallowed,declined_cash_withdrawal
304,1943,card_swallowed,card_swallowed,card_swallowed
304,1944,card_swallowed,card_swallowed,card_swallowed
304,1945,card_swallowed,card_swallowed,card_swallowed
304,1946,card_swallowed,card_swallowed,declined_cash_withdrawal
304,1947,card_swallowed,card_swallowed,card_swallowed
304,1948,card_swallowed,card_swallowed,card_swallowed
304,1949,card_swallowed,card_swallowed,card_swallowed
304,1950,card_swallowed,card_swallowed,declined_cash_withdrawal
304,1951,card_swallowed,card_swallowed,card_swallowed
304,1952,card_swallowed,card_swallowed,card_swallowed
304,1953,card_swallowed,card_swallowed,declined_cash_withdrawal
304,1954,card_swallowed,card_swallowed,card_swallowed
304,1955,card_swallowed,card_swallowed,card_swallowed
304,1956,card_swallowed,card_swallowed,card_swallowed
304,1957,card_swallowed,card_swallowed,card_swallowed
304,1958,card_swallowed,card_swallowed,declined_cash_withdrawal
304,1959,card_swallowed,card_swallowed,card_swallowed
304,1960,transaction_charged_twice,card_payment_not_recognised,card_payment_not_recognised
304,1961,transaction_charged_twice,card_payment_wrong_exchange_rate,card_payment_wrong_exchange_rate
304,1962,transaction_charged_twice,card_payment_fee_charged,card_payment_fee_charged
304,1963,transaction_charged_twice,card_payment_fee_charged,card_payment_wrong_exchange_rate
304,1964,transaction_charged_twice,card_payment_wrong_exchange_rate,card_payment_wrong_exchange_rate
304,1965,transaction_charged_twice,extra_charge_on_statement,cash_withdrawal_charge
304,1966,transaction_charged_twice,card_payment_fee_charged,card_payment_fee_charged
304,1967,transaction_charged_twice,card_payment_fee_charged,card_payment_not_recognised
304,1968,transaction_charged_twice,card_payment_fee_charged,card_payment_wrong_exchange_rate
304,1969,transaction_charged_twice,card_payment_fee_charged,cancel_transfer
304,1970,transaction_charged_twice,card_payment_fee_charged,card_payment_not_recognised
304,1971,transaction_charged_twice,card_payment_fee_charged,card_payment_not_recognised
304,1972,transaction_charged_twice,extra_charge_on_statement,card_payment_wrong_exchange_rate
304,1973,transaction_charged_twice,card_payment_fee_charged,card_payment_fee_charged
304,1974,transaction_charged_twice,card_payment_wrong_exchange_rate,card_payment_wrong_exchange_rate
304,1975,transaction_charged_twice,extra_charge_on_statement,card_payment_wrong_exchange_rate
304,1976,transaction_charged_twice,card_payment_fee_charged,exchange_rate
304,1977,transaction_charged_twice,card_payment_wrong_exchange_rate,card_payment_wrong_exchange_rate
304,1978,transaction_charged_twice,card_payment_fee_charged,card_payment_wrong_exchange_rate
304,1979,transaction_charged_twice,card_payment_fee_charged,card_payment_fee_charged
304,1980,transaction_charged_twice,card_payment_fee_charged,card_payment_wrong_exchange_rate
304,1981,transaction_charged_twice,card_payment_fee_charged,card_payment_fee_charged
304,1982,transaction_charged_twice,card_payment_fee_charged,card_payment_wrong_exchange_rate
304,1983,transaction_charged_twice,declined_card_payment,card_payment_wrong_exchange_rate
304,1984,transaction_charged_twice,extra_charge_on_statement,card_payment_wrong_exchange_rate
304,1985,transaction_charged_twice,balance_not_updated_after_cheque_or_cash_deposit,balance_not_updated_after_cheque_or_cash_deposit
304,1986,transaction_charged_twice,card_payment_wrong_exchange_rate,card_payment_wrong_exchange_rate
304,1987,transaction_charged_twice,card_payment_fee_charged,card_payment_wrong_exchange_rate
304,1988,transaction_charged_twice,card_payment_fee_charged,exchange_rate
304,1989,transaction_charged_twice,card_payment_fee_charged,card_payment_wrong_exchange_rate
304,1990,transaction_charged_twice,card_payment_wrong_exchange_rate,card_payment_wrong_exchange_rate
304,1991,transaction_charged_twice,extra_charge_on_statement,card_payment_wrong_exchange_rate
304,1992,transaction_charged_twice,card_payment_wrong_exchange_rate,card_payment_wrong_exchange_rate
304,1993,transaction_charged_twice,declined_card_payment,declined_card_payment
304,1994,transaction_charged_twice,card_payment_wrong_exchange_rate,card_payment_wrong_exchange_rate
304,1995,transaction_charged_twice,direct_debit_payment_not_recognised,direct_debit_payment_not_recognised
304,1996,transaction_charged_twice,cash_withdrawal_not_recognised,cash_withdrawal_not_recognised
304,1997,transaction_charged_twice,card_payment_not_recognised,card_payment_not_recognised
304,1998,transaction_charged_twice,card_payment_not_recognised,card_payment_not_recognised
304,1999,transaction_charged_twice,card_payment_fee_charged,card_payment_fee_charged
304,2000,verify_source_of_funds,balance_not_updated_after_cheque_or_cash_deposit,balance_not_updated_after_cheque_or_cash_deposit
304,2001,verify_source_of_funds,cash_withdrawal_not_recognised,declined_cash_withdrawal
304,2002,verify_source_of_funds,atm_support,declined_cash_withdrawal
304,2003,verify_source_of_funds,balance_not_updated_after_cheque_or_cash_deposit,balance_not_updated_after_cheque_or_cash_deposit
304,2004,verify_source_of_funds,atm_support,exchange_rate
304,2005,verify_source_of_funds,balance_not_updated_after_cheque_or_cash_deposit,declined_cash_withdrawal
304,2006,verify_source_of_funds,balance_not_updated_after_cheque_or_cash_deposit,declined_cash_withdrawal
304,2007,verify_source_of_funds,card_payment_not_recognised,balance_not_updated_after_cheque_or_cash_deposit
304,2008,verify_source_of_funds,card_payment_fee_charged,declined_cash_withdrawal
304,2009,verify_source_of_funds,direct_debit_payment_not_recognised,exchange_rate
304,2010,verify_source_of_funds,card_payment_not_recognised,exchange_rate
304,2011,verify_source_of_funds,declined_cash_withdrawal,declined_cash_withdrawal
304,2012,verify_source_of_funds,balance_not_updated_after_cheque_or_cash_deposit,balance_not_updated_after_cheque_or_cash_deposit
304,2013,verify_source_of_funds,balance_not_updated_after_cheque_or_cash_deposit,balance_not_updated_after_cheque_or_cash_deposit
304,2014,verify_source_of_funds,balance_not_updated_after_cheque_or_cash_deposit,balance_not_updated_after_cheque_or_cash_deposit
304,2015,verify_source_of_funds,direct_debit_payment_not_recognised,balance_not_updated_after_cheque_or_cash_deposit
304,2016,verify_source_of_funds,balance_not_updated_after_cheque_or_cash_deposit,declined_cash_withdrawal
304,2017,verify_source_of_funds,card_payment_not_recognised,cash_withdrawal_not_recognised
304,2018,verify_source_of_funds,cash_withdrawal_not_recognised,declined_cash_withdrawal
304,2019,verify_source_of_funds,exchange_rate,exchange_rate
304,2020,verify_source_of_funds,atm_support,exchange_rate
304,2021,verify_source_of_funds,card_payment_not_recognised,exchange_rate
304,2022,verify_source_of_funds,cash_withdrawal_not_recognised,balance_not_updated_after_cheque_or_cash_deposit
304,2023,verify_source_of_funds,balance_not_updated_after_cheque_or_cash_deposit,balance_not_updated_after_cheque_or_cash_deposit
304,2024,verify_source_of_funds,balance_not_updated_after_cheque_or_cash_deposit,exchange_rate
304,2025,verify_source_of_funds,exchange_rate,exchange_rate
304,2026,verify_source_of_funds,balance_not_updated_after_cheque_or_cash_deposit,declined_cash_withdrawal
304,2027,verify_source_of_funds,exchange_rate,exchange_rate
304,2028,verify_source_of_funds,exchange_rate,exchange_rate
304,2029,verify_source_of_funds,compromised_card,balance_not_updated_after_cheque_or_cash_deposit
304,2030,verify_source_of_funds,atm_support,exchange_rate
304,2031,verify_source_of_funds,direct_debit_payment_not_recognised,exchange_rate
304,2032,verify_source_of_funds,atm_support,exchange_rate
304,2033,verify_source_of_funds,balance_not_updated_after_cheque_or_cash_deposit,declined_cash_withdrawal
304,2034,verify_source_of_funds,exchange_rate,exchange_rate
304,2035,verify_source_of_funds,balance_not_updated_after_cheque_or_cash_deposit,exchange_rate
304,2036,verify_source_of_funds,balance_not_updated_after_cheque_or_cash_deposit,exchange_rate
304,2037,verify_source_of_funds,direct_debit_payment_not_recognised,balance_not_updated_after_cheque_or_cash_deposit
304,2038,verify_source_of_funds,exchange_rate,exchange_rate
304,2039,verify_source_of_funds,direct_debit_payment_not_recognised,exchange_rate
304,2040,transfer_timing,balance_not_updated_after_bank_transfer,failed_transfer
304,2041,transfer_timing,card_delivery_estimate,balance_not_updated_after_bank_transfer
304,2042,transfer_timing,card_delivery_estimate,exchange_rate
304,2043,transfer_timing,balance_not_updated_after_bank_transfer,balance_not_updated_after_bank_transfer
304,2044,transfer_timing,balance_not_updated_after_cheque_or_cash_deposit,balance_not_updated_after_cheque_or_cash_deposit
304,2045,transfer_timing,balance_not_updated_after_bank_transfer,failed_transfer
304,2046,transfer_timing,balance_not_updated_after_bank_transfer,balance_not_updated_after_bank_transfer
304,2047,transfer_timing,failed_transfer,failed_transfer
304,2048,transfer_timing,balance_not_updated_after_bank_transfer,balance_not_updated_after_bank_transfer
304,2049,transfer_timing,balance_not_updated_after_bank_transfer,failed_transfer
304,2050,transfer_timing,balance_not_updated_after_cheque_or_cash_deposit,balance_not_updated_after_cheque_or_cash_deposit
304,2051,transfer_timing,balance_not_updated_after_bank_transfer,balance_not_updated_after_bank_transfer
304,2052,transfer_timing,balance_not_updated_after_bank_transfer,balance_not_updated_after_bank_transfer
304,2053,transfer_timing,balance_not_updated_after_bank_transfer,balance_not_updated_after_bank_transfer
304,2054,transfer_timing,balance_not_updated_after_bank_transfer,exchange_rate
304,2055,transfer_timing,balance_not_updated_after_cheque_or_cash_deposit,balance_not_updated_after_cheque_or_cash_deposit
304,2056,transfer_timing,balance_not_updated_after_bank_transfer,balance_not_updated_after_bank_transfer
304,2057,transfer_timing,balance_not_updated_after_bank_transfer,exchange_rate
304,2058,transfer_timing,balance_not_updated_after_bank_transfer,balance_not_updated_after_bank_transfer
304,2059,transfer_timing,balance_not_updated_after_bank_transfer,balance_not_updated_after_bank_transfer
304,2060,transfer_timing,balance_not_updated_after_bank_transfer,balance_not_updated_after_bank_transfer
304,2061,transfer_timing,balance_not_updated_after_bank_transfer,balance_not_updated_after_bank_transfer
304,2062,transfer_timing,balance_not_updated_after_cheque_or_cash_deposit,balance_not_updated_after_cheque_or_cash_deposit
304,2063,transfer_timing,balance_not_updated_after_bank_transfer,failed_transfer
304,2064,transfer_timing,balance_not_updated_after_bank_transfer,balance_not_updated_after_bank_transfer
304,2065,transfer_timing,balance_not_updated_after_bank_transfer,failed_transfer
304,2066,transfer_timing,balance_not_updated_after_bank_transfer,exchange_rate
304,2067,transfer_timing,balance_not_updated_after_bank_transfer,failed_transfer
304,2068,transfer_timing,balance_not_updated_after_bank_transfer,exchange_rate
304,2069,transfer_timing,balance_not_updated_after_bank_transfer,exchange_rate
304,2070,transfer_timing,card_delivery_estimate,exchange_rate
304,2071,transfer_timing,card_delivery_estimate,exchange_rate
304,2072,transfer_timing,balance_not_updated_after_bank_transfer,balance_not_updated_after_bank_transfer
304,2073,transfer_timing,balance_not_updated_after_cheque_or_cash_deposit,balance_not_updated_after_cheque_or_cash_deposit
304,2074,transfer_timing,balance_not_updated_after_bank_transfer,balance_not_updated_after_bank_transfer
304,2075,transfer_timing,balance_not_updated_after_bank_transfer,balance_not_updated_after_bank_transfer
304,2076,transfer_timing,balance_not_updated_after_bank_transfer,failed_transfer
304,2077,transfer_timing,balance_not_updated_after_bank_transfer,failed_transfer
304,2078,transfer_timing,balance_not_updated_after_bank_transfer,balance_not_updated_after_bank_transfer
304,2079,transfer_timing,balance_not_updated_after_cheque_or_cash_deposit,balance_not_updated_after_cheque_or_cash_deposit
304,2080,reverted_card_payment?,declined_card_payment,declined_card_payment
304,2081,reverted_card_payment?,declined_card_payment,declined_card_payment
304,2082,reverted_card_payment?,card_payment_not_recognised,card_payment_not_recognised
304,2083,reverted_card_payment?,declined_card_payment,declined_card_payment
304,2084,reverted_card_payment?,declined_card_payment,declined_card_payment
304,2085,reverted_card_payment?,card_payment_not_recognised,card_payment_not_recognised
304,2086,reverted_card_payment?,card_payment_not_recognised,card_payment_not_recognised
304,2087,reverted_card_payment?,card_payment_wrong_exchange_rate,card_payment_wrong_exchange_rate
304,2088,reverted_card_payment?,declined_card_payment,exchange_rate
304,2089,reverted_card_payment?,declined_card_payment,declined_card_payment
304,2090,reverted_card_payment?,card_swallowed,card_payment_not_recognised
304,2091,reverted_card_payment?,extra_charge_on_statement,card_payment_not_recognised
304,2092,reverted_card_payment?,declined_card_payment,declined_card_payment
304,2093,reverted_card_payment?,declined_card_payment,declined_card_payment
304,2094,reverted_card_payment?,declined_card_payment,declined_card_payment
304,2095,reverted_card_payment?,declined_card_payment,declined_card_payment
304,2096,reverted_card_payment?,declined_card_payment,card_payment_not_recognised
304,2097,reverted_card_payment?,declined_card_payment,card_payment_wrong_exchange_rate
304,2098,reverted_card_payment?,card_payment_not_recognised,card_payment_not_recognised
304,2099,reverted_card_payment?,declined_card_payment,card_payment_not_recognised
304,2100,reverted_card_payment?,card_payment_not_recognised,card_payment_not_recognised
304,2101,reverted_card_payment?,declined_card_payment,declined_cash_withdrawal
304,2102,reverted_card_payment?,declined_cash_withdrawal,declined_cash_withdrawal
304,2103,reverted_card_payment?,declined_card_payment,declined_card_payment
304,2104,reverted_card_payment?,declined_card_payment,declined_card_payment
304,2105,reverted_card_payment?,declined_card_payment,declined_card_payment
304,2106,reverted_card_payment?,balance_not_updated_after_cheque_or_cash_deposit,balance_not_updated_after_cheque_or_cash_deposit
304,2107,reverted_card_payment?,card_payment_not_recognised,card_payment_not_recognised
304,2108,reverted_card_payment?,declined_card_payment,declined_card_payment
304,2109,reverted_card_payment?,declined_card_payment,declined_card_payment
304,2110,reverted_card_payment?,direct_debit_payment_not_recognised,direct_debit_payment_not_recognised
304,2111,reverted_card_payment?,declined_card_payment,declined_card_payment
304,2112,reverted_card_payment?,card_payment_not_recognised,exchange_rate
304,2113,reverted_card_payment?,card_payment_not_recognised,card_payment_not_recognised
304,2114,reverted_card_payment?,declined_card_payment,declined_card_payment
304,2115,reverted_card_payment?,card_payment_not_recognised,card_payment_not_recognised
304,2116,reverted_card_payment?,card_payment_not_recognised,card_payment_not_recognised
304,2117,reverted_card_payment?,card_payment_not_recognised,card_payment_not_recognised
304,2118,reverted_card_payment?,card_swallowed,cancel_transfer
304,2119,reverted_card_payment?,card_payment_fee_charged,exchange_rate
304,2120,change_pin,change_pin,atm_support
304,2121,change_pin,change_pin,change_pin
304,2122,change_pin,change_pin,change_pin
304,2123,change_pin,change_pin,change_pin
304,2124,change_pin,change_pin,change_pin
304,2125,change_pin,change_pin,change_pin
304,2126,change_pin,change_pin,change_pin
304,2127,change_pin,change_pin,change_pin
304,2128,change_pin,change_pin,change_pin
304,2129,change_pin,change_pin,change_pin
304,2130,change_pin,change_pin,contactless_not_working
304,2131,change_pin,change_pin,change_pin
304,2132,change_pin,change_pin,atm_support
304,2133,change_pin,change_pin,contactless_not_working
304,2134,change_pin,change_pin,change_pin
304,2135,change_pin,change_pin,change_pin
304,2136,change_pin,edit_personal_details,edit_personal_details
304,2137,change_pin,change_pin,contactless_not_working
304,2138,change_pin,change_pin,contactless_not_working
304,2139,change_pin,change_pin,change_pin
304,2140,change_pin,change_pin,change_pin
304,2141,change_pin,change_pin,change_pin
304,2142,change_pin,change_pin,change_pin
304,2143,change_pin,change_pin,change_pin
304,2144,change_pin,change_pin,change_pin
304,2145,change_pin,change_pin,change_pin
304,2146,change_pin,change_pin,change_pin
304,2147,change_pin,change_pin,change_pin
304,2148,change_pin,change_pin,change_pin
304,2149,change_pin,change_pin,atm_support
304,2150,change_pin,change_pin,change_pin
304,2151,change_pin,change_pin,change_pin
304,2152,change_pin,change_pin,change_pin
304,2153,change_pin,change_pin,change_pin
304,2154,change_pin,change_pin,contactless_not_working
304,2155,change_pin,change_pin,change_pin
304,2156,change_pin,change_pin,atm_support
304,2157,change_pin,change_pin,change_pin
304,2158,change_pin,change_pin,change_pin
304,2159,change_pin,change_pin,change_pin
304,2160,beneficiary_not_allowed,failed_transfer,beneficiary_not_allowed
304,2161,beneficiary_not_allowed,failed_transfer,failed_transfer
304,2162,beneficiary_not_allowed,failed_transfer,beneficiary_not_allowed
304,2163,beneficiary_not_allowed,failed_transfer,failed_transfer
304,2164,beneficiary_not_allowed,failed_transfer,failed_transfer
304,2165,beneficiary_not_allowed,exchange_via_app,exchange_via_app
304,2166,beneficiary_not_allowed,failed_transfer,beneficiary_not_allowed
304,2167,beneficiary_not_allowed,failed_transfer,failed_transfer
304,2168,beneficiary_not_allowed,exchange_via_app,exchange_via_app
304,2169,beneficiary_not_allowed,failed_transfer,beneficiary_not_allowed
304,2170,beneficiary_not_allowed,beneficiary_not_allowed,beneficiary_not_allowed
304,2171,beneficiary_not_allowed,beneficiary_not_allowed,beneficiary_not_allowed
304,2172,beneficiary_not_allowed,exchange_via_app,contactless_not_working
304,2173,beneficiary_not_allowed,failed_transfer,failed_transfer
304,2174,beneficiary_not_allowed,beneficiary_not_allowed,beneficiary_not_allowed
304,2175,beneficiary_not_allowed,beneficiary_not_allowed,beneficiary_not_allowed
304,2176,beneficiary_not_allowed,failed_transfer,contactless_not_working
304,2177,beneficiary_not_allowed,card_payment_wrong_exchange_rate,declined_cash_withdrawal
304,2178,beneficiary_not_allowed,failed_transfer,failed_transfer
304,2179,beneficiary_not_allowed,beneficiary_not_allowed,beneficiary_not_allowed
304,2180,beneficiary_not_allowed,failed_transfer,failed_transfer
304,2181,beneficiary_not_allowed,failed_transfer,failed_transfer
304,2182,beneficiary_not_allowed,failed_transfer,failed_transfer
304,2183,beneficiary_not_allowed,failed_transfer,failed_transfer
304,2184,beneficiary_not_allowed,beneficiary_not_allowed,beneficiary_not_allowed
304,2185,beneficiary_not_allowed,beneficiary_not_allowed,beneficiary_not_allowed
304,2186,beneficiary_not_allowed,failed_transfer,failed_transfer
304,2187,beneficiary_not_allowed,beneficiary_not_allowed,beneficiary_not_allowed
304,2188,beneficiary_not_allowed,beneficiary_not_allowed,beneficiary_not_allowed
304,2189,beneficiary_not_allowed,card_not_working,contactless_not_working
304,2190,beneficiary_not_allowed,failed_transfer,failed_transfer
304,2191,beneficiary_not_allowed,beneficiary_not_allowed,beneficiary_not_allowed
304,2192,beneficiary_not_allowed,beneficiary_not_allowed,beneficiary_not_allowed
304,2193,beneficiary_not_allowed,beneficiary_not_allowed,beneficiary_not_allowed
304,2194,beneficiary_not_allowed,beneficiary_not_allowed,beneficiary_not_allowed
304,2195,beneficiary_not_allowed,balance_not_updated_after_bank_transfer,failed_transfer
304,2196,beneficiary_not_allowed,failed_transfer,beneficiary_not_allowed
304,2197,beneficiary_not_allowed,declined_cash_withdrawal,declined_cash_withdrawal
304,2198,beneficiary_not_allowed,beneficiary_not_allowed,beneficiary_not_allowed
304,2199,beneficiary_not_allowed,failed_transfer,failed_transfer
304,2200,transfer_fee_charged,failed_transfer,failed_transfer
304,2201,transfer_fee_charged,failed_transfer,failed_transfer
304,2202,transfer_fee_charged,failed_transfer,failed_transfer
304,2203,transfer_fee_charged,failed_transfer,failed_transfer
304,2204,transfer_fee_charged,failed_transfer,failed_transfer
304,2205,transfer_fee_charged,card_payment_fee_charged,exchange_rate
304,2206,transfer_fee_charged,cash_withdrawal_charge,cash_withdrawal_charge
304,2207,transfer_fee_charged,failed_transfer,failed_transfer
304,2208,transfer_fee_charged,failed_transfer,failed_transfer
304,2209,transfer_fee_charged,failed_transfer,failed_transfer
304,2210,transfer_fee_charged,failed_transfer,failed_transfer
304,2211,transfer_fee_charged,card_payment_fee_charged,cash_withdrawal_charge
304,2212,transfer_fee_charged,card_payment_fee_charged,failed_transfer
304,2213,transfer_fee_charged,card_payment_fee_charged,exchange_rate
304,2214,transfer_fee_charged,beneficiary_not_allowed,failed_transfer
304,2215,transfer_fee_charged,card_payment_fee_charged,card_payment_wrong_exchange_rate
304,2216,transfer_fee_charged,failed_transfer,failed_transfer
304,2217,transfer_fee_charged,failed_transfer,failed_transfer
304,2218,transfer_fee_charged,exchange_charge,failed_transfer
304,2219,transfer_fee_charged,cash_withdrawal_charge,cash_withdrawal_charge
304,2220,transfer_fee_charged,cash_withdrawal_charge,failed_transfer
304,2221,transfer_fee_charged,extra_charge_on_statement,card_payment_wrong_exchange_rate
304,2222,transfer_fee_charged,cash_withdrawal_charge,failed_transfer
304,2223,transfer_fee_charged,cash_withdrawal_charge,cash_withdrawal_charge
304,2224,transfer_fee_charged,card_payment_fee_charged,failed_transfer
304,2225,transfer_fee_charged,failed_transfer,failed_transfer
304,2226,transfer_fee_charged,cancel_transfer,failed_transfer
304,2227,transfer_fee_charged,failed_transfer,failed_transfer
304,2228,transfer_fee_charged,failed_transfer,failed_transfer
304,2229,transfer_fee_charged,failed_transfer,failed_transfer
304,2230,transfer_fee_charged,failed_transfer,failed_transfer
304,2231,transfer_fee_charged,card_payment_fee_charged,contactless_not_working
304,2232,transfer_fee_charged,cash_withdrawal_charge,failed_transfer
304,2233,transfer_fee_charged,card_payment_fee_charged,cash_withdrawal_charge
304,2234,transfer_fee_charged,card_payment_fee_charged,card_payment_wrong_exchange_rate
304,2235,transfer_fee_charged,failed_transfer,failed_transfer
304,2236,transfer_fee_charged,cash_withdrawal_charge,card_payment_wrong_exchange_rate
304,2237,transfer_fee_charged,card_payment_fee_charged,card_payment_wrong_exchange_rate
304,2238,transfer_fee_charged,cash_withdrawal_charge,cash_withdrawal_charge
304,2239,transfer_fee_charged,card_payment_fee_charged,exchange_rate
304,2240,receiving_money,card_acceptance,exchange_rate
304,2241,receiving_money,exchange_via_app,exchange_rate
304,2242,receiving_money,balance_not_updated_after_cheque_or_cash_deposit,balance_not_updated_after_cheque_or_cash_deposit
304,2243,receiving_money,apple_pay_or_google_pay,declined_cash_withdrawal
304,2244,receiving_money,declined_cash_withdrawal,declined_cash_withdrawal
304,2245,receiving_money,card_payment_wrong_exchange_rate,failed_transfer
304,2246,receiving_money,balance_not_updated_after_cheque_or_cash_deposit,balance_not_updated_after_cheque_or_cash_deposit
304,2247,receiving_money,direct_debit_payment_not_recognised,exchange_rate
304,2248,receiving_money,exchange_via_app,exchange_via_app
304,2249,receiving_money,apple_pay_or_google_pay,declined_cash_withdrawal
304,2250,receiving_money,card_payment_wrong_exchange_rate,exchange_rate
304,2251,receiving_money,declined_cash_withdrawal,exchange_rate
304,2252,receiving_money,fiat_currency_support,fiat_currency_support
304,2253,receiving_money,balance_not_updated_after_bank_transfer,failed_transfer
304,2254,receiving_money,exchange_rate,exchange_rate
304,2255,receiving_money,balance_not_updated_after_cheque_or_cash_deposit,exchange_rate
304,2256,receiving_money,atm_support,atm_support
304,2257,receiving_money,exchange_via_app,card_payment_not_recognised
304,2258,receiving_money,balance_not_updated_after_cheque_or_cash_deposit,balance_not_updated_after_cheque_or_cash_deposit
304,2259,receiving_money,declined_cash_withdrawal,declined_cash_withdrawal
304,2260,receiving_money,balance_not_updated_after_bank_transfer,failed_transfer
304,2261,receiving_money,apple_pay_or_google_pay,declined_cash_withdrawal
304,2262,receiving_money,balance_not_updated_after_cheque_or_cash_deposit,balance_not_updated_after_cheque_or_cash_deposit
304,2263,receiving_money,exchange_via_app,exchange_rate
304,2264,receiving_money,beneficiary_not_allowed,beneficiary_not_allowed
304,2265,receiving_money,declined_cash_withdrawal,declined_cash_withdrawal
304,2266,receiving_money,balance_not_updated_after_cheque_or_cash_deposit,balance_not_updated_after_cheque_or_cash_deposit
304,2267,receiving_money,balance_not_updated_after_cheque_or_cash_deposit,balance_not_updated_after_cheque_or_cash_deposit
304,2268,receiving_money,balance_not_updated_after_cheque_or_cash_deposit,balance_not_updated_after_cheque_or_cash_deposit
304,2269,receiving_money,balance_not_updated_after_cheque_or_cash_deposit,exchange_rate
304,2270,receiving_money,exchange_via_app,exchange_rate
304,2271,receiving_money,card_payment_wrong_exchange_rate,exchange_rate
304,2272,receiving_money,direct_debit_payment_not_recognised,contactless_not_working
304,2273,receiving_money,balance_not_updated_after_cheque_or_cash_deposit,balance_not_updated_after_cheque_or_cash_deposit
304,2274,receiving_money,exchange_via_app,exchange_rate
304,2275,receiving_money,exchange_via_app,exchange_rate
304,2276,receiving_money,direct_debit_payment_not_recognised,failed_transfer
304,2277,receiving_money,card_payment_not_recognised,exchange_rate
304,2278,receiving_money,exchange_via_app,exchange_rate
304,2279,receiving_money,balance_not_updated_after_cheque_or_cash_deposit,balance_not_updated_after_cheque_or_cash_deposit
304,2280,failed_transfer,failed_transfer,failed_transfer
304,2281,failed_transfer,failed_transfer,failed_transfer
304,2282,failed_transfer,failed_transfer,failed_transfer
304,2283,failed_transfer,failed_transfer,failed_transfer
304,2284,failed_transfer,failed_transfer,failed_transfer
304,2285,failed_transfer,failed_transfer,failed_transfer
304,2286,failed_transfer,failed_transfer,failed_transfer
304,2287,failed_transfer,failed_transfer,failed_transfer
304,2288,failed_transfer,failed_transfer,failed_transfer
304,2289,failed_transfer,failed_transfer,failed_transfer
304,2290,failed_transfer,failed_transfer,failed_transfer
304,2291,failed_transfer,failed_transfer,failed_transfer
304,2292,failed_transfer,failed_transfer,failed_transfer
304,2293,failed_transfer,failed_transfer,failed_transfer
304,2294,failed_transfer,failed_transfer,failed_transfer
304,2295,failed_transfer,failed_transfer,failed_transfer
304,2296,failed_transfer,failed_transfer,failed_transfer
304,2297,failed_transfer,failed_transfer,failed_transfer
304,2298,failed_transfer,failed_transfer,failed_transfer
304,2299,failed_transfer,failed_transfer,failed_transfer
304,2300,failed_transfer,card_arrival,card_acceptance
304,2301,failed_transfer,failed_transfer,failed_transfer
304,2302,failed_transfer,failed_transfer,failed_transfer
304,2303,failed_transfer,failed_transfer,failed_transfer
304,2304,failed_transfer,failed_transfer,failed_transfer
304,2305,failed_transfer,failed_transfer,failed_transfer
304,2306,failed_transfer,balance_not_updated_after_bank_transfer,failed_transfer
304,2307,failed_transfer,failed_transfer,failed_transfer
304,2308,failed_transfer,failed_transfer,failed_transfer
304,2309,failed_transfer,failed_transfer,failed_transfer
304,2310,failed_transfer,failed_transfer,failed_transfer
304,2311,failed_transfer,failed_transfer,failed_transfer
304,2312,failed_transfer,failed_transfer,failed_transfer
304,2313,failed_transfer,failed_transfer,failed_transfer
304,2314,failed_transfer,failed_transfer,failed_transfer
304,2315,failed_transfer,failed_transfer,failed_transfer
304,2316,failed_transfer,failed_transfer,failed_transfer
304,2317,failed_transfer,failed_transfer,failed_transfer
304,2318,failed_transfer,failed_transfer,failed_transfer
304,2319,failed_transfer,failed_transfer,failed_transfer
304,2320,transfer_into_account,balance_not_updated_after_cheque_or_cash_deposit,balance_not_updated_after_cheque_or_cash_deposit
304,2321,transfer_into_account,balance_not_updated_after_cheque_or_cash_deposit,balance_not_updated_after_cheque_or_cash_deposit
304,2322,transfer_into_account,balance_not_updated_after_cheque_or_cash_deposit,balance_not_updated_after_cheque_or_cash_deposit
304,2323,transfer_into_account,apple_pay_or_google_pay,declined_cash_withdrawal
304,2324,transfer_into_account,failed_transfer,failed_transfer
304,2325,transfer_into_account,beneficiary_not_allowed,beneficiary_not_allowed
304,2326,transfer_into_account,exchange_via_app,exchange_rate
304,2327,transfer_into_account,balance_not_updated_after_cheque_or_cash_deposit,balance_not_updated_after_cheque_or_cash_deposit
304,2328,transfer_into_account,activate_my_card,balance_not_updated_after_cheque_or_cash_deposit
304,2329,transfer_into_account,balance_not_updated_after_cheque_or_cash_deposit,exchange_rate
304,2330,transfer_into_account,balance_not_updated_after_cheque_or_cash_deposit,declined_cash_withdrawal
304,2331,transfer_into_account,cash_withdrawal_not_recognised,declined_cash_withdrawal
304,2332,transfer_into_account,balance_not_updated_after_cheque_or_cash_deposit,beneficiary_not_allowed
304,2333,transfer_into_account,beneficiary_not_allowed,beneficiary_not_allowed
304,2334,transfer_into_account,exchange_via_app,balance_not_updated_after_cheque_or_cash_deposit
304,2335,transfer_into_account,apple_pay_or_google_pay,declined_cash_withdrawal
304,2336,transfer_into_account,apple_pay_or_google_pay,declined_cash_withdrawal
304,2337,transfer_into_account,balance_not_updated_after_cheque_or_cash_deposit,beneficiary_not_allowed
304,2338,transfer_into_account,card_arrival,card_arrival
304,2339,transfer_into_account,atm_support,declined_cash_withdrawal
304,2340,transfer_into_account,apple_pay_or_google_pay,declined_cash_withdrawal
304,2341,transfer_into_account,age_limit,balance_not_updated_after_cheque_or_cash_deposit
304,2342,transfer_into_account,beneficiary_not_allowed,declined_cash_withdrawal
304,2343,transfer_into_account,declined_cash_withdrawal,declined_cash_withdrawal
304,2344,transfer_into_account,balance_not_updated_after_cheque_or_cash_deposit,declined_cash_withdrawal
304,2345,transfer_into_account,age_limit,declined_cash_withdrawal
304,2346,transfer_into_account,balance_not_updated_after_cheque_or_cash_deposit,balance_not_updated_after_cheque_or_cash_deposit
304,2347,transfer_into_account,beneficiary_not_allowed,beneficiary_not_allowed
304,2348,transfer_into_account,balance_not_updated_after_bank_transfer,exchange_rate
304,2349,transfer_into_account,exchange_via_app,balance_not_updated_after_cheque_or_cash_deposit
304,2350,transfer_into_account,failed_transfer,cancel_transfer
304,2351,transfer_into_account,failed_transfer,failed_transfer
304,2352,transfer_into_account,failed_transfer,failed_transfer
304,2353,transfer_into_account,beneficiary_not_allowed,declined_cash_withdrawal
304,2354,transfer_into_account,balance_not_updated_after_cheque_or_cash_deposit,balance_not_updated_after_cheque_or_cash_deposit
304,2355,transfer_into_account,balance_not_updated_after_cheque_or_cash_deposit,balance_not_updated_after_cheque_or_cash_deposit
304,2356,transfer_into_account,beneficiary_not_allowed,beneficiary_not_allowed
304,2357,transfer_into_account,balance_not_updated_after_cheque_or_cash_deposit,declined_cash_withdrawal
304,2358,transfer_into_account,cash_withdrawal_not_recognised,declined_cash_withdrawal
304,2359,transfer_into_account,atm_support,balance_not_updated_after_cheque_or_cash_deposit
304,2360,verify_top_up,activate_my_card,card_acceptance
304,2361,verify_top_up,apple_pay_or_google_pay,declined_cash_withdrawal
304,2362,verify_top_up,apple_pay_or_google_pay,apple_pay_or_google_pay
304,2363,verify_top_up,automatic_top_up,failed_transfer
304,2364,verify_top_up,card_arrival,exchange_rate
304,2365,verify_top_up,automatic_top_up,automatic_top_up
304,2366,verify_top_up,apple_pay_or_google_pay,apple_pay_or_google_pay
304,2367,verify_top_up,apple_pay_or_google_pay,apple_pay_or_google_pay
304,2368,verify_top_up,apple_pay_or_google_pay,apple_pay_or_google_pay
304,2369,verify_top_up,apple_pay_or_google_pay,apple_pay_or_google_pay
304,2370,verify_top_up,card_arrival,card_arrival
304,2371,verify_top_up,apple_pay_or_google_pay,apple_pay_or_google_pay
304,2372,verify_top_up,apple_pay_or_google_pay,apple_pay_or_google_pay
304,2373,verify_top_up,apple_pay_or_google_pay,apple_pay_or_google_pay
304,2374,verify_top_up,apple_pay_or_google_pay,apple_pay_or_google_pay
304,2375,verify_top_up,apple_pay_or_google_pay,apple_pay_or_google_pay
304,2376,verify_top_up,apple_pay_or_google_pay,apple_pay_or_google_pay
304,2377,verify_top_up,apple_pay_or_google_pay,apple_pay_or_google_pay
304,2378,verify_top_up,card_arrival,card_acceptance
304,2379,verify_top_up,card_arrival,card_arrival
304,2380,verify_top_up,card_payment_fee_charged,card_acceptance
304,2381,verify_top_up,apple_pay_or_google_pay,apple_pay_or_google_pay
304,2382,verify_top_up,automatic_top_up,apple_pay_or_google_pay
304,2383,verify_top_up,apple_pay_or_google_pay,declined_cash_withdrawal
304,2384,verify_top_up,card_arrival,card_arrival
304,2385,verify_top_up,apple_pay_or_google_pay,apple_pay_or_google_pay
304,2386,verify_top_up,activate_my_card,card_acceptance
304,2387,verify_top_up,activate_my_card,apple_pay_or_google_pay
304,2388,verify_top_up,automatic_top_up,apple_pay_or_google_pay
304,2389,verify_top_up,card_arrival,card_arrival
304,2390,verify_top_up,apple_pay_or_google_pay,declined_cash_withdrawal
304,2391,verify_top_up,apple_pay_or_google_pay,apple_pay_or_google_pay
304,2392,verify_top_up,card_arrival,card_arrival
304,2393,verify_top_up,apple_pay_or_google_pay,apple_pay_or_google_pay
304,2394,verify_top_up,apple_pay_or_google_pay,apple_pay_or_google_pay
304,2395,verify_top_up,declined_card_payment,declined_cash_withdrawal
304,2396,verify_top_up,apple_pay_or_google_pay,apple_pay_or_google_pay
304,2397,verify_top_up,activate_my_card,apple_pay_or_google_pay
304,2398,verify_top_up,automatic_top_up,automatic_top_up
304,2399,verify_top_up,automatic_top_up,automatic_top_up
304,2400,getting_spare_card,card_about_to_expire,card_acceptance
304,2401,getting_spare_card,disposable_card_limits,card_acceptance
304,2402,getting_spare_card,card_about_to_expire,card_delivery_estimate
304,2403,getting_spare_card,card_about_to_expire,card_arrival
304,2404,getting_spare_card,card_payment_fee_charged,card_acceptance
304,2405,getting_spare_card,card_not_working,contactless_not_working
304,2406,getting_spare_card,disposable_card_limits,card_delivery_estimate
304,2407,getting_spare_card,card_about_to_expire,card_arrival
304,2408,getting_spare_card,card_about_to_expire,declined_card_payment
304,2409,getting_spare_card,card_about_to_expire,card_not_working
304,2410,getting_spare_card,card_payment_fee_charged,card_payment_fee_charged
304,2411,getting_spare_card,card_acceptance,card_acceptance
304,2412,getting_spare_card,card_about_to_expire,card_acceptance
304,2413,getting_spare_card,disposable_card_limits,contactless_not_working
304,2414,getting_spare_card,card_about_to_expire,age_limit
304,2415,getting_spare_card,card_about_to_expire,card_acceptance
304,2416,getting_spare_card,card_about_to_expire,card_arrival
304,2417,getting_spare_card,card_arrival,age_limit
304,2418,getting_spare_card,card_about_to_expire,age_limit
304,2419,getting_spare_card,card_about_to_expire,card_acceptance
304,2420,getting_spare_card,card_payment_fee_charged,card_payment_fee_charged
304,2421,getting_spare_card,card_about_to_expire,card_about_to_expire
304,2422,getting_spare_card,card_about_to_expire,card_acceptance
304,2423,getting_spare_card,card_about_to_expire,declined_card_payment
304,2424,getting_spare_card,disposable_card_limits,contactless_not_working
304,2425,getting_spare_card,card_about_to_expire,card_arrival
304,2426,getting_spare_card,card_about_to_expire,card_acceptance
304,2427,getting_spare_card,age_limit,age_limit
304,2428,getting_spare_card,card_about_to_expire,card_acceptance
304,2429,getting_spare_card,card_arrival,age_limit
304,2430,getting_spare_card,disposable_card_limits,disposable_card_limits
304,2431,getting_spare_card,card_about_to_expire,age_limit
304,2432,getting_spare_card,card_about_to_expire,card_acceptance
304,2433,getting_spare_card,card_about_to_expire,card_arrival
304,2434,getting_spare_card,card_payment_fee_charged,card_payment_fee_charged
304,2435,getting_spare_card,card_payment_fee_charged,card_payment_fee_charged
304,2436,getting_spare_card,age_limit,age_limit
304,2437,getting_spare_card,age_limit,age_limit
304,2438,getting_spare_card,age_limit,age_limit
304,2439,getting_spare_card,activate_my_card,card_arrival
304,2440,top_up_by_cash_or_cheque,apple_pay_or_google_pay,apple_pay_or_google_pay
304,2441,top_up_by_cash_or_cheque,apple_pay_or_google_pay,apple_pay_or_google_pay
304,2442,top_up_by_cash_or_cheque,apple_pay_or_google_pay,apple_pay_or_google_pay
304,2443,top_up_by_cash_or_cheque,apple_pay_or_google_pay,apple_pay_or_google_pay
304,2444,top_up_by_cash_or_cheque,balance_not_updated_after_cheque_or_cash_deposit,apple_pay_or_google_pay
304,2445,top_up_by_cash_or_cheque,apple_pay_or_google_pay,apple_pay_or_google_pay
304,2446,top_up_by_cash_or_cheque,balance_not_updated_after_cheque_or_cash_deposit,balance_not_updated_after_cheque_or_cash_deposit
304,2447,top_up_by_cash_or_cheque,balance_not_updated_after_cheque_or_cash_deposit,balance_not_updated_after_cheque_or_cash_deposit
304,2448,top_up_by_cash_or_cheque,apple_pay_or_google_pay,apple_pay_or_google_pay
304,2449,top_up_by_cash_or_cheque,apple_pay_or_google_pay,declined_cash_withdrawal
304,2450,top_up_by_cash_or_cheque,atm_support,atm_support
304,2451,top_up_by_cash_or_cheque,direct_debit_payment_not_recognised,balance_not_updated_after_cheque_or_cash_deposit
304,2452,top_up_by_cash_or_cheque,balance_not_updated_after_cheque_or_cash_deposit,balance_not_updated_after_cheque_or_cash_deposit
304,2453,top_up_by_cash_or_cheque,balance_not_updated_after_cheque_or_cash_deposit,balance_not_updated_after_cheque_or_cash_deposit
304,2454,top_up_by_cash_or_cheque,apple_pay_or_google_pay,apple_pay_or_google_pay
304,2455,top_up_by_cash_or_cheque,apple_pay_or_google_pay,apple_pay_or_google_pay
304,2456,top_up_by_cash_or_cheque,declined_cash_withdrawal,declined_cash_withdrawal
304,2457,top_up_by_cash_or_cheque,balance_not_updated_after_cheque_or_cash_deposit,apple_pay_or_google_pay
304,2458,top_up_by_cash_or_cheque,atm_support,atm_support
304,2459,top_up_by_cash_or_cheque,atm_support,atm_support
304,2460,top_up_by_cash_or_cheque,apple_pay_or_google_pay,apple_pay_or_google_pay
304,2461,top_up_by_cash_or_cheque,balance_not_updated_after_cheque_or_cash_deposit,apple_pay_or_google_pay
304,2462,top_up_by_cash_or_cheque,apple_pay_or_google_pay,apple_pay_or_google_pay
304,2463,top_up_by_cash_or_cheque,apple_pay_or_google_pay,apple_pay_or_google_pay
304,2464,top_up_by_cash_or_cheque,balance_not_updated_after_cheque_or_cash_deposit,apple_pay_or_google_pay
304,2465,top_up_by_cash_or_cheque,balance_not_updated_after_cheque_or_cash_deposit,balance_not_updated_after_cheque_or_cash_deposit
304,2466,top_up_by_cash_or_cheque,apple_pay_or_google_pay,apple_pay_or_google_pay
304,2467,top_up_by_cash_or_cheque,apple_pay_or_google_pay,apple_pay_or_google_pay
304,2468,top_up_by_cash_or_cheque,declined_cash_withdrawal,declined_cash_withdrawal
304,2469,top_up_by_cash_or_cheque,declined_cash_withdrawal,declined_cash_withdrawal
304,2470,top_up_by_cash_or_cheque,balance_not_updated_after_cheque_or_cash_deposit,balance_not_updated_after_cheque_or_cash_deposit
304,2471,top_up_by_cash_or_cheque,balance_not_updated_after_cheque_or_cash_deposit,declined_cash_withdrawal
304,2472,top_up_by_cash_or_cheque,apple_pay_or_google_pay,apple_pay_or_google_pay
304,2473,top_up_by_cash_or_cheque,balance_not_updated_after_cheque_or_cash_deposit,balance_not_updated_after_cheque_or_cash_deposit
304,2474,top_up_by_cash_or_cheque,apple_pay_or_google_pay,apple_pay_or_google_pay
304,2475,top_up_by_cash_or_cheque,balance_not_updated_after_cheque_or_cash_deposit,cash_withdrawal_not_recognised
304,2476,top_up_by_cash_or_cheque,apple_pay_or_google_pay,apple_pay_or_google_pay
304,2477,top_up_by_cash_or_cheque,card_arrival,card_arrival
304,2478,top_up_by_cash_or_cheque,balance_not_updated_after_cheque_or_cash_deposit,balance_not_updated_after_cheque_or_cash_deposit
304,2479,top_up_by_cash_or_cheque,card_acceptance,exchange_rate
304,2480,order_physical_card,card_arrival,card_delivery_estimate
304,2481,order_physical_card,activate_my_card,card_delivery_estimate
304,2482,order_physical_card,disposable_card_limits,exchange_rate
304,2483,order_physical_card,card_acceptance,card_acceptance
304,2484,order_physical_card,card_delivery_estimate,card_delivery_estimate
304,2485,order_physical_card,card_arrival,card_arrival
304,2486,order_physical_card,card_arrival,card_delivery_estimate
304,2487,order_physical_card,card_arrival,card_acceptance
304,2488,order_physical_card,card_about_to_expire,card_delivery_estimate
304,2489,order_physical_card,card_payment_fee_charged,card_payment_fee_charged
304,2490,order_physical_card,card_payment_fee_charged,card_payment_fee_charged
304,2491,order_physical_card,card_arrival,card_arrival
304,2492,order_physical_card,card_payment_fee_charged,card_delivery_estimate
304,2493,order_physical_card,activate_my_card,card_arrival
304,2494,order_physical_card,card_arrival,card_delivery_estimate
304,2495,order_physical_card,card_acceptance,card_acceptance
304,2496,order_physical_card,card_acceptance,card_acceptance
304,2497,order_physical_card,card_delivery_estimate,card_delivery_estimate
304,2498,order_physical_card,card_payment_fee_charged,card_delivery_estimate
304,2499,order_physical_card,card_about_to_expire,card_acceptance
304,2500,order_physical_card,card_payment_fee_charged,card_payment_fee_charged
304,2501,order_physical_card,card_delivery_estimate,card_delivery_estimate
304,2502,order_physical_card,card_linking,card_delivery_estimate
304,2503,order_physical_card,card_about_to_expire,card_arrival
304,2504,order_physical_card,card_delivery_estimate,card_delivery_estimate
304,2505,order_physical_card,card_delivery_estimate,card_delivery_estimate
304,2506,order_physical_card,card_arrival,card_arrival
304,2507,order_physical_card,card_delivery_estimate,card_delivery_estimate
304,2508,order_physical_card,card_acceptance,card_acceptance
304,2509,order_physical_card,card_acceptance,card_acceptance
304,2510,order_physical_card,card_acceptance,card_acceptance
304,2511,order_physical_card,card_acceptance,card_acceptance
304,2512,order_physical_card,card_arrival,card_arrival
304,2513,order_physical_card,card_arrival,card_acceptance
304,2514,order_physical_card,card_payment_fee_charged,card_payment_fee_charged
304,2515,order_physical_card,card_acceptance,card_acceptance
304,2516,order_physical_card,card_not_working,contactless_not_working
304,2517,order_physical_card,card_payment_fee_charged,card_delivery_estimate
304,2518,order_physical_card,card_arrival,card_arrival
304,2519,order_physical_card,card_arrival,card_delivery_estimate
304,2520,virtual_card_not_working,declined_card_payment,declined_card_payment
304,2521,virtual_card_not_working,card_not_working,contactless_not_working
304,2522,virtual_card_not_working,card_not_working,contactless_not_working
304,2523,virtual_card_not_working,card_not_working,contactless_not_working
304,2524,virtual_card_not_working,declined_card_payment,declined_card_payment
304,2525,virtual_card_not_working,declined_card_payment,declined_card_payment
304,2526,virtual_card_not_working,disposable_card_limits,contactless_not_working
304,2527,virtual_card_not_working,card_not_working,contactless_not_working
304,2528,virtual_card_not_working,card_not_working,declined_card_payment
304,2529,virtual_card_not_working,disposable_card_limits,contactless_not_working
304,2530,virtual_card_not_working,disposable_card_limits,contactless_not_working
304,2531,virtual_card_not_working,card_payment_fee_charged,card_arrival
304,2532,virtual_card_not_working,declined_card_payment,declined_card_payment
304,2533,virtual_card_not_working,disposable_card_limits,contactless_not_working
304,2534,virtual_card_not_working,declined_card_payment,declined_card_payment
304,2535,virtual_card_not_working,card_not_working,declined_card_payment
304,2536,virtual_card_not_working,declined_card_payment,contactless_not_working
304,2537,virtual_card_not_working,declined_card_payment,declined_card_payment
304,2538,virtual_card_not_working,declined_card_payment,declined_card_payment
304,2539,virtual_card_not_working,declined_card_payment,declined_card_payment
304,2540,virtual_card_not_working,card_not_working,card_not_working
304,2541,virtual_card_not_working,card_not_working,card_not_working
304,2542,virtual_card_not_working,disposable_card_limits,disposable_card_limits
304,2543,virtual_card_not_working,declined_card_payment,declined_card_payment
304,2544,virtual_card_not_working,card_not_working,card_not_working
304,2545,virtual_card_not_working,card_not_working,contactless_not_working
304,2546,virtual_card_not_working,declined_card_payment,declined_card_payment
304,2547,virtual_card_not_working,card_not_working,contactless_not_working
304,2548,virtual_card_not_working,declined_card_payment,declined_card_payment
304,2549,virtual_card_not_working,card_not_working,contactless_not_working
304,2550,virtual_card_not_working,disposable_card_limits,contactless_not_working
304,2551,virtual_card_not_working,declined_card_payment,declined_card_payment
304,2552,virtual_card_not_working,declined_card_payment,declined_card_payment
304,2553,virtual_card_not_working,declined_card_payment,declined_card_payment
304,2554,virtual_card_not_working,card_not_working,card_not_working
304,2555,virtual_card_not_working,disposable_card_limits,contactless_not_working
304,2556,virtual_card_not_working,activate_my_card,contactless_not_working
304,2557,virtual_card_not_working,declined_card_payment,declined_card_payment
304,2558,virtual_card_not_working,card_linking,card_arrival
304,2559,virtual_card_not_working,card_not_working,card_not_working
304,2560,wrong_exchange_rate_for_cash_withdrawal,card_payment_wrong_exchange_rate,card_payment_wrong_exchange_rate
304,2561,wrong_exchange_rate_for_cash_withdrawal,card_payment_wrong_exchange_rate,card_payment_wrong_exchange_rate
304,2562,wrong_exchange_rate_for_cash_withdrawal,cash_withdrawal_charge,cash_withdrawal_charge
304,2563,wrong_exchange_rate_for_cash_withdrawal,exchange_rate,exchange_rate
304,2564,wrong_exchange_rate_for_cash_withdrawal,card_payment_wrong_exchange_rate,card_payment_wrong_exchange_rate
304,2565,wrong_exchange_rate_for_cash_withdrawal,cash_withdrawal_charge,declined_cash_withdrawal
304,2566,wrong_exchange_rate_for_cash_withdrawal,card_payment_wrong_exchange_rate,card_payment_wrong_exchange_rate
304,2567,wrong_exchange_rate_for_cash_withdrawal,card_payment_wrong_exchange_rate,card_payment_wrong_exchange_rate
304,2568,wrong_exchange_rate_for_cash_withdrawal,card_payment_wrong_exchange_rate,exchange_rate
304,2569,wrong_exchange_rate_for_cash_withdrawal,card_payment_wrong_exchange_rate,card_payment_wrong_exchange_rate
304,2570,wrong_exchange_rate_for_cash_withdrawal,card_payment_wrong_exchange_rate,card_payment_wrong_exchange_rate
304,2571,wrong_exchange_rate_for_cash_withdrawal,exchange_charge,exchange_charge
304,2572,wrong_exchange_rate_for_cash_withdrawal,exchange_rate,exchange_rate
304,2573,wrong_exchange_rate_for_cash_withdrawal,cash_withdrawal_charge,exchange_rate
304,2574,wrong_exchange_rate_for_cash_withdrawal,card_payment_wrong_exchange_rate,card_payment_wrong_exchange_rate
304,2575,wrong_exchange_rate_for_cash_withdrawal,cash_withdrawal_charge,declined_cash_withdrawal
304,2576,wrong_exchange_rate_for_cash_withdrawal,cash_withdrawal_charge,cash_withdrawal_charge
304,2577,wrong_exchange_rate_for_cash_withdrawal,card_payment_wrong_exchange_rate,card_payment_wrong_exchange_rate
304,2578,wrong_exchange_rate_for_cash_withdrawal,card_payment_wrong_exchange_rate,card_payment_wrong_exchange_rate
304,2579,wrong_exchange_rate_for_cash_withdrawal,cash_withdrawal_charge,atm_support
304,2580,wrong_exchange_rate_for_cash_withdrawal,card_payment_wrong_exchange_rate,card_payment_wrong_exchange_rate
304,2581,wrong_exchange_rate_for_cash_withdrawal,card_payment_wrong_exchange_rate,card_payment_wrong_exchange_rate
304,2582,wrong_exchange_rate_for_cash_withdrawal,card_payment_wrong_exchange_rate,card_payment_wrong_exchange_rate
304,2583,wrong_exchange_rate_for_cash_withdrawal,declined_cash_withdrawal,declined_cash_withdrawal
304,2584,wrong_exchange_rate_for_cash_withdrawal,card_payment_wrong_exchange_rate,card_payment_wrong_exchange_rate
304,2585,wrong_exchange_rate_for_cash_withdrawal,exchange_rate,exchange_rate
304,2586,wrong_exchange_rate_for_cash_withdrawal,card_payment_wrong_exchange_rate,card_payment_wrong_exchange_rate
304,2587,wrong_exchange_rate_for_cash_withdrawal,cash_withdrawal_charge,cash_withdrawal_charge
304,2588,wrong_exchange_rate_for_cash_withdrawal,card_payment_wrong_exchange_rate,card_payment_wrong_exchange_rate
304,2589,wrong_exchange_rate_for_cash_withdrawal,exchange_rate,exchange_rate
304,2590,wrong_exchange_rate_for_cash_withdrawal,card_payment_wrong_exchange_rate,card_payment_wrong_exchange_rate
304,2591,wrong_exchange_rate_for_cash_withdrawal,exchange_rate,exchange_rate
304,2592,wrong_exchange_rate_for_cash_withdrawal,card_payment_wrong_exchange_rate,card_payment_wrong_exchange_rate
304,2593,wrong_exchange_rate_for_cash_withdrawal,card_payment_wrong_exchange_rate,card_payment_wrong_exchange_rate
304,2594,wrong_exchange_rate_for_cash_withdrawal,card_payment_wrong_exchange_rate,card_payment_wrong_exchange_rate
304,2595,wrong_exchange_rate_for_cash_withdrawal,card_payment_wrong_exchange_rate,card_payment_wrong_exchange_rate
304,2596,wrong_exchange_rate_for_cash_withdrawal,card_payment_wrong_exchange_rate,exchange_rate
304,2597,wrong_exchange_rate_for_cash_withdrawal,cash_withdrawal_charge,declined_cash_withdrawal
304,2598,wrong_exchange_rate_for_cash_withdrawal,card_payment_wrong_exchange_rate,card_payment_wrong_exchange_rate
304,2599,wrong_exchange_rate_for_cash_withdrawal,cash_withdrawal_charge,declined_cash_withdrawal
304,2600,get_disposable_virtual_card,disposable_card_limits,disposable_card_limits
304,2601,get_disposable_virtual_card,disposable_card_limits,disposable_card_limits
304,2602,get_disposable_virtual_card,disposable_card_limits,disposable_card_limits
304,2603,get_disposable_virtual_card,disposable_card_limits,disposable_card_limits
304,2604,get_disposable_virtual_card,activate_my_card,card_arrival
304,2605,get_disposable_virtual_card,disposable_card_limits,disposable_card_limits
304,2606,get_disposable_virtual_card,card_about_to_expire,card_delivery_estimate
304,2607,get_disposable_virtual_card,disposable_card_limits,disposable_card_limits
304,2608,get_disposable_virtual_card,disposable_card_limits,disposable_card_limits
304,2609,get_disposable_virtual_card,disposable_card_limits,disposable_card_limits
304,2610,get_disposable_virtual_card,disposable_card_limits,disposable_card_limits
304,2611,get_disposable_virtual_card,disposable_card_limits,disposable_card_limits
304,2612,get_disposable_virtual_card,card_about_to_expire,contactless_not_working
304,2613,get_disposable_virtual_card,disposable_card_limits,disposable_card_limits
304,2614,get_disposable_virtual_card,disposable_card_limits,disposable_card_limits
304,2615,get_disposable_virtual_card,disposable_card_limits,disposable_card_limits
304,2616,get_disposable_virtual_card,disposable_card_limits,disposable_card_limits
304,2617,get_disposable_virtual_card,card_about_to_expire,card_delivery_estimate
304,2618,get_disposable_virtual_card,disposable_card_limits,disposable_card_limits
304,2619,get_disposable_virtual_card,card_about_to_expire,card_acceptance
304,2620,get_disposable_virtual_card,disposable_card_limits,disposable_card_limits
304,2621,get_disposable_virtual_card,disposable_card_limits,contactless_not_working
304,2622,get_disposable_virtual_card,activate_my_card,card_arrival
304,2623,get_disposable_virtual_card,disposable_card_limits,disposable_card_limits
304,2624,get_disposable_virtual_card,disposable_card_limits,disposable_card_limits
304,2625,get_disposable_virtual_card,disposable_card_limits,disposable_card_limits
304,2626,get_disposable_virtual_card,disposable_card_limits,disposable_card_limits
304,2627,get_disposable_virtual_card,disposable_card_limits,disposable_card_limits
304,2628,get_disposable_virtual_card,disposable_card_limits,disposable_card_limits
304,2629,get_disposable_virtual_card,disposable_card_limits,disposable_card_limits
304,2630,get_disposable_virtual_card,disposable_card_limits,disposable_card_limits
304,2631,get_disposable_virtual_card,disposable_card_limits,disposable_card_limits
304,2632,get_disposable_virtual_card,disposable_card_limits,disposable_card_limits
304,2633,get_disposable_virtual_card,disposable_card_limits,disposable_card_limits
304,2634,get_disposable_virtual_card,disposable_card_limits,disposable_card_limits
304,2635,get_disposable_virtual_card,disposable_card_limits,disposable_card_limits
304,2636,get_disposable_virtual_card,card_about_to_expire,disposable_card_limits
304,2637,get_disposable_virtual_card,disposable_card_limits,disposable_card_limits
304,2638,get_disposable_virtual_card,disposable_card_limits,disposable_card_limits
304,2639,get_disposable_virtual_card,disposable_card_limits,disposable_card_limits
304,2640,top_up_failed,card_payment_not_recognised,card_payment_not_recognised
304,2641,top_up_failed,declined_card_payment,declined_card_payment
304,2642,top_up_failed,failed_transfer,contactless_not_working
304,2643,top_up_failed,declined_card_payment,declined_card_payment
304,2644,top_up_failed,declined_card_payment,apple_pay_or_google_pay
304,2645,top_up_failed,failed_transfer,failed_transfer
304,2646,top_up_failed,apple_pay_or_google_pay,contactless_not_working
304,2647,top_up_failed,card_payment_not_recognised,card_payment_not_recognised
304,2648,top_up_failed,failed_transfer,contactless_not_working
304,2649,top_up_failed,failed_transfer,failed_transfer
304,2650,top_up_failed,apple_pay_or_google_pay,automatic_top_up
304,2651,top_up_failed,apple_pay_or_google_pay,declined_cash_withdrawal
304,2652,top_up_failed,failed_transfer,failed_transfer
304,2653,top_up_failed,failed_transfer,contactless_not_working
304,2654,top_up_failed,apple_pay_or_google_pay,contactless_not_working
304,2655,top_up_failed,apple_pay_or_google_pay,contactless_not_working
304,2656,top_up_failed,failed_transfer,failed_transfer
304,2657,top_up_failed,declined_card_payment,declined_card_payment
304,2658,top_up_failed,declined_card_payment,declined_card_payment
304,2659,top_up_failed,card_payment_not_recognised,card_payment_not_recognised
304,2660,top_up_failed,apple_pay_or_google_pay,apple_pay_or_google_pay
304,2661,top_up_failed,apple_pay_or_google_pay,declined_cash_withdrawal
304,2662,top_up_failed,card_payment_not_recognised,card_payment_not_recognised
304,2663,top_up_failed,card_arrival,contactless_not_working
304,2664,top_up_failed,apple_pay_or_google_pay,declined_cash_withdrawal
304,2665,top_up_failed,failed_transfer,contactless_not_working
304,2666,top_up_failed,failed_transfer,failed_transfer
304,2667,top_up_failed,failed_transfer,declined_cash_withdrawal
304,2668,top_up_failed,declined_card_payment,declined_card_payment
304,2669,top_up_failed,apple_pay_or_google_pay,apple_pay_or_google_pay
304,2670,top_up_failed,declined_cash_withdrawal,card_payment_not_recognised
304,2671,top_up_failed,failed_transfer,declined_cash_withdrawal
304,2672,top_up_failed,apple_pay_or_google_pay,apple_pay_or_google_pay
304,2673,top_up_failed,failed_transfer,failed_transfer
304,2674,top_up_failed,apple_pay_or_google_pay,apple_pay_or_google_pay
304,2675,top_up_failed,declined_card_payment,declined_card_payment
304,2676,top_up_failed,apple_pay_or_google_pay,automatic_top_up
304,2677,top_up_failed,apple_pay_or_google_pay,contactless_not_working
304,2678,top_up_failed,apple_pay_or_google_pay,apple_pay_or_google_pay
304,2679,top_up_failed,apple_pay_or_google_pay,contactless_not_working
304,2680,balance_not_updated_after_bank_transfer,balance_not_updated_after_bank_transfer,balance_not_updated_after_bank_transfer
304,2681,balance_not_updated_after_bank_transfer,balance_not_updated_after_cheque_or_cash_deposit,balance_not_updated_after_cheque_or_cash_deposit
304,2682,balance_not_updated_after_bank_transfer,balance_not_updated_after_bank_transfer,balance_not_updated_after_bank_transfer
304,2683,balance_not_updated_after_bank_transfer,failed_transfer,failed_transfer
304,2684,balance_not_updated_after_bank_transfer,balance_not_updated_after_bank_transfer,balance_not_updated_after_bank_transfer
304,2685,balance_not_updated_after_bank_transfer,balance_not_updated_after_bank_transfer,exchange_rate
304,2686,balance_not_updated_after_bank_transfer,balance_not_updated_after_bank_transfer,balance_not_updated_after_bank_transfer
304,2687,balance_not_updated_after_bank_transfer,balance_not_updated_after_bank_transfer,balance_not_updated_after_bank_transfer
304,2688,balance_not_updated_after_bank_transfer,failed_transfer,failed_transfer
304,2689,balance_not_updated_after_bank_transfer,balance_not_updated_after_cheque_or_cash_deposit,balance_not_updated_after_cheque_or_cash_deposit
304,2690,balance_not_updated_after_bank_transfer,failed_transfer,balance_not_updated_after_cheque_or_cash_deposit
304,2691,balance_not_updated_after_bank_transfer,balance_not_updated_after_bank_transfer,balance_not_updated_after_bank_transfer
304,2692,balance_not_updated_after_bank_transfer,balance_not_updated_after_bank_transfer,balance_not_updated_after_bank_transfer
304,2693,balance_not_updated_after_bank_transfer,failed_transfer,failed_transfer
304,2694,balance_not_updated_after_bank_transfer,failed_transfer,failed_transfer
304,2695,balance_not_updated_after_bank_transfer,failed_transfer,failed_transfer
304,2696,balance_not_updated_after_bank_transfer,balance_not_updated_after_bank_transfer,balance_not_updated_after_bank_transfer
304,2697,balance_not_updated_after_bank_transfer,balance_not_updated_after_cheque_or_cash_deposit,balance_not_updated_after_cheque_or_cash_deposit
304,2698,balance_not_updated_after_bank_transfer,balance_not_updated_after_cheque_or_cash_deposit,balance_not_updated_after_cheque_or_cash_deposit
304,2699,balance_not_updated_after_bank_transfer,balance_not_updated_after_cheque_or_cash_deposit,balance_not_updated_after_cheque_or_cash_deposit
304,2700,balance_not_updated_after_bank_transfer,failed_transfer,balance_not_updated_after_cheque_or_cash_deposit
304,2701,balance_not_updated_after_bank_transfer,balance_not_updated_after_cheque_or_cash_deposit,balance_not_updated_after_cheque_or_cash_deposit
304,2702,balance_not_updated_after_bank_transfer,failed_transfer,failed_transfer
304,2703,balance_not_updated_after_bank_transfer,failed_transfer,failed_transfer
304,2704,balance_not_updated_after_bank_transfer,balance_not_updated_after_bank_transfer,balance_not_updated_after_cheque_or_cash_deposit
304,2705,balance_not_updated_after_bank_transfer,balance_not_updated_after_cheque_or_cash_deposit,balance_not_updated_after_cheque_or_cash_deposit
304,2706,balance_not_updated_after_bank_transfer,failed_transfer,failed_transfer
304,2707,balance_not_updated_after_bank_transfer,balance_not_updated_after_cheque_or_cash_deposit,balance_not_updated_after_cheque_or_cash_deposit
304,2708,balance_not_updated_after_bank_transfer,balance_not_updated_after_bank_transfer,balance_not_updated_after_bank_transfer
304,2709,balance_not_updated_after_bank_transfer,failed_transfer,failed_transfer
304,2710,balance_not_updated_after_bank_transfer,balance_not_updated_after_bank_transfer,balance_not_updated_after_bank_transfer
304,2711,balance_not_updated_after_bank_transfer,failed_transfer,failed_transfer
304,2712,balance_not_updated_after_bank_transfer,balance_not_updated_after_bank_transfer,balance_not_updated_after_bank_transfer
304,2713,balance_not_updated_after_bank_transfer,failed_transfer,failed_transfer
304,2714,balance_not_updated_after_bank_transfer,balance_not_updated_after_cheque_or_cash_deposit,balance_not_updated_after_cheque_or_cash_deposit
304,2715,balance_not_updated_after_bank_transfer,balance_not_updated_after_cheque_or_cash_deposit,balance_not_updated_after_cheque_or_cash_deposit
304,2716,balance_not_updated_after_bank_transfer,balance_not_updated_after_bank_transfer,balance_not_updated_after_bank_transfer
304,2717,balance_not_updated_after_bank_transfer,failed_transfer,failed_transfer
304,2718,balance_not_updated_after_bank_transfer,balance_not_updated_after_cheque_or_cash_deposit,balance_not_updated_after_cheque_or_cash_deposit
304,2719,balance_not_updated_after_bank_transfer,balance_not_updated_after_cheque_or_cash_deposit,balance_not_updated_after_cheque_or_cash_deposit
304,2720,cash_withdrawal_not_recognised,card_swallowed,card_swallowed
304,2721,cash_withdrawal_not_recognised,cash_withdrawal_not_recognised,cash_withdrawal_not_recognised
304,2722,cash_withdrawal_not_recognised,card_swallowed,cash_withdrawal_not_recognised
304,2723,cash_withdrawal_not_recognised,declined_cash_withdrawal,declined_cash_withdrawal
304,2724,cash_withdrawal_not_recognised,card_payment_not_recognised,card_payment_not_recognised
304,2725,cash_withdrawal_not_recognised,cash_withdrawal_not_recognised,declined_cash_withdrawal
304,2726,cash_withdrawal_not_recognised,cash_withdrawal_not_recognised,cash_withdrawal_not_recognised
304,2727,cash_withdrawal_not_recognised,card_payment_not_recognised,card_payment_not_recognised
304,2728,cash_withdrawal_not_recognised,cash_withdrawal_not_recognised,declined_cash_withdrawal
304,2729,cash_withdrawal_not_recognised,declined_cash_withdrawal,declined_cash_withdrawal
304,2730,cash_withdrawal_not_recognised,card_swallowed,declined_cash_withdrawal
304,2731,cash_withdrawal_not_recognised,cash_withdrawal_not_recognised,cash_withdrawal_not_recognised
304,2732,cash_withdrawal_not_recognised,cash_withdrawal_not_recognised,cash_withdrawal_not_recognised
304,2733,cash_withdrawal_not_recognised,cash_withdrawal_not_recognised,cash_withdrawal_not_recognised
304,2734,cash_withdrawal_not_recognised,cash_withdrawal_not_recognised,cash_withdrawal_not_recognised
304,2735,cash_withdrawal_not_recognised,compromised_card,compromised_card
304,2736,cash_withdrawal_not_recognised,cash_withdrawal_not_recognised,cash_withdrawal_not_recognised
304,2737,cash_withdrawal_not_recognised,cash_withdrawal_not_recognised,cash_withdrawal_not_recognised
304,2738,cash_withdrawal_not_recognised,cash_withdrawal_not_recognised,cash_withdrawal_not_recognised
304,2739,cash_withdrawal_not_recognised,cash_withdrawal_not_recognised,cash_withdrawal_not_recognised
304,2740,cash_withdrawal_not_recognised,cash_withdrawal_not_recognised,cash_withdrawal_not_recognised
304,2741,cash_withdrawal_not_recognised,card_payment_not_recognised,card_payment_not_recognised
304,2742,cash_withdrawal_not_recognised,cash_withdrawal_not_recognised,declined_cash_withdrawal
304,2743,cash_withdrawal_not_recognised,cash_withdrawal_not_recognised,cash_withdrawal_not_recognised
304,2744,cash_withdrawal_not_recognised,cash_withdrawal_not_recognised,cash_withdrawal_not_recognised
304,2745,cash_withdrawal_not_recognised,cancel_transfer,cancel_transfer
304,2746,cash_withdrawal_not_recognised,card_payment_not_recognised,card_payment_not_recognised
304,2747,cash_withdrawal_not_recognised,cash_withdrawal_not_recognised,cash_withdrawal_not_recognised
304,2748,cash_withdrawal_not_recognised,cash_withdrawal_not_recognised,declined_cash_withdrawal
304,2749,cash_withdrawal_not_recognised,cash_withdrawal_not_recognised,cash_withdrawal_not_recognised
304,2750,cash_withdrawal_not_recognised,cash_withdrawal_not_recognised,declined_cash_withdrawal
304,2751,cash_withdrawal_not_recognised,card_swallowed,cash_withdrawal_not_recognised
304,2752,cash_withdrawal_not_recognised,cash_withdrawal_not_recognised,cash_withdrawal_not_recognised
304,2753,cash_withdrawal_not_recognised,card_swallowed,card_payment_not_recognised
304,2754,cash_withdrawal_not_recognised,card_swallowed,cash_withdrawal_not_recognised
304,2755,cash_withdrawal_not_recognised,card_payment_not_recognised,card_payment_not_recognised
304,2756,cash_withdrawal_not_recognised,compromised_card,declined_cash_withdrawal
304,2757,cash_withdrawal_not_recognised,cash_withdrawal_not_recognised,declined_cash_withdrawal
304,2758,cash_withdrawal_not_recognised,cash_withdrawal_not_recognised,cash_withdrawal_not_recognised
304,2759,cash_withdrawal_not_recognised,cash_withdrawal_not_recognised,cash_withdrawal_not_recognised
304,2760,exchange_charge,exchange_charge,exchange_charge
304,2761,exchange_charge,exchange_rate,exchange_rate
304,2762,exchange_charge,exchange_rate,exchange_rate
304,2763,exchange_charge,exchange_rate,exchange_rate
304,2764,exchange_charge,exchange_charge,exchange_rate
304,2765,exchange_charge,exchange_charge,exchange_charge
304,2766,exchange_charge,exchange_charge,exchange_rate
304,2767,exchange_charge,exchange_charge,exchange_charge
304,2768,exchange_charge,exchange_charge,exchange_rate
304,2769,exchange_charge,exchange_charge,exchange_rate
304,2770,exchange_charge,exchange_charge,exchange_charge
304,2771,exchange_charge,exchange_charge,exchange_rate
304,2772,exchange_charge,exchange_via_app,exchange_via_app
304,2773,exchange_charge,exchange_charge,exchange_charge
304,2774,exchange_charge,exchange_charge,exchange_rate
304,2775,exchange_charge,exchange_charge,exchange_rate
304,2776,exchange_charge,exchange_charge,exchange_charge
304,2777,exchange_charge,exchange_charge,exchange_charge
304,2778,exchange_charge,exchange_charge,exchange_rate
304,2779,exchange_charge,exchange_charge,exchange_charge
304,2780,exchange_charge,exchange_charge,exchange_charge
304,2781,exchange_charge,exchange_charge,exchange_charge
304,2782,exchange_charge,exchange_charge,exchange_charge
304,2783,exchange_charge,exchange_charge,exchange_rate
304,2784,exchange_charge,exchange_charge,exchange_rate
304,2785,exchange_charge,exchange_charge,exchange_rate
304,2786,exchange_charge,exchange_charge,exchange_charge
304,2787,exchange_charge,exchange_charge,exchange_rate
304,2788,exchange_charge,exchange_rate,exchange_rate
304,2789,exchange_charge,exchange_charge,exchange_rate
304,2790,exchange_charge,exchange_charge,exchange_charge
304,2791,exchange_charge,exchange_charge,exchange_charge
304,2792,exchange_charge,exchange_charge,exchange_rate
304,2793,exchange_charge,exchange_charge,exchange_charge
304,2794,exchange_charge,exchange_charge,exchange_rate
304,2795,exchange_charge,exchange_charge,exchange_rate
304,2796,exchange_charge,exchange_charge,exchange_charge
304,2797,exchange_charge,exchange_charge,exchange_charge
304,2798,exchange_charge,exchange_charge,exchange_rate
304,2799,exchange_charge,exchange_charge,exchange_rate
304,2800,top_up_by_card_charge,card_payment_fee_charged,card_payment_fee_charged
304,2801,top_up_by_card_charge,card_payment_fee_charged,card_payment_fee_charged
304,2802,top_up_by_card_charge,card_payment_fee_charged,card_payment_fee_charged
304,2803,top_up_by_card_charge,card_payment_fee_charged,card_payment_fee_charged
304,2804,top_up_by_card_charge,card_payment_fee_charged,apple_pay_or_google_pay
304,2805,top_up_by_card_charge,card_payment_fee_charged,card_payment_fee_charged
304,2806,top_up_by_card_charge,apple_pay_or_google_pay,apple_pay_or_google_pay
304,2807,top_up_by_card_charge,card_payment_fee_charged,card_payment_fee_charged
304,2808,top_up_by_card_charge,card_payment_fee_charged,card_payment_fee_charged
304,2809,top_up_by_card_charge,apple_pay_or_google_pay,apple_pay_or_google_pay
304,2810,top_up_by_card_charge,card_arrival,card_arrival
304,2811,top_up_by_card_charge,apple_pay_or_google_pay,card_delivery_estimate
304,2812,top_up_by_card_charge,card_payment_fee_charged,card_payment_fee_charged
304,2813,top_up_by_card_charge,card_payment_fee_charged,exchange_rate
304,2814,top_up_by_card_charge,card_payment_fee_charged,card_delivery_estimate
304,2815,top_up_by_card_charge,card_delivery_estimate,card_delivery_estimate
304,2816,top_up_by_card_charge,card_payment_fee_charged,card_payment_fee_charged
304,2817,top_up_by_card_charge,card_payment_fee_charged,card_payment_fee_charged
304,2818,top_up_by_card_charge,card_payment_fee_charged,exchange_charge
304,2819,top_up_by_card_charge,card_payment_fee_charged,card_payment_fee_charged
304,2820,top_up_by_card_charge,card_payment_fee_charged,apple_pay_or_google_pay
304,2821,top_up_by_card_charge,card_payment_fee_charged,apple_pay_or_google_pay
304,2822,top_up_by_card_charge,automatic_top_up,apple_pay_or_google_pay
304,2823,top_up_by_card_charge,automatic_top_up,exchange_rate
304,2824,top_up_by_card_charge,card_payment_fee_charged,card_delivery_estimate
304,2825,top_up_by_card_charge,card_payment_fee_charged,card_payment_fee_charged
304,2826,top_up_by_card_charge,card_payment_fee_charged,card_payment_fee_charged
304,2827,top_up_by_card_charge,card_payment_fee_charged,exchange_rate
304,2828,top_up_by_card_charge,card_payment_fee_charged,card_payment_fee_charged
304,2829,top_up_by_card_charge,apple_pay_or_google_pay,apple_pay_or_google_pay
304,2830,top_up_by_card_charge,automatic_top_up,automatic_top_up
304,2831,top_up_by_card_charge,apple_pay_or_google_pay,automatic_top_up
304,2832,top_up_by_card_charge,card_payment_fee_charged,exchange_rate
304,2833,top_up_by_card_charge,exchange_charge,exchange_charge
304,2834,top_up_by_card_charge,apple_pay_or_google_pay,apple_pay_or_google_pay
304,2835,top_up_by_card_charge,apple_pay_or_google_pay,apple_pay_or_google_pay
304,2836,top_up_by_card_charge,card_payment_fee_charged,card_payment_fee_charged
304,2837,top_up_by_card_charge,card_payment_fee_charged,exchange_charge
304,2838,top_up_by_card_charge,apple_pay_or_google_pay,apple_pay_or_google_pay
304,2839,top_up_by_card_charge,card_payment_fee_charged,exchange_rate
304,2840,activate_my_card,activate_my_card,activate_my_card
304,2841,activate_my_card,activate_my_card,activate_my_card
304,2842,activate_my_card,activate_my_card,activate_my_card
304,2843,activate_my_card,activate_my_card,activate_my_card
304,2844,activate_my_card,activate_my_card,activate_my_card
304,2845,activate_my_card,activate_my_card,card_delivery_estimate
304,2846,activate_my_card,activate_my_card,activate_my_card
304,2847,activate_my_card,activate_my_card,card_arrival
304,2848,activate_my_card,card_about_to_expire,card_arrival
304,2849,activate_my_card,activate_my_card,activate_my_card
304,2850,activate_my_card,activate_my_card,activate_my_card
304,2851,activate_my_card,activate_my_card,activate_my_card
304,2852,activate_my_card,card_swallowed,card_swallowed
304,2853,activate_my_card,activate_my_card,activate_my_card
304,2854,activate_my_card,activate_my_card,activate_my_card
304,2855,activate_my_card,activate_my_card,activate_my_card
304,2856,activate_my_card,activate_my_card,activate_my_card
304,2857,activate_my_card,activate_my_card,activate_my_card
304,2858,activate_my_card,card_payment_not_recognised,declined_cash_withdrawal
304,2859,activate_my_card,activate_my_card,activate_my_card
304,2860,activate_my_card,activate_my_card,activate_my_card
304,2861,activate_my_card,activate_my_card,activate_my_card
304,2862,activate_my_card,activate_my_card,activate_my_card
304,2863,activate_my_card,activate_my_card,card_arrival
304,2864,activate_my_card,activate_my_card,activate_my_card
304,2865,activate_my_card,activate_my_card,activate_my_card
304,2866,activate_my_card,activate_my_card,activate_my_card
304,2867,activate_my_card,activate_my_card,activate_my_card
304,2868,activate_my_card,activate_my_card,activate_my_card
304,2869,activate_my_card,activate_my_card,activate_my_card
304,2870,activate_my_card,activate_my_card,activate_my_card
304,2871,activate_my_card,activate_my_card,activate_my_card
304,2872,activate_my_card,card_about_to_expire,card_arrival
304,2873,activate_my_card,activate_my_card,activate_my_card
304,2874,activate_my_card,activate_my_card,activate_my_card
304,2875,activate_my_card,activate_my_card,activate_my_card
304,2876,activate_my_card,activate_my_card,activate_my_card
304,2877,activate_my_card,activate_my_card,activate_my_card
304,2878,activate_my_card,activate_my_card,activate_my_card
304,2879,activate_my_card,activate_my_card,activate_my_card
304,2880,cash_withdrawal_charge,cash_withdrawal_charge,cash_withdrawal_charge
304,2881,cash_withdrawal_charge,cash_withdrawal_charge,cash_withdrawal_charge
304,2882,cash_withdrawal_charge,cash_withdrawal_charge,cash_withdrawal_charge
304,2883,cash_withdrawal_charge,cash_withdrawal_charge,cash_withdrawal_charge
304,2884,cash_withdrawal_charge,cash_withdrawal_charge,cash_withdrawal_charge
304,2885,cash_withdrawal_charge,cash_withdrawal_charge,cash_withdrawal_charge
304,2886,cash_withdrawal_charge,cash_withdrawal_charge,cash_withdrawal_charge
304,2887,cash_withdrawal_charge,cash_withdrawal_charge,cash_withdrawal_charge
304,2888,cash_withdrawal_charge,cash_withdrawal_charge,cash_withdrawal_charge
304,2889,cash_withdrawal_charge,cash_withdrawal_charge,cash_withdrawal_charge
304,2890,cash_withdrawal_charge,card_payment_fee_charged,cash_withdrawal_charge
304,2891,cash_withdrawal_charge,cash_withdrawal_charge,cash_withdrawal_charge
304,2892,cash_withdrawal_charge,cash_withdrawal_charge,cash_withdrawal_charge
304,2893,cash_withdrawal_charge,cash_withdrawal_charge,cash_withdrawal_charge
304,2894,cash_withdrawal_charge,cash_withdrawal_charge,cash_withdrawal_charge
304,2895,cash_withdrawal_charge,cash_withdrawal_charge,cash_withdrawal_charge
304,2896,cash_withdrawal_charge,cash_withdrawal_charge,cash_withdrawal_charge
304,2897,cash_withdrawal_charge,cash_withdrawal_charge,cash_withdrawal_charge
304,2898,cash_withdrawal_charge,cash_withdrawal_charge,cash_withdrawal_charge
304,2899,cash_withdrawal_charge,cash_withdrawal_charge,cash_withdrawal_charge
304,2900,cash_withdrawal_charge,cash_withdrawal_charge,cash_withdrawal_charge
304,2901,cash_withdrawal_charge,cash_withdrawal_charge,cash_withdrawal_charge
304,2902,cash_withdrawal_charge,cash_withdrawal_charge,cash_withdrawal_charge
304,2903,cash_withdrawal_charge,cash_withdrawal_charge,cash_withdrawal_charge
304,2904,cash_withdrawal_charge,cash_withdrawal_charge,cash_withdrawal_charge
304,2905,cash_withdrawal_charge,card_payment_fee_charged,cash_withdrawal_charge
304,2906,cash_withdrawal_charge,cash_withdrawal_charge,cash_withdrawal_charge
304,2907,cash_withdrawal_charge,cash_withdrawal_charge,cash_withdrawal_charge
304,2908,cash_withdrawal_charge,cash_withdrawal_charge,cash_withdrawal_charge
304,2909,cash_withdrawal_charge,cash_withdrawal_charge,cash_withdrawal_charge
304,2910,cash_withdrawal_charge,cash_withdrawal_charge,cash_withdrawal_charge
304,2911,cash_withdrawal_charge,cash_withdrawal_charge,cash_withdrawal_charge
304,2912,cash_withdrawal_charge,cash_withdrawal_charge,cash_withdrawal_charge
304,2913,cash_withdrawal_charge,cash_withdrawal_charge,cash_withdrawal_charge
304,2914,cash_withdrawal_charge,cash_withdrawal_charge,cash_withdrawal_charge
304,2915,cash_withdrawal_charge,cash_withdrawal_charge,declined_cash_withdrawal
304,2916,cash_withdrawal_charge,card_swallowed,declined_cash_withdrawal
304,2917,cash_withdrawal_charge,card_payment_wrong_exchange_rate,card_payment_wrong_exchange_rate
304,2918,cash_withdrawal_charge,cash_withdrawal_charge,cash_withdrawal_charge
304,2919,cash_withdrawal_charge,cash_withdrawal_charge,cash_withdrawal_charge
304,2920,card_about_to_expire,card_about_to_expire,card_about_to_expire
304,2921,card_about_to_expire,card_about_to_expire,card_arrival
304,2922,card_about_to_expire,card_about_to_expire,card_arrival
304,2923,card_about_to_expire,card_about_to_expire,card_arrival
304,2924,card_about_to_expire,card_about_to_expire,card_about_to_expire
304,2925,card_about_to_expire,card_about_to_expire,card_arrival
304,2926,card_about_to_expire,card_about_to_expire,card_about_to_expire
304,2927,card_about_to_expire,card_about_to_expire,card_delivery_estimate
304,2928,card_about_to_expire,card_about_to_expire,card_not_working
304,2929,card_about_to_expire,card_about_to_expire,card_delivery_estimate
304,2930,card_about_to_expire,card_about_to_expire,card_about_to_expire
304,2931,card_about_to_expire,card_about_to_expire,card_about_to_expire
304,2932,card_about_to_expire,card_about_to_expire,card_about_to_expire
304,2933,card_about_to_expire,card_about_to_expire,card_about_to_expire
304,2934,card_about_to_expire,card_about_to_expire,card_not_working
304,2935,card_about_to_expire,card_about_to_expire,card_not_working
304,2936,card_about_to_expire,card_about_to_expire,card_about_to_expire
304,2937,card_about_to_expire,card_about_to_expire,card_about_to_expire
304,2938,card_about_to_expire,card_about_to_expire,card_arrival
304,2939,card_about_to_expire,card_about_to_expire,card_arrival
304,2940,card_about_to_expire,card_about_to_expire,card_delivery_estimate
304,2941,card_about_to_expire,card_about_to_expire,card_about_to_expire
304,2942,card_about_to_expire,card_about_to_expire,card_about_to_expire
304,2943,card_about_to_expire,card_about_to_expire,card_about_to_expire
304,2944,card_about_to_expire,card_about_to_expire,contactless_not_working
304,2945,card_about_to_expire,card_about_to_expire,card_about_to_expire
304,2946,card_about_to_expire,card_about_to_expire,card_arrival
304,2947,card_about_to_expire,card_about_to_expire,card_about_to_expire
304,2948,card_about_to_expire,card_about_to_expire,card_about_to_expire
304,2949,card_about_to_expire,card_about_to_expire,card_about_to_expire
304,2950,card_about_to_expire,card_about_to_expire,card_not_working
304,2951,card_about_to_expire,card_about_to_expire,card_about_to_expire
304,2952,card_about_to_expire,card_about_to_expire,card_about_to_expire
304,2953,card_about_to_expire,card_about_to_expire,card_not_working
304,2954,card_about_to_expire,card_about_to_expire,card_delivery_estimate
304,2955,card_about_to_expire,card_about_to_expire,card_delivery_estimate
304,2956,card_about_to_expire,card_about_to_expire,card_about_to_expire
304,2957,card_about_to_expire,card_about_to_expire,card_about_to_expire
304,2958,card_about_to_expire,card_about_to_expire,card_about_to_expire
304,2959,card_about_to_expire,card_about_to_expire,card_delivery_estimate
304,2960,apple_pay_or_google_pay,apple_pay_or_google_pay,apple_pay_or_google_pay
304,2961,apple_pay_or_google_pay,apple_pay_or_google_pay,apple_pay_or_google_pay
304,2962,apple_pay_or_google_pay,apple_pay_or_google_pay,apple_pay_or_google_pay
304,2963,apple_pay_or_google_pay,apple_pay_or_google_pay,apple_pay_or_google_pay
304,2964,apple_pay_or_google_pay,apple_pay_or_google_pay,apple_pay_or_google_pay
304,2965,apple_pay_or_google_pay,apple_pay_or_google_pay,apple_pay_or_google_pay
304,2966,apple_pay_or_google_pay,apple_pay_or_google_pay,apple_pay_or_google_pay
304,2967,apple_pay_or_google_pay,apple_pay_or_google_pay,apple_pay_or_google_pay
304,2968,apple_pay_or_google_pay,apple_pay_or_google_pay,apple_pay_or_google_pay
304,2969,apple_pay_or_google_pay,apple_pay_or_google_pay,apple_pay_or_google_pay
304,2970,apple_pay_or_google_pay,apple_pay_or_google_pay,apple_pay_or_google_pay
304,2971,apple_pay_or_google_pay,apple_pay_or_google_pay,apple_pay_or_google_pay
304,2972,apple_pay_or_google_pay,apple_pay_or_google_pay,contactless_not_working
304,2973,apple_pay_or_google_pay,apple_pay_or_google_pay,apple_pay_or_google_pay
304,2974,apple_pay_or_google_pay,apple_pay_or_google_pay,apple_pay_or_google_pay
304,2975,apple_pay_or_google_pay,apple_pay_or_google_pay,apple_pay_or_google_pay
304,2976,apple_pay_or_google_pay,apple_pay_or_google_pay,apple_pay_or_google_pay
304,2977,apple_pay_or_google_pay,apple_pay_or_google_pay,apple_pay_or_google_pay
304,2978,apple_pay_or_google_pay,apple_pay_or_google_pay,apple_pay_or_google_pay
304,2979,apple_pay_or_google_pay,apple_pay_or_google_pay,apple_pay_or_google_pay
304,2980,apple_pay_or_google_pay,apple_pay_or_google_pay,apple_pay_or_google_pay
304,2981,apple_pay_or_google_pay,apple_pay_or_google_pay,apple_pay_or_google_pay
304,2982,apple_pay_or_google_pay,apple_pay_or_google_pay,apple_pay_or_google_pay
304,2983,apple_pay_or_google_pay,apple_pay_or_google_pay,apple_pay_or_google_pay
304,2984,apple_pay_or_google_pay,apple_pay_or_google_pay,exchange_rate
304,2985,apple_pay_or_google_pay,apple_pay_or_google_pay,apple_pay_or_google_pay
304,2986,apple_pay_or_google_pay,apple_pay_or_google_pay,apple_pay_or_google_pay
304,2987,apple_pay_or_google_pay,apple_pay_or_google_pay,apple_pay_or_google_pay
304,2988,apple_pay_or_google_pay,apple_pay_or_google_pay,contactless_not_working
304,2989,apple_pay_or_google_pay,apple_pay_or_google_pay,apple_pay_or_google_pay
304,2990,apple_pay_or_google_pay,apple_pay_or_google_pay,apple_pay_or_google_pay
304,2991,apple_pay_or_google_pay,apple_pay_or_google_pay,apple_pay_or_google_pay
304,2992,apple_pay_or_google_pay,apple_pay_or_google_pay,apple_pay_or_google_pay
304,2993,apple_pay_or_google_pay,apple_pay_or_google_pay,apple_pay_or_google_pay
304,2994,apple_pay_or_google_pay,apple_pay_or_google_pay,apple_pay_or_google_pay
304,2995,apple_pay_or_google_pay,apple_pay_or_google_pay,apple_pay_or_google_pay
304,2996,apple_pay_or_google_pay,apple_pay_or_google_pay,apple_pay_or_google_pay
304,2997,apple_pay_or_google_pay,apple_pay_or_google_pay,contactless_not_working
304,2998,apple_pay_or_google_pay,apple_pay_or_google_pay,apple_pay_or_google_pay
304,2999,apple_pay_or_google_pay,apple_pay_or_google_pay,apple_pay_or_google_pay
304,3000,verify_my_identity,compromised_card,compromised_card
304,3001,verify_my_identity,activate_my_card,compromised_card
304,3002,verify_my_identity,edit_personal_details,compromised_card
304,3003,verify_my_identity,edit_personal_details,exchange_rate
304,3004,verify_my_identity,activate_my_card,contactless_not_working
304,3005,verify_my_identity,activate_my_card,contactless_not_working
304,3006,verify_my_identity,activate_my_card,compromised_card
304,3007,verify_my_identity,activate_my_card,atm_support
304,3008,verify_my_identity,compromised_card,compromised_card
304,3009,verify_my_identity,card_acceptance,card_acceptance
304,3010,verify_my_identity,edit_personal_details,edit_personal_details
304,3011,verify_my_identity,activate_my_card,edit_personal_details
304,3012,verify_my_identity,edit_personal_details,compromised_card
304,3013,verify_my_identity,compromised_card,declined_cash_withdrawal
304,3014,verify_my_identity,activate_my_card,card_acceptance
304,3015,verify_my_identity,compromised_card,compromised_card
304,3016,verify_my_identity,card_acceptance,card_acceptance
304,3017,verify_my_identity,edit_personal_details,edit_personal_details
304,3018,verify_my_identity,compromised_card,compromised_card
304,3019,verify_my_identity,edit_personal_details,compromised_card
304,3020,verify_my_identity,card_arrival,card_arrival
304,3021,verify_my_identity,edit_personal_details,contactless_not_working
304,3022,verify_my_identity,edit_personal_details,edit_personal_details
304,3023,verify_my_identity,compromised_card,compromised_card
304,3024,verify_my_identity,edit_personal_details,edit_personal_details
304,3025,verify_my_identity,card_acceptance,card_acceptance
304,3026,verify_my_identity,activate_my_card,card_acceptance
304,3027,verify_my_identity,card_acceptance,compromised_card
304,3028,verify_my_identity,edit_personal_details,direct_debit_payment_not_recognised
304,3029,verify_my_identity,edit_personal_details,direct_debit_payment_not_recognised
304,3030,verify_my_identity,edit_personal_details,compromised_card
304,3031,verify_my_identity,activate_my_card,compromised_card
304,3032,verify_my_identity,edit_personal_details,contactless_not_working
304,3033,verify_my_identity,compromised_card,contactless_not_working
304,3034,verify_my_identity,activate_my_card,contactless_not_working
304,3035,verify_my_identity,compromised_card,compromised_card
304,3036,verify_my_identity,card_arrival,contactless_not_working
304,3037,verify_my_identity,activate_my_card,declined_cash_withdrawal
304,3038,verify_my_identity,compromised_card,compromised_card
304,3039,verify_my_identity,edit_personal_details,compromised_card
304,3040,country_support,card_delivery_estimate,card_delivery_estimate
304,3041,country_support,country_support,country_support
304,3042,country_support,country_support,fiat_currency_support
304,3043,country_support,country_support,exchange_rate
304,3044,country_support,card_delivery_estimate,card_delivery_estimate
304,3045,country_support,country_support,card_arrival
304,3046,country_support,card_about_to_expire,card_arrival
304,3047,country_support,card_about_to_expire,card_arrival
304,3048,country_support,card_delivery_estimate,card_delivery_estimate
304,3049,country_support,country_support,country_support
304,3050,country_support,country_support,card_arrival
304,3051,country_support,country_support,country_support
304,3052,country_support,country_support,exchange_rate
304,3053,country_support,card_delivery_estimate,card_delivery_estimate
304,3054,country_support,card_about_to_expire,card_delivery_estimate
304,3055,country_support,country_support,card_arrival
304,3056,country_support,country_support,exchange_rate
304,3057,country_support,country_support,exchange_rate
304,3058,country_support,exchange_rate,exchange_rate
304,3059,country_support,country_support,card_arrival
304,3060,country_support,country_support,country_support
304,3061,country_support,country_support,card_delivery_estimate
304,3062,country_support,country_support,exchange_rate
304,3063,country_support,country_support,exchange_rate
304,3064,country_support,country_support,exchange_rate
304,3065,country_support,exchange_rate,exchange_rate
304,3066,country_support,card_delivery_estimate,card_delivery_estimate
304,3067,country_support,card_acceptance,card_acceptance
304,3068,country_support,country_support,exchange_rate
304,3069,country_support,exchange_rate,exchange_rate
304,3070,country_support,card_about_to_expire,card_arrival
304,3071,country_support,country_support,exchange_rate
304,3072,country_support,card_about_to_expire,card_arrival
304,3073,country_support,exchange_rate,exchange_rate
304,3074,country_support,country_support,country_support
304,3075,country_support,card_about_to_expire,card_arrival
304,3076,country_support,country_support,exchange_rate
304,3077,country_support,exchange_rate,exchange_rate
304,3078,country_support,exchange_rate,exchange_rate
304,3079,country_support,card_arrival,card_arrival
616,0,card_arrival,card_arrival,getting_virtual_card
616,1,card_arrival,card_arrival,getting_virtual_card
616,2,card_arrival,card_arrival,getting_virtual_card
616,3,card_arrival,card_arrival,card_arrival
616,4,card_arrival,card_arrival,card_delivery_estimate
616,5,card_arrival,card_delivery_estimate,card_delivery_estimate
616,6,card_arrival,card_arrival,card_arrival
616,7,card_arrival,declined_card_payment,card_payment_not_recognised
616,8,card_arrival,card_arrival,card_delivery_estimate
616,9,card_arrival,card_delivery_estimate,card_delivery_estimate
616,10,card_arrival,card_arrival,card_arrival
616,11,card_arrival,card_delivery_estimate,card_delivery_estimate
616,12,card_arrival,lost_or_stolen_card,lost_or_stolen_card
616,13,card_arrival,card_about_to_expire,card_delivery_estimate
616,14,card_arrival,pending_card_payment,card_delivery_estimate
616,15,card_arrival,card_delivery_estimate,card_delivery_estimate
616,16,card_arrival,pending_card_payment,card_delivery_estimate
616,17,card_arrival,card_arrival,card_arrival
616,18,card_arrival,card_arrival,getting_virtual_card
616,19,card_arrival,card_arrival,card_arrival
616,20,card_arrival,card_arrival,card_arrival
616,21,card_arrival,card_arrival,card_arrival
616,22,card_arrival,card_delivery_estimate,card_delivery_estimate
616,23,card_arrival,card_arrival,card_arrival
616,24,card_arrival,card_arrival,card_arrival
616,25,card_arrival,card_arrival,card_arrival
616,26,card_arrival,card_arrival,contactless_not_working
616,27,card_arrival,card_delivery_estimate,getting_virtual_card
616,28,card_arrival,card_arrival,getting_virtual_card
616,29,card_arrival,card_arrival,card_arrival
616,30,card_arrival,card_arrival,card_delivery_estimate
616,31,card_arrival,card_arrival,getting_virtual_card
616,32,card_arrival,card_arrival,card_delivery_estimate
616,33,card_arrival,card_arrival,card_delivery_estimate
616,34,card_arrival,card_arrival,card_arrival
616,35,card_arrival,card_arrival,card_arrival
616,36,card_arrival,card_arrival,card_arrival
616,37,card_arrival,card_arrival,card_arrival
616,38,card_arrival,card_arrival,card_arrival
616,39,card_arrival,card_arrival,card_arrival
616,40,card_linking,card_linking,getting_virtual_card
616,41,card_linking,activate_my_card,verify_source_of_funds
616,42,card_linking,card_linking,getting_virtual_card
616,43,card_linking,card_linking,card_arrival
616,44,card_linking,getting_spare_card,getting_virtual_card
616,45,card_linking,card_linking,card_arrival
616,46,card_linking,card_linking,card_linking
616,47,card_linking,activate_my_card,getting_virtual_card
616,48,card_linking,card_linking,lost_or_stolen_card
616,49,card_linking,card_linking,getting_virtual_card
616,50,card_linking,card_linking,getting_virtual_card
616,51,card_linking,getting_spare_card,order_physical_card
616,52,card_linking,card_linking,getting_virtual_card
616,53,card_linking,card_linking,getting_virtual_card
616,54,card_linking,card_linking,order_physical_card
616,55,card_linking,card_linking,virtual_card_not_working
616,56,card_linking,getting_spare_card,getting_virtual_card
616,57,card_linking,card_arrival,card_arrival
616,58,card_linking,card_linking,getting_virtual_card
616,59,card_linking,card_linking,card_linking
616,60,card_linking,getting_virtual_card,getting_virtual_card
616,61,card_linking,card_linking,card_arrival
616,62,card_linking,activate_my_card,verify_source_of_funds
616,63,card_linking,card_linking,getting_virtual_card
616,64,card_linking,card_linking,lost_or_stolen_phone
616,65,card_linking,getting_spare_card,getting_virtual_card
616,66,card_linking,card_arrival,card_payment_not_recognised
616,67,card_linking,getting_spare_card,getting_virtual_card
616,68,card_linking,card_linking,getting_virtual_card
616,69,card_linking,card_arrival,getting_virtual_card
616,70,card_linking,card_about_to_expire,getting_virtual_card
616,71,card_linking,card_linking,card_linking
616,72,card_linking,card_linking,card_linking
616,73,card_linking,card_linking,getting_virtual_card
616,74,card_linking,card_linking,card_acceptance
616,75,card_linking,card_linking,card_linking
616,76,card_linking,card_linking,card_linking
616,77,card_linking,getting_spare_card,getting_virtual_card
616,78,card_linking,activate_my_card,getting_virtual_card
616,79,card_linking,getting_spare_card,order_physical_card
616,80,exchange_rate,exchange_rate,exchange_rate
616,81,exchange_rate,exchange_rate,exchange_rate
616,82,exchange_rate,exchange_rate,exchange_rate
616,83,exchange_rate,exchange_rate,exchange_rate
616,84,exchange_rate,exchange_rate,exchange_rate
616,85,exchange_rate,exchange_rate,exchange_rate
616,86,exchange_rate,exchange_rate,exchange_rate
616,87,exchange_rate,exchange_rate,exchange_rate
616,88,exchange_rate,exchange_rate,exchange_rate
616,89,exchange_rate,exchange_rate,exchange_rate
616,90,exchange_rate,exchange_rate,exchange_rate
616,91,exchange_rate,exchange_rate,exchange_rate
616,92,exchange_rate,exchange_rate,exchange_rate
616,93,exchange_rate,exchange_charge,exchange_rate
616,94,exchange_rate,exchange_rate,exchange_rate
616,95,exchange_rate,exchange_rate,exchange_rate
616,96,exchange_rate,exchange_rate,exchange_rate
616,97,exchange_rate,exchange_rate,exchange_rate
616,98,exchange_rate,exchange_rate,exchange_rate
616,99,exchange_rate,exchange_rate,exchange_rate
616,100,exchange_rate,exchange_rate,exchange_rate
616,101,exchange_rate,exchange_rate,exchange_rate
616,102,exchange_rate,exchange_rate,exchange_rate
616,103,exchange_rate,exchange_rate,exchange_rate
616,104,exchange_rate,exchange_rate,exchange_rate
616,105,exchange_rate,exchange_rate,exchange_rate
616,106,exchange_rate,exchange_rate,exchange_rate
616,107,exchange_rate,exchange_rate,exchange_rate
616,108,exchange_rate,exchange_rate,exchange_rate
616,109,exchange_rate,exchange_rate,exchange_rate
616,110,exchange_rate,exchange_rate,exchange_rate
616,111,exchange_rate,exchange_rate,exchange_rate
616,112,exchange_rate,exchange_rate,exchange_rate
616,113,exchange_rate,exchange_rate,exchange_rate
616,114,exchange_rate,exchange_rate,exchange_rate
616,115,exchange_rate,exchange_rate,exchange_rate
616,116,exchange_rate,exchange_rate,exchange_rate
616,117,exchange_rate,exchange_rate,exchange_rate
616,118,exchange_rate,exchange_rate,exchange_rate
616,119,exchange_rate,exchange_rate,exchange_rate
616,120,card_payment_wrong_exchange_rate,card_payment_wrong_exchange_rate,card_payment_wrong_exchange_rate
616,121,card_payment_wrong_exchange_rate,card_payment_wrong_exchange_rate,card_payment_wrong_exchange_rate
616,122,card_payment_wrong_exchange_rate,card_payment_wrong_exchange_rate,card_payment_wrong_exchange_rate
616,123,card_payment_wrong_exchange_rate,card_payment_wrong_exchange_rate,card_payment_wrong_exchange_rate
616,124,card_payment_wrong_exchange_rate,card_payment_wrong_exchange_rate,card_payment_wrong_exchange_rate
616,125,card_payment_wrong_exchange_rate,card_payment_wrong_exchange_rate,exchange_rate
616,126,card_payment_wrong_exchange_rate,card_payment_wrong_exchange_rate,card_payment_wrong_exchange_rate
616,127,card_payment_wrong_exchange_rate,card_payment_wrong_exchange_rate,card_payment_wrong_exchange_rate
616,128,card_payment_wrong_exchange_rate,card_payment_wrong_exchange_rate,card_payment_wrong_exchange_rate
616,129,card_payment_wrong_exchange_rate,card_payment_wrong_exchange_rate,card_payment_wrong_exchange_rate
616,130,card_payment_wrong_exchange_rate,card_payment_wrong_exchange_rate,card_payment_wrong_exchange_rate
616,131,card_payment_wrong_exchange_rate,card_payment_wrong_exchange_rate,card_payment_wrong_exchange_rate
616,132,card_payment_wrong_exchange_rate,card_payment_wrong_exchange_rate,card_payment_wrong_exchange_rate
616,133,card_payment_wrong_exchange_rate,card_payment_wrong_exchange_rate,card_payment_wrong_exchange_rate
616,134,card_payment_wrong_exchange_rate,card_payment_wrong_exchange_rate,card_payment_wrong_exchange_rate
616,135,card_payment_wrong_exchange_rate,card_payment_wrong_exchange_rate,card_payment_wrong_exchange_rate
616,136,card_payment_wrong_exchange_rate,card_payment_wrong_exchange_rate,card_payment_wrong_exchange_rate
616,137,card_payment_wrong_exchange_rate,card_payment_wrong_exchange_rate,card_payment_wrong_exchange_rate
616,138,card_payment_wrong_exchange_rate,transfer_fee_charged,transfer_fee_charged
616,139,card_payment_wrong_exchange_rate,card_payment_wrong_exchange_rate,card_payment_wrong_exchange_rate
616,140,card_payment_wrong_exchange_rate,card_payment_wrong_exchange_rate,card_payment_wrong_exchange_rate
616,141,card_payment_wrong_exchange_rate,card_payment_wrong_exchange_rate,card_payment_wrong_exchange_rate
616,142,card_payment_wrong_exchange_rate,card_payment_wrong_exchange_rate,card_payment_wrong_exchange_rate
616,143,card_payment_wrong_exchange_rate,card_payment_wrong_exchange_rate,card_payment_wrong_exchange_rate
616,144,card_payment_wrong_exchange_rate,card_payment_wrong_exchange_rate,card_payment_wrong_exchange_rate
616,145,card_payment_wrong_exchange_rate,card_payment_wrong_exchange_rate,exchange_rate
616,146,card_payment_wrong_exchange_rate,card_payment_wrong_exchange_rate,card_payment_wrong_exchange_rate
616,147,card_payment_wrong_exchange_rate,card_payment_wrong_exchange_rate,exchange_rate
616,148,card_payment_wrong_exchange_rate,card_payment_wrong_exchange_rate,card_payment_wrong_exchange_rate
616,149,card_payment_wrong_exchange_rate,card_payment_wrong_exchange_rate,card_payment_wrong_exchange_rate
616,150,card_payment_wrong_exchange_rate,card_payment_wrong_exchange_rate,card_payment_wrong_exchange_rate
616,151,card_payment_wrong_exchange_rate,card_payment_wrong_exchange_rate,card_payment_wrong_exchange_rate
616,152,card_payment_wrong_exchange_rate,card_payment_wrong_exchange_rate,card_payment_wrong_exchange_rate
616,153,card_payment_wrong_exchange_rate,card_payment_wrong_exchange_rate,card_payment_wrong_exchange_rate
616,154,card_payment_wrong_exchange_rate,card_payment_wrong_exchange_rate,card_payment_wrong_exchange_rate
616,155,card_payment_wrong_exchange_rate,card_payment_wrong_exchange_rate,card_payment_wrong_exchange_rate
616,156,card_payment_wrong_exchange_rate,exchange_rate,exchange_rate
616,157,card_payment_wrong_exchange_rate,card_payment_wrong_exchange_rate,card_payment_wrong_exchange_rate
616,158,card_payment_wrong_exchange_rate,card_payment_wrong_exchange_rate,card_payment_wrong_exchange_rate
616,159,card_payment_wrong_exchange_rate,card_payment_wrong_exchange_rate,card_payment_wrong_exchange_rate
616,160,extra_charge_on_statement,extra_charge_on_statement,card_payment_not_recognised
616,161,extra_charge_on_statement,extra_charge_on_statement,cash_withdrawal_charge
616,162,extra_charge_on_statement,extra_charge_on_statement,card_payment_wrong_exchange_rate
616,163,extra_charge_on_statement,cash_withdrawal_charge,cash_withdrawal_charge
616,164,extra_charge_on_statement,direct_debit_payment_not_recognised,card_payment_wrong_exchange_rate
616,165,extra_charge_on_statement,request_refund,request_refund
616,166,extra_charge_on_statement,extra_charge_on_statement,exchange_rate
616,167,extra_charge_on_statement,extra_charge_on_statement,extra_charge_on_statement
616,168,extra_charge_on_statement,extra_charge_on_statement,transfer_fee_charged
616,169,extra_charge_on_statement,extra_charge_on_statement,verify_source_of_funds
616,170,extra_charge_on_statement,extra_charge_on_statement,extra_charge_on_statement
616,171,extra_charge_on_statement,extra_charge_on_statement,extra_charge_on_statement
616,172,extra_charge_on_statement,transfer_not_received_by_recipient,verify_source_of_funds
616,173,extra_charge_on_statement,transfer_fee_charged,exchange_rate
616,174,extra_charge_on_statement,extra_charge_on_statement,extra_charge_on_statement
616,175,extra_charge_on_statement,extra_charge_on_statement,extra_charge_on_statement
616,176,extra_charge_on_statement,extra_charge_on_statement,extra_charge_on_statement
616,177,extra_charge_on_statement,card_payment_fee_charged,card_payment_fee_charged
616,178,extra_charge_on_statement,card_payment_fee_charged,cash_withdrawal_charge
616,179,extra_charge_on_statement,extra_charge_on_statement,transfer_fee_charged
616,180,extra_charge_on_statement,transfer_fee_charged,exchange_rate
616,181,extra_charge_on_statement,extra_charge_on_statement,transfer_fee_charged
616,182,extra_charge_on_statement,extra_charge_on_statement,verify_source_of_funds
616,183,extra_charge_on_statement,transfer_fee_charged,transfer_fee_charged
616,184,extra_charge_on_statement,transfer_fee_charged,transfer_fee_charged
616,185,extra_charge_on_statement,transfer_fee_charged,transfer_fee_charged
616,186,extra_charge_on_statement,extra_charge_on_statement,card_payment_not_recognised
616,187,extra_charge_on_statement,extra_charge_on_statement,transfer_fee_charged
616,188,extra_charge_on_statement,extra_charge_on_statement,exchange_rate
616,189,extra_charge_on_statement,extra_charge_on_statement,extra_charge_on_statement
616,190,extra_charge_on_statement,extra_charge_on_statement,card_payment_wrong_exchange_rate
616,191,extra_charge_on_statement,extra_charge_on_statement,card_payment_wrong_exchange_rate
616,192,extra_charge_on_statement,pending_card_payment,card_payment_not_recognised
616,193,extra_charge_on_statement,extra_charge_on_statement,transfer_fee_charged
616,194,extra_charge_on_statement,extra_charge_on_statement,extra_charge_on_statement
616,195,extra_charge_on_statement,extra_charge_on_statement,extra_charge_on_statement
616,196,extra_charge_on_statement,pending_card_payment,card_payment_wrong_exchange_rate
616,197,extra_charge_on_statement,top_up_by_bank_transfer_charge,top_up_by_bank_transfer_charge
616,198,extra_charge_on_statement,extra_charge_on_statement,extra_charge_on_statement
616,199,extra_charge_on_statement,extra_charge_on_statement,cash_withdrawal_charge
616,200,pending_cash_withdrawal,pending_cash_withdrawal,pending_cash_withdrawal
616,201,pending_cash_withdrawal,pending_cash_withdrawal,declined_cash_withdrawal
616,202,pending_cash_withdrawal,pending_cash_withdrawal,pending_cash_withdrawal
616,203,pending_cash_withdrawal,pending_cash_withdrawal,pending_cash_withdrawal
616,204,pending_cash_withdrawal,cash_withdrawal_charge,exchange_rate
616,205,pending_cash_withdrawal,pending_cash_withdrawal,pending_cash_withdrawal
616,206,pending_cash_withdrawal,pending_cash_withdrawal,declined_cash_withdrawal
616,207,pending_cash_withdrawal,pending_cash_withdrawal,pending_cash_withdrawal
616,208,pending_cash_withdrawal,pending_cash_withdrawal,pending_cash_withdrawal
616,209,pending_cash_withdrawal,cash_withdrawal_charge,exchange_rate
616,210,pending_cash_withdrawal,pending_cash_withdrawal,declined_cash_withdrawal
616,211,pending_cash_withdrawal,pending_cash_withdrawal,pending_cash_withdrawal
616,212,pending_cash_withdrawal,pending_cash_withdrawal,declined_cash_withdrawal
616,213,pending_cash_withdrawal,pending_cash_withdrawal,declined_cash_withdrawal
616,214,pending_cash_withdrawal,declined_cash_withdrawal,declined_cash_withdrawal
616,215,pending_cash_withdrawal,pending_cash_withdrawal,pending_cash_withdrawal
616,216,pending_cash_withdrawal,pending_card_payment,verify_source_of_funds
616,217,pending_cash_withdrawal,pending_cash_withdrawal,pending_cash_withdrawal
616,218,pending_cash_withdrawal,pending_cash_withdrawal,declined_cash_withdrawal
616,219,pending_cash_withdrawal,pending_cash_withdrawal,pending_cash_withdrawal
616,220,pending_cash_withdrawal,pending_cash_withdrawal,pending_cash_withdrawal
616,221,pending_cash_withdrawal,pending_cash_withdrawal,cash_withdrawal_not_recognised
616,222,pending_cash_withdrawal,balance_not_updated_after_cheque_or_cash_deposit,balance_not_updated_after_cheque_or_cash_deposit
616,223,pending_cash_withdrawal,pending_cash_withdrawal,pending_cash_withdrawal
616,224,pending_cash_withdrawal,pending_cash_withdrawal,pending_cash_withdrawal
616,225,pending_cash_withdrawal,pending_cash_withdrawal,declined_cash_withdrawal
616,226,pending_cash_withdrawal,pending_cash_withdrawal,declined_cash_withdrawal
616,227,pending_cash_withdrawal,pending_cash_withdrawal,pending_cash_withdrawal
616,228,pending_cash_withdrawal,pending_cash_withdrawal,pending_cash_withdrawal
616,229,pending_cash_withdrawal,pending_cash_withdrawal,pending_cash_withdrawal
616,230,pending_cash_withdrawal,pending_cash_withdrawal,pending_cash_withdrawal
616,231,pending_cash_withdrawal,pending_cash_withdrawal,pending_cash_withdrawal
616,232,pending_cash_withdrawal,pending_cash_withdrawal,declined_cash_withdrawal
616,233,pending_cash_withdrawal,pending_cash_withdrawal,pending_cash_withdrawal
616,234,pending_cash_withdrawal,pending_cash_withdrawal,pending_cash_withdrawal
616,235,pending_cash_withdrawal,cash_withdrawal_not_recognised,verify_source_of_funds
616,236,pending_cash_withdrawal,cash_withdrawal_charge,declined_cash_withdrawal
616,237,pending_cash_withdrawal,transfer_timing,transfer_not_received_by_recipient
616,238,pending_cash_withdrawal,pending_cash_withdrawal,pending_cash_withdrawal
616,239,pending_cash_withdrawal,pending_cash_withdrawal,pending_cash_withdrawal
616,240,fiat_currency_support,fiat_currency_support,verify_source_of_funds
616,241,fiat_currency_support,exchange_via_app,verify_source_of_funds
616,242,fiat_currency_support,fiat_currency_support,fiat_currency_support
616,243,fiat_currency_support,fiat_currency_support,fiat_currency_support
616,244,fiat_currency_support,fiat_currency_support,fiat_currency_support
616,245,fiat_currency_support,fiat_currency_support,exchange_rate
616,246,fiat_currency_support,pending_card_payment,declined_cash_withdrawal
616,247,fiat_currency_support,exchange_via_app,exchange_rate
616,248,fiat_currency_support,fiat_currency_support,fiat_currency_support
616,249,fiat_currency_support,fiat_currency_support,fiat_currency_support
616,250,fiat_currency_support,exchange_via_app,exchange_rate
616,251,fiat_currency_support,fiat_currency_support,fiat_currency_support
616,252,fiat_currency_support,exchange_via_app,exchange_rate
616,253,fiat_currency_support,fiat_currency_support,fiat_currency_support
616,254,fiat_currency_support,fiat_currency_support,exchange_rate
616,255,fiat_currency_support,exchange_via_app,exchange_rate
616,256,fiat_currency_support,fiat_currency_support,fiat_currency_support
616,257,fiat_currency_support,fiat_currency_support,fiat_currency_support
616,258,fiat_currency_support,exchange_rate,exchange_rate
616,259,fiat_currency_support,fiat_currency_support,fiat_currency_support
616,260,fiat_currency_support,fiat_currency_support,fiat_currency_support
616,261,fiat_currency_support,exchange_rate,exchange_rate
616,262,fiat_currency_support,exchange_rate,exchange_rate
616,263,fiat_currency_support,fiat_currency_support,exchange_rate
616,264,fiat_currency_support,exchange_via_app,exchange_via_app
616,265,fiat_currency_support,exchange_via_app,exchange_rate
616,266,fiat_currency_support,fiat_currency_support,fiat_currency_support
616,267,fiat_currency_support,fiat_currency_support,exchange_rate
616,268,fiat_currency_support,exchange_rate,exchange_rate
616,269,fiat_currency_support,fiat_currency_support,fiat_currency_support
616,270,fiat_currency_support,fiat_currency_support,fiat_currency_support
616,271,fiat_currency_support,exchange_via_app,exchange_via_app
616,272,fiat_currency_support,fiat_currency_support,fiat_currency_support
616,273,fiat_currency_support,fiat_currency_support,fiat_currency_support
616,274,fiat_currency_support,fiat_currency_support,exchange_rate
616,275,fiat_currency_support,fiat_currency_support,exchange_rate
616,276,fiat_currency_support,exchange_rate,exchange_rate
616,277,fiat_currency_support,fiat_currency_support,fiat_currency_support
616,278,fiat_currency_support,fiat_currency_support,exchange_rate
616,279,fiat_currency_support,exchange_via_app,exchange_rate
616,280,card_delivery_estimate,lost_or_stolen_card,card_delivery_estimate
616,281,card_delivery_estimate,lost_or_stolen_card,lost_or_stolen_card
616,282,card_delivery_estimate,lost_or_stolen_card,card_delivery_estimate
616,283,card_delivery_estimate,transfer_timing,transfer_timing
616,284,card_delivery_estimate,card_delivery_estimate,card_delivery_estimate
616,285,card_delivery_estimate,card_delivery_estimate,card_delivery_estimate
616,286,card_delivery_estimate,transfer_timing,transfer_timing
616,287,card_delivery_estimate,transfer_timing,transfer_timing
616,288,card_delivery_estimate,card_delivery_estimate,card_delivery_estimate
616,289,card_delivery_estimate,card_delivery_estimate,card_delivery_estimate
616,290,card_delivery_estimate,card_delivery_estimate,transfer_timing
616,291,card_delivery_estimate,transfer_timing,transfer_timing
616,292,card_delivery_estimate,card_arrival,order_physical_card
616,293,card_delivery_estimate,card_delivery_estimate,exchange_rate
616,294,card_delivery_estimate,card_delivery_estimate,card_delivery_estimate
616,295,card_delivery_estimate,card_delivery_estimate,visa_or_mastercard
616,296,card_delivery_estimate,card_delivery_estimate,request_refund
616,297,card_delivery_estimate,card_delivery_estimate,card_delivery_estimate
616,298,card_delivery_estimate,card_delivery_estimate,card_delivery_estimate
616,299,card_delivery_estimate,card_delivery_estimate,card_delivery_estimate
616,300,card_delivery_estimate,card_delivery_estimate,exchange_rate
616,301,card_delivery_estimate,card_delivery_estimate,card_delivery_estimate
616,302,card_delivery_estimate,card_delivery_estimate,card_delivery_estimate
616,303,card_delivery_estimate,card_delivery_estimate,card_delivery_estimate
616,304,card_delivery_estimate,card_delivery_estimate,card_delivery_estimate
616,305,card_delivery_estimate,card_arrival,card_delivery_estimate
616,306,card_delivery_estimate,card_delivery_estimate,order_physical_card
616,307,card_delivery_estimate,transfer_timing,transfer_timing
616,308,card_delivery_estimate,card_about_to_expire,card_arrival
616,309,card_delivery_estimate,card_delivery_estimate,card_delivery_estimate
616,310,card_delivery_estimate,card_delivery_estimate,card_delivery_estimate
616,311,card_delivery_estimate,card_delivery_estimate,card_delivery_estimate
616,312,card_delivery_estimate,card_arrival,card_delivery_estimate
616,313,card_delivery_estimate,card_delivery_estimate,card_delivery_estimate
616,314,card_delivery_estimate,card_delivery_estimate,card_delivery_estimate
616,315,card_delivery_estimate,card_delivery_estimate,exchange_rate
616,316,card_delivery_estimate,card_arrival,card_delivery_estimate
616,317,card_delivery_estimate,card_delivery_estimate,request_refund
616,318,card_delivery_estimate,card_arrival,card_arrival
616,319,card_delivery_estimate,card_delivery_estimate,automatic_top_up
616,320,automatic_top_up,automatic_top_up,automatic_top_up
616,321,automatic_top_up,top_up_limits,top_up_limits
616,322,automatic_top_up,automatic_top_up,automatic_top_up
616,323,automatic_top_up,automatic_top_up,automatic_top_up
616,324,automatic_top_up,automatic_top_up,automatic_top_up
616,325,automatic_top_up,top_up_limits,verify_source_of_funds
616,326,automatic_top_up,top_up_limits,automatic_top_up
616,327,automatic_top_up,automatic_top_up,automatic_top_up
616,328,automatic_top_up,automatic_top_up,automatic_top_up
616,329,automatic_top_up,automatic_top_up,automatic_top_up
616,330,automatic_top_up,automatic_top_up,automatic_top_up
616,331,automatic_top_up,pending_top_up,contactless_not_working
616,332,automatic_top_up,automatic_top_up,automatic_top_up
616,333,automatic_top_up,verify_top_up,exchange_rate
616,334,automatic_top_up,top_up_limits,top_up_limits
616,335,automatic_top_up,automatic_top_up,automatic_top_up
616,336,automatic_top_up,top_up_limits,top_up_limits
616,337,automatic_top_up,top_up_limits,top_up_limits
616,338,automatic_top_up,automatic_top_up,automatic_top_up
616,339,automatic_top_up,getting_virtual_card,getting_virtual_card
616,340,automatic_top_up,top_up_limits,top_up_limits
616,341,automatic_top_up,automatic_top_up,automatic_top_up
616,342,automatic_top_up,automatic_top_up,automatic_top_up
616,343,automatic_top_up,automatic_top_up,automatic_top_up
616,344,automatic_top_up,automatic_top_up,automatic_top_up
616,345,automatic_top_up,transfer_timing,verify_source_of_funds
616,346,automatic_top_up,top_up_limits,verify_source_of_funds
616,347,automatic_top_up,automatic_top_up,automatic_top_up
616,348,automatic_top_up,automatic_top_up,automatic_top_up
616,349,automatic_top_up,automatic_top_up,automatic_top_up
616,350,automatic_top_up,automatic_top_up,verify_source_of_funds
616,351,automatic_top_up,top_up_limits,top_up_limits
616,352,automatic_top_up,top_up_limits,automatic_top_up
616,353,automatic_top_up,automatic_top_up,automatic_top_up
616,354,automatic_top_up,automatic_top_up,automatic_top_up
616,355,automatic_top_up,automatic_top_up,automatic_top_up
616,356,automatic_top_up,automatic_top_up,automatic_top_up
616,357,automatic_top_up,top_up_limits,automatic_top_up
616,358,automatic_top_up,top_up_limits,top_up_limits
616,359,automatic_top_up,automatic_top_up,automatic_top_up
616,360,card_not_working,declined_card_payment,contactless_not_working
616,361,card_not_working,card_not_working,card_not_working
616,362,card_not_working,card_not_working,card_not_working
616,363,card_not_working,card_not_working,virtual_card_not_working
616,364,card_not_working,card_swallowed,declined_card_payment
616,365,card_not_working,card_not_working,card_not_working
616,366,card_not_working,card_not_working,declined_card_payment
616,367,card_not_working,declined_card_payment,declined_card_payment
616,368,card_not_working,card_linking,card_linking
616,369,card_not_working,card_not_working,card_not_working
616,370,card_not_working,getting_virtual_card,getting_virtual_card
616,371,card_not_working,card_not_working,declined_card_payment
616,372,card_not_working,card_not_working,card_not_working
616,373,card_not_working,card_not_working,card_not_working
616,374,card_not_working,card_not_working,card_not_working
616,375,card_not_working,card_not_working,declined_card_payment
616,376,card_not_working,card_not_working,card_not_working
616,377,card_not_working,declined_card_payment,declined_card_payment
616,378,card_not_working,card_not_working,card_not_working
616,379,card_not_working,card_not_working,virtual_card_not_working
616,380,card_not_working,card_not_working,card_not_working
616,381,card_not_working,card_not_working,card_not_working
616,382,card_not_working,lost_or_stolen_card,card_not_working
616,383,card_not_working,card_not_working,declined_card_payment
616,384,card_not_working,lost_or_stolen_card,card_not_working
616,385,card_not_working,card_not_working,card_not_working
616,386,card_not_working,card_not_working,declined_card_payment
616,387,card_not_working,card_swallowed,contactless_not_working
616,388,card_not_working,card_not_working,card_not_working
616,389,card_not_working,card_not_working,declined_card_payment
616,390,card_not_working,card_not_working,card_not_working
616,391,card_not_working,card_not_working,card_not_working
616,392,card_not_working,card_swallowed,declined_card_payment
616,393,card_not_working,declined_card_payment,contactless_not_working
616,394,card_not_working,card_not_working,card_not_working
616,395,card_not_working,declined_card_payment,declined_card_payment
616,396,card_not_working,card_arrival,card_arrival
616,397,card_not_working,declined_card_payment,declined_card_payment
616,398,card_not_working,virtual_card_not_working,virtual_card_not_working
616,399,card_not_working,card_not_working,contactless_not_working
616,400,exchange_via_app,exchange_via_app,exchange_via_app
616,401,exchange_via_app,exchange_via_app,exchange_rate
616,402,exchange_via_app,exchange_via_app,exchange_via_app
616,403,exchange_via_app,exchange_rate,exchange_rate
616,404,exchange_via_app,exchange_via_app,exchange_via_app
616,405,exchange_via_app,exchange_via_app,exchange_via_app
616,406,exchange_via_app,exchange_via_app,exchange_rate
616,407,exchange_via_app,exchange_via_app,exchange_via_app
616,408,exchange_via_app,exchange_via_app,exchange_rate
616,409,exchange_via_app,exchange_via_app,exchange_rate
616,410,exchange_via_app,exchange_via_app,exchange_rate
616,411,exchange_via_app,exchange_via_app,exchange_rate
616,412,exchange_via_app,exchange_via_app,exchange_rate
616,413,exchange_via_app,exchange_via_app,verify_source_of_funds
616,414,exchange_via_app,exchange_via_app,exchange_via_app
616,415,exchange_via_app,exchange_via_app,exchange_rate
616,416,exchange_via_app,verify_source_of_funds,verify_source_of_funds
616,417,exchange_via_app,exchange_via_app,exchange_via_app
616,418,exchange_via_app,exchange_via_app,exchange_via_app
616,419,exchange_via_app,receiving_money,exchange_rate
616,420,exchange_via_app,exchange_via_app,exchange_rate
616,421,exchange_via_app,receiving_money,exchange_rate
616,422,exchange_via_app,exchange_via_app,exchange_via_app
616,423,exchange_via_app,receiving_money,exchange_rate
616,424,exchange_via_app,exchange_via_app,exchange_rate
616,425,exchange_via_app,exchange_via_app,exchange_via_app
616,426,exchange_via_app,exchange_via_app,exchange_via_app
616,427,exchange_via_app,receiving_money,exchange_rate
616,428,exchange_via_app,exchange_via_app,exchange_rate
616,429,exchange_via_app,exchange_via_app,exchange_via_app
616,430,exchange_via_app,exchange_via_app,exchange_via_app
616,431,exchange_via_app,exchange_via_app,exchange_rate
616,432,exchange_via_app,exchange_via_app,exchange_via_app
616,433,exchange_via_app,exchange_via_app,exchange_via_app
616,434,exchange_via_app,exchange_via_app,exchange_rate
616,435,exchange_via_app,receiving_money,verify_source_of_funds
616,436,exchange_via_app,exchange_via_app,exchange_rate
616,437,exchange_via_app,exchange_via_app,exchange_via_app
616,438,exchange_via_app,exchange_via_app,exchange_via_app
616,439,exchange_via_app,exchange_via_app,exchange_via_app
616,440,lost_or_stolen_card,card_swallowed,card_swallowed
616,441,lost_or_stolen_card,lost_or_stolen_card,lost_or_stolen_card
616,442,lost_or_stolen_card,lost_or_stolen_card,lost_or_stolen_card
616,443,lost_or_stolen_card,lost_or_stolen_card,lost_or_stolen_card
616,444,lost_or_stolen_card,lost_or_stolen_card,lost_or_stolen_card
616,445,lost_or_stolen_card,lost_or_stolen_card,lost_or_stolen_card
616,446,lost_or_stolen_card,lost_or_stolen_card,lost_or_stolen_card
616,447,lost_or_stolen_card,lost_or_stolen_card,lost_or_stolen_card
616,448,lost_or_stolen_card,lost_or_stolen_card,lost_or_stolen_card
616,449,lost_or_stolen_card,lost_or_stolen_card,lost_or_stolen_card
616,450,lost_or_stolen_card,lost_or_stolen_card,lost_or_stolen_card
616,451,lost_or_stolen_card,lost_or_stolen_card,lost_or_stolen_card
616,452,lost_or_stolen_card,lost_or_stolen_card,lost_or_stolen_card
616,453,lost_or_stolen_card,verify_my_identity,verify_source_of_funds
616,454,lost_or_stolen_card,lost_or_stolen_card,declined_cash_withdrawal
616,455,lost_or_stolen_card,lost_or_stolen_card,lost_or_stolen_card
616,456,lost_or_stolen_card,lost_or_stolen_card,lost_or_stolen_card
616,457,lost_or_stolen_card,lost_or_stolen_card,lost_or_stolen_card
616,458,lost_or_stolen_card,lost_or_stolen_card,lost_or_stolen_card
616,459,lost_or_stolen_card,lost_or_stolen_card,lost_or_stolen_card
616,460,lost_or_stolen_card,lost_or_stolen_card,lost_or_stolen_card
616,461,lost_or_stolen_card,compromised_card,compromised_card
616,462,lost_or_stolen_card,lost_or_stolen_card,lost_or_stolen_card
616,463,lost_or_stolen_card,lost_or_stolen_card,lost_or_stolen_card
616,464,lost_or_stolen_card,lost_or_stolen_card,lost_or_stolen_card
616,465,lost_or_stolen_card,lost_or_stolen_card,lost_or_stolen_card
616,466,lost_or_stolen_card,lost_or_stolen_card,lost_or_stolen_card
616,467,lost_or_stolen_card,lost_or_stolen_card,lost_or_stolen_card
616,468,lost_or_stolen_card,lost_or_stolen_card,lost_or_stolen_card
616,469,lost_or_stolen_card,lost_or_stolen_card,lost_or_stolen_card
616,470,lost_or_stolen_card,lost_or_stolen_card,lost_or_stolen_card
616,471,lost_or_stolen_card,lost_or_stolen_card,lost_or_stolen_card
616,472,lost_or_stolen_card,lost_or_stolen_card,lost_or_stolen_card
616,473,lost_or_stolen_card,lost_or_stolen_card,lost_or_stolen_card
616,474,lost_or_stolen_card,lost_or_stolen_card,lost_or_stolen_card
616,475,lost_or_stolen_card,lost_or_stolen_card,lost_or_stolen_card
616,476,lost_or_stolen_card,lost_or_stolen_card,lost_or_stolen_card
616,477,lost_or_stolen_card,card_arrival,card_arrival
616,478,lost_or_stolen_card,lost_or_stolen_card,lost_or_stolen_card
616,479,lost_or_stolen_card,lost_or_stolen_card,lost_or_stolen_card
616,480,age_limit,age_limit,age_limit
616,481,age_limit,age_limit,age_limit
616,482,age_limit,age_limit,age_limit
616,483,age_limit,age_limit,age_limit
616,484,age_limit,age_limit,exchange_rate
616,485,age_limit,age_limit,age_limit
616,486,age_limit,age_limit,age_limit
616,487,age_limit,age_limit,age_limit
616,488,age_limit,age_limit,age_limit
616,489,age_limit,age_limit,age_limit
616,490,age_limit,age_limit,age_limit
616,491,age_limit,age_limit,age_limit
616,492,age_limit,age_limit,age_limit
616,493,age_limit,age_limit,age_limit
616,494,age_limit,age_limit,age_limit
616,495,age_limit,age_limit,age_limit
616,496,age_limit,age_limit,age_limit
616,497,age_limit,age_limit,age_limit
616,498,age_limit,age_limit,age_limit
616,499,age_limit,age_limit,age_limit
616,500,age_limit,age_limit,age_limit
616,501,age_limit,age_limit,age_limit
616,502,age_limit,age_limit,age_limit
616,503,age_limit,age_limit,age_limit
616,504,age_limit,age_limit,age_limit
616,505,age_limit,age_limit,age_limit
616,506,age_limit,age_limit,age_limit
616,507,age_limit,age_limit,age_limit
616,508,age_limit,age_limit,age_limit
616,509,age_limit,age_limit,age_limit
616,510,age_limit,age_limit,age_limit
616,511,age_limit,age_limit,age_limit
616,512,age_limit,age_limit,age_limit
616,513,age_limit,age_limit,age_limit
616,514,age_limit,age_limit,age_limit
616,515,age_limit,age_limit,age_limit
616,516,age_limit,age_limit,age_limit
616,517,age_limit,age_limit,age_limit
616,518,age_limit,age_limit,age_limit
616,519,age_limit,age_limit,age_limit
616,520,pin_blocked,get_physical_card,getting_virtual_card
616,521,pin_blocked,get_physical_card,get_physical_card
616,522,pin_blocked,pin_blocked,contactless_not_working
616,523,pin_blocked,pin_blocked,pin_blocked
616,524,pin_blocked,pin_blocked,pin_blocked
616,525,pin_blocked,passcode_forgotten,virtual_card_not_working
616,526,pin_blocked,lost_or_stolen_card,lost_or_stolen_card
616,527,pin_blocked,get_physical_card,virtual_card_not_working
616,528,pin_blocked,pin_blocked,pin_blocked
616,529,pin_blocked,pin_blocked,contactless_not_working
616,530,pin_blocked,pin_blocked,pin_blocked
616,531,pin_blocked,pin_blocked,pin_blocked
616,532,pin_blocked,pin_blocked,pin_blocked
616,533,pin_blocked,pin_blocked,contactless_not_working
616,534,pin_blocked,card_swallowed,declined_cash_withdrawal
616,535,pin_blocked,pin_blocked,pin_blocked
616,536,pin_blocked,pin_blocked,contactless_not_working
616,537,pin_blocked,card_swallowed,card_swallowed
616,538,pin_blocked,card_linking,card_linking
616,539,pin_blocked,pin_blocked,contactless_not_working
616,540,pin_blocked,pin_blocked,pin_blocked
616,541,pin_blocked,get_physical_card,lost_or_stolen_card
616,542,pin_blocked,passcode_forgotten,unable_to_verify_identity
616,543,pin_blocked,declined_card_payment,contactless_not_working
616,544,pin_blocked,pin_blocked,pin_blocked
616,545,pin_blocked,pin_blocked,contactless_not_working
616,546,pin_blocked,pin_blocked,pin_blocked
616,547,pin_blocked,pin_blocked,contactless_not_working
616,548,pin_blocked,pin_blocked,pin_blocked
616,549,pin_blocked,pin_blocked,pin_blocked
616,550,pin_blocked,pin_blocked,contactless_not_working
616,551,pin_blocked,change_pin,change_pin
616,552,pin_blocked,pin_blocked,pin_blocked
616,553,pin_blocked,pin_blocked,pin_blocked
616,554,pin_blocked,pin_blocked,pin_blocked
616,555,pin_blocked,lost_or_stolen_card,lost_or_stolen_card
616,556,pin_blocked,pin_blocked,pin_blocked
616,557,pin_blocked,pin_blocked,contactless_not_working
616,558,pin_blocked,get_physical_card,contactless_not_working
616,559,pin_blocked,get_physical_card,contactless_not_working
616,560,contactless_not_working,contactless_not_working,contactless_not_working
616,561,contactless_not_working,contactless_not_working,contactless_not_working
616,562,contactless_not_working,activate_my_card,card_acceptance
616,563,contactless_not_working,contactless_not_working,contactless_not_working
616,564,contactless_not_working,contactless_not_working,contactless_not_working
616,565,contactless_not_working,contactless_not_working,contactless_not_working
616,566,contactless_not_working,contactless_not_working,contactless_not_working
616,567,contactless_not_working,contactless_not_working,contactless_not_working
616,568,contactless_not_working,contactless_not_working,contactless_not_working
616,569,contactless_not_working,contactless_not_working,contactless_not_working
616,570,contactless_not_working,contactless_not_working,contactless_not_working
616,571,contactless_not_working,contactless_not_working,contactless_not_working
616,572,contactless_not_working,contactless_not_working,contactless_not_working
616,573,contactless_not_working,contactless_not_working,contactless_not_working
616,574,contactless_not_working,contactless_not_working,contactless_not_working
616,575,contactless_not_working,contactless_not_working,contactless_not_working
616,576,contactless_not_working,contactless_not_working,contactless_not_working
616,577,contactless_not_working,contactless_not_working,contactless_not_working
616,578,contactless_not_working,contactless_not_working,contactless_not_working
616,579,contactless_not_working,contactless_not_working,contactless_not_working
616,580,contactless_not_working,contactless_not_working,contactless_not_working
616,581,contactless_not_working,contactless_not_working,contactless_not_working
616,582,contactless_not_working,contactless_not_working,contactless_not_working
616,583,contactless_not_working,virtual_card_not_working,contactless_not_working
616,584,contactless_not_working,contactless_not_working,contactless_not_working
616,585,contactless_not_working,contactless_not_working,contactless_not_working
616,586,contactless_not_working,top_up_by_card_charge,order_physical_card
616,587,contactless_not_working,contactless_not_working,contactless_not_working
616,588,contactless_not_working,contactless_not_working,contactless_not_working
616,589,contactless_not_working,contactless_not_working,contactless_not_working
616,590,contactless_not_working,contactless_not_working,contactless_not_working
616,591,contactless_not_working,contactless_not_working,contactless_not_working
616,592,contactless_not_working,contactless_not_working,contactless_not_working
616,593,contactless_not_working,contactless_not_working,contactless_not_working
616,594,contactless_not_working,contactless_not_working,contactless_not_working
616,595,contactless_not_working,contactless_not_working,contactless_not_working
616,596,contactless_not_working,contactless_not_working,contactless_not_working
616,597,contactless_not_working,contactless_not_working,contactless_not_working
616,598,contactless_not_working,contactless_not_working,contactless_not_working
616,599,contactless_not_working,reverted_card_payment?,card_payment_not_recognised
616,600,top_up_by_bank_transfer_charge,top_up_by_bank_transfer_charge,top_up_by_bank_transfer_charge
616,601,top_up_by_bank_transfer_charge,top_up_by_bank_transfer_charge,top_up_by_bank_transfer_charge
616,602,top_up_by_bank_transfer_charge,top_up_by_bank_transfer_charge,top_up_by_bank_transfer_charge
616,603,top_up_by_bank_transfer_charge,top_up_limits,apple_pay_or_google_pay
616,604,top_up_by_bank_transfer_charge,transfer_timing,transfer_timing
616,605,top_up_by_bank_transfer_charge,top_up_by_bank_transfer_charge,top_up_by_bank_transfer_charge
616,606,top_up_by_bank_transfer_charge,transfer_into_account,verify_source_of_funds
616,607,top_up_by_bank_transfer_charge,top_up_by_bank_transfer_charge,top_up_by_bank_transfer_charge
616,608,top_up_by_bank_transfer_charge,top_up_by_bank_transfer_charge,top_up_by_bank_transfer_charge
616,609,top_up_by_bank_transfer_charge,top_up_by_bank_transfer_charge,transfer_timing
616,610,top_up_by_bank_transfer_charge,card_payment_fee_charged,verify_source_of_funds
616,611,top_up_by_bank_transfer_charge,top_up_by_bank_transfer_charge,verify_source_of_funds
616,612,top_up_by_bank_transfer_charge,top_up_by_bank_transfer_charge,top_up_by_bank_transfer_charge
616,613,top_up_by_bank_transfer_charge,top_up_by_bank_transfer_charge,top_up_by_bank_transfer_charge
616,614,top_up_by_bank_transfer_charge,top_up_by_bank_transfer_charge,top_up_by_bank_transfer_charge
616,615,top_up_by_bank_transfer_charge,top_up_by_bank_transfer_charge,top_up_by_bank_transfer_charge
616,616,top_up_by_bank_transfer_charge,transfer_into_account,transfer_into_account
616,617,top_up_by_bank_transfer_charge,transfer_fee_charged,verify_source_of_funds
616,618,top_up_by_bank_transfer_charge,top_up_limits,top_up_limits
616,619,top_up_by_bank_transfer_charge,top_up_by_bank_transfer_charge,transfer_into_account
616,620,top_up_by_bank_transfer_charge,top_up_by_bank_transfer_charge,top_up_by_bank_transfer_charge
616,621,top_up_by_bank_transfer_charge,top_up_by_bank_transfer_charge,top_up_by_bank_transfer_charge
616,622,top_up_by_bank_transfer_charge,top_up_by_bank_transfer_charge,top_up_by_bank_transfer_charge
616,623,top_up_by_bank_transfer_charge,top_up_by_bank_transfer_charge,top_up_by_bank_transfer_charge
616,624,top_up_by_bank_transfer_charge,top_up_by_bank_transfer_charge,top_up_by_bank_transfer_charge
616,625,top_up_by_bank_transfer_charge,top_up_by_bank_transfer_charge,top_up_by_bank_transfer_charge
616,626,top_up_by_bank_transfer_charge,top_up_by_bank_transfer_charge,top_up_by_bank_transfer_charge
616,627,top_up_by_bank_transfer_charge,top_up_by_bank_transfer_charge,top_up_by_bank_transfer_charge
616,628,top_up_by_bank_transfer_charge,top_up_by_bank_transfer_charge,top_up_by_bank_transfer_charge
616,629,top_up_by_bank_transfer_charge,top_up_by_bank_transfer_charge,top_up_by_bank_transfer_charge
616,630,top_up_by_bank_transfer_charge,transfer_into_account,verify_source_of_funds
616,631,top_up_by_bank_transfer_charge,top_up_by_bank_transfer_charge,top_up_by_bank_transfer_charge
616,632,top_up_by_bank_transfer_charge,top_up_by_bank_transfer_charge,top_up_by_bank_transfer_charge
616,633,top_up_by_bank_transfer_charge,top_up_by_bank_transfer_charge,top_up_by_bank_transfer_charge
616,634,top_up_by_bank_transfer_charge,top_up_by_bank_transfer_charge,top_up_by_bank_transfer_charge
616,635,top_up_by_bank_transfer_charge,top_up_by_bank_transfer_charge,top_up_by_bank_transfer_charge
616,636,top_up_by_bank_transfer_charge,top_up_by_bank_transfer_charge,transfer_into_account
616,637,top_up_by_bank_transfer_charge,card_payment_fee_charged,verify_source_of_funds
616,638,top_up_by_bank_transfer_charge,top_up_by_bank_transfer_charge,top_up_by_bank_transfer_charge
616,639,top_up_by_bank_transfer_charge,top_up_by_bank_transfer_charge,transfer_timing
616,640,pending_top_up,pending_cash_withdrawal,contactless_not_working
616,641,pending_top_up,declined_card_payment,declined_card_payment
616,642,pending_top_up,pending_top_up,pending_top_up
616,643,pending_top_up,pending_top_up,pending_top_up
616,644,pending_top_up,pending_top_up,pending_top_up
616,645,pending_top_up,pending_top_up,pending_top_up
616,646,pending_top_up,pending_top_up,pending_top_up
616,647,pending_top_up,top_up_reverted,verify_source_of_funds
616,648,pending_top_up,pending_top_up,pending_top_up
616,649,pending_top_up,pending_top_up,pending_top_up
616,650,pending_top_up,pending_top_up,pending_top_up
616,651,pending_top_up,pending_top_up,pending_top_up
616,652,pending_top_up,pending_top_up,pending_top_up
616,653,pending_top_up,pending_top_up,pending_top_up
616,654,pending_top_up,pending_top_up,pending_top_up
616,655,pending_top_up,pending_top_up,pending_top_up
616,656,pending_top_up,pending_top_up,pending_top_up
616,657,pending_top_up,pending_top_up,pending_top_up
616,658,pending_top_up,pending_top_up,pending_top_up
616,659,pending_top_up,pending_top_up,pending_card_payment
616,660,pending_top_up,pending_top_up,pending_top_up
616,661,pending_top_up,pending_top_up,pending_top_up
616,662,pending_top_up,pending_top_up,pending_top_up
616,663,pending_top_up,pending_top_up,pending_top_up
616,664,pending_top_up,pending_top_up,pending_top_up
616,665,pending_top_up,pending_top_up,pending_top_up
616,666,pending_top_up,topping_up_by_card,verify_source_of_funds
616,667,pending_top_up,pending_top_up,balance_not_updated_after_cheque_or_cash_deposit
616,668,pending_top_up,pending_top_up,pending_top_up
616,669,pending_top_up,pending_top_up,pending_top_up
616,670,pending_top_up,pending_top_up,pending_top_up
616,671,pending_top_up,pending_top_up,pending_top_up
616,672,pending_top_up,pending_top_up,pending_top_up
616,673,pending_top_up,verify_source_of_funds,verify_source_of_funds
616,674,pending_top_up,pending_top_up,pending_top_up
616,675,pending_top_up,pending_top_up,pending_top_up
616,676,pending_top_up,pending_top_up,pending_top_up
616,677,pending_top_up,pending_top_up,pending_top_up
616,678,pending_top_up,pending_top_up,pending_top_up
616,679,pending_top_up,pending_top_up,verify_source_of_funds
616,680,cancel_transfer,cancel_transfer,cancel_transfer
616,681,cancel_transfer,cancel_transfer,cancel_transfer
616,682,cancel_transfer,cancel_transfer,cancel_transfer
616,683,cancel_transfer,card_payment_wrong_exchange_rate,card_payment_wrong_exchange_rate
616,684,cancel_transfer,cancel_transfer,cancel_transfer
616,685,cancel_transfer,cancel_transfer,cancel_transfer
616,686,cancel_transfer,cancel_transfer,cancel_transfer
616,687,cancel_transfer,cancel_transfer,cancel_transfer
616,688,cancel_transfer,cancel_transfer,cancel_transfer
616,689,cancel_transfer,cancel_transfer,cancel_transfer
616,690,cancel_transfer,cancel_transfer,cancel_transfer
616,691,cancel_transfer,cancel_transfer,card_payment_wrong_exchange_rate
616,692,cancel_transfer,cancel_transfer,cancel_transfer
616,693,cancel_transfer,cancel_transfer,cancel_transfer
616,694,cancel_transfer,cancel_transfer,cancel_transfer
616,695,cancel_transfer,cancel_transfer,cancel_transfer
616,696,cancel_transfer,cancel_transfer,cancel_transfer
616,697,cancel_transfer,cancel_transfer,cancel_transfer
616,698,cancel_transfer,cancel_transfer,cancel_transfer
616,699,cancel_transfer,cancel_transfer,cancel_transfer
616,700,cancel_transfer,cancel_transfer,cancel_transfer
616,701,cancel_transfer,cancel_transfer,failed_transfer
616,702,cancel_transfer,cancel_transfer,cancel_transfer
616,703,cancel_transfer,cancel_transfer,cancel_transfer
616,704,cancel_transfer,card_payment_wrong_exchange_rate,card_payment_wrong_exchange_rate
616,705,cancel_transfer,card_payment_not_recognised,card_payment_wrong_exchange_rate
616,706,cancel_transfer,cancel_transfer,cancel_transfer
616,707,cancel_transfer,request_refund,request_refund
616,708,cancel_transfer,cancel_transfer,cancel_transfer
616,709,cancel_transfer,cancel_transfer,cancel_transfer
616,710,cancel_transfer,cancel_transfer,cancel_transfer
616,711,cancel_transfer,cancel_transfer,cancel_transfer
616,712,cancel_transfer,cancel_transfer,cancel_transfer
616,713,cancel_transfer,balance_not_updated_after_cheque_or_cash_deposit,balance_not_updated_after_cheque_or_cash_deposit
616,714,cancel_transfer,cancel_transfer,cancel_transfer
616,715,cancel_transfer,cancel_transfer,cancel_transfer
616,716,cancel_transfer,cancel_transfer,cancel_transfer
616,717,cancel_transfer,cancel_transfer,cancel_transfer
616,718,cancel_transfer,reverted_card_payment?,receiving_money
616,719,cancel_transfer,cancel_transfer,cancel_transfer
616,720,top_up_limits,top_up_limits,top_up_limits
616,721,top_up_limits,top_up_limits,top_up_limits
616,722,top_up_limits,top_up_limits,top_up_limits
616,723,top_up_limits,top_up_limits,top_up_limits
616,724,top_up_limits,top_up_limits,top_up_limits
616,725,top_up_limits,top_up_limits,top_up_limits
616,726,top_up_limits,top_up_limits,top_up_limits
616,727,top_up_limits,top_up_limits,top_up_limits
616,728,top_up_limits,top_up_limits,top_up_limits
616,729,top_up_limits,top_up_limits,top_up_limits
616,730,top_up_limits,top_up_limits,top_up_limits
616,731,top_up_limits,top_up_limits,top_up_limits
616,732,top_up_limits,top_up_limits,top_up_limits
616,733,top_up_limits,getting_spare_card,disposable_card_limits
616,734,top_up_limits,top_up_limits,top_up_limits
616,735,top_up_limits,top_up_limits,top_up_limits
616,736,top_up_limits,top_up_limits,top_up_limits
616,737,top_up_limits,top_up_limits,top_up_limits
616,738,top_up_limits,top_up_limits,top_up_limits
616,739,top_up_limits,top_up_limits,top_up_limits
616,740,top_up_limits,top_up_limits,top_up_limits
616,741,top_up_limits,top_up_limits,top_up_limits
616,742,top_up_limits,top_up_limits,top_up_limits
616,743,top_up_limits,top_up_limits,top_up_limits
616,744,top_up_limits,top_up_limits,top_up_limits
616,745,top_up_limits,top_up_limits,top_up_limits
616,746,top_up_limits,top_up_limits,top_up_limits
616,747,top_up_limits,top_up_limits,top_up_limits
616,748,top_up_limits,top_up_limits,top_up_limits
616,749,top_up_limits,top_up_limits,top_up_limits
616,750,top_up_limits,top_up_limits,top_up_limits
616,751,top_up_limits,top_up_limits,top_up_limits
616,752,top_up_limits,top_up_limits,top_up_limits
616,753,top_up_limits,top_up_limits,top_up_limits
616,754,top_up_limits,top_up_limits,top_up_limits
616,755,top_up_limits,top_up_limits,top_up_limits
616,756,top_up_limits,top_up_limits,top_up_limits
616,757,top_up_limits,top_up_limits,top_up_limits
616,758,top_up_limits,top_up_limits,top_up_limits
616,759,top_up_limits,top_up_limits,top_up_limits
616,760,wrong_amount_of_cash_received,pending_cash_withdrawal,declined_cash_withdrawal
616,761,wrong_amount_of_cash_received,wrong_amount_of_cash_received,declined_cash_withdrawal
616,762,wrong_amount_of_cash_received,wrong_amount_of_cash_received,wrong_amount_of_cash_received
616,763,wrong_amount_of_cash_received,cash_withdrawal_charge,verify_source_of_funds
616,764,wrong_amount_of_cash_received,wrong_amount_of_cash_received,wrong_amount_of_cash_received
616,765,wrong_amount_of_cash_received,wrong_amount_of_cash_received,wrong_amount_of_cash_received
616,766,wrong_amount_of_cash_received,card_swallowed,verify_source_of_funds
616,767,wrong_amount_of_cash_received,wrong_amount_of_cash_received,wrong_amount_of_cash_received
616,768,wrong_amount_of_cash_received,wrong_amount_of_cash_received,wrong_amount_of_cash_received
616,769,wrong_amount_of_cash_received,wrong_amount_of_cash_received,wrong_amount_of_cash_received
616,770,wrong_amount_of_cash_received,wrong_amount_of_cash_received,wrong_amount_of_cash_received
616,771,wrong_amount_of_cash_received,wrong_amount_of_cash_received,wrong_amount_of_cash_received
616,772,wrong_amount_of_cash_received,card_swallowed,wrong_amount_of_cash_received
616,773,wrong_amount_of_cash_received,cash_withdrawal_not_recognised,verify_source_of_funds
616,774,wrong_amount_of_cash_received,wrong_amount_of_cash_received,verify_source_of_funds
616,775,wrong_amount_of_cash_received,cash_withdrawal_not_recognised,declined_cash_withdrawal
616,776,wrong_amount_of_cash_received,wrong_amount_of_cash_received,verify_source_of_funds
616,777,wrong_amount_of_cash_received,wrong_amount_of_cash_received,wrong_amount_of_cash_received
616,778,wrong_amount_of_cash_received,wrong_amount_of_cash_received,wrong_amount_of_cash_received
616,779,wrong_amount_of_cash_received,wrong_amount_of_cash_received,verify_source_of_funds
616,780,wrong_amount_of_cash_received,wrong_amount_of_cash_received,wrong_amount_of_cash_received
616,781,wrong_amount_of_cash_received,wrong_amount_of_cash_received,verify_source_of_funds
616,782,wrong_amount_of_cash_received,wrong_amount_of_cash_received,wrong_amount_of_cash_received
616,783,wrong_amount_of_cash_received,cash_withdrawal_not_recognised,cash_withdrawal_not_recognised
616,784,wrong_amount_of_cash_received,cash_withdrawal_not_recognised,verify_source_of_funds
616,785,wrong_amount_of_cash_received,wrong_amount_of_cash_received,verify_source_of_funds
616,786,wrong_amount_of_cash_received,wrong_amount_of_cash_received,wrong_amount_of_cash_received
616,787,wrong_amount_of_cash_received,wrong_amount_of_cash_received,wrong_amount_of_cash_received
616,788,wrong_amount_of_cash_received,wrong_amount_of_cash_received,wrong_amount_of_cash_received
616,789,wrong_amount_of_cash_received,wrong_amount_of_cash_received,wrong_amount_of_cash_received
616,790,wrong_amount_of_cash_received,wrong_amount_of_cash_received,wrong_amount_of_cash_received
616,791,wrong_amount_of_cash_received,wrong_amount_of_cash_received,verify_source_of_funds
616,792,wrong_amount_of_cash_received,wrong_amount_of_cash_received,wrong_amount_of_cash_received
616,793,wrong_amount_of_cash_received,wrong_amount_of_cash_received,verify_source_of_funds
616,794,wrong_amount_of_cash_received,wrong_amount_of_cash_received,verify_source_of_funds
616,795,wrong_amount_of_cash_received,declined_cash_withdrawal,declined_cash_withdrawal
616,796,wrong_amount_of_cash_received,wrong_amount_of_cash_received,verify_source_of_funds
616,797,wrong_amount_of_cash_received,wrong_amount_of_cash_received,wrong_amount_of_cash_received
616,798,wrong_amount_of_cash_received,cash_withdrawal_not_recognised,declined_cash_withdrawal
616,799,wrong_amount_of_cash_received,declined_cash_withdrawal,verify_source_of_funds
616,800,card_payment_fee_charged,card_payment_fee_charged,card_payment_fee_charged
616,801,card_payment_fee_charged,card_payment_fee_charged,card_payment_fee_charged
616,802,card_payment_fee_charged,card_payment_fee_charged,card_payment_fee_charged
616,803,card_payment_fee_charged,card_payment_fee_charged,card_payment_fee_charged
616,804,card_payment_fee_charged,card_payment_fee_charged,card_payment_fee_charged
616,805,card_payment_fee_charged,card_payment_fee_charged,card_payment_fee_charged
616,806,card_payment_fee_charged,card_payment_fee_charged,card_payment_fee_charged
616,807,card_payment_fee_charged,card_payment_fee_charged,card_payment_wrong_exchange_rate
616,808,card_payment_fee_charged,extra_charge_on_statement,card_payment_not_recognised
616,809,card_payment_fee_charged,card_payment_fee_charged,card_payment_fee_charged
616,810,card_payment_fee_charged,card_payment_fee_charged,card_payment_fee_charged
616,811,card_payment_fee_charged,card_payment_fee_charged,card_payment_fee_charged
616,812,card_payment_fee_charged,transfer_fee_charged,cash_withdrawal_charge
616,813,card_payment_fee_charged,top_up_by_card_charge,card_acceptance
616,814,card_payment_fee_charged,card_payment_fee_charged,card_payment_fee_charged
616,815,card_payment_fee_charged,card_payment_fee_charged,card_payment_fee_charged
616,816,card_payment_fee_charged,card_payment_fee_charged,card_payment_fee_charged
616,817,card_payment_fee_charged,card_payment_fee_charged,card_payment_fee_charged
616,818,card_payment_fee_charged,card_payment_fee_charged,card_payment_fee_charged
616,819,card_payment_fee_charged,card_payment_fee_charged,card_payment_fee_charged
616,820,card_payment_fee_charged,card_payment_fee_charged,card_payment_fee_charged
616,821,card_payment_fee_charged,card_payment_fee_charged,card_payment_fee_charged
616,822,card_payment_fee_charged,card_payment_fee_charged,card_payment_fee_charged
616,823,card_payment_fee_charged,card_payment_fee_charged,card_payment_fee_charged
616,824,card_payment_fee_charged,top_up_by_card_charge,card_payment_fee_charged
616,825,card_payment_fee_charged,card_payment_fee_charged,getting_virtual_card
616,826,card_payment_fee_charged,top_up_by_card_charge,order_physical_card
616,827,card_payment_fee_charged,card_payment_fee_charged,card_payment_fee_charged
616,828,card_payment_fee_charged,card_payment_fee_charged,verify_source_of_funds
616,829,card_payment_fee_charged,extra_charge_on_statement,card_payment_not_recognised
616,830,card_payment_fee_charged,order_physical_card,order_physical_card
616,831,card_payment_fee_charged,card_payment_fee_charged,card_payment_fee_charged
616,832,card_payment_fee_charged,top_up_by_card_charge,top_up_by_card_charge
616,833,card_payment_fee_charged,card_payment_fee_charged,card_payment_fee_charged
616,834,card_payment_fee_charged,card_payment_fee_charged,card_payment_fee_charged
616,835,card_payment_fee_charged,card_payment_fee_charged,card_payment_fee_charged
616,836,card_payment_fee_charged,card_payment_fee_charged,card_payment_fee_charged
616,837,card_payment_fee_charged,card_payment_fee_charged,card_payment_fee_charged
616,838,card_payment_fee_charged,card_payment_fee_charged,card_payment_fee_charged
616,839,card_payment_fee_charged,card_payment_fee_charged,card_payment_fee_charged
616,840,transfer_not_received_by_recipient,pending_cash_withdrawal,failed_transfer
616,841,transfer_not_received_by_recipient,balance_not_updated_after_cheque_or_cash_deposit,balance_not_updated_after_cheque_or_cash_deposit
616,842,transfer_not_received_by_recipient,balance_not_updated_after_cheque_or_cash_deposit,transfer_not_received_by_recipient
616,843,transfer_not_received_by_recipient,card_payment_not_recognised,verify_source_of_funds
616,844,transfer_not_received_by_recipient,declined_cash_withdrawal,card_payment_not_recognised
616,845,transfer_not_received_by_recipient,transfer_timing,transfer_timing
616,846,transfer_not_received_by_recipient,verify_source_of_funds,verify_source_of_funds
616,847,transfer_not_received_by_recipient,failed_transfer,transfer_not_received_by_recipient
616,848,transfer_not_received_by_recipient,failed_transfer,failed_transfer
616,849,transfer_not_received_by_recipient,transfer_timing,transfer_timing
616,850,transfer_not_received_by_recipient,transfer_not_received_by_recipient,transfer_not_received_by_recipient
616,851,transfer_not_received_by_recipient,top_up_by_bank_transfer_charge,top_up_by_bank_transfer_charge
616,852,transfer_not_received_by_recipient,declined_card_payment,failed_transfer
616,853,transfer_not_received_by_recipient,balance_not_updated_after_cheque_or_cash_deposit,balance_not_updated_after_cheque_or_cash_deposit
616,854,transfer_not_received_by_recipient,transfer_not_received_by_recipient,transfer_not_received_by_recipient
616,855,transfer_not_received_by_recipient,card_payment_not_recognised,verify_source_of_funds
616,856,transfer_not_received_by_recipient,pending_transfer,transfer_not_received_by_recipient
616,857,transfer_not_received_by_recipient,failed_transfer,failed_transfer
616,858,transfer_not_received_by_recipient,balance_not_updated_after_bank_transfer,balance_not_updated_after_bank_transfer
616,859,transfer_not_received_by_recipient,card_payment_not_recognised,card_payment_not_recognised
616,860,transfer_not_received_by_recipient,pending_transfer,transfer_not_received_by_recipient
616,861,transfer_not_received_by_recipient,balance_not_updated_after_bank_transfer,failed_transfer
616,862,transfer_not_received_by_recipient,transfer_not_received_by_recipient,transfer_not_received_by_recipient
616,863,transfer_not_received_by_recipient,failed_transfer,failed_transfer
616,864,transfer_not_received_by_recipient,transfer_not_received_by_recipient,verify_source_of_funds
616,865,transfer_not_received_by_recipient,balance_not_updated_after_cheque_or_cash_deposit,contactless_not_working
616,866,transfer_not_received_by_recipient,pending_card_payment,transfer_not_received_by_recipient
616,867,transfer_not_received_by_recipient,pending_card_payment,card_payment_wrong_exchange_rate
616,868,transfer_not_received_by_recipient,pending_card_payment,transfer_not_received_by_recipient
616,869,transfer_not_received_by_recipient,transfer_timing,transfer_timing
616,870,transfer_not_received_by_recipient,beneficiary_not_allowed,verify_source_of_funds
616,871,transfer_not_received_by_recipient,transfer_timing,transfer_not_received_by_recipient
616,872,transfer_not_received_by_recipient,balance_not_updated_after_cheque_or_cash_deposit,balance_not_updated_after_cheque_or_cash_deposit
616,873,transfer_not_received_by_recipient,pending_transfer,transfer_not_received_by_recipient
616,874,transfer_not_received_by_recipient,transfer_not_received_by_recipient,transfer_not_received_by_recipient
616,875,transfer_not_received_by_recipient,transfer_timing,transfer_not_received_by_recipient
616,876,transfer_not_received_by_recipient,transfer_not_received_by_recipient,transfer_not_received_by_recipient
616,877,transfer_not_received_by_recipient,beneficiary_not_allowed,verify_source_of_funds
616,878,transfer_not_received_by_recipient,pending_top_up,transfer_not_received_by_recipient
616,879,transfer_not_received_by_recipient,failed_transfer,declined_cash_withdrawal
616,880,supported_cards_and_currencies,exchange_via_app,verify_source_of_funds
616,881,supported_cards_and_currencies,getting_virtual_card,getting_virtual_card
616,882,supported_cards_and_currencies,getting_spare_card,visa_or_mastercard
616,883,supported_cards_and_currencies,fiat_currency_support,fiat_currency_support
616,884,supported_cards_and_currencies,exchange_via_app,exchange_rate
616,885,supported_cards_and_currencies,exchange_via_app,verify_source_of_funds
616,886,supported_cards_and_currencies,visa_or_mastercard,visa_or_mastercard
616,887,supported_cards_and_currencies,getting_spare_card,visa_or_mastercard
616,888,supported_cards_and_currencies,top_up_by_card_charge,transfer_into_account
616,889,supported_cards_and_currencies,supported_cards_and_currencies,exchange_rate
616,890,supported_cards_and_currencies,top_up_by_card_charge,transfer_into_account
616,891,supported_cards_and_currencies,getting_spare_card,card_acceptance
616,892,supported_cards_and_currencies,card_acceptance,card_acceptance
616,893,supported_cards_and_currencies,getting_spare_card,card_acceptance
616,894,supported_cards_and_currencies,transfer_into_account,verify_source_of_funds
616,895,supported_cards_and_currencies,supported_cards_and_currencies,card_acceptance
616,896,supported_cards_and_currencies,card_acceptance,card_acceptance
616,897,supported_cards_and_currencies,supported_cards_and_currencies,fiat_currency_support
616,898,supported_cards_and_currencies,transfer_into_account,transfer_into_account
616,899,supported_cards_and_currencies,transfer_into_account,getting_virtual_card
616,900,supported_cards_and_currencies,exchange_rate,exchange_rate
616,901,supported_cards_and_currencies,exchange_via_app,exchange_rate
616,902,supported_cards_and_currencies,card_acceptance,supported_cards_and_currencies
616,903,supported_cards_and_currencies,exchange_via_app,exchange_rate
616,904,supported_cards_and_currencies,visa_or_mastercard,contactless_not_working
616,905,supported_cards_and_currencies,fiat_currency_support,fiat_currency_support
616,906,supported_cards_and_currencies,fiat_currency_support,fiat_currency_support
616,907,supported_cards_and_currencies,top_up_limits,top_up_limits
616,908,supported_cards_and_currencies,receiving_money,verify_source_of_funds
616,909,supported_cards_and_currencies,getting_spare_card,visa_or_mastercard
616,910,supported_cards_and_currencies,fiat_currency_support,fiat_currency_support
616,911,supported_cards_and_currencies,top_up_limits,top_up_limits
616,912,supported_cards_and_currencies,exchange_via_app,exchange_rate
616,913,supported_cards_and_currencies,exchange_via_app,verify_source_of_funds
616,914,supported_cards_and_currencies,top_up_by_card_charge,verify_source_of_funds
616,915,supported_cards_and_currencies,getting_spare_card,exchange_rate
616,916,supported_cards_and_currencies,transfer_into_account,transfer_into_account
616,917,supported_cards_and_currencies,fiat_currency_support,fiat_currency_support
616,918,supported_cards_and_currencies,top_up_limits,fiat_currency_support
616,919,supported_cards_and_currencies,fiat_currency_support,fiat_currency_support
616,920,getting_virtual_card,getting_virtual_card,getting_virtual_card
616,921,getting_virtual_card,getting_virtual_card,getting_virtual_card
616,922,getting_virtual_card,getting_virtual_card,getting_virtual_card
616,923,getting_virtual_card,getting_virtual_card,getting_virtual_card
616,924,getting_virtual_card,getting_virtual_card,getting_virtual_card
616,925,getting_virtual_card,getting_virtual_card,getting_virtual_card
616,926,getting_virtual_card,getting_virtual_card,getting_virtual_card
616,927,getting_virtual_card,getting_virtual_card,getting_virtual_card
616,928,getting_virtual_card,getting_virtual_card,getting_virtual_card
616,929,getting_virtual_card,getting_virtual_card,getting_virtual_card
616,930,getting_virtual_card,getting_virtual_card,getting_virtual_card
616,931,getting_virtual_card,getting_virtual_card,getting_virtual_card
616,932,getting_virtual_card,getting_virtual_card,getting_virtual_card
616,933,getting_virtual_card,getting_virtual_card,getting_virtual_card
616,934,getting_virtual_card,getting_virtual_card,getting_virtual_card
616,935,getting_virtual_card,getting_virtual_card,getting_virtual_card
616,936,getting_virtual_card,getting_virtual_card,getting_virtual_card
616,937,getting_virtual_card,getting_virtual_card,getting_virtual_card
616,938,getting_virtual_card,getting_virtual_card,getting_virtual_card
616,939,getting_virtual_card,getting_virtual_card,getting_virtual_card
616,940,getting_virtual_card,getting_virtual_card,getting_virtual_card
616,941,getting_virtual_card,getting_virtual_card,getting_virtual_card
616,942,getting_virtual_card,getting_virtual_card,getting_virtual_card
616,943,getting_virtual_card,getting_virtual_card,getting_virtual_card
616,944,getting_virtual_card,getting_virtual_card,getting_virtual_card
616,945,getting_virtual_card,card_arrival,card_arrival
616,946,getting_virtual_card,getting_virtual_card,getting_virtual_card
616,947,getting_virtual_card,getting_virtual_card,getting_virtual_card
616,948,getting_virtual_card,getting_virtual_card,getting_virtual_card
616,949,getting_virtual_card,getting_virtual_card,getting_virtual_card
616,950,getting_virtual_card,getting_virtual_card,getting_virtual_card
616,951,getting_virtual_card,getting_virtual_card,getting_virtual_card
616,952,getting_virtual_card,getting_virtual_card,getting_virtual_card
616,953,getting_virtual_card,getting_virtual_card,getting_virtual_card
616,954,getting_virtual_card,getting_virtual_card,getting_virtual_card
616,955,getting_virtual_card,getting_virtual_card,getting_virtual_card
616,956,getting_virtual_card,getting_virtual_card,getting_virtual_card
616,957,getting_virtual_card,getting_virtual_card,getting_virtual_card
616,958,getting_virtual_card,getting_virtual_card,getting_virtual_card
616,959,getting_virtual_card,getting_virtual_card,getting_virtual_card
616,960,card_acceptance,card_acceptance,card_acceptance
616,961,card_acceptance,card_acceptance,card_acceptance
616,962,card_acceptance,top_up_by_card_charge,card_acceptance
616,963,card_acceptance,card_acceptance,visa_or_mastercard
616,964,card_acceptance,card_acceptance,card_acceptance
616,965,card_acceptance,order_physical_card,card_acceptance
616,966,card_acceptance,disposable_card_limits,order_physical_card
616,967,card_acceptance,lost_or_stolen_card,card_acceptance
616,968,card_acceptance,order_physical_card,order_physical_card
616,969,card_acceptance,card_acceptance,card_acceptance
616,970,card_acceptance,card_acceptance,card_acceptance
616,971,card_acceptance,card_acceptance,card_acceptance
616,972,card_acceptance,card_acceptance,card_acceptance
616,973,card_acceptance,card_acceptance,card_acceptance
616,974,card_acceptance,card_acceptance,card_acceptance
616,975,card_acceptance,card_acceptance,card_acceptance
616,976,card_acceptance,card_acceptance,card_acceptance
616,977,card_acceptance,card_acceptance,getting_virtual_card
616,978,card_acceptance,card_acceptance,card_acceptance
616,979,card_acceptance,order_physical_card,card_acceptance
616,980,card_acceptance,card_acceptance,card_acceptance
616,981,card_acceptance,disposable_card_limits,contactless_not_working
616,982,card_acceptance,order_physical_card,card_acceptance
616,983,card_acceptance,order_physical_card,contactless_not_working
616,984,card_acceptance,card_acceptance,card_acceptance
616,985,card_acceptance,order_physical_card,card_acceptance
616,986,card_acceptance,card_acceptance,card_acceptance
616,987,card_acceptance,card_acceptance,verify_source_of_funds
616,988,card_acceptance,card_acceptance,card_acceptance
616,989,card_acceptance,activate_my_card,card_acceptance
616,990,card_acceptance,card_acceptance,card_acceptance
616,991,card_acceptance,order_physical_card,order_physical_card
616,992,card_acceptance,card_acceptance,card_acceptance
616,993,card_acceptance,card_acceptance,card_acceptance
616,994,card_acceptance,order_physical_card,order_physical_card
616,995,card_acceptance,card_acceptance,card_acceptance
616,996,card_acceptance,card_acceptance,card_acceptance
616,997,card_acceptance,card_acceptance,getting_virtual_card
616,998,card_acceptance,card_acceptance,card_acceptance
616,999,card_acceptance,card_acceptance,card_acceptance
616,1000,top_up_reverted,pending_top_up,request_refund
616,1001,top_up_reverted,pending_top_up,top_up_failed
616,1002,top_up_reverted,pending_top_up,pending_top_up
616,1003,top_up_reverted,pending_top_up,top_up_reverted
616,1004,top_up_reverted,request_refund,request_refund
616,1005,top_up_reverted,pending_top_up,top_up_reverted
616,1006,top_up_reverted,top_up_failed,top_up_failed
616,1007,top_up_reverted,top_up_reverted,verify_source_of_funds
616,1008,top_up_reverted,pending_top_up,top_up_failed
616,1009,top_up_reverted,top_up_reverted,top_up_reverted
616,1010,top_up_reverted,balance_not_updated_after_cheque_or_cash_deposit,balance_not_updated_after_cheque_or_cash_deposit
616,1011,top_up_reverted,pending_top_up,pending_top_up
616,1012,top_up_reverted,pending_top_up,top_up_reverted
616,1013,top_up_reverted,pending_top_up,pending_top_up
616,1014,top_up_reverted,pending_top_up,top_up_failed
616,1015,top_up_reverted,top_up_failed,top_up_failed
616,1016,top_up_reverted,pending_top_up,top_up_failed
616,1017,top_up_reverted,top_up_reverted,top_up_reverted
616,1018,top_up_reverted,pending_top_up,top_up_reverted
616,1019,top_up_reverted,pending_top_up,top_up_reverted
616,1020,top_up_reverted,pending_top_up,top_up_failed
616,1021,top_up_reverted,top_up_reverted,top_up_reverted
616,1022,top_up_reverted,top_up_reverted,top_up_reverted
616,1023,top_up_reverted,wrong_amount_of_cash_received,verify_source_of_funds
616,1024,top_up_reverted,pending_top_up,pending_top_up
616,1025,top_up_reverted,card_payment_not_recognised,card_payment_not_recognised
616,1026,top_up_reverted,top_up_failed,cash_withdrawal_not_recognised
616,1027,top_up_reverted,card_payment_not_recognised,wrong_amount_of_cash_received
616,1028,top_up_reverted,pending_top_up,top_up_failed
616,1029,top_up_reverted,pending_top_up,top_up_reverted
616,1030,top_up_reverted,pending_top_up,pending_top_up
616,1031,top_up_reverted,pending_top_up,pending_top_up
616,1032,top_up_reverted,pending_top_up,top_up_reverted
616,1033,top_up_reverted,top_up_limits,top_up_limits
616,1034,top_up_reverted,card_payment_not_recognised,card_payment_not_recognised
616,1035,top_up_reverted,pending_top_up,pending_top_up
616,1036,top_up_reverted,pending_top_up,top_up_failed
616,1037,top_up_reverted,pending_top_up,top_up_failed
616,1038,top_up_reverted,pending_top_up,top_up_failed
616,1039,top_up_reverted,pending_top_up,top_up_failed
616,1040,balance_not_updated_after_cheque_or_cash_deposit,balance_not_updated_after_cheque_or_cash_deposit,balance_not_updated_after_cheque_or_cash_deposit
616,1041,balance_not_updated_after_cheque_or_cash_deposit,balance_not_updated_after_cheque_or_cash_deposit,balance_not_updated_after_cheque_or_cash_deposit
616,1042,balance_not_updated_after_cheque_or_cash_deposit,balance_not_updated_after_cheque_or_cash_deposit,balance_not_updated_after_cheque_or_cash_deposit
616,1043,balance_not_updated_after_cheque_or_cash_deposit,balance_not_updated_after_cheque_or_cash_deposit,balance_not_updated_after_cheque_or_cash_deposit
616,1044,balance_not_updated_after_cheque_or_cash_deposit,balance_not_updated_after_cheque_or_cash_deposit,balance_not_updated_after_cheque_or_cash_deposit
616,1045,balance_not_updated_after_cheque_or_cash_deposit,balance_not_updated_after_cheque_or_cash_deposit,verify_source_of_funds
616,1046,balance_not_updated_after_cheque_or_cash_deposit,balance_not_updated_after_cheque_or_cash_deposit,balance_not_updated_after_cheque_or_cash_deposit
616,1047,balance_not_updated_after_cheque_or_cash_deposit,balance_not_updated_after_cheque_or_cash_deposit,balance_not_updated_after_cheque_or_cash_deposit
616,1048,balance_not_updated_after_cheque_or_cash_deposit,balance_not_updated_after_cheque_or_cash_deposit,balance_not_updated_after_cheque_or_cash_deposit
616,1049,balance_not_updated_after_cheque_or_cash_deposit,balance_not_updated_after_cheque_or_cash_deposit,verify_source_of_funds
616,1050,balance_not_updated_after_cheque_or_cash_deposit,balance_not_updated_after_cheque_or_cash_deposit,balance_not_updated_after_cheque_or_cash_deposit
616,1051,balance_not_updated_after_cheque_or_cash_deposit,balance_not_updated_after_cheque_or_cash_deposit,balance_not_updated_after_cheque_or_cash_deposit
616,1052,balance_not_updated_after_cheque_or_cash_deposit,balance_not_updated_after_cheque_or_cash_deposit,balance_not_updated_after_cheque_or_cash_deposit
616,1053,balance_not_updated_after_cheque_or_cash_deposit,balance_not_updated_after_cheque_or_cash_deposit,balance_not_updated_after_cheque_or_cash_deposit
616,1054,balance_not_updated_after_cheque_or_cash_deposit,balance_not_updated_after_cheque_or_cash_deposit,balance_not_updated_after_cheque_or_cash_deposit
616,1055,balance_not_updated_after_cheque_or_cash_deposit,balance_not_updated_after_cheque_or_cash_deposit,balance_not_updated_after_cheque_or_cash_deposit
616,1056,balance_not_updated_after_cheque_or_cash_deposit,balance_not_updated_after_cheque_or_cash_deposit,balance_not_updated_after_cheque_or_cash_deposit
616,1057,balance_not_updated_after_cheque_or_cash_deposit,balance_not_updated_after_cheque_or_cash_deposit,balance_not_updated_after_cheque_or_cash_deposit
616,1058,balance_not_updated_after_cheque_or_cash_deposit,balance_not_updated_after_cheque_or_cash_deposit,balance_not_updated_after_cheque_or_cash_deposit
616,1059,balance_not_updated_after_cheque_or_cash_deposit,balance_not_updated_after_cheque_or_cash_deposit,balance_not_updated_after_cheque_or_cash_deposit
616,1060,balance_not_updated_after_cheque_or_cash_deposit,balance_not_updated_after_cheque_or_cash_deposit,verify_source_of_funds
616,1061,balance_not_updated_after_cheque_or_cash_deposit,balance_not_updated_after_cheque_or_cash_deposit,balance_not_updated_after_cheque_or_cash_deposit
616,1062,balance_not_updated_after_cheque_or_cash_deposit,balance_not_updated_after_cheque_or_cash_deposit,balance_not_updated_after_cheque_or_cash_deposit
616,1063,balance_not_updated_after_cheque_or_cash_deposit,balance_not_updated_after_cheque_or_cash_deposit,balance_not_updated_after_cheque_or_cash_deposit
616,1064,balance_not_updated_after_cheque_or_cash_deposit,balance_not_updated_after_cheque_or_cash_deposit,balance_not_updated_after_cheque_or_cash_deposit
616,1065,balance_not_updated_after_cheque_or_cash_deposit,balance_not_updated_after_cheque_or_cash_deposit,balance_not_updated_after_cheque_or_cash_deposit
616,1066,balance_not_updated_after_cheque_or_cash_deposit,balance_not_updated_after_cheque_or_cash_deposit,balance_not_updated_after_cheque_or_cash_deposit
616,1067,balance_not_updated_after_cheque_or_cash_deposit,balance_not_updated_after_cheque_or_cash_deposit,declined_cash_withdrawal
616,1068,balance_not_updated_after_cheque_or_cash_deposit,balance_not_updated_after_cheque_or_cash_deposit,balance_not_updated_after_cheque_or_cash_deposit
616,1069,balance_not_updated_after_cheque_or_cash_deposit,balance_not_updated_after_cheque_or_cash_deposit,balance_not_updated_after_cheque_or_cash_deposit
616,1070,balance_not_updated_after_cheque_or_cash_deposit,balance_not_updated_after_cheque_or_cash_deposit,balance_not_updated_after_cheque_or_cash_deposit
616,1071,balance_not_updated_after_cheque_or_cash_deposit,balance_not_updated_after_cheque_or_cash_deposit,balance_not_updated_after_cheque_or_cash_deposit
616,1072,balance_not_updated_after_cheque_or_cash_deposit,balance_not_updated_after_cheque_or_cash_deposit,balance_not_updated_after_cheque_or_cash_deposit
616,1073,balance_not_updated_after_cheque_or_cash_deposit,balance_not_updated_after_cheque_or_cash_deposit,balance_not_updated_after_cheque_or_cash_deposit
616,1074,balance_not_updated_after_cheque_or_cash_deposit,balance_not_updated_after_cheque_or_cash_deposit,balance_not_updated_after_cheque_or_cash_deposit
616,1075,balance_not_updated_after_cheque_or_cash_deposit,balance_not_updated_after_cheque_or_cash_deposit,balance_not_updated_after_cheque_or_cash_deposit
616,1076,balance_not_updated_after_cheque_or_cash_deposit,balance_not_updated_after_cheque_or_cash_deposit,balance_not_updated_after_cheque_or_cash_deposit
616,1077,balance_not_updated_after_cheque_or_cash_deposit,balance_not_updated_after_cheque_or_cash_deposit,balance_not_updated_after_cheque_or_cash_deposit
616,1078,balance_not_updated_after_cheque_or_cash_deposit,balance_not_updated_after_cheque_or_cash_deposit,balance_not_updated_after_cheque_or_cash_deposit
616,1079,balance_not_updated_after_cheque_or_cash_deposit,balance_not_updated_after_cheque_or_cash_deposit,balance_not_updated_after_cheque_or_cash_deposit
616,1080,card_payment_not_recognised,card_payment_not_recognised,card_payment_not_recognised
616,1081,card_payment_not_recognised,card_payment_not_recognised,card_payment_not_recognised
616,1082,card_payment_not_recognised,card_payment_not_recognised,card_payment_not_recognised
616,1083,card_payment_not_recognised,card_payment_not_recognised,card_payment_not_recognised
616,1084,card_payment_not_recognised,card_payment_not_recognised,card_payment_not_recognised
616,1085,card_payment_not_recognised,card_payment_not_recognised,card_payment_not_recognised
616,1086,card_payment_not_recognised,card_payment_not_recognised,verify_source_of_funds
616,1087,card_payment_not_recognised,lost_or_stolen_card,card_payment_not_recognised
616,1088,card_payment_not_recognised,card_payment_not_recognised,card_payment_not_recognised
616,1089,card_payment_not_recognised,card_payment_not_recognised,card_payment_not_recognised
616,1090,card_payment_not_recognised,pending_card_payment,verify_source_of_funds
616,1091,card_payment_not_recognised,card_payment_not_recognised,card_payment_not_recognised
616,1092,card_payment_not_recognised,lost_or_stolen_card,card_payment_not_recognised
616,1093,card_payment_not_recognised,card_payment_not_recognised,verify_source_of_funds
616,1094,card_payment_not_recognised,card_payment_not_recognised,card_payment_not_recognised
616,1095,card_payment_not_recognised,card_payment_not_recognised,card_payment_not_recognised
616,1096,card_payment_not_recognised,cancel_transfer,pending_cash_withdrawal
616,1097,card_payment_not_recognised,card_payment_not_recognised,card_payment_not_recognised
616,1098,card_payment_not_recognised,card_payment_not_recognised,verify_source_of_funds
616,1099,card_payment_not_recognised,card_payment_not_recognised,card_payment_not_recognised
616,1100,card_payment_not_recognised,pending_card_payment,card_payment_not_recognised
616,1101,card_payment_not_recognised,extra_charge_on_statement,direct_debit_payment_not_recognised
616,1102,card_payment_not_recognised,compromised_card,verify_source_of_funds
616,1103,card_payment_not_recognised,compromised_card,compromised_card
616,1104,card_payment_not_recognised,card_payment_not_recognised,card_payment_not_recognised
616,1105,card_payment_not_recognised,card_payment_not_recognised,card_payment_not_recognised
616,1106,card_payment_not_recognised,card_payment_not_recognised,verify_source_of_funds
616,1107,card_payment_not_recognised,cash_withdrawal_not_recognised,declined_cash_withdrawal
616,1108,card_payment_not_recognised,card_payment_not_recognised,card_payment_not_recognised
616,1109,card_payment_not_recognised,transfer_not_received_by_recipient,verify_source_of_funds
616,1110,card_payment_not_recognised,card_payment_not_recognised,card_payment_not_recognised
616,1111,card_payment_not_recognised,card_payment_not_recognised,card_payment_not_recognised
616,1112,card_payment_not_recognised,compromised_card,compromised_card
616,1113,card_payment_not_recognised,card_payment_not_recognised,verify_source_of_funds
616,1114,card_payment_not_recognised,declined_card_payment,verify_source_of_funds
616,1115,card_payment_not_recognised,card_payment_not_recognised,verify_source_of_funds
616,1116,card_payment_not_recognised,card_payment_not_recognised,card_payment_not_recognised
616,1117,card_payment_not_recognised,card_payment_not_recognised,card_payment_not_recognised
616,1118,card_payment_not_recognised,card_payment_not_recognised,card_payment_not_recognised
616,1119,card_payment_not_recognised,card_payment_not_recognised,verify_source_of_funds
616,1120,edit_personal_details,edit_personal_details,edit_personal_details
616,1121,edit_personal_details,edit_personal_details,edit_personal_details
616,1122,edit_personal_details,edit_personal_details,edit_personal_details
616,1123,edit_personal_details,edit_personal_details,edit_personal_details
616,1124,edit_personal_details,edit_personal_details,edit_personal_details
616,1125,edit_personal_details,edit_personal_details,edit_personal_details
616,1126,edit_personal_details,edit_personal_details,edit_personal_details
616,1127,edit_personal_details,edit_personal_details,edit_personal_details
616,1128,edit_personal_details,edit_personal_details,edit_personal_details
616,1129,edit_personal_details,edit_personal_details,edit_personal_details
616,1130,edit_personal_details,edit_personal_details,edit_personal_details
616,1131,edit_personal_details,edit_personal_details,edit_personal_details
616,1132,edit_personal_details,edit_personal_details,edit_personal_details
616,1133,edit_personal_details,edit_personal_details,edit_personal_details
616,1134,edit_personal_details,edit_personal_details,edit_personal_details
616,1135,edit_personal_details,edit_personal_details,edit_personal_details
616,1136,edit_personal_details,edit_personal_details,edit_personal_details
616,1137,edit_personal_details,edit_personal_details,verify_source_of_funds
616,1138,edit_personal_details,edit_personal_details,edit_personal_details
616,1139,edit_personal_details,edit_personal_details,edit_personal_details
616,1140,edit_personal_details,verify_my_identity,edit_personal_details
616,1141,edit_personal_details,edit_personal_details,edit_personal_details
616,1142,edit_personal_details,edit_personal_details,edit_personal_details
616,1143,edit_personal_details,edit_personal_details,edit_personal_details
616,1144,edit_personal_details,edit_personal_details,edit_personal_details
616,1145,edit_personal_details,edit_personal_details,edit_personal_details
616,1146,edit_personal_details,edit_personal_details,edit_personal_details
616,1147,edit_personal_details,edit_personal_details,edit_personal_details
616,1148,edit_personal_details,edit_personal_details,edit_personal_details
616,1149,edit_personal_details,edit_personal_details,edit_personal_details
616,1150,edit_personal_details,edit_personal_details,edit_personal_details
616,1151,edit_personal_details,edit_personal_details,edit_personal_details
616,1152,edit_personal_details,edit_personal_details,edit_personal_details
616,1153,edit_personal_details,edit_personal_details,edit_personal_details
616,1154,edit_personal_details,edit_personal_details,edit_personal_details
616,1155,edit_personal_details,transfer_timing,transfer_timing
616,1156,edit_personal_details,edit_personal_details,edit_personal_details
616,1157,edit_personal_details,edit_personal_details,edit_personal_details
616,1158,edit_personal_details,edit_personal_details,edit_personal_details
616,1159,edit_personal_details,edit_personal_details,transfer_into_account
616,1160,why_verify_identity,why_verify_identity,why_verify_identity
616,1161,why_verify_identity,why_verify_identity,unable_to_verify_identity
616,1162,why_verify_identity,verify_my_identity,verify_my_identity
616,1163,why_verify_identity,verify_my_identity,verify_my_identity
616,1164,why_verify_identity,verify_my_identity,pending_transfer
616,1165,why_verify_identity,verify_my_identity,verify_my_identity
616,1166,why_verify_identity,verify_my_identity,verify_my_identity
616,1167,why_verify_identity,verify_my_identity,unable_to_verify_identity
616,1168,why_verify_identity,verify_my_identity,verify_my_identity
616,1169,why_verify_identity,verify_my_identity,verify_my_identity
616,1170,why_verify_identity,verify_my_identity,unable_to_verify_identity
616,1171,why_verify_identity,verify_my_identity,unable_to_verify_identity
616,1172,why_verify_identity,why_verify_identity,why_verify_identity
616,1173,why_verify_identity,why_verify_identity,why_verify_identity
616,1174,why_verify_identity,verify_my_identity,verify_my_identity
616,1175,why_verify_identity,why_verify_identity,why_verify_identity
616,1176,why_verify_identity,verify_my_identity,verify_my_identity
616,1177,why_verify_identity,why_verify_identity,why_verify_identity
616,1178,why_verify_identity,verify_my_identity,verify_my_identity
616,1179,why_verify_identity,verify_my_identity,verify_my_identity
616,1180,why_verify_identity,verify_my_identity,verify_my_identity
616,1181,why_verify_identity,verify_my_identity,verify_my_identity
616,1182,why_verify_identity,verify_my_identity,verify_my_identity
616,1183,why_verify_identity,verify_my_identity,verify_my_identity
616,1184,why_verify_identity,why_verify_identity,why_verify_identity
616,1185,why_verify_identity,why_verify_identity,why_verify_identity
616,1186,why_verify_identity,verify_my_identity,unable_to_verify_identity
616,1187,why_verify_identity,unable_to_verify_identity,unable_to_verify_identity
616,1188,why_verify_identity,verify_my_identity,unable_to_verify_identity
616,1189,why_verify_identity,why_verify_identity,unable_to_verify_identity
616,1190,why_verify_identity,verify_my_identity,verify_my_identity
616,1191,why_verify_identity,verify_my_identity,verify_my_identity
616,1192,why_verify_identity,verify_my_identity,verify_my_identity
616,1193,why_verify_identity,verify_my_identity,verify_my_identity
616,1194,why_verify_identity,verify_my_identity,verify_my_identity
616,1195,why_verify_identity,verify_my_identity,verify_my_identity
616,1196,why_verify_identity,verify_my_identity,verify_my_identity
616,1197,why_verify_identity,verify_my_identity,verify_my_identity
616,1198,why_verify_identity,why_verify_identity,why_verify_identity
616,1199,why_verify_identity,why_verify_identity,why_verify_identity
616,1200,unable_to_verify_identity,unable_to_verify_identity,unable_to_verify_identity
616,1201,unable_to_verify_identity,verify_my_identity,unable_to_verify_identity
616,1202,unable_to_verify_identity,unable_to_verify_identity,unable_to_verify_identity
616,1203,unable_to_verify_identity,unable_to_verify_identity,unable_to_verify_identity
616,1204,unable_to_verify_identity,verify_my_identity,verify_my_identity
616,1205,unable_to_verify_identity,unable_to_verify_identity,unable_to_verify_identity
616,1206,unable_to_verify_identity,unable_to_verify_identity,unable_to_verify_identity
616,1207,unable_to_verify_identity,unable_to_verify_identity,unable_to_verify_identity
616,1208,unable_to_verify_identity,unable_to_verify_identity,unable_to_verify_identity
616,1209,unable_to_verify_identity,verify_my_identity,verify_my_identity
616,1210,unable_to_verify_identity,unable_to_verify_identity,unable_to_verify_identity
616,1211,unable_to_verify_identity,unable_to_verify_identity,unable_to_verify_identity
616,1212,unable_to_verify_identity,unable_to_verify_identity,unable_to_verify_identity
616,1213,unable_to_verify_identity,unable_to_verify_identity,unable_to_verify_identity
616,1214,unable_to_verify_identity,verify_my_identity,unable_to_verify_identity
616,1215,unable_to_verify_identity,card_payment_not_recognised,declined_cash_withdrawal
616,1216,unable_to_verify_identity,unable_to_verify_identity,unable_to_verify_identity
616,1217,unable_to_verify_identity,unable_to_verify_identity,unable_to_verify_identity
616,1218,unable_to_verify_identity,unable_to_verify_identity,unable_to_verify_identity
616,1219,unable_to_verify_identity,unable_to_verify_identity,unable_to_verify_identity
616,1220,unable_to_verify_identity,unable_to_verify_identity,unable_to_verify_identity
616,1221,unable_to_verify_identity,unable_to_verify_identity,unable_to_verify_identity
616,1222,unable_to_verify_identity,unable_to_verify_identity,unable_to_verify_identity
616,1223,unable_to_verify_identity,unable_to_verify_identity,unable_to_verify_identity
616,1224,unable_to_verify_identity,verify_my_identity,unable_to_verify_identity
616,1225,unable_to_verify_identity,verify_my_identity,verify_my_identity
616,1226,unable_to_verify_identity,unable_to_verify_identity,unable_to_verify_identity
616,1227,unable_to_verify_identity,verify_my_identity,unable_to_verify_identity
616,1228,unable_to_verify_identity,unable_to_verify_identity,unable_to_verify_identity
616,1229,unable_to_verify_identity,unable_to_verify_identity,unable_to_verify_identity
616,1230,unable_to_verify_identity,verify_my_identity,verify_my_identity
616,1231,unable_to_verify_identity,verify_my_identity,unable_to_verify_identity
616,1232,unable_to_verify_identity,unable_to_verify_identity,unable_to_verify_identity
616,1233,unable_to_verify_identity,unable_to_verify_identity,unable_to_verify_identity
616,1234,unable_to_verify_identity,verify_my_identity,unable_to_verify_identity
616,1235,unable_to_verify_identity,unable_to_verify_identity,unable_to_verify_identity
616,1236,unable_to_verify_identity,unable_to_verify_identity,unable_to_verify_identity
616,1237,unable_to_verify_identity,verify_my_identity,unable_to_verify_identity
616,1238,unable_to_verify_identity,verify_my_identity,unable_to_verify_identity
616,1239,unable_to_verify_identity,unable_to_verify_identity,unable_to_verify_identity
616,1240,get_physical_card,get_physical_card,get_physical_card
616,1241,get_physical_card,get_physical_card,card_acceptance
616,1242,get_physical_card,get_physical_card,get_physical_card
616,1243,get_physical_card,get_physical_card,get_physical_card
616,1244,get_physical_card,get_physical_card,get_physical_card
616,1245,get_physical_card,get_physical_card,getting_virtual_card
616,1246,get_physical_card,get_physical_card,getting_virtual_card
616,1247,get_physical_card,card_linking,card_linking
616,1248,get_physical_card,get_physical_card,get_physical_card
616,1249,get_physical_card,get_physical_card,get_physical_card
616,1250,get_physical_card,get_physical_card,get_physical_card
616,1251,get_physical_card,get_physical_card,get_physical_card
616,1252,get_physical_card,get_physical_card,get_physical_card
616,1253,get_physical_card,get_physical_card,get_physical_card
616,1254,get_physical_card,get_physical_card,get_physical_card
616,1255,get_physical_card,get_physical_card,get_physical_card
616,1256,get_physical_card,get_physical_card,get_physical_card
616,1257,get_physical_card,get_physical_card,get_physical_card
616,1258,get_physical_card,get_physical_card,get_physical_card
616,1259,get_physical_card,pin_blocked,pin_blocked
616,1260,get_physical_card,get_physical_card,order_physical_card
616,1261,get_physical_card,get_physical_card,getting_virtual_card
616,1262,get_physical_card,get_physical_card,get_physical_card
616,1263,get_physical_card,get_physical_card,balance_not_updated_after_cheque_or_cash_deposit
616,1264,get_physical_card,get_physical_card,get_physical_card
616,1265,get_physical_card,get_physical_card,get_physical_card
616,1266,get_physical_card,get_physical_card,get_physical_card
616,1267,get_physical_card,get_physical_card,get_physical_card
616,1268,get_physical_card,get_physical_card,get_physical_card
616,1269,get_physical_card,get_physical_card,get_physical_card
616,1270,get_physical_card,get_physical_card,get_physical_card
616,1271,get_physical_card,get_physical_card,card_delivery_estimate
616,1272,get_physical_card,get_physical_card,get_physical_card
616,1273,get_physical_card,get_physical_card,get_physical_card
616,1274,get_physical_card,get_physical_card,get_physical_card
616,1275,get_physical_card,get_physical_card,get_physical_card
616,1276,get_physical_card,get_physical_card,get_physical_card
616,1277,get_physical_card,get_physical_card,get_physical_card
616,1278,get_physical_card,get_physical_card,get_physical_card
616,1279,get_physical_card,get_physical_card,get_physical_card
616,1280,visa_or_mastercard,visa_or_mastercard,visa_or_mastercard
616,1281,visa_or_mastercard,visa_or_mastercard,visa_or_mastercard
616,1282,visa_or_mastercard,getting_virtual_card,getting_virtual_card
616,1283,visa_or_mastercard,visa_or_mastercard,visa_or_mastercard
616,1284,visa_or_mastercard,visa_or_mastercard,visa_or_mastercard
616,1285,visa_or_mastercard,visa_or_mastercard,visa_or_mastercard
616,1286,visa_or_mastercard,visa_or_mastercard,visa_or_mastercard
616,1287,visa_or_mastercard,visa_or_mastercard,visa_or_mastercard
616,1288,visa_or_mastercard,visa_or_mastercard,visa_or_mastercard
616,1289,visa_or_mastercard,visa_or_mastercard,visa_or_mastercard
616,1290,visa_or_mastercard,getting_virtual_card,getting_virtual_card
616,1291,visa_or_mastercard,visa_or_mastercard,visa_or_mastercard
616,1292,visa_or_mastercard,visa_or_mastercard,visa_or_mastercard
616,1293,visa_or_mastercard,getting_virtual_card,getting_virtual_card
616,1294,visa_or_mastercard,visa_or_mastercard,visa_or_mastercard
616,1295,visa_or_mastercard,visa_or_mastercard,visa_or_mastercard
616,1296,visa_or_mastercard,order_physical_card,verify_source_of_funds
616,1297,visa_or_mastercard,getting_spare_card,getting_virtual_card
616,1298,visa_or_mastercard,visa_or_mastercard,visa_or_mastercard
616,1299,visa_or_mastercard,order_physical_card,order_physical_card
616,1300,visa_or_mastercard,visa_or_mastercard,visa_or_mastercard
616,1301,visa_or_mastercard,visa_or_mastercard,visa_or_mastercard
616,1302,visa_or_mastercard,visa_or_mastercard,visa_or_mastercard
616,1303,visa_or_mastercard,visa_or_mastercard,visa_or_mastercard
616,1304,visa_or_mastercard,visa_or_mastercard,visa_or_mastercard
616,1305,visa_or_mastercard,visa_or_mastercard,visa_or_mastercard
616,1306,visa_or_mastercard,visa_or_mastercard,visa_or_mastercard
616,1307,visa_or_mastercard,visa_or_mastercard,visa_or_mastercard
616,1308,visa_or_mastercard,visa_or_mastercard,visa_or_mastercard
616,1309,visa_or_mastercard,visa_or_mastercard,visa_or_mastercard
616,1310,visa_or_mastercard,visa_or_mastercard,visa_or_mastercard
616,1311,visa_or_mastercard,visa_or_mastercard,visa_or_mastercard
616,1312,visa_or_mastercard,visa_or_mastercard,visa_or_mastercard
616,1313,visa_or_mastercard,visa_or_mastercard,visa_or_mastercard
616,1314,visa_or_mastercard,visa_or_mastercard,visa_or_mastercard
616,1315,visa_or_mastercard,card_acceptance,card_acceptance
616,1316,visa_or_mastercard,visa_or_mastercard,visa_or_mastercard
616,1317,visa_or_mastercard,visa_or_mastercard,visa_or_mastercard
616,1318,visa_or_mastercard,visa_or_mastercard,visa_or_mastercard
616,1319,visa_or_mastercard,visa_or_mastercard,visa_or_mastercard
616,1320,topping_up_by_card,topping_up_by_card,getting_virtual_card
616,1321,topping_up_by_card,card_swallowed,verify_source_of_funds
616,1322,topping_up_by_card,top_up_limits,getting_virtual_card
616,1323,topping_up_by_card,transfer_into_account,transfer_into_account
616,1324,topping_up_by_card,card_linking,card_linking
616,1325,topping_up_by_card,age_limit,transfer_into_account
616,1326,topping_up_by_card,top_up_limits,apple_pay_or_google_pay
616,1327,topping_up_by_card,top_up_reverted,verify_source_of_funds
616,1328,topping_up_by_card,transfer_into_account,transfer_into_account
616,1329,topping_up_by_card,transfer_into_account,transfer_into_account
616,1330,topping_up_by_card,card_swallowed,verify_source_of_funds
616,1331,topping_up_by_card,card_payment_not_recognised,verify_source_of_funds
616,1332,topping_up_by_card,top_up_limits,top_up_limits
616,1333,topping_up_by_card,cash_withdrawal_not_recognised,verify_source_of_funds
616,1334,topping_up_by_card,transfer_into_account,apple_pay_or_google_pay
616,1335,topping_up_by_card,transfer_into_account,transfer_into_account
616,1336,topping_up_by_card,transfer_into_account,transfer_into_account
616,1337,topping_up_by_card,pending_top_up,verify_source_of_funds
616,1338,topping_up_by_card,pending_top_up,pending_top_up
616,1339,topping_up_by_card,transfer_into_account,transfer_into_account
616,1340,topping_up_by_card,order_physical_card,transfer_into_account
616,1341,topping_up_by_card,pending_top_up,verify_source_of_funds
616,1342,topping_up_by_card,topping_up_by_card,topping_up_by_card
616,1343,topping_up_by_card,transfer_into_account,transfer_into_account
616,1344,topping_up_by_card,topping_up_by_card,declined_cash_withdrawal
616,1345,topping_up_by_card,topping_up_by_card,transfer_into_account
616,1346,topping_up_by_card,transfer_into_account,transfer_into_account
616,1347,topping_up_by_card,pending_top_up,top_up_failed
616,1348,topping_up_by_card,age_limit,verify_source_of_funds
616,1349,topping_up_by_card,topping_up_by_card,transfer_into_account
616,1350,topping_up_by_card,top_up_limits,transfer_into_account
616,1351,topping_up_by_card,top_up_reverted,verify_source_of_funds
616,1352,topping_up_by_card,transfer_into_account,transfer_into_account
616,1353,topping_up_by_card,transfer_into_account,verify_source_of_funds
616,1354,topping_up_by_card,top_up_limits,transfer_into_account
616,1355,topping_up_by_card,verify_top_up,verify_top_up
616,1356,topping_up_by_card,card_swallowed,card_swallowed
616,1357,topping_up_by_card,top_up_reverted,verify_source_of_funds
616,1358,topping_up_by_card,top_up_reverted,balance_not_updated_after_cheque_or_cash_deposit
616,1359,topping_up_by_card,top_up_limits,apple_pay_or_google_pay
616,1360,disposable_card_limits,disposable_card_limits,getting_virtual_card
616,1361,disposable_card_limits,disposable_card_limits,disposable_card_limits
616,1362,disposable_card_limits,disposable_card_limits,disposable_card_limits
616,1363,disposable_card_limits,get_disposable_virtual_card,get_disposable_virtual_card
616,1364,disposable_card_limits,disposable_card_limits,disposable_card_limits
616,1365,disposable_card_limits,disposable_card_limits,disposable_card_limits
616,1366,disposable_card_limits,disposable_card_limits,disposable_card_limits
616,1367,disposable_card_limits,getting_virtual_card,getting_virtual_card
616,1368,disposable_card_limits,disposable_card_limits,disposable_card_limits
616,1369,disposable_card_limits,disposable_card_limits,disposable_card_limits
616,1370,disposable_card_limits,disposable_card_limits,disposable_card_limits
616,1371,disposable_card_limits,disposable_card_limits,disposable_card_limits
616,1372,disposable_card_limits,disposable_card_limits,disposable_card_limits
616,1373,disposable_card_limits,disposable_card_limits,disposable_card_limits
616,1374,disposable_card_limits,disposable_card_limits,disposable_card_limits
616,1375,disposable_card_limits,disposable_card_limits,disposable_card_limits
616,1376,disposable_card_limits,disposable_card_limits,disposable_card_limits
616,1377,disposable_card_limits,disposable_card_limits,disposable_card_limits
616,1378,disposable_card_limits,disposable_card_limits,disposable_card_limits
616,1379,disposable_card_limits,disposable_card_limits,disposable_card_limits
616,1380,disposable_card_limits,disposable_card_limits,disposable_card_limits
616,1381,disposable_card_limits,getting_spare_card,getting_virtual_card
616,1382,disposable_card_limits,disposable_card_limits,disposable_card_limits
616,1383,disposable_card_limits,disposable_card_limits,disposable_card_limits
616,1384,disposable_card_limits,disposable_card_limits,disposable_card_limits
616,1385,disposable_card_limits,disposable_card_limits,disposable_card_limits
616,1386,disposable_card_limits,getting_virtual_card,getting_virtual_card
616,1387,disposable_card_limits,get_disposable_virtual_card,getting_virtual_card
616,1388,disposable_card_limits,disposable_card_limits,disposable_card_limits
616,1389,disposable_card_limits,get_disposable_virtual_card,getting_virtual_card
616,1390,disposable_card_limits,disposable_card_limits,disposable_card_limits
616,1391,disposable_card_limits,getting_virtual_card,getting_virtual_card
616,1392,disposable_card_limits,disposable_card_limits,disposable_card_limits
616,1393,disposable_card_limits,disposable_card_limits,disposable_card_limits
616,1394,disposable_card_limits,get_disposable_virtual_card,getting_virtual_card
616,1395,disposable_card_limits,disposable_card_limits,disposable_card_limits
616,1396,disposable_card_limits,disposable_card_limits,disposable_card_limits
616,1397,disposable_card_limits,disposable_card_limits,disposable_card_limits
616,1398,disposable_card_limits,disposable_card_limits,disposable_card_limits
616,1399,disposable_card_limits,get_disposable_virtual_card,getting_virtual_card
616,1400,compromised_card,compromised_card,compromised_card
616,1401,compromised_card,compromised_card,compromised_card
616,1402,compromised_card,compromised_card,card_payment_not_recognised
616,1403,compromised_card,lost_or_stolen_card,lost_or_stolen_card
616,1404,compromised_card,card_arrival,card_arrival
616,1405,compromised_card,terminate_account,terminate_account
616,1406,compromised_card,compromised_card,compromised_card
616,1407,compromised_card,compromised_card,compromised_card
616,1408,compromised_card,terminate_account,compromised_card
616,1409,compromised_card,compromised_card,compromised_card
616,1410,compromised_card,compromised_card,compromised_card
616,1411,compromised_card,lost_or_stolen_card,lost_or_stolen_card
616,1412,compromised_card,compromised_card,transfer_into_account
616,1413,compromised_card,compromised_card,verify_my_identity
616,1414,compromised_card,compromised_card,compromised_card
616,1415,compromised_card,compromised_card,compromised_card
616,1416,compromised_card,card_payment_not_recognised,transfer_into_account
616,1417,compromised_card,compromised_card,compromised_card
616,1418,compromised_card,compromised_card,declined_cash_withdrawal
616,1419,compromised_card,compromised_card,verify_source_of_funds
616,1420,compromised_card,compromised_card,compromised_card
616,1421,compromised_card,card_linking,getting_virtual_card
616,1422,compromised_card,lost_or_stolen_card,lost_or_stolen_card
616,1423,compromised_card,compromised_card,compromised_card
616,1424,compromised_card,compromised_card,compromised_card
616,1425,compromised_card,transfer_into_account,transfer_into_account
616,1426,compromised_card,compromised_card,compromised_card
616,1427,compromised_card,compromised_card,compromised_card
616,1428,compromised_card,compromised_card,compromised_card
616,1429,compromised_card,compromised_card,compromised_card
616,1430,compromised_card,compromised_card,card_payment_not_recognised
616,1431,compromised_card,card_about_to_expire,card_arrival
616,1432,compromised_card,compromised_card,compromised_card
616,1433,compromised_card,compromised_card,compromised_card
616,1434,compromised_card,lost_or_stolen_card,contactless_not_working
616,1435,compromised_card,compromised_card,lost_or_stolen_card
616,1436,compromised_card,compromised_card,compromised_card
616,1437,compromised_card,compromised_card,compromised_card
616,1438,compromised_card,card_linking,card_payment_not_recognised
616,1439,compromised_card,compromised_card,compromised_card
616,1440,atm_support,atm_support,atm_support
616,1441,atm_support,card_acceptance,card_acceptance
616,1442,atm_support,atm_support,atm_support
616,1443,atm_support,atm_support,atm_support
616,1444,atm_support,atm_support,atm_support
616,1445,atm_support,card_acceptance,atm_support
616,1446,atm_support,atm_support,atm_support
616,1447,atm_support,atm_support,atm_support
616,1448,atm_support,card_acceptance,card_acceptance
616,1449,atm_support,atm_support,atm_support
616,1450,atm_support,atm_support,atm_support
616,1451,atm_support,atm_support,atm_support
616,1452,atm_support,atm_support,atm_support
616,1453,atm_support,atm_support,atm_support
616,1454,atm_support,atm_support,verify_source_of_funds
616,1455,atm_support,atm_support,atm_support
616,1456,atm_support,atm_support,verify_source_of_funds
616,1457,atm_support,atm_support,atm_support
616,1458,atm_support,atm_support,atm_support
616,1459,atm_support,atm_support,atm_support
616,1460,atm_support,order_physical_card,atm_support
616,1461,atm_support,card_acceptance,card_acceptance
616,1462,atm_support,atm_support,atm_support
616,1463,atm_support,atm_support,atm_support
616,1464,atm_support,atm_support,atm_support
616,1465,atm_support,card_acceptance,card_acceptance
616,1466,atm_support,atm_support,atm_support
616,1467,atm_support,atm_support,atm_support
616,1468,atm_support,atm_support,atm_support
616,1469,atm_support,atm_support,verify_source_of_funds
616,1470,atm_support,atm_support,verify_source_of_funds
616,1471,atm_support,card_acceptance,card_acceptance
616,1472,atm_support,card_acceptance,card_acceptance
616,1473,atm_support,atm_support,atm_support
616,1474,atm_support,atm_support,atm_support
616,1475,atm_support,atm_support,atm_support
616,1476,atm_support,atm_support,atm_support
616,1477,atm_support,atm_support,atm_support
616,1478,atm_support,atm_support,atm_support
616,1479,atm_support,atm_support,verify_source_of_funds
616,1480,direct_debit_payment_not_recognised,direct_debit_payment_not_recognised,direct_debit_payment_not_recognised
616,1481,direct_debit_payment_not_recognised,direct_debit_payment_not_recognised,direct_debit_payment_not_recognised
616,1482,direct_debit_payment_not_recognised,direct_debit_payment_not_recognised,direct_debit_payment_not_recognised
616,1483,direct_debit_payment_not_recognised,direct_debit_payment_not_recognised,verify_source_of_funds
616,1484,direct_debit_payment_not_recognised,card_payment_fee_charged,card_payment_not_recognised
616,1485,direct_debit_payment_not_recognised,transaction_charged_twice,declined_cash_withdrawal
616,1486,direct_debit_payment_not_recognised,lost_or_stolen_card,verify_source_of_funds
616,1487,direct_debit_payment_not_recognised,direct_debit_payment_not_recognised,direct_debit_payment_not_recognised
616,1488,direct_debit_payment_not_recognised,direct_debit_payment_not_recognised,card_payment_not_recognised
616,1489,direct_debit_payment_not_recognised,direct_debit_payment_not_recognised,direct_debit_payment_not_recognised
616,1490,direct_debit_payment_not_recognised,direct_debit_payment_not_recognised,direct_debit_payment_not_recognised
616,1491,direct_debit_payment_not_recognised,direct_debit_payment_not_recognised,direct_debit_payment_not_recognised
616,1492,direct_debit_payment_not_recognised,card_payment_not_recognised,card_payment_not_recognised
616,1493,direct_debit_payment_not_recognised,compromised_card,verify_source_of_funds
616,1494,direct_debit_payment_not_recognised,direct_debit_payment_not_recognised,direct_debit_payment_not_recognised
616,1495,direct_debit_payment_not_recognised,direct_debit_payment_not_recognised,direct_debit_payment_not_recognised
616,1496,direct_debit_payment_not_recognised,direct_debit_payment_not_recognised,verify_source_of_funds
616,1497,direct_debit_payment_not_recognised,direct_debit_payment_not_recognised,direct_debit_payment_not_recognised
616,1498,direct_debit_payment_not_recognised,compromised_card,verify_source_of_funds
616,1499,direct_debit_payment_not_recognised,reverted_card_payment?,verify_source_of_funds
616,1500,direct_debit_payment_not_recognised,direct_debit_payment_not_recognised,direct_debit_payment_not_recognised
616,1501,direct_debit_payment_not_recognised,card_payment_not_recognised,card_payment_not_recognised
616,1502,direct_debit_payment_not_recognised,direct_debit_payment_not_recognised,direct_debit_payment_not_recognised
616,1503,direct_debit_payment_not_recognised,direct_debit_payment_not_recognised,direct_debit_payment_not_recognised
616,1504,direct_debit_payment_not_recognised,card_payment_not_recognised,verify_source_of_funds
616,1505,direct_debit_payment_not_recognised,direct_debit_payment_not_recognised,card_payment_not_recognised
616,1506,direct_debit_payment_not_recognised,direct_debit_payment_not_recognised,direct_debit_payment_not_recognised
616,1507,direct_debit_payment_not_recognised,direct_debit_payment_not_recognised,direct_debit_payment_not_recognised
616,1508,direct_debit_payment_not_recognised,direct_debit_payment_not_recognised,direct_debit_payment_not_recognised
616,1509,direct_debit_payment_not_recognised,direct_debit_payment_not_recognised,direct_debit_payment_not_recognised
616,1510,direct_debit_payment_not_recognised,card_payment_not_recognised,card_payment_not_recognised
616,1511,direct_debit_payment_not_recognised,direct_debit_payment_not_recognised,verify_source_of_funds
616,1512,direct_debit_payment_not_recognised,terminate_account,verify_source_of_funds
616,1513,direct_debit_payment_not_recognised,direct_debit_payment_not_recognised,getting_virtual_card
616,1514,direct_debit_payment_not_recognised,direct_debit_payment_not_recognised,direct_debit_payment_not_recognised
616,1515,direct_debit_payment_not_recognised,direct_debit_payment_not_recognised,direct_debit_payment_not_recognised
616,1516,direct_debit_payment_not_recognised,cash_withdrawal_not_recognised,verify_source_of_funds
616,1517,direct_debit_payment_not_recognised,card_payment_not_recognised,card_payment_not_recognised
616,1518,direct_debit_payment_not_recognised,direct_debit_payment_not_recognised,direct_debit_payment_not_recognised
616,1519,direct_debit_payment_not_recognised,reverted_card_payment?,verify_source_of_funds
616,1520,passcode_forgotten,passcode_forgotten,passcode_forgotten
616,1521,passcode_forgotten,passcode_forgotten,passcode_forgotten
616,1522,passcode_forgotten,passcode_forgotten,passcode_forgotten
616,1523,passcode_forgotten,passcode_forgotten,contactless_not_working
616,1524,passcode_forgotten,passcode_forgotten,passcode_forgotten
616,1525,passcode_forgotten,passcode_forgotten,passcode_forgotten
616,1526,passcode_forgotten,passcode_forgotten,passcode_forgotten
616,1527,passcode_forgotten,passcode_forgotten,passcode_forgotten
616,1528,passcode_forgotten,passcode_forgotten,passcode_forgotten
616,1529,passcode_forgotten,passcode_forgotten,passcode_forgotten
616,1530,passcode_forgotten,passcode_forgotten,passcode_forgotten
616,1531,passcode_forgotten,passcode_forgotten,passcode_forgotten
616,1532,passcode_forgotten,passcode_forgotten,card_payment_not_recognised
616,1533,passcode_forgotten,passcode_forgotten,passcode_forgotten
616,1534,passcode_forgotten,passcode_forgotten,contactless_not_working
616,1535,passcode_forgotten,passcode_forgotten,cancel_transfer
616,1536,passcode_forgotten,passcode_forgotten,passcode_forgotten
616,1537,passcode_forgotten,passcode_forgotten,passcode_forgotten
616,1538,passcode_forgotten,passcode_forgotten,passcode_forgotten
616,1539,passcode_forgotten,passcode_forgotten,passcode_forgotten
616,1540,passcode_forgotten,passcode_forgotten,passcode_forgotten
616,1541,passcode_forgotten,passcode_forgotten,passcode_forgotten
616,1542,passcode_forgotten,passcode_forgotten,passcode_forgotten
616,1543,passcode_forgotten,passcode_forgotten,passcode_forgotten
616,1544,passcode_forgotten,passcode_forgotten,verify_my_identity
616,1545,passcode_forgotten,passcode_forgotten,passcode_forgotten
616,1546,passcode_forgotten,passcode_forgotten,card_payment_not_recognised
616,1547,passcode_forgotten,passcode_forgotten,passcode_forgotten
616,1548,passcode_forgotten,passcode_forgotten,card_payment_not_recognised
616,1549,passcode_forgotten,passcode_forgotten,passcode_forgotten
616,1550,passcode_forgotten,passcode_forgotten,passcode_forgotten
616,1551,passcode_forgotten,passcode_forgotten,passcode_forgotten
616,1552,passcode_forgotten,passcode_forgotten,passcode_forgotten
616,1553,passcode_forgotten,passcode_forgotten,passcode_forgotten
616,1554,passcode_forgotten,passcode_forgotten,passcode_forgotten
616,1555,passcode_forgotten,passcode_forgotten,passcode_forgotten
616,1556,passcode_forgotten,passcode_forgotten,passcode_forgotten
616,1557,passcode_forgotten,passcode_forgotten,card_payment_not_recognised
616,1558,passcode_forgotten,passcode_forgotten,passcode_forgotten
616,1559,passcode_forgotten,activate_my_card,getting_virtual_card
616,1560,declined_cash_withdrawal,declined_cash_withdrawal,declined_cash_withdrawal
616,1561,declined_cash_withdrawal,cash_withdrawal_not_recognised,declined_cash_withdrawal
616,1562,declined_cash_withdrawal,declined_cash_withdrawal,declined_cash_withdrawal
616,1563,declined_cash_withdrawal,declined_cash_withdrawal,declined_cash_withdrawal
616,1564,declined_cash_withdrawal,card_swallowed,declined_cash_withdrawal
616,1565,declined_cash_withdrawal,declined_cash_withdrawal,declined_cash_withdrawal
616,1566,declined_cash_withdrawal,declined_cash_withdrawal,declined_cash_withdrawal
616,1567,declined_cash_withdrawal,declined_cash_withdrawal,declined_cash_withdrawal
616,1568,declined_cash_withdrawal,declined_cash_withdrawal,verify_source_of_funds
616,1569,declined_cash_withdrawal,declined_cash_withdrawal,declined_cash_withdrawal
616,1570,declined_cash_withdrawal,declined_card_payment,declined_card_payment
616,1571,declined_cash_withdrawal,declined_cash_withdrawal,declined_cash_withdrawal
616,1572,declined_cash_withdrawal,declined_card_payment,declined_cash_withdrawal
616,1573,declined_cash_withdrawal,declined_cash_withdrawal,declined_cash_withdrawal
616,1574,declined_cash_withdrawal,declined_cash_withdrawal,declined_cash_withdrawal
616,1575,declined_cash_withdrawal,declined_transfer,declined_transfer
616,1576,declined_cash_withdrawal,declined_cash_withdrawal,declined_cash_withdrawal
616,1577,declined_cash_withdrawal,declined_cash_withdrawal,declined_cash_withdrawal
616,1578,declined_cash_withdrawal,card_swallowed,declined_card_payment
616,1579,declined_cash_withdrawal,declined_cash_withdrawal,declined_cash_withdrawal
616,1580,declined_cash_withdrawal,card_swallowed,declined_cash_withdrawal
616,1581,declined_cash_withdrawal,declined_cash_withdrawal,declined_cash_withdrawal
616,1582,declined_cash_withdrawal,declined_cash_withdrawal,declined_cash_withdrawal
616,1583,declined_cash_withdrawal,declined_cash_withdrawal,declined_cash_withdrawal
616,1584,declined_cash_withdrawal,declined_cash_withdrawal,declined_cash_withdrawal
616,1585,declined_cash_withdrawal,declined_card_payment,declined_cash_withdrawal
616,1586,declined_cash_withdrawal,declined_cash_withdrawal,declined_cash_withdrawal
616,1587,declined_cash_withdrawal,declined_cash_withdrawal,declined_cash_withdrawal
616,1588,declined_cash_withdrawal,declined_cash_withdrawal,declined_cash_withdrawal
616,1589,declined_cash_withdrawal,declined_cash_withdrawal,declined_cash_withdrawal
616,1590,declined_cash_withdrawal,declined_cash_withdrawal,declined_cash_withdrawal
616,1591,declined_cash_withdrawal,declined_cash_withdrawal,declined_cash_withdrawal
616,1592,declined_cash_withdrawal,declined_card_payment,declined_card_payment
616,1593,declined_cash_withdrawal,declined_cash_withdrawal,declined_cash_withdrawal
616,1594,declined_cash_withdrawal,declined_card_payment,declined_cash_withdrawal
616,1595,declined_cash_withdrawal,declined_cash_withdrawal,declined_cash_withdrawal
616,1596,declined_cash_withdrawal,declined_card_payment,declined_cash_withdrawal
616,1597,declined_cash_withdrawal,declined_cash_withdrawal,declined_cash_withdrawal
616,1598,declined_cash_withdrawal,declined_cash_withdrawal,declined_cash_withdrawal
616,1599,declined_cash_withdrawal,declined_cash_withdrawal,declined_cash_withdrawal
616,1600,pending_card_payment,pending_card_payment,declined_card_payment
616,1601,pending_card_payment,pending_card_payment,pending_card_payment
616,1602,pending_card_payment,pending_card_payment,pending_card_payment
616,1603,pending_card_payment,card_arrival,getting_virtual_card
616,1604,pending_card_payment,pending_card_payment,pending_card_payment
616,1605,pending_card_payment,pending_card_payment,verify_source_of_funds
616,1606,pending_card_payment,pending_card_payment,pending_card_payment
616,1607,pending_card_payment,pending_card_payment,pending_card_payment
616,1608,pending_card_payment,pending_card_payment,pending_card_payment
616,1609,pending_card_payment,pending_card_payment,card_delivery_estimate
616,1610,pending_card_payment,pending_card_payment,balance_not_updated_after_cheque_or_cash_deposit
616,1611,pending_card_payment,pending_card_payment,pending_card_payment
616,1612,pending_card_payment,pending_card_payment,pending_card_payment
616,1613,pending_card_payment,pending_card_payment,balance_not_updated_after_cheque_or_cash_deposit
616,1614,pending_card_payment,pending_card_payment,balance_not_updated_after_cheque_or_cash_deposit
616,1615,pending_card_payment,pending_card_payment,request_refund
616,1616,pending_card_payment,pending_card_payment,pending_card_payment
616,1617,pending_card_payment,pending_card_payment,pending_cash_withdrawal
616,1618,pending_card_payment,pending_card_payment,pending_card_payment
616,1619,pending_card_payment,pending_card_payment,pending_card_payment
616,1620,pending_card_payment,pending_card_payment,pending_card_payment
616,1621,pending_card_payment,pending_card_payment,pending_card_payment
616,1622,pending_card_payment,card_delivery_estimate,card_delivery_estimate
616,1623,pending_card_payment,pending_card_payment,pending_card_payment
616,1624,pending_card_payment,pending_card_payment,card_arrival
616,1625,pending_card_payment,pending_card_payment,card_payment_not_recognised
616,1626,pending_card_payment,transaction_charged_twice,request_refund
616,1627,pending_card_payment,balance_not_updated_after_cheque_or_cash_deposit,balance_not_updated_after_cheque_or_cash_deposit
616,1628,pending_card_payment,pending_card_payment,verify_source_of_funds
616,1629,pending_card_payment,pending_card_payment,exchange_rate
616,1630,pending_card_payment,pending_card_payment,pending_card_payment
616,1631,pending_card_payment,pending_card_payment,pending_card_payment
616,1632,pending_card_payment,pending_card_payment,transfer_not_received_by_recipient
616,1633,pending_card_payment,pending_card_payment,balance_not_updated_after_cheque_or_cash_deposit
616,1634,pending_card_payment,transfer_timing,verify_source_of_funds
616,1635,pending_card_payment,pending_card_payment,verify_source_of_funds
616,1636,pending_card_payment,pending_card_payment,exchange_rate
616,1637,pending_card_payment,pending_card_payment,pending_card_payment
616,1638,pending_card_payment,pending_card_payment,pending_card_payment
616,1639,pending_card_payment,pending_card_payment,balance_not_updated_after_cheque_or_cash_deposit
616,1640,lost_or_stolen_phone,lost_or_stolen_phone,lost_or_stolen_phone
616,1641,lost_or_stolen_phone,lost_or_stolen_phone,lost_or_stolen_phone
616,1642,lost_or_stolen_phone,lost_or_stolen_phone,lost_or_stolen_phone
616,1643,lost_or_stolen_phone,lost_or_stolen_phone,lost_or_stolen_phone
616,1644,lost_or_stolen_phone,lost_or_stolen_phone,verify_source_of_funds
616,1645,lost_or_stolen_phone,lost_or_stolen_phone,lost_or_stolen_phone
616,1646,lost_or_stolen_phone,lost_or_stolen_phone,lost_or_stolen_phone
616,1647,lost_or_stolen_phone,lost_or_stolen_phone,lost_or_stolen_phone
616,1648,lost_or_stolen_phone,lost_or_stolen_phone,lost_or_stolen_phone
616,1649,lost_or_stolen_phone,lost_or_stolen_phone,lost_or_stolen_phone
616,1650,lost_or_stolen_phone,lost_or_stolen_phone,lost_or_stolen_phone
616,1651,lost_or_stolen_phone,lost_or_stolen_phone,lost_or_stolen_phone
616,1652,lost_or_stolen_phone,lost_or_stolen_phone,lost_or_stolen_phone
616,1653,lost_or_stolen_phone,lost_or_stolen_phone,lost_or_stolen_phone
616,1654,lost_or_stolen_phone,lost_or_stolen_phone,lost_or_stolen_phone
616,1655,lost_or_stolen_phone,lost_or_stolen_phone,lost_or_stolen_phone
616,1656,lost_or_stolen_phone,lost_or_stolen_phone,lost_or_stolen_phone
616,1657,lost_or_stolen_phone,cancel_transfer,lost_or_stolen_phone
616,1658,lost_or_stolen_phone,terminate_account,lost_or_stolen_phone
616,1659,lost_or_stolen_phone,lost_or_stolen_phone,lost_or_stolen_phone
616,1660,lost_or_stolen_phone,lost_or_stolen_phone,lost_or_stolen_phone
616,1661,lost_or_stolen_phone,lost_or_stolen_phone,lost_or_stolen_phone
616,1662,lost_or_stolen_phone,lost_or_stolen_phone,lost_or_stolen_phone
616,1663,lost_or_stolen_phone,lost_or_stolen_card,verify_source_of_funds
616,1664,lost_or_stolen_phone,lost_or_stolen_phone,lost_or_stolen_phone
616,1665,lost_or_stolen_phone,lost_or_stolen_phone,lost_or_stolen_phone
616,1666,lost_or_stolen_phone,lost_or_stolen_phone,lost_or_stolen_phone
616,1667,lost_or_stolen_phone,lost_or_stolen_phone,lost_or_stolen_phone
616,1668,lost_or_stolen_phone,lost_or_stolen_phone,lost_or_stolen_phone
616,1669,lost_or_stolen_phone,lost_or_stolen_phone,lost_or_stolen_phone
616,1670,lost_or_stolen_phone,lost_or_stolen_phone,lost_or_stolen_phone
616,1671,lost_or_stolen_phone,lost_or_stolen_phone,lost_or_stolen_phone
616,1672,lost_or_stolen_phone,lost_or_stolen_card,lost_or_stolen_card
616,1673,lost_or_stolen_phone,lost_or_stolen_phone,lost_or_stolen_phone
616,1674,lost_or_stolen_phone,lost_or_stolen_phone,lost_or_stolen_phone
616,1675,lost_or_stolen_phone,lost_or_stolen_phone,lost_or_stolen_phone
616,1676,lost_or_stolen_phone,lost_or_stolen_phone,lost_or_stolen_phone
616,1677,lost_or_stolen_phone,lost_or_stolen_phone,lost_or_stolen_phone
616,1678,lost_or_stolen_phone,card_swallowed,declined_cash_withdrawal
616,1679,lost_or_stolen_phone,lost_or_stolen_phone,lost_or_stolen_phone
616,1680,request_refund,request_refund,request_refund
616,1681,request_refund,request_refund,request_refund
616,1682,request_refund,request_refund,request_refund
616,1683,request_refund,request_refund,request_refund
616,1684,request_refund,request_refund,request_refund
616,1685,request_refund,request_refund,request_refund
616,1686,request_refund,request_refund,request_refund
616,1687,request_refund,request_refund,request_refund
616,1688,request_refund,request_refund,request_refund
616,1689,request_refund,request_refund,request_refund
616,1690,request_refund,request_refund,request_refund
616,1691,request_refund,terminate_account,cancel_transfer
616,1692,request_refund,request_refund,request_refund
616,1693,request_refund,request_refund,request_refund
616,1694,request_refund,request_refund,request_refund
616,1695,request_refund,reverted_card_payment?,card_payment_not_recognised
616,1696,request_refund,request_refund,request_refund
616,1697,request_refund,request_refund,request_refund
616,1698,request_refund,cancel_transfer,request_refund
616,1699,request_refund,request_refund,request_refund
616,1700,request_refund,request_refund,request_refund
616,1701,request_refund,cancel_transfer,cancel_transfer
616,1702,request_refund,cancel_transfer,cancel_transfer
616,1703,request_refund,request_refund,request_refund
616,1704,request_refund,request_refund,request_refund
616,1705,request_refund,request_refund,request_refund
616,1706,request_refund,cancel_transfer,cancel_transfer
616,1707,request_refund,request_refund,request_refund
616,1708,request_refund,request_refund,request_refund
616,1709,request_refund,cash_withdrawal_not_recognised,verify_source_of_funds
616,1710,request_refund,request_refund,request_refund
616,1711,request_refund,cancel_transfer,request_refund
616,1712,request_refund,reverted_card_payment?,request_refund
616,1713,request_refund,request_refund,request_refund
616,1714,request_refund,request_refund,request_refund
616,1715,request_refund,request_refund,request_refund
616,1716,request_refund,request_refund,request_refund
616,1717,request_refund,request_refund,request_refund
616,1718,request_refund,request_refund,request_refund
616,1719,request_refund,cancel_transfer,cancel_transfer
616,1720,declined_transfer,failed_transfer,failed_transfer
616,1721,declined_transfer,declined_card_payment,declined_card_payment
616,1722,declined_transfer,failed_transfer,failed_transfer
616,1723,declined_transfer,declined_transfer,declined_transfer
616,1724,declined_transfer,declined_transfer,declined_transfer
616,1725,declined_transfer,declined_card_payment,declined_card_payment
616,1726,declined_transfer,declined_card_payment,declined_card_payment
616,1727,declined_transfer,declined_transfer,declined_transfer
616,1728,declined_transfer,declined_card_payment,declined_card_payment
616,1729,declined_transfer,declined_transfer,declined_transfer
616,1730,declined_transfer,declined_card_payment,declined_card_payment
616,1731,declined_transfer,declined_transfer,declined_transfer
616,1732,declined_transfer,declined_transfer,declined_transfer
616,1733,declined_transfer,declined_transfer,declined_transfer
616,1734,declined_transfer,transfer_timing,cancel_transfer
616,1735,declined_transfer,declined_card_payment,declined_card_payment
616,1736,declined_transfer,failed_transfer,failed_transfer
616,1737,declined_transfer,failed_transfer,failed_transfer
616,1738,declined_transfer,declined_transfer,declined_transfer
616,1739,declined_transfer,declined_card_payment,declined_card_payment
616,1740,declined_transfer,declined_transfer,failed_transfer
616,1741,declined_transfer,declined_transfer,declined_transfer
616,1742,declined_transfer,declined_transfer,declined_transfer
616,1743,declined_transfer,declined_transfer,declined_transfer
616,1744,declined_transfer,declined_transfer,declined_transfer
616,1745,declined_transfer,declined_transfer,declined_transfer
616,1746,declined_transfer,failed_transfer,failed_transfer
616,1747,declined_transfer,declined_transfer,declined_transfer
616,1748,declined_transfer,declined_transfer,failed_transfer
616,1749,declined_transfer,declined_transfer,declined_transfer
616,1750,declined_transfer,declined_transfer,failed_transfer
616,1751,declined_transfer,declined_card_payment,verify_source_of_funds
616,1752,declined_transfer,declined_cash_withdrawal,declined_cash_withdrawal
616,1753,declined_transfer,declined_transfer,failed_transfer
616,1754,declined_transfer,declined_card_payment,declined_card_payment
616,1755,declined_transfer,declined_card_payment,declined_card_payment
616,1756,declined_transfer,declined_card_payment,declined_card_payment
616,1757,declined_transfer,declined_transfer,failed_transfer
616,1758,declined_transfer,declined_card_payment,declined_card_payment
616,1759,declined_transfer,declined_transfer,declined_transfer
616,1760,Refund_not_showing_up,balance_not_updated_after_cheque_or_cash_deposit,card_payment_not_recognised
616,1761,Refund_not_showing_up,Refund_not_showing_up,Refund_not_showing_up
616,1762,Refund_not_showing_up,request_refund,request_refund
616,1763,Refund_not_showing_up,balance_not_updated_after_cheque_or_cash_deposit,verify_source_of_funds
616,1764,Refund_not_showing_up,Refund_not_showing_up,Refund_not_showing_up
616,1765,Refund_not_showing_up,Refund_not_showing_up,verify_source_of_funds
616,1766,Refund_not_showing_up,request_refund,request_refund
616,1767,Refund_not_showing_up,request_refund,request_refund
616,1768,Refund_not_showing_up,balance_not_updated_after_cheque_or_cash_deposit,balance_not_updated_after_cheque_or_cash_deposit
616,1769,Refund_not_showing_up,Refund_not_showing_up,request_refund
616,1770,Refund_not_showing_up,request_refund,request_refund
616,1771,Refund_not_showing_up,Refund_not_showing_up,Refund_not_showing_up
616,1772,Refund_not_showing_up,Refund_not_showing_up,request_refund
616,1773,Refund_not_showing_up,Refund_not_showing_up,request_refund
616,1774,Refund_not_showing_up,request_refund,request_refund
616,1775,Refund_not_showing_up,cash_withdrawal_not_recognised,card_payment_not_recognised
616,1776,Refund_not_showing_up,Refund_not_showing_up,Refund_not_showing_up
616,1777,Refund_not_showing_up,balance_not_updated_after_cheque_or_cash_deposit,balance_not_updated_after_cheque_or_cash_deposit
616,1778,Refund_not_showing_up,request_refund,verify_source_of_funds
616,1779,Refund_not_showing_up,balance_not_updated_after_cheque_or_cash_deposit,balance_not_updated_after_cheque_or_cash_deposit
616,1780,Refund_not_showing_up,Refund_not_showing_up,card_payment_not_recognised
616,1781,Refund_not_showing_up,balance_not_updated_after_cheque_or_cash_deposit,card_payment_not_recognised
616,1782,Refund_not_showing_up,Refund_not_showing_up,Refund_not_showing_up
616,1783,Refund_not_showing_up,Refund_not_showing_up,Refund_not_showing_up
616,1784,Refund_not_showing_up,request_refund,request_refund
616,1785,Refund_not_showing_up,Refund_not_showing_up,balance_not_updated_after_cheque_or_cash_deposit
616,1786,Refund_not_showing_up,Refund_not_showing_up,request_refund
616,1787,Refund_not_showing_up,Refund_not_showing_up,Refund_not_showing_up
616,1788,Refund_not_showing_up,Refund_not_showing_up,Refund_not_showing_up
616,1789,Refund_not_showing_up,balance_not_updated_after_cheque_or_cash_deposit,balance_not_updated_after_cheque_or_cash_deposit
616,1790,Refund_not_showing_up,Refund_not_showing_up,Refund_not_showing_up
616,1791,Refund_not_showing_up,balance_not_updated_after_cheque_or_cash_deposit,verify_source_of_funds
616,1792,Refund_not_showing_up,reverted_card_payment?,request_refund
616,1793,Refund_not_showing_up,Refund_not_showing_up,request_refund
616,1794,Refund_not_showing_up,balance_not_updated_after_cheque_or_cash_deposit,verify_source_of_funds
616,1795,Refund_not_showing_up,request_refund,request_refund
616,1796,Refund_not_showing_up,request_refund,request_refund
616,1797,Refund_not_showing_up,request_refund,request_refund
616,1798,Refund_not_showing_up,request_refund,request_refund
616,1799,Refund_not_showing_up,Refund_not_showing_up,Refund_not_showing_up
616,1800,declined_card_payment,declined_card_payment,declined_card_payment
616,1801,declined_card_payment,declined_card_payment,declined_card_payment
616,1802,declined_card_payment,declined_card_payment,declined_card_payment
616,1803,declined_card_payment,declined_card_payment,declined_card_payment
616,1804,declined_card_payment,declined_card_payment,declined_cash_withdrawal
616,1805,declined_card_payment,declined_card_payment,declined_card_payment
616,1806,declined_card_payment,declined_card_payment,declined_card_payment
616,1807,declined_card_payment,declined_card_payment,declined_card_payment
616,1808,declined_card_payment,declined_card_payment,declined_card_payment
616,1809,declined_card_payment,declined_card_payment,declined_card_payment
616,1810,declined_card_payment,declined_card_payment,declined_card_payment
616,1811,declined_card_payment,declined_card_payment,declined_card_payment
616,1812,declined_card_payment,reverted_card_payment?,declined_card_payment
616,1813,declined_card_payment,declined_card_payment,virtual_card_not_working
616,1814,declined_card_payment,declined_card_payment,declined_card_payment
616,1815,declined_card_payment,declined_card_payment,declined_cash_withdrawal
616,1816,declined_card_payment,declined_card_payment,declined_card_payment
616,1817,declined_card_payment,declined_card_payment,declined_card_payment
616,1818,declined_card_payment,declined_card_payment,declined_card_payment
616,1819,declined_card_payment,reverted_card_payment?,declined_card_payment
616,1820,declined_card_payment,declined_card_payment,declined_card_payment
616,1821,declined_card_payment,declined_card_payment,declined_card_payment
616,1822,declined_card_payment,declined_card_payment,declined_card_payment
616,1823,declined_card_payment,declined_card_payment,declined_card_payment
616,1824,declined_card_payment,declined_card_payment,declined_card_payment
616,1825,declined_card_payment,declined_card_payment,declined_card_payment
616,1826,declined_card_payment,declined_card_payment,declined_card_payment
616,1827,declined_card_payment,declined_card_payment,declined_card_payment
616,1828,declined_card_payment,declined_card_payment,declined_card_payment
616,1829,declined_card_payment,declined_card_payment,declined_card_payment
616,1830,declined_card_payment,declined_card_payment,declined_card_payment
616,1831,declined_card_payment,declined_card_payment,declined_card_payment
616,1832,declined_card_payment,declined_card_payment,declined_card_payment
616,1833,declined_card_payment,declined_card_payment,declined_card_payment
616,1834,declined_card_payment,declined_card_payment,declined_card_payment
616,1835,declined_card_payment,declined_card_payment,declined_card_payment
616,1836,declined_card_payment,declined_card_payment,declined_card_payment
616,1837,declined_card_payment,declined_card_payment,declined_card_payment
616,1838,declined_card_payment,card_not_working,declined_card_payment
616,1839,declined_card_payment,declined_card_payment,declined_card_payment
616,1840,pending_transfer,failed_transfer,failed_transfer
616,1841,pending_transfer,transfer_not_received_by_recipient,transfer_not_received_by_recipient
616,1842,pending_transfer,pending_transfer,failed_transfer
616,1843,pending_transfer,pending_transfer,pending_transfer
616,1844,pending_transfer,pending_transfer,transfer_not_received_by_recipient
616,1845,pending_transfer,pending_transfer,failed_transfer
616,1846,pending_transfer,transfer_timing,transfer_timing
616,1847,pending_transfer,transfer_timing,transfer_timing
616,1848,pending_transfer,failed_transfer,failed_transfer
616,1849,pending_transfer,pending_transfer,failed_transfer
616,1850,pending_transfer,transfer_timing,transfer_timing
616,1851,pending_transfer,transfer_timing,transfer_timing
616,1852,pending_transfer,pending_transfer,failed_transfer
616,1853,pending_transfer,pending_cash_withdrawal,pending_cash_withdrawal
616,1854,pending_transfer,pending_transfer,failed_transfer
616,1855,pending_transfer,balance_not_updated_after_cheque_or_cash_deposit,failed_transfer
616,1856,pending_transfer,pending_transfer,pending_transfer
616,1857,pending_transfer,top_up_by_bank_transfer_charge,top_up_by_bank_transfer_charge
616,1858,pending_transfer,pending_transfer,failed_transfer
616,1859,pending_transfer,pending_transfer,transfer_not_received_by_recipient
616,1860,pending_transfer,pending_transfer,transfer_not_received_by_recipient
616,1861,pending_transfer,pending_cash_withdrawal,failed_transfer
616,1862,pending_transfer,pending_transfer,pending_transfer
616,1863,pending_transfer,pending_transfer,transfer_not_received_by_recipient
616,1864,pending_transfer,top_up_by_bank_transfer_charge,transfer_not_received_by_recipient
616,1865,pending_transfer,pending_transfer,pending_transfer
616,1866,pending_transfer,pending_card_payment,verify_source_of_funds
616,1867,pending_transfer,balance_not_updated_after_cheque_or_cash_deposit,balance_not_updated_after_cheque_or_cash_deposit
616,1868,pending_transfer,transfer_timing,top_up_by_bank_transfer_charge
616,1869,pending_transfer,pending_card_payment,failed_transfer
616,1870,pending_transfer,pending_transfer,failed_transfer
616,1871,pending_transfer,transfer_timing,top_up_by_bank_transfer_charge
616,1872,pending_transfer,pending_transfer,pending_transfer
616,1873,pending_transfer,pending_transfer,transfer_timing
616,1874,pending_transfer,transfer_not_received_by_recipient,transfer_not_received_by_recipient
616,1875,pending_transfer,top_up_by_bank_transfer_charge,top_up_by_bank_transfer_charge
616,1876,pending_transfer,pending_transfer,transfer_not_received_by_recipient
616,1877,pending_transfer,pending_transfer,pending_transfer
616,1878,pending_transfer,failed_transfer,failed_transfer
616,1879,pending_transfer,transfer_timing,transfer_not_received_by_recipient
616,1880,terminate_account,terminate_account,terminate_account
616,1881,terminate_account,age_limit,age_limit
616,1882,terminate_account,terminate_account,terminate_account
616,1883,terminate_account,terminate_account,terminate_account
616,1884,terminate_account,age_limit,transfer_into_account
616,1885,terminate_account,terminate_account,terminate_account
616,1886,terminate_account,terminate_account,terminate_account
616,1887,terminate_account,terminate_account,terminate_account
616,1888,terminate_account,terminate_account,terminate_account
616,1889,terminate_account,terminate_account,terminate_account
616,1890,terminate_account,terminate_account,terminate_account
616,1891,terminate_account,terminate_account,terminate_account
616,1892,terminate_account,terminate_account,terminate_account
616,1893,terminate_account,terminate_account,terminate_account
616,1894,terminate_account,terminate_account,terminate_account
616,1895,terminate_account,terminate_account,terminate_account
616,1896,terminate_account,terminate_account,terminate_account
616,1897,terminate_account,terminate_account,terminate_account
616,1898,terminate_account,terminate_account,terminate_account
616,1899,terminate_account,terminate_account,transfer_into_account
616,1900,terminate_account,terminate_account,terminate_account
616,1901,terminate_account,terminate_account,terminate_account
616,1902,terminate_account,terminate_account,terminate_account
616,1903,terminate_account,terminate_account,terminate_account
616,1904,terminate_account,terminate_account,terminate_account
616,1905,terminate_account,terminate_account,terminate_account
616,1906,terminate_account,terminate_account,terminate_account
616,1907,terminate_account,terminate_account,terminate_account
616,1908,terminate_account,terminate_account,terminate_account
616,1909,terminate_account,terminate_account,terminate_account
616,1910,terminate_account,terminate_account,terminate_account
616,1911,terminate_account,terminate_account,terminate_account
616,1912,terminate_account,terminate_account,terminate_account
616,1913,terminate_account,terminate_account,terminate_account
616,1914,terminate_account,terminate_account,terminate_account
616,1915,terminate_account,terminate_account,terminate_account
616,1916,terminate_account,terminate_account,terminate_account
616,1917,terminate_account,terminate_account,terminate_account
616,1918,terminate_account,terminate_account,terminate_account
616,1919,terminate_account,terminate_account,terminate_account
616,1920,card_swallowed,card_swallowed,card_swallowed
616,1921,card_swallowed,card_swallowed,card_swallowed
616,1922,card_swallowed,card_swallowed,declined_cash_withdrawal
616,1923,card_swallowed,card_swallowed,card_swallowed
616,1924,card_swallowed,card_swallowed,card_swallowed
616,1925,card_swallowed,card_swallowed,card_swallowed
616,1926,card_swallowed,card_swallowed,card_swallowed
616,1927,card_swallowed,card_swallowed,card_swallowed
616,1928,card_swallowed,card_swallowed,card_swallowed
616,1929,card_swallowed,card_swallowed,card_swallowed
616,1930,card_swallowed,card_swallowed,card_swallowed
616,1931,card_swallowed,lost_or_stolen_card,lost_or_stolen_card
616,1932,card_swallowed,card_swallowed,card_swallowed
616,1933,card_swallowed,card_swallowed,card_swallowed
616,1934,card_swallowed,card_swallowed,declined_cash_withdrawal
616,1935,card_swallowed,card_swallowed,card_swallowed
616,1936,card_swallowed,card_swallowed,card_swallowed
616,1937,card_swallowed,card_swallowed,card_swallowed
616,1938,card_swallowed,card_swallowed,card_swallowed
616,1939,card_swallowed,card_swallowed,card_swallowed
616,1940,card_swallowed,card_swallowed,card_swallowed
616,1941,card_swallowed,card_swallowed,card_swallowed
616,1942,card_swallowed,card_swallowed,declined_cash_withdrawal
616,1943,card_swallowed,card_swallowed,card_swallowed
616,1944,card_swallowed,card_swallowed,card_swallowed
616,1945,card_swallowed,card_swallowed,card_swallowed
616,1946,card_swallowed,card_swallowed,declined_cash_withdrawal
616,1947,card_swallowed,card_swallowed,card_swallowed
616,1948,card_swallowed,card_swallowed,card_swallowed
616,1949,card_swallowed,card_swallowed,card_swallowed
616,1950,card_swallowed,card_swallowed,declined_cash_withdrawal
616,1951,card_swallowed,card_swallowed,card_swallowed
616,1952,card_swallowed,card_swallowed,card_swallowed
616,1953,card_swallowed,card_swallowed,declined_cash_withdrawal
616,1954,card_swallowed,card_swallowed,card_swallowed
616,1955,card_swallowed,card_swallowed,card_swallowed
616,1956,card_swallowed,card_swallowed,card_swallowed
616,1957,card_swallowed,card_swallowed,card_swallowed
616,1958,card_swallowed,card_swallowed,declined_cash_withdrawal
616,1959,card_swallowed,card_swallowed,card_swallowed
616,1960,transaction_charged_twice,transaction_charged_twice,transaction_charged_twice
616,1961,transaction_charged_twice,pending_cash_withdrawal,card_payment_wrong_exchange_rate
616,1962,transaction_charged_twice,transaction_charged_twice,transaction_charged_twice
616,1963,transaction_charged_twice,transaction_charged_twice,card_payment_wrong_exchange_rate
616,1964,transaction_charged_twice,card_payment_wrong_exchange_rate,card_payment_wrong_exchange_rate
616,1965,transaction_charged_twice,transaction_charged_twice,transfer_fee_charged
616,1966,transaction_charged_twice,card_payment_fee_charged,card_payment_fee_charged
616,1967,transaction_charged_twice,transaction_charged_twice,card_payment_not_recognised
616,1968,transaction_charged_twice,card_payment_fee_charged,transfer_fee_charged
616,1969,transaction_charged_twice,transaction_charged_twice,request_refund
616,1970,transaction_charged_twice,transaction_charged_twice,transaction_charged_twice
616,1971,transaction_charged_twice,transaction_charged_twice,transaction_charged_twice
616,1972,transaction_charged_twice,transaction_charged_twice,card_payment_wrong_exchange_rate
616,1973,transaction_charged_twice,transaction_charged_twice,transaction_charged_twice
616,1974,transaction_charged_twice,transaction_charged_twice,card_payment_wrong_exchange_rate
616,1975,transaction_charged_twice,transaction_charged_twice,card_payment_wrong_exchange_rate
616,1976,transaction_charged_twice,card_payment_fee_charged,exchange_rate
616,1977,transaction_charged_twice,transaction_charged_twice,card_payment_wrong_exchange_rate
616,1978,transaction_charged_twice,transfer_fee_charged,transfer_fee_charged
616,1979,transaction_charged_twice,transaction_charged_twice,card_payment_fee_charged
616,1980,transaction_charged_twice,transaction_charged_twice,verify_source_of_funds
616,1981,transaction_charged_twice,transaction_charged_twice,transfer_fee_charged
616,1982,transaction_charged_twice,transaction_charged_twice,card_payment_wrong_exchange_rate
616,1983,transaction_charged_twice,transaction_charged_twice,verify_source_of_funds
616,1984,transaction_charged_twice,transaction_charged_twice,request_refund
616,1985,transaction_charged_twice,balance_not_updated_after_cheque_or_cash_deposit,verify_source_of_funds
616,1986,transaction_charged_twice,transaction_charged_twice,card_payment_wrong_exchange_rate
616,1987,transaction_charged_twice,transaction_charged_twice,card_payment_wrong_exchange_rate
616,1988,transaction_charged_twice,transaction_charged_twice,verify_source_of_funds
616,1989,transaction_charged_twice,transaction_charged_twice,transfer_fee_charged
616,1990,transaction_charged_twice,transaction_charged_twice,card_payment_wrong_exchange_rate
616,1991,transaction_charged_twice,transaction_charged_twice,transaction_charged_twice
616,1992,transaction_charged_twice,transaction_charged_twice,card_payment_wrong_exchange_rate
616,1993,transaction_charged_twice,declined_card_payment,declined_card_payment
616,1994,transaction_charged_twice,pending_card_payment,verify_source_of_funds
616,1995,transaction_charged_twice,transaction_charged_twice,direct_debit_payment_not_recognised
616,1996,transaction_charged_twice,cash_withdrawal_not_recognised,cash_withdrawal_not_recognised
616,1997,transaction_charged_twice,transaction_charged_twice,verify_source_of_funds
616,1998,transaction_charged_twice,transaction_charged_twice,card_payment_not_recognised
616,1999,transaction_charged_twice,transaction_charged_twice,verify_source_of_funds
616,2000,verify_source_of_funds,verify_source_of_funds,verify_source_of_funds
616,2001,verify_source_of_funds,verify_source_of_funds,verify_source_of_funds
616,2002,verify_source_of_funds,verify_source_of_funds,verify_source_of_funds
616,2003,verify_source_of_funds,verify_source_of_funds,verify_source_of_funds
616,2004,verify_source_of_funds,verify_source_of_funds,verify_source_of_funds
616,2005,verify_source_of_funds,verify_source_of_funds,verify_source_of_funds
616,2006,verify_source_of_funds,verify_source_of_funds,verify_source_of_funds
616,2007,verify_source_of_funds,verify_source_of_funds,verify_source_of_funds
616,2008,verify_source_of_funds,verify_source_of_funds,verify_source_of_funds
616,2009,verify_source_of_funds,verify_source_of_funds,verify_source_of_funds
616,2010,verify_source_of_funds,verify_source_of_funds,verify_source_of_funds
616,2011,verify_source_of_funds,verify_source_of_funds,verify_source_of_funds
616,2012,verify_source_of_funds,verify_source_of_funds,verify_source_of_funds
616,2013,verify_source_of_funds,verify_source_of_funds,verify_source_of_funds
616,2014,verify_source_of_funds,verify_source_of_funds,verify_source_of_funds
616,2015,verify_source_of_funds,verify_source_of_funds,verify_source_of_funds
616,2016,verify_source_of_funds,verify_source_of_funds,verify_source_of_funds
616,2017,verify_source_of_funds,verify_source_of_funds,verify_source_of_funds
616,2018,verify_source_of_funds,verify_source_of_funds,verify_source_of_funds
616,2019,verify_source_of_funds,verify_source_of_funds,verify_source_of_funds
616,2020,verify_source_of_funds,verify_source_of_funds,verify_source_of_funds
616,2021,verify_source_of_funds,verify_source_of_funds,verify_source_of_funds
616,2022,verify_source_of_funds,verify_source_of_funds,verify_source_of_funds
616,2023,verify_source_of_funds,verify_source_of_funds,verify_source_of_funds
616,2024,verify_source_of_funds,verify_source_of_funds,verify_source_of_funds
616,2025,verify_source_of_funds,verify_source_of_funds,verify_source_of_funds
616,2026,verify_source_of_funds,verify_source_of_funds,verify_source_of_funds
616,2027,verify_source_of_funds,verify_source_of_funds,verify_source_of_funds
616,2028,verify_source_of_funds,verify_source_of_funds,verify_source_of_funds
616,2029,verify_source_of_funds,verify_source_of_funds,verify_source_of_funds
616,2030,verify_source_of_funds,verify_source_of_funds,verify_source_of_funds
616,2031,verify_source_of_funds,verify_source_of_funds,verify_source_of_funds
616,2032,verify_source_of_funds,verify_source_of_funds,verify_source_of_funds
616,2033,verify_source_of_funds,verify_source_of_funds,verify_source_of_funds
616,2034,verify_source_of_funds,verify_source_of_funds,verify_source_of_funds
616,2035,verify_source_of_funds,verify_source_of_funds,verify_source_of_funds
616,2036,verify_source_of_funds,verify_source_of_funds,verify_source_of_funds
616,2037,verify_source_of_funds,verify_source_of_funds,verify_source_of_funds
616,2038,verify_source_of_funds,verify_source_of_funds,verify_source_of_funds
616,2039,verify_source_of_funds,verify_source_of_funds,verify_source_of_funds
616,2040,transfer_timing,transfer_timing,transfer_timing
616,2041,transfer_timing,transfer_timing,transfer_timing
616,2042,transfer_timing,transfer_timing,transfer_timing
616,2043,transfer_timing,transfer_timing,transfer_timing
616,2044,transfer_timing,transfer_timing,verify_source_of_funds
616,2045,transfer_timing,pending_transfer,pending_transfer
616,2046,transfer_timing,transfer_timing,transfer_timing
616,2047,transfer_timing,transfer_timing,transfer_timing
616,2048,transfer_timing,pending_transfer,pending_transfer
616,2049,transfer_timing,transfer_timing,transfer_timing
616,2050,transfer_timing,balance_not_updated_after_cheque_or_cash_deposit,verify_source_of_funds
616,2051,transfer_timing,pending_transfer,pending_transfer
616,2052,transfer_timing,pending_transfer,transfer_not_received_by_recipient
616,2053,transfer_timing,balance_not_updated_after_bank_transfer,balance_not_updated_after_bank_transfer
616,2054,transfer_timing,transfer_timing,transfer_timing
616,2055,transfer_timing,pending_transfer,transfer_into_account
616,2056,transfer_timing,transfer_timing,transfer_timing
616,2057,transfer_timing,transfer_timing,verify_source_of_funds
616,2058,transfer_timing,transfer_timing,transfer_timing
616,2059,transfer_timing,transfer_timing,transfer_timing
616,2060,transfer_timing,transfer_timing,transfer_timing
616,2061,transfer_timing,transfer_timing,transfer_timing
616,2062,transfer_timing,balance_not_updated_after_cheque_or_cash_deposit,verify_source_of_funds
616,2063,transfer_timing,transfer_timing,transfer_timing
616,2064,transfer_timing,transfer_timing,transfer_timing
616,2065,transfer_timing,pending_transfer,pending_transfer
616,2066,transfer_timing,transfer_timing,transfer_timing
616,2067,transfer_timing,transfer_timing,transfer_timing
616,2068,transfer_timing,transfer_timing,transfer_timing
616,2069,transfer_timing,transfer_timing,transfer_timing
616,2070,transfer_timing,transfer_timing,transfer_timing
616,2071,transfer_timing,transfer_timing,transfer_timing
616,2072,transfer_timing,transfer_timing,transfer_timing
616,2073,transfer_timing,transfer_timing,verify_source_of_funds
616,2074,transfer_timing,transfer_timing,transfer_timing
616,2075,transfer_timing,transfer_timing,transfer_timing
616,2076,transfer_timing,transfer_timing,transfer_timing
616,2077,transfer_timing,transfer_timing,transfer_timing
616,2078,transfer_timing,transfer_timing,transfer_timing
616,2079,transfer_timing,balance_not_updated_after_cheque_or_cash_deposit,verify_source_of_funds
616,2080,reverted_card_payment?,declined_card_payment,declined_card_payment
616,2081,reverted_card_payment?,declined_card_payment,declined_card_payment
616,2082,reverted_card_payment?,card_payment_not_recognised,card_payment_not_recognised
616,2083,reverted_card_payment?,declined_card_payment,declined_card_payment
616,2084,reverted_card_payment?,reverted_card_payment?,declined_card_payment
616,2085,reverted_card_payment?,card_payment_not_recognised,card_payment_not_recognised
616,2086,reverted_card_payment?,card_payment_not_recognised,card_payment_not_recognised
616,2087,reverted_card_payment?,reverted_card_payment?,reverted_card_payment?
616,2088,reverted_card_payment?,reverted_card_payment?,verify_source_of_funds
616,2089,reverted_card_payment?,declined_card_payment,declined_card_payment
616,2090,reverted_card_payment?,card_swallowed,card_payment_not_recognised
616,2091,reverted_card_payment?,reverted_card_payment?,request_refund
616,2092,reverted_card_payment?,declined_card_payment,declined_card_payment
616,2093,reverted_card_payment?,declined_card_payment,declined_card_payment
616,2094,reverted_card_payment?,declined_card_payment,declined_card_payment
616,2095,reverted_card_payment?,declined_card_payment,declined_card_payment
616,2096,reverted_card_payment?,reverted_card_payment?,card_payment_not_recognised
616,2097,reverted_card_payment?,reverted_card_payment?,verify_source_of_funds
616,2098,reverted_card_payment?,card_payment_not_recognised,card_payment_not_recognised
616,2099,reverted_card_payment?,declined_card_payment,verify_source_of_funds
616,2100,reverted_card_payment?,reverted_card_payment?,card_payment_not_recognised
616,2101,reverted_card_payment?,reverted_card_payment?,verify_source_of_funds
616,2102,reverted_card_payment?,pending_cash_withdrawal,declined_cash_withdrawal
616,2103,reverted_card_payment?,declined_card_payment,declined_card_payment
616,2104,reverted_card_payment?,declined_card_payment,declined_card_payment
616,2105,reverted_card_payment?,declined_card_payment,declined_card_payment
616,2106,reverted_card_payment?,reverted_card_payment?,verify_source_of_funds
616,2107,reverted_card_payment?,card_payment_not_recognised,card_payment_not_recognised
616,2108,reverted_card_payment?,declined_card_payment,declined_card_payment
616,2109,reverted_card_payment?,declined_card_payment,declined_card_payment
616,2110,reverted_card_payment?,reverted_card_payment?,direct_debit_payment_not_recognised
616,2111,reverted_card_payment?,declined_card_payment,declined_card_payment
616,2112,reverted_card_payment?,reverted_card_payment?,exchange_rate
616,2113,reverted_card_payment?,card_payment_not_recognised,card_payment_not_recognised
616,2114,reverted_card_payment?,reverted_card_payment?,declined_card_payment
616,2115,reverted_card_payment?,card_payment_not_recognised,card_payment_not_recognised
616,2116,reverted_card_payment?,reverted_card_payment?,verify_source_of_funds
616,2117,reverted_card_payment?,card_payment_not_recognised,card_payment_not_recognised
616,2118,reverted_card_payment?,lost_or_stolen_card,verify_source_of_funds
616,2119,reverted_card_payment?,reverted_card_payment?,verify_source_of_funds
616,2120,change_pin,change_pin,atm_support
616,2121,change_pin,change_pin,change_pin
616,2122,change_pin,change_pin,change_pin
616,2123,change_pin,change_pin,change_pin
616,2124,change_pin,change_pin,change_pin
616,2125,change_pin,change_pin,change_pin
616,2126,change_pin,change_pin,change_pin
616,2127,change_pin,get_physical_card,change_pin
616,2128,change_pin,get_physical_card,change_pin
616,2129,change_pin,change_pin,change_pin
616,2130,change_pin,get_physical_card,getting_virtual_card
616,2131,change_pin,change_pin,change_pin
616,2132,change_pin,change_pin,atm_support
616,2133,change_pin,get_physical_card,verify_source_of_funds
616,2134,change_pin,change_pin,change_pin
616,2135,change_pin,change_pin,getting_virtual_card
616,2136,change_pin,edit_personal_details,edit_personal_details
616,2137,change_pin,get_physical_card,get_physical_card
616,2138,change_pin,get_physical_card,contactless_not_working
616,2139,change_pin,change_pin,change_pin
616,2140,change_pin,change_pin,change_pin
616,2141,change_pin,change_pin,change_pin
616,2142,change_pin,change_pin,change_pin
616,2143,change_pin,change_pin,change_pin
616,2144,change_pin,change_pin,change_pin
616,2145,change_pin,change_pin,change_pin
616,2146,change_pin,change_pin,change_pin
616,2147,change_pin,change_pin,change_pin
616,2148,change_pin,get_physical_card,get_physical_card
616,2149,change_pin,change_pin,atm_support
616,2150,change_pin,change_pin,change_pin
616,2151,change_pin,change_pin,change_pin
616,2152,change_pin,change_pin,change_pin
616,2153,change_pin,change_pin,transfer_into_account
616,2154,change_pin,get_physical_card,get_physical_card
616,2155,change_pin,change_pin,change_pin
616,2156,change_pin,change_pin,atm_support
616,2157,change_pin,change_pin,change_pin
616,2158,change_pin,get_physical_card,getting_virtual_card
616,2159,change_pin,change_pin,change_pin
616,2160,beneficiary_not_allowed,failed_transfer,beneficiary_not_allowed
616,2161,beneficiary_not_allowed,failed_transfer,failed_transfer
616,2162,beneficiary_not_allowed,failed_transfer,beneficiary_not_allowed
616,2163,beneficiary_not_allowed,failed_transfer,failed_transfer
616,2164,beneficiary_not_allowed,failed_transfer,failed_transfer
616,2165,beneficiary_not_allowed,exchange_via_app,exchange_via_app
616,2166,beneficiary_not_allowed,transfer_into_account,transfer_into_account
616,2167,beneficiary_not_allowed,failed_transfer,failed_transfer
616,2168,beneficiary_not_allowed,exchange_via_app,exchange_via_app
616,2169,beneficiary_not_allowed,failed_transfer,beneficiary_not_allowed
616,2170,beneficiary_not_allowed,beneficiary_not_allowed,beneficiary_not_allowed
616,2171,beneficiary_not_allowed,beneficiary_not_allowed,beneficiary_not_allowed
616,2172,beneficiary_not_allowed,exchange_via_app,contactless_not_working
616,2173,beneficiary_not_allowed,failed_transfer,failed_transfer
616,2174,beneficiary_not_allowed,beneficiary_not_allowed,beneficiary_not_allowed
616,2175,beneficiary_not_allowed,beneficiary_not_allowed,beneficiary_not_allowed
616,2176,beneficiary_not_allowed,failed_transfer,contactless_not_working
616,2177,beneficiary_not_allowed,top_up_reverted,declined_cash_withdrawal
616,2178,beneficiary_not_allowed,failed_transfer,failed_transfer
616,2179,beneficiary_not_allowed,beneficiary_not_allowed,beneficiary_not_allowed
616,2180,beneficiary_not_allowed,failed_transfer,failed_transfer
616,2181,beneficiary_not_allowed,failed_transfer,failed_transfer
616,2182,beneficiary_not_allowed,failed_transfer,failed_transfer
616,2183,beneficiary_not_allowed,failed_transfer,failed_transfer
616,2184,beneficiary_not_allowed,beneficiary_not_allowed,beneficiary_not_allowed
616,2185,beneficiary_not_allowed,beneficiary_not_allowed,beneficiary_not_allowed
616,2186,beneficiary_not_allowed,failed_transfer,failed_transfer
616,2187,beneficiary_not_allowed,beneficiary_not_allowed,beneficiary_not_allowed
616,2188,beneficiary_not_allowed,beneficiary_not_allowed,beneficiary_not_allowed
616,2189,beneficiary_not_allowed,virtual_card_not_working,virtual_card_not_working
616,2190,beneficiary_not_allowed,failed_transfer,failed_transfer
616,2191,beneficiary_not_allowed,beneficiary_not_allowed,beneficiary_not_allowed
616,2192,beneficiary_not_allowed,beneficiary_not_allowed,beneficiary_not_allowed
616,2193,beneficiary_not_allowed,beneficiary_not_allowed,beneficiary_not_allowed
616,2194,beneficiary_not_allowed,beneficiary_not_allowed,beneficiary_not_allowed
616,2195,beneficiary_not_allowed,transfer_into_account,transfer_into_account
616,2196,beneficiary_not_allowed,failed_transfer,beneficiary_not_allowed
616,2197,beneficiary_not_allowed,declined_cash_withdrawal,declined_cash_withdrawal
616,2198,beneficiary_not_allowed,beneficiary_not_allowed,beneficiary_not_allowed
616,2199,beneficiary_not_allowed,failed_transfer,failed_transfer
616,2200,transfer_fee_charged,transfer_fee_charged,transfer_fee_charged
616,2201,transfer_fee_charged,transfer_fee_charged,transfer_fee_charged
616,2202,transfer_fee_charged,transfer_fee_charged,transfer_fee_charged
616,2203,transfer_fee_charged,transfer_fee_charged,top_up_by_bank_transfer_charge
616,2204,transfer_fee_charged,transfer_fee_charged,failed_transfer
616,2205,transfer_fee_charged,top_up_by_bank_transfer_charge,top_up_by_bank_transfer_charge
616,2206,transfer_fee_charged,transfer_fee_charged,transfer_fee_charged
616,2207,transfer_fee_charged,failed_transfer,failed_transfer
616,2208,transfer_fee_charged,top_up_by_bank_transfer_charge,top_up_by_bank_transfer_charge
616,2209,transfer_fee_charged,top_up_by_bank_transfer_charge,top_up_by_bank_transfer_charge
616,2210,transfer_fee_charged,transfer_fee_charged,transfer_fee_charged
616,2211,transfer_fee_charged,transfer_fee_charged,transfer_fee_charged
616,2212,transfer_fee_charged,top_up_by_bank_transfer_charge,top_up_by_bank_transfer_charge
616,2213,transfer_fee_charged,transfer_fee_charged,exchange_rate
616,2214,transfer_fee_charged,transfer_fee_charged,failed_transfer
616,2215,transfer_fee_charged,card_payment_fee_charged,card_payment_wrong_exchange_rate
616,2216,transfer_fee_charged,transfer_fee_charged,transfer_fee_charged
616,2217,transfer_fee_charged,transfer_fee_charged,transfer_fee_charged
616,2218,transfer_fee_charged,top_up_by_bank_transfer_charge,top_up_by_bank_transfer_charge
616,2219,transfer_fee_charged,transfer_fee_charged,transfer_fee_charged
616,2220,transfer_fee_charged,transfer_fee_charged,transfer_fee_charged
616,2221,transfer_fee_charged,transfer_fee_charged,transfer_fee_charged
616,2222,transfer_fee_charged,transfer_fee_charged,transfer_fee_charged
616,2223,transfer_fee_charged,transfer_fee_charged,transfer_fee_charged
616,2224,transfer_fee_charged,transfer_fee_charged,top_up_by_bank_transfer_charge
616,2225,transfer_fee_charged,transfer_fee_charged,transfer_fee_charged
616,2226,transfer_fee_charged,transfer_fee_charged,transfer_fee_charged
616,2227,transfer_fee_charged,transfer_fee_charged,transfer_fee_charged
616,2228,transfer_fee_charged,transfer_fee_charged,transfer_fee_charged
616,2229,transfer_fee_charged,transfer_fee_charged,transfer_fee_charged
616,2230,transfer_fee_charged,top_up_by_bank_transfer_charge,top_up_by_bank_transfer_charge
616,2231,transfer_fee_charged,card_payment_fee_charged,contactless_not_working
616,2232,transfer_fee_charged,transfer_fee_charged,transfer_fee_charged
616,2233,transfer_fee_charged,transfer_fee_charged,transfer_fee_charged
616,2234,transfer_fee_charged,transfer_fee_charged,transfer_fee_charged
616,2235,transfer_fee_charged,transfer_fee_charged,transfer_fee_charged
616,2236,transfer_fee_charged,transfer_fee_charged,transfer_fee_charged
616,2237,transfer_fee_charged,card_payment_fee_charged,verify_source_of_funds
616,2238,transfer_fee_charged,transfer_fee_charged,transfer_fee_charged
616,2239,transfer_fee_charged,top_up_by_bank_transfer_charge,top_up_by_bank_transfer_charge
616,2240,receiving_money,top_up_by_bank_transfer_charge,verify_source_of_funds
616,2241,receiving_money,exchange_via_app,exchange_rate
616,2242,receiving_money,receiving_money,receiving_money
616,2243,receiving_money,receiving_money,receiving_money
616,2244,receiving_money,transfer_into_account,verify_source_of_funds
616,2245,receiving_money,receiving_money,receiving_money
616,2246,receiving_money,receiving_money,receiving_money
616,2247,receiving_money,receiving_money,receiving_money
616,2248,receiving_money,exchange_via_app,verify_source_of_funds
616,2249,receiving_money,receiving_money,receiving_money
616,2250,receiving_money,receiving_money,receiving_money
616,2251,receiving_money,transfer_into_account,verify_source_of_funds
616,2252,receiving_money,fiat_currency_support,fiat_currency_support
616,2253,receiving_money,receiving_money,receiving_money
616,2254,receiving_money,receiving_money,receiving_money
616,2255,receiving_money,receiving_money,verify_source_of_funds
616,2256,receiving_money,transfer_into_account,verify_source_of_funds
616,2257,receiving_money,transfer_into_account,verify_source_of_funds
616,2258,receiving_money,transfer_into_account,transfer_into_account
616,2259,receiving_money,verify_source_of_funds,verify_source_of_funds
616,2260,receiving_money,receiving_money,receiving_money
616,2261,receiving_money,receiving_money,receiving_money
616,2262,receiving_money,receiving_money,receiving_money
616,2263,receiving_money,receiving_money,receiving_money
616,2264,receiving_money,transfer_into_account,verify_source_of_funds
616,2265,receiving_money,receiving_money,verify_source_of_funds
616,2266,receiving_money,balance_not_updated_after_cheque_or_cash_deposit,balance_not_updated_after_cheque_or_cash_deposit
616,2267,receiving_money,receiving_money,receiving_money
616,2268,receiving_money,receiving_money,receiving_money
616,2269,receiving_money,receiving_money,verify_source_of_funds
616,2270,receiving_money,receiving_money,exchange_rate
616,2271,receiving_money,receiving_money,receiving_money
616,2272,receiving_money,receiving_money,receiving_money
616,2273,receiving_money,transfer_into_account,verify_source_of_funds
616,2274,receiving_money,receiving_money,receiving_money
616,2275,receiving_money,receiving_money,exchange_rate
616,2276,receiving_money,receiving_money,receiving_money
616,2277,receiving_money,receiving_money,receiving_money
616,2278,receiving_money,receiving_money,exchange_rate
616,2279,receiving_money,receiving_money,verify_source_of_funds
616,2280,failed_transfer,failed_transfer,failed_transfer
616,2281,failed_transfer,failed_transfer,failed_transfer
616,2282,failed_transfer,failed_transfer,failed_transfer
616,2283,failed_transfer,failed_transfer,failed_transfer
616,2284,failed_transfer,failed_transfer,failed_transfer
616,2285,failed_transfer,failed_transfer,failed_transfer
616,2286,failed_transfer,failed_transfer,failed_transfer
616,2287,failed_transfer,failed_transfer,failed_transfer
616,2288,failed_transfer,failed_transfer,failed_transfer
616,2289,failed_transfer,failed_transfer,failed_transfer
616,2290,failed_transfer,failed_transfer,failed_transfer
616,2291,failed_transfer,failed_transfer,failed_transfer
616,2292,failed_transfer,failed_transfer,failed_transfer
616,2293,failed_transfer,failed_transfer,failed_transfer
616,2294,failed_transfer,failed_transfer,failed_transfer
616,2295,failed_transfer,failed_transfer,failed_transfer
616,2296,failed_transfer,failed_transfer,failed_transfer
616,2297,failed_transfer,failed_transfer,failed_transfer
616,2298,failed_transfer,failed_transfer,failed_transfer
616,2299,failed_transfer,failed_transfer,failed_transfer
616,2300,failed_transfer,top_up_by_bank_transfer_charge,top_up_by_bank_transfer_charge
616,2301,failed_transfer,failed_transfer,failed_transfer
616,2302,failed_transfer,failed_transfer,failed_transfer
616,2303,failed_transfer,failed_transfer,failed_transfer
616,2304,failed_transfer,failed_transfer,failed_transfer
616,2305,failed_transfer,failed_transfer,failed_transfer
616,2306,failed_transfer,transfer_into_account,transfer_into_account
616,2307,failed_transfer,failed_transfer,failed_transfer
616,2308,failed_transfer,failed_transfer,failed_transfer
616,2309,failed_transfer,failed_transfer,failed_transfer
616,2310,failed_transfer,failed_transfer,failed_transfer
616,2311,failed_transfer,failed_transfer,failed_transfer
616,2312,failed_transfer,failed_transfer,failed_transfer
616,2313,failed_transfer,failed_transfer,failed_transfer
616,2314,failed_transfer,failed_transfer,failed_transfer
616,2315,failed_transfer,failed_transfer,failed_transfer
616,2316,failed_transfer,failed_transfer,failed_transfer
616,2317,failed_transfer,failed_transfer,failed_transfer
616,2318,failed_transfer,failed_transfer,failed_transfer
616,2319,failed_transfer,failed_transfer,failed_transfer
616,2320,transfer_into_account,transfer_into_account,transfer_into_account
616,2321,transfer_into_account,balance_not_updated_after_cheque_or_cash_deposit,balance_not_updated_after_cheque_or_cash_deposit
616,2322,transfer_into_account,transfer_into_account,transfer_into_account
616,2323,transfer_into_account,transfer_into_account,transfer_into_account
616,2324,transfer_into_account,transfer_not_received_by_recipient,transfer_not_received_by_recipient
616,2325,transfer_into_account,transfer_into_account,transfer_into_account
616,2326,transfer_into_account,transfer_into_account,transfer_into_account
616,2327,transfer_into_account,transfer_into_account,transfer_into_account
616,2328,transfer_into_account,top_up_by_card_charge,verify_source_of_funds
616,2329,transfer_into_account,transfer_into_account,transfer_into_account
616,2330,transfer_into_account,transfer_into_account,transfer_into_account
616,2331,transfer_into_account,transfer_into_account,transfer_into_account
616,2332,transfer_into_account,transfer_into_account,transfer_into_account
616,2333,transfer_into_account,transfer_into_account,transfer_into_account
616,2334,transfer_into_account,transfer_into_account,transfer_into_account
616,2335,transfer_into_account,transfer_into_account,transfer_into_account
616,2336,transfer_into_account,transfer_into_account,transfer_into_account
616,2337,transfer_into_account,transfer_into_account,transfer_into_account
616,2338,transfer_into_account,verify_top_up,getting_virtual_card
616,2339,transfer_into_account,transfer_into_account,verify_source_of_funds
616,2340,transfer_into_account,transfer_into_account,transfer_into_account
616,2341,transfer_into_account,transfer_into_account,transfer_into_account
616,2342,transfer_into_account,transfer_into_account,verify_source_of_funds
616,2343,transfer_into_account,transfer_into_account,transfer_into_account
616,2344,transfer_into_account,transfer_into_account,transfer_into_account
616,2345,transfer_into_account,transfer_into_account,transfer_into_account
616,2346,transfer_into_account,transfer_into_account,transfer_into_account
616,2347,transfer_into_account,transfer_into_account,transfer_into_account
616,2348,transfer_into_account,transfer_timing,exchange_rate
616,2349,transfer_into_account,transfer_into_account,transfer_into_account
616,2350,transfer_into_account,transfer_into_account,transfer_into_account
616,2351,transfer_into_account,top_up_by_bank_transfer_charge,top_up_by_bank_transfer_charge
616,2352,transfer_into_account,transfer_into_account,transfer_into_account
616,2353,transfer_into_account,transfer_into_account,transfer_into_account
616,2354,transfer_into_account,transfer_into_account,transfer_into_account
616,2355,transfer_into_account,transfer_into_account,transfer_into_account
616,2356,transfer_into_account,transfer_into_account,transfer_into_account
616,2357,transfer_into_account,transfer_into_account,transfer_into_account
616,2358,transfer_into_account,transfer_into_account,transfer_into_account
616,2359,transfer_into_account,transfer_into_account,transfer_into_account
616,2360,verify_top_up,verify_top_up,verify_top_up
616,2361,verify_top_up,verify_top_up,verify_top_up
616,2362,verify_top_up,verify_top_up,verify_top_up
616,2363,verify_top_up,verify_top_up,verify_top_up
616,2364,verify_top_up,verify_top_up,verify_top_up
616,2365,verify_top_up,verify_top_up,verify_top_up
616,2366,verify_top_up,verify_top_up,verify_top_up
616,2367,verify_top_up,verify_top_up,verify_top_up
616,2368,verify_top_up,verify_top_up,verify_top_up
616,2369,verify_top_up,verify_top_up,verify_top_up
616,2370,verify_top_up,verify_top_up,verify_top_up
616,2371,verify_top_up,verify_top_up,verify_top_up
616,2372,verify_top_up,verify_top_up,verify_top_up
616,2373,verify_top_up,verify_top_up,verify_top_up
616,2374,verify_top_up,verify_top_up,verify_top_up
616,2375,verify_top_up,verify_top_up,verify_top_up
616,2376,verify_top_up,verify_top_up,verify_top_up
616,2377,verify_top_up,verify_top_up,verify_top_up
616,2378,verify_top_up,verify_top_up,verify_top_up
616,2379,verify_top_up,verify_top_up,verify_top_up
616,2380,verify_top_up,verify_top_up,verify_top_up
616,2381,verify_top_up,verify_top_up,verify_top_up
616,2382,verify_top_up,verify_top_up,verify_top_up
616,2383,verify_top_up,verify_top_up,verify_top_up
616,2384,verify_top_up,verify_top_up,verify_top_up
616,2385,verify_top_up,verify_top_up,verify_top_up
616,2386,verify_top_up,verify_top_up,verify_top_up
616,2387,verify_top_up,verify_top_up,verify_top_up
616,2388,verify_top_up,verify_top_up,verify_top_up
616,2389,verify_top_up,verify_top_up,verify_top_up
616,2390,verify_top_up,verify_top_up,verify_top_up
616,2391,verify_top_up,verify_top_up,verify_top_up
616,2392,verify_top_up,verify_top_up,verify_top_up
616,2393,verify_top_up,verify_top_up,verify_top_up
616,2394,verify_top_up,verify_top_up,verify_top_up
616,2395,verify_top_up,verify_top_up,verify_top_up
616,2396,verify_top_up,verify_top_up,verify_top_up
616,2397,verify_top_up,verify_top_up,verify_top_up
616,2398,verify_top_up,verify_top_up,verify_top_up
616,2399,verify_top_up,verify_top_up,verify_top_up
616,2400,getting_spare_card,getting_spare_card,getting_virtual_card
616,2401,getting_spare_card,getting_spare_card,getting_virtual_card
616,2402,getting_spare_card,getting_spare_card,verify_source_of_funds
616,2403,getting_spare_card,getting_spare_card,getting_virtual_card
616,2404,getting_spare_card,top_up_by_card_charge,top_up_by_card_charge
616,2405,getting_spare_card,order_physical_card,getting_virtual_card
616,2406,getting_spare_card,getting_spare_card,getting_virtual_card
616,2407,getting_spare_card,getting_spare_card,order_physical_card
616,2408,getting_spare_card,getting_spare_card,getting_virtual_card
616,2409,getting_spare_card,getting_spare_card,getting_spare_card
616,2410,getting_spare_card,top_up_by_card_charge,top_up_by_card_charge
616,2411,getting_spare_card,getting_spare_card,getting_spare_card
616,2412,getting_spare_card,getting_spare_card,order_physical_card
616,2413,getting_spare_card,order_physical_card,getting_virtual_card
616,2414,getting_spare_card,card_about_to_expire,age_limit
616,2415,getting_spare_card,getting_spare_card,getting_spare_card
616,2416,getting_spare_card,getting_spare_card,getting_spare_card
616,2417,getting_spare_card,getting_virtual_card,getting_virtual_card
616,2418,getting_spare_card,getting_spare_card,age_limit
616,2419,getting_spare_card,getting_spare_card,getting_spare_card
616,2420,getting_spare_card,getting_spare_card,top_up_by_card_charge
616,2421,getting_spare_card,getting_spare_card,getting_spare_card
616,2422,getting_spare_card,getting_spare_card,getting_virtual_card
616,2423,getting_spare_card,getting_spare_card,getting_virtual_card
616,2424,getting_spare_card,getting_spare_card,getting_virtual_card
616,2425,getting_spare_card,order_physical_card,order_physical_card
616,2426,getting_spare_card,getting_virtual_card,getting_virtual_card
616,2427,getting_spare_card,age_limit,age_limit
616,2428,getting_spare_card,getting_spare_card,getting_spare_card
616,2429,getting_spare_card,order_physical_card,age_limit
616,2430,getting_spare_card,getting_spare_card,getting_spare_card
616,2431,getting_spare_card,getting_spare_card,getting_virtual_card
616,2432,getting_spare_card,getting_spare_card,getting_virtual_card
616,2433,getting_spare_card,getting_spare_card,order_physical_card
616,2434,getting_spare_card,getting_spare_card,top_up_by_card_charge
616,2435,getting_spare_card,getting_spare_card,getting_spare_card
616,2436,getting_spare_card,age_limit,age_limit
616,2437,getting_spare_card,age_limit,age_limit
616,2438,getting_spare_card,age_limit,age_limit
616,2439,getting_spare_card,activate_my_card,getting_virtual_card
616,2440,top_up_by_cash_or_cheque,top_up_by_cash_or_cheque,top_up_by_cash_or_cheque
616,2441,top_up_by_cash_or_cheque,transfer_into_account,verify_source_of_funds
616,2442,top_up_by_cash_or_cheque,top_up_by_cash_or_cheque,top_up_by_cash_or_cheque
616,2443,top_up_by_cash_or_cheque,top_up_limits,transfer_into_account
616,2444,top_up_by_cash_or_cheque,top_up_limits,verify_source_of_funds
616,2445,top_up_by_cash_or_cheque,top_up_by_cash_or_cheque,top_up_by_cash_or_cheque
616,2446,top_up_by_cash_or_cheque,balance_not_updated_after_cheque_or_cash_deposit,balance_not_updated_after_cheque_or_cash_deposit
616,2447,top_up_by_cash_or_cheque,pending_top_up,verify_source_of_funds
616,2448,top_up_by_cash_or_cheque,transfer_into_account,transfer_into_account
616,2449,top_up_by_cash_or_cheque,transfer_into_account,verify_source_of_funds
616,2450,top_up_by_cash_or_cheque,atm_support,verify_source_of_funds
616,2451,top_up_by_cash_or_cheque,direct_debit_payment_not_recognised,verify_source_of_funds
616,2452,top_up_by_cash_or_cheque,balance_not_updated_after_cheque_or_cash_deposit,balance_not_updated_after_cheque_or_cash_deposit
616,2453,top_up_by_cash_or_cheque,balance_not_updated_after_cheque_or_cash_deposit,balance_not_updated_after_cheque_or_cash_deposit
616,2454,top_up_by_cash_or_cheque,top_up_by_cash_or_cheque,top_up_by_cash_or_cheque
616,2455,top_up_by_cash_or_cheque,top_up_by_cash_or_cheque,topping_up_by_card
616,2456,top_up_by_cash_or_cheque,transfer_into_account,verify_source_of_funds
616,2457,top_up_by_cash_or_cheque,top_up_by_cash_or_cheque,verify_source_of_funds
616,2458,top_up_by_cash_or_cheque,top_up_limits,verify_source_of_funds
616,2459,top_up_by_cash_or_cheque,transfer_into_account,verify_source_of_funds
616,2460,top_up_by_cash_or_cheque,top_up_limits,transfer_into_account
616,2461,top_up_by_cash_or_cheque,top_up_by_cash_or_cheque,transfer_into_account
616,2462,top_up_by_cash_or_cheque,transfer_into_account,transfer_into_account
616,2463,top_up_by_cash_or_cheque,top_up_limits,verify_source_of_funds
616,2464,top_up_by_cash_or_cheque,top_up_by_cash_or_cheque,top_up_by_cash_or_cheque
616,2465,top_up_by_cash_or_cheque,top_up_by_cash_or_cheque,verify_source_of_funds
616,2466,top_up_by_cash_or_cheque,transfer_into_account,transfer_into_account
616,2467,top_up_by_cash_or_cheque,top_up_limits,top_up_limits
616,2468,top_up_by_cash_or_cheque,declined_cash_withdrawal,declined_cash_withdrawal
616,2469,top_up_by_cash_or_cheque,receiving_money,verify_source_of_funds
616,2470,top_up_by_cash_or_cheque,transfer_into_account,transfer_into_account
616,2471,top_up_by_cash_or_cheque,top_up_by_cash_or_cheque,declined_cash_withdrawal
616,2472,top_up_by_cash_or_cheque,top_up_by_cash_or_cheque,top_up_by_cash_or_cheque
616,2473,top_up_by_cash_or_cheque,top_up_by_cash_or_cheque,transfer_into_account
616,2474,top_up_by_cash_or_cheque,top_up_by_cash_or_cheque,verify_source_of_funds
616,2475,top_up_by_cash_or_cheque,top_up_by_cash_or_cheque,transfer_into_account
616,2476,top_up_by_cash_or_cheque,top_up_by_cash_or_cheque,verify_source_of_funds
616,2477,top_up_by_cash_or_cheque,top_up_limits,getting_virtual_card
616,2478,top_up_by_cash_or_cheque,balance_not_updated_after_cheque_or_cash_deposit,balance_not_updated_after_cheque_or_cash_deposit
616,2479,top_up_by_cash_or_cheque,verify_my_identity,verify_source_of_funds
616,2480,order_physical_card,order_physical_card,getting_virtual_card
616,2481,order_physical_card,activate_my_card,getting_virtual_card
616,2482,order_physical_card,order_physical_card,order_physical_card
616,2483,order_physical_card,card_acceptance,getting_virtual_card
616,2484,order_physical_card,order_physical_card,order_physical_card
616,2485,order_physical_card,getting_virtual_card,getting_virtual_card
616,2486,order_physical_card,order_physical_card,getting_virtual_card
616,2487,order_physical_card,order_physical_card,getting_virtual_card
616,2488,order_physical_card,order_physical_card,order_physical_card
616,2489,order_physical_card,order_physical_card,order_physical_card
616,2490,order_physical_card,order_physical_card,order_physical_card
616,2491,order_physical_card,order_physical_card,card_arrival
616,2492,order_physical_card,order_physical_card,order_physical_card
616,2493,order_physical_card,getting_virtual_card,getting_virtual_card
616,2494,order_physical_card,order_physical_card,order_physical_card
616,2495,order_physical_card,order_physical_card,card_acceptance
616,2496,order_physical_card,order_physical_card,card_acceptance
616,2497,order_physical_card,order_physical_card,getting_virtual_card
616,2498,order_physical_card,order_physical_card,order_physical_card
616,2499,order_physical_card,order_physical_card,order_physical_card
616,2500,order_physical_card,top_up_by_card_charge,top_up_by_card_charge
616,2501,order_physical_card,order_physical_card,getting_virtual_card
616,2502,order_physical_card,order_physical_card,order_physical_card
616,2503,order_physical_card,getting_virtual_card,getting_virtual_card
616,2504,order_physical_card,getting_virtual_card,getting_virtual_card
616,2505,order_physical_card,order_physical_card,order_physical_card
616,2506,order_physical_card,card_arrival,getting_virtual_card
616,2507,order_physical_card,order_physical_card,order_physical_card
616,2508,order_physical_card,order_physical_card,getting_virtual_card
616,2509,order_physical_card,order_physical_card,card_acceptance
616,2510,order_physical_card,getting_virtual_card,getting_virtual_card
616,2511,order_physical_card,order_physical_card,card_acceptance
616,2512,order_physical_card,getting_virtual_card,getting_virtual_card
616,2513,order_physical_card,card_arrival,getting_virtual_card
616,2514,order_physical_card,order_physical_card,order_physical_card
616,2515,order_physical_card,order_physical_card,card_acceptance
616,2516,order_physical_card,order_physical_card,getting_virtual_card
616,2517,order_physical_card,order_physical_card,order_physical_card
616,2518,order_physical_card,getting_virtual_card,getting_virtual_card
616,2519,order_physical_card,order_physical_card,getting_virtual_card
616,2520,virtual_card_not_working,virtual_card_not_working,virtual_card_not_working
616,2521,virtual_card_not_working,virtual_card_not_working,virtual_card_not_working
616,2522,virtual_card_not_working,virtual_card_not_working,virtual_card_not_working
616,2523,virtual_card_not_working,virtual_card_not_working,contactless_not_working
616,2524,virtual_card_not_working,virtual_card_not_working,virtual_card_not_working
616,2525,virtual_card_not_working,getting_virtual_card,getting_virtual_card
616,2526,virtual_card_not_working,disposable_card_limits,virtual_card_not_working
616,2527,virtual_card_not_working,virtual_card_not_working,getting_virtual_card
616,2528,virtual_card_not_working,virtual_card_not_working,virtual_card_not_working
616,2529,virtual_card_not_working,virtual_card_not_working,virtual_card_not_working
616,2530,virtual_card_not_working,virtual_card_not_working,virtual_card_not_working
616,2531,virtual_card_not_working,getting_virtual_card,getting_virtual_card
616,2532,virtual_card_not_working,declined_card_payment,virtual_card_not_working
616,2533,virtual_card_not_working,virtual_card_not_working,virtual_card_not_working
616,2534,virtual_card_not_working,getting_virtual_card,getting_virtual_card
616,2535,virtual_card_not_working,virtual_card_not_working,getting_virtual_card
616,2536,virtual_card_not_working,getting_virtual_card,getting_virtual_card
616,2537,virtual_card_not_working,virtual_card_not_working,virtual_card_not_working
616,2538,virtual_card_not_working,virtual_card_not_working,virtual_card_not_working
616,2539,virtual_card_not_working,virtual_card_not_working,virtual_card_not_working
616,2540,virtual_card_not_working,virtual_card_not_working,virtual_card_not_working
616,2541,virtual_card_not_working,virtual_card_not_working,virtual_card_not_working
616,2542,virtual_card_not_working,virtual_card_not_working,virtual_card_not_working
616,2543,virtual_card_not_working,getting_virtual_card,getting_virtual_card
616,2544,virtual_card_not_working,card_not_working,card_not_working
616,2545,virtual_card_not_working,virtual_card_not_working,virtual_card_not_working
616,2546,virtual_card_not_working,declined_card_payment,virtual_card_not_working
616,2547,virtual_card_not_working,virtual_card_not_working,virtual_card_not_working
616,2548,virtual_card_not_working,virtual_card_not_working,virtual_card_not_working
616,2549,virtual_card_not_working,virtual_card_not_working,virtual_card_not_working
616,2550,virtual_card_not_working,virtual_card_not_working,virtual_card_not_working
616,2551,virtual_card_not_working,virtual_card_not_working,virtual_card_not_working
616,2552,virtual_card_not_working,virtual_card_not_working,virtual_card_not_working
616,2553,virtual_card_not_working,virtual_card_not_working,virtual_card_not_working
616,2554,virtual_card_not_working,virtual_card_not_working,virtual_card_not_working
616,2555,virtual_card_not_working,virtual_card_not_working,virtual_card_not_working
616,2556,virtual_card_not_working,getting_virtual_card,getting_virtual_card
616,2557,virtual_card_not_working,virtual_card_not_working,virtual_card_not_working
616,2558,virtual_card_not_working,getting_virtual_card,getting_virtual_card
616,2559,virtual_card_not_working,virtual_card_not_working,getting_virtual_card
616,2560,wrong_exchange_rate_for_cash_withdrawal,card_payment_wrong_exchange_rate,card_payment_wrong_exchange_rate
616,2561,wrong_exchange_rate_for_cash_withdrawal,card_payment_wrong_exchange_rate,card_payment_wrong_exchange_rate
616,2562,wrong_exchange_rate_for_cash_withdrawal,cash_withdrawal_charge,cash_withdrawal_charge
616,2563,wrong_exchange_rate_for_cash_withdrawal,exchange_rate,exchange_rate
616,2564,wrong_exchange_rate_for_cash_withdrawal,card_payment_wrong_exchange_rate,card_payment_wrong_exchange_rate
616,2565,wrong_exchange_rate_for_cash_withdrawal,cash_withdrawal_charge,declined_cash_withdrawal
616,2566,wrong_exchange_rate_for_cash_withdrawal,card_payment_wrong_exchange_rate,card_payment_wrong_exchange_rate
616,2567,wrong_exchange_rate_for_cash_withdrawal,wrong_exchange_rate_for_cash_withdrawal,card_payment_wrong_exchange_rate
616,2568,wrong_exchange_rate_for_cash_withdrawal,card_payment_wrong_exchange_rate,exchange_rate
616,2569,wrong_exchange_rate_for_cash_withdrawal,card_payment_wrong_exchange_rate,card_payment_wrong_exchange_rate
616,2570,wrong_exchange_rate_for_cash_withdrawal,card_payment_wrong_exchange_rate,card_payment_wrong_exchange_rate
616,2571,wrong_exchange_rate_for_cash_withdrawal,exchange_charge,exchange_charge
616,2572,wrong_exchange_rate_for_cash_withdrawal,wrong_exchange_rate_for_cash_withdrawal,exchange_rate
616,2573,wrong_exchange_rate_for_cash_withdrawal,wrong_exchange_rate_for_cash_withdrawal,exchange_rate
616,2574,wrong_exchange_rate_for_cash_withdrawal,card_payment_wrong_exchange_rate,card_payment_wrong_exchange_rate
616,2575,wrong_exchange_rate_for_cash_withdrawal,cash_withdrawal_charge,declined_cash_withdrawal
616,2576,wrong_exchange_rate_for_cash_withdrawal,wrong_exchange_rate_for_cash_withdrawal,wrong_exchange_rate_for_cash_withdrawal
616,2577,wrong_exchange_rate_for_cash_withdrawal,wrong_exchange_rate_for_cash_withdrawal,wrong_exchange_rate_for_cash_withdrawal
616,2578,wrong_exchange_rate_for_cash_withdrawal,card_payment_wrong_exchange_rate,card_payment_wrong_exchange_rate
616,2579,wrong_exchange_rate_for_cash_withdrawal,cash_withdrawal_charge,atm_support
616,2580,wrong_exchange_rate_for_cash_withdrawal,card_payment_wrong_exchange_rate,card_payment_wrong_exchange_rate
616,2581,wrong_exchange_rate_for_cash_withdrawal,card_payment_wrong_exchange_rate,card_payment_wrong_exchange_rate
616,2582,wrong_exchange_rate_for_cash_withdrawal,card_payment_wrong_exchange_rate,card_payment_wrong_exchange_rate
616,2583,wrong_exchange_rate_for_cash_withdrawal,wrong_exchange_rate_for_cash_withdrawal,verify_source_of_funds
616,2584,wrong_exchange_rate_for_cash_withdrawal,card_payment_wrong_exchange_rate,card_payment_wrong_exchange_rate
616,2585,wrong_exchange_rate_for_cash_withdrawal,exchange_rate,exchange_rate
616,2586,wrong_exchange_rate_for_cash_withdrawal,wrong_exchange_rate_for_cash_withdrawal,card_payment_wrong_exchange_rate
616,2587,wrong_exchange_rate_for_cash_withdrawal,cash_withdrawal_charge,wrong_exchange_rate_for_cash_withdrawal
616,2588,wrong_exchange_rate_for_cash_withdrawal,card_payment_wrong_exchange_rate,card_payment_wrong_exchange_rate
616,2589,wrong_exchange_rate_for_cash_withdrawal,wrong_exchange_rate_for_cash_withdrawal,exchange_rate
616,2590,wrong_exchange_rate_for_cash_withdrawal,card_payment_wrong_exchange_rate,card_payment_wrong_exchange_rate
616,2591,wrong_exchange_rate_for_cash_withdrawal,exchange_rate,exchange_rate
616,2592,wrong_exchange_rate_for_cash_withdrawal,card_payment_wrong_exchange_rate,card_payment_wrong_exchange_rate
616,2593,wrong_exchange_rate_for_cash_withdrawal,wrong_exchange_rate_for_cash_withdrawal,wrong_exchange_rate_for_cash_withdrawal
616,2594,wrong_exchange_rate_for_cash_withdrawal,card_payment_wrong_exchange_rate,card_payment_wrong_exchange_rate
616,2595,wrong_exchange_rate_for_cash_withdrawal,card_payment_wrong_exchange_rate,card_payment_wrong_exchange_rate
616,2596,wrong_exchange_rate_for_cash_withdrawal,card_payment_wrong_exchange_rate,exchange_rate
616,2597,wrong_exchange_rate_for_cash_withdrawal,cash_withdrawal_charge,declined_cash_withdrawal
616,2598,wrong_exchange_rate_for_cash_withdrawal,wrong_exchange_rate_for_cash_withdrawal,card_payment_wrong_exchange_rate
616,2599,wrong_exchange_rate_for_cash_withdrawal,cash_withdrawal_charge,declined_cash_withdrawal
616,2600,get_disposable_virtual_card,get_disposable_virtual_card,getting_virtual_card
616,2601,get_disposable_virtual_card,get_disposable_virtual_card,getting_virtual_card
616,2602,get_disposable_virtual_card,get_disposable_virtual_card,getting_virtual_card
616,2603,get_disposable_virtual_card,get_disposable_virtual_card,getting_virtual_card
616,2604,get_disposable_virtual_card,getting_virtual_card,getting_virtual_card
616,2605,get_disposable_virtual_card,get_disposable_virtual_card,get_disposable_virtual_card
616,2606,get_disposable_virtual_card,getting_virtual_card,getting_virtual_card
616,2607,get_disposable_virtual_card,get_disposable_virtual_card,get_disposable_virtual_card
616,2608,get_disposable_virtual_card,get_disposable_virtual_card,getting_virtual_card
616,2609,get_disposable_virtual_card,get_disposable_virtual_card,getting_virtual_card
616,2610,get_disposable_virtual_card,disposable_card_limits,disposable_card_limits
616,2611,get_disposable_virtual_card,get_disposable_virtual_card,getting_virtual_card
616,2612,get_disposable_virtual_card,getting_virtual_card,getting_virtual_card
616,2613,get_disposable_virtual_card,get_disposable_virtual_card,getting_virtual_card
616,2614,get_disposable_virtual_card,get_disposable_virtual_card,getting_virtual_card
616,2615,get_disposable_virtual_card,getting_virtual_card,getting_virtual_card
616,2616,get_disposable_virtual_card,disposable_card_limits,disposable_card_limits
616,2617,get_disposable_virtual_card,getting_virtual_card,getting_virtual_card
616,2618,get_disposable_virtual_card,get_disposable_virtual_card,getting_virtual_card
616,2619,get_disposable_virtual_card,getting_virtual_card,getting_virtual_card
616,2620,get_disposable_virtual_card,get_disposable_virtual_card,getting_virtual_card
616,2621,get_disposable_virtual_card,get_disposable_virtual_card,virtual_card_not_working
616,2622,get_disposable_virtual_card,getting_virtual_card,getting_virtual_card
616,2623,get_disposable_virtual_card,get_disposable_virtual_card,getting_virtual_card
616,2624,get_disposable_virtual_card,get_disposable_virtual_card,get_disposable_virtual_card
616,2625,get_disposable_virtual_card,get_disposable_virtual_card,getting_virtual_card
616,2626,get_disposable_virtual_card,get_disposable_virtual_card,getting_virtual_card
616,2627,get_disposable_virtual_card,get_disposable_virtual_card,getting_virtual_card
616,2628,get_disposable_virtual_card,get_disposable_virtual_card,get_disposable_virtual_card
616,2629,get_disposable_virtual_card,getting_virtual_card,getting_virtual_card
616,2630,get_disposable_virtual_card,get_disposable_virtual_card,get_disposable_virtual_card
616,2631,get_disposable_virtual_card,get_disposable_virtual_card,getting_virtual_card
616,2632,get_disposable_virtual_card,get_disposable_virtual_card,getting_virtual_card
616,2633,get_disposable_virtual_card,get_disposable_virtual_card,getting_virtual_card
616,2634,get_disposable_virtual_card,get_disposable_virtual_card,getting_virtual_card
616,2635,get_disposable_virtual_card,get_disposable_virtual_card,getting_virtual_card
616,2636,get_disposable_virtual_card,card_about_to_expire,virtual_card_not_working
616,2637,get_disposable_virtual_card,disposable_card_limits,disposable_card_limits
616,2638,get_disposable_virtual_card,get_disposable_virtual_card,get_disposable_virtual_card
616,2639,get_disposable_virtual_card,get_disposable_virtual_card,getting_virtual_card
616,2640,top_up_failed,card_payment_not_recognised,card_payment_not_recognised
616,2641,top_up_failed,top_up_failed,declined_card_payment
616,2642,top_up_failed,pending_top_up,pending_top_up
616,2643,top_up_failed,declined_card_payment,declined_card_payment
616,2644,top_up_failed,top_up_failed,top_up_failed
616,2645,top_up_failed,top_up_failed,top_up_failed
616,2646,top_up_failed,top_up_failed,top_up_failed
616,2647,top_up_failed,top_up_failed,card_payment_not_recognised
616,2648,top_up_failed,top_up_failed,top_up_failed
616,2649,top_up_failed,pending_top_up,pending_top_up
616,2650,top_up_failed,verify_top_up,verify_top_up
616,2651,top_up_failed,top_up_failed,top_up_failed
616,2652,top_up_failed,top_up_failed,top_up_failed
616,2653,top_up_failed,pending_top_up,pending_top_up
616,2654,top_up_failed,top_up_failed,top_up_failed
616,2655,top_up_failed,top_up_failed,top_up_failed
616,2656,top_up_failed,top_up_failed,top_up_failed
616,2657,top_up_failed,declined_card_payment,declined_card_payment
616,2658,top_up_failed,declined_card_payment,declined_card_payment
616,2659,top_up_failed,top_up_failed,card_payment_not_recognised
616,2660,top_up_failed,top_up_failed,top_up_failed
616,2661,top_up_failed,top_up_failed,top_up_failed
616,2662,top_up_failed,top_up_failed,top_up_failed
616,2663,top_up_failed,pending_top_up,contactless_not_working
616,2664,top_up_failed,top_up_failed,top_up_failed
616,2665,top_up_failed,top_up_failed,top_up_failed
616,2666,top_up_failed,top_up_failed,top_up_failed
616,2667,top_up_failed,pending_top_up,top_up_failed
616,2668,top_up_failed,pending_top_up,declined_card_payment
616,2669,top_up_failed,top_up_failed,top_up_failed
616,2670,top_up_failed,declined_cash_withdrawal,card_payment_not_recognised
616,2671,top_up_failed,pending_top_up,top_up_failed
616,2672,top_up_failed,pending_top_up,top_up_failed
616,2673,top_up_failed,top_up_failed,top_up_failed
616,2674,top_up_failed,top_up_limits,top_up_failed
616,2675,top_up_failed,declined_card_payment,declined_card_payment
616,2676,top_up_failed,pending_top_up,pending_top_up
616,2677,top_up_failed,pending_top_up,top_up_failed
616,2678,top_up_failed,pending_top_up,top_up_failed
616,2679,top_up_failed,top_up_failed,top_up_failed
616,2680,balance_not_updated_after_bank_transfer,balance_not_updated_after_bank_transfer,balance_not_updated_after_bank_transfer
616,2681,balance_not_updated_after_bank_transfer,balance_not_updated_after_cheque_or_cash_deposit,balance_not_updated_after_cheque_or_cash_deposit
616,2682,balance_not_updated_after_bank_transfer,transfer_timing,transfer_timing
616,2683,balance_not_updated_after_bank_transfer,failed_transfer,failed_transfer
616,2684,balance_not_updated_after_bank_transfer,pending_transfer,pending_transfer
616,2685,balance_not_updated_after_bank_transfer,transfer_timing,transfer_timing
616,2686,balance_not_updated_after_bank_transfer,balance_not_updated_after_bank_transfer,balance_not_updated_after_bank_transfer
616,2687,balance_not_updated_after_bank_transfer,pending_transfer,pending_transfer
616,2688,balance_not_updated_after_bank_transfer,failed_transfer,failed_transfer
616,2689,balance_not_updated_after_bank_transfer,balance_not_updated_after_cheque_or_cash_deposit,balance_not_updated_after_cheque_or_cash_deposit
616,2690,balance_not_updated_after_bank_transfer,failed_transfer,verify_source_of_funds
616,2691,balance_not_updated_after_bank_transfer,transfer_timing,top_up_by_bank_transfer_charge
616,2692,balance_not_updated_after_bank_transfer,balance_not_updated_after_bank_transfer,balance_not_updated_after_bank_transfer
616,2693,balance_not_updated_after_bank_transfer,failed_transfer,failed_transfer
616,2694,balance_not_updated_after_bank_transfer,failed_transfer,failed_transfer
616,2695,balance_not_updated_after_bank_transfer,failed_transfer,transfer_not_received_by_recipient
616,2696,balance_not_updated_after_bank_transfer,balance_not_updated_after_bank_transfer,balance_not_updated_after_bank_transfer
616,2697,balance_not_updated_after_bank_transfer,balance_not_updated_after_cheque_or_cash_deposit,balance_not_updated_after_cheque_or_cash_deposit
616,2698,balance_not_updated_after_bank_transfer,balance_not_updated_after_cheque_or_cash_deposit,verify_source_of_funds
616,2699,balance_not_updated_after_bank_transfer,balance_not_updated_after_cheque_or_cash_deposit,balance_not_updated_after_cheque_or_cash_deposit
616,2700,balance_not_updated_after_bank_transfer,failed_transfer,balance_not_updated_after_cheque_or_cash_deposit
616,2701,balance_not_updated_after_bank_transfer,balance_not_updated_after_cheque_or_cash_deposit,balance_not_updated_after_cheque_or_cash_deposit
616,2702,balance_not_updated_after_bank_transfer,transfer_fee_charged,transfer_into_account
616,2703,balance_not_updated_after_bank_transfer,failed_transfer,failed_transfer
616,2704,balance_not_updated_after_bank_transfer,balance_not_updated_after_bank_transfer,balance_not_updated_after_cheque_or_cash_deposit
616,2705,balance_not_updated_after_bank_transfer,balance_not_updated_after_cheque_or_cash_deposit,balance_not_updated_after_cheque_or_cash_deposit
616,2706,balance_not_updated_after_bank_transfer,failed_transfer,failed_transfer
616,2707,balance_not_updated_after_bank_transfer,balance_not_updated_after_cheque_or_cash_deposit,balance_not_updated_after_cheque_or_cash_deposit
616,2708,balance_not_updated_after_bank_transfer,pending_transfer,pending_transfer
616,2709,balance_not_updated_after_bank_transfer,failed_transfer,failed_transfer
616,2710,balance_not_updated_after_bank_transfer,balance_not_updated_after_bank_transfer,balance_not_updated_after_bank_transfer
616,2711,balance_not_updated_after_bank_transfer,pending_transfer,pending_transfer
616,2712,balance_not_updated_after_bank_transfer,balance_not_updated_after_bank_transfer,balance_not_updated_after_bank_transfer
616,2713,balance_not_updated_after_bank_transfer,transfer_timing,transfer_not_received_by_recipient
616,2714,balance_not_updated_after_bank_transfer,balance_not_updated_after_cheque_or_cash_deposit,balance_not_updated_after_cheque_or_cash_deposit
616,2715,balance_not_updated_after_bank_transfer,balance_not_updated_after_cheque_or_cash_deposit,verify_source_of_funds
616,2716,balance_not_updated_after_bank_transfer,balance_not_updated_after_bank_transfer,transfer_timing
616,2717,balance_not_updated_after_bank_transfer,failed_transfer,failed_transfer
616,2718,balance_not_updated_after_bank_transfer,balance_not_updated_after_cheque_or_cash_deposit,balance_not_updated_after_cheque_or_cash_deposit
616,2719,balance_not_updated_after_bank_transfer,pending_transfer,transfer_not_received_by_recipient
616,2720,cash_withdrawal_not_recognised,lost_or_stolen_card,lost_or_stolen_card
616,2721,cash_withdrawal_not_recognised,cash_withdrawal_not_recognised,cash_withdrawal_not_recognised
616,2722,cash_withdrawal_not_recognised,pending_cash_withdrawal,verify_source_of_funds
616,2723,cash_withdrawal_not_recognised,declined_cash_withdrawal,declined_cash_withdrawal
616,2724,cash_withdrawal_not_recognised,card_payment_not_recognised,card_payment_not_recognised
616,2725,cash_withdrawal_not_recognised,cash_withdrawal_not_recognised,declined_cash_withdrawal
616,2726,cash_withdrawal_not_recognised,cash_withdrawal_not_recognised,cash_withdrawal_not_recognised
616,2727,cash_withdrawal_not_recognised,card_payment_not_recognised,card_payment_not_recognised
616,2728,cash_withdrawal_not_recognised,cash_withdrawal_not_recognised,declined_cash_withdrawal
616,2729,cash_withdrawal_not_recognised,declined_cash_withdrawal,declined_cash_withdrawal
616,2730,cash_withdrawal_not_recognised,card_swallowed,declined_cash_withdrawal
616,2731,cash_withdrawal_not_recognised,cash_withdrawal_not_recognised,cash_withdrawal_not_recognised
616,2732,cash_withdrawal_not_recognised,cash_withdrawal_not_recognised,cash_withdrawal_not_recognised
616,2733,cash_withdrawal_not_recognised,cash_withdrawal_not_recognised,cash_withdrawal_not_recognised
616,2734,cash_withdrawal_not_recognised,cash_withdrawal_not_recognised,cash_withdrawal_not_recognised
616,2735,cash_withdrawal_not_recognised,compromised_card,compromised_card
616,2736,cash_withdrawal_not_recognised,cash_withdrawal_not_recognised,cash_withdrawal_not_recognised
616,2737,cash_withdrawal_not_recognised,cash_withdrawal_not_recognised,cash_withdrawal_not_recognised
616,2738,cash_withdrawal_not_recognised,cash_withdrawal_not_recognised,cash_withdrawal_not_recognised
616,2739,cash_withdrawal_not_recognised,cash_withdrawal_not_recognised,cash_withdrawal_not_recognised
616,2740,cash_withdrawal_not_recognised,cash_withdrawal_not_recognised,cash_withdrawal_not_recognised
616,2741,cash_withdrawal_not_recognised,card_payment_not_recognised,card_payment_not_recognised
616,2742,cash_withdrawal_not_recognised,cash_withdrawal_not_recognised,declined_cash_withdrawal
616,2743,cash_withdrawal_not_recognised,cash_withdrawal_not_recognised,cash_withdrawal_not_recognised
616,2744,cash_withdrawal_not_recognised,cash_withdrawal_not_recognised,cash_withdrawal_not_recognised
616,2745,cash_withdrawal_not_recognised,cancel_transfer,cancel_transfer
616,2746,cash_withdrawal_not_recognised,card_payment_not_recognised,card_payment_not_recognised
616,2747,cash_withdrawal_not_recognised,cash_withdrawal_not_recognised,cash_withdrawal_not_recognised
616,2748,cash_withdrawal_not_recognised,cash_withdrawal_not_recognised,declined_cash_withdrawal
616,2749,cash_withdrawal_not_recognised,cash_withdrawal_not_recognised,verify_source_of_funds
616,2750,cash_withdrawal_not_recognised,cash_withdrawal_not_recognised,declined_cash_withdrawal
616,2751,cash_withdrawal_not_recognised,lost_or_stolen_card,verify_source_of_funds
616,2752,cash_withdrawal_not_recognised,cash_withdrawal_not_recognised,cash_withdrawal_not_recognised
616,2753,cash_withdrawal_not_recognised,card_swallowed,verify_source_of_funds
616,2754,cash_withdrawal_not_recognised,lost_or_stolen_card,lost_or_stolen_card
616,2755,cash_withdrawal_not_recognised,card_payment_not_recognised,card_payment_not_recognised
616,2756,cash_withdrawal_not_recognised,pending_cash_withdrawal,declined_cash_withdrawal
616,2757,cash_withdrawal_not_recognised,cash_withdrawal_not_recognised,declined_cash_withdrawal
616,2758,cash_withdrawal_not_recognised,cash_withdrawal_not_recognised,cash_withdrawal_not_recognised
616,2759,cash_withdrawal_not_recognised,cash_withdrawal_not_recognised,cash_withdrawal_not_recognised
616,2760,exchange_charge,exchange_charge,exchange_charge
616,2761,exchange_charge,exchange_rate,exchange_rate
616,2762,exchange_charge,exchange_rate,exchange_rate
616,2763,exchange_charge,exchange_rate,exchange_rate
616,2764,exchange_charge,exchange_charge,exchange_rate
616,2765,exchange_charge,receiving_money,exchange_charge
616,2766,exchange_charge,exchange_charge,exchange_rate
616,2767,exchange_charge,exchange_charge,exchange_charge
616,2768,exchange_charge,exchange_charge,exchange_rate
616,2769,exchange_charge,exchange_charge,exchange_rate
616,2770,exchange_charge,exchange_charge,exchange_charge
616,2771,exchange_charge,exchange_charge,exchange_rate
616,2772,exchange_charge,exchange_via_app,exchange_via_app
616,2773,exchange_charge,exchange_charge,exchange_charge
616,2774,exchange_charge,exchange_charge,exchange_rate
616,2775,exchange_charge,exchange_charge,exchange_rate
616,2776,exchange_charge,exchange_charge,exchange_charge
616,2777,exchange_charge,exchange_charge,exchange_charge
616,2778,exchange_charge,exchange_charge,exchange_rate
616,2779,exchange_charge,exchange_charge,exchange_charge
616,2780,exchange_charge,exchange_charge,exchange_charge
616,2781,exchange_charge,exchange_charge,exchange_charge
616,2782,exchange_charge,exchange_charge,exchange_charge
616,2783,exchange_charge,exchange_charge,exchange_rate
616,2784,exchange_charge,top_up_by_card_charge,exchange_rate
616,2785,exchange_charge,top_up_by_bank_transfer_charge,exchange_rate
616,2786,exchange_charge,exchange_charge,exchange_charge
616,2787,exchange_charge,exchange_charge,exchange_rate
616,2788,exchange_charge,exchange_rate,exchange_rate
616,2789,exchange_charge,exchange_charge,exchange_rate
616,2790,exchange_charge,exchange_charge,exchange_charge
616,2791,exchange_charge,exchange_charge,exchange_charge
616,2792,exchange_charge,exchange_charge,exchange_rate
616,2793,exchange_charge,exchange_charge,exchange_charge
616,2794,exchange_charge,exchange_charge,exchange_rate
616,2795,exchange_charge,exchange_charge,exchange_rate
616,2796,exchange_charge,exchange_charge,exchange_charge
616,2797,exchange_charge,exchange_charge,exchange_charge
616,2798,exchange_charge,exchange_charge,exchange_rate
616,2799,exchange_charge,exchange_charge,exchange_rate
616,2800,top_up_by_card_charge,top_up_by_card_charge,top_up_by_card_charge
616,2801,top_up_by_card_charge,top_up_by_card_charge,top_up_by_card_charge
616,2802,top_up_by_card_charge,card_payment_fee_charged,card_payment_fee_charged
616,2803,top_up_by_card_charge,top_up_by_card_charge,top_up_by_card_charge
616,2804,top_up_by_card_charge,top_up_by_card_charge,order_physical_card
616,2805,top_up_by_card_charge,top_up_by_card_charge,top_up_by_card_charge
616,2806,top_up_by_card_charge,top_up_limits,top_up_limits
616,2807,top_up_by_card_charge,top_up_by_card_charge,top_up_by_card_charge
616,2808,top_up_by_card_charge,top_up_by_card_charge,top_up_by_card_charge
616,2809,top_up_by_card_charge,top_up_limits,apple_pay_or_google_pay
616,2810,top_up_by_card_charge,top_up_by_card_charge,card_arrival
616,2811,top_up_by_card_charge,top_up_limits,top_up_limits
616,2812,top_up_by_card_charge,top_up_by_card_charge,top_up_by_card_charge
616,2813,top_up_by_card_charge,top_up_limits,top_up_limits
616,2814,top_up_by_card_charge,top_up_by_card_charge,top_up_limits
616,2815,top_up_by_card_charge,top_up_by_card_charge,card_delivery_estimate
616,2816,top_up_by_card_charge,top_up_by_card_charge,top_up_limits
616,2817,top_up_by_card_charge,top_up_by_card_charge,top_up_by_card_charge
616,2818,top_up_by_card_charge,top_up_by_card_charge,top_up_by_card_charge
616,2819,top_up_by_card_charge,top_up_by_card_charge,top_up_by_card_charge
616,2820,top_up_by_card_charge,top_up_by_card_charge,verify_source_of_funds
616,2821,top_up_by_card_charge,top_up_by_card_charge,order_physical_card
616,2822,top_up_by_card_charge,top_up_by_card_charge,top_up_limits
616,2823,top_up_by_card_charge,top_up_limits,top_up_limits
616,2824,top_up_by_card_charge,top_up_by_card_charge,top_up_by_card_charge
616,2825,top_up_by_card_charge,top_up_by_card_charge,top_up_by_card_charge
616,2826,top_up_by_card_charge,top_up_by_card_charge,top_up_by_card_charge
616,2827,top_up_by_card_charge,top_up_by_card_charge,top_up_limits
616,2828,top_up_by_card_charge,top_up_by_card_charge,top_up_by_card_charge
616,2829,top_up_by_card_charge,topping_up_by_card,topping_up_by_card
616,2830,top_up_by_card_charge,top_up_limits,top_up_limits
616,2831,top_up_by_card_charge,top_up_limits,top_up_limits
616,2832,top_up_by_card_charge,top_up_by_card_charge,top_up_by_card_charge
616,2833,top_up_by_card_charge,top_up_by_card_charge,exchange_charge
616,2834,top_up_by_card_charge,top_up_limits,top_up_limits
616,2835,top_up_by_card_charge,top_up_by_card_charge,topping_up_by_card
616,2836,top_up_by_card_charge,top_up_by_card_charge,top_up_by_card_charge
616,2837,top_up_by_card_charge,top_up_by_card_charge,top_up_by_card_charge
616,2838,top_up_by_card_charge,top_up_limits,top_up_limits
616,2839,top_up_by_card_charge,top_up_by_card_charge,top_up_by_card_charge
616,2840,activate_my_card,activate_my_card,activate_my_card
616,2841,activate_my_card,activate_my_card,activate_my_card
616,2842,activate_my_card,activate_my_card,activate_my_card
616,2843,activate_my_card,activate_my_card,activate_my_card
616,2844,activate_my_card,activate_my_card,activate_my_card
616,2845,activate_my_card,activate_my_card,card_delivery_estimate
616,2846,activate_my_card,activate_my_card,activate_my_card
616,2847,activate_my_card,activate_my_card,card_arrival
616,2848,activate_my_card,card_about_to_expire,card_arrival
616,2849,activate_my_card,activate_my_card,getting_virtual_card
616,2850,activate_my_card,activate_my_card,getting_virtual_card
616,2851,activate_my_card,activate_my_card,activate_my_card
616,2852,activate_my_card,lost_or_stolen_card,lost_or_stolen_card
616,2853,activate_my_card,activate_my_card,getting_virtual_card
616,2854,activate_my_card,activate_my_card,activate_my_card
616,2855,activate_my_card,activate_my_card,activate_my_card
616,2856,activate_my_card,activate_my_card,activate_my_card
616,2857,activate_my_card,activate_my_card,activate_my_card
616,2858,activate_my_card,card_payment_not_recognised,declined_cash_withdrawal
616,2859,activate_my_card,activate_my_card,activate_my_card
616,2860,activate_my_card,activate_my_card,activate_my_card
616,2861,activate_my_card,activate_my_card,activate_my_card
616,2862,activate_my_card,activate_my_card,activate_my_card
616,2863,activate_my_card,activate_my_card,getting_virtual_card
616,2864,activate_my_card,activate_my_card,activate_my_card
616,2865,activate_my_card,activate_my_card,activate_my_card
616,2866,activate_my_card,activate_my_card,activate_my_card
616,2867,activate_my_card,activate_my_card,activate_my_card
616,2868,activate_my_card,activate_my_card,getting_virtual_card
616,2869,activate_my_card,activate_my_card,activate_my_card
616,2870,activate_my_card,activate_my_card,activate_my_card
616,2871,activate_my_card,activate_my_card,activate_my_card
616,2872,activate_my_card,card_about_to_expire,getting_virtual_card
616,2873,activate_my_card,activate_my_card,activate_my_card
616,2874,activate_my_card,activate_my_card,activate_my_card
616,2875,activate_my_card,activate_my_card,activate_my_card
616,2876,activate_my_card,activate_my_card,activate_my_card
616,2877,activate_my_card,activate_my_card,activate_my_card
616,2878,activate_my_card,activate_my_card,activate_my_card
616,2879,activate_my_card,activate_my_card,activate_my_card
616,2880,cash_withdrawal_charge,cash_withdrawal_charge,cash_withdrawal_charge
616,2881,cash_withdrawal_charge,cash_withdrawal_charge,cash_withdrawal_charge
616,2882,cash_withdrawal_charge,cash_withdrawal_charge,cash_withdrawal_charge
616,2883,cash_withdrawal_charge,cash_withdrawal_charge,cash_withdrawal_charge
616,2884,cash_withdrawal_charge,cash_withdrawal_charge,cash_withdrawal_charge
616,2885,cash_withdrawal_charge,cash_withdrawal_charge,cash_withdrawal_charge
616,2886,cash_withdrawal_charge,cash_withdrawal_charge,cash_withdrawal_charge
616,2887,cash_withdrawal_charge,cash_withdrawal_charge,cash_withdrawal_charge
616,2888,cash_withdrawal_charge,cash_withdrawal_charge,cash_withdrawal_charge
616,2889,cash_withdrawal_charge,cash_withdrawal_charge,cash_withdrawal_charge
616,2890,cash_withdrawal_charge,transfer_fee_charged,transfer_fee_charged
616,2891,cash_withdrawal_charge,cash_withdrawal_charge,cash_withdrawal_charge
616,2892,cash_withdrawal_charge,cash_withdrawal_charge,cash_withdrawal_charge
616,2893,cash_withdrawal_charge,cash_withdrawal_charge,cash_withdrawal_charge
616,2894,cash_withdrawal_charge,cash_withdrawal_charge,cash_withdrawal_charge
616,2895,cash_withdrawal_charge,cash_withdrawal_charge,cash_withdrawal_charge
616,2896,cash_withdrawal_charge,cash_withdrawal_charge,cash_withdrawal_charge
616,2897,cash_withdrawal_charge,cash_withdrawal_charge,cash_withdrawal_charge
616,2898,cash_withdrawal_charge,cash_withdrawal_charge,cash_withdrawal_charge
616,2899,cash_withdrawal_charge,cash_withdrawal_charge,cash_withdrawal_charge
616,2900,cash_withdrawal_charge,cash_withdrawal_charge,cash_withdrawal_charge
616,2901,cash_withdrawal_charge,cash_withdrawal_charge,cash_withdrawal_charge
616,2902,cash_withdrawal_charge,cash_withdrawal_charge,cash_withdrawal_charge
616,2903,cash_withdrawal_charge,cash_withdrawal_charge,cash_withdrawal_charge
616,2904,cash_withdrawal_charge,cash_withdrawal_charge,cash_withdrawal_charge
616,2905,cash_withdrawal_charge,card_payment_fee_charged,cash_withdrawal_charge
616,2906,cash_withdrawal_charge,cash_withdrawal_charge,cash_withdrawal_charge
616,2907,cash_withdrawal_charge,cash_withdrawal_charge,transfer_fee_charged
616,2908,cash_withdrawal_charge,cash_withdrawal_charge,cash_withdrawal_charge
616,2909,cash_withdrawal_charge,cash_withdrawal_charge,cash_withdrawal_charge
616,2910,cash_withdrawal_charge,cash_withdrawal_charge,cash_withdrawal_charge
616,2911,cash_withdrawal_charge,cash_withdrawal_charge,cash_withdrawal_charge
616,2912,cash_withdrawal_charge,cash_withdrawal_charge,cash_withdrawal_charge
616,2913,cash_withdrawal_charge,cash_withdrawal_charge,cash_withdrawal_charge
616,2914,cash_withdrawal_charge,cash_withdrawal_charge,cash_withdrawal_charge
616,2915,cash_withdrawal_charge,cash_withdrawal_charge,declined_cash_withdrawal
616,2916,cash_withdrawal_charge,card_swallowed,declined_cash_withdrawal
616,2917,cash_withdrawal_charge,wrong_amount_of_cash_received,verify_source_of_funds
616,2918,cash_withdrawal_charge,cash_withdrawal_charge,cash_withdrawal_charge
616,2919,cash_withdrawal_charge,cash_withdrawal_charge,cash_withdrawal_charge
616,2920,card_about_to_expire,card_about_to_expire,card_about_to_expire
616,2921,card_about_to_expire,card_about_to_expire,card_arrival
616,2922,card_about_to_expire,card_about_to_expire,verify_source_of_funds
616,2923,card_about_to_expire,card_about_to_expire,lost_or_stolen_card
616,2924,card_about_to_expire,card_about_to_expire,card_about_to_expire
616,2925,card_about_to_expire,card_about_to_expire,virtual_card_not_working
616,2926,card_about_to_expire,card_about_to_expire,virtual_card_not_working
616,2927,card_about_to_expire,card_about_to_expire,card_delivery_estimate
616,2928,card_about_to_expire,card_about_to_expire,virtual_card_not_working
616,2929,card_about_to_expire,card_about_to_expire,card_delivery_estimate
616,2930,card_about_to_expire,card_about_to_expire,card_about_to_expire
616,2931,card_about_to_expire,card_about_to_expire,card_about_to_expire
616,2932,card_about_to_expire,card_about_to_expire,card_about_to_expire
616,2933,card_about_to_expire,card_about_to_expire,card_about_to_expire
616,2934,card_about_to_expire,card_about_to_expire,lost_or_stolen_card
616,2935,card_about_to_expire,card_about_to_expire,virtual_card_not_working
616,2936,card_about_to_expire,card_about_to_expire,card_about_to_expire
616,2937,card_about_to_expire,card_about_to_expire,card_about_to_expire
616,2938,card_about_to_expire,card_about_to_expire,card_arrival
616,2939,card_about_to_expire,card_about_to_expire,getting_virtual_card
616,2940,card_about_to_expire,top_up_by_card_charge,card_delivery_estimate
616,2941,card_about_to_expire,card_about_to_expire,card_about_to_expire
616,2942,card_about_to_expire,card_about_to_expire,card_about_to_expire
616,2943,card_about_to_expire,card_about_to_expire,card_about_to_expire
616,2944,card_about_to_expire,card_about_to_expire,contactless_not_working
616,2945,card_about_to_expire,card_about_to_expire,card_about_to_expire
616,2946,card_about_to_expire,card_about_to_expire,card_arrival
616,2947,card_about_to_expire,card_about_to_expire,card_about_to_expire
616,2948,card_about_to_expire,card_about_to_expire,card_about_to_expire
616,2949,card_about_to_expire,card_about_to_expire,card_about_to_expire
616,2950,card_about_to_expire,card_about_to_expire,virtual_card_not_working
616,2951,card_about_to_expire,card_about_to_expire,card_about_to_expire
616,2952,card_about_to_expire,card_about_to_expire,card_about_to_expire
616,2953,card_about_to_expire,card_about_to_expire,card_not_working
616,2954,card_about_to_expire,card_about_to_expire,card_delivery_estimate
616,2955,card_about_to_expire,card_about_to_expire,card_delivery_estimate
616,2956,card_about_to_expire,card_about_to_expire,card_about_to_expire
616,2957,card_about_to_expire,card_about_to_expire,card_about_to_expire
616,2958,card_about_to_expire,card_about_to_expire,card_about_to_expire
616,2959,card_about_to_expire,card_about_to_expire,card_delivery_estimate
616,2960,apple_pay_or_google_pay,apple_pay_or_google_pay,apple_pay_or_google_pay
616,2961,apple_pay_or_google_pay,apple_pay_or_google_pay,apple_pay_or_google_pay
616,2962,apple_pay_or_google_pay,apple_pay_or_google_pay,apple_pay_or_google_pay
616,2963,apple_pay_or_google_pay,apple_pay_or_google_pay,apple_pay_or_google_pay
616,2964,apple_pay_or_google_pay,apple_pay_or_google_pay,apple_pay_or_google_pay
616,2965,apple_pay_or_google_pay,apple_pay_or_google_pay,apple_pay_or_google_pay
616,2966,apple_pay_or_google_pay,apple_pay_or_google_pay,apple_pay_or_google_pay
616,2967,apple_pay_or_google_pay,apple_pay_or_google_pay,apple_pay_or_google_pay
616,2968,apple_pay_or_google_pay,apple_pay_or_google_pay,apple_pay_or_google_pay
616,2969,apple_pay_or_google_pay,apple_pay_or_google_pay,apple_pay_or_google_pay
616,2970,apple_pay_or_google_pay,apple_pay_or_google_pay,apple_pay_or_google_pay
616,2971,apple_pay_or_google_pay,apple_pay_or_google_pay,apple_pay_or_google_pay
616,2972,apple_pay_or_google_pay,apple_pay_or_google_pay,contactless_not_working
616,2973,apple_pay_or_google_pay,apple_pay_or_google_pay,apple_pay_or_google_pay
616,2974,apple_pay_or_google_pay,apple_pay_or_google_pay,apple_pay_or_google_pay
616,2975,apple_pay_or_google_pay,apple_pay_or_google_pay,apple_pay_or_google_pay
616,2976,apple_pay_or_google_pay,apple_pay_or_google_pay,apple_pay_or_google_pay
616,2977,apple_pay_or_google_pay,apple_pay_or_google_pay,apple_pay_or_google_pay
616,2978,apple_pay_or_google_pay,apple_pay_or_google_pay,apple_pay_or_google_pay
616,2979,apple_pay_or_google_pay,apple_pay_or_google_pay,apple_pay_or_google_pay
616,2980,apple_pay_or_google_pay,apple_pay_or_google_pay,apple_pay_or_google_pay
616,2981,apple_pay_or_google_pay,apple_pay_or_google_pay,apple_pay_or_google_pay
616,2982,apple_pay_or_google_pay,apple_pay_or_google_pay,apple_pay_or_google_pay
616,2983,apple_pay_or_google_pay,apple_pay_or_google_pay,apple_pay_or_google_pay
616,2984,apple_pay_or_google_pay,apple_pay_or_google_pay,exchange_rate
616,2985,apple_pay_or_google_pay,apple_pay_or_google_pay,apple_pay_or_google_pay
616,2986,apple_pay_or_google_pay,apple_pay_or_google_pay,apple_pay_or_google_pay
616,2987,apple_pay_or_google_pay,apple_pay_or_google_pay,apple_pay_or_google_pay
616,2988,apple_pay_or_google_pay,apple_pay_or_google_pay,contactless_not_working
616,2989,apple_pay_or_google_pay,apple_pay_or_google_pay,apple_pay_or_google_pay
616,2990,apple_pay_or_google_pay,apple_pay_or_google_pay,verify_source_of_funds
616,2991,apple_pay_or_google_pay,apple_pay_or_google_pay,apple_pay_or_google_pay
616,2992,apple_pay_or_google_pay,apple_pay_or_google_pay,transfer_into_account
616,2993,apple_pay_or_google_pay,apple_pay_or_google_pay,apple_pay_or_google_pay
616,2994,apple_pay_or_google_pay,apple_pay_or_google_pay,apple_pay_or_google_pay
616,2995,apple_pay_or_google_pay,apple_pay_or_google_pay,apple_pay_or_google_pay
616,2996,apple_pay_or_google_pay,apple_pay_or_google_pay,apple_pay_or_google_pay
616,2997,apple_pay_or_google_pay,apple_pay_or_google_pay,contactless_not_working
616,2998,apple_pay_or_google_pay,apple_pay_or_google_pay,apple_pay_or_google_pay
616,2999,apple_pay_or_google_pay,apple_pay_or_google_pay,apple_pay_or_google_pay
616,3000,verify_my_identity,verify_my_identity,verify_my_identity
616,3001,verify_my_identity,verify_my_identity,verify_my_identity
616,3002,verify_my_identity,verify_my_identity,verify_my_identity
616,3003,verify_my_identity,verify_my_identity,verify_my_identity
616,3004,verify_my_identity,verify_my_identity,verify_my_identity
616,3005,verify_my_identity,verify_my_identity,verify_my_identity
616,3006,verify_my_identity,verify_my_identity,verify_my_identity
616,3007,verify_my_identity,verify_my_identity,verify_my_identity
616,3008,verify_my_identity,verify_my_identity,verify_my_identity
616,3009,verify_my_identity,verify_my_identity,verify_my_identity
616,3010,verify_my_identity,verify_my_identity,verify_my_identity
616,3011,verify_my_identity,verify_my_identity,verify_my_identity
616,3012,verify_my_identity,verify_my_identity,unable_to_verify_identity
616,3013,verify_my_identity,verify_my_identity,verify_my_identity
616,3014,verify_my_identity,verify_my_identity,verify_my_identity
616,3015,verify_my_identity,verify_my_identity,verify_my_identity
616,3016,verify_my_identity,verify_my_identity,verify_my_identity
616,3017,verify_my_identity,verify_my_identity,verify_my_identity
616,3018,verify_my_identity,verify_my_identity,verify_my_identity
616,3019,verify_my_identity,verify_my_identity,verify_my_identity
616,3020,verify_my_identity,verify_my_identity,verify_my_identity
616,3021,verify_my_identity,verify_my_identity,verify_my_identity
616,3022,verify_my_identity,verify_my_identity,verify_my_identity
616,3023,verify_my_identity,verify_my_identity,verify_my_identity
616,3024,verify_my_identity,verify_my_identity,verify_my_identity
616,3025,verify_my_identity,verify_my_identity,verify_my_identity
616,3026,verify_my_identity,verify_my_identity,verify_my_identity
616,3027,verify_my_identity,verify_my_identity,verify_my_identity
616,3028,verify_my_identity,verify_my_identity,verify_my_identity
616,3029,verify_my_identity,verify_my_identity,verify_my_identity
616,3030,verify_my_identity,verify_my_identity,verify_my_identity
616,3031,verify_my_identity,verify_my_identity,verify_my_identity
616,3032,verify_my_identity,verify_my_identity,verify_source_of_funds
616,3033,verify_my_identity,verify_my_identity,verify_my_identity
616,3034,verify_my_identity,verify_my_identity,verify_my_identity
616,3035,verify_my_identity,verify_my_identity,verify_my_identity
616,3036,verify_my_identity,verify_my_identity,verify_my_identity
616,3037,verify_my_identity,verify_my_identity,verify_my_identity
616,3038,verify_my_identity,verify_my_identity,verify_my_identity
616,3039,verify_my_identity,verify_my_identity,verify_my_identity
616,3040,country_support,order_physical_card,card_delivery_estimate
616,3041,country_support,order_physical_card,order_physical_card
616,3042,country_support,country_support,fiat_currency_support
616,3043,country_support,country_support,exchange_rate
616,3044,country_support,order_physical_card,card_delivery_estimate
616,3045,country_support,order_physical_card,order_physical_card
616,3046,country_support,order_physical_card,order_physical_card
616,3047,country_support,order_physical_card,card_arrival
616,3048,country_support,getting_virtual_card,getting_virtual_card
616,3049,country_support,order_physical_card,order_physical_card
616,3050,country_support,order_physical_card,order_physical_card
616,3051,country_support,verify_source_of_funds,verify_source_of_funds
616,3052,country_support,country_support,exchange_rate
616,3053,country_support,getting_virtual_card,getting_virtual_card
616,3054,country_support,card_about_to_expire,card_delivery_estimate
616,3055,country_support,order_physical_card,order_physical_card
616,3056,country_support,country_support,exchange_rate
616,3057,country_support,country_support,exchange_rate
616,3058,country_support,exchange_rate,exchange_rate
616,3059,country_support,order_physical_card,order_physical_card
616,3060,country_support,country_support,receiving_money
616,3061,country_support,order_physical_card,order_physical_card
616,3062,country_support,country_support,exchange_rate
616,3063,country_support,country_support,exchange_rate
616,3064,country_support,country_support,exchange_rate
616,3065,country_support,exchange_rate,exchange_rate
616,3066,country_support,getting_virtual_card,card_delivery_estimate
616,3067,country_support,card_acceptance,card_acceptance
616,3068,country_support,country_support,exchange_rate
616,3069,country_support,exchange_rate,exchange_rate
616,3070,country_support,order_physical_card,order_physical_card
616,3071,country_support,country_support,exchange_rate
616,3072,country_support,order_physical_card,order_physical_card
616,3073,country_support,exchange_rate,exchange_rate
616,3074,country_support,order_physical_card,order_physical_card
616,3075,country_support,order_physical_card,order_physical_card
616,3076,country_support,country_support,exchange_rate
616,3077,country_support,exchange_rate,exchange_rate
616,3078,country_support,exchange_rate,exchange_rate
616,3079,country_support,order_physical_card,order_physical_card
1232,0,card_arrival,getting_virtual_card,getting_virtual_card
1232,1,card_arrival,card_arrival,card_arrival
1232,2,card_arrival,card_arrival,getting_virtual_card
1232,3,card_arrival,card_arrival,card_arrival
1232,4,card_arrival,card_arrival,card_arrival
1232,5,card_arrival,card_arrival,getting_virtual_card
1232,6,card_arrival,card_arrival,card_arrival
1232,7,card_arrival,card_arrival,card_arrival
1232,8,card_arrival,card_arrival,card_arrival
1232,9,card_arrival,card_arrival,card_arrival
1232,10,card_arrival,card_arrival,getting_virtual_card
1232,11,card_arrival,order_physical_card,getting_virtual_card
1232,12,card_arrival,card_arrival,card_arrival
1232,13,card_arrival,card_arrival,card_arrival
1232,14,card_arrival,card_arrival,card_arrival
1232,15,card_arrival,card_arrival,card_arrival
1232,16,card_arrival,card_arrival,card_arrival
1232,17,card_arrival,card_arrival,card_arrival
1232,18,card_arrival,card_arrival,getting_virtual_card
1232,19,card_arrival,card_arrival,card_arrival
1232,20,card_arrival,card_arrival,card_arrival
1232,21,card_arrival,card_arrival,card_arrival
1232,22,card_arrival,card_arrival,getting_virtual_card
1232,23,card_arrival,card_arrival,card_arrival
1232,24,card_arrival,card_arrival,getting_virtual_card
1232,25,card_arrival,card_arrival,card_arrival
1232,26,card_arrival,card_arrival,card_arrival
1232,27,card_arrival,card_arrival,card_arrival
1232,28,card_arrival,card_arrival,getting_virtual_card
1232,29,card_arrival,card_arrival,verify_source_of_funds
1232,30,card_arrival,card_arrival,card_arrival
1232,31,card_arrival,card_arrival,card_arrival
1232,32,card_arrival,getting_virtual_card,getting_virtual_card
1232,33,card_arrival,card_arrival,card_arrival
1232,34,card_arrival,card_arrival,card_arrival
1232,35,card_arrival,card_arrival,card_arrival
1232,36,card_arrival,card_arrival,card_arrival
1232,37,card_arrival,card_delivery_estimate,verify_source_of_funds
1232,38,card_arrival,card_arrival,card_arrival
1232,39,card_arrival,card_arrival,card_arrival
1232,40,card_linking,card_arrival,getting_virtual_card
1232,41,card_linking,activate_my_card,activate_my_card
1232,42,card_linking,activate_my_card,getting_virtual_card
1232,43,card_linking,card_linking,getting_virtual_card
1232,44,card_linking,activate_my_card,getting_virtual_card
1232,45,card_linking,card_linking,getting_virtual_card
1232,46,card_linking,card_linking,getting_virtual_card
1232,47,card_linking,activate_my_card,getting_virtual_card
1232,48,card_linking,card_linking,card_linking
1232,49,card_linking,activate_my_card,getting_virtual_card
1232,50,card_linking,activate_my_card,getting_virtual_card
1232,51,card_linking,card_linking,getting_virtual_card
1232,52,card_linking,activate_my_card,getting_virtual_card
1232,53,card_linking,card_linking,getting_virtual_card
1232,54,card_linking,activate_my_card,getting_virtual_card
1232,55,card_linking,activate_my_card,lost_or_stolen_card
1232,56,card_linking,activate_my_card,activate_my_card
1232,57,card_linking,card_linking,getting_virtual_card
1232,58,card_linking,getting_virtual_card,getting_virtual_card
1232,59,card_linking,card_linking,card_linking
1232,60,card_linking,getting_virtual_card,getting_virtual_card
1232,61,card_linking,card_linking,lost_or_stolen_phone
1232,62,card_linking,activate_my_card,verify_source_of_funds
1232,63,card_linking,activate_my_card,getting_virtual_card
1232,64,card_linking,card_linking,lost_or_stolen_phone
1232,65,card_linking,activate_my_card,getting_virtual_card
1232,66,card_linking,card_payment_not_recognised,card_payment_not_recognised
1232,67,card_linking,activate_my_card,getting_virtual_card
1232,68,card_linking,activate_my_card,getting_virtual_card
1232,69,card_linking,card_acceptance,getting_virtual_card
1232,70,card_linking,activate_my_card,getting_virtual_card
1232,71,card_linking,card_linking,card_linking
1232,72,card_linking,card_linking,activate_my_card
1232,73,card_linking,activate_my_card,getting_virtual_card
1232,74,card_linking,card_acceptance,card_acceptance
1232,75,card_linking,card_linking,lost_or_stolen_phone
1232,76,card_linking,card_linking,lost_or_stolen_phone
1232,77,card_linking,activate_my_card,getting_virtual_card
1232,78,card_linking,activate_my_card,getting_virtual_card
1232,79,card_linking,getting_spare_card,card_acceptance
1232,80,exchange_rate,exchange_rate,exchange_rate
1232,81,exchange_rate,exchange_rate,exchange_rate
1232,82,exchange_rate,exchange_rate,exchange_rate
1232,83,exchange_rate,exchange_rate,exchange_rate
1232,84,exchange_rate,exchange_rate,exchange_rate
1232,85,exchange_rate,exchange_rate,exchange_rate
1232,86,exchange_rate,exchange_charge,exchange_rate
1232,87,exchange_rate,exchange_rate,exchange_rate
1232,88,exchange_rate,exchange_rate,exchange_rate
1232,89,exchange_rate,exchange_rate,exchange_rate
1232,90,exchange_rate,exchange_rate,exchange_rate
1232,91,exchange_rate,exchange_rate,exchange_rate
1232,92,exchange_rate,exchange_rate,exchange_rate
1232,93,exchange_rate,exchange_charge,exchange_rate
1232,94,exchange_rate,exchange_rate,exchange_rate
1232,95,exchange_rate,exchange_rate,exchange_rate
1232,96,exchange_rate,exchange_rate,exchange_rate
1232,97,exchange_rate,exchange_rate,exchange_rate
1232,98,exchange_rate,exchange_rate,exchange_rate
1232,99,exchange_rate,exchange_rate,exchange_rate
1232,100,exchange_rate,exchange_rate,exchange_rate
1232,101,exchange_rate,exchange_rate,exchange_rate
1232,102,exchange_rate,exchange_rate,exchange_rate
1232,103,exchange_rate,exchange_rate,exchange_rate
1232,104,exchange_rate,exchange_rate,exchange_rate
1232,105,exchange_rate,exchange_rate,exchange_rate
1232,106,exchange_rate,exchange_rate,exchange_rate
1232,107,exchange_rate,exchange_rate,exchange_rate
1232,108,exchange_rate,exchange_rate,exchange_rate
1232,109,exchange_rate,exchange_rate,exchange_rate
1232,110,exchange_rate,exchange_rate,exchange_rate
1232,111,exchange_rate,exchange_rate,exchange_rate
1232,112,exchange_rate,exchange_rate,exchange_rate
1232,113,exchange_rate,exchange_rate,exchange_rate
1232,114,exchange_rate,exchange_rate,exchange_rate
1232,115,exchange_rate,exchange_rate,exchange_rate
1232,116,exchange_rate,exchange_rate,exchange_rate
1232,117,exchange_rate,exchange_rate,exchange_rate
1232,118,exchange_rate,exchange_rate,exchange_rate
1232,119,exchange_rate,exchange_rate,exchange_rate
1232,120,card_payment_wrong_exchange_rate,card_payment_wrong_exchange_rate,card_payment_wrong_exchange_rate
1232,121,card_payment_wrong_exchange_rate,card_payment_wrong_exchange_rate,card_payment_wrong_exchange_rate
1232,122,card_payment_wrong_exchange_rate,card_payment_wrong_exchange_rate,card_payment_wrong_exchange_rate
1232,123,card_payment_wrong_exchange_rate,card_payment_wrong_exchange_rate,card_payment_wrong_exchange_rate
1232,124,card_payment_wrong_exchange_rate,card_payment_wrong_exchange_rate,card_payment_wrong_exchange_rate
1232,125,card_payment_wrong_exchange_rate,card_payment_wrong_exchange_rate,wrong_exchange_rate_for_cash_withdrawal
1232,126,card_payment_wrong_exchange_rate,card_payment_wrong_exchange_rate,card_payment_wrong_exchange_rate
1232,127,card_payment_wrong_exchange_rate,card_payment_wrong_exchange_rate,card_payment_wrong_exchange_rate
1232,128,card_payment_wrong_exchange_rate,card_payment_wrong_exchange_rate,card_payment_wrong_exchange_rate
1232,129,card_payment_wrong_exchange_rate,card_payment_wrong_exchange_rate,wrong_exchange_rate_for_cash_withdrawal
1232,130,card_payment_wrong_exchange_rate,card_payment_wrong_exchange_rate,card_payment_wrong_exchange_rate
1232,131,card_payment_wrong_exchange_rate,card_payment_wrong_exchange_rate,card_payment_wrong_exchange_rate
1232,132,card_payment_wrong_exchange_rate,card_payment_wrong_exchange_rate,card_payment_wrong_exchange_rate
1232,133,card_payment_wrong_exchange_rate,card_payment_wrong_exchange_rate,card_payment_wrong_exchange_rate
1232,134,card_payment_wrong_exchange_rate,card_payment_wrong_exchange_rate,card_payment_wrong_exchange_rate
1232,135,card_payment_wrong_exchange_rate,card_payment_wrong_exchange_rate,card_payment_wrong_exchange_rate
1232,136,card_payment_wrong_exchange_rate,card_payment_wrong_exchange_rate,card_payment_wrong_exchange_rate
1232,137,card_payment_wrong_exchange_rate,card_payment_wrong_exchange_rate,card_payment_wrong_exchange_rate
1232,138,card_payment_wrong_exchange_rate,card_payment_fee_charged,card_payment_fee_charged
1232,139,card_payment_wrong_exchange_rate,card_payment_wrong_exchange_rate,card_payment_wrong_exchange_rate
1232,140,card_payment_wrong_exchange_rate,card_payment_wrong_exchange_rate,wrong_exchange_rate_for_cash_withdrawal
1232,141,card_payment_wrong_exchange_rate,exchange_charge,card_payment_wrong_exchange_rate
1232,142,card_payment_wrong_exchange_rate,card_payment_wrong_exchange_rate,card_payment_wrong_exchange_rate
1232,143,card_payment_wrong_exchange_rate,card_payment_wrong_exchange_rate,card_payment_wrong_exchange_rate
1232,144,card_payment_wrong_exchange_rate,card_payment_wrong_exchange_rate,wrong_exchange_rate_for_cash_withdrawal
1232,145,card_payment_wrong_exchange_rate,card_payment_wrong_exchange_rate,wrong_exchange_rate_for_cash_withdrawal
1232,146,card_payment_wrong_exchange_rate,card_payment_wrong_exchange_rate,card_payment_wrong_exchange_rate
1232,147,card_payment_wrong_exchange_rate,wrong_exchange_rate_for_cash_withdrawal,wrong_exchange_rate_for_cash_withdrawal
1232,148,card_payment_wrong_exchange_rate,wrong_exchange_rate_for_cash_withdrawal,wrong_exchange_rate_for_cash_withdrawal
1232,149,card_payment_wrong_exchange_rate,card_payment_wrong_exchange_rate,card_payment_wrong_exchange_rate
1232,150,card_payment_wrong_exchange_rate,card_payment_wrong_exchange_rate,card_payment_wrong_exchange_rate
1232,151,card_payment_wrong_exchange_rate,card_payment_wrong_exchange_rate,card_payment_wrong_exchange_rate
1232,152,card_payment_wrong_exchange_rate,card_payment_wrong_exchange_rate,card_payment_wrong_exchange_rate
1232,153,card_payment_wrong_exchange_rate,card_payment_wrong_exchange_rate,card_payment_wrong_exchange_rate
1232,154,card_payment_wrong_exchange_rate,card_payment_wrong_exchange_rate,card_payment_wrong_exchange_rate
1232,155,card_payment_wrong_exchange_rate,card_payment_wrong_exchange_rate,card_payment_wrong_exchange_rate
1232,156,card_payment_wrong_exchange_rate,exchange_rate,exchange_rate
1232,157,card_payment_wrong_exchange_rate,card_payment_wrong_exchange_rate,card_payment_wrong_exchange_rate
1232,158,card_payment_wrong_exchange_rate,card_payment_wrong_exchange_rate,card_payment_wrong_exchange_rate
1232,159,card_payment_wrong_exchange_rate,card_payment_wrong_exchange_rate,card_payment_wrong_exchange_rate
1232,160,extra_charge_on_statement,extra_charge_on_statement,extra_charge_on_statement
1232,161,extra_charge_on_statement,extra_charge_on_statement,extra_charge_on_statement
1232,162,extra_charge_on_statement,extra_charge_on_statement,extra_charge_on_statement
1232,163,extra_charge_on_statement,card_payment_fee_charged,card_payment_fee_charged
1232,164,extra_charge_on_statement,extra_charge_on_statement,extra_charge_on_statement
1232,165,extra_charge_on_statement,request_refund,request_refund
1232,166,extra_charge_on_statement,extra_charge_on_statement,extra_charge_on_statement
1232,167,extra_charge_on_statement,extra_charge_on_statement,extra_charge_on_statement
1232,168,extra_charge_on_statement,extra_charge_on_statement,extra_charge_on_statement
1232,169,extra_charge_on_statement,extra_charge_on_statement,extra_charge_on_statement
1232,170,extra_charge_on_statement,extra_charge_on_statement,extra_charge_on_statement
1232,171,extra_charge_on_statement,extra_charge_on_statement,extra_charge_on_statement
1232,172,extra_charge_on_statement,extra_charge_on_statement,verify_source_of_funds
1232,173,extra_charge_on_statement,card_payment_fee_charged,exchange_rate
1232,174,extra_charge_on_statement,extra_charge_on_statement,extra_charge_on_statement
1232,175,extra_charge_on_statement,extra_charge_on_statement,extra_charge_on_statement
1232,176,extra_charge_on_statement,extra_charge_on_statement,extra_charge_on_statement
1232,177,extra_charge_on_statement,card_payment_fee_charged,card_payment_fee_charged
1232,178,extra_charge_on_statement,extra_charge_on_statement,extra_charge_on_statement
1232,179,extra_charge_on_statement,extra_charge_on_statement,extra_charge_on_statement
1232,180,extra_charge_on_statement,exchange_charge,exchange_rate
1232,181,extra_charge_on_statement,extra_charge_on_statement,extra_charge_on_statement
1232,182,extra_charge_on_statement,extra_charge_on_statement,extra_charge_on_statement
1232,183,extra_charge_on_statement,extra_charge_on_statement,card_payment_wrong_exchange_rate
1232,184,extra_charge_on_statement,card_payment_fee_charged,card_payment_wrong_exchange_rate
1232,185,extra_charge_on_statement,extra_charge_on_statement,card_payment_fee_charged
1232,186,extra_charge_on_statement,card_payment_fee_charged,card_payment_fee_charged
1232,187,extra_charge_on_statement,extra_charge_on_statement,extra_charge_on_statement
1232,188,extra_charge_on_statement,extra_charge_on_statement,extra_charge_on_statement
1232,189,extra_charge_on_statement,extra_charge_on_statement,extra_charge_on_statement
1232,190,extra_charge_on_statement,card_payment_fee_charged,card_payment_fee_charged
1232,191,extra_charge_on_statement,extra_charge_on_statement,extra_charge_on_statement
1232,192,extra_charge_on_statement,extra_charge_on_statement,extra_charge_on_statement
1232,193,extra_charge_on_statement,extra_charge_on_statement,extra_charge_on_statement
1232,194,extra_charge_on_statement,extra_charge_on_statement,extra_charge_on_statement
1232,195,extra_charge_on_statement,extra_charge_on_statement,extra_charge_on_statement
1232,196,extra_charge_on_statement,Refund_not_showing_up,wrong_exchange_rate_for_cash_withdrawal
1232,197,extra_charge_on_statement,extra_charge_on_statement,extra_charge_on_statement
1232,198,extra_charge_on_statement,extra_charge_on_statement,extra_charge_on_statement
1232,199,extra_charge_on_statement,extra_charge_on_statement,wrong_exchange_rate_for_cash_withdrawal
1232,200,pending_cash_withdrawal,pending_card_payment,pending_cash_withdrawal
1232,201,pending_cash_withdrawal,declined_cash_withdrawal,declined_cash_withdrawal
1232,202,pending_cash_withdrawal,pending_cash_withdrawal,wrong_exchange_rate_for_cash_withdrawal
1232,203,pending_cash_withdrawal,transfer_not_received_by_recipient,failed_transfer
1232,204,pending_cash_withdrawal,pending_cash_withdrawal,wrong_exchange_rate_for_cash_withdrawal
1232,205,pending_cash_withdrawal,pending_cash_withdrawal,pending_cash_withdrawal
1232,206,pending_cash_withdrawal,pending_cash_withdrawal,pending_cash_withdrawal
1232,207,pending_cash_withdrawal,pending_cash_withdrawal,pending_cash_withdrawal
1232,208,pending_cash_withdrawal,pending_card_payment,pending_cash_withdrawal
1232,209,pending_cash_withdrawal,pending_cash_withdrawal,wrong_exchange_rate_for_cash_withdrawal
1232,210,pending_cash_withdrawal,declined_cash_withdrawal,declined_cash_withdrawal
1232,211,pending_cash_withdrawal,pending_cash_withdrawal,pending_cash_withdrawal
1232,212,pending_cash_withdrawal,pending_cash_withdrawal,pending_cash_withdrawal
1232,213,pending_cash_withdrawal,pending_cash_withdrawal,pending_cash_withdrawal
1232,214,pending_cash_withdrawal,declined_cash_withdrawal,wrong_exchange_rate_for_cash_withdrawal
1232,215,pending_cash_withdrawal,pending_cash_withdrawal,pending_cash_withdrawal
1232,216,pending_cash_withdrawal,pending_cash_withdrawal,verify_source_of_funds
1232,217,pending_cash_withdrawal,pending_cash_withdrawal,pending_cash_withdrawal
1232,218,pending_cash_withdrawal,failed_transfer,failed_transfer
1232,219,pending_cash_withdrawal,pending_cash_withdrawal,pending_cash_withdrawal
1232,220,pending_cash_withdrawal,pending_cash_withdrawal,pending_cash_withdrawal
1232,221,pending_cash_withdrawal,pending_cash_withdrawal,wrong_exchange_rate_for_cash_withdrawal
1232,222,pending_cash_withdrawal,cash_withdrawal_not_recognised,cash_withdrawal_not_recognised
1232,223,pending_cash_withdrawal,pending_cash_withdrawal,pending_cash_withdrawal
1232,224,pending_cash_withdrawal,pending_cash_withdrawal,pending_cash_withdrawal
1232,225,pending_cash_withdrawal,pending_cash_withdrawal,wrong_exchange_rate_for_cash_withdrawal
1232,226,pending_cash_withdrawal,pending_cash_withdrawal,wrong_exchange_rate_for_cash_withdrawal
1232,227,pending_cash_withdrawal,pending_card_payment,pending_card_payment
1232,228,pending_cash_withdrawal,pending_cash_withdrawal,pending_cash_withdrawal
1232,229,pending_cash_withdrawal,pending_cash_withdrawal,pending_cash_withdrawal
1232,230,pending_cash_withdrawal,pending_cash_withdrawal,pending_cash_withdrawal
1232,231,pending_cash_withdrawal,pending_cash_withdrawal,pending_cash_withdrawal
1232,232,pending_cash_withdrawal,pending_card_payment,failed_transfer
1232,233,pending_cash_withdrawal,pending_cash_withdrawal,pending_cash_withdrawal
1232,234,pending_cash_withdrawal,pending_cash_withdrawal,pending_cash_withdrawal
1232,235,pending_cash_withdrawal,wrong_exchange_rate_for_cash_withdrawal,verify_source_of_funds
1232,236,pending_cash_withdrawal,declined_cash_withdrawal,wrong_exchange_rate_for_cash_withdrawal
1232,237,pending_cash_withdrawal,transfer_timing,transfer_timing
1232,238,pending_cash_withdrawal,pending_cash_withdrawal,pending_cash_withdrawal
1232,239,pending_cash_withdrawal,pending_cash_withdrawal,pending_cash_withdrawal
1232,240,fiat_currency_support,fiat_currency_support,fiat_currency_support
1232,241,fiat_currency_support,fiat_currency_support,fiat_currency_support
1232,242,fiat_currency_support,fiat_currency_support,fiat_currency_support
1232,243,fiat_currency_support,fiat_currency_support,fiat_currency_support
1232,244,fiat_currency_support,fiat_currency_support,fiat_currency_support
1232,245,fiat_currency_support,fiat_currency_support,fiat_currency_support
1232,246,fiat_currency_support,pending_card_payment,verify_source_of_funds
1232,247,fiat_currency_support,exchange_charge,fiat_currency_support
1232,248,fiat_currency_support,fiat_currency_support,fiat_currency_support
1232,249,fiat_currency_support,fiat_currency_support,fiat_currency_support
1232,250,fiat_currency_support,fiat_currency_support,fiat_currency_support
1232,251,fiat_currency_support,fiat_currency_support,fiat_currency_support
1232,252,fiat_currency_support,exchange_charge,exchange_charge
1232,253,fiat_currency_support,fiat_currency_support,fiat_currency_support
1232,254,fiat_currency_support,exchange_charge,exchange_charge
1232,255,fiat_currency_support,fiat_currency_support,fiat_currency_support
1232,256,fiat_currency_support,fiat_currency_support,fiat_currency_support
1232,257,fiat_currency_support,fiat_currency_support,exchange_rate
1232,258,fiat_currency_support,fiat_currency_support,exchange_rate
1232,259,fiat_currency_support,fiat_currency_support,fiat_currency_support
1232,260,fiat_currency_support,fiat_currency_support,fiat_currency_support
1232,261,fiat_currency_support,exchange_charge,exchange_charge
1232,262,fiat_currency_support,exchange_charge,exchange_charge
1232,263,fiat_currency_support,fiat_currency_support,fiat_currency_support
1232,264,fiat_currency_support,exchange_charge,exchange_charge
1232,265,fiat_currency_support,exchange_charge,exchange_rate
1232,266,fiat_currency_support,fiat_currency_support,fiat_currency_support
1232,267,fiat_currency_support,fiat_currency_support,fiat_currency_support
1232,268,fiat_currency_support,exchange_charge,fiat_currency_support
1232,269,fiat_currency_support,fiat_currency_support,fiat_currency_support
1232,270,fiat_currency_support,fiat_currency_support,fiat_currency_support
1232,271,fiat_currency_support,exchange_charge,exchange_charge
1232,272,fiat_currency_support,fiat_currency_support,fiat_currency_support
1232,273,fiat_currency_support,fiat_currency_support,fiat_currency_support
1232,274,fiat_currency_support,fiat_currency_support,fiat_currency_support
1232,275,fiat_currency_support,fiat_currency_support,fiat_currency_support
1232,276,fiat_currency_support,exchange_via_app,exchange_rate
1232,277,fiat_currency_support,fiat_currency_support,fiat_currency_support
1232,278,fiat_currency_support,exchange_charge,fiat_currency_support
1232,279,fiat_currency_support,fiat_currency_support,fiat_currency_support
1232,280,card_delivery_estimate,activate_my_card,card_arrival
1232,281,card_delivery_estimate,lost_or_stolen_card,lost_or_stolen_card
1232,282,card_delivery_estimate,activate_my_card,card_arrival
1232,283,card_delivery_estimate,transfer_timing,transfer_timing
1232,284,card_delivery_estimate,card_arrival,card_arrival
1232,285,card_delivery_estimate,card_arrival,card_arrival
1232,286,card_delivery_estimate,card_delivery_estimate,transfer_timing
1232,287,card_delivery_estimate,card_delivery_estimate,transfer_timing
1232,288,card_delivery_estimate,card_delivery_estimate,getting_virtual_card
1232,289,card_delivery_estimate,card_arrival,virtual_card_not_working
1232,290,card_delivery_estimate,card_delivery_estimate,transfer_timing
1232,291,card_delivery_estimate,transfer_timing,transfer_timing
1232,292,card_delivery_estimate,card_delivery_estimate,card_acceptance
1232,293,card_delivery_estimate,card_delivery_estimate,exchange_rate
1232,294,card_delivery_estimate,card_delivery_estimate,card_delivery_estimate
1232,295,card_delivery_estimate,card_delivery_estimate,card_delivery_estimate
1232,296,card_delivery_estimate,card_delivery_estimate,card_delivery_estimate
1232,297,card_delivery_estimate,card_arrival,getting_virtual_card
1232,298,card_delivery_estimate,card_arrival,getting_virtual_card
1232,299,card_delivery_estimate,card_arrival,getting_virtual_card
1232,300,card_delivery_estimate,card_delivery_estimate,exchange_rate
1232,301,card_delivery_estimate,transfer_timing,transfer_timing
1232,302,card_delivery_estimate,card_arrival,getting_virtual_card
1232,303,card_delivery_estimate,card_delivery_estimate,transfer_timing
1232,304,card_delivery_estimate,card_arrival,getting_virtual_card
1232,305,card_delivery_estimate,card_arrival,card_arrival
1232,306,card_delivery_estimate,order_physical_card,getting_virtual_card
1232,307,card_delivery_estimate,transfer_timing,transfer_timing
1232,308,card_delivery_estimate,card_about_to_expire,card_arrival
1232,309,card_delivery_estimate,card_arrival,getting_virtual_card
1232,310,card_delivery_estimate,card_arrival,card_arrival
1232,311,card_delivery_estimate,card_arrival,getting_virtual_card
1232,312,card_delivery_estimate,card_arrival,card_arrival
1232,313,card_delivery_estimate,card_arrival,card_arrival
1232,314,card_delivery_estimate,card_delivery_estimate,card_delivery_estimate
1232,315,card_delivery_estimate,card_delivery_estimate,transfer_timing
1232,316,card_delivery_estimate,card_arrival,getting_virtual_card
1232,317,card_delivery_estimate,card_delivery_estimate,card_delivery_estimate
1232,318,card_delivery_estimate,card_delivery_estimate,card_acceptance
1232,319,card_delivery_estimate,card_delivery_estimate,card_delivery_estimate
1232,320,automatic_top_up,automatic_top_up,automatic_top_up
1232,321,automatic_top_up,top_up_limits,top_up_limits
1232,322,automatic_top_up,automatic_top_up,automatic_top_up
1232,323,automatic_top_up,automatic_top_up,automatic_top_up
1232,324,automatic_top_up,automatic_top_up,automatic_top_up
1232,325,automatic_top_up,automatic_top_up,automatic_top_up
1232,326,automatic_top_up,automatic_top_up,automatic_top_up
1232,327,automatic_top_up,automatic_top_up,automatic_top_up
1232,328,automatic_top_up,automatic_top_up,automatic_top_up
1232,329,automatic_top_up,automatic_top_up,automatic_top_up
1232,330,automatic_top_up,automatic_top_up,automatic_top_up
1232,331,automatic_top_up,top_up_failed,automatic_top_up
1232,332,automatic_top_up,automatic_top_up,automatic_top_up
1232,333,automatic_top_up,verify_top_up,lost_or_stolen_phone
1232,334,automatic_top_up,top_up_limits,top_up_limits
1232,335,automatic_top_up,automatic_top_up,automatic_top_up
1232,336,automatic_top_up,top_up_limits,top_up_limits
1232,337,automatic_top_up,top_up_limits,top_up_limits
1232,338,automatic_top_up,automatic_top_up,automatic_top_up
1232,339,automatic_top_up,card_acceptance,card_acceptance
1232,340,automatic_top_up,top_up_limits,top_up_limits
1232,341,automatic_top_up,automatic_top_up,automatic_top_up
1232,342,automatic_top_up,automatic_top_up,automatic_top_up
1232,343,automatic_top_up,automatic_top_up,automatic_top_up
1232,344,automatic_top_up,automatic_top_up,automatic_top_up
1232,345,automatic_top_up,receiving_money,verify_source_of_funds
1232,346,automatic_top_up,automatic_top_up,automatic_top_up
1232,347,automatic_top_up,automatic_top_up,automatic_top_up
1232,348,automatic_top_up,automatic_top_up,automatic_top_up
1232,349,automatic_top_up,automatic_top_up,automatic_top_up
1232,350,automatic_top_up,top_up_by_cash_or_cheque,automatic_top_up
1232,351,automatic_top_up,top_up_limits,top_up_limits
1232,352,automatic_top_up,automatic_top_up,automatic_top_up
1232,353,automatic_top_up,automatic_top_up,automatic_top_up
1232,354,automatic_top_up,automatic_top_up,automatic_top_up
1232,355,automatic_top_up,automatic_top_up,automatic_top_up
1232,356,automatic_top_up,automatic_top_up,automatic_top_up
1232,357,automatic_top_up,top_up_limits,automatic_top_up
1232,358,automatic_top_up,top_up_limits,top_up_limits
1232,359,automatic_top_up,automatic_top_up,automatic_top_up
1232,360,card_not_working,virtual_card_not_working,virtual_card_not_working
1232,361,card_not_working,virtual_card_not_working,virtual_card_not_working
1232,362,card_not_working,card_not_working,card_not_working
1232,363,card_not_working,card_not_working,card_not_working
1232,364,card_not_working,card_swallowed,card_not_working
1232,365,card_not_working,virtual_card_not_working,virtual_card_not_working
1232,366,card_not_working,card_not_working,card_not_working
1232,367,card_not_working,card_not_working,card_not_working
1232,368,card_not_working,card_linking,getting_virtual_card
1232,369,card_not_working,virtual_card_not_working,virtual_card_not_working
1232,370,card_not_working,activate_my_card,getting_virtual_card
1232,371,card_not_working,card_not_working,card_not_working
1232,372,card_not_working,activate_my_card,virtual_card_not_working
1232,373,card_not_working,card_not_working,card_not_working
1232,374,card_not_working,card_not_working,card_not_working
1232,375,card_not_working,card_not_working,card_not_working
1232,376,card_not_working,card_not_working,card_not_working
1232,377,card_not_working,declined_card_payment,declined_card_payment
1232,378,card_not_working,virtual_card_not_working,virtual_card_not_working
1232,379,card_not_working,card_not_working,card_not_working
1232,380,card_not_working,virtual_card_not_working,virtual_card_not_working
1232,381,card_not_working,card_not_working,card_not_working
1232,382,card_not_working,card_swallowed,card_not_working
1232,383,card_not_working,card_not_working,virtual_card_not_working
1232,384,card_not_working,card_not_working,card_not_working
1232,385,card_not_working,card_not_working,card_not_working
1232,386,card_not_working,virtual_card_not_working,virtual_card_not_working
1232,387,card_not_working,virtual_card_not_working,virtual_card_not_working
1232,388,card_not_working,virtual_card_not_working,virtual_card_not_working
1232,389,card_not_working,virtual_card_not_working,virtual_card_not_working
1232,390,card_not_working,card_not_working,card_not_working
1232,391,card_not_working,virtual_card_not_working,virtual_card_not_working
1232,392,card_not_working,card_not_working,virtual_card_not_working
1232,393,card_not_working,virtual_card_not_working,virtual_card_not_working
1232,394,card_not_working,virtual_card_not_working,virtual_card_not_working
1232,395,card_not_working,declined_card_payment,declined_card_payment
1232,396,card_not_working,card_not_working,card_not_working
1232,397,card_not_working,declined_card_payment,virtual_card_not_working
1232,398,card_not_working,card_not_working,card_not_working
1232,399,card_not_working,virtual_card_not_working,virtual_card_not_working
1232,400,exchange_via_app,exchange_charge,fiat_currency_support
1232,401,exchange_via_app,exchange_via_app,exchange_rate
1232,402,exchange_via_app,fiat_currency_support,fiat_currency_support
1232,403,exchange_via_app,exchange_via_app,exchange_via_app
1232,404,exchange_via_app,exchange_via_app,exchange_via_app
1232,405,exchange_via_app,exchange_via_app,exchange_via_app
1232,406,exchange_via_app,exchange_charge,exchange_rate
1232,407,exchange_via_app,exchange_via_app,exchange_via_app
1232,408,exchange_via_app,exchange_via_app,exchange_rate
1232,409,exchange_via_app,exchange_via_app,exchange_via_app
1232,410,exchange_via_app,fiat_currency_support,fiat_currency_support
1232,411,exchange_via_app,exchange_via_app,exchange_via_app
1232,412,exchange_via_app,exchange_via_app,exchange_via_app
1232,413,exchange_via_app,exchange_charge,receiving_money
1232,414,exchange_via_app,fiat_currency_support,fiat_currency_support
1232,415,exchange_via_app,exchange_via_app,exchange_via_app
1232,416,exchange_via_app,verify_source_of_funds,verify_source_of_funds
1232,417,exchange_via_app,exchange_via_app,exchange_via_app
1232,418,exchange_via_app,fiat_currency_support,fiat_currency_support
1232,419,exchange_via_app,exchange_via_app,wrong_exchange_rate_for_cash_withdrawal
1232,420,exchange_via_app,exchange_charge,exchange_rate
1232,421,exchange_via_app,exchange_via_app,exchange_via_app
1232,422,exchange_via_app,exchange_via_app,exchange_via_app
1232,423,exchange_via_app,exchange_via_app,exchange_via_app
1232,424,exchange_via_app,exchange_rate,exchange_rate
1232,425,exchange_via_app,fiat_currency_support,fiat_currency_support
1232,426,exchange_via_app,exchange_charge,exchange_charge
1232,427,exchange_via_app,exchange_via_app,exchange_via_app
1232,428,exchange_via_app,fiat_currency_support,fiat_currency_support
1232,429,exchange_via_app,exchange_via_app,exchange_rate
1232,430,exchange_via_app,exchange_via_app,exchange_via_app
1232,431,exchange_via_app,exchange_charge,wrong_exchange_rate_for_cash_withdrawal
1232,432,exchange_via_app,exchange_via_app,exchange_via_app
1232,433,exchange_via_app,exchange_via_app,exchange_via_app
1232,434,exchange_via_app,fiat_currency_support,fiat_currency_support
1232,435,exchange_via_app,exchange_via_app,wrong_exchange_rate_for_cash_withdrawal
1232,436,exchange_via_app,exchange_via_app,exchange_rate
1232,437,exchange_via_app,exchange_via_app,exchange_via_app
1232,438,exchange_via_app,exchange_charge,exchange_charge
1232,439,exchange_via_app,fiat_currency_support,fiat_currency_support
1232,440,lost_or_stolen_card,lost_or_stolen_card,lost_or_stolen_card
1232,441,lost_or_stolen_card,lost_or_stolen_card,lost_or_stolen_card
1232,442,lost_or_stolen_card,lost_or_stolen_card,lost_or_stolen_card
1232,443,lost_or_stolen_card,card_swallowed,card_swallowed
1232,444,lost_or_stolen_card,lost_or_stolen_card,lost_or_stolen_card
1232,445,lost_or_stolen_card,card_swallowed,card_arrival
1232,446,lost_or_stolen_card,card_swallowed,card_swallowed
1232,447,lost_or_stolen_card,lost_or_stolen_card,lost_or_stolen_card
1232,448,lost_or_stolen_card,lost_or_stolen_card,lost_or_stolen_card
1232,449,lost_or_stolen_card,lost_or_stolen_card,lost_or_stolen_card
1232,450,lost_or_stolen_card,lost_or_stolen_card,lost_or_stolen_card
1232,451,lost_or_stolen_card,lost_or_stolen_card,lost_or_stolen_card
1232,452,lost_or_stolen_card,lost_or_stolen_card,lost_or_stolen_card
1232,453,lost_or_stolen_card,why_verify_identity,verify_source_of_funds
1232,454,lost_or_stolen_card,lost_or_stolen_card,lost_or_stolen_phone
1232,455,lost_or_stolen_card,lost_or_stolen_card,lost_or_stolen_card
1232,456,lost_or_stolen_card,lost_or_stolen_card,lost_or_stolen_card
1232,457,lost_or_stolen_card,card_swallowed,card_arrival
1232,458,lost_or_stolen_card,lost_or_stolen_card,lost_or_stolen_card
1232,459,lost_or_stolen_card,lost_or_stolen_card,lost_or_stolen_card
1232,460,lost_or_stolen_card,lost_or_stolen_card,lost_or_stolen_card
1232,461,lost_or_stolen_card,compromised_card,verify_source_of_funds
1232,462,lost_or_stolen_card,lost_or_stolen_card,lost_or_stolen_phone
1232,463,lost_or_stolen_card,lost_or_stolen_card,lost_or_stolen_card
1232,464,lost_or_stolen_card,lost_or_stolen_card,lost_or_stolen_card
1232,465,lost_or_stolen_card,lost_or_stolen_card,lost_or_stolen_card
1232,466,lost_or_stolen_card,lost_or_stolen_card,lost_or_stolen_card
1232,467,lost_or_stolen_card,card_swallowed,card_swallowed
1232,468,lost_or_stolen_card,card_swallowed,card_arrival
1232,469,lost_or_stolen_card,card_swallowed,compromised_card
1232,470,lost_or_stolen_card,lost_or_stolen_card,lost_or_stolen_card
1232,471,lost_or_stolen_card,card_swallowed,lost_or_stolen_card
1232,472,lost_or_stolen_card,lost_or_stolen_card,lost_or_stolen_card
1232,473,lost_or_stolen_card,lost_or_stolen_card,lost_or_stolen_card
1232,474,lost_or_stolen_card,lost_or_stolen_card,lost_or_stolen_card
1232,475,lost_or_stolen_card,lost_or_stolen_card,lost_or_stolen_card
1232,476,lost_or_stolen_card,card_swallowed,card_payment_not_recognised
1232,477,lost_or_stolen_card,card_acceptance,card_acceptance
1232,478,lost_or_stolen_card,lost_or_stolen_card,lost_or_stolen_card
1232,479,lost_or_stolen_card,lost_or_stolen_card,lost_or_stolen_card
1232,480,age_limit,age_limit,age_limit
1232,481,age_limit,age_limit,age_limit
1232,482,age_limit,age_limit,age_limit
1232,483,age_limit,age_limit,age_limit
1232,484,age_limit,age_limit,age_limit
1232,485,age_limit,age_limit,verify_source_of_funds
1232,486,age_limit,age_limit,age_limit
1232,487,age_limit,age_limit,age_limit
1232,488,age_limit,age_limit,age_limit
1232,489,age_limit,age_limit,age_limit
1232,490,age_limit,age_limit,age_limit
1232,491,age_limit,age_limit,age_limit
1232,492,age_limit,age_limit,age_limit
1232,493,age_limit,age_limit,age_limit
1232,494,age_limit,age_limit,age_limit
1232,495,age_limit,age_limit,age_limit
1232,496,age_limit,age_limit,verify_source_of_funds
1232,497,age_limit,age_limit,age_limit
1232,498,age_limit,age_limit,age_limit
1232,499,age_limit,age_limit,age_limit
1232,500,age_limit,age_limit,age_limit
1232,501,age_limit,age_limit,age_limit
1232,502,age_limit,age_limit,age_limit
1232,503,age_limit,age_limit,verify_source_of_funds
1232,504,age_limit,age_limit,age_limit
1232,505,age_limit,age_limit,age_limit
1232,506,age_limit,age_limit,age_limit
1232,507,age_limit,age_limit,age_limit
1232,508,age_limit,age_limit,age_limit
1232,509,age_limit,age_limit,age_limit
1232,510,age_limit,age_limit,age_limit
1232,511,age_limit,age_limit,age_limit
1232,512,age_limit,age_limit,age_limit
1232,513,age_limit,age_limit,age_limit
1232,514,age_limit,age_limit,age_limit
1232,515,age_limit,age_limit,age_limit
1232,516,age_limit,age_limit,age_limit
1232,517,age_limit,age_limit,age_limit
1232,518,age_limit,age_limit,age_limit
1232,519,age_limit,age_limit,age_limit
1232,520,pin_blocked,get_physical_card,get_physical_card
1232,521,pin_blocked,get_physical_card,get_physical_card
1232,522,pin_blocked,pin_blocked,pin_blocked
1232,523,pin_blocked,pin_blocked,pin_blocked
1232,524,pin_blocked,pin_blocked,pin_blocked
1232,525,pin_blocked,pin_blocked,pin_blocked
1232,526,pin_blocked,card_swallowed,virtual_card_not_working
1232,527,pin_blocked,activate_my_card,activate_my_card
1232,528,pin_blocked,pin_blocked,pin_blocked
1232,529,pin_blocked,pin_blocked,pin_blocked
1232,530,pin_blocked,pin_blocked,pin_blocked
1232,531,pin_blocked,pin_blocked,pin_blocked
1232,532,pin_blocked,pin_blocked,pin_blocked
1232,533,pin_blocked,pin_blocked,pin_blocked
1232,534,pin_blocked,pin_blocked,declined_cash_withdrawal
1232,535,pin_blocked,pin_blocked,pin_blocked
1232,536,pin_blocked,pin_blocked,pin_blocked
1232,537,pin_blocked,card_swallowed,card_not_working
1232,538,pin_blocked,card_linking,lost_or_stolen_phone
1232,539,pin_blocked,pin_blocked,pin_blocked
1232,540,pin_blocked,pin_blocked,pin_blocked
1232,541,pin_blocked,pin_blocked,lost_or_stolen_phone
1232,542,pin_blocked,why_verify_identity,lost_or_stolen_phone
1232,543,pin_blocked,pin_blocked,lost_or_stolen_phone
1232,544,pin_blocked,pin_blocked,pin_blocked
1232,545,pin_blocked,pin_blocked,pin_blocked
1232,546,pin_blocked,pin_blocked,pin_blocked
1232,547,pin_blocked,pin_blocked,pin_blocked
1232,548,pin_blocked,pin_blocked,pin_blocked
1232,549,pin_blocked,pin_blocked,pin_blocked
1232,550,pin_blocked,pin_blocked,pin_blocked
1232,551,pin_blocked,change_pin,pin_blocked
1232,552,pin_blocked,pin_blocked,pin_blocked
1232,553,pin_blocked,pin_blocked,pin_blocked
1232,554,pin_blocked,pin_blocked,pin_blocked
1232,555,pin_blocked,card_not_working,card_not_working
1232,556,pin_blocked,pin_blocked,pin_blocked
1232,557,pin_blocked,pin_blocked,pin_blocked
1232,558,pin_blocked,pin_blocked,pin_blocked
1232,559,pin_blocked,pin_blocked,pin_blocked
1232,560,contactless_not_working,activate_my_card,card_acceptance
1232,561,contactless_not_working,top_up_failed,failed_transfer
1232,562,contactless_not_working,getting_spare_card,card_acceptance
1232,563,contactless_not_working,declined_card_payment,failed_transfer
1232,564,contactless_not_working,activate_my_card,getting_virtual_card
1232,565,contactless_not_working,declined_card_payment,declined_card_payment
1232,566,contactless_not_working,contactless_not_working,card_not_working
1232,567,contactless_not_working,contactless_not_working,contactless_not_working
1232,568,contactless_not_working,pending_card_payment,wrong_exchange_rate_for_cash_withdrawal
1232,569,contactless_not_working,contactless_not_working,contactless_not_working
1232,570,contactless_not_working,card_not_working,lost_or_stolen_phone
1232,571,contactless_not_working,declined_cash_withdrawal,declined_cash_withdrawal
1232,572,contactless_not_working,virtual_card_not_working,contactless_not_working
1232,573,contactless_not_working,declined_card_payment,declined_card_payment
1232,574,contactless_not_working,verify_source_of_funds,verify_source_of_funds
1232,575,contactless_not_working,contactless_not_working,contactless_not_working
1232,576,contactless_not_working,contactless_not_working,contactless_not_working
1232,577,contactless_not_working,contactless_not_working,contactless_not_working
1232,578,contactless_not_working,contactless_not_working,contactless_not_working
1232,579,contactless_not_working,contactless_not_working,contactless_not_working
1232,580,contactless_not_working,virtual_card_not_working,virtual_card_not_working
1232,581,contactless_not_working,declined_cash_withdrawal,verify_source_of_funds
1232,582,contactless_not_working,declined_card_payment,declined_transfer
1232,583,contactless_not_working,declined_card_payment,card_not_working
1232,584,contactless_not_working,card_not_working,virtual_card_not_working
1232,585,contactless_not_working,contactless_not_working,contactless_not_working
1232,586,contactless_not_working,top_up_by_card_charge,top_up_by_card_charge
1232,587,contactless_not_working,virtual_card_not_working,contactless_not_working
1232,588,contactless_not_working,contactless_not_working,contactless_not_working
1232,589,contactless_not_working,declined_card_payment,declined_cash_withdrawal
1232,590,contactless_not_working,declined_card_payment,declined_cash_withdrawal
1232,591,contactless_not_working,beneficiary_not_allowed,beneficiary_not_allowed
1232,592,contactless_not_working,contactless_not_working,verify_source_of_funds
1232,593,contactless_not_working,contactless_not_working,lost_or_stolen_phone
1232,594,contactless_not_working,contactless_not_working,contactless_not_working
1232,595,contactless_not_working,contactless_not_working,verify_source_of_funds
1232,596,contactless_not_working,contactless_not_working,verify_source_of_funds
1232,597,contactless_not_working,receiving_money,receiving_money
1232,598,contactless_not_working,verify_source_of_funds,verify_source_of_funds
1232,599,contactless_not_working,reverted_card_payment?,lost_or_stolen_phone
1232,600,top_up_by_bank_transfer_charge,transfer_timing,top_up_by_bank_transfer_charge
1232,601,top_up_by_bank_transfer_charge,transfer_timing,transfer_timing
1232,602,top_up_by_bank_transfer_charge,transfer_timing,transfer_timing
1232,603,top_up_by_bank_transfer_charge,top_up_limits,top_up_limits
1232,604,top_up_by_bank_transfer_charge,top_up_by_bank_transfer_charge,top_up_by_bank_transfer_charge
1232,605,top_up_by_bank_transfer_charge,transfer_timing,top_up_by_bank_transfer_charge
1232,606,top_up_by_bank_transfer_charge,terminate_account,verify_source_of_funds
1232,607,top_up_by_bank_transfer_charge,top_up_by_bank_transfer_charge,top_up_by_bank_transfer_charge
1232,608,top_up_by_bank_transfer_charge,top_up_by_card_charge,top_up_by_bank_transfer_charge
1232,609,top_up_by_bank_transfer_charge,transfer_timing,transfer_timing
1232,610,top_up_by_bank_transfer_charge,top_up_by_bank_transfer_charge,top_up_by_bank_transfer_charge
1232,611,top_up_by_bank_transfer_charge,exchange_charge,verify_source_of_funds
1232,612,top_up_by_bank_transfer_charge,top_up_by_bank_transfer_charge,top_up_by_bank_transfer_charge
1232,613,top_up_by_bank_transfer_charge,top_up_by_bank_transfer_charge,top_up_by_bank_transfer_charge
1232,614,top_up_by_bank_transfer_charge,top_up_by_bank_transfer_charge,top_up_by_bank_transfer_charge
1232,615,top_up_by_bank_transfer_charge,top_up_by_bank_transfer_charge,top_up_by_bank_transfer_charge
1232,616,top_up_by_bank_transfer_charge,top_up_by_bank_transfer_charge,transfer_into_account
1232,617,top_up_by_bank_transfer_charge,top_up_by_bank_transfer_charge,top_up_by_bank_transfer_charge
1232,618,top_up_by_bank_transfer_charge,top_up_limits,top_up_limits
1232,619,top_up_by_bank_transfer_charge,top_up_by_bank_transfer_charge,top_up_by_bank_transfer_charge
1232,620,top_up_by_bank_transfer_charge,top_up_by_bank_transfer_charge,top_up_by_bank_transfer_charge
1232,621,top_up_by_bank_transfer_charge,exchange_charge,verify_source_of_funds
1232,622,top_up_by_bank_transfer_charge,top_up_by_bank_transfer_charge,top_up_by_bank_transfer_charge
1232,623,top_up_by_bank_transfer_charge,top_up_by_bank_transfer_charge,top_up_by_bank_transfer_charge
1232,624,top_up_by_bank_transfer_charge,top_up_by_bank_transfer_charge,top_up_by_bank_transfer_charge
1232,625,top_up_by_bank_transfer_charge,top_up_by_bank_transfer_charge,top_up_by_bank_transfer_charge
1232,626,top_up_by_bank_transfer_charge,top_up_by_bank_transfer_charge,top_up_by_bank_transfer_charge
1232,627,top_up_by_bank_transfer_charge,top_up_by_bank_transfer_charge,top_up_by_bank_transfer_charge
1232,628,top_up_by_bank_transfer_charge,top_up_by_bank_transfer_charge,top_up_by_bank_transfer_charge
1232,629,top_up_by_bank_transfer_charge,transfer_timing,top_up_by_bank_transfer_charge
1232,630,top_up_by_bank_transfer_charge,transfer_into_account,transfer_into_account
1232,631,top_up_by_bank_transfer_charge,top_up_limits,top_up_limits
1232,632,top_up_by_bank_transfer_charge,transfer_timing,beneficiary_not_allowed
1232,633,top_up_by_bank_transfer_charge,transfer_timing,top_up_by_bank_transfer_charge
1232,634,top_up_by_bank_transfer_charge,top_up_by_bank_transfer_charge,top_up_by_bank_transfer_charge
1232,635,top_up_by_bank_transfer_charge,top_up_by_bank_transfer_charge,top_up_by_bank_transfer_charge
1232,636,top_up_by_bank_transfer_charge,transfer_into_account,transfer_into_account
1232,637,top_up_by_bank_transfer_charge,top_up_by_bank_transfer_charge,top_up_by_bank_transfer_charge
1232,638,top_up_by_bank_transfer_charge,transfer_timing,transfer_timing
1232,639,top_up_by_bank_transfer_charge,top_up_by_bank_transfer_charge,top_up_by_bank_transfer_charge
1232,640,pending_top_up,pending_cash_withdrawal,pending_cash_withdrawal
1232,641,pending_top_up,pending_card_payment,verify_source_of_funds
1232,642,pending_top_up,pending_top_up,pending_top_up
1232,643,pending_top_up,pending_top_up,pending_top_up
1232,644,pending_top_up,pending_top_up,top_up_failed
1232,645,pending_top_up,pending_top_up,pending_top_up
1232,646,pending_top_up,pending_top_up,top_up_failed
1232,647,pending_top_up,top_up_failed,verify_source_of_funds
1232,648,pending_top_up,pending_top_up,pending_top_up
1232,649,pending_top_up,top_up_failed,top_up_failed
1232,650,pending_top_up,top_up_failed,top_up_failed
1232,651,pending_top_up,pending_top_up,top_up_failed
1232,652,pending_top_up,pending_top_up,pending_top_up
1232,653,pending_top_up,pending_top_up,pending_top_up
1232,654,pending_top_up,pending_top_up,pending_top_up
1232,655,pending_top_up,pending_top_up,pending_top_up
1232,656,pending_top_up,pending_top_up,pending_top_up
1232,657,pending_top_up,top_up_failed,top_up_failed
1232,658,pending_top_up,pending_top_up,failed_transfer
1232,659,pending_top_up,pending_card_payment,pending_card_payment
1232,660,pending_top_up,pending_top_up,top_up_failed
1232,661,pending_top_up,top_up_failed,top_up_failed
1232,662,pending_top_up,pending_top_up,pending_top_up
1232,663,pending_top_up,pending_top_up,pending_top_up
1232,664,pending_top_up,pending_top_up,pending_top_up
1232,665,pending_top_up,pending_top_up,pending_top_up
1232,666,pending_top_up,card_swallowed,verify_source_of_funds
1232,667,pending_top_up,pending_top_up,pending_top_up
1232,668,pending_top_up,pending_top_up,top_up_failed
1232,669,pending_top_up,pending_top_up,pending_top_up
1232,670,pending_top_up,pending_top_up,pending_top_up
1232,671,pending_top_up,top_up_failed,top_up_failed
1232,672,pending_top_up,pending_top_up,pending_card_payment
1232,673,pending_top_up,top_up_by_cash_or_cheque,verify_source_of_funds
1232,674,pending_top_up,pending_top_up,pending_top_up
1232,675,pending_top_up,pending_top_up,pending_top_up
1232,676,pending_top_up,pending_top_up,pending_top_up
1232,677,pending_top_up,top_up_limits,top_up_limits
1232,678,pending_top_up,pending_top_up,top_up_failed
1232,679,pending_top_up,pending_top_up,verify_source_of_funds
1232,680,cancel_transfer,cancel_transfer,wrong_exchange_rate_for_cash_withdrawal
1232,681,cancel_transfer,cancel_transfer,cancel_transfer
1232,682,cancel_transfer,cancel_transfer,cancel_transfer
1232,683,cancel_transfer,card_payment_wrong_exchange_rate,card_payment_wrong_exchange_rate
1232,684,cancel_transfer,cancel_transfer,cancel_transfer
1232,685,cancel_transfer,cancel_transfer,cancel_transfer
1232,686,cancel_transfer,beneficiary_not_allowed,cancel_transfer
1232,687,cancel_transfer,cancel_transfer,wrong_exchange_rate_for_cash_withdrawal
1232,688,cancel_transfer,cancel_transfer,cancel_transfer
1232,689,cancel_transfer,cancel_transfer,cancel_transfer
1232,690,cancel_transfer,cancel_transfer,cancel_transfer
1232,691,cancel_transfer,card_payment_wrong_exchange_rate,wrong_exchange_rate_for_cash_withdrawal
1232,692,cancel_transfer,cancel_transfer,cancel_transfer
1232,693,cancel_transfer,cancel_transfer,cancel_transfer
1232,694,cancel_transfer,cancel_transfer,wrong_exchange_rate_for_cash_withdrawal
1232,695,cancel_transfer,cancel_transfer,cancel_transfer
1232,696,cancel_transfer,cancel_transfer,cancel_transfer
1232,697,cancel_transfer,cancel_transfer,cancel_transfer
1232,698,cancel_transfer,cancel_transfer,cancel_transfer
1232,699,cancel_transfer,cancel_transfer,cancel_transfer
1232,700,cancel_transfer,cancel_transfer,cancel_transfer
1232,701,cancel_transfer,beneficiary_not_allowed,beneficiary_not_allowed
1232,702,cancel_transfer,cancel_transfer,cancel_transfer
1232,703,cancel_transfer,cancel_transfer,cancel_transfer
1232,704,cancel_transfer,card_payment_wrong_exchange_rate,card_payment_wrong_exchange_rate
1232,705,cancel_transfer,card_payment_wrong_exchange_rate,card_payment_wrong_exchange_rate
1232,706,cancel_transfer,cancel_transfer,failed_transfer
1232,707,cancel_transfer,request_refund,terminate_account
1232,708,cancel_transfer,cancel_transfer,cancel_transfer
1232,709,cancel_transfer,cancel_transfer,cancel_transfer
1232,710,cancel_transfer,terminate_account,cancel_transfer
1232,711,cancel_transfer,cancel_transfer,cancel_transfer
1232,712,cancel_transfer,cancel_transfer,cancel_transfer
1232,713,cancel_transfer,pending_card_payment,balance_not_updated_after_cheque_or_cash_deposit
1232,714,cancel_transfer,cancel_transfer,cancel_transfer
1232,715,cancel_transfer,cancel_transfer,cancel_transfer
1232,716,cancel_transfer,cancel_transfer,cancel_transfer
1232,717,cancel_transfer,cancel_transfer,cancel_transfer
1232,718,cancel_transfer,card_payment_wrong_exchange_rate,wrong_exchange_rate_for_cash_withdrawal
1232,719,cancel_transfer,cancel_transfer,cancel_transfer
1232,720,top_up_limits,top_up_limits,top_up_limits
1232,721,top_up_limits,top_up_limits,top_up_limits
1232,722,top_up_limits,top_up_limits,top_up_limits
1232,723,top_up_limits,top_up_limits,top_up_limits
1232,724,top_up_limits,top_up_by_cash_or_cheque,top_up_limits
1232,725,top_up_limits,top_up_limits,top_up_limits
1232,726,top_up_limits,top_up_limits,top_up_limits
1232,727,top_up_limits,top_up_limits,top_up_limits
1232,728,top_up_limits,top_up_limits,top_up_limits
1232,729,top_up_limits,top_up_limits,top_up_limits
1232,730,top_up_limits,top_up_limits,top_up_limits
1232,731,top_up_limits,top_up_limits,top_up_limits
1232,732,top_up_limits,top_up_limits,top_up_limits
1232,733,top_up_limits,getting_spare_card,card_acceptance
1232,734,top_up_limits,top_up_limits,top_up_limits
1232,735,top_up_limits,top_up_limits,top_up_limits
1232,736,top_up_limits,top_up_limits,top_up_limits
1232,737,top_up_limits,top_up_limits,top_up_limits
1232,738,top_up_limits,top_up_limits,top_up_limits
1232,739,top_up_limits,top_up_limits,top_up_limits
1232,740,top_up_limits,top_up_limits,top_up_limits
1232,741,top_up_limits,top_up_limits,top_up_limits
1232,742,top_up_limits,top_up_limits,top_up_limits
1232,743,top_up_limits,top_up_limits,top_up_limits
1232,744,top_up_limits,top_up_limits,top_up_limits
1232,745,top_up_limits,top_up_limits,top_up_limits
1232,746,top_up_limits,top_up_limits,top_up_limits
1232,747,top_up_limits,top_up_limits,top_up_limits
1232,748,top_up_limits,top_up_limits,top_up_limits
1232,749,top_up_limits,top_up_by_card_charge,topping_up_by_card
1232,750,top_up_limits,top_up_limits,top_up_limits
1232,751,top_up_limits,top_up_limits,top_up_limits
1232,752,top_up_limits,top_up_limits,top_up_limits
1232,753,top_up_limits,top_up_limits,top_up_limits
1232,754,top_up_limits,top_up_limits,top_up_limits
1232,755,top_up_limits,top_up_limits,top_up_limits
1232,756,top_up_limits,top_up_limits,top_up_limits
1232,757,top_up_limits,top_up_limits,top_up_limits
1232,758,top_up_limits,top_up_limits,top_up_limits
1232,759,top_up_limits,top_up_limits,top_up_limits
1232,760,wrong_amount_of_cash_received,wrong_amount_of_cash_received,wrong_amount_of_cash_received
1232,761,wrong_amount_of_cash_received,declined_cash_withdrawal,declined_cash_withdrawal
1232,762,wrong_amount_of_cash_received,declined_cash_withdrawal,wrong_amount_of_cash_received
1232,763,wrong_amount_of_cash_received,declined_cash_withdrawal,declined_cash_withdrawal
1232,764,wrong_amount_of_cash_received,declined_cash_withdrawal,declined_cash_withdrawal
1232,765,wrong_amount_of_cash_received,wrong_amount_of_cash_received,wrong_exchange_rate_for_cash_withdrawal
1232,766,wrong_amount_of_cash_received,wrong_amount_of_cash_received,wrong_amount_of_cash_received
1232,767,wrong_amount_of_cash_received,wrong_amount_of_cash_received,wrong_amount_of_cash_received
1232,768,wrong_amount_of_cash_received,wrong_amount_of_cash_received,wrong_amount_of_cash_received
1232,769,wrong_amount_of_cash_received,wrong_amount_of_cash_received,wrong_amount_of_cash_received
1232,770,wrong_amount_of_cash_received,cash_withdrawal_not_recognised,wrong_amount_of_cash_received
1232,771,wrong_amount_of_cash_received,declined_cash_withdrawal,wrong_amount_of_cash_received
1232,772,wrong_amount_of_cash_received,card_swallowed,verify_source_of_funds
1232,773,wrong_amount_of_cash_received,cash_withdrawal_not_recognised,verify_source_of_funds
1232,774,wrong_amount_of_cash_received,declined_cash_withdrawal,verify_source_of_funds
1232,775,wrong_amount_of_cash_received,declined_cash_withdrawal,declined_cash_withdrawal
1232,776,wrong_amount_of_cash_received,wrong_amount_of_cash_received,wrong_amount_of_cash_received
1232,777,wrong_amount_of_cash_received,wrong_amount_of_cash_received,wrong_amount_of_cash_received
1232,778,wrong_amount_of_cash_received,cash_withdrawal_not_recognised,wrong_amount_of_cash_received
1232,779,wrong_amount_of_cash_received,wrong_amount_of_cash_received,wrong_amount_of_cash_received
1232,780,wrong_amount_of_cash_received,wrong_amount_of_cash_received,wrong_exchange_rate_for_cash_withdrawal
1232,781,wrong_amount_of_cash_received,wrong_amount_of_cash_received,wrong_amount_of_cash_received
1232,782,wrong_amount_of_cash_received,wrong_amount_of_cash_received,wrong_amount_of_cash_received
1232,783,wrong_amount_of_cash_received,declined_cash_withdrawal,wrong_amount_of_cash_received
1232,784,wrong_amount_of_cash_received,wrong_exchange_rate_for_cash_withdrawal,wrong_exchange_rate_for_cash_withdrawal
1232,785,wrong_amount_of_cash_received,pending_cash_withdrawal,verify_source_of_funds
1232,786,wrong_amount_of_cash_received,wrong_amount_of_cash_received,wrong_amount_of_cash_received
1232,787,wrong_amount_of_cash_received,wrong_amount_of_cash_received,wrong_exchange_rate_for_cash_withdrawal
1232,788,wrong_amount_of_cash_received,declined_cash_withdrawal,declined_cash_withdrawal
1232,789,wrong_amount_of_cash_received,declined_cash_withdrawal,wrong_amount_of_cash_received
1232,790,wrong_amount_of_cash_received,wrong_amount_of_cash_received,wrong_amount_of_cash_received
1232,791,wrong_amount_of_cash_received,wrong_amount_of_cash_received,wrong_exchange_rate_for_cash_withdrawal
1232,792,wrong_amount_of_cash_received,wrong_amount_of_cash_received,wrong_amount_of_cash_received
1232,793,wrong_amount_of_cash_received,wrong_amount_of_cash_received,wrong_amount_of_cash_received
1232,794,wrong_amount_of_cash_received,declined_cash_withdrawal,wrong_exchange_rate_for_cash_withdrawal
1232,795,wrong_amount_of_cash_received,declined_cash_withdrawal,declined_cash_withdrawal
1232,796,wrong_amount_of_cash_received,wrong_amount_of_cash_received,verify_source_of_funds
1232,797,wrong_amount_of_cash_received,declined_cash_withdrawal,wrong_amount_of_cash_received
1232,798,wrong_amount_of_cash_received,declined_cash_withdrawal,wrong_exchange_rate_for_cash_withdrawal
1232,799,wrong_amount_of_cash_received,declined_cash_withdrawal,declined_transfer
1232,800,card_payment_fee_charged,card_payment_fee_charged,card_payment_fee_charged
1232,801,card_payment_fee_charged,card_payment_fee_charged,card_payment_fee_charged
1232,802,card_payment_fee_charged,card_payment_fee_charged,card_payment_fee_charged
1232,803,card_payment_fee_charged,card_payment_fee_charged,card_payment_fee_charged
1232,804,card_payment_fee_charged,card_payment_fee_charged,card_payment_fee_charged
1232,805,card_payment_fee_charged,card_payment_fee_charged,card_payment_fee_charged
1232,806,card_payment_fee_charged,card_payment_fee_charged,card_payment_fee_charged
1232,807,card_payment_fee_charged,extra_charge_on_statement,card_payment_wrong_exchange_rate
1232,808,card_payment_fee_charged,card_payment_not_recognised,card_payment_not_recognised
1232,809,card_payment_fee_charged,card_payment_fee_charged,card_payment_fee_charged
1232,810,card_payment_fee_charged,card_payment_fee_charged,card_payment_fee_charged
1232,811,card_payment_fee_charged,card_payment_fee_charged,card_payment_fee_charged
1232,812,card_payment_fee_charged,extra_charge_on_statement,extra_charge_on_statement
1232,813,card_payment_fee_charged,top_up_by_card_charge,card_payment_fee_charged
1232,814,card_payment_fee_charged,card_payment_fee_charged,card_payment_fee_charged
1232,815,card_payment_fee_charged,card_payment_fee_charged,card_payment_fee_charged
1232,816,card_payment_fee_charged,card_payment_fee_charged,card_payment_fee_charged
1232,817,card_payment_fee_charged,card_payment_fee_charged,card_payment_fee_charged
1232,818,card_payment_fee_charged,card_payment_fee_charged,card_payment_fee_charged
1232,819,card_payment_fee_charged,card_payment_fee_charged,card_payment_fee_charged
1232,820,card_payment_fee_charged,card_payment_fee_charged,card_payment_fee_charged
1232,821,card_payment_fee_charged,extra_charge_on_statement,wrong_exchange_rate_for_cash_withdrawal
1232,822,card_payment_fee_charged,card_payment_fee_charged,card_payment_fee_charged
1232,823,card_payment_fee_charged,card_payment_fee_charged,card_payment_fee_charged
1232,824,card_payment_fee_charged,exchange_charge,card_payment_fee_charged
1232,825,card_payment_fee_charged,card_payment_fee_charged,card_payment_fee_charged
1232,826,card_payment_fee_charged,card_payment_fee_charged,card_payment_fee_charged
1232,827,card_payment_fee_charged,card_payment_fee_charged,card_payment_fee_charged
1232,828,card_payment_fee_charged,extra_charge_on_statement,verify_source_of_funds
1232,829,card_payment_fee_charged,card_payment_not_recognised,card_payment_not_recognised
1232,830,card_payment_fee_charged,card_acceptance,card_acceptance
1232,831,card_payment_fee_charged,card_payment_fee_charged,card_payment_fee_charged
1232,832,card_payment_fee_charged,top_up_by_card_charge,card_acceptance
1232,833,card_payment_fee_charged,extra_charge_on_statement,card_payment_fee_charged
1232,834,card_payment_fee_charged,card_payment_fee_charged,card_payment_fee_charged
1232,835,card_payment_fee_charged,extra_charge_on_statement,extra_charge_on_statement
1232,836,card_payment_fee_charged,card_payment_fee_charged,card_payment_fee_charged
1232,837,card_payment_fee_charged,card_payment_fee_charged,card_payment_fee_charged
1232,838,card_payment_fee_charged,card_payment_fee_charged,card_payment_fee_charged
1232,839,card_payment_fee_charged,card_payment_fee_charged,card_payment_fee_charged
1232,840,transfer_not_received_by_recipient,failed_transfer,failed_transfer
1232,841,transfer_not_received_by_recipient,balance_not_updated_after_bank_transfer,balance_not_updated_after_bank_transfer
1232,842,transfer_not_received_by_recipient,pending_card_payment,wrong_exchange_rate_for_cash_withdrawal
1232,843,transfer_not_received_by_recipient,card_payment_not_recognised,card_payment_wrong_exchange_rate
1232,844,transfer_not_received_by_recipient,failed_transfer,failed_transfer
1232,845,transfer_not_received_by_recipient,transfer_timing,transfer_timing
1232,846,transfer_not_received_by_recipient,verify_source_of_funds,verify_source_of_funds
1232,847,transfer_not_received_by_recipient,failed_transfer,failed_transfer
1232,848,transfer_not_received_by_recipient,beneficiary_not_allowed,balance_not_updated_after_bank_transfer
1232,849,transfer_not_received_by_recipient,transfer_timing,transfer_timing
1232,850,transfer_not_received_by_recipient,balance_not_updated_after_bank_transfer,balance_not_updated_after_bank_transfer
1232,851,transfer_not_received_by_recipient,transfer_timing,transfer_timing
1232,852,transfer_not_received_by_recipient,declined_card_payment,failed_transfer
1232,853,transfer_not_received_by_recipient,balance_not_updated_after_bank_transfer,balance_not_updated_after_bank_transfer
1232,854,transfer_not_received_by_recipient,balance_not_updated_after_bank_transfer,balance_not_updated_after_bank_transfer
1232,855,transfer_not_received_by_recipient,balance_not_updated_after_bank_transfer,balance_not_updated_after_bank_transfer
1232,856,transfer_not_received_by_recipient,transfer_not_received_by_recipient,transfer_not_received_by_recipient
1232,857,transfer_not_received_by_recipient,beneficiary_not_allowed,beneficiary_not_allowed
1232,858,transfer_not_received_by_recipient,transfer_not_received_by_recipient,transfer_not_received_by_recipient
1232,859,transfer_not_received_by_recipient,balance_not_updated_after_bank_transfer,card_payment_wrong_exchange_rate
1232,860,transfer_not_received_by_recipient,transfer_not_received_by_recipient,failed_transfer
1232,861,transfer_not_received_by_recipient,pending_transfer,failed_transfer
1232,862,transfer_not_received_by_recipient,failed_transfer,failed_transfer
1232,863,transfer_not_received_by_recipient,failed_transfer,failed_transfer
1232,864,transfer_not_received_by_recipient,transfer_not_received_by_recipient,verify_source_of_funds
1232,865,transfer_not_received_by_recipient,pending_card_payment,wrong_exchange_rate_for_cash_withdrawal
1232,866,transfer_not_received_by_recipient,pending_card_payment,pending_card_payment
1232,867,transfer_not_received_by_recipient,transaction_charged_twice,wrong_exchange_rate_for_cash_withdrawal
1232,868,transfer_not_received_by_recipient,pending_card_payment,failed_transfer
1232,869,transfer_not_received_by_recipient,transfer_timing,transfer_timing
1232,870,transfer_not_received_by_recipient,failed_transfer,failed_transfer
1232,871,transfer_not_received_by_recipient,pending_transfer,failed_transfer
1232,872,transfer_not_received_by_recipient,card_payment_not_recognised,balance_not_updated_after_bank_transfer
1232,873,transfer_not_received_by_recipient,transfer_timing,verify_source_of_funds
1232,874,transfer_not_received_by_recipient,failed_transfer,failed_transfer
1232,875,transfer_not_received_by_recipient,pending_transfer,failed_transfer
1232,876,transfer_not_received_by_recipient,transfer_timing,transfer_timing
1232,877,transfer_not_received_by_recipient,pending_card_payment,verify_source_of_funds
1232,878,transfer_not_received_by_recipient,pending_card_payment,card_payment_wrong_exchange_rate
1232,879,transfer_not_received_by_recipient,beneficiary_not_allowed,failed_transfer
1232,880,supported_cards_and_currencies,fiat_currency_support,fiat_currency_support
1232,881,supported_cards_and_currencies,topping_up_by_card,apple_pay_or_google_pay
1232,882,supported_cards_and_currencies,getting_spare_card,card_acceptance
1232,883,supported_cards_and_currencies,supported_cards_and_currencies,fiat_currency_support
1232,884,supported_cards_and_currencies,supported_cards_and_currencies,fiat_currency_support
1232,885,supported_cards_and_currencies,fiat_currency_support,fiat_currency_support
1232,886,supported_cards_and_currencies,visa_or_mastercard,supported_cards_and_currencies
1232,887,supported_cards_and_currencies,getting_spare_card,card_acceptance
1232,888,supported_cards_and_currencies,receiving_money,receiving_money
1232,889,supported_cards_and_currencies,supported_cards_and_currencies,fiat_currency_support
1232,890,supported_cards_and_currencies,visa_or_mastercard,receiving_money
1232,891,supported_cards_and_currencies,getting_spare_card,supported_cards_and_currencies
1232,892,supported_cards_and_currencies,supported_cards_and_currencies,supported_cards_and_currencies
1232,893,supported_cards_and_currencies,getting_spare_card,getting_spare_card
1232,894,supported_cards_and_currencies,transfer_into_account,verify_source_of_funds
1232,895,supported_cards_and_currencies,supported_cards_and_currencies,supported_cards_and_currencies
1232,896,supported_cards_and_currencies,card_acceptance,card_acceptance
1232,897,supported_cards_and_currencies,supported_cards_and_currencies,fiat_currency_support
1232,898,supported_cards_and_currencies,transfer_into_account,transfer_into_account
1232,899,supported_cards_and_currencies,transfer_into_account,getting_virtual_card
1232,900,supported_cards_and_currencies,fiat_currency_support,fiat_currency_support
1232,901,supported_cards_and_currencies,fiat_currency_support,fiat_currency_support
1232,902,supported_cards_and_currencies,visa_or_mastercard,supported_cards_and_currencies
1232,903,supported_cards_and_currencies,fiat_currency_support,fiat_currency_support
1232,904,supported_cards_and_currencies,visa_or_mastercard,visa_or_mastercard
1232,905,supported_cards_and_currencies,supported_cards_and_currencies,fiat_currency_support
1232,906,supported_cards_and_currencies,supported_cards_and_currencies,fiat_currency_support
1232,907,supported_cards_and_currencies,top_up_by_cash_or_cheque,topping_up_by_card
1232,908,supported_cards_and_currencies,pending_card_payment,verify_source_of_funds
1232,909,supported_cards_and_currencies,getting_spare_card,card_acceptance
1232,910,supported_cards_and_currencies,supported_cards_and_currencies,card_acceptance
1232,911,supported_cards_and_currencies,top_up_limits,verify_top_up
1232,912,supported_cards_and_currencies,fiat_currency_support,fiat_currency_support
1232,913,supported_cards_and_currencies,fiat_currency_support,receiving_money
1232,914,supported_cards_and_currencies,exchange_charge,receiving_money
1232,915,supported_cards_and_currencies,supported_cards_and_currencies,supported_cards_and_currencies
1232,916,supported_cards_and_currencies,transfer_into_account,verify_source_of_funds
1232,917,supported_cards_and_currencies,supported_cards_and_currencies,fiat_currency_support
1232,918,supported_cards_and_currencies,supported_cards_and_currencies,fiat_currency_support
1232,919,supported_cards_and_currencies,supported_cards_and_currencies,fiat_currency_support
1232,920,getting_virtual_card,getting_virtual_card,getting_virtual_card
1232,921,getting_virtual_card,getting_virtual_card,getting_virtual_card
1232,922,getting_virtual_card,getting_virtual_card,getting_virtual_card
1232,923,getting_virtual_card,getting_virtual_card,getting_virtual_card
1232,924,getting_virtual_card,getting_virtual_card,getting_virtual_card
1232,925,getting_virtual_card,getting_virtual_card,getting_virtual_card
1232,926,getting_virtual_card,getting_virtual_card,getting_virtual_card
1232,927,getting_virtual_card,getting_virtual_card,getting_virtual_card
1232,928,getting_virtual_card,getting_virtual_card,getting_virtual_card
1232,929,getting_virtual_card,getting_virtual_card,getting_virtual_card
1232,930,getting_virtual_card,getting_virtual_card,getting_virtual_card
1232,931,getting_virtual_card,getting_virtual_card,getting_virtual_card
1232,932,getting_virtual_card,getting_virtual_card,getting_virtual_card
1232,933,getting_virtual_card,getting_virtual_card,getting_virtual_card
1232,934,getting_virtual_card,getting_virtual_card,getting_virtual_card
1232,935,getting_virtual_card,getting_virtual_card,getting_virtual_card
1232,936,getting_virtual_card,getting_virtual_card,getting_virtual_card
1232,937,getting_virtual_card,getting_virtual_card,getting_virtual_card
1232,938,getting_virtual_card,getting_virtual_card,getting_virtual_card
1232,939,getting_virtual_card,getting_virtual_card,getting_virtual_card
1232,940,getting_virtual_card,getting_virtual_card,getting_virtual_card
1232,941,getting_virtual_card,getting_virtual_card,getting_virtual_card
1232,942,getting_virtual_card,getting_virtual_card,getting_virtual_card
1232,943,getting_virtual_card,getting_virtual_card,getting_virtual_card
1232,944,getting_virtual_card,getting_virtual_card,getting_virtual_card
1232,945,getting_virtual_card,order_physical_card,card_arrival
1232,946,getting_virtual_card,getting_virtual_card,getting_virtual_card
1232,947,getting_virtual_card,getting_virtual_card,getting_virtual_card
1232,948,getting_virtual_card,getting_virtual_card,getting_virtual_card
1232,949,getting_virtual_card,getting_virtual_card,getting_virtual_card
1232,950,getting_virtual_card,getting_virtual_card,getting_virtual_card
1232,951,getting_virtual_card,getting_virtual_card,getting_virtual_card
1232,952,getting_virtual_card,getting_virtual_card,getting_virtual_card
1232,953,getting_virtual_card,getting_virtual_card,getting_virtual_card
1232,954,getting_virtual_card,getting_virtual_card,getting_virtual_card
1232,955,getting_virtual_card,getting_virtual_card,getting_virtual_card
1232,956,getting_virtual_card,getting_virtual_card,getting_virtual_card
1232,957,getting_virtual_card,getting_virtual_card,getting_virtual_card
1232,958,getting_virtual_card,getting_virtual_card,getting_virtual_card
1232,959,getting_virtual_card,getting_virtual_card,getting_virtual_card
1232,960,card_acceptance,card_acceptance,card_acceptance
1232,961,card_acceptance,getting_spare_card,card_acceptance
1232,962,card_acceptance,card_acceptance,card_acceptance
1232,963,card_acceptance,visa_or_mastercard,visa_or_mastercard
1232,964,card_acceptance,card_acceptance,card_acceptance
1232,965,card_acceptance,card_acceptance,card_acceptance
1232,966,card_acceptance,card_acceptance,card_acceptance
1232,967,card_acceptance,card_acceptance,card_acceptance
1232,968,card_acceptance,card_acceptance,card_acceptance
1232,969,card_acceptance,card_acceptance,card_acceptance
1232,970,card_acceptance,card_acceptance,card_acceptance
1232,971,card_acceptance,card_acceptance,card_acceptance
1232,972,card_acceptance,card_acceptance,card_acceptance
1232,973,card_acceptance,card_acceptance,card_acceptance
1232,974,card_acceptance,card_acceptance,card_acceptance
1232,975,card_acceptance,card_acceptance,card_acceptance
1232,976,card_acceptance,card_acceptance,card_acceptance
1232,977,card_acceptance,card_acceptance,card_acceptance
1232,978,card_acceptance,card_acceptance,card_acceptance
1232,979,card_acceptance,card_acceptance,card_acceptance
1232,980,card_acceptance,card_acceptance,card_acceptance
1232,981,card_acceptance,card_acceptance,card_acceptance
1232,982,card_acceptance,card_acceptance,card_acceptance
1232,983,card_acceptance,card_acceptance,card_acceptance
1232,984,card_acceptance,card_acceptance,card_acceptance
1232,985,card_acceptance,card_acceptance,card_acceptance
1232,986,card_acceptance,card_acceptance,card_acceptance
1232,987,card_acceptance,card_acceptance,card_acceptance
1232,988,card_acceptance,card_acceptance,card_acceptance
1232,989,card_acceptance,card_acceptance,card_acceptance
1232,990,card_acceptance,card_acceptance,card_acceptance
1232,991,card_acceptance,card_acceptance,card_acceptance
1232,992,card_acceptance,card_acceptance,card_acceptance
1232,993,card_acceptance,card_acceptance,card_acceptance
1232,994,card_acceptance,card_acceptance,card_acceptance
1232,995,card_acceptance,getting_spare_card,card_acceptance
1232,996,card_acceptance,card_acceptance,card_acceptance
1232,997,card_acceptance,card_acceptance,card_acceptance
1232,998,card_acceptance,card_acceptance,card_acceptance
1232,999,card_acceptance,card_acceptance,card_acceptance
1232,1000,top_up_reverted,top_up_reverted,top_up_reverted
1232,1001,top_up_reverted,top_up_reverted,top_up_reverted
1232,1002,top_up_reverted,top_up_reverted,top_up_reverted
1232,1003,top_up_reverted,top_up_reverted,top_up_failed
1232,1004,top_up_reverted,top_up_reverted,request_refund
1232,1005,top_up_reverted,top_up_reverted,top_up_reverted
1232,1006,top_up_reverted,top_up_failed,top_up_failed
1232,1007,top_up_reverted,top_up_reverted,verify_source_of_funds
1232,1008,top_up_reverted,top_up_failed,top_up_failed
1232,1009,top_up_reverted,top_up_reverted,top_up_reverted
1232,1010,top_up_reverted,declined_cash_withdrawal,balance_not_updated_after_bank_transfer
1232,1011,top_up_reverted,top_up_reverted,top_up_failed
1232,1012,top_up_reverted,top_up_reverted,top_up_reverted
1232,1013,top_up_reverted,top_up_failed,top_up_failed
1232,1014,top_up_reverted,top_up_reverted,top_up_reverted
1232,1015,top_up_reverted,top_up_reverted,top_up_reverted
1232,1016,top_up_reverted,top_up_reverted,top_up_reverted
1232,1017,top_up_reverted,top_up_reverted,top_up_reverted
1232,1018,top_up_reverted,top_up_reverted,top_up_reverted
1232,1019,top_up_reverted,top_up_reverted,top_up_reverted
1232,1020,top_up_reverted,top_up_reverted,top_up_reverted
1232,1021,top_up_reverted,top_up_reverted,top_up_reverted
1232,1022,top_up_reverted,top_up_reverted,top_up_reverted
1232,1023,top_up_reverted,top_up_reverted,verify_source_of_funds
1232,1024,top_up_reverted,top_up_reverted,top_up_reverted
1232,1025,top_up_reverted,card_payment_not_recognised,card_payment_not_recognised
1232,1026,top_up_reverted,top_up_reverted,top_up_reverted
1232,1027,top_up_reverted,top_up_reverted,top_up_reverted
1232,1028,top_up_reverted,top_up_reverted,top_up_reverted
1232,1029,top_up_reverted,top_up_reverted,top_up_failed
1232,1030,top_up_reverted,top_up_reverted,top_up_failed
1232,1031,top_up_reverted,top_up_reverted,top_up_limits
1232,1032,top_up_reverted,top_up_reverted,top_up_reverted
1232,1033,top_up_reverted,top_up_limits,top_up_limits
1232,1034,top_up_reverted,top_up_reverted,top_up_reverted
1232,1035,top_up_reverted,top_up_reverted,top_up_reverted
1232,1036,top_up_reverted,top_up_reverted,top_up_failed
1232,1037,top_up_reverted,top_up_reverted,top_up_reverted
1232,1038,top_up_reverted,top_up_failed,top_up_reverted
1232,1039,top_up_reverted,top_up_failed,top_up_failed
1232,1040,balance_not_updated_after_cheque_or_cash_deposit,balance_not_updated_after_cheque_or_cash_deposit,balance_not_updated_after_cheque_or_cash_deposit
1232,1041,balance_not_updated_after_cheque_or_cash_deposit,balance_not_updated_after_cheque_or_cash_deposit,balance_not_updated_after_cheque_or_cash_deposit
1232,1042,balance_not_updated_after_cheque_or_cash_deposit,balance_not_updated_after_cheque_or_cash_deposit,balance_not_updated_after_cheque_or_cash_deposit
1232,1043,balance_not_updated_after_cheque_or_cash_deposit,balance_not_updated_after_cheque_or_cash_deposit,balance_not_updated_after_cheque_or_cash_deposit
1232,1044,balance_not_updated_after_cheque_or_cash_deposit,balance_not_updated_after_cheque_or_cash_deposit,balance_not_updated_after_cheque_or_cash_deposit
1232,1045,balance_not_updated_after_cheque_or_cash_deposit,balance_not_updated_after_cheque_or_cash_deposit,verify_source_of_funds
1232,1046,balance_not_updated_after_cheque_or_cash_deposit,balance_not_updated_after_cheque_or_cash_deposit,verify_source_of_funds
1232,1047,balance_not_updated_after_cheque_or_cash_deposit,balance_not_updated_after_cheque_or_cash_deposit,verify_source_of_funds
1232,1048,balance_not_updated_after_cheque_or_cash_deposit,balance_not_updated_after_cheque_or_cash_deposit,verify_source_of_funds
1232,1049,balance_not_updated_after_cheque_or_cash_deposit,balance_not_updated_after_cheque_or_cash_deposit,verify_source_of_funds
1232,1050,balance_not_updated_after_cheque_or_cash_deposit,balance_not_updated_after_cheque_or_cash_deposit,balance_not_updated_after_cheque_or_cash_deposit
1232,1051,balance_not_updated_after_cheque_or_cash_deposit,balance_not_updated_after_cheque_or_cash_deposit,balance_not_updated_after_cheque_or_cash_deposit
1232,1052,balance_not_updated_after_cheque_or_cash_deposit,pending_card_payment,pending_card_payment
1232,1053,balance_not_updated_after_cheque_or_cash_deposit,balance_not_updated_after_cheque_or_cash_deposit,wrong_exchange_rate_for_cash_withdrawal
1232,1054,balance_not_updated_after_cheque_or_cash_deposit,card_payment_not_recognised,verify_source_of_funds
1232,1055,balance_not_updated_after_cheque_or_cash_deposit,balance_not_updated_after_cheque_or_cash_deposit,verify_source_of_funds
1232,1056,balance_not_updated_after_cheque_or_cash_deposit,balance_not_updated_after_cheque_or_cash_deposit,receiving_money
1232,1057,balance_not_updated_after_cheque_or_cash_deposit,balance_not_updated_after_cheque_or_cash_deposit,balance_not_updated_after_bank_transfer
1232,1058,balance_not_updated_after_cheque_or_cash_deposit,balance_not_updated_after_cheque_or_cash_deposit,balance_not_updated_after_cheque_or_cash_deposit
1232,1059,balance_not_updated_after_cheque_or_cash_deposit,balance_not_updated_after_cheque_or_cash_deposit,failed_transfer
1232,1060,balance_not_updated_after_cheque_or_cash_deposit,balance_not_updated_after_cheque_or_cash_deposit,verify_source_of_funds
1232,1061,balance_not_updated_after_cheque_or_cash_deposit,balance_not_updated_after_cheque_or_cash_deposit,balance_not_updated_after_cheque_or_cash_deposit
1232,1062,balance_not_updated_after_cheque_or_cash_deposit,balance_not_updated_after_cheque_or_cash_deposit,balance_not_updated_after_cheque_or_cash_deposit
1232,1063,balance_not_updated_after_cheque_or_cash_deposit,balance_not_updated_after_cheque_or_cash_deposit,balance_not_updated_after_cheque_or_cash_deposit
1232,1064,balance_not_updated_after_cheque_or_cash_deposit,balance_not_updated_after_cheque_or_cash_deposit,balance_not_updated_after_cheque_or_cash_deposit
1232,1065,balance_not_updated_after_cheque_or_cash_deposit,balance_not_updated_after_cheque_or_cash_deposit,balance_not_updated_after_cheque_or_cash_deposit
1232,1066,balance_not_updated_after_cheque_or_cash_deposit,balance_not_updated_after_cheque_or_cash_deposit,balance_not_updated_after_cheque_or_cash_deposit
1232,1067,balance_not_updated_after_cheque_or_cash_deposit,balance_not_updated_after_cheque_or_cash_deposit,wrong_exchange_rate_for_cash_withdrawal
1232,1068,balance_not_updated_after_cheque_or_cash_deposit,balance_not_updated_after_cheque_or_cash_deposit,verify_source_of_funds
1232,1069,balance_not_updated_after_cheque_or_cash_deposit,balance_not_updated_after_cheque_or_cash_deposit,balance_not_updated_after_cheque_or_cash_deposit
1232,1070,balance_not_updated_after_cheque_or_cash_deposit,balance_not_updated_after_cheque_or_cash_deposit,balance_not_updated_after_cheque_or_cash_deposit
1232,1071,balance_not_updated_after_cheque_or_cash_deposit,balance_not_updated_after_cheque_or_cash_deposit,balance_not_updated_after_cheque_or_cash_deposit
1232,1072,balance_not_updated_after_cheque_or_cash_deposit,balance_not_updated_after_cheque_or_cash_deposit,balance_not_updated_after_bank_transfer
1232,1073,balance_not_updated_after_cheque_or_cash_deposit,balance_not_updated_after_cheque_or_cash_deposit,verify_source_of_funds
1232,1074,balance_not_updated_after_cheque_or_cash_deposit,balance_not_updated_after_cheque_or_cash_deposit,balance_not_updated_after_cheque_or_cash_deposit
1232,1075,balance_not_updated_after_cheque_or_cash_deposit,balance_not_updated_after_cheque_or_cash_deposit,verify_source_of_funds
1232,1076,balance_not_updated_after_cheque_or_cash_deposit,balance_not_updated_after_cheque_or_cash_deposit,balance_not_updated_after_cheque_or_cash_deposit
1232,1077,balance_not_updated_after_cheque_or_cash_deposit,balance_not_updated_after_cheque_or_cash_deposit,balance_not_updated_after_cheque_or_cash_deposit
1232,1078,balance_not_updated_after_cheque_or_cash_deposit,balance_not_updated_after_cheque_or_cash_deposit,balance_not_updated_after_cheque_or_cash_deposit
1232,1079,balance_not_updated_after_cheque_or_cash_deposit,balance_not_updated_after_cheque_or_cash_deposit,balance_not_updated_after_cheque_or_cash_deposit
1232,1080,card_payment_not_recognised,card_payment_not_recognised,verify_source_of_funds
1232,1081,card_payment_not_recognised,card_payment_not_recognised,card_payment_fee_charged
1232,1082,card_payment_not_recognised,card_payment_not_recognised,card_payment_not_recognised
1232,1083,card_payment_not_recognised,card_payment_not_recognised,card_payment_not_recognised
1232,1084,card_payment_not_recognised,card_payment_not_recognised,card_payment_not_recognised
1232,1085,card_payment_not_recognised,card_payment_not_recognised,card_payment_not_recognised
1232,1086,card_payment_not_recognised,pending_card_payment,verify_source_of_funds
1232,1087,card_payment_not_recognised,card_payment_not_recognised,card_payment_not_recognised
1232,1088,card_payment_not_recognised,card_payment_not_recognised,wrong_exchange_rate_for_cash_withdrawal
1232,1089,card_payment_not_recognised,card_payment_not_recognised,card_payment_not_recognised
1232,1090,card_payment_not_recognised,card_payment_not_recognised,wrong_exchange_rate_for_cash_withdrawal
1232,1091,card_payment_not_recognised,card_payment_not_recognised,card_payment_not_recognised
1232,1092,card_payment_not_recognised,lost_or_stolen_card,lost_or_stolen_card
1232,1093,card_payment_not_recognised,card_payment_not_recognised,verify_source_of_funds
1232,1094,card_payment_not_recognised,card_payment_not_recognised,card_payment_not_recognised
1232,1095,card_payment_not_recognised,card_payment_not_recognised,card_payment_not_recognised
1232,1096,card_payment_not_recognised,cancel_transfer,wrong_exchange_rate_for_cash_withdrawal
1232,1097,card_payment_not_recognised,card_payment_not_recognised,card_payment_not_recognised
1232,1098,card_payment_not_recognised,card_payment_not_recognised,card_payment_not_recognised
1232,1099,card_payment_not_recognised,card_payment_not_recognised,card_payment_not_recognised
1232,1100,card_payment_not_recognised,pending_card_payment,card_payment_not_recognised
1232,1101,card_payment_not_recognised,extra_charge_on_statement,extra_charge_on_statement
1232,1102,card_payment_not_recognised,card_payment_not_recognised,verify_source_of_funds
1232,1103,card_payment_not_recognised,cash_withdrawal_not_recognised,cash_withdrawal_not_recognised
1232,1104,card_payment_not_recognised,card_payment_not_recognised,card_payment_wrong_exchange_rate
1232,1105,card_payment_not_recognised,pending_card_payment,card_payment_not_recognised
1232,1106,card_payment_not_recognised,card_payment_not_recognised,card_payment_not_recognised
1232,1107,card_payment_not_recognised,transaction_charged_twice,wrong_exchange_rate_for_cash_withdrawal
1232,1108,card_payment_not_recognised,card_payment_not_recognised,card_payment_not_recognised
1232,1109,card_payment_not_recognised,card_payment_not_recognised,verify_source_of_funds
1232,1110,card_payment_not_recognised,cash_withdrawal_not_recognised,cash_withdrawal_not_recognised
1232,1111,card_payment_not_recognised,card_payment_not_recognised,card_payment_not_recognised
1232,1112,card_payment_not_recognised,compromised_card,virtual_card_not_working
1232,1113,card_payment_not_recognised,card_payment_not_recognised,card_payment_not_recognised
1232,1114,card_payment_not_recognised,card_payment_not_recognised,verify_source_of_funds
1232,1115,card_payment_not_recognised,card_payment_not_recognised,verify_source_of_funds
1232,1116,card_payment_not_recognised,request_refund,card_payment_wrong_exchange_rate
1232,1117,card_payment_not_recognised,extra_charge_on_statement,extra_charge_on_statement
1232,1118,card_payment_not_recognised,card_payment_not_recognised,card_payment_not_recognised
1232,1119,card_payment_not_recognised,card_payment_not_recognised,card_payment_not_recognised
1232,1120,edit_personal_details,edit_personal_details,edit_personal_details
1232,1121,edit_personal_details,edit_personal_details,edit_personal_details
1232,1122,edit_personal_details,edit_personal_details,edit_personal_details
1232,1123,edit_personal_details,edit_personal_details,edit_personal_details
1232,1124,edit_personal_details,edit_personal_details,edit_personal_details
1232,1125,edit_personal_details,edit_personal_details,edit_personal_details
1232,1126,edit_personal_details,edit_personal_details,edit_personal_details
1232,1127,edit_personal_details,edit_personal_details,edit_personal_details
1232,1128,edit_personal_details,edit_personal_details,edit_personal_details
1232,1129,edit_personal_details,edit_personal_details,edit_personal_details
1232,1130,edit_personal_details,edit_personal_details,edit_personal_details
1232,1131,edit_personal_details,edit_personal_details,edit_personal_details
1232,1132,edit_personal_details,edit_personal_details,edit_personal_details
1232,1133,edit_personal_details,edit_personal_details,edit_personal_details
1232,1134,edit_personal_details,edit_personal_details,edit_personal_details
1232,1135,edit_personal_details,edit_personal_details,edit_personal_details
1232,1136,edit_personal_details,edit_personal_details,edit_personal_details
1232,1137,edit_personal_details,edit_personal_details,verify_source_of_funds
1232,1138,edit_personal_details,edit_personal_details,edit_personal_details
1232,1139,edit_personal_details,edit_personal_details,edit_personal_details
1232,1140,edit_personal_details,verify_my_identity,edit_personal_details
1232,1141,edit_personal_details,edit_personal_details,edit_personal_details
1232,1142,edit_personal_details,edit_personal_details,edit_personal_details
1232,1143,edit_personal_details,edit_personal_details,edit_personal_details
1232,1144,edit_personal_details,edit_personal_details,edit_personal_details
1232,1145,edit_personal_details,edit_personal_details,edit_personal_details
1232,1146,edit_personal_details,edit_personal_details,edit_personal_details
1232,1147,edit_personal_details,edit_personal_details,edit_personal_details
1232,1148,edit_personal_details,edit_personal_details,edit_personal_details
1232,1149,edit_personal_details,edit_personal_details,edit_personal_details
1232,1150,edit_personal_details,edit_personal_details,edit_personal_details
1232,1151,edit_personal_details,edit_personal_details,edit_personal_details
1232,1152,edit_personal_details,edit_personal_details,edit_personal_details
1232,1153,edit_personal_details,edit_personal_details,edit_personal_details
1232,1154,edit_personal_details,edit_personal_details,edit_personal_details
1232,1155,edit_personal_details,card_delivery_estimate,edit_personal_details
1232,1156,edit_personal_details,edit_personal_details,edit_personal_details
1232,1157,edit_personal_details,edit_personal_details,edit_personal_details
1232,1158,edit_personal_details,edit_personal_details,edit_personal_details
1232,1159,edit_personal_details,edit_personal_details,transfer_into_account
1232,1160,why_verify_identity,why_verify_identity,why_verify_identity
1232,1161,why_verify_identity,why_verify_identity,why_verify_identity
1232,1162,why_verify_identity,why_verify_identity,why_verify_identity
1232,1163,why_verify_identity,why_verify_identity,why_verify_identity
1232,1164,why_verify_identity,why_verify_identity,why_verify_identity
1232,1165,why_verify_identity,verify_my_identity,why_verify_identity
1232,1166,why_verify_identity,why_verify_identity,why_verify_identity
1232,1167,why_verify_identity,why_verify_identity,why_verify_identity
1232,1168,why_verify_identity,why_verify_identity,why_verify_identity
1232,1169,why_verify_identity,why_verify_identity,why_verify_identity
1232,1170,why_verify_identity,why_verify_identity,why_verify_identity
1232,1171,why_verify_identity,why_verify_identity,why_verify_identity
1232,1172,why_verify_identity,why_verify_identity,why_verify_identity
1232,1173,why_verify_identity,why_verify_identity,why_verify_identity
1232,1174,why_verify_identity,verify_my_identity,why_verify_identity
1232,1175,why_verify_identity,why_verify_identity,why_verify_identity
1232,1176,why_verify_identity,verify_my_identity,verify_my_identity
1232,1177,why_verify_identity,why_verify_identity,why_verify_identity
1232,1178,why_verify_identity,why_verify_identity,why_verify_identity
1232,1179,why_verify_identity,why_verify_identity,why_verify_identity
1232,1180,why_verify_identity,why_verify_identity,why_verify_identity
1232,1181,why_verify_identity,why_verify_identity,why_verify_identity
1232,1182,why_verify_identity,why_verify_identity,why_verify_identity
1232,1183,why_verify_identity,why_verify_identity,why_verify_identity
1232,1184,why_verify_identity,why_verify_identity,why_verify_identity
1232,1185,why_verify_identity,why_verify_identity,why_verify_identity
1232,1186,why_verify_identity,why_verify_identity,why_verify_identity
1232,1187,why_verify_identity,unable_to_verify_identity,unable_to_verify_identity
1232,1188,why_verify_identity,why_verify_identity,why_verify_identity
1232,1189,why_verify_identity,why_verify_identity,why_verify_identity
1232,1190,why_verify_identity,why_verify_identity,why_verify_identity
1232,1191,why_verify_identity,verify_my_identity,verify_my_identity
1232,1192,why_verify_identity,verify_my_identity,verify_my_identity
1232,1193,why_verify_identity,why_verify_identity,why_verify_identity
1232,1194,why_verify_identity,why_verify_identity,why_verify_identity
1232,1195,why_verify_identity,why_verify_identity,why_verify_identity
1232,1196,why_verify_identity,why_verify_identity,why_verify_identity
1232,1197,why_verify_identity,why_verify_identity,why_verify_identity
1232,1198,why_verify_identity,why_verify_identity,verify_source_of_funds
1232,1199,why_verify_identity,why_verify_identity,why_verify_identity
1232,1200,unable_to_verify_identity,unable_to_verify_identity,unable_to_verify_identity
1232,1201,unable_to_verify_identity,why_verify_identity,why_verify_identity
1232,1202,unable_to_verify_identity,unable_to_verify_identity,unable_to_verify_identity
1232,1203,unable_to_verify_identity,unable_to_verify_identity,unable_to_verify_identity
1232,1204,unable_to_verify_identity,why_verify_identity,why_verify_identity
1232,1205,unable_to_verify_identity,why_verify_identity,unable_to_verify_identity
1232,1206,unable_to_verify_identity,card_payment_not_recognised,unable_to_verify_identity
1232,1207,unable_to_verify_identity,unable_to_verify_identity,unable_to_verify_identity
1232,1208,unable_to_verify_identity,card_payment_not_recognised,lost_or_stolen_phone
1232,1209,unable_to_verify_identity,verify_my_identity,unable_to_verify_identity
1232,1210,unable_to_verify_identity,unable_to_verify_identity,unable_to_verify_identity
1232,1211,unable_to_verify_identity,unable_to_verify_identity,unable_to_verify_identity
1232,1212,unable_to_verify_identity,unable_to_verify_identity,unable_to_verify_identity
1232,1213,unable_to_verify_identity,card_payment_not_recognised,unable_to_verify_identity
1232,1214,unable_to_verify_identity,why_verify_identity,why_verify_identity
1232,1215,unable_to_verify_identity,card_payment_not_recognised,card_payment_not_recognised
1232,1216,unable_to_verify_identity,unable_to_verify_identity,unable_to_verify_identity
1232,1217,unable_to_verify_identity,unable_to_verify_identity,unable_to_verify_identity
1232,1218,unable_to_verify_identity,unable_to_verify_identity,unable_to_verify_identity
1232,1219,unable_to_verify_identity,unable_to_verify_identity,unable_to_verify_identity
1232,1220,unable_to_verify_identity,unable_to_verify_identity,unable_to_verify_identity
1232,1221,unable_to_verify_identity,card_payment_not_recognised,unable_to_verify_identity
1232,1222,unable_to_verify_identity,unable_to_verify_identity,unable_to_verify_identity
1232,1223,unable_to_verify_identity,unable_to_verify_identity,unable_to_verify_identity
1232,1224,unable_to_verify_identity,why_verify_identity,why_verify_identity
1232,1225,unable_to_verify_identity,verify_my_identity,why_verify_identity
1232,1226,unable_to_verify_identity,unable_to_verify_identity,unable_to_verify_identity
1232,1227,unable_to_verify_identity,verify_my_identity,why_verify_identity
1232,1228,unable_to_verify_identity,verify_my_identity,unable_to_verify_identity
1232,1229,unable_to_verify_identity,unable_to_verify_identity,unable_to_verify_identity
1232,1230,unable_to_verify_identity,why_verify_identity,why_verify_identity
1232,1231,unable_to_verify_identity,why_verify_identity,why_verify_identity
1232,1232,unable_to_verify_identity,why_verify_identity,unable_to_verify_identity
1232,1233,unable_to_verify_identity,card_payment_not_recognised,unable_to_verify_identity
1232,1234,unable_to_verify_identity,why_verify_identity,why_verify_identity
1232,1235,unable_to_verify_identity,why_verify_identity,why_verify_identity
1232,1236,unable_to_verify_identity,unable_to_verify_identity,unable_to_verify_identity
1232,1237,unable_to_verify_identity,why_verify_identity,why_verify_identity
1232,1238,unable_to_verify_identity,why_verify_identity,why_verify_identity
1232,1239,unable_to_verify_identity,unable_to_verify_identity,unable_to_verify_identity
1232,1240,get_physical_card,get_physical_card,getting_virtual_card
1232,1241,get_physical_card,get_physical_card,get_physical_card
1232,1242,get_physical_card,get_physical_card,get_physical_card
1232,1243,get_physical_card,get_physical_card,get_physical_card
1232,1244,get_physical_card,get_physical_card,get_physical_card
1232,1245,get_physical_card,activate_my_card,getting_virtual_card
1232,1246,get_physical_card,get_physical_card,getting_virtual_card
1232,1247,get_physical_card,get_physical_card,get_physical_card
1232,1248,get_physical_card,get_physical_card,get_physical_card
1232,1249,get_physical_card,get_physical_card,get_physical_card
1232,1250,get_physical_card,get_physical_card,get_physical_card
1232,1251,get_physical_card,get_physical_card,get_physical_card
1232,1252,get_physical_card,get_physical_card,get_physical_card
1232,1253,get_physical_card,get_physical_card,get_physical_card
1232,1254,get_physical_card,get_physical_card,get_physical_card
1232,1255,get_physical_card,get_physical_card,get_physical_card
1232,1256,get_physical_card,get_physical_card,get_physical_card
1232,1257,get_physical_card,get_physical_card,card_arrival
1232,1258,get_physical_card,get_physical_card,get_physical_card
1232,1259,get_physical_card,change_pin,change_pin
1232,1260,get_physical_card,get_physical_card,get_physical_card
1232,1261,get_physical_card,get_physical_card,getting_virtual_card
1232,1262,get_physical_card,get_physical_card,get_physical_card
1232,1263,get_physical_card,get_physical_card,verify_source_of_funds
1232,1264,get_physical_card,get_physical_card,get_physical_card
1232,1265,get_physical_card,get_physical_card,get_physical_card
1232,1266,get_physical_card,get_physical_card,get_physical_card
1232,1267,get_physical_card,get_physical_card,get_physical_card
1232,1268,get_physical_card,get_physical_card,get_physical_card
1232,1269,get_physical_card,get_physical_card,pin_blocked
1232,1270,get_physical_card,get_physical_card,get_physical_card
1232,1271,get_physical_card,get_physical_card,get_physical_card
1232,1272,get_physical_card,get_physical_card,get_physical_card
1232,1273,get_physical_card,get_physical_card,get_physical_card
1232,1274,get_physical_card,get_physical_card,get_physical_card
1232,1275,get_physical_card,get_physical_card,get_physical_card
1232,1276,get_physical_card,get_physical_card,get_physical_card
1232,1277,get_physical_card,get_physical_card,get_physical_card
1232,1278,get_physical_card,get_physical_card,get_physical_card
1232,1279,get_physical_card,get_physical_card,get_physical_card
1232,1280,visa_or_mastercard,visa_or_mastercard,visa_or_mastercard
1232,1281,visa_or_mastercard,visa_or_mastercard,visa_or_mastercard
1232,1282,visa_or_mastercard,getting_virtual_card,getting_virtual_card
1232,1283,visa_or_mastercard,visa_or_mastercard,visa_or_mastercard
1232,1284,visa_or_mastercard,visa_or_mastercard,visa_or_mastercard
1232,1285,visa_or_mastercard,visa_or_mastercard,visa_or_mastercard
1232,1286,visa_or_mastercard,visa_or_mastercard,visa_or_mastercard
1232,1287,visa_or_mastercard,visa_or_mastercard,visa_or_mastercard
1232,1288,visa_or_mastercard,visa_or_mastercard,visa_or_mastercard
1232,1289,visa_or_mastercard,visa_or_mastercard,visa_or_mastercard
1232,1290,visa_or_mastercard,getting_virtual_card,getting_virtual_card
1232,1291,visa_or_mastercard,visa_or_mastercard,visa_or_mastercard
1232,1292,visa_or_mastercard,visa_or_mastercard,visa_or_mastercard
1232,1293,visa_or_mastercard,getting_virtual_card,getting_virtual_card
1232,1294,visa_or_mastercard,visa_or_mastercard,visa_or_mastercard
1232,1295,visa_or_mastercard,visa_or_mastercard,visa_or_mastercard
1232,1296,visa_or_mastercard,card_acceptance,card_acceptance
1232,1297,visa_or_mastercard,order_physical_card,getting_virtual_card
1232,1298,visa_or_mastercard,visa_or_mastercard,visa_or_mastercard
1232,1299,visa_or_mastercard,card_acceptance,card_acceptance
1232,1300,visa_or_mastercard,visa_or_mastercard,visa_or_mastercard
1232,1301,visa_or_mastercard,visa_or_mastercard,visa_or_mastercard
1232,1302,visa_or_mastercard,visa_or_mastercard,visa_or_mastercard
1232,1303,visa_or_mastercard,visa_or_mastercard,visa_or_mastercard
1232,1304,visa_or_mastercard,visa_or_mastercard,visa_or_mastercard
1232,1305,visa_or_mastercard,visa_or_mastercard,visa_or_mastercard
1232,1306,visa_or_mastercard,visa_or_mastercard,visa_or_mastercard
1232,1307,visa_or_mastercard,visa_or_mastercard,visa_or_mastercard
1232,1308,visa_or_mastercard,visa_or_mastercard,visa_or_mastercard
1232,1309,visa_or_mastercard,visa_or_mastercard,visa_or_mastercard
1232,1310,visa_or_mastercard,visa_or_mastercard,visa_or_mastercard
1232,1311,visa_or_mastercard,visa_or_mastercard,visa_or_mastercard
1232,1312,visa_or_mastercard,visa_or_mastercard,visa_or_mastercard
1232,1313,visa_or_mastercard,visa_or_mastercard,visa_or_mastercard
1232,1314,visa_or_mastercard,visa_or_mastercard,visa_or_mastercard
1232,1315,visa_or_mastercard,supported_cards_and_currencies,supported_cards_and_currencies
1232,1316,visa_or_mastercard,visa_or_mastercard,visa_or_mastercard
1232,1317,visa_or_mastercard,visa_or_mastercard,visa_or_mastercard
1232,1318,visa_or_mastercard,visa_or_mastercard,visa_or_mastercard
1232,1319,visa_or_mastercard,country_support,getting_virtual_card
1232,1320,topping_up_by_card,topping_up_by_card,topping_up_by_card
1232,1321,topping_up_by_card,card_swallowed,verify_source_of_funds
1232,1322,topping_up_by_card,topping_up_by_card,topping_up_by_card
1232,1323,topping_up_by_card,transfer_into_account,transfer_into_account
1232,1324,topping_up_by_card,topping_up_by_card,topping_up_by_card
1232,1325,topping_up_by_card,why_verify_identity,receiving_money
1232,1326,topping_up_by_card,top_up_limits,automatic_top_up
1232,1327,topping_up_by_card,top_up_failed,verify_source_of_funds
1232,1328,topping_up_by_card,transfer_into_account,transfer_into_account
1232,1329,topping_up_by_card,topping_up_by_card,topping_up_by_card
1232,1330,topping_up_by_card,card_payment_not_recognised,verify_source_of_funds
1232,1331,topping_up_by_card,card_payment_not_recognised,verify_source_of_funds
1232,1332,topping_up_by_card,top_up_limits,top_up_limits
1232,1333,topping_up_by_card,balance_not_updated_after_bank_transfer,balance_not_updated_after_bank_transfer
1232,1334,topping_up_by_card,topping_up_by_card,automatic_top_up
1232,1335,topping_up_by_card,transfer_into_account,transfer_into_account
1232,1336,topping_up_by_card,topping_up_by_card,topping_up_by_card
1232,1337,topping_up_by_card,top_up_failed,verify_source_of_funds
1232,1338,topping_up_by_card,top_up_failed,top_up_failed
1232,1339,topping_up_by_card,topping_up_by_card,automatic_top_up
1232,1340,topping_up_by_card,transfer_into_account,verify_source_of_funds
1232,1341,topping_up_by_card,top_up_failed,top_up_failed
1232,1342,topping_up_by_card,card_swallowed,declined_cash_withdrawal
1232,1343,topping_up_by_card,transfer_into_account,transfer_into_account
1232,1344,topping_up_by_card,card_swallowed,declined_cash_withdrawal
1232,1345,topping_up_by_card,card_acceptance,receiving_money
1232,1346,topping_up_by_card,transfer_into_account,verify_source_of_funds
1232,1347,topping_up_by_card,top_up_failed,top_up_failed
1232,1348,topping_up_by_card,receiving_money,verify_source_of_funds
1232,1349,topping_up_by_card,transfer_into_account,receiving_money
1232,1350,topping_up_by_card,topping_up_by_card,topping_up_by_card
1232,1351,topping_up_by_card,top_up_failed,top_up_failed
1232,1352,topping_up_by_card,transfer_into_account,transfer_into_account
1232,1353,topping_up_by_card,topping_up_by_card,topping_up_by_card
1232,1354,topping_up_by_card,topping_up_by_card,topping_up_by_card
1232,1355,topping_up_by_card,topping_up_by_card,topping_up_by_card
1232,1356,topping_up_by_card,card_swallowed,declined_cash_withdrawal
1232,1357,topping_up_by_card,top_up_failed,verify_source_of_funds
1232,1358,topping_up_by_card,topping_up_by_card,verify_source_of_funds
1232,1359,topping_up_by_card,topping_up_by_card,topping_up_by_card
1232,1360,disposable_card_limits,disposable_card_limits,get_disposable_virtual_card
1232,1361,disposable_card_limits,disposable_card_limits,disposable_card_limits
1232,1362,disposable_card_limits,disposable_card_limits,disposable_card_limits
1232,1363,disposable_card_limits,disposable_card_limits,get_disposable_virtual_card
1232,1364,disposable_card_limits,disposable_card_limits,disposable_card_limits
1232,1365,disposable_card_limits,disposable_card_limits,disposable_card_limits
1232,1366,disposable_card_limits,disposable_card_limits,disposable_card_limits
1232,1367,disposable_card_limits,getting_virtual_card,getting_virtual_card
1232,1368,disposable_card_limits,disposable_card_limits,disposable_card_limits
1232,1369,disposable_card_limits,disposable_card_limits,disposable_card_limits
1232,1370,disposable_card_limits,disposable_card_limits,disposable_card_limits
1232,1371,disposable_card_limits,disposable_card_limits,disposable_card_limits
1232,1372,disposable_card_limits,disposable_card_limits,disposable_card_limits
1232,1373,disposable_card_limits,disposable_card_limits,disposable_card_limits
1232,1374,disposable_card_limits,disposable_card_limits,disposable_card_limits
1232,1375,disposable_card_limits,disposable_card_limits,disposable_card_limits
1232,1376,disposable_card_limits,disposable_card_limits,disposable_card_limits
1232,1377,disposable_card_limits,disposable_card_limits,disposable_card_limits
1232,1378,disposable_card_limits,disposable_card_limits,disposable_card_limits
1232,1379,disposable_card_limits,disposable_card_limits,virtual_card_not_working
1232,1380,disposable_card_limits,disposable_card_limits,disposable_card_limits
1232,1381,disposable_card_limits,disposable_card_limits,getting_virtual_card
1232,1382,disposable_card_limits,disposable_card_limits,disposable_card_limits
1232,1383,disposable_card_limits,disposable_card_limits,disposable_card_limits
1232,1384,disposable_card_limits,disposable_card_limits,disposable_card_limits
1232,1385,disposable_card_limits,disposable_card_limits,disposable_card_limits
1232,1386,disposable_card_limits,getting_virtual_card,getting_virtual_card
1232,1387,disposable_card_limits,disposable_card_limits,getting_virtual_card
1232,1388,disposable_card_limits,disposable_card_limits,disposable_card_limits
1232,1389,disposable_card_limits,get_disposable_virtual_card,get_disposable_virtual_card
1232,1390,disposable_card_limits,disposable_card_limits,disposable_card_limits
1232,1391,disposable_card_limits,getting_virtual_card,getting_virtual_card
1232,1392,disposable_card_limits,disposable_card_limits,disposable_card_limits
1232,1393,disposable_card_limits,disposable_card_limits,disposable_card_limits
1232,1394,disposable_card_limits,get_disposable_virtual_card,get_disposable_virtual_card
1232,1395,disposable_card_limits,disposable_card_limits,disposable_card_limits
1232,1396,disposable_card_limits,disposable_card_limits,disposable_card_limits
1232,1397,disposable_card_limits,disposable_card_limits,get_disposable_virtual_card
1232,1398,disposable_card_limits,disposable_card_limits,disposable_card_limits
1232,1399,disposable_card_limits,get_disposable_virtual_card,getting_virtual_card
1232,1400,compromised_card,compromised_card,compromised_card
1232,1401,compromised_card,terminate_account,terminate_account
1232,1402,compromised_card,compromised_card,compromised_card
1232,1403,compromised_card,card_payment_fee_charged,card_payment_fee_charged
1232,1404,compromised_card,card_about_to_expire,card_acceptance
1232,1405,compromised_card,terminate_account,terminate_account
1232,1406,compromised_card,compromised_card,wrong_exchange_rate_for_cash_withdrawal
1232,1407,compromised_card,card_acceptance,virtual_card_not_working
1232,1408,compromised_card,terminate_account,terminate_account
1232,1409,compromised_card,compromised_card,compromised_card
1232,1410,compromised_card,compromised_card,verify_source_of_funds
1232,1411,compromised_card,card_not_working,card_not_working
1232,1412,compromised_card,terminate_account,verify_source_of_funds
1232,1413,compromised_card,compromised_card,why_verify_identity
1232,1414,compromised_card,compromised_card,compromised_card
1232,1415,compromised_card,compromised_card,compromised_card
1232,1416,compromised_card,exchange_via_app,lost_or_stolen_phone
1232,1417,compromised_card,virtual_card_not_working,cash_withdrawal_not_recognised
1232,1418,compromised_card,terminate_account,terminate_account
1232,1419,compromised_card,compromised_card,verify_source_of_funds
1232,1420,compromised_card,compromised_card,compromised_card
1232,1421,compromised_card,card_linking,getting_virtual_card
1232,1422,compromised_card,card_swallowed,card_not_working
1232,1423,compromised_card,compromised_card,compromised_card
1232,1424,compromised_card,card_payment_not_recognised,card_payment_not_recognised
1232,1425,compromised_card,terminate_account,terminate_account
1232,1426,compromised_card,compromised_card,compromised_card
1232,1427,compromised_card,compromised_card,virtual_card_not_working
1232,1428,compromised_card,compromised_card,verify_source_of_funds
1232,1429,compromised_card,compromised_card,card_payment_fee_charged
1232,1430,compromised_card,compromised_card,card_payment_not_recognised
1232,1431,compromised_card,getting_spare_card,card_arrival
1232,1432,compromised_card,compromised_card,compromised_card
1232,1433,compromised_card,compromised_card,compromised_card
1232,1434,compromised_card,compromised_card,card_payment_fee_charged
1232,1435,compromised_card,compromised_card,verify_source_of_funds
1232,1436,compromised_card,compromised_card,compromised_card
1232,1437,compromised_card,compromised_card,card_acceptance
1232,1438,compromised_card,virtual_card_not_working,lost_or_stolen_phone
1232,1439,compromised_card,compromised_card,wrong_exchange_rate_for_cash_withdrawal
1232,1440,atm_support,atm_support,atm_support
1232,1441,atm_support,atm_support,atm_support
1232,1442,atm_support,atm_support,atm_support
1232,1443,atm_support,atm_support,atm_support
1232,1444,atm_support,atm_support,atm_support
1232,1445,atm_support,atm_support,atm_support
1232,1446,atm_support,atm_support,atm_support
1232,1447,atm_support,atm_support,atm_support
1232,1448,atm_support,atm_support,atm_support
1232,1449,atm_support,atm_support,atm_support
1232,1450,atm_support,atm_support,atm_support
1232,1451,atm_support,atm_support,atm_support
1232,1452,atm_support,atm_support,atm_support
1232,1453,atm_support,atm_support,atm_support
1232,1454,atm_support,verify_source_of_funds,verify_source_of_funds
1232,1455,atm_support,atm_support,atm_support
1232,1456,atm_support,verify_source_of_funds,verify_source_of_funds
1232,1457,atm_support,atm_support,atm_support
1232,1458,atm_support,atm_support,atm_support
1232,1459,atm_support,card_acceptance,atm_support
1232,1460,atm_support,card_acceptance,card_acceptance
1232,1461,atm_support,atm_support,atm_support
1232,1462,atm_support,atm_support,atm_support
1232,1463,atm_support,atm_support,atm_support
1232,1464,atm_support,atm_support,atm_support
1232,1465,atm_support,atm_support,atm_support
1232,1466,atm_support,card_acceptance,atm_support
1232,1467,atm_support,atm_support,atm_support
1232,1468,atm_support,atm_support,atm_support
1232,1469,atm_support,atm_support,verify_source_of_funds
1232,1470,atm_support,verify_source_of_funds,verify_source_of_funds
1232,1471,atm_support,atm_support,atm_support
1232,1472,atm_support,atm_support,atm_support
1232,1473,atm_support,atm_support,atm_support
1232,1474,atm_support,atm_support,atm_support
1232,1475,atm_support,atm_support,atm_support
1232,1476,atm_support,atm_support,atm_support
1232,1477,atm_support,card_acceptance,atm_support
1232,1478,atm_support,declined_cash_withdrawal,wrong_exchange_rate_for_cash_withdrawal
1232,1479,atm_support,atm_support,verify_source_of_funds
1232,1480,direct_debit_payment_not_recognised,direct_debit_payment_not_recognised,verify_source_of_funds
1232,1481,direct_debit_payment_not_recognised,direct_debit_payment_not_recognised,verify_source_of_funds
1232,1482,direct_debit_payment_not_recognised,direct_debit_payment_not_recognised,verify_source_of_funds
1232,1483,direct_debit_payment_not_recognised,card_payment_not_recognised,verify_source_of_funds
1232,1484,direct_debit_payment_not_recognised,extra_charge_on_statement,extra_charge_on_statement
1232,1485,direct_debit_payment_not_recognised,card_swallowed,wrong_exchange_rate_for_cash_withdrawal
1232,1486,direct_debit_payment_not_recognised,cash_withdrawal_not_recognised,verify_source_of_funds
1232,1487,direct_debit_payment_not_recognised,direct_debit_payment_not_recognised,card_payment_not_recognised
1232,1488,direct_debit_payment_not_recognised,card_payment_not_recognised,card_payment_not_recognised
1232,1489,direct_debit_payment_not_recognised,extra_charge_on_statement,wrong_exchange_rate_for_cash_withdrawal
1232,1490,direct_debit_payment_not_recognised,card_payment_not_recognised,card_payment_not_recognised
1232,1491,direct_debit_payment_not_recognised,transaction_charged_twice,wrong_exchange_rate_for_cash_withdrawal
1232,1492,direct_debit_payment_not_recognised,direct_debit_payment_not_recognised,direct_debit_payment_not_recognised
1232,1493,direct_debit_payment_not_recognised,direct_debit_payment_not_recognised,verify_source_of_funds
1232,1494,direct_debit_payment_not_recognised,direct_debit_payment_not_recognised,verify_source_of_funds
1232,1495,direct_debit_payment_not_recognised,direct_debit_payment_not_recognised,verify_source_of_funds
1232,1496,direct_debit_payment_not_recognised,direct_debit_payment_not_recognised,verify_source_of_funds
1232,1497,direct_debit_payment_not_recognised,direct_debit_payment_not_recognised,verify_source_of_funds
1232,1498,direct_debit_payment_not_recognised,direct_debit_payment_not_recognised,verify_source_of_funds
1232,1499,direct_debit_payment_not_recognised,direct_debit_payment_not_recognised,verify_source_of_funds
1232,1500,direct_debit_payment_not_recognised,direct_debit_payment_not_recognised,card_payment_wrong_exchange_rate
1232,1501,direct_debit_payment_not_recognised,card_payment_not_recognised,card_payment_not_recognised
1232,1502,direct_debit_payment_not_recognised,direct_debit_payment_not_recognised,wrong_exchange_rate_for_cash_withdrawal
1232,1503,direct_debit_payment_not_recognised,card_payment_not_recognised,card_payment_not_recognised
1232,1504,direct_debit_payment_not_recognised,direct_debit_payment_not_recognised,verify_source_of_funds
1232,1505,direct_debit_payment_not_recognised,card_payment_not_recognised,card_payment_not_recognised
1232,1506,direct_debit_payment_not_recognised,card_payment_not_recognised,card_payment_not_recognised
1232,1507,direct_debit_payment_not_recognised,direct_debit_payment_not_recognised,direct_debit_payment_not_recognised
1232,1508,direct_debit_payment_not_recognised,direct_debit_payment_not_recognised,card_payment_not_recognised
1232,1509,direct_debit_payment_not_recognised,direct_debit_payment_not_recognised,direct_debit_payment_not_recognised
1232,1510,direct_debit_payment_not_recognised,direct_debit_payment_not_recognised,wrong_exchange_rate_for_cash_withdrawal
1232,1511,direct_debit_payment_not_recognised,card_payment_not_recognised,verify_source_of_funds
1232,1512,direct_debit_payment_not_recognised,terminate_account,verify_source_of_funds
1232,1513,direct_debit_payment_not_recognised,card_payment_not_recognised,getting_virtual_card
1232,1514,direct_debit_payment_not_recognised,direct_debit_payment_not_recognised,verify_source_of_funds
1232,1515,direct_debit_payment_not_recognised,direct_debit_payment_not_recognised,verify_source_of_funds
1232,1516,direct_debit_payment_not_recognised,compromised_card,verify_source_of_funds
1232,1517,direct_debit_payment_not_recognised,card_payment_wrong_exchange_rate,card_payment_wrong_exchange_rate
1232,1518,direct_debit_payment_not_recognised,direct_debit_payment_not_recognised,verify_source_of_funds
1232,1519,direct_debit_payment_not_recognised,reverted_card_payment?,card_payment_wrong_exchange_rate
1232,1520,passcode_forgotten,passcode_forgotten,lost_or_stolen_phone
1232,1521,passcode_forgotten,passcode_forgotten,passcode_forgotten
1232,1522,passcode_forgotten,passcode_forgotten,verify_source_of_funds
1232,1523,passcode_forgotten,passcode_forgotten,virtual_card_not_working
1232,1524,passcode_forgotten,passcode_forgotten,passcode_forgotten
1232,1525,passcode_forgotten,passcode_forgotten,terminate_account
1232,1526,passcode_forgotten,passcode_forgotten,failed_transfer
1232,1527,passcode_forgotten,passcode_forgotten,failed_transfer
1232,1528,passcode_forgotten,passcode_forgotten,passcode_forgotten
1232,1529,passcode_forgotten,passcode_forgotten,passcode_forgotten
1232,1530,passcode_forgotten,change_pin,why_verify_identity
1232,1531,passcode_forgotten,passcode_forgotten,passcode_forgotten
1232,1532,passcode_forgotten,passcode_forgotten,lost_or_stolen_phone
1232,1533,passcode_forgotten,passcode_forgotten,passcode_forgotten
1232,1534,passcode_forgotten,passcode_forgotten,virtual_card_not_working
1232,1535,passcode_forgotten,passcode_forgotten,why_verify_identity
1232,1536,passcode_forgotten,passcode_forgotten,passcode_forgotten
1232,1537,passcode_forgotten,passcode_forgotten,passcode_forgotten
1232,1538,passcode_forgotten,passcode_forgotten,passcode_forgotten
1232,1539,passcode_forgotten,passcode_forgotten,lost_or_stolen_phone
1232,1540,passcode_forgotten,passcode_forgotten,lost_or_stolen_phone
1232,1541,passcode_forgotten,passcode_forgotten,passcode_forgotten
1232,1542,passcode_forgotten,passcode_forgotten,passcode_forgotten
1232,1543,passcode_forgotten,passcode_forgotten,lost_or_stolen_phone
1232,1544,passcode_forgotten,verify_my_identity,why_verify_identity
1232,1545,passcode_forgotten,passcode_forgotten,passcode_forgotten
1232,1546,passcode_forgotten,passcode_forgotten,lost_or_stolen_phone
1232,1547,passcode_forgotten,passcode_forgotten,passcode_forgotten
1232,1548,passcode_forgotten,passcode_forgotten,lost_or_stolen_phone
1232,1549,passcode_forgotten,passcode_forgotten,passcode_forgotten
1232,1550,passcode_forgotten,passcode_forgotten,lost_or_stolen_phone
1232,1551,passcode_forgotten,passcode_forgotten,passcode_forgotten
1232,1552,passcode_forgotten,passcode_forgotten,passcode_forgotten
1232,1553,passcode_forgotten,passcode_forgotten,lost_or_stolen_phone
1232,1554,passcode_forgotten,passcode_forgotten,virtual_card_not_working
1232,1555,passcode_forgotten,passcode_forgotten,passcode_forgotten
1232,1556,passcode_forgotten,passcode_forgotten,unable_to_verify_identity
1232,1557,passcode_forgotten,passcode_forgotten,lost_or_stolen_phone
1232,1558,passcode_forgotten,passcode_forgotten,passcode_forgotten
1232,1559,passcode_forgotten,getting_virtual_card,getting_virtual_card
1232,1560,declined_cash_withdrawal,pin_blocked,declined_cash_withdrawal
1232,1561,declined_cash_withdrawal,terminate_account,declined_cash_withdrawal
1232,1562,declined_cash_withdrawal,card_not_working,card_not_working
1232,1563,declined_cash_withdrawal,declined_cash_withdrawal,declined_cash_withdrawal
1232,1564,declined_cash_withdrawal,declined_cash_withdrawal,declined_cash_withdrawal
1232,1565,declined_cash_withdrawal,declined_cash_withdrawal,declined_cash_withdrawal
1232,1566,declined_cash_withdrawal,declined_cash_withdrawal,declined_cash_withdrawal
1232,1567,declined_cash_withdrawal,declined_cash_withdrawal,declined_cash_withdrawal
1232,1568,declined_cash_withdrawal,declined_cash_withdrawal,verify_source_of_funds
1232,1569,declined_cash_withdrawal,declined_cash_withdrawal,declined_cash_withdrawal
1232,1570,declined_cash_withdrawal,declined_cash_withdrawal,declined_cash_withdrawal
1232,1571,declined_cash_withdrawal,declined_cash_withdrawal,declined_cash_withdrawal
1232,1572,declined_cash_withdrawal,declined_cash_withdrawal,declined_cash_withdrawal
1232,1573,declined_cash_withdrawal,declined_cash_withdrawal,declined_cash_withdrawal
1232,1574,declined_cash_withdrawal,declined_cash_withdrawal,declined_cash_withdrawal
1232,1575,declined_cash_withdrawal,declined_cash_withdrawal,declined_transfer
1232,1576,declined_cash_withdrawal,declined_cash_withdrawal,declined_cash_withdrawal
1232,1577,declined_cash_withdrawal,declined_cash_withdrawal,declined_cash_withdrawal
1232,1578,declined_cash_withdrawal,declined_cash_withdrawal,declined_cash_withdrawal
1232,1579,declined_cash_withdrawal,declined_cash_withdrawal,declined_cash_withdrawal
1232,1580,declined_cash_withdrawal,declined_cash_withdrawal,declined_cash_withdrawal
1232,1581,declined_cash_withdrawal,declined_cash_withdrawal,declined_cash_withdrawal
1232,1582,declined_cash_withdrawal,declined_cash_withdrawal,declined_cash_withdrawal
1232,1583,declined_cash_withdrawal,declined_cash_withdrawal,declined_cash_withdrawal
1232,1584,declined_cash_withdrawal,declined_cash_withdrawal,declined_cash_withdrawal
1232,1585,declined_cash_withdrawal,declined_cash_withdrawal,declined_cash_withdrawal
1232,1586,declined_cash_withdrawal,declined_cash_withdrawal,declined_cash_withdrawal
1232,1587,declined_cash_withdrawal,declined_cash_withdrawal,declined_cash_withdrawal
1232,1588,declined_cash_withdrawal,declined_cash_withdrawal,declined_cash_withdrawal
1232,1589,declined_cash_withdrawal,declined_cash_withdrawal,declined_cash_withdrawal
1232,1590,declined_cash_withdrawal,declined_cash_withdrawal,declined_cash_withdrawal
1232,1591,declined_cash_withdrawal,declined_cash_withdrawal,declined_cash_withdrawal
1232,1592,declined_cash_withdrawal,declined_cash_withdrawal,declined_cash_withdrawal
1232,1593,declined_cash_withdrawal,declined_cash_withdrawal,declined_cash_withdrawal
1232,1594,declined_cash_withdrawal,declined_cash_withdrawal,declined_cash_withdrawal
1232,1595,declined_cash_withdrawal,declined_cash_withdrawal,declined_cash_withdrawal
1232,1596,declined_cash_withdrawal,declined_cash_withdrawal,declined_cash_withdrawal
1232,1597,declined_cash_withdrawal,declined_cash_withdrawal,declined_cash_withdrawal
1232,1598,declined_cash_withdrawal,declined_cash_withdrawal,declined_cash_withdrawal
1232,1599,declined_cash_withdrawal,declined_cash_withdrawal,declined_cash_withdrawal
1232,1600,pending_card_payment,pending_card_payment,pending_card_payment
1232,1601,pending_card_payment,pending_card_payment,pending_card_payment
1232,1602,pending_card_payment,pending_card_payment,pending_card_payment
1232,1603,pending_card_payment,pending_card_payment,getting_virtual_card
1232,1604,pending_card_payment,pending_card_payment,pending_card_payment
1232,1605,pending_card_payment,pending_card_payment,pending_card_payment
1232,1606,pending_card_payment,pending_card_payment,pending_card_payment
1232,1607,pending_card_payment,pending_card_payment,pending_card_payment
1232,1608,pending_card_payment,pending_card_payment,pending_card_payment
1232,1609,pending_card_payment,pending_card_payment,pending_card_payment
1232,1610,pending_card_payment,pending_card_payment,pending_card_payment
1232,1611,pending_card_payment,pending_card_payment,pending_card_payment
1232,1612,pending_card_payment,pending_card_payment,pending_card_payment
1232,1613,pending_card_payment,pending_card_payment,pending_card_payment
1232,1614,pending_card_payment,pending_card_payment,pending_card_payment
1232,1615,pending_card_payment,pending_card_payment,pending_card_payment
1232,1616,pending_card_payment,pending_card_payment,pending_card_payment
1232,1617,pending_card_payment,pending_card_payment,pending_card_payment
1232,1618,pending_card_payment,pending_card_payment,pending_card_payment
1232,1619,pending_card_payment,pending_card_payment,pending_card_payment
1232,1620,pending_card_payment,pending_card_payment,pending_card_payment
1232,1621,pending_card_payment,pending_card_payment,pending_card_payment
1232,1622,pending_card_payment,card_arrival,getting_virtual_card
1232,1623,pending_card_payment,pending_card_payment,pending_card_payment
1232,1624,pending_card_payment,pending_card_payment,pending_card_payment
1232,1625,pending_card_payment,pending_card_payment,pending_card_payment
1232,1626,pending_card_payment,Refund_not_showing_up,Refund_not_showing_up
1232,1627,pending_card_payment,pending_card_payment,pending_card_payment
1232,1628,pending_card_payment,pending_card_payment,pending_card_payment
1232,1629,pending_card_payment,pending_card_payment,pending_card_payment
1232,1630,pending_card_payment,pending_card_payment,pending_card_payment
1232,1631,pending_card_payment,pending_card_payment,pending_card_payment
1232,1632,pending_card_payment,pending_card_payment,pending_card_payment
1232,1633,pending_card_payment,pending_card_payment,pending_card_payment
1232,1634,pending_card_payment,pending_card_payment,verify_source_of_funds
1232,1635,pending_card_payment,pending_card_payment,pending_card_payment
1232,1636,pending_card_payment,pending_card_payment,pending_cash_withdrawal
1232,1637,pending_card_payment,pending_card_payment,pending_card_payment
1232,1638,pending_card_payment,pending_card_payment,pending_card_payment
1232,1639,pending_card_payment,pending_card_payment,pending_card_payment
1232,1640,lost_or_stolen_phone,lost_or_stolen_phone,lost_or_stolen_phone
1232,1641,lost_or_stolen_phone,lost_or_stolen_phone,lost_or_stolen_phone
1232,1642,lost_or_stolen_phone,lost_or_stolen_phone,lost_or_stolen_phone
1232,1643,lost_or_stolen_phone,lost_or_stolen_phone,lost_or_stolen_phone
1232,1644,lost_or_stolen_phone,lost_or_stolen_phone,lost_or_stolen_phone
1232,1645,lost_or_stolen_phone,lost_or_stolen_phone,lost_or_stolen_phone
1232,1646,lost_or_stolen_phone,lost_or_stolen_phone,lost_or_stolen_phone
1232,1647,lost_or_stolen_phone,lost_or_stolen_phone,lost_or_stolen_phone
1232,1648,lost_or_stolen_phone,lost_or_stolen_card,lost_or_stolen_phone
1232,1649,lost_or_stolen_phone,lost_or_stolen_phone,lost_or_stolen_phone
1232,1650,lost_or_stolen_phone,lost_or_stolen_phone,lost_or_stolen_phone
1232,1651,lost_or_stolen_phone,lost_or_stolen_phone,lost_or_stolen_phone
1232,1652,lost_or_stolen_phone,lost_or_stolen_phone,lost_or_stolen_phone
1232,1653,lost_or_stolen_phone,lost_or_stolen_phone,lost_or_stolen_phone
1232,1654,lost_or_stolen_phone,lost_or_stolen_phone,lost_or_stolen_phone
1232,1655,lost_or_stolen_phone,lost_or_stolen_phone,lost_or_stolen_phone
1232,1656,lost_or_stolen_phone,lost_or_stolen_phone,lost_or_stolen_phone
1232,1657,lost_or_stolen_phone,terminate_account,lost_or_stolen_phone
1232,1658,lost_or_stolen_phone,terminate_account,lost_or_stolen_phone
1232,1659,lost_or_stolen_phone,lost_or_stolen_phone,lost_or_stolen_phone
1232,1660,lost_or_stolen_phone,lost_or_stolen_phone,lost_or_stolen_phone
1232,1661,lost_or_stolen_phone,lost_or_stolen_phone,lost_or_stolen_phone
1232,1662,lost_or_stolen_phone,lost_or_stolen_phone,lost_or_stolen_phone
1232,1663,lost_or_stolen_phone,cash_withdrawal_not_recognised,verify_source_of_funds
1232,1664,lost_or_stolen_phone,lost_or_stolen_phone,lost_or_stolen_phone
1232,1665,lost_or_stolen_phone,lost_or_stolen_phone,lost_or_stolen_phone
1232,1666,lost_or_stolen_phone,lost_or_stolen_phone,lost_or_stolen_phone
1232,1667,lost_or_stolen_phone,lost_or_stolen_phone,lost_or_stolen_phone
1232,1668,lost_or_stolen_phone,lost_or_stolen_phone,lost_or_stolen_phone
1232,1669,lost_or_stolen_phone,lost_or_stolen_phone,lost_or_stolen_phone
1232,1670,lost_or_stolen_phone,lost_or_stolen_phone,lost_or_stolen_phone
1232,1671,lost_or_stolen_phone,lost_or_stolen_phone,lost_or_stolen_phone
1232,1672,lost_or_stolen_phone,lost_or_stolen_card,lost_or_stolen_card
1232,1673,lost_or_stolen_phone,lost_or_stolen_phone,lost_or_stolen_phone
1232,1674,lost_or_stolen_phone,lost_or_stolen_phone,lost_or_stolen_phone
1232,1675,lost_or_stolen_phone,lost_or_stolen_phone,lost_or_stolen_phone
1232,1676,lost_or_stolen_phone,lost_or_stolen_phone,lost_or_stolen_phone
1232,1677,lost_or_stolen_phone,lost_or_stolen_phone,lost_or_stolen_phone
1232,1678,lost_or_stolen_phone,lost_or_stolen_phone,lost_or_stolen_phone
1232,1679,lost_or_stolen_phone,lost_or_stolen_phone,lost_or_stolen_phone
1232,1680,request_refund,pending_card_payment,request_refund
1232,1681,request_refund,request_refund,request_refund
1232,1682,request_refund,request_refund,request_refund
1232,1683,request_refund,request_refund,request_refund
1232,1684,request_refund,request_refund,request_refund
1232,1685,request_refund,request_refund,request_refund
1232,1686,request_refund,request_refund,request_refund
1232,1687,request_refund,request_refund,request_refund
1232,1688,request_refund,request_refund,request_refund
1232,1689,request_refund,request_refund,card_payment_wrong_exchange_rate
1232,1690,request_refund,request_refund,request_refund
1232,1691,request_refund,request_refund,request_refund
1232,1692,request_refund,request_refund,request_refund
1232,1693,request_refund,Refund_not_showing_up,Refund_not_showing_up
1232,1694,request_refund,request_refund,request_refund
1232,1695,request_refund,reverted_card_payment?,card_payment_not_recognised
1232,1696,request_refund,Refund_not_showing_up,request_refund
1232,1697,request_refund,request_refund,request_refund
1232,1698,request_refund,request_refund,request_refund
1232,1699,request_refund,request_refund,request_refund
1232,1700,request_refund,Refund_not_showing_up,Refund_not_showing_up
1232,1701,request_refund,request_refund,request_refund
1232,1702,request_refund,request_refund,request_refund
1232,1703,request_refund,request_refund,request_refund
1232,1704,request_refund,Refund_not_showing_up,Refund_not_showing_up
1232,1705,request_refund,request_refund,request_refund
1232,1706,request_refund,request_refund,request_refund
1232,1707,request_refund,request_refund,request_refund
1232,1708,request_refund,request_refund,request_refund
1232,1709,request_refund,terminate_account,terminate_account
1232,1710,request_refund,request_refund,request_refund
1232,1711,request_refund,request_refund,request_refund
1232,1712,request_refund,reverted_card_payment?,card_payment_not_recognised
1232,1713,request_refund,request_refund,request_refund
1232,1714,request_refund,request_refund,request_refund
1232,1715,request_refund,Refund_not_showing_up,Refund_not_showing_up
1232,1716,request_refund,request_refund,request_refund
1232,1717,request_refund,request_refund,request_refund
1232,1718,request_refund,request_refund,request_refund
1232,1719,request_refund,request_refund,request_refund
1232,1720,declined_transfer,declined_transfer,declined_transfer
1232,1721,declined_transfer,declined_card_payment,declined_card_payment
1232,1722,declined_transfer,failed_transfer,failed_transfer
1232,1723,declined_transfer,declined_transfer,declined_transfer
1232,1724,declined_transfer,declined_transfer,declined_transfer
1232,1725,declined_transfer,declined_transfer,declined_transfer
1232,1726,declined_transfer,declined_card_payment,declined_card_payment
1232,1727,declined_transfer,declined_transfer,declined_transfer
1232,1728,declined_transfer,declined_transfer,declined_transfer
1232,1729,declined_transfer,declined_transfer,declined_transfer
1232,1730,declined_transfer,declined_card_payment,declined_card_payment
1232,1731,declined_transfer,declined_transfer,declined_transfer
1232,1732,declined_transfer,declined_transfer,declined_transfer
1232,1733,declined_transfer,declined_transfer,declined_transfer
1232,1734,declined_transfer,beneficiary_not_allowed,beneficiary_not_allowed
1232,1735,declined_transfer,declined_transfer,declined_transfer
1232,1736,declined_transfer,beneficiary_not_allowed,beneficiary_not_allowed
1232,1737,declined_transfer,beneficiary_not_allowed,beneficiary_not_allowed
1232,1738,declined_transfer,declined_transfer,declined_transfer
1232,1739,declined_transfer,declined_card_payment,declined_card_payment
1232,1740,declined_transfer,declined_transfer,declined_transfer
1232,1741,declined_transfer,declined_transfer,declined_transfer
1232,1742,declined_transfer,declined_transfer,declined_transfer
1232,1743,declined_transfer,declined_transfer,declined_transfer
1232,1744,declined_transfer,declined_transfer,declined_transfer
1232,1745,declined_transfer,declined_transfer,declined_transfer
1232,1746,declined_transfer,declined_transfer,declined_transfer
1232,1747,declined_transfer,declined_transfer,declined_transfer
1232,1748,declined_transfer,declined_transfer,declined_transfer
1232,1749,declined_transfer,declined_transfer,declined_transfer
1232,1750,declined_transfer,declined_transfer,declined_transfer
1232,1751,declined_transfer,declined_transfer,declined_transfer
1232,1752,declined_transfer,beneficiary_not_allowed,beneficiary_not_allowed
1232,1753,declined_transfer,declined_transfer,declined_transfer
1232,1754,declined_transfer,declined_card_payment,declined_card_payment
1232,1755,declined_transfer,declined_card_payment,declined_card_payment
1232,1756,declined_transfer,declined_card_payment,declined_card_payment
1232,1757,declined_transfer,declined_transfer,declined_transfer
1232,1758,declined_transfer,declined_card_payment,declined_card_payment
1232,1759,declined_transfer,declined_transfer,declined_transfer
1232,1760,Refund_not_showing_up,Refund_not_showing_up,Refund_not_showing_up
1232,1761,Refund_not_showing_up,Refund_not_showing_up,Refund_not_showing_up
1232,1762,Refund_not_showing_up,Refund_not_showing_up,Refund_not_showing_up
1232,1763,Refund_not_showing_up,Refund_not_showing_up,verify_source_of_funds
1232,1764,Refund_not_showing_up,Refund_not_showing_up,Refund_not_showing_up
1232,1765,Refund_not_showing_up,Refund_not_showing_up,Refund_not_showing_up
1232,1766,Refund_not_showing_up,Refund_not_showing_up,request_refund
1232,1767,Refund_not_showing_up,Refund_not_showing_up,Refund_not_showing_up
1232,1768,Refund_not_showing_up,Refund_not_showing_up,cash_withdrawal_not_recognised
1232,1769,Refund_not_showing_up,Refund_not_showing_up,Refund_not_showing_up
1232,1770,Refund_not_showing_up,Refund_not_showing_up,Refund_not_showing_up
1232,1771,Refund_not_showing_up,Refund_not_showing_up,Refund_not_showing_up
1232,1772,Refund_not_showing_up,Refund_not_showing_up,Refund_not_showing_up
1232,1773,Refund_not_showing_up,Refund_not_showing_up,card_payment_wrong_exchange_rate
1232,1774,Refund_not_showing_up,Refund_not_showing_up,Refund_not_showing_up
1232,1775,Refund_not_showing_up,request_refund,card_payment_wrong_exchange_rate
1232,1776,Refund_not_showing_up,Refund_not_showing_up,Refund_not_showing_up
1232,1777,Refund_not_showing_up,Refund_not_showing_up,Refund_not_showing_up
1232,1778,Refund_not_showing_up,Refund_not_showing_up,verify_source_of_funds
1232,1779,Refund_not_showing_up,Refund_not_showing_up,Refund_not_showing_up
1232,1780,Refund_not_showing_up,Refund_not_showing_up,card_payment_not_recognised
1232,1781,Refund_not_showing_up,Refund_not_showing_up,Refund_not_showing_up
1232,1782,Refund_not_showing_up,Refund_not_showing_up,Refund_not_showing_up
1232,1783,Refund_not_showing_up,Refund_not_showing_up,Refund_not_showing_up
1232,1784,Refund_not_showing_up,Refund_not_showing_up,request_refund
1232,1785,Refund_not_showing_up,Refund_not_showing_up,Refund_not_showing_up
1232,1786,Refund_not_showing_up,Refund_not_showing_up,request_refund
1232,1787,Refund_not_showing_up,Refund_not_showing_up,Refund_not_showing_up
1232,1788,Refund_not_showing_up,Refund_not_showing_up,Refund_not_showing_up
1232,1789,Refund_not_showing_up,Refund_not_showing_up,Refund_not_showing_up
1232,1790,Refund_not_showing_up,Refund_not_showing_up,Refund_not_showing_up
1232,1791,Refund_not_showing_up,Refund_not_showing_up,verify_source_of_funds
1232,1792,Refund_not_showing_up,Refund_not_showing_up,Refund_not_showing_up
1232,1793,Refund_not_showing_up,Refund_not_showing_up,Refund_not_showing_up
1232,1794,Refund_not_showing_up,Refund_not_showing_up,verify_source_of_funds
1232,1795,Refund_not_showing_up,Refund_not_showing_up,verify_source_of_funds
1232,1796,Refund_not_showing_up,Refund_not_showing_up,Refund_not_showing_up
1232,1797,Refund_not_showing_up,Refund_not_showing_up,Refund_not_showing_up
1232,1798,Refund_not_showing_up,Refund_not_showing_up,Refund_not_showing_up
1232,1799,Refund_not_showing_up,Refund_not_showing_up,Refund_not_showing_up
1232,1800,declined_card_payment,declined_card_payment,declined_card_payment
1232,1801,declined_card_payment,declined_card_payment,declined_card_payment
1232,1802,declined_card_payment,declined_card_payment,declined_card_payment
1232,1803,declined_card_payment,declined_card_payment,declined_card_payment
1232,1804,declined_card_payment,reverted_card_payment?,card_payment_wrong_exchange_rate
1232,1805,declined_card_payment,declined_card_payment,declined_card_payment
1232,1806,declined_card_payment,declined_card_payment,declined_card_payment
1232,1807,declined_card_payment,declined_card_payment,declined_card_payment
1232,1808,declined_card_payment,declined_card_payment,declined_card_payment
1232,1809,declined_card_payment,declined_card_payment,declined_card_payment
1232,1810,declined_card_payment,declined_card_payment,declined_card_payment
1232,1811,declined_card_payment,declined_card_payment,declined_card_payment
1232,1812,declined_card_payment,declined_card_payment,declined_card_payment
1232,1813,declined_card_payment,pending_card_payment,verify_source_of_funds
1232,1814,declined_card_payment,declined_card_payment,virtual_card_not_working
1232,1815,declined_card_payment,pending_card_payment,pending_card_payment
1232,1816,declined_card_payment,declined_card_payment,declined_card_payment
1232,1817,declined_card_payment,declined_card_payment,declined_card_payment
1232,1818,declined_card_payment,reverted_card_payment?,declined_transfer
1232,1819,declined_card_payment,declined_card_payment,declined_card_payment
1232,1820,declined_card_payment,pending_card_payment,declined_card_payment
1232,1821,declined_card_payment,declined_card_payment,declined_card_payment
1232,1822,declined_card_payment,declined_cash_withdrawal,declined_cash_withdrawal
1232,1823,declined_card_payment,declined_card_payment,declined_card_payment
1232,1824,declined_card_payment,pending_card_payment,declined_card_payment
1232,1825,declined_card_payment,declined_card_payment,declined_card_payment
1232,1826,declined_card_payment,declined_card_payment,declined_card_payment
1232,1827,declined_card_payment,declined_card_payment,declined_card_payment
1232,1828,declined_card_payment,declined_card_payment,declined_card_payment
1232,1829,declined_card_payment,declined_card_payment,declined_card_payment
1232,1830,declined_card_payment,declined_card_payment,declined_card_payment
1232,1831,declined_card_payment,declined_card_payment,declined_card_payment
1232,1832,declined_card_payment,declined_card_payment,declined_card_payment
1232,1833,declined_card_payment,declined_card_payment,declined_card_payment
1232,1834,declined_card_payment,reverted_card_payment?,card_payment_not_recognised
1232,1835,declined_card_payment,declined_card_payment,virtual_card_not_working
1232,1836,declined_card_payment,declined_card_payment,declined_card_payment
1232,1837,declined_card_payment,declined_card_payment,declined_card_payment
1232,1838,declined_card_payment,card_not_working,card_not_working
1232,1839,declined_card_payment,declined_card_payment,declined_card_payment
1232,1840,pending_transfer,beneficiary_not_allowed,beneficiary_not_allowed
1232,1841,pending_transfer,transfer_timing,transfer_timing
1232,1842,pending_transfer,beneficiary_not_allowed,beneficiary_not_allowed
1232,1843,pending_transfer,pending_transfer,beneficiary_not_allowed
1232,1844,pending_transfer,balance_not_updated_after_bank_transfer,balance_not_updated_after_bank_transfer
1232,1845,pending_transfer,balance_not_updated_after_bank_transfer,balance_not_updated_after_bank_transfer
1232,1846,pending_transfer,transfer_timing,transfer_timing
1232,1847,pending_transfer,pending_transfer,failed_transfer
1232,1848,pending_transfer,beneficiary_not_allowed,balance_not_updated_after_bank_transfer
1232,1849,pending_transfer,pending_transfer,beneficiary_not_allowed
1232,1850,pending_transfer,pending_transfer,failed_transfer
1232,1851,pending_transfer,transfer_timing,transfer_timing
1232,1852,pending_transfer,beneficiary_not_allowed,beneficiary_not_allowed
1232,1853,pending_transfer,pending_transfer,failed_transfer
1232,1854,pending_transfer,pending_transfer,beneficiary_not_allowed
1232,1855,pending_transfer,failed_transfer,failed_transfer
1232,1856,pending_transfer,transfer_timing,transfer_timing
1232,1857,pending_transfer,transfer_timing,transfer_timing
1232,1858,pending_transfer,beneficiary_not_allowed,beneficiary_not_allowed
1232,1859,pending_transfer,transfer_timing,transfer_timing
1232,1860,pending_transfer,pending_transfer,beneficiary_not_allowed
1232,1861,pending_transfer,pending_transfer,beneficiary_not_allowed
1232,1862,pending_transfer,transfer_timing,transfer_timing
1232,1863,pending_transfer,transfer_timing,transfer_timing
1232,1864,pending_transfer,transfer_timing,transfer_timing
1232,1865,pending_transfer,transfer_timing,transfer_timing
1232,1866,pending_transfer,pending_card_payment,pending_card_payment
1232,1867,pending_transfer,balance_not_updated_after_bank_transfer,balance_not_updated_after_bank_transfer
1232,1868,pending_transfer,transfer_timing,transfer_timing
1232,1869,pending_transfer,pending_card_payment,beneficiary_not_allowed
1232,1870,pending_transfer,pending_card_payment,beneficiary_not_allowed
1232,1871,pending_transfer,transfer_timing,transfer_timing
1232,1872,pending_transfer,transfer_timing,transfer_timing
1232,1873,pending_transfer,pending_transfer,balance_not_updated_after_bank_transfer
1232,1874,pending_transfer,failed_transfer,failed_transfer
1232,1875,pending_transfer,top_up_by_bank_transfer_charge,top_up_by_bank_transfer_charge
1232,1876,pending_transfer,balance_not_updated_after_bank_transfer,balance_not_updated_after_bank_transfer
1232,1877,pending_transfer,beneficiary_not_allowed,balance_not_updated_after_bank_transfer
1232,1878,pending_transfer,beneficiary_not_allowed,beneficiary_not_allowed
1232,1879,pending_transfer,transfer_timing,transfer_timing
1232,1880,terminate_account,terminate_account,terminate_account
1232,1881,terminate_account,terminate_account,terminate_account
1232,1882,terminate_account,terminate_account,terminate_account
1232,1883,terminate_account,terminate_account,terminate_account
1232,1884,terminate_account,terminate_account,terminate_account
1232,1885,terminate_account,terminate_account,terminate_account
1232,1886,terminate_account,terminate_account,terminate_account
1232,1887,terminate_account,terminate_account,terminate_account
1232,1888,terminate_account,terminate_account,terminate_account
1232,1889,terminate_account,terminate_account,terminate_account
1232,1890,terminate_account,terminate_account,terminate_account
1232,1891,terminate_account,terminate_account,terminate_account
1232,1892,terminate_account,terminate_account,terminate_account
1232,1893,terminate_account,terminate_account,terminate_account
1232,1894,terminate_account,terminate_account,terminate_account
1232,1895,terminate_account,terminate_account,terminate_account
1232,1896,terminate_account,terminate_account,terminate_account
1232,1897,terminate_account,terminate_account,terminate_account
1232,1898,terminate_account,terminate_account,terminate_account
1232,1899,terminate_account,terminate_account,terminate_account
1232,1900,terminate_account,terminate_account,terminate_account
1232,1901,terminate_account,terminate_account,terminate_account
1232,1902,terminate_account,terminate_account,terminate_account
1232,1903,terminate_account,terminate_account,terminate_account
1232,1904,terminate_account,terminate_account,terminate_account
1232,1905,terminate_account,terminate_account,terminate_account
1232,1906,terminate_account,terminate_account,terminate_account
1232,1907,terminate_account,terminate_account,terminate_account
1232,1908,terminate_account,terminate_account,terminate_account
1232,1909,terminate_account,terminate_account,terminate_account
1232,1910,terminate_account,terminate_account,terminate_account
1232,1911,terminate_account,terminate_account,terminate_account
1232,1912,terminate_account,terminate_account,terminate_account
1232,1913,terminate_account,terminate_account,terminate_account
1232,1914,terminate_account,terminate_account,terminate_account
1232,1915,terminate_account,terminate_account,terminate_account
1232,1916,terminate_account,terminate_account,terminate_account
1232,1917,terminate_account,terminate_account,terminate_account
1232,1918,terminate_account,terminate_account,terminate_account
1232,1919,terminate_account,terminate_account,terminate_account
1232,1920,card_swallowed,card_swallowed,card_swallowed
1232,1921,card_swallowed,card_swallowed,getting_virtual_card
1232,1922,card_swallowed,card_swallowed,declined_cash_withdrawal
1232,1923,card_swallowed,card_swallowed,card_swallowed
1232,1924,card_swallowed,card_swallowed,card_swallowed
1232,1925,card_swallowed,card_swallowed,card_swallowed
1232,1926,card_swallowed,card_swallowed,card_swallowed
1232,1927,card_swallowed,card_swallowed,card_swallowed
1232,1928,card_swallowed,card_swallowed,declined_cash_withdrawal
1232,1929,card_swallowed,card_swallowed,card_swallowed
1232,1930,card_swallowed,card_swallowed,card_swallowed
1232,1931,card_swallowed,card_swallowed,card_not_working
1232,1932,card_swallowed,card_swallowed,card_swallowed
1232,1933,card_swallowed,card_swallowed,card_swallowed
1232,1934,card_swallowed,card_swallowed,card_swallowed
1232,1935,card_swallowed,card_swallowed,card_swallowed
1232,1936,card_swallowed,card_swallowed,card_swallowed
1232,1937,card_swallowed,card_swallowed,card_swallowed
1232,1938,card_swallowed,card_swallowed,card_swallowed
1232,1939,card_swallowed,card_swallowed,card_swallowed
1232,1940,card_swallowed,card_swallowed,card_swallowed
1232,1941,card_swallowed,card_swallowed,card_swallowed
1232,1942,card_swallowed,card_swallowed,card_swallowed
1232,1943,card_swallowed,card_swallowed,card_swallowed
1232,1944,card_swallowed,card_swallowed,card_swallowed
1232,1945,card_swallowed,card_swallowed,card_swallowed
1232,1946,card_swallowed,card_swallowed,card_swallowed
1232,1947,card_swallowed,card_swallowed,card_swallowed
1232,1948,card_swallowed,card_swallowed,card_swallowed
1232,1949,card_swallowed,card_swallowed,card_swallowed
1232,1950,card_swallowed,card_swallowed,declined_cash_withdrawal
1232,1951,card_swallowed,card_swallowed,card_swallowed
1232,1952,card_swallowed,card_swallowed,card_swallowed
1232,1953,card_swallowed,declined_cash_withdrawal,declined_cash_withdrawal
1232,1954,card_swallowed,card_swallowed,card_swallowed
1232,1955,card_swallowed,card_swallowed,card_swallowed
1232,1956,card_swallowed,card_swallowed,card_swallowed
1232,1957,card_swallowed,card_swallowed,card_swallowed
1232,1958,card_swallowed,card_swallowed,declined_cash_withdrawal
1232,1959,card_swallowed,card_swallowed,card_swallowed
1232,1960,transaction_charged_twice,transaction_charged_twice,card_payment_fee_charged
1232,1961,transaction_charged_twice,pending_cash_withdrawal,wrong_exchange_rate_for_cash_withdrawal
1232,1962,transaction_charged_twice,card_payment_fee_charged,card_payment_fee_charged
1232,1963,transaction_charged_twice,transaction_charged_twice,card_payment_fee_charged
1232,1964,transaction_charged_twice,request_refund,card_payment_wrong_exchange_rate
1232,1965,transaction_charged_twice,transaction_charged_twice,card_payment_fee_charged
1232,1966,transaction_charged_twice,card_payment_fee_charged,card_payment_fee_charged
1232,1967,transaction_charged_twice,transaction_charged_twice,card_payment_fee_charged
1232,1968,transaction_charged_twice,transaction_charged_twice,wrong_exchange_rate_for_cash_withdrawal
1232,1969,transaction_charged_twice,transaction_charged_twice,wrong_exchange_rate_for_cash_withdrawal
1232,1970,transaction_charged_twice,transaction_charged_twice,transaction_charged_twice
1232,1971,transaction_charged_twice,transaction_charged_twice,transaction_charged_twice
1232,1972,transaction_charged_twice,transaction_charged_twice,wrong_exchange_rate_for_cash_withdrawal
1232,1973,transaction_charged_twice,transaction_charged_twice,card_payment_fee_charged
1232,1974,transaction_charged_twice,transaction_charged_twice,wrong_exchange_rate_for_cash_withdrawal
1232,1975,transaction_charged_twice,transaction_charged_twice,transaction_charged_twice
1232,1976,transaction_charged_twice,transaction_charged_twice,exchange_rate
1232,1977,transaction_charged_twice,transaction_charged_twice,card_payment_wrong_exchange_rate
1232,1978,transaction_charged_twice,card_payment_fee_charged,card_payment_fee_charged
1232,1979,transaction_charged_twice,transaction_charged_twice,card_payment_fee_charged
1232,1980,transaction_charged_twice,transaction_charged_twice,card_payment_fee_charged
1232,1981,transaction_charged_twice,transaction_charged_twice,card_payment_fee_charged
1232,1982,transaction_charged_twice,transaction_charged_twice,transaction_charged_twice
1232,1983,transaction_charged_twice,transaction_charged_twice,card_payment_not_recognised
1232,1984,transaction_charged_twice,transaction_charged_twice,transaction_charged_twice
1232,1985,transaction_charged_twice,transaction_charged_twice,wrong_exchange_rate_for_cash_withdrawal
1232,1986,transaction_charged_twice,transaction_charged_twice,transaction_charged_twice
1232,1987,transaction_charged_twice,transaction_charged_twice,card_payment_fee_charged
1232,1988,transaction_charged_twice,transaction_charged_twice,verify_source_of_funds
1232,1989,transaction_charged_twice,transaction_charged_twice,transaction_charged_twice
1232,1990,transaction_charged_twice,transaction_charged_twice,transaction_charged_twice
1232,1991,transaction_charged_twice,transaction_charged_twice,transaction_charged_twice
1232,1992,transaction_charged_twice,transaction_charged_twice,transaction_charged_twice
1232,1993,transaction_charged_twice,transaction_charged_twice,declined_card_payment
1232,1994,transaction_charged_twice,transaction_charged_twice,wrong_exchange_rate_for_cash_withdrawal
1232,1995,transaction_charged_twice,transaction_charged_twice,transaction_charged_twice
1232,1996,transaction_charged_twice,transaction_charged_twice,wrong_exchange_rate_for_cash_withdrawal
1232,1997,transaction_charged_twice,transaction_charged_twice,transaction_charged_twice
1232,1998,transaction_charged_twice,transaction_charged_twice,card_payment_wrong_exchange_rate
1232,1999,transaction_charged_twice,transaction_charged_twice,card_payment_fee_charged
1232,2000,verify_source_of_funds,verify_source_of_funds,verify_source_of_funds
1232,2001,verify_source_of_funds,verify_source_of_funds,verify_source_of_funds
1232,2002,verify_source_of_funds,verify_source_of_funds,verify_source_of_funds
1232,2003,verify_source_of_funds,verify_source_of_funds,verify_source_of_funds
1232,2004,verify_source_of_funds,verify_source_of_funds,verify_source_of_funds
1232,2005,verify_source_of_funds,verify_source_of_funds,verify_source_of_funds
1232,2006,verify_source_of_funds,verify_source_of_funds,verify_source_of_funds
1232,2007,verify_source_of_funds,verify_source_of_funds,verify_source_of_funds
1232,2008,verify_source_of_funds,verify_source_of_funds,verify_source_of_funds
1232,2009,verify_source_of_funds,verify_source_of_funds,verify_source_of_funds
1232,2010,verify_source_of_funds,verify_source_of_funds,verify_source_of_funds
1232,2011,verify_source_of_funds,verify_source_of_funds,verify_source_of_funds
1232,2012,verify_source_of_funds,verify_source_of_funds,verify_source_of_funds
1232,2013,verify_source_of_funds,verify_source_of_funds,verify_source_of_funds
1232,2014,verify_source_of_funds,verify_source_of_funds,verify_source_of_funds
1232,2015,verify_source_of_funds,verify_source_of_funds,verify_source_of_funds
1232,2016,verify_source_of_funds,verify_source_of_funds,verify_source_of_funds
1232,2017,verify_source_of_funds,verify_source_of_funds,verify_source_of_funds
1232,2018,verify_source_of_funds,verify_source_of_funds,verify_source_of_funds
1232,2019,verify_source_of_funds,verify_source_of_funds,verify_source_of_funds
1232,2020,verify_source_of_funds,verify_source_of_funds,verify_source_of_funds
1232,2021,verify_source_of_funds,verify_source_of_funds,verify_source_of_funds
1232,2022,verify_source_of_funds,verify_source_of_funds,verify_source_of_funds
1232,2023,verify_source_of_funds,verify_source_of_funds,verify_source_of_funds
1232,2024,verify_source_of_funds,verify_source_of_funds,verify_source_of_funds
1232,2025,verify_source_of_funds,verify_source_of_funds,verify_source_of_funds
1232,2026,verify_source_of_funds,verify_source_of_funds,verify_source_of_funds
1232,2027,verify_source_of_funds,verify_source_of_funds,verify_source_of_funds
1232,2028,verify_source_of_funds,verify_source_of_funds,verify_source_of_funds
1232,2029,verify_source_of_funds,verify_source_of_funds,verify_source_of_funds
1232,2030,verify_source_of_funds,verify_source_of_funds,verify_source_of_funds
1232,2031,verify_source_of_funds,verify_source_of_funds,verify_source_of_funds
1232,2032,verify_source_of_funds,verify_source_of_funds,verify_source_of_funds
1232,2033,verify_source_of_funds,verify_source_of_funds,verify_source_of_funds
1232,2034,verify_source_of_funds,verify_source_of_funds,verify_source_of_funds
1232,2035,verify_source_of_funds,verify_source_of_funds,verify_source_of_funds
1232,2036,verify_source_of_funds,verify_source_of_funds,verify_source_of_funds
1232,2037,verify_source_of_funds,verify_source_of_funds,verify_source_of_funds
1232,2038,verify_source_of_funds,verify_source_of_funds,verify_source_of_funds
1232,2039,verify_source_of_funds,verify_source_of_funds,verify_source_of_funds
1232,2040,transfer_timing,transfer_timing,transfer_timing
1232,2041,transfer_timing,transfer_timing,transfer_timing
1232,2042,transfer_timing,transfer_timing,transfer_timing
1232,2043,transfer_timing,transfer_timing,transfer_timing
1232,2044,transfer_timing,transfer_into_account,verify_source_of_funds
1232,2045,transfer_timing,transfer_timing,transfer_timing
1232,2046,transfer_timing,transfer_timing,transfer_timing
1232,2047,transfer_timing,transfer_timing,transfer_timing
1232,2048,transfer_timing,balance_not_updated_after_bank_transfer,transfer_timing
1232,2049,transfer_timing,transfer_timing,transfer_timing
1232,2050,transfer_timing,balance_not_updated_after_cheque_or_cash_deposit,verify_source_of_funds
1232,2051,transfer_timing,transfer_timing,transfer_timing
1232,2052,transfer_timing,transfer_timing,transfer_timing
1232,2053,transfer_timing,transfer_timing,transfer_into_account
1232,2054,transfer_timing,transfer_timing,transfer_timing
1232,2055,transfer_timing,transfer_into_account,transfer_into_account
1232,2056,transfer_timing,transfer_timing,transfer_timing
1232,2057,transfer_timing,transfer_timing,verify_source_of_funds
1232,2058,transfer_timing,transfer_timing,transfer_timing
1232,2059,transfer_timing,transfer_timing,transfer_timing
1232,2060,transfer_timing,transfer_timing,transfer_timing
1232,2061,transfer_timing,transfer_timing,transfer_timing
1232,2062,transfer_timing,balance_not_updated_after_cheque_or_cash_deposit,verify_source_of_funds
1232,2063,transfer_timing,transfer_timing,transfer_timing
1232,2064,transfer_timing,transfer_timing,transfer_timing
1232,2065,transfer_timing,transfer_timing,transfer_timing
1232,2066,transfer_timing,transfer_timing,transfer_timing
1232,2067,transfer_timing,transfer_timing,transfer_timing
1232,2068,transfer_timing,transfer_timing,transfer_timing
1232,2069,transfer_timing,transfer_timing,transfer_into_account
1232,2070,transfer_timing,transfer_timing,transfer_timing
1232,2071,transfer_timing,transfer_timing,transfer_timing
1232,2072,transfer_timing,transfer_timing,transfer_timing
1232,2073,transfer_timing,balance_not_updated_after_cheque_or_cash_deposit,verify_source_of_funds
1232,2074,transfer_timing,transfer_timing,transfer_into_account
1232,2075,transfer_timing,transfer_timing,transfer_timing
1232,2076,transfer_timing,transfer_timing,transfer_timing
1232,2077,transfer_timing,transfer_timing,transfer_timing
1232,2078,transfer_timing,transfer_timing,transfer_timing
1232,2079,transfer_timing,verify_source_of_funds,verify_source_of_funds
1232,2080,reverted_card_payment?,reverted_card_payment?,card_payment_not_recognised
1232,2081,reverted_card_payment?,reverted_card_payment?,card_payment_fee_charged
1232,2082,reverted_card_payment?,card_payment_not_recognised,card_payment_not_recognised
1232,2083,reverted_card_payment?,reverted_card_payment?,reverted_card_payment?
1232,2084,reverted_card_payment?,reverted_card_payment?,declined_card_payment
1232,2085,reverted_card_payment?,card_payment_not_recognised,card_payment_not_recognised
1232,2086,reverted_card_payment?,card_payment_not_recognised,card_payment_not_recognised
1232,2087,reverted_card_payment?,reverted_card_payment?,verify_source_of_funds
1232,2088,reverted_card_payment?,reverted_card_payment?,wrong_exchange_rate_for_cash_withdrawal
1232,2089,reverted_card_payment?,reverted_card_payment?,declined_card_payment
1232,2090,reverted_card_payment?,reverted_card_payment?,card_payment_not_recognised
1232,2091,reverted_card_payment?,Refund_not_showing_up,Refund_not_showing_up
1232,2092,reverted_card_payment?,declined_card_payment,declined_card_payment
1232,2093,reverted_card_payment?,reverted_card_payment?,verify_source_of_funds
1232,2094,reverted_card_payment?,declined_card_payment,declined_card_payment
1232,2095,reverted_card_payment?,reverted_card_payment?,verify_source_of_funds
1232,2096,reverted_card_payment?,reverted_card_payment?,card_payment_not_recognised
1232,2097,reverted_card_payment?,reverted_card_payment?,card_payment_wrong_exchange_rate
1232,2098,reverted_card_payment?,reverted_card_payment?,card_payment_wrong_exchange_rate
1232,2099,reverted_card_payment?,reverted_card_payment?,reverted_card_payment?
1232,2100,reverted_card_payment?,reverted_card_payment?,cash_withdrawal_not_recognised
1232,2101,reverted_card_payment?,declined_card_payment,declined_card_payment
1232,2102,reverted_card_payment?,virtual_card_not_working,failed_transfer
1232,2103,reverted_card_payment?,reverted_card_payment?,declined_card_payment
1232,2104,reverted_card_payment?,reverted_card_payment?,verify_source_of_funds
1232,2105,reverted_card_payment?,card_not_working,card_not_working
1232,2106,reverted_card_payment?,reverted_card_payment?,verify_source_of_funds
1232,2107,reverted_card_payment?,reverted_card_payment?,card_payment_not_recognised
1232,2108,reverted_card_payment?,reverted_card_payment?,declined_card_payment
1232,2109,reverted_card_payment?,reverted_card_payment?,declined_card_payment
1232,2110,reverted_card_payment?,pending_card_payment,pending_card_payment
1232,2111,reverted_card_payment?,reverted_card_payment?,card_payment_fee_charged
1232,2112,reverted_card_payment?,card_payment_not_recognised,card_payment_not_recognised
1232,2113,reverted_card_payment?,card_payment_not_recognised,card_payment_not_recognised
1232,2114,reverted_card_payment?,declined_card_payment,declined_card_payment
1232,2115,reverted_card_payment?,reverted_card_payment?,card_payment_not_recognised
1232,2116,reverted_card_payment?,reverted_card_payment?,card_payment_wrong_exchange_rate
1232,2117,reverted_card_payment?,reverted_card_payment?,declined_card_payment
1232,2118,reverted_card_payment?,reverted_card_payment?,verify_source_of_funds
1232,2119,reverted_card_payment?,reverted_card_payment?,verify_source_of_funds
1232,2120,change_pin,change_pin,atm_support
1232,2121,change_pin,change_pin,change_pin
1232,2122,change_pin,change_pin,change_pin
1232,2123,change_pin,change_pin,change_pin
1232,2124,change_pin,change_pin,change_pin
1232,2125,change_pin,change_pin,change_pin
1232,2126,change_pin,change_pin,change_pin
1232,2127,change_pin,change_pin,change_pin
1232,2128,change_pin,change_pin,change_pin
1232,2129,change_pin,change_pin,change_pin
1232,2130,change_pin,pin_blocked,pin_blocked
1232,2131,change_pin,change_pin,change_pin
1232,2132,change_pin,change_pin,change_pin
1232,2133,change_pin,pin_blocked,pin_blocked
1232,2134,change_pin,change_pin,change_pin
1232,2135,change_pin,change_pin,change_pin
1232,2136,change_pin,edit_personal_details,edit_personal_details
1232,2137,change_pin,pin_blocked,pin_blocked
1232,2138,change_pin,pin_blocked,pin_blocked
1232,2139,change_pin,change_pin,change_pin
1232,2140,change_pin,change_pin,change_pin
1232,2141,change_pin,change_pin,change_pin
1232,2142,change_pin,change_pin,change_pin
1232,2143,change_pin,change_pin,change_pin
1232,2144,change_pin,change_pin,change_pin
1232,2145,change_pin,change_pin,pin_blocked
1232,2146,change_pin,change_pin,change_pin
1232,2147,change_pin,change_pin,change_pin
1232,2148,change_pin,pin_blocked,pin_blocked
1232,2149,change_pin,change_pin,atm_support
1232,2150,change_pin,change_pin,change_pin
1232,2151,change_pin,change_pin,change_pin
1232,2152,change_pin,change_pin,change_pin
1232,2153,change_pin,change_pin,change_pin
1232,2154,change_pin,pin_blocked,pin_blocked
1232,2155,change_pin,change_pin,change_pin
1232,2156,change_pin,change_pin,atm_support
1232,2157,change_pin,change_pin,change_pin
1232,2158,change_pin,change_pin,getting_virtual_card
1232,2159,change_pin,change_pin,change_pin
1232,2160,beneficiary_not_allowed,failed_transfer,failed_transfer
1232,2161,beneficiary_not_allowed,beneficiary_not_allowed,beneficiary_not_allowed
1232,2162,beneficiary_not_allowed,beneficiary_not_allowed,beneficiary_not_allowed
1232,2163,beneficiary_not_allowed,beneficiary_not_allowed,beneficiary_not_allowed
1232,2164,beneficiary_not_allowed,beneficiary_not_allowed,beneficiary_not_allowed
1232,2165,beneficiary_not_allowed,exchange_via_app,lost_or_stolen_phone
1232,2166,beneficiary_not_allowed,transfer_into_account,transfer_into_account
1232,2167,beneficiary_not_allowed,beneficiary_not_allowed,beneficiary_not_allowed
1232,2168,beneficiary_not_allowed,exchange_via_app,lost_or_stolen_phone
1232,2169,beneficiary_not_allowed,failed_transfer,failed_transfer
1232,2170,beneficiary_not_allowed,beneficiary_not_allowed,beneficiary_not_allowed
1232,2171,beneficiary_not_allowed,beneficiary_not_allowed,beneficiary_not_allowed
1232,2172,beneficiary_not_allowed,exchange_via_app,lost_or_stolen_phone
1232,2173,beneficiary_not_allowed,failed_transfer,failed_transfer
1232,2174,beneficiary_not_allowed,transfer_into_account,transfer_into_account
1232,2175,beneficiary_not_allowed,transfer_into_account,transfer_into_account
1232,2176,beneficiary_not_allowed,failed_transfer,failed_transfer
1232,2177,beneficiary_not_allowed,failed_transfer,wrong_exchange_rate_for_cash_withdrawal
1232,2178,beneficiary_not_allowed,beneficiary_not_allowed,beneficiary_not_allowed
1232,2179,beneficiary_not_allowed,declined_cash_withdrawal,balance_not_updated_after_bank_transfer
1232,2180,beneficiary_not_allowed,beneficiary_not_allowed,beneficiary_not_allowed
1232,2181,beneficiary_not_allowed,beneficiary_not_allowed,beneficiary_not_allowed
1232,2182,beneficiary_not_allowed,beneficiary_not_allowed,beneficiary_not_allowed
1232,2183,beneficiary_not_allowed,beneficiary_not_allowed,beneficiary_not_allowed
1232,2184,beneficiary_not_allowed,beneficiary_not_allowed,beneficiary_not_allowed
1232,2185,beneficiary_not_allowed,beneficiary_not_allowed,balance_not_updated_after_bank_transfer
1232,2186,beneficiary_not_allowed,beneficiary_not_allowed,beneficiary_not_allowed
1232,2187,beneficiary_not_allowed,beneficiary_not_allowed,beneficiary_not_allowed
1232,2188,beneficiary_not_allowed,declined_transfer,declined_transfer
1232,2189,beneficiary_not_allowed,failed_transfer,failed_transfer
1232,2190,beneficiary_not_allowed,beneficiary_not_allowed,beneficiary_not_allowed
1232,2191,beneficiary_not_allowed,beneficiary_not_allowed,beneficiary_not_allowed
1232,2192,beneficiary_not_allowed,beneficiary_not_allowed,beneficiary_not_allowed
1232,2193,beneficiary_not_allowed,beneficiary_not_allowed,beneficiary_not_allowed
1232,2194,beneficiary_not_allowed,beneficiary_not_allowed,beneficiary_not_allowed
1232,2195,beneficiary_not_allowed,transfer_into_account,beneficiary_not_allowed
1232,2196,beneficiary_not_allowed,beneficiary_not_allowed,beneficiary_not_allowed
1232,2197,beneficiary_not_allowed,exchange_via_app,lost_or_stolen_phone
1232,2198,beneficiary_not_allowed,beneficiary_not_allowed,beneficiary_not_allowed
1232,2199,beneficiary_not_allowed,beneficiary_not_allowed,beneficiary_not_allowed
1232,2200,transfer_fee_charged,transfer_fee_charged,beneficiary_not_allowed
1232,2201,transfer_fee_charged,transfer_fee_charged,balance_not_updated_after_bank_transfer
1232,2202,transfer_fee_charged,transfer_fee_charged,beneficiary_not_allowed
1232,2203,transfer_fee_charged,top_up_by_bank_transfer_charge,beneficiary_not_allowed
1232,2204,transfer_fee_charged,beneficiary_not_allowed,beneficiary_not_allowed
1232,2205,transfer_fee_charged,transfer_timing,transfer_timing
1232,2206,transfer_fee_charged,card_payment_fee_charged,card_payment_fee_charged
1232,2207,transfer_fee_charged,beneficiary_not_allowed,beneficiary_not_allowed
1232,2208,transfer_fee_charged,top_up_by_bank_transfer_charge,top_up_by_bank_transfer_charge
1232,2209,transfer_fee_charged,transfer_timing,transfer_timing
1232,2210,transfer_fee_charged,transaction_charged_twice,balance_not_updated_after_bank_transfer
1232,2211,transfer_fee_charged,transfer_fee_charged,beneficiary_not_allowed
1232,2212,transfer_fee_charged,top_up_by_bank_transfer_charge,top_up_by_bank_transfer_charge
1232,2213,transfer_fee_charged,transfer_fee_charged,verify_source_of_funds
1232,2214,transfer_fee_charged,failed_transfer,failed_transfer
1232,2215,transfer_fee_charged,card_payment_fee_charged,card_payment_wrong_exchange_rate
1232,2216,transfer_fee_charged,transfer_fee_charged,beneficiary_not_allowed
1232,2217,transfer_fee_charged,card_payment_fee_charged,beneficiary_not_allowed
1232,2218,transfer_fee_charged,top_up_by_bank_transfer_charge,transfer_timing
1232,2219,transfer_fee_charged,card_payment_fee_charged,beneficiary_not_allowed
1232,2220,transfer_fee_charged,transfer_fee_charged,beneficiary_not_allowed
1232,2221,transfer_fee_charged,card_payment_fee_charged,card_payment_fee_charged
1232,2222,transfer_fee_charged,transfer_fee_charged,wrong_exchange_rate_for_cash_withdrawal
1232,2223,transfer_fee_charged,transfer_fee_charged,beneficiary_not_allowed
1232,2224,transfer_fee_charged,extra_charge_on_statement,beneficiary_not_allowed
1232,2225,transfer_fee_charged,card_payment_fee_charged,balance_not_updated_after_bank_transfer
1232,2226,transfer_fee_charged,failed_transfer,failed_transfer
1232,2227,transfer_fee_charged,transfer_fee_charged,beneficiary_not_allowed
1232,2228,transfer_fee_charged,transfer_fee_charged,beneficiary_not_allowed
1232,2229,transfer_fee_charged,transfer_fee_charged,beneficiary_not_allowed
1232,2230,transfer_fee_charged,top_up_by_bank_transfer_charge,top_up_by_bank_transfer_charge
1232,2231,transfer_fee_charged,cash_withdrawal_charge,wrong_exchange_rate_for_cash_withdrawal
1232,2232,transfer_fee_charged,transfer_fee_charged,beneficiary_not_allowed
1232,2233,transfer_fee_charged,getting_spare_card,card_payment_fee_charged
1232,2234,transfer_fee_charged,transfer_fee_charged,wrong_exchange_rate_for_cash_withdrawal
1232,2235,transfer_fee_charged,beneficiary_not_allowed,beneficiary_not_allowed
1232,2236,transfer_fee_charged,card_payment_fee_charged,card_payment_fee_charged
1232,2237,transfer_fee_charged,transfer_fee_charged,wrong_exchange_rate_for_cash_withdrawal
1232,2238,transfer_fee_charged,card_payment_fee_charged,card_payment_fee_charged
1232,2239,transfer_fee_charged,transfer_timing,failed_transfer
1232,2240,receiving_money,receiving_money,receiving_money
1232,2241,receiving_money,fiat_currency_support,fiat_currency_support
1232,2242,receiving_money,receiving_money,receiving_money
1232,2243,receiving_money,receiving_money,receiving_money
1232,2244,receiving_money,receiving_money,verify_source_of_funds
1232,2245,receiving_money,receiving_money,receiving_money
1232,2246,receiving_money,receiving_money,receiving_money
1232,2247,receiving_money,receiving_money,receiving_money
1232,2248,receiving_money,receiving_money,wrong_exchange_rate_for_cash_withdrawal
1232,2249,receiving_money,receiving_money,receiving_money
1232,2250,receiving_money,receiving_money,receiving_money
1232,2251,receiving_money,transfer_into_account,verify_source_of_funds
1232,2252,receiving_money,fiat_currency_support,fiat_currency_support
1232,2253,receiving_money,receiving_money,receiving_money
1232,2254,receiving_money,receiving_money,receiving_money
1232,2255,receiving_money,transfer_into_account,verify_source_of_funds
1232,2256,receiving_money,transfer_into_account,verify_source_of_funds
1232,2257,receiving_money,receiving_money,verify_source_of_funds
1232,2258,receiving_money,transfer_into_account,transfer_into_account
1232,2259,receiving_money,receiving_money,verify_source_of_funds
1232,2260,receiving_money,receiving_money,receiving_money
1232,2261,receiving_money,receiving_money,receiving_money
1232,2262,receiving_money,receiving_money,receiving_money
1232,2263,receiving_money,receiving_money,receiving_money
1232,2264,receiving_money,transfer_into_account,verify_source_of_funds
1232,2265,receiving_money,receiving_money,receiving_money
1232,2266,receiving_money,balance_not_updated_after_cheque_or_cash_deposit,verify_source_of_funds
1232,2267,receiving_money,receiving_money,receiving_money
1232,2268,receiving_money,receiving_money,receiving_money
1232,2269,receiving_money,transfer_into_account,verify_source_of_funds
1232,2270,receiving_money,fiat_currency_support,wrong_exchange_rate_for_cash_withdrawal
1232,2271,receiving_money,receiving_money,receiving_money
1232,2272,receiving_money,receiving_money,receiving_money
1232,2273,receiving_money,top_up_by_cash_or_cheque,verify_source_of_funds
1232,2274,receiving_money,receiving_money,receiving_money
1232,2275,receiving_money,receiving_money,fiat_currency_support
1232,2276,receiving_money,receiving_money,receiving_money
1232,2277,receiving_money,receiving_money,verify_source_of_funds
1232,2278,receiving_money,receiving_money,fiat_currency_support
1232,2279,receiving_money,receiving_money,receiving_money
1232,2280,failed_transfer,beneficiary_not_allowed,failed_transfer
1232,2281,failed_transfer,failed_transfer,failed_transfer
1232,2282,failed_transfer,failed_transfer,failed_transfer
1232,2283,failed_transfer,failed_transfer,failed_transfer
1232,2284,failed_transfer,beneficiary_not_allowed,beneficiary_not_allowed
1232,2285,failed_transfer,beneficiary_not_allowed,beneficiary_not_allowed
1232,2286,failed_transfer,beneficiary_not_allowed,beneficiary_not_allowed
1232,2287,failed_transfer,failed_transfer,failed_transfer
1232,2288,failed_transfer,beneficiary_not_allowed,beneficiary_not_allowed
1232,2289,failed_transfer,beneficiary_not_allowed,failed_transfer
1232,2290,failed_transfer,beneficiary_not_allowed,beneficiary_not_allowed
1232,2291,failed_transfer,beneficiary_not_allowed,beneficiary_not_allowed
1232,2292,failed_transfer,failed_transfer,balance_not_updated_after_bank_transfer
1232,2293,failed_transfer,beneficiary_not_allowed,beneficiary_not_allowed
1232,2294,failed_transfer,beneficiary_not_allowed,beneficiary_not_allowed
1232,2295,failed_transfer,beneficiary_not_allowed,beneficiary_not_allowed
1232,2296,failed_transfer,beneficiary_not_allowed,beneficiary_not_allowed
1232,2297,failed_transfer,failed_transfer,failed_transfer
1232,2298,failed_transfer,failed_transfer,failed_transfer
1232,2299,failed_transfer,beneficiary_not_allowed,beneficiary_not_allowed
1232,2300,failed_transfer,card_acceptance,card_acceptance
1232,2301,failed_transfer,failed_transfer,failed_transfer
1232,2302,failed_transfer,beneficiary_not_allowed,beneficiary_not_allowed
1232,2303,failed_transfer,beneficiary_not_allowed,beneficiary_not_allowed
1232,2304,failed_transfer,beneficiary_not_allowed,failed_transfer
1232,2305,failed_transfer,beneficiary_not_allowed,beneficiary_not_allowed
1232,2306,failed_transfer,failed_transfer,failed_transfer
1232,2307,failed_transfer,beneficiary_not_allowed,beneficiary_not_allowed
1232,2308,failed_transfer,failed_transfer,failed_transfer
1232,2309,failed_transfer,failed_transfer,failed_transfer
1232,2310,failed_transfer,beneficiary_not_allowed,beneficiary_not_allowed
1232,2311,failed_transfer,failed_transfer,failed_transfer
1232,2312,failed_transfer,failed_transfer,failed_transfer
1232,2313,failed_transfer,transfer_into_account,beneficiary_not_allowed
1232,2314,failed_transfer,beneficiary_not_allowed,beneficiary_not_allowed
1232,2315,failed_transfer,beneficiary_not_allowed,failed_transfer
1232,2316,failed_transfer,beneficiary_not_allowed,beneficiary_not_allowed
1232,2317,failed_transfer,failed_transfer,failed_transfer
1232,2318,failed_transfer,beneficiary_not_allowed,beneficiary_not_allowed
1232,2319,failed_transfer,failed_transfer,balance_not_updated_after_bank_transfer
1232,2320,transfer_into_account,transfer_into_account,transfer_into_account
1232,2321,transfer_into_account,receiving_money,verify_source_of_funds
1232,2322,transfer_into_account,transfer_into_account,transfer_into_account
1232,2323,transfer_into_account,topping_up_by_card,topping_up_by_card
1232,2324,transfer_into_account,beneficiary_not_allowed,failed_transfer
1232,2325,transfer_into_account,transfer_into_account,transfer_into_account
1232,2326,transfer_into_account,transfer_into_account,transfer_into_account
1232,2327,transfer_into_account,transfer_into_account,transfer_into_account
1232,2328,transfer_into_account,card_acceptance,verify_source_of_funds
1232,2329,transfer_into_account,transfer_into_account,verify_source_of_funds
1232,2330,transfer_into_account,transfer_into_account,transfer_into_account
1232,2331,transfer_into_account,transfer_into_account,transfer_into_account
1232,2332,transfer_into_account,transfer_into_account,transfer_into_account
1232,2333,transfer_into_account,transfer_into_account,transfer_into_account
1232,2334,transfer_into_account,transfer_into_account,transfer_into_account
1232,2335,transfer_into_account,transfer_into_account,transfer_into_account
1232,2336,transfer_into_account,transfer_into_account,transfer_into_account
1232,2337,transfer_into_account,transfer_into_account,transfer_into_account
1232,2338,transfer_into_account,topping_up_by_card,topping_up_by_card
1232,2339,transfer_into_account,transfer_into_account,verify_source_of_funds
1232,2340,transfer_into_account,top_up_by_cash_or_cheque,verify_source_of_funds
1232,2341,transfer_into_account,transfer_into_account,verify_source_of_funds
1232,2342,transfer_into_account,failed_transfer,verify_source_of_funds
1232,2343,transfer_into_account,transfer_into_account,transfer_into_account
1232,2344,transfer_into_account,transfer_into_account,transfer_into_account
1232,2345,transfer_into_account,transfer_into_account,transfer_into_account
1232,2346,transfer_into_account,transfer_into_account,transfer_into_account
1232,2347,transfer_into_account,transfer_into_account,transfer_into_account
1232,2348,transfer_into_account,transfer_timing,transfer_timing
1232,2349,transfer_into_account,transfer_into_account,transfer_into_account
1232,2350,transfer_into_account,transfer_into_account,transfer_into_account
1232,2351,transfer_into_account,transfer_timing,transfer_timing
1232,2352,transfer_into_account,transfer_into_account,transfer_into_account
1232,2353,transfer_into_account,transfer_into_account,transfer_into_account
1232,2354,transfer_into_account,transfer_into_account,verify_source_of_funds
1232,2355,transfer_into_account,transfer_into_account,transfer_into_account
1232,2356,transfer_into_account,transfer_into_account,transfer_into_account
1232,2357,transfer_into_account,transfer_into_account,transfer_into_account
1232,2358,transfer_into_account,transfer_into_account,transfer_into_account
1232,2359,transfer_into_account,transfer_into_account,transfer_into_account
1232,2360,verify_top_up,verify_top_up,verify_top_up
1232,2361,verify_top_up,verify_top_up,verify_top_up
1232,2362,verify_top_up,verify_top_up,verify_top_up
1232,2363,verify_top_up,verify_top_up,verify_top_up
1232,2364,verify_top_up,verify_top_up,verify_top_up
1232,2365,verify_top_up,verify_top_up,verify_top_up
1232,2366,verify_top_up,verify_top_up,verify_top_up
1232,2367,verify_top_up,verify_top_up,verify_top_up
1232,2368,verify_top_up,verify_top_up,verify_top_up
1232,2369,verify_top_up,verify_top_up,verify_top_up
1232,2370,verify_top_up,verify_top_up,verify_top_up
1232,2371,verify_top_up,verify_top_up,verify_top_up
1232,2372,verify_top_up,verify_top_up,verify_top_up
1232,2373,verify_top_up,verify_top_up,verify_top_up
1232,2374,verify_top_up,verify_top_up,verify_top_up
1232,2375,verify_top_up,verify_top_up,verify_top_up
1232,2376,verify_top_up,verify_top_up,verify_top_up
1232,2377,verify_top_up,verify_top_up,verify_top_up
1232,2378,verify_top_up,verify_top_up,verify_top_up
1232,2379,verify_top_up,verify_top_up,verify_top_up
1232,2380,verify_top_up,verify_top_up,verify_top_up
1232,2381,verify_top_up,verify_top_up,verify_top_up
1232,2382,verify_top_up,verify_top_up,verify_top_up
1232,2383,verify_top_up,verify_top_up,verify_top_up
1232,2384,verify_top_up,verify_top_up,verify_top_up
1232,2385,verify_top_up,verify_top_up,verify_top_up
1232,2386,verify_top_up,verify_top_up,verify_top_up
1232,2387,verify_top_up,verify_top_up,verify_top_up
1232,2388,verify_top_up,verify_top_up,verify_top_up
1232,2389,verify_top_up,verify_top_up,verify_top_up
1232,2390,verify_top_up,verify_top_up,verify_top_up
1232,2391,verify_top_up,verify_top_up,verify_top_up
1232,2392,verify_top_up,verify_top_up,verify_top_up
1232,2393,verify_top_up,verify_top_up,verify_top_up
1232,2394,verify_top_up,verify_top_up,verify_top_up
1232,2395,verify_top_up,verify_top_up,verify_top_up
1232,2396,verify_top_up,verify_top_up,verify_top_up
1232,2397,verify_top_up,verify_top_up,verify_top_up
1232,2398,verify_top_up,verify_top_up,verify_top_up
1232,2399,verify_top_up,verify_top_up,verify_top_up
1232,2400,getting_spare_card,getting_spare_card,getting_spare_card
1232,2401,getting_spare_card,disposable_card_limits,getting_virtual_card
1232,2402,getting_spare_card,getting_spare_card,request_refund
1232,2403,getting_spare_card,getting_spare_card,getting_virtual_card
1232,2404,getting_spare_card,getting_spare_card,getting_spare_card
1232,2405,getting_spare_card,order_physical_card,virtual_card_not_working
1232,2406,getting_spare_card,order_physical_card,order_physical_card
1232,2407,getting_spare_card,getting_spare_card,card_arrival
1232,2408,getting_spare_card,getting_spare_card,getting_virtual_card
1232,2409,getting_spare_card,getting_spare_card,virtual_card_not_working
1232,2410,getting_spare_card,getting_spare_card,getting_spare_card
1232,2411,getting_spare_card,getting_spare_card,getting_spare_card
1232,2412,getting_spare_card,getting_spare_card,card_acceptance
1232,2413,getting_spare_card,order_physical_card,order_physical_card
1232,2414,getting_spare_card,getting_spare_card,getting_spare_card
1232,2415,getting_spare_card,getting_spare_card,getting_spare_card
1232,2416,getting_spare_card,getting_spare_card,getting_spare_card
1232,2417,getting_spare_card,getting_virtual_card,getting_virtual_card
1232,2418,getting_spare_card,getting_spare_card,getting_spare_card
1232,2419,getting_spare_card,getting_spare_card,getting_spare_card
1232,2420,getting_spare_card,getting_spare_card,getting_spare_card
1232,2421,getting_spare_card,getting_spare_card,getting_spare_card
1232,2422,getting_spare_card,getting_spare_card,getting_virtual_card
1232,2423,getting_spare_card,getting_spare_card,virtual_card_not_working
1232,2424,getting_spare_card,order_physical_card,order_physical_card
1232,2425,getting_spare_card,getting_spare_card,order_physical_card
1232,2426,getting_spare_card,getting_spare_card,getting_virtual_card
1232,2427,getting_spare_card,getting_spare_card,card_acceptance
1232,2428,getting_spare_card,getting_spare_card,getting_spare_card
1232,2429,getting_spare_card,getting_spare_card,card_acceptance
1232,2430,getting_spare_card,getting_spare_card,getting_spare_card
1232,2431,getting_spare_card,getting_spare_card,getting_virtual_card
1232,2432,getting_spare_card,getting_spare_card,getting_virtual_card
1232,2433,getting_spare_card,getting_spare_card,getting_spare_card
1232,2434,getting_spare_card,getting_spare_card,card_payment_fee_charged
1232,2435,getting_spare_card,getting_spare_card,getting_spare_card
1232,2436,getting_spare_card,getting_spare_card,getting_spare_card
1232,2437,getting_spare_card,getting_spare_card,getting_virtual_card
1232,2438,getting_spare_card,getting_virtual_card,getting_virtual_card
1232,2439,getting_spare_card,activate_my_card,getting_virtual_card
1232,2440,top_up_by_cash_or_cheque,top_up_by_cash_or_cheque,top_up_by_cash_or_cheque
1232,2441,top_up_by_cash_or_cheque,top_up_by_cash_or_cheque,top_up_by_cash_or_cheque
1232,2442,top_up_by_cash_or_cheque,top_up_by_cash_or_cheque,top_up_by_cash_or_cheque
1232,2443,top_up_by_cash_or_cheque,top_up_by_cash_or_cheque,top_up_by_cash_or_cheque
1232,2444,top_up_by_cash_or_cheque,top_up_by_cash_or_cheque,top_up_by_cash_or_cheque
1232,2445,top_up_by_cash_or_cheque,top_up_by_cash_or_cheque,top_up_by_cash_or_cheque
1232,2446,top_up_by_cash_or_cheque,balance_not_updated_after_cheque_or_cash_deposit,balance_not_updated_after_cheque_or_cash_deposit
1232,2447,top_up_by_cash_or_cheque,top_up_by_cash_or_cheque,top_up_by_cash_or_cheque
1232,2448,top_up_by_cash_or_cheque,top_up_by_cash_or_cheque,top_up_by_cash_or_cheque
1232,2449,top_up_by_cash_or_cheque,top_up_by_cash_or_cheque,top_up_by_cash_or_cheque
1232,2450,top_up_by_cash_or_cheque,top_up_by_cash_or_cheque,top_up_by_cash_or_cheque
1232,2451,top_up_by_cash_or_cheque,top_up_by_cash_or_cheque,verify_source_of_funds
1232,2452,top_up_by_cash_or_cheque,balance_not_updated_after_cheque_or_cash_deposit,receiving_money
1232,2453,top_up_by_cash_or_cheque,fiat_currency_support,fiat_currency_support
1232,2454,top_up_by_cash_or_cheque,top_up_by_cash_or_cheque,top_up_by_cash_or_cheque
1232,2455,top_up_by_cash_or_cheque,top_up_by_cash_or_cheque,top_up_by_cash_or_cheque
1232,2456,top_up_by_cash_or_cheque,top_up_by_cash_or_cheque,top_up_by_cash_or_cheque
1232,2457,top_up_by_cash_or_cheque,top_up_by_cash_or_cheque,top_up_by_cash_or_cheque
1232,2458,top_up_by_cash_or_cheque,top_up_by_cash_or_cheque,top_up_by_cash_or_cheque
1232,2459,top_up_by_cash_or_cheque,top_up_by_cash_or_cheque,verify_source_of_funds
1232,2460,top_up_by_cash_or_cheque,top_up_by_cash_or_cheque,top_up_by_cash_or_cheque
1232,2461,top_up_by_cash_or_cheque,top_up_by_cash_or_cheque,top_up_by_cash_or_cheque
1232,2462,top_up_by_cash_or_cheque,top_up_by_cash_or_cheque,top_up_by_cash_or_cheque
1232,2463,top_up_by_cash_or_cheque,top_up_by_cash_or_cheque,top_up_by_cash_or_cheque
1232,2464,top_up_by_cash_or_cheque,top_up_by_cash_or_cheque,top_up_by_cash_or_cheque
1232,2465,top_up_by_cash_or_cheque,top_up_by_cash_or_cheque,top_up_by_cash_or_cheque
1232,2466,top_up_by_cash_or_cheque,topping_up_by_card,topping_up_by_card
1232,2467,top_up_by_cash_or_cheque,top_up_by_cash_or_cheque,top_up_by_cash_or_cheque
1232,2468,top_up_by_cash_or_cheque,declined_cash_withdrawal,wrong_exchange_rate_for_cash_withdrawal
1232,2469,top_up_by_cash_or_cheque,supported_cards_and_currencies,verify_source_of_funds
1232,2470,top_up_by_cash_or_cheque,transfer_into_account,verify_source_of_funds
1232,2471,top_up_by_cash_or_cheque,top_up_by_cash_or_cheque,top_up_by_cash_or_cheque
1232,2472,top_up_by_cash_or_cheque,top_up_by_cash_or_cheque,top_up_by_cash_or_cheque
1232,2473,top_up_by_cash_or_cheque,top_up_by_cash_or_cheque,top_up_by_cash_or_cheque
1232,2474,top_up_by_cash_or_cheque,top_up_by_cash_or_cheque,top_up_by_cash_or_cheque
1232,2475,top_up_by_cash_or_cheque,top_up_by_cash_or_cheque,top_up_by_cash_or_cheque
1232,2476,top_up_by_cash_or_cheque,top_up_by_cash_or_cheque,top_up_by_cash_or_cheque
1232,2477,top_up_by_cash_or_cheque,topping_up_by_card,topping_up_by_card
1232,2478,top_up_by_cash_or_cheque,receiving_money,receiving_money
1232,2479,top_up_by_cash_or_cheque,supported_cards_and_currencies,receiving_money
1232,2480,order_physical_card,order_physical_card,getting_virtual_card
1232,2481,order_physical_card,activate_my_card,getting_virtual_card
1232,2482,order_physical_card,order_physical_card,order_physical_card
1232,2483,order_physical_card,card_acceptance,getting_virtual_card
1232,2484,order_physical_card,order_physical_card,order_physical_card
1232,2485,order_physical_card,order_physical_card,order_physical_card
1232,2486,order_physical_card,order_physical_card,order_physical_card
1232,2487,order_physical_card,order_physical_card,order_physical_card
1232,2488,order_physical_card,order_physical_card,order_physical_card
1232,2489,order_physical_card,order_physical_card,order_physical_card
1232,2490,order_physical_card,order_physical_card,order_physical_card
1232,2491,order_physical_card,card_acceptance,card_acceptance
1232,2492,order_physical_card,order_physical_card,order_physical_card
1232,2493,order_physical_card,getting_virtual_card,getting_virtual_card
1232,2494,order_physical_card,getting_virtual_card,getting_virtual_card
1232,2495,order_physical_card,order_physical_card,getting_virtual_card
1232,2496,order_physical_card,order_physical_card,order_physical_card
1232,2497,order_physical_card,order_physical_card,getting_virtual_card
1232,2498,order_physical_card,order_physical_card,order_physical_card
1232,2499,order_physical_card,order_physical_card,card_acceptance
1232,2500,order_physical_card,top_up_by_card_charge,card_payment_fee_charged
1232,2501,order_physical_card,order_physical_card,getting_virtual_card
1232,2502,order_physical_card,order_physical_card,order_physical_card
1232,2503,order_physical_card,getting_virtual_card,getting_virtual_card
1232,2504,order_physical_card,order_physical_card,getting_virtual_card
1232,2505,order_physical_card,order_physical_card,order_physical_card
1232,2506,order_physical_card,card_acceptance,card_acceptance
1232,2507,order_physical_card,order_physical_card,order_physical_card
1232,2508,order_physical_card,order_physical_card,getting_virtual_card
1232,2509,order_physical_card,order_physical_card,card_acceptance
1232,2510,order_physical_card,card_acceptance,getting_virtual_card
1232,2511,order_physical_card,order_physical_card,order_physical_card
1232,2512,order_physical_card,getting_virtual_card,getting_virtual_card
1232,2513,order_physical_card,card_acceptance,getting_virtual_card
1232,2514,order_physical_card,order_physical_card,order_physical_card
1232,2515,order_physical_card,order_physical_card,order_physical_card
1232,2516,order_physical_card,order_physical_card,order_physical_card
1232,2517,order_physical_card,order_physical_card,order_physical_card
1232,2518,order_physical_card,getting_virtual_card,getting_virtual_card
1232,2519,order_physical_card,getting_virtual_card,getting_virtual_card
1232,2520,virtual_card_not_working,get_disposable_virtual_card,getting_virtual_card
1232,2521,virtual_card_not_working,virtual_card_not_working,virtual_card_not_working
1232,2522,virtual_card_not_working,virtual_card_not_working,virtual_card_not_working
1232,2523,virtual_card_not_working,virtual_card_not_working,virtual_card_not_working
1232,2524,virtual_card_not_working,virtual_card_not_working,virtual_card_not_working
1232,2525,virtual_card_not_working,getting_virtual_card,getting_virtual_card
1232,2526,virtual_card_not_working,disposable_card_limits,virtual_card_not_working
1232,2527,virtual_card_not_working,virtual_card_not_working,virtual_card_not_working
1232,2528,virtual_card_not_working,virtual_card_not_working,virtual_card_not_working
1232,2529,virtual_card_not_working,virtual_card_not_working,virtual_card_not_working
1232,2530,virtual_card_not_working,virtual_card_not_working,virtual_card_not_working
1232,2531,virtual_card_not_working,virtual_card_not_working,virtual_card_not_working
1232,2532,virtual_card_not_working,virtual_card_not_working,virtual_card_not_working
1232,2533,virtual_card_not_working,virtual_card_not_working,virtual_card_not_working
1232,2534,virtual_card_not_working,virtual_card_not_working,getting_virtual_card
1232,2535,virtual_card_not_working,virtual_card_not_working,virtual_card_not_working
1232,2536,virtual_card_not_working,virtual_card_not_working,virtual_card_not_working
1232,2537,virtual_card_not_working,virtual_card_not_working,virtual_card_not_working
1232,2538,virtual_card_not_working,get_disposable_virtual_card,virtual_card_not_working
1232,2539,virtual_card_not_working,virtual_card_not_working,virtual_card_not_working
1232,2540,virtual_card_not_working,virtual_card_not_working,virtual_card_not_working
1232,2541,virtual_card_not_working,virtual_card_not_working,virtual_card_not_working
1232,2542,virtual_card_not_working,get_disposable_virtual_card,virtual_card_not_working
1232,2543,virtual_card_not_working,virtual_card_not_working,virtual_card_not_working
1232,2544,virtual_card_not_working,virtual_card_not_working,virtual_card_not_working
1232,2545,virtual_card_not_working,virtual_card_not_working,virtual_card_not_working
1232,2546,virtual_card_not_working,virtual_card_not_working,virtual_card_not_working
1232,2547,virtual_card_not_working,virtual_card_not_working,virtual_card_not_working
1232,2548,virtual_card_not_working,get_disposable_virtual_card,virtual_card_not_working
1232,2549,virtual_card_not_working,virtual_card_not_working,virtual_card_not_working
1232,2550,virtual_card_not_working,get_disposable_virtual_card,getting_virtual_card
1232,2551,virtual_card_not_working,virtual_card_not_working,virtual_card_not_working
1232,2552,virtual_card_not_working,virtual_card_not_working,virtual_card_not_working
1232,2553,virtual_card_not_working,virtual_card_not_working,virtual_card_not_working
1232,2554,virtual_card_not_working,virtual_card_not_working,virtual_card_not_working
1232,2555,virtual_card_not_working,virtual_card_not_working,virtual_card_not_working
1232,2556,virtual_card_not_working,virtual_card_not_working,virtual_card_not_working
1232,2557,virtual_card_not_working,virtual_card_not_working,virtual_card_not_working
1232,2558,virtual_card_not_working,getting_virtual_card,getting_virtual_card
1232,2559,virtual_card_not_working,virtual_card_not_working,virtual_card_not_working
1232,2560,wrong_exchange_rate_for_cash_withdrawal,card_payment_wrong_exchange_rate,card_payment_wrong_exchange_rate
1232,2561,wrong_exchange_rate_for_cash_withdrawal,wrong_exchange_rate_for_cash_withdrawal,wrong_exchange_rate_for_cash_withdrawal
1232,2562,wrong_exchange_rate_for_cash_withdrawal,cash_withdrawal_charge,wrong_exchange_rate_for_cash_withdrawal
1232,2563,wrong_exchange_rate_for_cash_withdrawal,exchange_rate,exchange_rate
1232,2564,wrong_exchange_rate_for_cash_withdrawal,wrong_exchange_rate_for_cash_withdrawal,wrong_exchange_rate_for_cash_withdrawal
1232,2565,wrong_exchange_rate_for_cash_withdrawal,cash_withdrawal_charge,wrong_exchange_rate_for_cash_withdrawal
1232,2566,wrong_exchange_rate_for_cash_withdrawal,wrong_exchange_rate_for_cash_withdrawal,wrong_exchange_rate_for_cash_withdrawal
1232,2567,wrong_exchange_rate_for_cash_withdrawal,wrong_exchange_rate_for_cash_withdrawal,wrong_exchange_rate_for_cash_withdrawal
1232,2568,wrong_exchange_rate_for_cash_withdrawal,wrong_exchange_rate_for_cash_withdrawal,wrong_exchange_rate_for_cash_withdrawal
1232,2569,wrong_exchange_rate_for_cash_withdrawal,card_payment_wrong_exchange_rate,card_payment_wrong_exchange_rate
1232,2570,wrong_exchange_rate_for_cash_withdrawal,wrong_exchange_rate_for_cash_withdrawal,wrong_exchange_rate_for_cash_withdrawal
1232,2571,wrong_exchange_rate_for_cash_withdrawal,exchange_charge,exchange_charge
1232,2572,wrong_exchange_rate_for_cash_withdrawal,wrong_exchange_rate_for_cash_withdrawal,wrong_exchange_rate_for_cash_withdrawal
1232,2573,wrong_exchange_rate_for_cash_withdrawal,wrong_exchange_rate_for_cash_withdrawal,wrong_exchange_rate_for_cash_withdrawal
1232,2574,wrong_exchange_rate_for_cash_withdrawal,card_payment_wrong_exchange_rate,wrong_exchange_rate_for_cash_withdrawal
1232,2575,wrong_exchange_rate_for_cash_withdrawal,cash_withdrawal_charge,wrong_exchange_rate_for_cash_withdrawal
1232,2576,wrong_exchange_rate_for_cash_withdrawal,cash_withdrawal_charge,wrong_exchange_rate_for_cash_withdrawal
1232,2577,wrong_exchange_rate_for_cash_withdrawal,wrong_exchange_rate_for_cash_withdrawal,wrong_exchange_rate_for_cash_withdrawal
1232,2578,wrong_exchange_rate_for_cash_withdrawal,card_payment_wrong_exchange_rate,wrong_exchange_rate_for_cash_withdrawal
1232,2579,wrong_exchange_rate_for_cash_withdrawal,cash_withdrawal_charge,wrong_exchange_rate_for_cash_withdrawal
1232,2580,wrong_exchange_rate_for_cash_withdrawal,card_payment_wrong_exchange_rate,wrong_exchange_rate_for_cash_withdrawal
1232,2581,wrong_exchange_rate_for_cash_withdrawal,wrong_exchange_rate_for_cash_withdrawal,wrong_exchange_rate_for_cash_withdrawal
1232,2582,wrong_exchange_rate_for_cash_withdrawal,wrong_exchange_rate_for_cash_withdrawal,wrong_exchange_rate_for_cash_withdrawal
1232,2583,wrong_exchange_rate_for_cash_withdrawal,wrong_exchange_rate_for_cash_withdrawal,verify_source_of_funds
1232,2584,wrong_exchange_rate_for_cash_withdrawal,wrong_exchange_rate_for_cash_withdrawal,wrong_exchange_rate_for_cash_withdrawal
1232,2585,wrong_exchange_rate_for_cash_withdrawal,exchange_rate,exchange_rate
1232,2586,wrong_exchange_rate_for_cash_withdrawal,wrong_exchange_rate_for_cash_withdrawal,wrong_exchange_rate_for_cash_withdrawal
1232,2587,wrong_exchange_rate_for_cash_withdrawal,cash_withdrawal_charge,wrong_exchange_rate_for_cash_withdrawal
1232,2588,wrong_exchange_rate_for_cash_withdrawal,wrong_exchange_rate_for_cash_withdrawal,wrong_exchange_rate_for_cash_withdrawal
1232,2589,wrong_exchange_rate_for_cash_withdrawal,wrong_exchange_rate_for_cash_withdrawal,wrong_exchange_rate_for_cash_withdrawal
1232,2590,wrong_exchange_rate_for_cash_withdrawal,card_payment_wrong_exchange_rate,wrong_exchange_rate_for_cash_withdrawal
1232,2591,wrong_exchange_rate_for_cash_withdrawal,exchange_rate,exchange_rate
1232,2592,wrong_exchange_rate_for_cash_withdrawal,card_payment_wrong_exchange_rate,wrong_exchange_rate_for_cash_withdrawal
1232,2593,wrong_exchange_rate_for_cash_withdrawal,wrong_exchange_rate_for_cash_withdrawal,wrong_exchange_rate_for_cash_withdrawal
1232,2594,wrong_exchange_rate_for_cash_withdrawal,wrong_exchange_rate_for_cash_withdrawal,wrong_exchange_rate_for_cash_withdrawal
1232,2595,wrong_exchange_rate_for_cash_withdrawal,wrong_exchange_rate_for_cash_withdrawal,wrong_exchange_rate_for_cash_withdrawal
1232,2596,wrong_exchange_rate_for_cash_withdrawal,wrong_exchange_rate_for_cash_withdrawal,wrong_exchange_rate_for_cash_withdrawal
1232,2597,wrong_exchange_rate_for_cash_withdrawal,cash_withdrawal_charge,declined_cash_withdrawal
1232,2598,wrong_exchange_rate_for_cash_withdrawal,wrong_exchange_rate_for_cash_withdrawal,wrong_exchange_rate_for_cash_withdrawal
1232,2599,wrong_exchange_rate_for_cash_withdrawal,atm_support,wrong_exchange_rate_for_cash_withdrawal
1232,2600,get_disposable_virtual_card,get_disposable_virtual_card,get_disposable_virtual_card
1232,2601,get_disposable_virtual_card,get_disposable_virtual_card,get_disposable_virtual_card
1232,2602,get_disposable_virtual_card,get_disposable_virtual_card,get_disposable_virtual_card
1232,2603,get_disposable_virtual_card,get_disposable_virtual_card,get_disposable_virtual_card
1232,2604,get_disposable_virtual_card,getting_virtual_card,getting_virtual_card
1232,2605,get_disposable_virtual_card,get_disposable_virtual_card,get_disposable_virtual_card
1232,2606,get_disposable_virtual_card,getting_virtual_card,getting_virtual_card
1232,2607,get_disposable_virtual_card,disposable_card_limits,get_disposable_virtual_card
1232,2608,get_disposable_virtual_card,get_disposable_virtual_card,get_disposable_virtual_card
1232,2609,get_disposable_virtual_card,get_disposable_virtual_card,getting_virtual_card
1232,2610,get_disposable_virtual_card,disposable_card_limits,disposable_card_limits
1232,2611,get_disposable_virtual_card,get_disposable_virtual_card,getting_virtual_card
1232,2612,get_disposable_virtual_card,get_disposable_virtual_card,virtual_card_not_working
1232,2613,get_disposable_virtual_card,get_disposable_virtual_card,get_disposable_virtual_card
1232,2614,get_disposable_virtual_card,get_disposable_virtual_card,getting_virtual_card
1232,2615,get_disposable_virtual_card,get_disposable_virtual_card,getting_virtual_card
1232,2616,get_disposable_virtual_card,disposable_card_limits,disposable_card_limits
1232,2617,get_disposable_virtual_card,getting_virtual_card,getting_virtual_card
1232,2618,get_disposable_virtual_card,get_disposable_virtual_card,getting_virtual_card
1232,2619,get_disposable_virtual_card,getting_virtual_card,getting_virtual_card
1232,2620,get_disposable_virtual_card,get_disposable_virtual_card,get_disposable_virtual_card
1232,2621,get_disposable_virtual_card,get_disposable_virtual_card,get_disposable_virtual_card
1232,2622,get_disposable_virtual_card,getting_virtual_card,getting_virtual_card
1232,2623,get_disposable_virtual_card,get_disposable_virtual_card,getting_virtual_card
1232,2624,get_disposable_virtual_card,get_disposable_virtual_card,get_disposable_virtual_card
1232,2625,get_disposable_virtual_card,get_disposable_virtual_card,getting_virtual_card
1232,2626,get_disposable_virtual_card,get_disposable_virtual_card,getting_virtual_card
1232,2627,get_disposable_virtual_card,get_disposable_virtual_card,getting_virtual_card
1232,2628,get_disposable_virtual_card,get_disposable_virtual_card,get_disposable_virtual_card
1232,2629,get_disposable_virtual_card,get_disposable_virtual_card,getting_virtual_card
1232,2630,get_disposable_virtual_card,disposable_card_limits,get_disposable_virtual_card
1232,2631,get_disposable_virtual_card,get_disposable_virtual_card,getting_virtual_card
1232,2632,get_disposable_virtual_card,get_disposable_virtual_card,getting_virtual_card
1232,2633,get_disposable_virtual_card,get_disposable_virtual_card,getting_virtual_card
1232,2634,get_disposable_virtual_card,get_disposable_virtual_card,getting_virtual_card
1232,2635,get_disposable_virtual_card,get_disposable_virtual_card,getting_virtual_card
1232,2636,get_disposable_virtual_card,getting_spare_card,getting_virtual_card
1232,2637,get_disposable_virtual_card,disposable_card_limits,disposable_card_limits
1232,2638,get_disposable_virtual_card,disposable_card_limits,disposable_card_limits
1232,2639,get_disposable_virtual_card,get_disposable_virtual_card,getting_virtual_card
1232,2640,top_up_failed,top_up_failed,top_up_failed
1232,2641,top_up_failed,top_up_failed,declined_card_payment
1232,2642,top_up_failed,top_up_failed,top_up_failed
1232,2643,top_up_failed,card_not_working,card_not_working
1232,2644,top_up_failed,top_up_failed,top_up_failed
1232,2645,top_up_failed,top_up_failed,top_up_failed
1232,2646,top_up_failed,top_up_failed,top_up_failed
1232,2647,top_up_failed,top_up_failed,top_up_failed
1232,2648,top_up_failed,top_up_failed,top_up_failed
1232,2649,top_up_failed,top_up_failed,top_up_failed
1232,2650,top_up_failed,verify_top_up,verify_top_up
1232,2651,top_up_failed,top_up_failed,top_up_failed
1232,2652,top_up_failed,top_up_failed,top_up_failed
1232,2653,top_up_failed,top_up_failed,top_up_failed
1232,2654,top_up_failed,top_up_failed,top_up_failed
1232,2655,top_up_failed,top_up_failed,top_up_failed
1232,2656,top_up_failed,top_up_failed,top_up_failed
1232,2657,top_up_failed,declined_card_payment,declined_card_payment
1232,2658,top_up_failed,top_up_failed,top_up_failed
1232,2659,top_up_failed,top_up_failed,apple_pay_or_google_pay
1232,2660,top_up_failed,top_up_failed,top_up_failed
1232,2661,top_up_failed,top_up_failed,top_up_failed
1232,2662,top_up_failed,top_up_failed,top_up_failed
1232,2663,top_up_failed,pending_top_up,lost_or_stolen_phone
1232,2664,top_up_failed,top_up_failed,top_up_failed
1232,2665,top_up_failed,top_up_failed,top_up_failed
1232,2666,top_up_failed,top_up_failed,top_up_failed
1232,2667,top_up_failed,top_up_failed,top_up_failed
1232,2668,top_up_failed,top_up_failed,top_up_failed
1232,2669,top_up_failed,top_up_failed,top_up_failed
1232,2670,top_up_failed,topping_up_by_card,topping_up_by_card
1232,2671,top_up_failed,top_up_failed,top_up_failed
1232,2672,top_up_failed,top_up_failed,top_up_failed
1232,2673,top_up_failed,top_up_failed,top_up_failed
1232,2674,top_up_failed,top_up_failed,top_up_limits
1232,2675,top_up_failed,declined_cash_withdrawal,declined_cash_withdrawal
1232,2676,top_up_failed,top_up_failed,top_up_failed
1232,2677,top_up_failed,top_up_failed,top_up_failed
1232,2678,top_up_failed,top_up_failed,top_up_failed
1232,2679,top_up_failed,top_up_failed,top_up_failed
1232,2680,balance_not_updated_after_bank_transfer,balance_not_updated_after_bank_transfer,balance_not_updated_after_bank_transfer
1232,2681,balance_not_updated_after_bank_transfer,balance_not_updated_after_bank_transfer,balance_not_updated_after_bank_transfer
1232,2682,balance_not_updated_after_bank_transfer,transfer_timing,verify_source_of_funds
1232,2683,balance_not_updated_after_bank_transfer,balance_not_updated_after_bank_transfer,balance_not_updated_after_bank_transfer
1232,2684,balance_not_updated_after_bank_transfer,transfer_timing,transfer_timing
1232,2685,balance_not_updated_after_bank_transfer,transfer_timing,transfer_timing
1232,2686,balance_not_updated_after_bank_transfer,pending_transfer,failed_transfer
1232,2687,balance_not_updated_after_bank_transfer,transfer_timing,transfer_timing
1232,2688,balance_not_updated_after_bank_transfer,balance_not_updated_after_bank_transfer,balance_not_updated_after_bank_transfer
1232,2689,balance_not_updated_after_bank_transfer,balance_not_updated_after_bank_transfer,balance_not_updated_after_bank_transfer
1232,2690,balance_not_updated_after_bank_transfer,balance_not_updated_after_bank_transfer,balance_not_updated_after_bank_transfer
1232,2691,balance_not_updated_after_bank_transfer,transfer_timing,transfer_timing
1232,2692,balance_not_updated_after_bank_transfer,balance_not_updated_after_bank_transfer,balance_not_updated_after_bank_transfer
1232,2693,balance_not_updated_after_bank_transfer,beneficiary_not_allowed,beneficiary_not_allowed
1232,2694,balance_not_updated_after_bank_transfer,balance_not_updated_after_bank_transfer,balance_not_updated_after_bank_transfer
1232,2695,balance_not_updated_after_bank_transfer,balance_not_updated_after_bank_transfer,balance_not_updated_after_bank_transfer
1232,2696,balance_not_updated_after_bank_transfer,balance_not_updated_after_bank_transfer,balance_not_updated_after_bank_transfer
1232,2697,balance_not_updated_after_bank_transfer,balance_not_updated_after_bank_transfer,balance_not_updated_after_bank_transfer
1232,2698,balance_not_updated_after_bank_transfer,balance_not_updated_after_bank_transfer,balance_not_updated_after_bank_transfer
1232,2699,balance_not_updated_after_bank_transfer,balance_not_updated_after_bank_transfer,balance_not_updated_after_bank_transfer
1232,2700,balance_not_updated_after_bank_transfer,balance_not_updated_after_bank_transfer,balance_not_updated_after_bank_transfer
1232,2701,balance_not_updated_after_bank_transfer,balance_not_updated_after_bank_transfer,balance_not_updated_after_bank_transfer
1232,2702,balance_not_updated_after_bank_transfer,balance_not_updated_after_bank_transfer,balance_not_updated_after_bank_transfer
1232,2703,balance_not_updated_after_bank_transfer,beneficiary_not_allowed,beneficiary_not_allowed
1232,2704,balance_not_updated_after_bank_transfer,balance_not_updated_after_bank_transfer,beneficiary_not_allowed
1232,2705,balance_not_updated_after_bank_transfer,balance_not_updated_after_bank_transfer,balance_not_updated_after_bank_transfer
1232,2706,balance_not_updated_after_bank_transfer,beneficiary_not_allowed,balance_not_updated_after_bank_transfer
1232,2707,balance_not_updated_after_bank_transfer,balance_not_updated_after_bank_transfer,balance_not_updated_after_bank_transfer
1232,2708,balance_not_updated_after_bank_transfer,transfer_timing,transfer_timing
1232,2709,balance_not_updated_after_bank_transfer,balance_not_updated_after_bank_transfer,balance_not_updated_after_bank_transfer
1232,2710,balance_not_updated_after_bank_transfer,balance_not_updated_after_bank_transfer,balance_not_updated_after_bank_transfer
1232,2711,balance_not_updated_after_bank_transfer,beneficiary_not_allowed,beneficiary_not_allowed
1232,2712,balance_not_updated_after_bank_transfer,balance_not_updated_after_bank_transfer,balance_not_updated_after_bank_transfer
1232,2713,balance_not_updated_after_bank_transfer,transfer_timing,transfer_timing
1232,2714,balance_not_updated_after_bank_transfer,balance_not_updated_after_bank_transfer,balance_not_updated_after_bank_transfer
1232,2715,balance_not_updated_after_bank_transfer,balance_not_updated_after_bank_transfer,verify_source_of_funds
1232,2716,balance_not_updated_after_bank_transfer,pending_transfer,balance_not_updated_after_bank_transfer
1232,2717,balance_not_updated_after_bank_transfer,balance_not_updated_after_bank_transfer,balance_not_updated_after_bank_transfer
1232,2718,balance_not_updated_after_bank_transfer,balance_not_updated_after_bank_transfer,balance_not_updated_after_bank_transfer
1232,2719,balance_not_updated_after_bank_transfer,transfer_timing,verify_source_of_funds
1232,2720,cash_withdrawal_not_recognised,compromised_card,verify_source_of_funds
1232,2721,cash_withdrawal_not_recognised,pending_cash_withdrawal,lost_or_stolen_phone
1232,2722,cash_withdrawal_not_recognised,card_swallowed,verify_source_of_funds
1232,2723,cash_withdrawal_not_recognised,declined_cash_withdrawal,declined_cash_withdrawal
1232,2724,cash_withdrawal_not_recognised,card_payment_not_recognised,card_payment_not_recognised
1232,2725,cash_withdrawal_not_recognised,cash_withdrawal_not_recognised,cash_withdrawal_not_recognised
1232,2726,cash_withdrawal_not_recognised,cash_withdrawal_not_recognised,wrong_exchange_rate_for_cash_withdrawal
1232,2727,cash_withdrawal_not_recognised,declined_cash_withdrawal,card_payment_not_recognised
1232,2728,cash_withdrawal_not_recognised,declined_cash_withdrawal,declined_cash_withdrawal
1232,2729,cash_withdrawal_not_recognised,declined_cash_withdrawal,card_payment_not_recognised
1232,2730,cash_withdrawal_not_recognised,card_swallowed,wrong_exchange_rate_for_cash_withdrawal
1232,2731,cash_withdrawal_not_recognised,declined_cash_withdrawal,wrong_exchange_rate_for_cash_withdrawal
1232,2732,cash_withdrawal_not_recognised,cash_withdrawal_not_recognised,wrong_exchange_rate_for_cash_withdrawal
1232,2733,cash_withdrawal_not_recognised,wrong_exchange_rate_for_cash_withdrawal,wrong_exchange_rate_for_cash_withdrawal
1232,2734,cash_withdrawal_not_recognised,declined_cash_withdrawal,wrong_exchange_rate_for_cash_withdrawal
1232,2735,cash_withdrawal_not_recognised,compromised_card,lost_or_stolen_phone
1232,2736,cash_withdrawal_not_recognised,cash_withdrawal_not_recognised,cash_withdrawal_not_recognised
1232,2737,cash_withdrawal_not_recognised,cash_withdrawal_not_recognised,wrong_exchange_rate_for_cash_withdrawal
1232,2738,cash_withdrawal_not_recognised,declined_cash_withdrawal,wrong_exchange_rate_for_cash_withdrawal
1232,2739,cash_withdrawal_not_recognised,cash_withdrawal_not_recognised,cash_withdrawal_not_recognised
1232,2740,cash_withdrawal_not_recognised,cash_withdrawal_not_recognised,wrong_exchange_rate_for_cash_withdrawal
1232,2741,cash_withdrawal_not_recognised,card_payment_not_recognised,card_payment_not_recognised
1232,2742,cash_withdrawal_not_recognised,wrong_amount_of_cash_received,wrong_exchange_rate_for_cash_withdrawal
1232,2743,cash_withdrawal_not_recognised,card_payment_not_recognised,card_payment_not_recognised
1232,2744,cash_withdrawal_not_recognised,cash_withdrawal_not_recognised,wrong_exchange_rate_for_cash_withdrawal
1232,2745,cash_withdrawal_not_recognised,lost_or_stolen_card,lost_or_stolen_card
1232,2746,cash_withdrawal_not_recognised,card_payment_not_recognised,card_payment_not_recognised
1232,2747,cash_withdrawal_not_recognised,declined_cash_withdrawal,declined_cash_withdrawal
1232,2748,cash_withdrawal_not_recognised,cash_withdrawal_not_recognised,wrong_exchange_rate_for_cash_withdrawal
1232,2749,cash_withdrawal_not_recognised,cash_withdrawal_not_recognised,verify_source_of_funds
1232,2750,cash_withdrawal_not_recognised,wrong_exchange_rate_for_cash_withdrawal,wrong_exchange_rate_for_cash_withdrawal
1232,2751,cash_withdrawal_not_recognised,lost_or_stolen_card,verify_source_of_funds
1232,2752,cash_withdrawal_not_recognised,wrong_exchange_rate_for_cash_withdrawal,wrong_exchange_rate_for_cash_withdrawal
1232,2753,cash_withdrawal_not_recognised,cash_withdrawal_not_recognised,verify_source_of_funds
1232,2754,cash_withdrawal_not_recognised,lost_or_stolen_card,wrong_exchange_rate_for_cash_withdrawal
1232,2755,cash_withdrawal_not_recognised,card_payment_not_recognised,cash_withdrawal_not_recognised
1232,2756,cash_withdrawal_not_recognised,lost_or_stolen_card,wrong_exchange_rate_for_cash_withdrawal
1232,2757,cash_withdrawal_not_recognised,card_payment_not_recognised,cash_withdrawal_not_recognised
1232,2758,cash_withdrawal_not_recognised,declined_cash_withdrawal,wrong_exchange_rate_for_cash_withdrawal
1232,2759,cash_withdrawal_not_recognised,wrong_exchange_rate_for_cash_withdrawal,wrong_exchange_rate_for_cash_withdrawal
1232,2760,exchange_charge,exchange_charge,exchange_charge
1232,2761,exchange_charge,exchange_rate,exchange_rate
1232,2762,exchange_charge,exchange_charge,exchange_charge
1232,2763,exchange_charge,exchange_rate,exchange_rate
1232,2764,exchange_charge,exchange_charge,exchange_rate
1232,2765,exchange_charge,exchange_charge,wrong_exchange_rate_for_cash_withdrawal
1232,2766,exchange_charge,exchange_charge,exchange_charge
1232,2767,exchange_charge,exchange_charge,exchange_charge
1232,2768,exchange_charge,exchange_charge,exchange_charge
1232,2769,exchange_charge,exchange_charge,exchange_charge
1232,2770,exchange_charge,exchange_charge,exchange_charge
1232,2771,exchange_charge,exchange_charge,exchange_charge
1232,2772,exchange_charge,exchange_charge,exchange_charge
1232,2773,exchange_charge,exchange_charge,exchange_charge
1232,2774,exchange_charge,exchange_charge,exchange_charge
1232,2775,exchange_charge,exchange_charge,exchange_charge
1232,2776,exchange_charge,exchange_charge,exchange_charge
1232,2777,exchange_charge,exchange_charge,exchange_charge
1232,2778,exchange_charge,exchange_charge,exchange_charge
1232,2779,exchange_charge,exchange_charge,exchange_charge
1232,2780,exchange_charge,exchange_charge,exchange_charge
1232,2781,exchange_charge,exchange_charge,exchange_charge
1232,2782,exchange_charge,exchange_charge,exchange_charge
1232,2783,exchange_charge,exchange_charge,exchange_charge
1232,2784,exchange_charge,exchange_charge,exchange_charge
1232,2785,exchange_charge,top_up_by_card_charge,exchange_rate
1232,2786,exchange_charge,exchange_charge,exchange_charge
1232,2787,exchange_charge,exchange_charge,exchange_charge
1232,2788,exchange_charge,exchange_charge,exchange_rate
1232,2789,exchange_charge,exchange_charge,exchange_charge
1232,2790,exchange_charge,exchange_charge,exchange_charge
1232,2791,exchange_charge,exchange_charge,exchange_charge
1232,2792,exchange_charge,exchange_charge,exchange_charge
1232,2793,exchange_charge,exchange_charge,exchange_charge
1232,2794,exchange_charge,exchange_charge,exchange_charge
1232,2795,exchange_charge,exchange_charge,exchange_charge
1232,2796,exchange_charge,exchange_charge,exchange_charge
1232,2797,exchange_charge,exchange_charge,exchange_charge
1232,2798,exchange_charge,exchange_charge,exchange_charge
1232,2799,exchange_charge,exchange_charge,exchange_charge
1232,2800,top_up_by_card_charge,top_up_by_card_charge,top_up_by_card_charge
1232,2801,top_up_by_card_charge,top_up_by_card_charge,top_up_by_card_charge
1232,2802,top_up_by_card_charge,card_payment_fee_charged,card_payment_fee_charged
1232,2803,top_up_by_card_charge,top_up_by_card_charge,card_payment_fee_charged
1232,2804,top_up_by_card_charge,top_up_by_card_charge,card_payment_fee_charged
1232,2805,top_up_by_card_charge,top_up_by_card_charge,top_up_by_card_charge
1232,2806,top_up_by_card_charge,top_up_by_card_charge,top_up_limits
1232,2807,top_up_by_card_charge,top_up_by_card_charge,top_up_by_card_charge
1232,2808,top_up_by_card_charge,top_up_by_card_charge,top_up_by_card_charge
1232,2809,top_up_by_card_charge,top_up_by_card_charge,automatic_top_up
1232,2810,top_up_by_card_charge,card_payment_fee_charged,card_payment_fee_charged
1232,2811,top_up_by_card_charge,top_up_by_card_charge,top_up_by_card_charge
1232,2812,top_up_by_card_charge,top_up_by_card_charge,top_up_by_card_charge
1232,2813,top_up_by_card_charge,top_up_limits,top_up_limits
1232,2814,top_up_by_card_charge,top_up_by_card_charge,top_up_by_card_charge
1232,2815,top_up_by_card_charge,top_up_by_card_charge,top_up_by_card_charge
1232,2816,top_up_by_card_charge,top_up_by_card_charge,top_up_by_card_charge
1232,2817,top_up_by_card_charge,top_up_by_card_charge,top_up_by_card_charge
1232,2818,top_up_by_card_charge,top_up_by_card_charge,top_up_by_card_charge
1232,2819,top_up_by_card_charge,top_up_by_card_charge,top_up_by_card_charge
1232,2820,top_up_by_card_charge,top_up_by_card_charge,receiving_money
1232,2821,top_up_by_card_charge,top_up_by_card_charge,topping_up_by_card
1232,2822,top_up_by_card_charge,top_up_by_card_charge,top_up_limits
1232,2823,top_up_by_card_charge,top_up_by_card_charge,top_up_limits
1232,2824,top_up_by_card_charge,top_up_by_card_charge,top_up_by_card_charge
1232,2825,top_up_by_card_charge,top_up_by_card_charge,top_up_by_card_charge
1232,2826,top_up_by_card_charge,top_up_by_card_charge,top_up_by_card_charge
1232,2827,top_up_by_card_charge,top_up_by_card_charge,top_up_by_card_charge
1232,2828,top_up_by_card_charge,top_up_by_card_charge,top_up_by_card_charge
1232,2829,top_up_by_card_charge,top_up_by_cash_or_cheque,top_up_by_cash_or_cheque
1232,2830,top_up_by_card_charge,top_up_by_card_charge,top_up_limits
1232,2831,top_up_by_card_charge,top_up_by_card_charge,top_up_limits
1232,2832,top_up_by_card_charge,top_up_by_card_charge,top_up_by_card_charge
1232,2833,top_up_by_card_charge,top_up_by_card_charge,exchange_charge
1232,2834,top_up_by_card_charge,top_up_by_card_charge,top_up_limits
1232,2835,top_up_by_card_charge,top_up_by_card_charge,topping_up_by_card
1232,2836,top_up_by_card_charge,top_up_by_card_charge,wrong_exchange_rate_for_cash_withdrawal
1232,2837,top_up_by_card_charge,top_up_by_card_charge,top_up_by_card_charge
1232,2838,top_up_by_card_charge,top_up_by_card_charge,top_up_limits
1232,2839,top_up_by_card_charge,top_up_by_card_charge,top_up_by_card_charge
1232,2840,activate_my_card,activate_my_card,activate_my_card
1232,2841,activate_my_card,activate_my_card,activate_my_card
1232,2842,activate_my_card,activate_my_card,activate_my_card
1232,2843,activate_my_card,activate_my_card,activate_my_card
1232,2844,activate_my_card,activate_my_card,activate_my_card
1232,2845,activate_my_card,activate_my_card,activate_my_card
1232,2846,activate_my_card,activate_my_card,activate_my_card
1232,2847,activate_my_card,activate_my_card,activate_my_card
1232,2848,activate_my_card,card_about_to_expire,card_arrival
1232,2849,activate_my_card,activate_my_card,activate_my_card
1232,2850,activate_my_card,activate_my_card,activate_my_card
1232,2851,activate_my_card,activate_my_card,activate_my_card
1232,2852,activate_my_card,lost_or_stolen_card,lost_or_stolen_card
1232,2853,activate_my_card,activate_my_card,activate_my_card
1232,2854,activate_my_card,activate_my_card,activate_my_card
1232,2855,activate_my_card,activate_my_card,activate_my_card
1232,2856,activate_my_card,activate_my_card,activate_my_card
1232,2857,activate_my_card,activate_my_card,activate_my_card
1232,2858,activate_my_card,card_payment_not_recognised,declined_cash_withdrawal
1232,2859,activate_my_card,activate_my_card,activate_my_card
1232,2860,activate_my_card,activate_my_card,activate_my_card
1232,2861,activate_my_card,activate_my_card,activate_my_card
1232,2862,activate_my_card,activate_my_card,activate_my_card
1232,2863,activate_my_card,activate_my_card,getting_virtual_card
1232,2864,activate_my_card,activate_my_card,activate_my_card
1232,2865,activate_my_card,activate_my_card,activate_my_card
1232,2866,activate_my_card,activate_my_card,activate_my_card
1232,2867,activate_my_card,activate_my_card,activate_my_card
1232,2868,activate_my_card,activate_my_card,activate_my_card
1232,2869,activate_my_card,activate_my_card,activate_my_card
1232,2870,activate_my_card,activate_my_card,activate_my_card
1232,2871,activate_my_card,activate_my_card,activate_my_card
1232,2872,activate_my_card,activate_my_card,getting_virtual_card
1232,2873,activate_my_card,activate_my_card,activate_my_card
1232,2874,activate_my_card,activate_my_card,activate_my_card
1232,2875,activate_my_card,activate_my_card,activate_my_card
1232,2876,activate_my_card,activate_my_card,activate_my_card
1232,2877,activate_my_card,activate_my_card,activate_my_card
1232,2878,activate_my_card,activate_my_card,activate_my_card
1232,2879,activate_my_card,activate_my_card,activate_my_card
1232,2880,cash_withdrawal_charge,cash_withdrawal_charge,wrong_exchange_rate_for_cash_withdrawal
1232,2881,cash_withdrawal_charge,cash_withdrawal_charge,wrong_exchange_rate_for_cash_withdrawal
1232,2882,cash_withdrawal_charge,cash_withdrawal_charge,wrong_exchange_rate_for_cash_withdrawal
1232,2883,cash_withdrawal_charge,cash_withdrawal_charge,wrong_exchange_rate_for_cash_withdrawal
1232,2884,cash_withdrawal_charge,cash_withdrawal_charge,cash_withdrawal_charge
1232,2885,cash_withdrawal_charge,cash_withdrawal_charge,cash_withdrawal_charge
1232,2886,cash_withdrawal_charge,cash_withdrawal_charge,cash_withdrawal_charge
1232,2887,cash_withdrawal_charge,cash_withdrawal_charge,wrong_exchange_rate_for_cash_withdrawal
1232,2888,cash_withdrawal_charge,cash_withdrawal_charge,cash_withdrawal_charge
1232,2889,cash_withdrawal_charge,cash_withdrawal_charge,wrong_exchange_rate_for_cash_withdrawal
1232,2890,cash_withdrawal_charge,card_payment_fee_charged,card_payment_fee_charged
1232,2891,cash_withdrawal_charge,card_payment_fee_charged,wrong_exchange_rate_for_cash_withdrawal
1232,2892,cash_withdrawal_charge,card_payment_fee_charged,card_payment_fee_charged
1232,2893,cash_withdrawal_charge,cash_withdrawal_charge,wrong_exchange_rate_for_cash_withdrawal
1232,2894,cash_withdrawal_charge,cash_withdrawal_charge,wrong_exchange_rate_for_cash_withdrawal
1232,2895,cash_withdrawal_charge,cash_withdrawal_charge,wrong_exchange_rate_for_cash_withdrawal
1232,2896,cash_withdrawal_charge,cash_withdrawal_charge,wrong_exchange_rate_for_cash_withdrawal
1232,2897,cash_withdrawal_charge,cash_withdrawal_charge,wrong_exchange_rate_for_cash_withdrawal
1232,2898,cash_withdrawal_charge,cash_withdrawal_charge,wrong_exchange_rate_for_cash_withdrawal
1232,2899,cash_withdrawal_charge,cash_withdrawal_charge,wrong_exchange_rate_for_cash_withdrawal
1232,2900,cash_withdrawal_charge,card_payment_fee_charged,card_payment_fee_charged
1232,2901,cash_withdrawal_charge,cash_withdrawal_charge,wrong_exchange_rate_for_cash_withdrawal
1232,2902,cash_withdrawal_charge,cash_withdrawal_charge,wrong_exchange_rate_for_cash_withdrawal
1232,2903,cash_withdrawal_charge,wrong_exchange_rate_for_cash_withdrawal,wrong_exchange_rate_for_cash_withdrawal
1232,2904,cash_withdrawal_charge,cash_withdrawal_charge,wrong_exchange_rate_for_cash_withdrawal
1232,2905,cash_withdrawal_charge,cash_withdrawal_charge,cash_withdrawal_charge
1232,2906,cash_withdrawal_charge,card_payment_fee_charged,card_payment_fee_charged
1232,2907,cash_withdrawal_charge,cash_withdrawal_charge,card_payment_fee_charged
1232,2908,cash_withdrawal_charge,cash_withdrawal_charge,verify_source_of_funds
1232,2909,cash_withdrawal_charge,cash_withdrawal_charge,wrong_exchange_rate_for_cash_withdrawal
1232,2910,cash_withdrawal_charge,cash_withdrawal_charge,wrong_exchange_rate_for_cash_withdrawal
1232,2911,cash_withdrawal_charge,cash_withdrawal_charge,wrong_exchange_rate_for_cash_withdrawal
1232,2912,cash_withdrawal_charge,cash_withdrawal_charge,wrong_exchange_rate_for_cash_withdrawal
1232,2913,cash_withdrawal_charge,cash_withdrawal_charge,wrong_exchange_rate_for_cash_withdrawal
1232,2914,cash_withdrawal_charge,cash_withdrawal_charge,wrong_exchange_rate_for_cash_withdrawal
1232,2915,cash_withdrawal_charge,cash_withdrawal_charge,wrong_amount_of_cash_received
1232,2916,cash_withdrawal_charge,card_swallowed,wrong_exchange_rate_for_cash_withdrawal
1232,2917,cash_withdrawal_charge,card_payment_wrong_exchange_rate,wrong_exchange_rate_for_cash_withdrawal
1232,2918,cash_withdrawal_charge,cash_withdrawal_charge,wrong_exchange_rate_for_cash_withdrawal
1232,2919,cash_withdrawal_charge,cash_withdrawal_charge,cash_withdrawal_charge
1232,2920,card_about_to_expire,card_about_to_expire,card_acceptance
1232,2921,card_about_to_expire,card_about_to_expire,card_arrival
1232,2922,card_about_to_expire,card_about_to_expire,card_about_to_expire
1232,2923,card_about_to_expire,card_about_to_expire,card_not_working
1232,2924,card_about_to_expire,card_about_to_expire,card_about_to_expire
1232,2925,card_about_to_expire,card_about_to_expire,card_about_to_expire
1232,2926,card_about_to_expire,card_about_to_expire,card_not_working
1232,2927,card_about_to_expire,card_about_to_expire,getting_virtual_card
1232,2928,card_about_to_expire,card_about_to_expire,card_not_working
1232,2929,card_about_to_expire,card_about_to_expire,card_arrival
1232,2930,card_about_to_expire,card_about_to_expire,card_about_to_expire
1232,2931,card_about_to_expire,card_about_to_expire,card_about_to_expire
1232,2932,card_about_to_expire,card_about_to_expire,card_about_to_expire
1232,2933,card_about_to_expire,card_about_to_expire,card_about_to_expire
1232,2934,card_about_to_expire,card_about_to_expire,card_not_working
1232,2935,card_about_to_expire,card_about_to_expire,virtual_card_not_working
1232,2936,card_about_to_expire,card_about_to_expire,card_about_to_expire
1232,2937,card_about_to_expire,card_about_to_expire,card_about_to_expire
1232,2938,card_about_to_expire,card_about_to_expire,card_not_working
1232,2939,card_about_to_expire,order_physical_card,getting_virtual_card
1232,2940,card_about_to_expire,card_about_to_expire,card_arrival
1232,2941,card_about_to_expire,card_about_to_expire,card_about_to_expire
1232,2942,card_about_to_expire,card_about_to_expire,card_about_to_expire
1232,2943,card_about_to_expire,card_about_to_expire,card_about_to_expire
1232,2944,card_about_to_expire,card_about_to_expire,virtual_card_not_working
1232,2945,card_about_to_expire,card_about_to_expire,getting_virtual_card
1232,2946,card_about_to_expire,card_about_to_expire,card_about_to_expire
1232,2947,card_about_to_expire,card_about_to_expire,getting_virtual_card
1232,2948,card_about_to_expire,card_about_to_expire,card_acceptance
1232,2949,card_about_to_expire,card_about_to_expire,card_about_to_expire
1232,2950,card_about_to_expire,card_about_to_expire,card_about_to_expire
1232,2951,card_about_to_expire,card_about_to_expire,card_about_to_expire
1232,2952,card_about_to_expire,card_about_to_expire,card_about_to_expire
1232,2953,card_about_to_expire,card_about_to_expire,card_about_to_expire
1232,2954,card_about_to_expire,card_about_to_expire,card_arrival
1232,2955,card_about_to_expire,card_about_to_expire,card_arrival
1232,2956,card_about_to_expire,card_about_to_expire,card_about_to_expire
1232,2957,card_about_to_expire,card_about_to_expire,card_about_to_expire
1232,2958,card_about_to_expire,activate_my_card,getting_virtual_card
1232,2959,card_about_to_expire,getting_spare_card,card_arrival
1232,2960,apple_pay_or_google_pay,apple_pay_or_google_pay,apple_pay_or_google_pay
1232,2961,apple_pay_or_google_pay,apple_pay_or_google_pay,apple_pay_or_google_pay
1232,2962,apple_pay_or_google_pay,apple_pay_or_google_pay,apple_pay_or_google_pay
1232,2963,apple_pay_or_google_pay,apple_pay_or_google_pay,receiving_money
1232,2964,apple_pay_or_google_pay,apple_pay_or_google_pay,apple_pay_or_google_pay
1232,2965,apple_pay_or_google_pay,apple_pay_or_google_pay,apple_pay_or_google_pay
1232,2966,apple_pay_or_google_pay,apple_pay_or_google_pay,apple_pay_or_google_pay
1232,2967,apple_pay_or_google_pay,apple_pay_or_google_pay,apple_pay_or_google_pay
1232,2968,apple_pay_or_google_pay,apple_pay_or_google_pay,apple_pay_or_google_pay
1232,2969,apple_pay_or_google_pay,apple_pay_or_google_pay,apple_pay_or_google_pay
1232,2970,apple_pay_or_google_pay,apple_pay_or_google_pay,apple_pay_or_google_pay
1232,2971,apple_pay_or_google_pay,apple_pay_or_google_pay,apple_pay_or_google_pay
1232,2972,apple_pay_or_google_pay,apple_pay_or_google_pay,apple_pay_or_google_pay
1232,2973,apple_pay_or_google_pay,apple_pay_or_google_pay,apple_pay_or_google_pay
1232,2974,apple_pay_or_google_pay,apple_pay_or_google_pay,apple_pay_or_google_pay
1232,2975,apple_pay_or_google_pay,apple_pay_or_google_pay,verify_source_of_funds
1232,2976,apple_pay_or_google_pay,apple_pay_or_google_pay,apple_pay_or_google_pay
1232,2977,apple_pay_or_google_pay,apple_pay_or_google_pay,apple_pay_or_google_pay
1232,2978,apple_pay_or_google_pay,apple_pay_or_google_pay,apple_pay_or_google_pay
1232,2979,apple_pay_or_google_pay,apple_pay_or_google_pay,apple_pay_or_google_pay
1232,2980,apple_pay_or_google_pay,apple_pay_or_google_pay,apple_pay_or_google_pay
1232,2981,apple_pay_or_google_pay,apple_pay_or_google_pay,apple_pay_or_google_pay
1232,2982,apple_pay_or_google_pay,apple_pay_or_google_pay,apple_pay_or_google_pay
1232,2983,apple_pay_or_google_pay,apple_pay_or_google_pay,apple_pay_or_google_pay
1232,2984,apple_pay_or_google_pay,apple_pay_or_google_pay,exchange_rate
1232,2985,apple_pay_or_google_pay,apple_pay_or_google_pay,apple_pay_or_google_pay
1232,2986,apple_pay_or_google_pay,apple_pay_or_google_pay,apple_pay_or_google_pay
1232,2987,apple_pay_or_google_pay,apple_pay_or_google_pay,apple_pay_or_google_pay
1232,2988,apple_pay_or_google_pay,apple_pay_or_google_pay,apple_pay_or_google_pay
1232,2989,apple_pay_or_google_pay,apple_pay_or_google_pay,apple_pay_or_google_pay
1232,2990,apple_pay_or_google_pay,apple_pay_or_google_pay,receiving_money
1232,2991,apple_pay_or_google_pay,apple_pay_or_google_pay,apple_pay_or_google_pay
1232,2992,apple_pay_or_google_pay,apple_pay_or_google_pay,apple_pay_or_google_pay
1232,2993,apple_pay_or_google_pay,apple_pay_or_google_pay,apple_pay_or_google_pay
1232,2994,apple_pay_or_google_pay,apple_pay_or_google_pay,apple_pay_or_google_pay
1232,2995,apple_pay_or_google_pay,apple_pay_or_google_pay,apple_pay_or_google_pay
1232,2996,apple_pay_or_google_pay,apple_pay_or_google_pay,apple_pay_or_google_pay
1232,2997,apple_pay_or_google_pay,apple_pay_or_google_pay,apple_pay_or_google_pay
1232,2998,apple_pay_or_google_pay,apple_pay_or_google_pay,apple_pay_or_google_pay
1232,2999,apple_pay_or_google_pay,apple_pay_or_google_pay,apple_pay_or_google_pay
1232,3000,verify_my_identity,verify_my_identity,verify_my_identity
1232,3001,verify_my_identity,verify_my_identity,verify_my_identity
1232,3002,verify_my_identity,verify_my_identity,verify_my_identity
1232,3003,verify_my_identity,verify_my_identity,verify_source_of_funds
1232,3004,verify_my_identity,verify_my_identity,verify_my_identity
1232,3005,verify_my_identity,verify_my_identity,verify_my_identity
1232,3006,verify_my_identity,verify_my_identity,verify_my_identity
1232,3007,verify_my_identity,why_verify_identity,why_verify_identity
1232,3008,verify_my_identity,verify_my_identity,why_verify_identity
1232,3009,verify_my_identity,verify_my_identity,why_verify_identity
1232,3010,verify_my_identity,verify_my_identity,verify_my_identity
1232,3011,verify_my_identity,verify_my_identity,why_verify_identity
1232,3012,verify_my_identity,verify_my_identity,why_verify_identity
1232,3013,verify_my_identity,verify_my_identity,unable_to_verify_identity
1232,3014,verify_my_identity,verify_my_identity,verify_my_identity
1232,3015,verify_my_identity,verify_my_identity,verify_source_of_funds
1232,3016,verify_my_identity,verify_my_identity,why_verify_identity
1232,3017,verify_my_identity,verify_my_identity,verify_my_identity
1232,3018,verify_my_identity,verify_my_identity,verify_my_identity
1232,3019,verify_my_identity,verify_my_identity,verify_my_identity
1232,3020,verify_my_identity,verify_my_identity,why_verify_identity
1232,3021,verify_my_identity,verify_my_identity,verify_my_identity
1232,3022,verify_my_identity,verify_my_identity,verify_my_identity
1232,3023,verify_my_identity,why_verify_identity,why_verify_identity
1232,3024,verify_my_identity,why_verify_identity,why_verify_identity
1232,3025,verify_my_identity,verify_my_identity,verify_my_identity
1232,3026,verify_my_identity,verify_my_identity,verify_my_identity
1232,3027,verify_my_identity,why_verify_identity,why_verify_identity
1232,3028,verify_my_identity,verify_my_identity,verify_my_identity
1232,3029,verify_my_identity,verify_my_identity,verify_my_identity
1232,3030,verify_my_identity,verify_my_identity,verify_my_identity
1232,3031,verify_my_identity,verify_my_identity,why_verify_identity
1232,3032,verify_my_identity,verify_my_identity,verify_my_identity
1232,3033,verify_my_identity,why_verify_identity,why_verify_identity
1232,3034,verify_my_identity,verify_my_identity,why_verify_identity
1232,3035,verify_my_identity,verify_my_identity,why_verify_identity
1232,3036,verify_my_identity,verify_my_identity,why_verify_identity
1232,3037,verify_my_identity,verify_my_identity,why_verify_identity
1232,3038,verify_my_identity,verify_my_identity,verify_my_identity
1232,3039,verify_my_identity,verify_my_identity,verify_my_identity
1232,3040,country_support,order_physical_card,order_physical_card
1232,3041,country_support,country_support,country_support
1232,3042,country_support,country_support,country_support
1232,3043,country_support,country_support,fiat_currency_support
1232,3044,country_support,card_acceptance,card_arrival
1232,3045,country_support,country_support,card_acceptance
1232,3046,country_support,country_support,country_support
1232,3047,country_support,country_support,card_arrival
1232,3048,country_support,getting_virtual_card,getting_virtual_card
1232,3049,country_support,country_support,country_support
1232,3050,country_support,country_support,country_support
1232,3051,country_support,country_support,verify_source_of_funds
1232,3052,country_support,fiat_currency_support,fiat_currency_support
1232,3053,country_support,getting_virtual_card,getting_virtual_card
1232,3054,country_support,activate_my_card,card_arrival
1232,3055,country_support,country_support,country_support
1232,3056,country_support,country_support,country_support
1232,3057,country_support,country_support,fiat_currency_support
1232,3058,country_support,verify_source_of_funds,verify_source_of_funds
1232,3059,country_support,country_support,card_acceptance
1232,3060,country_support,country_support,country_support
1232,3061,country_support,country_support,card_acceptance
1232,3062,country_support,fiat_currency_support,fiat_currency_support
1232,3063,country_support,country_support,fiat_currency_support
1232,3064,country_support,card_acceptance,card_acceptance
1232,3065,country_support,country_support,fiat_currency_support
1232,3066,country_support,order_physical_card,card_arrival
1232,3067,country_support,country_support,card_acceptance
1232,3068,country_support,country_support,verify_source_of_funds
1232,3069,country_support,country_support,exchange_rate
1232,3070,country_support,country_support,country_support
1232,3071,country_support,fiat_currency_support,fiat_currency_support
1232,3072,country_support,country_support,country_support
1232,3073,country_support,country_support,fiat_currency_support
1232,3074,country_support,country_support,country_support
1232,3075,country_support,country_support,country_support
1232,3076,country_support,fiat_currency_support,fiat_currency_support
1232,3077,country_support,country_support,exchange_rate
1232,3078,country_support,country_support,exchange_rate
1232,3079,country_support,card_acceptance,card_acceptance
