Compiler/NonlinearRnsProfiled.lean:29:64: error: unsolved goals
case «0».«0»
⊢ ((if ⟨0, ⋯⟩ = ⟨0, ⋯⟩ then 1 else 0) + if ⟨0, ⋯⟩ = ⟨9, ⋯⟩ then 1 else 0) <
      512 ^
        (![24, 24, 24, 24, 24, 24, 24, 24, 24, 38, 24, 38, 24, 46, 24, 29, 24, 29, 24, 29, 24, 29, 24] ⟨0, ⋯⟩ - 22) ∧
    (-if ⟨0, ⋯⟩ = ⟨9, ⋯⟩ then 1 else 0) <
      512 ^
          (![24, 24, 24, 24, 24, 24, 24, 24, 24, 38, 24, 38, 24, 46, 24, 29, 24, 29, 24, 29, 24, 29, 24] ⟨0, ⋯⟩ - 22) +
        if ⟨0, ⋯⟩ = ⟨0, ⋯⟩ then 1 else 0

case «0».«1»
⊢ ((if ⟨1, ⋯⟩ = ⟨0, ⋯⟩ then 1 else 0) + if ⟨1, ⋯⟩ = ⟨9, ⋯⟩ then 1 else 0) <
      512 ^
        (![24, 24, 24, 24, 24, 24, 24, 24, 24, 38, 24, 38, 24, 46, 24, 29, 24, 29, 24, 29, 24, 29, 24] ⟨0, ⋯⟩ - 22) ∧
    (-if ⟨1, ⋯⟩ = ⟨9, ⋯⟩ then 1 else 0) <
      512 ^
          (![24, 24, 24, 24, 24, 24, 24, 24, 24, 38, 24, 38, 24, 46, 24, 29, 24, 29, 24, 29, 24, 29, 24] ⟨0, ⋯⟩ - 22) +
        if ⟨1, ⋯⟩ = ⟨0, ⋯⟩ then 1 else 0

case «0».«2»
⊢ ((if ⟨2, ⋯⟩ = ⟨0, ⋯⟩ then 1 else 0) + if ⟨2, ⋯⟩ = ⟨9, ⋯⟩ then 1 else 0) <
      512 ^
        (![24, 24, 24, 24, 24, 24, 24, 24, 24, 38, 24, 38, 24, 46, 24, 29, 24, 29, 24, 29, 24, 29, 24] ⟨0, ⋯⟩ - 22) ∧
    (-if ⟨2, ⋯⟩ = ⟨9, ⋯⟩ then 1 else 0) <
      512 ^
          (![24, 24, 24, 24, 24, 24, 24, 24, 24, 38, 24, 38, 24, 46, 24, 29, 24, 29, 24, 29, 24, 29, 24] ⟨0, ⋯⟩ - 22) +
        if ⟨2, ⋯⟩ = ⟨0, ⋯⟩ then 1 else 0

case «0».«3»
⊢ ((if ⟨3, ⋯⟩ = ⟨0, ⋯⟩ then 1 else 0) + if ⟨3, ⋯⟩ = ⟨9, ⋯⟩ then 1 else 0) <
      512 ^
        (![24, 24, 24, 24, 24, 24, 24, 24, 24, 38, 24, 38, 24, 46, 24, 29, 24, 29, 24, 29, 24, 29, 24] ⟨0, ⋯⟩ - 22) ∧
    (-if ⟨3, ⋯⟩ = ⟨9, ⋯⟩ then 1 else 0) <
      512 ^
          (![24, 24, 24, 24, 24, 24, 24, 24, 24, 38, 24, 38, 24, 46, 24, 29, 24, 29, 24, 29, 24, 29, 24] ⟨0, ⋯⟩ - 22) +
        if ⟨3, ⋯⟩ = ⟨0, ⋯⟩ then 1 else 0

case «0».«4»
⊢ ((if ⟨4, ⋯⟩ = ⟨0, ⋯⟩ then 1 else 0) + if ⟨4, ⋯⟩ = ⟨9, ⋯⟩ then 1 else 0) <
      512 ^
        (![24, 24, 24, 24, 24, 24, 24, 24, 24, 38, 24, 38, 24, 46, 24, 29, 24, 29, 24, 29, 24, 29, 24] ⟨0, ⋯⟩ - 22) ∧
    (-if ⟨4, ⋯⟩ = ⟨9, ⋯⟩ then 1 else 0) <
      512 ^
          (![24, 24, 24, 24, 24, 24, 24, 24, 24, 38, 24, 38, 24, 46, 24, 29, 24, 29, 24, 29, 24, 29, 24] ⟨0, ⋯⟩ - 22) +
        if ⟨4, ⋯⟩ = ⟨0, ⋯⟩ then 1 else 0

case «0».«5»
⊢ ((if ⟨5, ⋯⟩ = ⟨0, ⋯⟩ then 1 else 0) + if ⟨5, ⋯⟩ = ⟨9, ⋯⟩ then 1 else 0) <
      512 ^
        (![24, 24, 24, 24, 24, 24, 24, 24, 24, 38, 24, 38, 24, 46, 24, 29, 24, 29, 24, 29, 24, 29, 24] ⟨0, ⋯⟩ - 22) ∧
    (-if ⟨5, ⋯⟩ = ⟨9, ⋯⟩ then 1 else 0) <
      512 ^
          (![24, 24, 24, 24, 24, 24, 24, 24, 24, 38, 24, 38, 24, 46, 24, 29, 24, 29, 24, 29, 24, 29, 24] ⟨0, ⋯⟩ - 22) +
        if ⟨5, ⋯⟩ = ⟨0, ⋯⟩ then 1 else 0

case «0».«6»
⊢ ((if ⟨6, ⋯⟩ = ⟨0, ⋯⟩ then 1 else 0) + if ⟨6, ⋯⟩ = ⟨9, ⋯⟩ then 1 else 0) <
      512 ^
        (![24, 24, 24, 24, 24, 24, 24, 24, 24, 38, 24, 38, 24, 46, 24, 29, 24, 29, 24, 29, 24, 29, 24] ⟨0, ⋯⟩ - 22) ∧
    (-if ⟨6, ⋯⟩ = ⟨9, ⋯⟩ then 1 else 0) <
      512 ^
          (![24, 24, 24, 24, 24, 24, 24, 24, 24, 38, 24, 38, 24, 46, 24, 29, 24, 29, 24, 29, 24, 29, 24] ⟨0, ⋯⟩ - 22) +
        if ⟨6, ⋯⟩ = ⟨0, ⋯⟩ then 1 else 0

case «0».«7»
⊢ ((if ⟨7, ⋯⟩ = ⟨0, ⋯⟩ then 1 else 0) + if ⟨7, ⋯⟩ = ⟨9, ⋯⟩ then 1 else 0) <
      512 ^
        (![24, 24, 24, 24, 24, 24, 24, 24, 24, 38, 24, 38, 24, 46, 24, 29, 24, 29, 24, 29, 24, 29, 24] ⟨0, ⋯⟩ - 22) ∧
    (-if ⟨7, ⋯⟩ = ⟨9, ⋯⟩ then 1 else 0) <
      512 ^
          (![24, 24, 24, 24, 24, 24, 24, 24, 24, 38, 24, 38, 24, 46, 24, 29, 24, 29, 24, 29, 24, 29, 24] ⟨0, ⋯⟩ - 22) +
        if ⟨7, ⋯⟩ = ⟨0, ⋯⟩ then 1 else 0

case «0».«8»
⊢ ((if ⟨8, ⋯⟩ = ⟨0, ⋯⟩ then 1 else 0) + if ⟨8, ⋯⟩ = ⟨9, ⋯⟩ then 1 else 0) <
      512 ^
        (![24, 24, 24, 24, 24, 24, 24, 24, 24, 38, 24, 38, 24, 46, 24, 29, 24, 29, 24, 29, 24, 29, 24] ⟨0, ⋯⟩ - 22) ∧
    (-if ⟨8, ⋯⟩ = ⟨9, ⋯⟩ then 1 else 0) <
      512 ^
          (![24, 24, 24, 24, 24, 24, 24, 24, 24, 38, 24, 38, 24, 46, 24, 29, 24, 29, 24, 29, 24, 29, 24] ⟨0, ⋯⟩ - 22) +
        if ⟨8, ⋯⟩ = ⟨0, ⋯⟩ then 1 else 0

case «0».«9»
⊢ ((if ⟨9, ⋯⟩ = ⟨0, ⋯⟩ then 1 else 0) + if ⟨9, ⋯⟩ = ⟨9, ⋯⟩ then 1 else 0) <
      512 ^
        (![24, 24, 24, 24, 24, 24, 24, 24, 24, 38, 24, 38, 24, 46, 24, 29, 24, 29, 24, 29, 24, 29, 24] ⟨0, ⋯⟩ - 22) ∧
    (-if ⟨9, ⋯⟩ = ⟨9, ⋯⟩ then 1 else 0) <
      512 ^
          (![24, 24, 24, 24, 24, 24, 24, 24, 24, 38, 24, 38, 24, 46, 24, 29, 24, 29, 24, 29, 24, 29, 24] ⟨0, ⋯⟩ - 22) +
        if ⟨9, ⋯⟩ = ⟨0, ⋯⟩ then 1 else 0

case «0».«10»
⊢ ((if ⟨10, ⋯⟩ = ⟨0, ⋯⟩ then 1 else 0) + if ⟨10, ⋯⟩ = ⟨9, ⋯⟩ then 1 else 0) <
      512 ^
        (![24, 24, 24, 24, 24, 24, 24, 24, 24, 38, 24, 38, 24, 46, 24, 29, 24, 29, 24, 29, 24, 29, 24] ⟨0, ⋯⟩ - 22) ∧
    (-if ⟨10, ⋯⟩ = ⟨9, ⋯⟩ then 1 else 0) <
      512 ^
          (![24, 24, 24, 24, 24, 24, 24, 24, 24, 38, 24, 38, 24, 46, 24, 29, 24, 29, 24, 29, 24, 29, 24] ⟨0, ⋯⟩ - 22) +
        if ⟨10, ⋯⟩ = ⟨0, ⋯⟩ then 1 else 0

case «0».«11»
⊢ ((if ⟨11, ⋯⟩ = ⟨0, ⋯⟩ then 1 else 0) + if ⟨11, ⋯⟩ = ⟨9, ⋯⟩ then 1 else 0) <
      512 ^
        (![24, 24, 24, 24, 24, 24, 24, 24, 24, 38, 24, 38, 24, 46, 24, 29, 24, 29, 24, 29, 24, 29, 24] ⟨0, ⋯⟩ - 22) ∧
    (-if ⟨11, ⋯⟩ = ⟨9, ⋯⟩ then 1 else 0) <
      512 ^
          (![24, 24, 24, 24, 24, 24, 24, 24, 24, 38, 24, 38, 24, 46, 24, 29, 24, 29, 24, 29, 24, 29, 24] ⟨0, ⋯⟩ - 22) +
        if ⟨11, ⋯⟩ = ⟨0, ⋯⟩ then 1 else 0

case «0».«12»
⊢ ((if ⟨12, ⋯⟩ = ⟨0, ⋯⟩ then 1 else 0) + if ⟨12, ⋯⟩ = ⟨9, ⋯⟩ then 1 else 0) <
      512 ^
        (![24, 24, 24, 24, 24, 24, 24, 24, 24, 38, 24, 38, 24, 46, 24, 29, 24, 29, 24, 29, 24, 29, 24] ⟨0, ⋯⟩ - 22) ∧
    (-if ⟨12, ⋯⟩ = ⟨9, ⋯⟩ then 1 else 0) <
      512 ^
          (![24, 24, 24, 24, 24, 24, 24, 24, 24, 38, 24, 38, 24, 46, 24, 29, 24, 29, 24, 29, 24, 29, 24] ⟨0, ⋯⟩ - 22) +
        if ⟨12, ⋯⟩ = ⟨0, ⋯⟩ then 1 else 0

case «0».«13»
⊢ ((if ⟨13, ⋯⟩ = ⟨0, ⋯⟩ then 1 else 0) + if ⟨13, ⋯⟩ = ⟨9, ⋯⟩ then 1 else 0) <
      512 ^
        (![24, 24, 24, 24, 24, 24, 24, 24, 24, 38, 24, 38, 24, 46, 24, 29, 24, 29, 24, 29, 24, 29, 24] ⟨0, ⋯⟩ - 22) ∧
    (-if ⟨13, ⋯⟩ = ⟨9, ⋯⟩ then 1 else 0) <
      512 ^
          (![24, 24, 24, 24, 24, 24, 24, 24, 24, 38, 24, 38, 24, 46, 24, 29, 24, 29, 24, 29, 24, 29, 24] ⟨0, ⋯⟩ - 22) +
        if ⟨13, ⋯⟩ = ⟨0, ⋯⟩ then 1 else 0

case «0».«14»
⊢ ((if ⟨14, ⋯⟩ = ⟨0, ⋯⟩ then 1 else 0) + if ⟨14, ⋯⟩ = ⟨9, ⋯⟩ then 1 else 0) <
      512 ^
        (![24, 24, 24, 24, 24, 24, 24, 24, 24, 38, 24, 38, 24, 46, 24, 29, 24, 29, 24, 29, 24, 29, 24] ⟨0, ⋯⟩ - 22) ∧
    (-if ⟨14, ⋯⟩ = ⟨9, ⋯⟩ then 1 else 0) <
      512 ^
          (![24, 24, 24, 24, 24, 24, 24, 24, 24, 38, 24, 38, 24, 46, 24, 29, 24, 29, 24, 29, 24, 29, 24] ⟨0, ⋯⟩ - 22) +
        if ⟨14, ⋯⟩ = ⟨0, ⋯⟩ then 1 else 0

case «0».«15»
⊢ ((if ⟨15, ⋯⟩ = ⟨0, ⋯⟩ then 1 else 0) + if ⟨15, ⋯⟩ = ⟨9, ⋯⟩ then 1 else 0) <
      512 ^
        (![24, 24, 24, 24, 24, 24, 24, 24, 24, 38, 24, 38, 24, 46, 24, 29, 24, 29, 24, 29, 24, 29, 24] ⟨0, ⋯⟩ - 22) ∧
    (-if ⟨15, ⋯⟩ = ⟨9, ⋯⟩ then 1 else 0) <
      512 ^
          (![24, 24, 24, 24, 24, 24, 24, 24, 24, 38, 24, 38, 24, 46, 24, 29, 24, 29, 24, 29, 24, 29, 24] ⟨0, ⋯⟩ - 22) +
        if ⟨15, ⋯⟩ = ⟨0, ⋯⟩ then 1 else 0

case «0».«16»
⊢ ((if ⟨16, ⋯⟩ = ⟨0, ⋯⟩ then 1 else 0) + if ⟨16, ⋯⟩ = ⟨9, ⋯⟩ then 1 else 0) <
      512 ^
        (![24, 24, 24, 24, 24, 24, 24, 24, 24, 38, 24, 38, 24, 46, 24, 29, 24, 29, 24, 29, 24, 29, 24] ⟨0, ⋯⟩ - 22) ∧
    (-if ⟨16, ⋯⟩ = ⟨9, ⋯⟩ then 1 else 0) <
      512 ^
          (![24, 24, 24, 24, 24, 24, 24, 24, 24, 38, 24, 38, 24, 46, 24, 29, 24, 29, 24, 29, 24, 29, 24] ⟨0, ⋯⟩ - 22) +
        if ⟨16, ⋯⟩ = ⟨0, ⋯⟩ then 1 else 0

case «0».«17»
⊢ ((if ⟨17, ⋯⟩ = ⟨0, ⋯⟩ then 1 else 0) + if ⟨17, ⋯⟩ = ⟨9, ⋯⟩ then 1 else 0) <
      512 ^
        (![24, 24, 24, 24, 24, 24, 24, 24, 24, 38, 24, 38, 24, 46, 24, 29, 24, 29, 24, 29, 24, 29, 24] ⟨0, ⋯⟩ - 22) ∧
    (-if ⟨17, ⋯⟩ = ⟨9, ⋯⟩ then 1 else 0) <
      512 ^
          (![24, 24, 24, 24, 24, 24, 24, 24, 24, 38, 24, 38, 24, 46, 24, 29, 24, 29, 24, 29, 24, 29, 24] ⟨0, ⋯⟩ - 22) +
        if ⟨17, ⋯⟩ = ⟨0, ⋯⟩ then 1 else 0

case «0».«18»
⊢ ((if ⟨18, ⋯⟩ = ⟨0, ⋯⟩ then 1 else 0) + if ⟨18, ⋯⟩ = ⟨9, ⋯⟩ then 1 else 0) <
      512 ^
        (![24, 24, 24, 24, 24, 24, 24, 24, 24, 38, 24, 38, 24, 46, 24, 29, 24, 29, 24, 29, 24, 29, 24] ⟨0, ⋯⟩ - 22) ∧
    (-if ⟨18, ⋯⟩ = ⟨9, ⋯⟩ then 1 else 0) <
      512 ^
          (![24, 24, 24, 24, 24, 24, 24, 24, 24, 38, 24, 38, 24, 46, 24, 29, 24, 29, 24, 29, 24, 29, 24] ⟨0, ⋯⟩ - 22) +
        if ⟨18, ⋯⟩ = ⟨0, ⋯⟩ then 1 else 0

case «0».«19»
⊢ ((if ⟨19, ⋯⟩ = ⟨0, ⋯⟩ then 1 else 0) + if ⟨19, ⋯⟩ = ⟨9, ⋯⟩ then 1 else 0) <
      512 ^
        (![24, 24, 24, 24, 24, 24, 24, 24, 24, 38, 24, 38, 24, 46, 24, 29, 24, 29, 24, 29, 24, 29, 24] ⟨0, ⋯⟩ - 22) ∧
    (-if ⟨19, ⋯⟩ = ⟨9, ⋯⟩ then 1 else 0) <
      512 ^
          (![24, 24, 24, 24, 24, 24, 24, 24, 24, 38, 24, 38, 24, 46, 24, 29, 24, 29, 24, 29, 24, 29, 24] ⟨0, ⋯⟩ - 22) +
        if ⟨19, ⋯⟩ = ⟨0, ⋯⟩ then 1 else 0

case «0».«20»
⊢ ((if ⟨20, ⋯⟩ = ⟨0, ⋯⟩ then 1 else 0) + if ⟨20, ⋯⟩ = ⟨9, ⋯⟩ then 1 else 0) <
      512 ^
        (![24, 24, 24, 24, 24, 24, 24, 24, 24, 38, 24, 38, 24, 46, 24, 29, 24, 29, 24, 29, 24, 29, 24] ⟨0, ⋯⟩ - 22) ∧
    (-if ⟨20, ⋯⟩ = ⟨9, ⋯⟩ then 1 else 0) <
      512 ^
          (![24, 24, 24, 24, 24, 24, 24, 24, 24, 38, 24, 38, 24, 46, 24, 29, 24, 29, 24, 29, 24, 29, 24] ⟨0, ⋯⟩ - 22) +
        if ⟨20, ⋯⟩ = ⟨0, ⋯⟩ then 1 else 0

case «0».«21»
⊢ ((if ⟨21, ⋯⟩ = ⟨0, ⋯⟩ then 1 else 0) + if ⟨21, ⋯⟩ = ⟨9, ⋯⟩ then 1 else 0) <
      512 ^
        (![24, 24, 24, 24, 24, 24, 24, 24, 24, 38, 24, 38, 24, 46, 24, 29, 24, 29, 24, 29, 24, 29, 24] ⟨0, ⋯⟩ - 22) ∧
    (-if ⟨21, ⋯⟩ = ⟨9, ⋯⟩ then 1 else 0) <
      512 ^
          (![24, 24, 24, 24, 24, 24, 24, 24, 24, 38, 24, 38, 24, 46, 24, 29, 24, 29, 24, 29, 24, 29, 24] ⟨0, ⋯⟩ - 22) +
        if ⟨21, ⋯⟩ = ⟨0, ⋯⟩ then 1 else 0

case «0».«22»
⊢ ((if ⟨22, ⋯⟩ = ⟨0, ⋯⟩ then 1 else 0) + if ⟨22, ⋯⟩ = ⟨9, ⋯⟩ then 1 else 0) <
      512 ^
        (![24, 24, 24, 24, 24, 24, 24, 24, 24, 38, 24, 38, 24, 46, 24, 29, 24, 29, 24, 29, 24, 29, 24] ⟨0, ⋯⟩ - 22) ∧
    (-if ⟨22, ⋯⟩ = ⟨9, ⋯⟩ then 1 else 0) <
      512 ^
          (![24, 24, 24, 24, 24, 24, 24, 24, 24, 38, 24, 38, 24, 46, 24, 29, 24, 29, 24, 29, 24, 29, 24] ⟨0, ⋯⟩ - 22) +
        if ⟨22, ⋯⟩ = ⟨0, ⋯⟩ then 1 else 0

case «0».«23»
⊢ ((if ⟨23, ⋯⟩ = ⟨0, ⋯⟩ then 1 else 0) + if ⟨23, ⋯⟩ = ⟨9, ⋯⟩ then 1 else 0) <
      512 ^
        (![24, 24, 24, 24, 24, 24, 24, 24, 24, 38, 24, 38, 24, 46, 24, 29, 24, 29, 24, 29, 24, 29, 24] ⟨0, ⋯⟩ - 22) ∧
    (-if ⟨23, ⋯⟩ = ⟨9, ⋯⟩ then 1 else 0) <
      512 ^
          (![24, 24, 24, 24, 24, 24, 24, 24, 24, 38, 24, 38, 24, 46, 24, 29, 24, 29, 24, 29, 24, 29, 24] ⟨0, ⋯⟩ - 22) +
        if ⟨23, ⋯⟩ = ⟨0, ⋯⟩ then 1 else 0

case «0».«24»
⊢ ((if ⟨24, ⋯⟩ = ⟨0, ⋯⟩ then 1 else 0) + if ⟨24, ⋯⟩ = ⟨9, ⋯⟩ then 1 else 0) <
      512 ^
        (![24, 24, 24, 24, 24, 24, 24, 24, 24, 38, 24, 38, 24, 46, 24, 29, 24, 29, 24, 29, 24, 29, 24] ⟨0, ⋯⟩ - 22) ∧
    (-if ⟨24, ⋯⟩ = ⟨9, ⋯⟩ then 1 else 0) <
      512 ^
          (![24, 24, 24, 24, 24, 24, 24, 24, 24, 38, 24, 38, 24, 46, 24, 29, 24, 29, 24, 29, 24, 29, 24] ⟨0, ⋯⟩ - 22) +
        if ⟨24, ⋯⟩ = ⟨0, ⋯⟩ then 1 else 0

case «0».«25»
⊢ ((if ⟨25, ⋯⟩ = ⟨0, ⋯⟩ then 1 else 0) + if ⟨25, ⋯⟩ = ⟨9, ⋯⟩ then 1 else 0) <
      512 ^
        (![24, 24, 24, 24, 24, 24, 24, 24, 24, 38, 24, 38, 24, 46, 24, 29, 24, 29, 24, 29, 24, 29, 24] ⟨0, ⋯⟩ - 22) ∧
    (-if ⟨25, ⋯⟩ = ⟨9, ⋯⟩ then 1 else 0) <
      512 ^
          (![24, 24, 24, 24, 24, 24, 24, 24, 24, 38, 24, 38, 24, 46, 24, 29, 24, 29, 24, 29, 24, 29, 24] ⟨0, ⋯⟩ - 22) +
        if ⟨25, ⋯⟩ = ⟨0, ⋯⟩ then 1 else 0

case «0».«26»
⊢ ((if ⟨26, ⋯⟩ = ⟨0, ⋯⟩ then 1 else 0) + if ⟨26, ⋯⟩ = ⟨9, ⋯⟩ then 1 else 0) <
      512 ^
        (![24, 24, 24, 24, 24, 24, 24, 24, 24, 38, 24, 38, 24, 46, 24, 29, 24, 29, 24, 29, 24, 29, 24] ⟨0, ⋯⟩ - 22) ∧
    (-if ⟨26, ⋯⟩ = ⟨9, ⋯⟩ then 1 else 0) <
      512 ^
          (![24, 24, 24, 24, 24, 24, 24, 24, 24, 38, 24, 38, 24, 46, 24, 29, 24, 29, 24, 29, 24, 29, 24] ⟨0, ⋯⟩ - 22) +
        if ⟨26, ⋯⟩ = ⟨0, ⋯⟩ then 1 else 0

case «0».«27»
⊢ ((if ⟨27, ⋯⟩ = ⟨0, ⋯⟩ then 1 else 0) + if ⟨27, ⋯⟩ = ⟨9, ⋯⟩ then 1 else 0) <
      512 ^
        (![24, 24, 24, 24, 24, 24, 24, 24, 24, 38, 24, 38, 24, 46, 24, 29, 24, 29, 24, 29, 24, 29, 24] ⟨0, ⋯⟩ - 22) ∧
    (-if ⟨27, ⋯⟩ = ⟨9, ⋯⟩ then 1 else 0) <
      512 ^
          (![24, 24, 24, 24, 24, 24, 24, 24, 24, 38, 24, 38, 24, 46, 24, 29, 24, 29, 24, 29, 24, 29, 24] ⟨0, ⋯⟩ - 22) +
        if ⟨27, ⋯⟩ = ⟨0, ⋯⟩ then 1 else 0

case «0».«28»
⊢ ((if ⟨28, ⋯⟩ = ⟨0, ⋯⟩ then 1 else 0) + if ⟨28, ⋯⟩ = ⟨9, ⋯⟩ then 1 else 0) <
      512 ^
        (![24, 24, 24, 24, 24, 24, 24, 24, 24, 38, 24, 38, 24, 46, 24, 29, 24, 29, 24, 29, 24, 29, 24] ⟨0, ⋯⟩ - 22) ∧
    (-if ⟨28, ⋯⟩ = ⟨9, ⋯⟩ then 1 else 0) <
      512 ^
          (![24, 24, 24, 24, 24, 24, 24, 24, 24, 38, 24, 38, 24, 46, 24, 29, 24, 29, 24, 29, 24, 29, 24] ⟨0, ⋯⟩ - 22) +
        if ⟨28, ⋯⟩ = ⟨0, ⋯⟩ then 1 else 0

case «0».«29»
⊢ ((if ⟨29, ⋯⟩ = ⟨0, ⋯⟩ then 1 else 0) + if ⟨29, ⋯⟩ = ⟨9, ⋯⟩ then 1 else 0) <
      512 ^
        (![24, 24, 24, 24, 24, 24, 24, 24, 24, 38, 24, 38, 24, 46, 24, 29, 24, 29, 24, 29, 24, 29, 24] ⟨0, ⋯⟩ - 22) ∧
    (-if ⟨29, ⋯⟩ = ⟨9, ⋯⟩ then 1 else 0) <
      512 ^
          (![24, 24, 24, 24, 24, 24, 24, 24, 24, 38, 24, 38, 24, 46, 24, 29, 24, 29, 24, 29, 24, 29, 24] ⟨0, ⋯⟩ - 22) +
        if ⟨29, ⋯⟩ = ⟨0, ⋯⟩ then 1 else 0

case «0».«30»
⊢ ((if ⟨30, ⋯⟩ = ⟨0, ⋯⟩ then 1 else 0) + if ⟨30, ⋯⟩ = ⟨9, ⋯⟩ then 1 else 0) <
      512 ^
        (![24, 24, 24, 24, 24, 24, 24, 24, 24, 38, 24, 38, 24, 46, 24, 29, 24, 29, 24, 29, 24, 29, 24] ⟨0, ⋯⟩ - 22) ∧
    (-if ⟨30, ⋯⟩ = ⟨9, ⋯⟩ then 1 else 0) <
      512 ^
          (![24, 24, 24, 24, 24, 24, 24, 24, 24, 38, 24, 38, 24, 46, 24, 29, 24, 29, 24, 29, 24, 29, 24] ⟨0, ⋯⟩ - 22) +
        if ⟨30, ⋯⟩ = ⟨0, ⋯⟩ then 1 else 0

case «0».«31»
⊢ ((if ⟨31, ⋯⟩ = ⟨0, ⋯⟩ then 1 else 0) + if ⟨31, ⋯⟩ = ⟨9, ⋯⟩ then 1 else 0) <
      512 ^
        (![24, 24, 24, 24, 24, 24, 24, 24, 24, 38, 24, 38, 24, 46, 24, 29, 24, 29, 24, 29, 24, 29, 24] ⟨0, ⋯⟩ - 22) ∧
    (-if ⟨31, ⋯⟩ = ⟨9, ⋯⟩ then 1 else 0) <
      512 ^
          (![24, 24, 24, 24, 24, 24, 24, 24, 24, 38, 24, 38, 24, 46, 24, 29, 24, 29, 24, 29, 24, 29, 24] ⟨0, ⋯⟩ - 22) +
        if ⟨31, ⋯⟩ = ⟨0, ⋯⟩ then 1 else 0

case «0».«32»
⊢ ((if ⟨32, ⋯⟩ = ⟨0, ⋯⟩ then 1 else 0) + if ⟨32, ⋯⟩ = ⟨9, ⋯⟩ then 1 else 0) <
      512 ^
        (![24, 24, 24, 24, 24, 24, 24, 24, 24, 38, 24, 38, 24, 46, 24, 29, 24, 29, 24, 29, 24, 29, 24] ⟨0, ⋯⟩ - 22) ∧
    (-if ⟨32, ⋯⟩ = ⟨9, ⋯⟩ then 1 else 0) <
      512 ^
          (![24, 24, 24, 24, 24, 24, 24, 24, 24, 38, 24, 38, 24, 46, 24, 29, 24, 29, 24, 29, 24, 29, 24] ⟨0, ⋯⟩ - 22) +
        if ⟨32, ⋯⟩ = ⟨0, ⋯⟩ then 1 else 0

case «0».«33»
⊢ ((if ⟨33, ⋯⟩ = ⟨0, ⋯⟩ then 1 else 0) + if ⟨33, ⋯⟩ = ⟨9, ⋯⟩ then 1 else 0) <
      512 ^
        (![24, 24, 24, 24, 24, 24, 24, 24, 24, 38, 24, 38, 24, 46, 24, 29, 24, 29, 24, 29, 24, 29, 24] ⟨0, ⋯⟩ - 22) ∧
    (-if ⟨33, ⋯⟩ = ⟨9, ⋯⟩ then 1 else 0) <
      512 ^
          (![24, 24, 24, 24, 24, 24, 24, 24, 24, 38, 24, 38, 24, 46, 24, 29, 24, 29, 24, 29, 24, 29, 24] ⟨0, ⋯⟩ - 22) +
        if ⟨33, ⋯⟩ = ⟨0, ⋯⟩ then 1 else 0

case «0».«34»
⊢ ((if ⟨34, ⋯⟩ = ⟨0, ⋯⟩ then 1 else 0) + if ⟨34, ⋯⟩ = ⟨9, ⋯⟩ then 1 else 0) <
      512 ^
        (![24, 24, 24, 24, 24, 24, 24, 24, 24, 38, 24, 38, 24, 46, 24, 29, 24, 29, 24, 29, 24, 29, 24] ⟨0, ⋯⟩ - 22) ∧
    (-if ⟨34, ⋯⟩ = ⟨9, ⋯⟩ then 1 else 0) <
      512 ^
          (![24, 24, 24, 24, 24, 24, 24, 24, 24, 38, 24, 38, 24, 46, 24, 29, 24, 29, 24, 29, 24, 29, 24] ⟨0, ⋯⟩ - 22) +
        if ⟨34, ⋯⟩ = ⟨0, ⋯⟩ then 1 else 0

case «0».«35»
⊢ ((if ⟨35, ⋯⟩ = ⟨0, ⋯⟩ then 1 else 0) + if ⟨35, ⋯⟩ = ⟨9, ⋯⟩ then 1 else 0) <
      512 ^
        (![24, 24, 24, 24, 24, 24, 24, 24, 24, 38, 24, 38, 24, 46, 24, 29, 24, 29, 24, 29, 24, 29, 24] ⟨0, ⋯⟩ - 22) ∧
    (-if ⟨35, ⋯⟩ = ⟨9, ⋯⟩ then 1 else 0) <
      512 ^
          (![24, 24, 24, 24, 24, 24, 24, 24, 24, 38, 24, 38, 24, 46, 24, 29, 24, 29, 24, 29, 24, 29, 24] ⟨0, ⋯⟩ - 22) +
        if ⟨35, ⋯⟩ = ⟨0, ⋯⟩ then 1 else 0

case «0».«36»
⊢ ((if ⟨36, ⋯⟩ = ⟨0, ⋯⟩ then 1 else 0) + if ⟨36, ⋯⟩ = ⟨9, ⋯⟩ then 1 else 0) <
      512 ^
        (![24, 24, 24, 24, 24, 24, 24, 24, 24, 38, 24, 38, 24, 46, 24, 29, 24, 29, 24, 29, 24, 29, 24] ⟨0, ⋯⟩ - 22) ∧
    (-if ⟨36, ⋯⟩ = ⟨9, ⋯⟩ then 1 else 0) <
      512 ^
          (![24, 24, 24, 24, 24, 24, 24, 24, 24, 38, 24, 38, 24, 46, 24, 29, 24, 29, 24, 29, 24, 29, 24] ⟨0, ⋯⟩ - 22) +
        if ⟨36, ⋯⟩ = ⟨0, ⋯⟩ then 1 else 0

case «0».«37»
⊢ ((if ⟨37, ⋯⟩ = ⟨0, ⋯⟩ then 1 else 0) + if ⟨37, ⋯⟩ = ⟨9, ⋯⟩ then 1 else 0) <
      512 ^
        (![24, 24, 24, 24, 24, 24, 24, 24, 24, 38, 24, 38, 24, 46, 24, 29, 24, 29, 24, 29, 24, 29, 24] ⟨0, ⋯⟩ - 22) ∧
    (-if ⟨37, ⋯⟩ = ⟨9, ⋯⟩ then 1 else 0) <
      512 ^
          (![24, 24, 24, 24, 24, 24, 24, 24, 24, 38, 24, 38, 24, 46, 24, 29, 24, 29, 24, 29, 24, 29, 24] ⟨0, ⋯⟩ - 22) +
        if ⟨37, ⋯⟩ = ⟨0, ⋯⟩ then 1 else 0

case «0».«38»
⊢ ((if ⟨38, ⋯⟩ = ⟨0, ⋯⟩ then 1 else 0) + if ⟨38, ⋯⟩ = ⟨9, ⋯⟩ then 1 else 0) <
      512 ^
        (![24, 24, 24, 24, 24, 24, 24, 24, 24, 38, 24, 38, 24, 46, 24, 29, 24, 29, 24, 29, 24, 29, 24] ⟨0, ⋯⟩ - 22) ∧
    (-if ⟨38, ⋯⟩ = ⟨9, ⋯⟩ then 1 else 0) <
      512 ^
          (![24, 24, 24, 24, 24, 24, 24, 24, 24, 38, 24, 38, 24, 46, 24, 29, 24, 29, 24, 29, 24, 29, 24] ⟨0, ⋯⟩ - 22) +
        if ⟨38, ⋯⟩ = ⟨0, ⋯⟩ then 1 else 0

case «1».«0»
⊢ ((if ⟨0, ⋯⟩ = ⟨1, ⋯⟩ then 1 else 0) + if ⟨0, ⋯⟩ = ⟨10, ⋯⟩ then 1 else 0) <
      512 ^
        (![24, 24, 24, 24, 24, 24, 24, 24, 24, 38, 24, 38, 24, 46, 24, 29, 24, 29, 24, 29, 24, 29, 24] ⟨1, ⋯⟩ - 22) ∧
    (-if ⟨0, ⋯⟩ = ⟨10, ⋯⟩ then 1 else 0) <
      512 ^
          (![24, 24, 24, 24, 24, 24, 24, 24, 24, 38, 24, 38, 24, 46, 24, 29, 24, 29, 24, 29, 24, 29, 24] ⟨1, ⋯⟩ - 22) +
        if ⟨0, ⋯⟩ = ⟨1, ⋯⟩ then 1 else 0

case «1».«1»
⊢ ((if ⟨1, ⋯⟩ = ⟨1, ⋯⟩ then 1 else 0) + if ⟨1, ⋯⟩ = ⟨10, ⋯⟩ then 1 else 0) <
      512 ^
        (![24, 24, 24, 24, 24, 24, 24, 24, 24, 38, 24, 38, 24, 46, 24, 29, 24, 29, 24, 29, 24, 29, 24] ⟨1, ⋯⟩ - 22) ∧
    (-if ⟨1, ⋯⟩ = ⟨10, ⋯⟩ then 1 else 0) <
      512 ^
          (![24, 24, 24, 24, 24, 24, 24, 24, 24, 38, 24, 38, 24, 46, 24, 29, 24, 29, 24, 29, 24, 29, 24] ⟨1, ⋯⟩ - 22) +
        if ⟨1, ⋯⟩ = ⟨1, ⋯⟩ then 1 else 0

case «1».«2»
⊢ ((if ⟨2, ⋯⟩ = ⟨1, ⋯⟩ then 1 else 0) + if ⟨2, ⋯⟩ = ⟨10, ⋯⟩ then 1 else 0) <
      512 ^
        (![24, 24, 24, 24, 24, 24, 24, 24, 24, 38, 24, 38, 24, 46, 24, 29, 24, 29, 24, 29, 24, 29, 24] ⟨1, ⋯⟩ - 22) ∧
    (-if ⟨2, ⋯⟩ = ⟨10, ⋯⟩ then 1 else 0) <
      512 ^
          (![24, 24, 24, 24, 24, 24, 24, 24, 24, 38, 24, 38, 24, 46, 24, 29, 24, 29, 24, 29, 24, 29, 24] ⟨1, ⋯⟩ - 22) +
        if ⟨2, ⋯⟩ = ⟨1, ⋯⟩ then 1 else 0

case «1».«3»
⊢ ((if ⟨3, ⋯⟩ = ⟨1, ⋯⟩ then 1 else 0) + if ⟨3, ⋯⟩ = ⟨10, ⋯⟩ then 1 else 0) <
      512 ^
        (![24, 24, 24, 24, 24, 24, 24, 24, 24, 38, 24, 38, 24, 46, 24, 29, 24, 29, 24, 29, 24, 29, 24] ⟨1, ⋯⟩ - 22) ∧
    (-if ⟨3, ⋯⟩ = ⟨10, ⋯⟩ then 1 else 0) <
      512 ^
          (![24, 24, 24, 24, 24, 24, 24, 24, 24, 38, 24, 38, 24, 46, 24, 29, 24, 29, 24, 29, 24, 29, 24] ⟨1, ⋯⟩ - 22) +
        if ⟨3, ⋯⟩ = ⟨1, ⋯⟩ then 1 else 0

case «1».«4»
⊢ ((if ⟨4, ⋯⟩ = ⟨1, ⋯⟩ then 1 else 0) + if ⟨4, ⋯⟩ = ⟨10, ⋯⟩ then 1 else 0) <
      512 ^
        (![24, 24, 24, 24, 24, 24, 24, 24, 24, 38, 24, 38, 24, 46, 24, 29, 24, 29, 24, 29, 24, 29, 24] ⟨1, ⋯⟩ - 22) ∧
    (-if ⟨4, ⋯⟩ = ⟨10, ⋯⟩ then 1 else 0) <
      512 ^
          (![24, 24, 24, 24, 24, 24, 24, 24, 24, 38, 24, 38, 24, 46, 24, 29, 24, 29, 24, 29, 24, 29, 24] ⟨1, ⋯⟩ - 22) +
        if ⟨4, ⋯⟩ = ⟨1, ⋯⟩ then 1 else 0

case «1».«5»
⊢ ((if ⟨5, ⋯⟩ = ⟨1, ⋯⟩ then 1 else 0) + if ⟨5, ⋯⟩ = ⟨10, ⋯⟩ then 1 else 0) <
      512 ^
        (![24, 24, 24, 24, 24, 24, 24, 24, 24, 38, 24, 38, 24, 46, 24, 29, 24, 29, 24, 29, 24, 29, 24] ⟨1, ⋯⟩ - 22) ∧
    (-if ⟨5, ⋯⟩ = ⟨10, ⋯⟩ then 1 else 0) <
      512 ^
          (![24, 24, 24, 24, 24, 24, 24, 24, 24, 38, 24, 38, 24, 46, 24, 29, 24, 29, 24, 29, 24, 29, 24] ⟨1, ⋯⟩ - 22) +
        if ⟨5, ⋯⟩ = ⟨1, ⋯⟩ then 1 else 0

case «1».«6»
⊢ ((if ⟨6, ⋯⟩ = ⟨1, ⋯⟩ then 1 else 0) + if ⟨6, ⋯⟩ = ⟨10, ⋯⟩ then 1 else 0) <
      512 ^
        (![24, 24, 24, 24, 24, 24, 24, 24, 24, 38, 24, 38, 24, 46, 24, 29, 24, 29, 24, 29, 24, 29, 24] ⟨1, ⋯⟩ - 22) ∧
    (-if ⟨6, ⋯⟩ = ⟨10, ⋯⟩ then 1 else 0) <
      512 ^
          (![24, 24, 24, 24, 24, 24, 24, 24, 24, 38, 24, 38, 24, 46, 24, 29, 24, 29, 24, 29, 24, 29, 24] ⟨1, ⋯⟩ - 22) +
        if ⟨6, ⋯⟩ = ⟨1, ⋯⟩ then 1 else 0

case «1».«7»
⊢ ((if ⟨7, ⋯⟩ = ⟨1, ⋯⟩ then 1 else 0) + if ⟨7, ⋯⟩ = ⟨10, ⋯⟩ then 1 else 0) <
      512 ^
        (![24, 24, 24, 24, 24, 24, 24, 24, 24, 38, 24, 38, 24, 46, 24, 29, 24, 29, 24, 29, 24, 29, 24] ⟨1, ⋯⟩ - 22) ∧
    (-if ⟨7, ⋯⟩ = ⟨10, ⋯⟩ then 1 else 0) <
      512 ^
          (![24, 24, 24, 24, 24, 24, 24, 24, 24, 38, 24, 38, 24, 46, 24, 29, 24, 29, 24, 29, 24, 29, 24] ⟨1, ⋯⟩ - 22) +
        if ⟨7, ⋯⟩ = ⟨1, ⋯⟩ then 1 else 0

case «1».«8»
⊢ ((if ⟨8, ⋯⟩ = ⟨1, ⋯⟩ then 1 else 0) + if ⟨8, ⋯⟩ = ⟨10, ⋯⟩ then 1 else 0) <
      512 ^
        (![24, 24, 24, 24, 24, 24, 24, 24, 24, 38, 24, 38, 24, 46, 24, 29, 24, 29, 24, 29, 24, 29, 24] ⟨1, ⋯⟩ - 22) ∧
    (-if ⟨8, ⋯⟩ = ⟨10, ⋯⟩ then 1 else 0) <
      512 ^
          (![24, 24, 24, 24, 24, 24, 24, 24, 24, 38, 24, 38, 24, 46, 24, 29, 24, 29, 24, 29, 24, 29, 24] ⟨1, ⋯⟩ - 22) +
        if ⟨8, ⋯⟩ = ⟨1, ⋯⟩ then 1 else 0

case «1».«9»
⊢ ((if ⟨9, ⋯⟩ = ⟨1, ⋯⟩ then 1 else 0) + if ⟨9, ⋯⟩ = ⟨10, ⋯⟩ then 1 else 0) <
      512 ^
        (![24, 24, 24, 24, 24, 24, 24, 24, 24, 38, 24, 38, 24, 46, 24, 29, 24, 29, 24, 29, 24, 29, 24] ⟨1, ⋯⟩ - 22) ∧
    (-if ⟨9, ⋯⟩ = ⟨10, ⋯⟩ then 1 else 0) <
      512 ^
          (![24, 24, 24, 24, 24, 24, 24, 24, 24, 38, 24, 38, 24, 46, 24, 29, 24, 29, 24, 29, 24, 29, 24] ⟨1, ⋯⟩ - 22) +
        if ⟨9, ⋯⟩ = ⟨1, ⋯⟩ then 1 else 0

case «1».«10»
⊢ ((if ⟨10, ⋯⟩ = ⟨1, ⋯⟩ then 1 else 0) + if ⟨10, ⋯⟩ = ⟨10, ⋯⟩ then 1 else 0) <
      512 ^
        (![24, 24, 24, 24, 24, 24, 24, 24, 24, 38, 24, 38, 24, 46, 24, 29, 24, 29, 24, 29, 24, 29, 24] ⟨1, ⋯⟩ - 22) ∧
    (-if ⟨10, ⋯⟩ = ⟨10, ⋯⟩ then 1 else 0) <
      512 ^
          (![24, 24, 24, 24, 24, 24, 24, 24, 24, 38, 24, 38, 24, 46, 24, 29, 24, 29, 24, 29, 24, 29, 24] ⟨1, ⋯⟩ - 22) +
        if ⟨10, ⋯⟩ = ⟨1, ⋯⟩ then 1 else 0

case «1».«11»
⊢ ((if ⟨11, ⋯⟩ = ⟨1, ⋯⟩ then 1 else 0) + if ⟨11, ⋯⟩ = ⟨10, ⋯⟩ then 1 else 0) <
      512 ^
        (![24, 24, 24, 24, 24, 24, 24, 24, 24, 38, 24, 38, 24, 46, 24, 29, 24, 29, 24, 29, 24, 29, 24] ⟨1, ⋯⟩ - 22) ∧
    (-if ⟨11, ⋯⟩ = ⟨10, ⋯⟩ then 1 else 0) <
      512 ^
          (![24, 24, 24, 24, 24, 24, 24, 24, 24, 38, 24, 38, 24, 46, 24, 29, 24, 29, 24, 29, 24, 29, 24] ⟨1, ⋯⟩ - 22) +
        if ⟨11, ⋯⟩ = ⟨1, ⋯⟩ then 1 else 0

case «1».«12»
⊢ ((if ⟨12, ⋯⟩ = ⟨1, ⋯⟩ then 1 else 0) + if ⟨12, ⋯⟩ = ⟨10, ⋯⟩ then 1 else 0) <
      512 ^
        (![24, 24, 24, 24, 24, 24, 24, 24, 24, 38, 24, 38, 24, 46, 24, 29, 24, 29, 24, 29, 24, 29, 24] ⟨1, ⋯⟩ - 22) ∧
    (-if ⟨12, ⋯⟩ = ⟨10, ⋯⟩ then 1 else 0) <
      512 ^
          (![24, 24, 24, 24, 24, 24, 24, 24, 24, 38, 24, 38, 24, 46, 24, 29, 24, 29, 24, 29, 24, 29, 24] ⟨1, ⋯⟩ - 22) +
        if ⟨12, ⋯⟩ = ⟨1, ⋯⟩ then 1 else 0

case «1».«13»
⊢ ((if ⟨13, ⋯⟩ = ⟨1, ⋯⟩ then 1 else 0) + if ⟨13, ⋯⟩ = ⟨10, ⋯⟩ then 1 else 0) <
      512 ^
        (![24, 24, 24, 24, 24, 24, 24, 24, 24, 38, 24, 38, 24, 46, 24, 29, 24, 29, 24, 29, 24, 29, 24] ⟨1, ⋯⟩ - 22) ∧
    (-if ⟨13, ⋯⟩ = ⟨10, ⋯⟩ then 1 else 0) <
      512 ^
          (![24, 24, 24, 24, 24, 24, 24, 24, 24, 38, 24, 38, 24, 46, 24, 29, 24, 29, 24, 29, 24, 29, 24] ⟨1, ⋯⟩ - 22) +
        if ⟨13, ⋯⟩ = ⟨1, ⋯⟩ then 1 else 0

case «1».«14»
⊢ ((if ⟨14, ⋯⟩ = ⟨1, ⋯⟩ then 1 else 0) + if ⟨14, ⋯⟩ = ⟨10, ⋯⟩ then 1 else 0) <
      512 ^
        (![24, 24, 24, 24, 24, 24, 24, 24, 24, 38, 24, 38, 24, 46, 24, 29, 24, 29, 24, 29, 24, 29, 24] ⟨1, ⋯⟩ - 22) ∧
    (-if ⟨14, ⋯⟩ = ⟨10, ⋯⟩ then 1 else 0) <
      512 ^
          (![24, 24, 24, 24, 24, 24, 24, 24, 24, 38, 24, 38, 24, 46, 24, 29, 24, 29, 24, 29, 24, 29, 24] ⟨1, ⋯⟩ - 22) +
        if ⟨14, ⋯⟩ = ⟨1, ⋯⟩ then 1 else 0

case «1».«15»
⊢ ((if ⟨15, ⋯⟩ = ⟨1, ⋯⟩ then 1 else 0) + if ⟨15, ⋯⟩ = ⟨10, ⋯⟩ then 1 else 0) <
      512 ^
        (![24, 24, 24, 24, 24, 24, 24, 24, 24, 38, 24, 38, 24, 46, 24, 29, 24, 29, 24, 29, 24, 29, 24] ⟨1, ⋯⟩ - 22) ∧
    (-if ⟨15, ⋯⟩ = ⟨10, ⋯⟩ then 1 else 0) <
      512 ^
          (![24, 24, 24, 24, 24, 24, 24, 24, 24, 38, 24, 38, 24, 46, 24, 29, 24, 29, 24, 29, 24, 29, 24] ⟨1, ⋯⟩ - 22) +
        if ⟨15, ⋯⟩ = ⟨1, ⋯⟩ then 1 else 0

case «1».«16»
⊢ ((if ⟨16, ⋯⟩ = ⟨1, ⋯⟩ then 1 else 0) + if ⟨16, ⋯⟩ = ⟨10, ⋯⟩ then 1 else 0) <
      512 ^
        (![24, 24, 24, 24, 24, 24, 24, 24, 24, 38, 24, 38, 24, 46, 24, 29, 24, 29, 24, 29, 24, 29, 24] ⟨1, ⋯⟩ - 22) ∧
    (-if ⟨16, ⋯⟩ = ⟨10, ⋯⟩ then 1 else 0) <
      512 ^
          (![24, 24, 24, 24, 24, 24, 24, 24, 24, 38, 24, 38, 24, 46, 24, 29, 24, 29, 24, 29, 24, 29, 24] ⟨1, ⋯⟩ - 22) +
        if ⟨16, ⋯⟩ = ⟨1, ⋯⟩ then 1 else 0

case «1».«17»
⊢ ((if ⟨17, ⋯⟩ = ⟨1, ⋯⟩ then 1 else 0) + if ⟨17, ⋯⟩ = ⟨10, ⋯⟩ then 1 else 0) <
      512 ^
        (![24, 24, 24, 24, 24, 24, 24, 24, 24, 38, 24, 38, 24, 46, 24, 29, 24, 29, 24, 29, 24, 29, 24] ⟨1, ⋯⟩ - 22) ∧
    (-if ⟨17, ⋯⟩ = ⟨10, ⋯⟩ then 1 else 0) <
      512 ^
          (![24, 24, 24, 24, 24, 24, 24, 24, 24, 38, 24, 38, 24, 46, 24, 29, 24, 29, 24, 29, 24, 29, 24] ⟨1, ⋯⟩ - 22) +
        if ⟨17, ⋯⟩ = ⟨1, ⋯⟩ then 1 else 0

case «1».«18»
⊢ ((if ⟨18, ⋯⟩ = ⟨1, ⋯⟩ then 1 else 0) + if ⟨18, ⋯⟩ = ⟨10, ⋯⟩ then 1 else 0) <
      512 ^
        (![24, 24, 24, 24, 24, 24, 24, 24, 24, 38, 24, 38, 24, 46, 24, 29, 24, 29, 24, 29, 24, 29, 24] ⟨1, ⋯⟩ - 22) ∧
    (-if ⟨18, ⋯⟩ = ⟨10, ⋯⟩ then 1 else 0) <
      512 ^
          (![24, 24, 24, 24, 24, 24, 24, 24, 24, 38, 24, 38, 24, 46, 24, 29, 24, 29, 24, 29, 24, 29, 24] ⟨1, ⋯⟩ - 22) +
        if ⟨18, ⋯⟩ = ⟨1, ⋯⟩ then 1 else 0

case «1».«19»
⊢ ((if ⟨19, ⋯⟩ = ⟨1, ⋯⟩ then 1 else 0) + if ⟨19, ⋯⟩ = ⟨10, ⋯⟩ then 1 else 0) <
      512 ^
        (![24, 24, 24, 24, 24, 24, 24, 24, 24, 38, 24, 38, 24, 46, 24, 29, 24, 29, 24, 29, 24, 29, 24] ⟨1, ⋯⟩ - 22) ∧
    (-if ⟨19, ⋯⟩ = ⟨10, ⋯⟩ then 1 else 0) <
      512 ^
          (![24, 24, 24, 24, 24, 24, 24, 24, 24, 38, 24, 38, 24, 46, 24, 29, 24, 29, 24, 29, 24, 29, 24] ⟨1, ⋯⟩ - 22) +
        if ⟨19, ⋯⟩ = ⟨1, ⋯⟩ then 1 else 0

case «1».«20»
⊢ ((if ⟨20, ⋯⟩ = ⟨1, ⋯⟩ then 1 else 0) + if ⟨20, ⋯⟩ = ⟨10, ⋯⟩ then 1 else 0) <
      512 ^
        (![24, 24, 24, 24, 24, 24, 24, 24, 24, 38, 24, 38, 24, 46, 24, 29, 24, 29, 24, 29, 24, 29, 24] ⟨1, ⋯⟩ - 22) ∧
    (-if ⟨20, ⋯⟩ = ⟨10, ⋯⟩ then 1 else 0) <
      512 ^
          (![24, 24, 24, 24, 24, 24, 24, 24, 24, 38, 24, 38, 24, 46, 24, 29, 24, 29, 24, 29, 24, 29, 24] ⟨1, ⋯⟩ - 22) +
        if ⟨20, ⋯⟩ = ⟨1, ⋯⟩ then 1 else 0

case «1».«21»
⊢ ((if ⟨21, ⋯⟩ = ⟨1, ⋯⟩ then 1 else 0) + if ⟨21, ⋯⟩ = ⟨10, ⋯⟩ then 1 else 0) <
      512 ^
        (![24, 24, 24, 24, 24, 24, 24, 24, 24, 38, 24, 38, 24, 46, 24, 29, 24, 29, 24, 29, 24, 29, 24] ⟨1, ⋯⟩ - 22) ∧
    (-if ⟨21, ⋯⟩ = ⟨10, ⋯⟩ then 1 else 0) <
      512 ^
          (![24, 24, 24, 24, 24, 24, 24, 24, 24, 38, 24, 38, 24, 46, 24, 29, 24, 29, 24, 29, 24, 29, 24] ⟨1, ⋯⟩ - 22) +
        if ⟨21, ⋯⟩ = ⟨1, ⋯⟩ then 1 else 0

case «1».«22»
⊢ ((if ⟨22, ⋯⟩ = ⟨1, ⋯⟩ then 1 else 0) + if ⟨22, ⋯⟩ = ⟨10, ⋯⟩ then 1 else 0) <
      512 ^
        (![24, 24, 24, 24, 24, 24, 24, 24, 24, 38, 24, 38, 24, 46, 24, 29, 24, 29, 24, 29, 24, 29, 24] ⟨1, ⋯⟩ - 22) ∧
    (-if ⟨22, ⋯⟩ = ⟨10, ⋯⟩ then 1 else 0) <
      512 ^
          (![24, 24, 24, 24, 24, 24, 24, 24, 24, 38, 24, 38, 24, 46, 24, 29, 24, 29, 24, 29, 24, 29, 24] ⟨1, ⋯⟩ - 22) +
        if ⟨22, ⋯⟩ = ⟨1, ⋯⟩ then 1 else 0

case «1».«23»
⊢ ((if ⟨23, ⋯⟩ = ⟨1, ⋯⟩ then 1 else 0) + if ⟨23, ⋯⟩ = ⟨10, ⋯⟩ then 1 else 0) <
      512 ^
        (![24, 24, 24, 24, 24, 24, 24, 24, 24, 38, 24, 38, 24, 46, 24, 29, 24, 29, 24, 29, 24, 29, 24] ⟨1, ⋯⟩ - 22) ∧
    (-if ⟨23, ⋯⟩ = ⟨10, ⋯⟩ then 1 else 0) <
      512 ^
          (![24, 24, 24, 24, 24, 24, 24, 24, 24, 38, 24, 38, 24, 46, 24, 29, 24, 29, 24, 29, 24, 29, 24] ⟨1, ⋯⟩ - 22) +
        if ⟨23, ⋯⟩ = ⟨1, ⋯⟩ then 1 else 0

case «1».«24»
⊢ ((if ⟨24, ⋯⟩ = ⟨1, ⋯⟩ then 1 else 0) + if ⟨24, ⋯⟩ = ⟨10, ⋯⟩ then 1 else 0) <
      512 ^
        (![24, 24, 24, 24, 24, 24, 24, 24, 24, 38, 24, 38, 24, 46, 24, 29, 24, 29, 24, 29, 24, 29, 24] ⟨1, ⋯⟩ - 22) ∧
    (-if ⟨24, ⋯⟩ = ⟨10, ⋯⟩ then 1 else 0) <
      512 ^
          (![24, 24, 24, 24, 24, 24, 24, 24, 24, 38, 24, 38, 24, 46, 24, 29, 24, 29, 24, 29, 24, 29, 24] ⟨1, ⋯⟩ - 22) +
        if ⟨24, ⋯⟩ = ⟨1, ⋯⟩ then 1 else 0

case «1».«25»
⊢ ((if ⟨25, ⋯⟩ = ⟨1, ⋯⟩ then 1 else 0) + if ⟨25, ⋯⟩ = ⟨10, ⋯⟩ then 1 else 0) <
      512 ^
        (![24, 24, 24, 24, 24, 24, 24, 24, 24, 38, 24, 38, 24, 46, 24, 29, 24, 29, 24, 29, 24, 29, 24] ⟨1, ⋯⟩ - 22) ∧
    (-if ⟨25, ⋯⟩ = ⟨10, ⋯⟩ then 1 else 0) <
      512 ^
          (![24, 24, 24, 24, 24, 24, 24, 24, 24, 38, 24, 38, 24, 46, 24, 29, 24, 29, 24, 29, 24, 29, 24] ⟨1, ⋯⟩ - 22) +
        if ⟨25, ⋯⟩ = ⟨1, ⋯⟩ then 1 else 0

case «1».«26»
⊢ ((if ⟨26, ⋯⟩ = ⟨1, ⋯⟩ then 1 else 0) + if ⟨26, ⋯⟩ = ⟨10, ⋯⟩ then 1 else 0) <
      512 ^
        (![24, 24, 24, 24, 24, 24, 24, 24, 24, 38, 24, 38, 24, 46, 24, 29, 24, 29, 24, 29, 24, 29, 24] ⟨1, ⋯⟩ - 22) ∧
    (-if ⟨26, ⋯⟩ = ⟨10, ⋯⟩ then 1 else 0) <
      512 ^
          (![24, 24, 24, 24, 24, 24, 24, 24, 24, 38, 24, 38, 24, 46, 24, 29, 24, 29, 24, 29, 24, 29, 24] ⟨1, ⋯⟩ - 22) +
        if ⟨26, ⋯⟩ = ⟨1, ⋯⟩ then 1 else 0

case «1».«27»
⊢ ((if ⟨27, ⋯⟩ = ⟨1, ⋯⟩ then 1 else 0) + if ⟨27, ⋯⟩ = ⟨10, ⋯⟩ then 1 else 0) <
      512 ^
        (![24, 24, 24, 24, 24, 24, 24, 24, 24, 38, 24, 38, 24, 46, 24, 29, 24, 29, 24, 29, 24, 29, 24] ⟨1, ⋯⟩ - 22) ∧
    (-if ⟨27, ⋯⟩ = ⟨10, ⋯⟩ then 1 else 0) <
      512 ^
          (![24, 24, 24, 24, 24, 24, 24, 24, 24, 38, 24, 38, 24, 46, 24, 29, 24, 29, 24, 29, 24, 29, 24] ⟨1, ⋯⟩ - 22) +
        if ⟨27, ⋯⟩ = ⟨1, ⋯⟩ then 1 else 0

case «1».«28»
⊢ ((if ⟨28, ⋯⟩ = ⟨1, ⋯⟩ then 1 else 0) + if ⟨28, ⋯⟩ = ⟨10, ⋯⟩ then 1 else 0) <
      512 ^
        (![24, 24, 24, 24, 24, 24, 24, 24, 24, 38, 24, 38, 24, 46, 24, 29, 24, 29, 24, 29, 24, 29, 24] ⟨1, ⋯⟩ - 22) ∧
    (-if ⟨28, ⋯⟩ = ⟨10, ⋯⟩ then 1 else 0) <
      512 ^
          (![24, 24, 24, 24, 24, 24, 24, 24, 24, 38, 24, 38, 24, 46, 24, 29, 24, 29, 24, 29, 24, 29, 24] ⟨1, ⋯⟩ - 22) +
        if ⟨28, ⋯⟩ = ⟨1, ⋯⟩ then 1 else 0

case «1».«29»
⊢ ((if ⟨29, ⋯⟩ = ⟨1, ⋯⟩ then 1 else 0) + if ⟨29, ⋯⟩ = ⟨10, ⋯⟩ then 1 else 0) <
      512 ^
        (![24, 24, 24, 24, 24, 24, 24, 24, 24, 38, 24, 38, 24, 46, 24, 29, 24, 29, 24, 29, 24, 29, 24] ⟨1, ⋯⟩ - 22) ∧
    (-if ⟨29, ⋯⟩ = ⟨10, ⋯⟩ then 1 else 0) <
      512 ^
          (![24, 24, 24, 24, 24, 24, 24, 24, 24, 38, 24, 38, 24, 46, 24, 29, 24, 29, 24, 29, 24, 29, 24] ⟨1, ⋯⟩ - 22) +
        if ⟨29, ⋯⟩ = ⟨1, ⋯⟩ then 1 else 0

case «1».«30»
⊢ ((if ⟨30, ⋯⟩ = ⟨1, ⋯⟩ then 1 else 0) + if ⟨30, ⋯⟩ = ⟨10, ⋯⟩ then 1 else 0) <
      512 ^
        (![24, 24, 24, 24, 24, 24, 24, 24, 24, 38, 24, 38, 24, 46, 24, 29, 24, 29, 24, 29, 24, 29, 24] ⟨1, ⋯⟩ - 22) ∧
    (-if ⟨30, ⋯⟩ = ⟨10, ⋯⟩ then 1 else 0) <
      512 ^
          (![24, 24, 24, 24, 24, 24, 24, 24, 24, 38, 24, 38, 24, 46, 24, 29, 24, 29, 24, 29, 24, 29, 24] ⟨1, ⋯⟩ - 22) +
        if ⟨30, ⋯⟩ = ⟨1, ⋯⟩ then 1 else 0

case «1».«31»
⊢ ((if ⟨31, ⋯⟩ = ⟨1, ⋯⟩ then 1 else 0) + if ⟨31, ⋯⟩ = ⟨10, ⋯⟩ then 1 else 0) <
      512 ^
        (![24, 24, 24, 24, 24, 24, 24, 24, 24, 38, 24, 38, 24, 46, 24, 29, 24, 29, 24, 29, 24, 29, 24] ⟨1, ⋯⟩ - 22) ∧
    (-if ⟨31, ⋯⟩ = ⟨10, ⋯⟩ then 1 else 0) <
      512 ^
          (![24, 24, 24, 24, 24, 24, 24, 24, 24, 38, 24, 38, 24, 46, 24, 29, 24, 29, 24, 29, 24, 29, 24] ⟨1, ⋯⟩ - 22) +
        if ⟨31, ⋯⟩ = ⟨1, ⋯⟩ then 1 else 0

case «1».«32»
⊢ ((if ⟨32, ⋯⟩ = ⟨1, ⋯⟩ then 1 else 0) + if ⟨32, ⋯⟩ = ⟨10, ⋯⟩ then 1 else 0) <
      512 ^
        (![24, 24, 24, 24, 24, 24, 24, 24, 24, 38, 24, 38, 24, 46, 24, 29, 24, 29, 24, 29, 24, 29, 24] ⟨1, ⋯⟩ - 22) ∧
    (-if ⟨32, ⋯⟩ = ⟨10, ⋯⟩ then 1 else 0) <
      512 ^
          (![24, 24, 24, 24, 24, 24, 24, 24, 24, 38, 24, 38, 24, 46, 24, 29, 24, 29, 24, 29, 24, 29, 24] ⟨1, ⋯⟩ - 22) +
        if ⟨32, ⋯⟩ = ⟨1, ⋯⟩ then 1 else 0

case «1».«33»
⊢ ((if ⟨33, ⋯⟩ = ⟨1, ⋯⟩ then 1 else 0) + if ⟨33, ⋯⟩ = ⟨10, ⋯⟩ then 1 else 0) <
      512 ^
        (![24, 24, 24, 24, 24, 24, 24, 24, 24, 38, 24, 38, 24, 46, 24, 29, 24, 29, 24, 29, 24, 29, 24] ⟨1, ⋯⟩ - 22) ∧
    (-if ⟨33, ⋯⟩ = ⟨10, ⋯⟩ then 1 else 0) <
      512 ^
          (![24, 24, 24, 24, 24, 24, 24, 24, 24, 38, 24, 38, 24, 46, 24, 29, 24, 29, 24, 29, 24, 29, 24] ⟨1, ⋯⟩ - 22) +
        if ⟨33, ⋯⟩ = ⟨1, ⋯⟩ then 1 else 0

case «1».«34»
⊢ ((if ⟨34, ⋯⟩ = ⟨1, ⋯⟩ then 1 else 0) + if ⟨34, ⋯⟩ = ⟨10, ⋯⟩ then 1 else 0) <
      512 ^
        (![24, 24, 24, 24, 24, 24, 24, 24, 24, 38, 24, 38, 24, 46, 24, 29, 24, 29, 24, 29, 24, 29, 24] ⟨1, ⋯⟩ - 22) ∧
    (-if ⟨34, ⋯⟩ = ⟨10, ⋯⟩ then 1 else 0) <
      512 ^
          (![24, 24, 24, 24, 24, 24, 24, 24, 24, 38, 24, 38, 24, 46, 24, 29, 24, 29, 24, 29, 24, 29, 24] ⟨1, ⋯⟩ - 22) +
        if ⟨34, ⋯⟩ = ⟨1, ⋯⟩ then 1 else 0

case «1».«35»
⊢ ((if ⟨35, ⋯⟩ = ⟨1, ⋯⟩ then 1 else 0) + if ⟨35, ⋯⟩ = ⟨10, ⋯⟩ then 1 else 0) <
      512 ^
        (![24, 24, 24, 24, 24, 24, 24, 24, 24, 38, 24, 38, 24, 46, 24, 29, 24, 29, 24, 29, 24, 29, 24] ⟨1, ⋯⟩ - 22) ∧
    (-if ⟨35, ⋯⟩ = ⟨10, ⋯⟩ then 1 else 0) <
      512 ^
          (![24, 24, 24, 24, 24, 24, 24, 24, 24, 38, 24, 38, 24, 46, 24, 29, 24, 29, 24, 29, 24, 29, 24] ⟨1, ⋯⟩ - 22) +
        if ⟨35, ⋯⟩ = ⟨1, ⋯⟩ then 1 else 0

case «1».«36»
⊢ ((if ⟨36, ⋯⟩ = ⟨1, ⋯⟩ then 1 else 0) + if ⟨36, ⋯⟩ = ⟨10, ⋯⟩ then 1 else 0) <
      512 ^
        (![24, 24, 24, 24, 24, 24, 24, 24, 24, 38, 24, 38, 24, 46, 24, 29, 24, 29, 24, 29, 24, 29, 24] ⟨1, ⋯⟩ - 22) ∧
    (-if ⟨36, ⋯⟩ = ⟨10, ⋯⟩ then 1 else 0) <
      512 ^
          (![24, 24, 24, 24, 24, 24, 24, 24, 24, 38, 24, 38, 24, 46, 24, 29, 24, 29, 24, 29, 24, 29, 24] ⟨1, ⋯⟩ - 22) +
        if ⟨36, ⋯⟩ = ⟨1, ⋯⟩ then 1 else 0

case «1».«37»
⊢ ((if ⟨37, ⋯⟩ = ⟨1, ⋯⟩ then 1 else 0) + if ⟨37, ⋯⟩ = ⟨10, ⋯⟩ then 1 else 0) <
      512 ^
        (![24, 24, 24, 24, 24, 24, 24, 24, 24, 38, 24, 38, 24, 46, 24, 29, 24, 29, 24, 29, 24, 29, 24] ⟨1, ⋯⟩ - 22) ∧
    (-if ⟨37, ⋯⟩ = ⟨10, ⋯⟩ then 1 else 0) <
      512 ^
          (![24, 24, 24, 24, 24, 24, 24, 24, 24, 38, 24, 38, 24, 46, 24, 29, 24, 29, 24, 29, 24, 29, 24] ⟨1, ⋯⟩ - 22) +
        if ⟨37, ⋯⟩ = ⟨1, ⋯⟩ then 1 else 0

case «1».«38»
⊢ ((if ⟨38, ⋯⟩ = ⟨1, ⋯⟩ then 1 else 0) + if ⟨38, ⋯⟩ = ⟨10, ⋯⟩ then 1 else 0) <
      512 ^
        (![24, 24, 24, 24, 24, 24, 24, 24, 24, 38, 24, 38, 24, 46, 24, 29, 24, 29, 24, 29, 24, 29, 24] ⟨1, ⋯⟩ - 22) ∧
    (-if ⟨38, ⋯⟩ = ⟨10, ⋯⟩ then 1 else 0) <
      512 ^
          (![24, 24, 24, 24, 24, 24, 24, 24, 24, 38, 24, 38, 24, 46, 24, 29, 24, 29, 24, 29, 24, 29, 24] ⟨1, ⋯⟩ - 22) +
        if ⟨38, ⋯⟩ = ⟨1, ⋯⟩ then 1 else 0

case «2».«0»
⊢ ((if ⟨0, ⋯⟩ = ⟨2, ⋯⟩ then 1 else 0) + if ⟨0, ⋯⟩ = ⟨11, ⋯⟩ then 1 else 0) <
      512 ^
        (![24, 24, 24, 24, 24, 24, 24, 24, 24, 38, 24, 38, 24, 46, 24, 29, 24, 29, 24, 29, 24, 29, 24] ⟨2, ⋯⟩ - 22) ∧
    (-if ⟨0, ⋯⟩ = ⟨11, ⋯⟩ then 1 else 0) <
      512 ^
          (![24, 24, 24, 24, 24, 24, 24, 24, 24, 38, 24, 38, 24, 46, 24, 29, 24, 29, 24, 29, 24, 29, 24] ⟨2, ⋯⟩ - 22) +
        if ⟨0, ⋯⟩ = ⟨2, ⋯⟩ then 1 else 0

case «2».«1»
⊢ ((if ⟨1, ⋯⟩ = ⟨2, ⋯⟩ then 1 else 0) + if ⟨1, ⋯⟩ = ⟨11, ⋯⟩ then 1 else 0) <
      512 ^
        (![24, 24, 24, 24, 24, 24, 24, 24, 24, 38, 24, 38, 24, 46, 24, 29, 24, 29, 24, 29, 24, 29, 24] ⟨2, ⋯⟩ - 22) ∧
    (-if ⟨1, ⋯⟩ = ⟨11, ⋯⟩ then 1 else 0) <
      512 ^
          (![24, 24, 24, 24, 24, 24, 24, 24, 24, 38, 24, 38, 24, 46, 24, 29, 24, 29, 24, 29, 24, 29, 24] ⟨2, ⋯⟩ - 22) +
        if ⟨1, ⋯⟩ = ⟨2, ⋯⟩ then 1 else 0

case «2».«2»
⊢ ((if ⟨2, ⋯⟩ = ⟨2, ⋯⟩ then 1 else 0) + if ⟨2, ⋯⟩ = ⟨11, ⋯⟩ then 1 else 0) <
      512 ^
        (![24, 24, 24, 24, 24, 24, 24, 24, 24, 38, 24, 38, 24, 46, 24, 29, 24, 29, 24, 29, 24, 29, 24] ⟨2, ⋯⟩ - 22) ∧
    (-if ⟨2, ⋯⟩ = ⟨11, ⋯⟩ then 1 else 0) <
      512 ^
          (![24, 24, 24, 24, 24, 24, 24, 24, 24, 38, 24, 38, 24, 46, 24, 29, 24, 29, 24, 29, 24, 29, 24] ⟨2, ⋯⟩ - 22) +
        if ⟨2, ⋯⟩ = ⟨2, ⋯⟩ then 1 else 0

case «2».«3»
⊢ ((if ⟨3, ⋯⟩ = ⟨2, ⋯⟩ then 1 else 0) + if ⟨3, ⋯⟩ = ⟨11, ⋯⟩ then 1 else 0) <
      512 ^
        (![24, 24, 24, 24, 24, 24, 24, 24, 24, 38, 24, 38, 24, 46, 24, 29, 24, 29, 24, 29, 24, 29, 24] ⟨2, ⋯⟩ - 22) ∧
    (-if ⟨3, ⋯⟩ = ⟨11, ⋯⟩ then 1 else 0) <
      512 ^
          (![24, 24, 24, 24, 24, 24, 24, 24, 24, 38, 24, 38, 24, 46, 24, 29, 24, 29, 24, 29, 24, 29, 24] ⟨2, ⋯⟩ - 22) +
        if ⟨3, ⋯⟩ = ⟨2, ⋯⟩ then 1 else 0

case «2».«4»
⊢ ((if ⟨4, ⋯⟩ = ⟨2, ⋯⟩ then 1 else 0) + if ⟨4, ⋯⟩ = ⟨11, ⋯⟩ then 1 else 0) <
      512 ^
        (![24, 24, 24, 24, 24, 24, 24, 24, 24, 38, 24, 38, 24, 46, 24, 29, 24, 29, 24, 29, 24, 29, 24] ⟨2, ⋯⟩ - 22) ∧
    (-if ⟨4, ⋯⟩ = ⟨11, ⋯⟩ then 1 else 0) <
      512 ^
          (![24, 24, 24, 24, 24, 24, 24, 24, 24, 38, 24, 38, 24, 46, 24, 29, 24, 29, 24, 29, 24, 29, 24] ⟨2, ⋯⟩ - 22) +
        if ⟨4, ⋯⟩ = ⟨2, ⋯⟩ then 1 else 0

case «2».«5»
⊢ ((if ⟨5, ⋯⟩ = ⟨2, ⋯⟩ then 1 else 0) + if ⟨5, ⋯⟩ = ⟨11, ⋯⟩ then 1 else 0) <
      512 ^
        (![24, 24, 24, 24, 24, 24, 24, 24, 24, 38, 24, 38, 24, 46, 24, 29, 24, 29, 24, 29, 24, 29, 24] ⟨2, ⋯⟩ - 22) ∧
    (-if ⟨5, ⋯⟩ = ⟨11, ⋯⟩ then 1 else 0) <
      512 ^
          (![24, 24, 24, 24, 24, 24, 24, 24, 24, 38, 24, 38, 24, 46, 24, 29, 24, 29, 24, 29, 24, 29, 24] ⟨2, ⋯⟩ - 22) +
        if ⟨5, ⋯⟩ = ⟨2, ⋯⟩ then 1 else 0

case «2».«6»
⊢ ((if ⟨6, ⋯⟩ = ⟨2, ⋯⟩ then 1 else 0) + if ⟨6, ⋯⟩ = ⟨11, ⋯⟩ then 1 else 0) <
      512 ^
        (![24, 24, 24, 24, 24, 24, 24, 24, 24, 38, 24, 38, 24, 46, 24, 29, 24, 29, 24, 29, 24, 29, 24] ⟨2, ⋯⟩ - 22) ∧
    (-if ⟨6, ⋯⟩ = ⟨11, ⋯⟩ then 1 else 0) <
      512 ^
          (![24, 24, 24, 24, 24, 24, 24, 24, 24, 38, 24, 38, 24, 46, 24, 29, 24, 29, 24, 29, 24, 29, 24] ⟨2, ⋯⟩ - 22) +
        if ⟨6, ⋯⟩ = ⟨2, ⋯⟩ then 1 else 0

case «2».«7»
⊢ ((if ⟨7, ⋯⟩ = ⟨2, ⋯⟩ then 1 else 0) + if ⟨7, ⋯⟩ = ⟨11, ⋯⟩ then 1 else 0) <
      512 ^
        (![24, 24, 24, 24, 24, 24, 24, 24, 24, 38, 24, 38, 24, 46, 24, 29, 24, 29, 24, 29, 24, 29, 24] ⟨2, ⋯⟩ - 22) ∧
    (-if ⟨7, ⋯⟩ = ⟨11, ⋯⟩ then 1 else 0) <
      512 ^
          (![24, 24, 24, 24, 24, 24, 24, 24, 24, 38, 24, 38, 24, 46, 24, 29, 24, 29, 24, 29, 24, 29, 24] ⟨2, ⋯⟩ - 22) +
        if ⟨7, ⋯⟩ = ⟨2, ⋯⟩ then 1 else 0

case «2».«8»
⊢ ((if ⟨8, ⋯⟩ = ⟨2, ⋯⟩ then 1 else 0) + if ⟨8, ⋯⟩ = ⟨11, ⋯⟩ then 1 else 0) <
      512 ^
        (![24, 24, 24, 24, 24, 24, 24, 24, 24, 38, 24, 38, 24, 46, 24, 29, 24, 29, 24, 29, 24, 29, 24] ⟨2, ⋯⟩ - 22) ∧
    (-if ⟨8, ⋯⟩ = ⟨11, ⋯⟩ then 1 else 0) <
      512 ^
          (![24, 24, 24, 24, 24, 24, 24, 24, 24, 38, 24, 38, 24, 46, 24, 29, 24, 29, 24, 29, 24, 29, 24] ⟨2, ⋯⟩ - 22) +
        if ⟨8, ⋯⟩ = ⟨2, ⋯⟩ then 1 else 0

case «2».«9»
⊢ ((if ⟨9, ⋯⟩ = ⟨2, ⋯⟩ then 1 else 0) + if ⟨9, ⋯⟩ = ⟨11, ⋯⟩ then 1 else 0) <
      512 ^
        (![24, 24, 24, 24, 24, 24, 24, 24, 24, 38, 24, 38, 24, 46, 24, 29, 24, 29, 24, 29, 24, 29, 24] ⟨2, ⋯⟩ - 22) ∧
    (-if ⟨9, ⋯⟩ = ⟨11, ⋯⟩ then 1 else 0) <
      512 ^
          (![24, 24, 24, 24, 24, 24, 24, 24, 24, 38, 24, 38, 24, 46, 24, 29, 24, 29, 24, 29, 24, 29, 24] ⟨2, ⋯⟩ - 22) +
        if ⟨9, ⋯⟩ = ⟨2, ⋯⟩ then 1 else 0

case «2».«10»
⊢ ((if ⟨10, ⋯⟩ = ⟨2, ⋯⟩ then 1 else 0) + if ⟨10, ⋯⟩ = ⟨11, ⋯⟩ then 1 else 0) <
      512 ^
        (![24, 24, 24, 24, 24, 24, 24, 24, 24, 38, 24, 38, 24, 46, 24, 29, 24, 29, 24, 29, 24, 29, 24] ⟨2, ⋯⟩ - 22) ∧
    (-if ⟨10, ⋯⟩ = ⟨11, ⋯⟩ then 1 else 0) <
      512 ^
          (![24, 24, 24, 24, 24, 24, 24, 24, 24, 38, 24, 38, 24, 46, 24, 29, 24, 29, 24, 29, 24, 29, 24] ⟨2, ⋯⟩ - 22) +
        if ⟨10, ⋯⟩ = ⟨2, ⋯⟩ then 1 else 0

case «2».«11»
⊢ ((if ⟨11, ⋯⟩ = ⟨2, ⋯⟩ then 1 else 0) + if ⟨11, ⋯⟩ = ⟨11, ⋯⟩ then 1 else 0) <
      512 ^
        (![24, 24, 24, 24, 24, 24, 24, 24, 24, 38, 24, 38, 24, 46, 24, 29, 24, 29, 24, 29, 24, 29, 24] ⟨2, ⋯⟩ - 22) ∧
    (-if ⟨11, ⋯⟩ = ⟨11, ⋯⟩ then 1 else 0) <
      512 ^
          (![24, 24, 24, 24, 24, 24, 24, 24, 24, 38, 24, 38, 24, 46, 24, 29, 24, 29, 24, 29, 24, 29, 24] ⟨2, ⋯⟩ - 22) +
        if ⟨11, ⋯⟩ = ⟨2, ⋯⟩ then 1 else 0

case «2».«12»
⊢ ((if ⟨12, ⋯⟩ = ⟨2, ⋯⟩ then 1 else 0) + if ⟨12, ⋯⟩ = ⟨11, ⋯⟩ then 1 else 0) <
      512 ^
        (![24, 24, 24, 24, 24, 24, 24, 24, 24, 38, 24, 38, 24, 46, 24, 29, 24, 29, 24, 29, 24, 29, 24] ⟨2, ⋯⟩ - 22) ∧
    (-if ⟨12, ⋯⟩ = ⟨11, ⋯⟩ then 1 else 0) <
      512 ^
          (![24, 24, 24, 24, 24, 24, 24, 24, 24, 38, 24, 38, 24, 46, 24, 29, 24, 29, 24, 29, 24, 29, 24] ⟨2, ⋯⟩ - 22) +
        if ⟨12, ⋯⟩ = ⟨2, ⋯⟩ then 1 else 0

case «2».«13»
⊢ ((if ⟨13, ⋯⟩ = ⟨2, ⋯⟩ then 1 else 0) + if ⟨13, ⋯⟩ = ⟨11, ⋯⟩ then 1 else 0) <
      512 ^
        (![24, 24, 24, 24, 24, 24, 24, 24, 24, 38, 24, 38, 24, 46, 24, 29, 24, 29, 24, 29, 24, 29, 24] ⟨2, ⋯⟩ - 22) ∧
    (-if ⟨13, ⋯⟩ = ⟨11, ⋯⟩ then 1 else 0) <
      512 ^
          (![24, 24, 24, 24, 24, 24, 24, 24, 24, 38, 24, 38, 24, 46, 24, 29, 24, 29, 24, 29, 24, 29, 24] ⟨2, ⋯⟩ - 22) +
        if ⟨13, ⋯⟩ = ⟨2, ⋯⟩ then 1 else 0

case «2».«14»
⊢ ((if ⟨14, ⋯⟩ = ⟨2, ⋯⟩ then 1 else 0) + if ⟨14, ⋯⟩ = ⟨11, ⋯⟩ then 1 else 0) <
      512 ^
        (![24, 24, 24, 24, 24, 24, 24, 24, 24, 38, 24, 38, 24, 46, 24, 29, 24, 29, 24, 29, 24, 29, 24] ⟨2, ⋯⟩ - 22) ∧
    (-if ⟨14, ⋯⟩ = ⟨11, ⋯⟩ then 1 else 0) <
      512 ^
          (![24, 24, 24, 24, 24, 24, 24, 24, 24, 38, 24, 38, 24, 46, 24, 29, 24, 29, 24, 29, 24, 29, 24] ⟨2, ⋯⟩ - 22) +
        if ⟨14, ⋯⟩ = ⟨2, ⋯⟩ then 1 else 0

case «2».«15»
⊢ ((if ⟨15, ⋯⟩ = ⟨2, ⋯⟩ then 1 else 0) + if ⟨15, ⋯⟩ = ⟨11, ⋯⟩ then 1 else 0) <
      512 ^
        (![24, 24, 24, 24, 24, 24, 24, 24, 24, 38, 24, 38, 24, 46, 24, 29, 24, 29, 24, 29, 24, 29, 24] ⟨2, ⋯⟩ - 22) ∧
    (-if ⟨15, ⋯⟩ = ⟨11, ⋯⟩ then 1 else 0) <
      512 ^
          (![24, 24, 24, 24, 24, 24, 24, 24, 24, 38, 24, 38, 24, 46, 24, 29, 24, 29, 24, 29, 24, 29, 24] ⟨2, ⋯⟩ - 22) +
        if ⟨15, ⋯⟩ = ⟨2, ⋯⟩ then 1 else 0

case «2».«16»
⊢ ((if ⟨16, ⋯⟩ = ⟨2, ⋯⟩ then 1 else 0) + if ⟨16, ⋯⟩ = ⟨11, ⋯⟩ then 1 else 0) <
      512 ^
        (![24, 24, 24, 24, 24, 24, 24, 24, 24, 38, 24, 38, 24, 46, 24, 29, 24, 29, 24, 29, 24, 29, 24] ⟨2, ⋯⟩ - 22) ∧
    (-if ⟨16, ⋯⟩ = ⟨11, ⋯⟩ then 1 else 0) <
      512 ^
          (![24, 24, 24, 24, 24, 24, 24, 24, 24, 38, 24, 38, 24, 46, 24, 29, 24, 29, 24, 29, 24, 29, 24] ⟨2, ⋯⟩ - 22) +
        if ⟨16, ⋯⟩ = ⟨2, ⋯⟩ then 1 else 0

case «2».«17»
⊢ ((if ⟨17, ⋯⟩ = ⟨2, ⋯⟩ then 1 else 0) + if ⟨17, ⋯⟩ = ⟨11, ⋯⟩ then 1 else 0) <
      512 ^
        (![24, 24, 24, 24, 24, 24, 24, 24, 24, 38, 24, 38, 24, 46, 24, 29, 24, 29, 24, 29, 24, 29, 24] ⟨2, ⋯⟩ - 22) ∧
    (-if ⟨17, ⋯⟩ = ⟨11, ⋯⟩ then 1 else 0) <
      512 ^
          (![24, 24, 24, 24, 24, 24, 24, 24, 24, 38, 24, 38, 24, 46, 24, 29, 24, 29, 24, 29, 24, 29, 24] ⟨2, ⋯⟩ - 22) +
        if ⟨17, ⋯⟩ = ⟨2, ⋯⟩ then 1 else 0

case «2».«18»
⊢ ((if ⟨18, ⋯⟩ = ⟨2, ⋯⟩ then 1 else 0) + if ⟨18, ⋯⟩ = ⟨11, ⋯⟩ then 1 else 0) <
      512 ^
        (![24, 24, 24, 24, 24, 24, 24, 24, 24, 38, 24, 38, 24, 46, 24, 29, 24, 29, 24, 29, 24, 29, 24] ⟨2, ⋯⟩ - 22) ∧
    (-if ⟨18, ⋯⟩ = ⟨11, ⋯⟩ then 1 else 0) <
      512 ^
          (![24, 24, 24, 24, 24, 24, 24, 24, 24, 38, 24, 38, 24, 46, 24, 29, 24, 29, 24, 29, 24, 29, 24] ⟨2, ⋯⟩ - 22) +
        if ⟨18, ⋯⟩ = ⟨2, ⋯⟩ then 1 else 0

case «2».«19»
⊢ ((if ⟨19, ⋯⟩ = ⟨2, ⋯⟩ then 1 else 0) + if ⟨19, ⋯⟩ = ⟨11, ⋯⟩ then 1 else 0) <
      512 ^
        (![24, 24, 24, 24, 24, 24, 24, 24, 24, 38, 24, 38, 24, 46, 24, 29, 24, 29, 24, 29, 24, 29, 24] ⟨2, ⋯⟩ - 22) ∧
    (-if ⟨19, ⋯⟩ = ⟨11, ⋯⟩ then 1 else 0) <
      512 ^
          (![24, 24, 24, 24, 24, 24, 24, 24, 24, 38, 24, 38, 24, 46, 24, 29, 24, 29, 24, 29, 24, 29, 24] ⟨2, ⋯⟩ - 22) +
        if ⟨19, ⋯⟩ = ⟨2, ⋯⟩ then 1 else 0

case «2».«20»
⊢ ((if ⟨20, ⋯⟩ = ⟨2, ⋯⟩ then 1 else 0) + if ⟨20, ⋯⟩ = ⟨11, ⋯⟩ then 1 else 0) <
      512 ^
        (![24, 24, 24, 24, 24, 24, 24, 24, 24, 38, 24, 38, 24, 46, 24, 29, 24, 29, 24, 29, 24, 29, 24] ⟨2, ⋯⟩ - 22) ∧
    (-if ⟨20, ⋯⟩ = ⟨11, ⋯⟩ then 1 else 0) <
      512 ^
          (![24, 24, 24, 24, 24, 24, 24, 24, 24, 38, 24, 38, 24, 46, 24, 29, 24, 29, 24, 29, 24, 29, 24] ⟨2, ⋯⟩ - 22) +
        if ⟨20, ⋯⟩ = ⟨2, ⋯⟩ then 1 else 0

case «2».«21»
⊢ ((if ⟨21, ⋯⟩ = ⟨2, ⋯⟩ then 1 else 0) + if ⟨21, ⋯⟩ = ⟨11, ⋯⟩ then 1 else 0) <
      512 ^
        (![24, 24, 24, 24, 24, 24, 24, 24, 24, 38, 24, 38, 24, 46, 24, 29, 24, 29, 24, 29, 24, 29, 24] ⟨2, ⋯⟩ - 22) ∧
    (-if ⟨21, ⋯⟩ = ⟨11, ⋯⟩ then 1 else 0) <
      512 ^
          (![24, 24, 24, 24, 24, 24, 24, 24, 24, 38, 24, 38, 24, 46, 24, 29, 24, 29, 24, 29, 24, 29, 24] ⟨2, ⋯⟩ - 22) +
        if ⟨21, ⋯⟩ = ⟨2, ⋯⟩ then 1 else 0

case «2».«22»
⊢ ((if ⟨22, ⋯⟩ = ⟨2, ⋯⟩ then 1 else 0) + if ⟨22, ⋯⟩ = ⟨11, ⋯⟩ then 1 else 0) <
      512 ^
        (![24, 24, 24, 24, 24, 24, 24, 24, 24, 38, 24, 38, 24, 46, 24, 29, 24, 29, 24, 29, 24, 29, 24] ⟨2, ⋯⟩ - 22) ∧
    (-if ⟨22, ⋯⟩ = ⟨11, ⋯⟩ then 1 else 0) <
      512 ^
          (![24, 24, 24, 24, 24, 24, 24, 24, 24, 38, 24, 38, 24, 46, 24, 29, 24, 29, 24, 29, 24, 29, 24] ⟨2, ⋯⟩ - 22) +
        if ⟨22, ⋯⟩ = ⟨2, ⋯⟩ then 1 else 0

case «2».«23»
⊢ ((if ⟨23, ⋯⟩ = ⟨2, ⋯⟩ then 1 else 0) + if ⟨23, ⋯⟩ = ⟨11, ⋯⟩ then 1 else 0) <
      512 ^
        (![24, 24, 24, 24, 24, 24, 24, 24, 24, 38, 24, 38, 24, 46, 24, 29, 24, 29, 24, 29, 24, 29, 24] ⟨2, ⋯⟩ - 22) ∧
    (-if ⟨23, ⋯⟩ = ⟨11, ⋯⟩ then 1 else 0) <
      512 ^
          (![24, 24, 24, 24, 24, 24, 24, 24, 24, 38, 24, 38, 24, 46, 24, 29, 24, 29, 24, 29, 24, 29, 24] ⟨2, ⋯⟩ - 22) +
        if ⟨23, ⋯⟩ = ⟨2, ⋯⟩ then 1 else 0

case «2».«24»
⊢ ((if ⟨24, ⋯⟩ = ⟨2, ⋯⟩ then 1 else 0) + if ⟨24, ⋯⟩ = ⟨11, ⋯⟩ then 1 else 0) <
      512 ^
        (![24, 24, 24, 24, 24, 24, 24, 24, 24, 38, 24, 38, 24, 46, 24, 29, 24, 29, 24, 29, 24, 29, 24] ⟨2, ⋯⟩ - 22) ∧
    (-if ⟨24, ⋯⟩ = ⟨11, ⋯⟩ then 1 else 0) <
      512 ^
          (![24, 24, 24, 24, 24, 24, 24, 24, 24, 38, 24, 38, 24, 46, 24, 29, 24, 29, 24, 29, 24, 29, 24] ⟨2, ⋯⟩ - 22) +
        if ⟨24, ⋯⟩ = ⟨2, ⋯⟩ then 1 else 0

case «2».«25»
⊢ ((if ⟨25, ⋯⟩ = ⟨2, ⋯⟩ then 1 else 0) + if ⟨25, ⋯⟩ = ⟨11, ⋯⟩ then 1 else 0) <
      512 ^
        (![24, 24, 24, 24, 24, 24, 24, 24, 24, 38, 24, 38, 24, 46, 24, 29, 24, 29, 24, 29, 24, 29, 24] ⟨2, ⋯⟩ - 22) ∧
    (-if ⟨25, ⋯⟩ = ⟨11, ⋯⟩ then 1 else 0) <
      512 ^
          (![24, 24, 24, 24, 24, 24, 24, 24, 24, 38, 24, 38, 24, 46, 24, 29, 24, 29, 24, 29, 24, 29, 24] ⟨2, ⋯⟩ - 22) +
        if ⟨25, ⋯⟩ = ⟨2, ⋯⟩ then 1 else 0

case «2».«26»
⊢ ((if ⟨26, ⋯⟩ = ⟨2, ⋯⟩ then 1 else 0) + if ⟨26, ⋯⟩ = ⟨11, ⋯⟩ then 1 else 0) <
      512 ^
        (![24, 24, 24, 24, 24, 24, 24, 24, 24, 38, 24, 38, 24, 46, 24, 29, 24, 29, 24, 29, 24, 29, 24] ⟨2, ⋯⟩ - 22) ∧
    (-if ⟨26, ⋯⟩ = ⟨11, ⋯⟩ then 1 else 0) <
      512 ^
          (![24, 24, 24, 24, 24, 24, 24, 24, 24, 38, 24, 38, 24, 46, 24, 29, 24, 29, 24, 29, 24, 29, 24] ⟨2, ⋯⟩ - 22) +
        if ⟨26, ⋯⟩ = ⟨2, ⋯⟩ then 1 else 0

case «2».«27»
⊢ ((if ⟨27, ⋯⟩ = ⟨2, ⋯⟩ then 1 else 0) + if ⟨27, ⋯⟩ = ⟨11, ⋯⟩ then 1 else 0) <
      512 ^
        (![24, 24, 24, 24, 24, 24, 24, 24, 24, 38, 24, 38, 24, 46, 24, 29, 24, 29, 24, 29, 24, 29, 24] ⟨2, ⋯⟩ - 22) ∧
    (-if ⟨27, ⋯⟩ = ⟨11, ⋯⟩ then 1 else 0) <
      512 ^
          (![24, 24, 24, 24, 24, 24, 24, 24, 24, 38, 24, 38, 24, 46, 24, 29, 24, 29, 24, 29, 24, 29, 24] ⟨2, ⋯⟩ - 22) +
        if ⟨27, ⋯⟩ = ⟨2, ⋯⟩ then 1 else 0

case «2».«28»
⊢ ((if ⟨28, ⋯⟩ = ⟨2, ⋯⟩ then 1 else 0) + if ⟨28, ⋯⟩ = ⟨11, ⋯⟩ then 1 else 0) <
      512 ^
        (![24, 24, 24, 24, 24, 24, 24, 24, 24, 38, 24, 38, 24, 46, 24, 29, 24, 29, 24, 29, 24, 29, 24] ⟨2, ⋯⟩ - 22) ∧
    (-if ⟨28, ⋯⟩ = ⟨11, ⋯⟩ then 1 else 0) <
      512 ^
          (![24, 24, 24, 24, 24, 24, 24, 24, 24, 38, 24, 38, 24, 46, 24, 29, 24, 29, 24, 29, 24, 29, 24] ⟨2, ⋯⟩ - 22) +
        if ⟨28, ⋯⟩ = ⟨2, ⋯⟩ then 1 else 0

case «2».«29»
⊢ ((if ⟨29, ⋯⟩ = ⟨2, ⋯⟩ then 1 else 0) + if ⟨29, ⋯⟩ = ⟨11, ⋯⟩ then 1 else 0) <
      512 ^
        (![24, 24, 24, 24, 24, 24, 24, 24, 24, 38, 24, 38, 24, 46, 24, 29, 24, 29, 24, 29, 24, 29, 24] ⟨2, ⋯⟩ - 22) ∧
    (-if ⟨29, ⋯⟩ = ⟨11, ⋯⟩ then 1 else 0) <
      512 ^
          (![24, 24, 24, 24, 24, 24, 24, 24, 24, 38, 24, 38, 24, 46, 24, 29, 24, 29, 24, 29, 24, 29, 24] ⟨2, ⋯⟩ - 22) +
        if ⟨29, ⋯⟩ = ⟨2, ⋯⟩ then 1 else 0

case «2».«30»
⊢ ((if ⟨30, ⋯⟩ = ⟨2, ⋯⟩ then 1 else 0) + if ⟨30, ⋯⟩ = ⟨11, ⋯⟩ then 1 else 0) <
      512 ^
        (![24, 24, 24, 24, 24, 24, 24, 24, 24, 38, 24, 38, 24, 46, 24, 29, 24, 29, 24, 29, 24, 29, 24] ⟨2, ⋯⟩ - 22) ∧
    (-if ⟨30, ⋯⟩ = ⟨11, ⋯⟩ then 1 else 0) <
      512 ^
          (![24, 24, 24, 24, 24, 24, 24, 24, 24, 38, 24, 38, 24, 46, 24, 29, 24, 29, 24, 29, 24, 29, 24] ⟨2, ⋯⟩ - 22) +
        if ⟨30, ⋯⟩ = ⟨2, ⋯⟩ then 1 else 0

case «2».«31»
⊢ ((if ⟨31, ⋯⟩ = ⟨2, ⋯⟩ then 1 else 0) + if ⟨31, ⋯⟩ = ⟨11, ⋯⟩ then 1 else 0) <
      512 ^
        (![24, 24, 24, 24, 24, 24, 24, 24, 24, 38, 24, 38, 24, 46, 24, 29, 24, 29, 24, 29, 24, 29, 24] ⟨2, ⋯⟩ - 22) ∧
    (-if ⟨31, ⋯⟩ = ⟨11, ⋯⟩ then 1 else 0) <
      512 ^
          (![24, 24, 24, 24, 24, 24, 24, 24, 24, 38, 24, 38, 24, 46, 24, 29, 24, 29, 24, 29, 24, 29, 24] ⟨2, ⋯⟩ - 22) +
        if ⟨31, ⋯⟩ = ⟨2, ⋯⟩ then 1 else 0

case «2».«32»
⊢ ((if ⟨32, ⋯⟩ = ⟨2, ⋯⟩ then 1 else 0) + if ⟨32, ⋯⟩ = ⟨11, ⋯⟩ then 1 else 0) <
      512 ^
        (![24, 24, 24, 24, 24, 24, 24, 24, 24, 38, 24, 38, 24, 46, 24, 29, 24, 29, 24, 29, 24, 29, 24] ⟨2, ⋯⟩ - 22) ∧
    (-if ⟨32, ⋯⟩ = ⟨11, ⋯⟩ then 1 else 0) <
      512 ^
          (![24, 24, 24, 24, 24, 24, 24, 24, 24, 38, 24, 38, 24, 46, 24, 29, 24, 29, 24, 29, 24, 29, 24] ⟨2, ⋯⟩ - 22) +
        if ⟨32, ⋯⟩ = ⟨2, ⋯⟩ then 1 else 0

case «2».«33»
⊢ ((if ⟨33, ⋯⟩ = ⟨2, ⋯⟩ then 1 else 0) + if ⟨33, ⋯⟩ = ⟨11, ⋯⟩ then 1 else 0) <
      512 ^
        (![24, 24, 24, 24, 24, 24, 24, 24, 24, 38, 24, 38, 24, 46, 24, 29, 24, 29, 24, 29, 24, 29, 24] ⟨2, ⋯⟩ - 22) ∧
    (-if ⟨33, ⋯⟩ = ⟨11, ⋯⟩ then 1 else 0) <
      512 ^
          (![24, 24, 24, 24, 24, 24, 24, 24, 24, 38, 24, 38, 24, 46, 24, 29, 24, 29, 24, 29, 24, 29, 24] ⟨2, ⋯⟩ - 22) +
        if ⟨33, ⋯⟩ = ⟨2, ⋯⟩ then 1 else 0

case «2».«34»
⊢ ((if ⟨34, ⋯⟩ = ⟨2, ⋯⟩ then 1 else 0) + if ⟨34, ⋯⟩ = ⟨11, ⋯⟩ then 1 else 0) <
      512 ^
        (![24, 24, 24, 24, 24, 24, 24, 24, 24, 38, 24, 38, 24, 46, 24, 29, 24, 29, 24, 29, 24, 29, 24] ⟨2, ⋯⟩ - 22) ∧
    (-if ⟨34, ⋯⟩ = ⟨11, ⋯⟩ then 1 else 0) <
      512 ^
          (![24, 24, 24, 24, 24, 24, 24, 24, 24, 38, 24, 38, 24, 46, 24, 29, 24, 29, 24, 29, 24, 29, 24] ⟨2, ⋯⟩ - 22) +
        if ⟨34, ⋯⟩ = ⟨2, ⋯⟩ then 1 else 0

case «2».«35»
⊢ ((if ⟨35, ⋯⟩ = ⟨2, ⋯⟩ then 1 else 0) + if ⟨35, ⋯⟩ = ⟨11, ⋯⟩ then 1 else 0) <
      512 ^
        (![24, 24, 24, 24, 24, 24, 24, 24, 24, 38, 24, 38, 24, 46, 24, 29, 24, 29, 24, 29, 24, 29, 24] ⟨2, ⋯⟩ - 22) ∧
    (-if ⟨35, ⋯⟩ = ⟨11, ⋯⟩ then 1 else 0) <
      512 ^
          (![24, 24, 24, 24, 24, 24, 24, 24, 24, 38, 24, 38, 24, 46, 24, 29, 24, 29, 24, 29, 24, 29, 24] ⟨2, ⋯⟩ - 22) +
        if ⟨35, ⋯⟩ = ⟨2, ⋯⟩ then 1 else 0

case «2».«36»
⊢ ((if ⟨36, ⋯⟩ = ⟨2, ⋯⟩ then 1 else 0) + if ⟨36, ⋯⟩ = ⟨11, ⋯⟩ then 1 else 0) <
      512 ^
        (![24, 24, 24, 24, 24, 24, 24, 24, 24, 38, 24, 38, 24, 46, 24, 29, 24, 29, 24, 29, 24, 29, 24] ⟨2, ⋯⟩ - 22) ∧
    (-if ⟨36, ⋯⟩ = ⟨11, ⋯⟩ then 1 else 0) <
      512 ^
          (![24, 24, 24, 24, 24, 24, 24, 24, 24, 38, 24, 38, 24, 46, 24, 29, 24, 29, 24, 29, 24, 29, 24] ⟨2, ⋯⟩ - 22) +
        if ⟨36, ⋯⟩ = ⟨2, ⋯⟩ then 1 else 0

case «2».«37»
⊢ ((if ⟨37, ⋯⟩ = ⟨2, ⋯⟩ then 1 else 0) + if ⟨37, ⋯⟩ = ⟨11, ⋯⟩ then 1 else 0) <
      512 ^
        (![24, 24, 24, 24, 24, 24, 24, 24, 24, 38, 24, 38, 24, 46, 24, 29, 24, 29, 24, 29, 24, 29, 24] ⟨2, ⋯⟩ - 22) ∧
    (-if ⟨37, ⋯⟩ = ⟨11, ⋯⟩ then 1 else 0) <
      512 ^
          (![24, 24, 24, 24, 24, 24, 24, 24, 24, 38, 24, 38, 24, 46, 24, 29, 24, 29, 24, 29, 24, 29, 24] ⟨2, ⋯⟩ - 22) +
        if ⟨37, ⋯⟩ = ⟨2, ⋯⟩ then 1 else 0

case «2».«38»
⊢ ((if ⟨38, ⋯⟩ = ⟨2, ⋯⟩ then 1 else 0) + if ⟨38, ⋯⟩ = ⟨11, ⋯⟩ then 1 else 0) <
      512 ^
        (![24, 24, 24, 24, 24, 24, 24, 24, 24, 38, 24, 38, 24, 46, 24, 29, 24, 29, 24, 29, 24, 29, 24] ⟨2, ⋯⟩ - 22) ∧
    (-if ⟨38, ⋯⟩ = ⟨11, ⋯⟩ then 1 else 0) <
      512 ^
          (![24, 24, 24, 24, 24, 24, 24, 24, 24, 38, 24, 38, 24, 46, 24, 29, 24, 29, 24, 29, 24, 29, 24] ⟨2, ⋯⟩ - 22) +
        if ⟨38, ⋯⟩ = ⟨2, ⋯⟩ then 1 else 0

case «3».«0»
⊢ ((if ⟨0, ⋯⟩ = ⟨3, ⋯⟩ then 1 else 0) + if ⟨0, ⋯⟩ = ⟨12, ⋯⟩ then 1 else 0) <
      512 ^
        (![24, 24, 24, 24, 24, 24, 24, 24, 24, 38, 24, 38, 24, 46, 24, 29, 24, 29, 24, 29, 24, 29, 24] ⟨3, ⋯⟩ - 22) ∧
    (-if ⟨0, ⋯⟩ = ⟨12, ⋯⟩ then 1 else 0) <
      512 ^
          (![24, 24, 24, 24, 24, 24, 24, 24, 24, 38, 24, 38, 24, 46, 24, 29, 24, 29, 24, 29, 24, 29, 24] ⟨3, ⋯⟩ - 22) +
        if ⟨0, ⋯⟩ = ⟨3, ⋯⟩ then 1 else 0

case «3».«1»
⊢ ((if ⟨1, ⋯⟩ = ⟨3, ⋯⟩ then 1 else 0) + if ⟨1, ⋯⟩ = ⟨12, ⋯⟩ then 1 else 0) <
      512 ^
        (![24, 24, 24, 24, 24, 24, 24, 24, 24, 38, 24, 38, 24, 46, 24, 29, 24, 29, 24, 29, 24, 29, 24] ⟨3, ⋯⟩ - 22) ∧
    (-if ⟨1, ⋯⟩ = ⟨12, ⋯⟩ then 1 else 0) <
      512 ^
          (![24, 24, 24, 24, 24, 24, 24, 24, 24, 38, 24, 38, 24, 46, 24, 29, 24, 29, 24, 29, 24, 29, 24] ⟨3, ⋯⟩ - 22) +
        if ⟨1, ⋯⟩ = ⟨3, ⋯⟩ then 1 else 0

case «3».«2»
⊢ ((if ⟨2, ⋯⟩ = ⟨3, ⋯⟩ then 1 else 0) + if ⟨2, ⋯⟩ = ⟨12, ⋯⟩ then 1 else 0) <
      512 ^
        (![24, 24, 24, 24, 24, 24, 24, 24, 24, 38, 24, 38, 24, 46, 24, 29, 24, 29, 24, 29, 24, 29, 24] ⟨3, ⋯⟩ - 22) ∧
    (-if ⟨2, ⋯⟩ = ⟨12, ⋯⟩ then 1 else 0) <
      512 ^
          (![24, 24, 24, 24, 24, 24, 24, 24, 24, 38, 24, 38, 24, 46, 24, 29, 24, 29, 24, 29, 24, 29, 24] ⟨3, ⋯⟩ - 22) +
        if ⟨2, ⋯⟩ = ⟨3, ⋯⟩ then 1 else 0

case «3».«3»
⊢ ((if ⟨3, ⋯⟩ = ⟨3, ⋯⟩ then 1 else 0) + if ⟨3, ⋯⟩ = ⟨12, ⋯⟩ then 1 else 0) <
      512 ^
        (![24, 24, 24, 24, 24, 24, 24, 24, 24, 38, 24, 38, 24, 46, 24, 29, 24, 29, 24, 29, 24, 29, 24] ⟨3, ⋯⟩ - 22) ∧
    (-if ⟨3, ⋯⟩ = ⟨12, ⋯⟩ then 1 else 0) <
      512 ^
          (![24, 24, 24, 24, 24, 24, 24, 24, 24, 38, 24, 38, 24, 46, 24, 29, 24, 29, 24, 29, 24, 29, 24] ⟨3, ⋯⟩ - 22) +
        if ⟨3, ⋯⟩ = ⟨3, ⋯⟩ then 1 else 0

case «3».«4»
⊢ ((if ⟨4, ⋯⟩ = ⟨3, ⋯⟩ then 1 else 0) + if ⟨4, ⋯⟩ = ⟨12, ⋯⟩ then 1 else 0) <
      512 ^
        (![24, 24, 24, 24, 24, 24, 24, 24, 24, 38, 24, 38, 24, 46, 24, 29, 24, 29, 24, 29, 24, 29, 24] ⟨3, ⋯⟩ - 22) ∧
    (-if ⟨4, ⋯⟩ = ⟨12, ⋯⟩ then 1 else 0) <
      512 ^
          (![24, 24, 24, 24, 24, 24, 24, 24, 24, 38, 24, 38, 24, 46, 24, 29, 24, 29, 24, 29, 24, 29, 24] ⟨3, ⋯⟩ - 22) +
        if ⟨4, ⋯⟩ = ⟨3, ⋯⟩ then 1 else 0

case «3».«5»
⊢ ((if ⟨5, ⋯⟩ = ⟨3, ⋯⟩ then 1 else 0) + if ⟨5, ⋯⟩ = ⟨12, ⋯⟩ then 1 else 0) <
      512 ^
        (![24, 24, 24, 24, 24, 24, 24, 24, 24, 38, 24, 38, 24, 46, 24, 29, 24, 29, 24, 29, 24, 29, 24] ⟨3, ⋯⟩ - 22) ∧
    (-if ⟨5, ⋯⟩ = ⟨12, ⋯⟩ then 1 else 0) <
      512 ^
          (![24, 24, 24, 24, 24, 24, 24, 24, 24, 38, 24, 38, 24, 46, 24, 29, 24, 29, 24, 29, 24, 29, 24] ⟨3, ⋯⟩ - 22) +
        if ⟨5, ⋯⟩ = ⟨3, ⋯⟩ then 1 else 0

case «3».«6»
⊢ ((if ⟨6, ⋯⟩ = ⟨3, ⋯⟩ then 1 else 0) + if ⟨6, ⋯⟩ = ⟨12, ⋯⟩ then 1 else 0) <
      512 ^
        (![24, 24, 24, 24, 24, 24, 24, 24, 24, 38, 24, 38, 24, 46, 24, 29, 24, 29, 24, 29, 24, 29, 24] ⟨3, ⋯⟩ - 22) ∧
    (-if ⟨6, ⋯⟩ = ⟨12, ⋯⟩ then 1 else 0) <
      512 ^
          (![24, 24, 24, 24, 24, 24, 24, 24, 24, 38, 24, 38, 24, 46, 24, 29, 24, 29, 24, 29, 24, 29, 24] ⟨3, ⋯⟩ - 22) +
        if ⟨6, ⋯⟩ = ⟨3, ⋯⟩ then 1 else 0

case «3».«7»
⊢ ((if ⟨7, ⋯⟩ = ⟨3, ⋯⟩ then 1 else 0) + if ⟨7, ⋯⟩ = ⟨12, ⋯⟩ then 1 else 0) <
      512 ^
        (![24, 24, 24, 24, 24, 24, 24, 24, 24, 38, 24, 38, 24, 46, 24, 29, 24, 29, 24, 29, 24, 29, 24] ⟨3, ⋯⟩ - 22) ∧
    (-if ⟨7, ⋯⟩ = ⟨12, ⋯⟩ then 1 else 0) <
      512 ^
          (![24, 24, 24, 24, 24, 24, 24, 24, 24, 38, 24, 38, 24, 46, 24, 29, 24, 29, 24, 29, 24, 29, 24] ⟨3, ⋯⟩ - 22) +
        if ⟨7, ⋯⟩ = ⟨3, ⋯⟩ then 1 else 0

case «3».«8»
⊢ ((if ⟨8, ⋯⟩ = ⟨3, ⋯⟩ then 1 else 0) + if ⟨8, ⋯⟩ = ⟨12, ⋯⟩ then 1 else 0) <
      512 ^
        (![24, 24, 24, 24, 24, 24, 24, 24, 24, 38, 24, 38, 24, 46, 24, 29, 24, 29, 24, 29, 24, 29, 24] ⟨3, ⋯⟩ - 22) ∧
    (-if ⟨8, ⋯⟩ = ⟨12, ⋯⟩ then 1 else 0) <
      512 ^
          (![24, 24, 24, 24, 24, 24, 24, 24, 24, 38, 24, 38, 24, 46, 24, 29, 24, 29, 24, 29, 24, 29, 24] ⟨3, ⋯⟩ - 22) +
        if ⟨8, ⋯⟩ = ⟨3, ⋯⟩ then 1 else 0

case «3».«9»
⊢ ((if ⟨9, ⋯⟩ = ⟨3, ⋯⟩ then 1 else 0) + if ⟨9, ⋯⟩ = ⟨12, ⋯⟩ then 1 else 0) <
      512 ^
        (![24, 24, 24, 24, 24, 24, 24, 24, 24, 38, 24, 38, 24, 46, 24, 29, 24, 29, 24, 29, 24, 29, 24] ⟨3, ⋯⟩ - 22) ∧
    (-if ⟨9, ⋯⟩ = ⟨12, ⋯⟩ then 1 else 0) <
      512 ^
          (![24, 24, 24, 24, 24, 24, 24, 24, 24, 38, 24, 38, 24, 46, 24, 29, 24, 29, 24, 29, 24, 29, 24] ⟨3, ⋯⟩ - 22) +
        if ⟨9, ⋯⟩ = ⟨3, ⋯⟩ then 1 else 0

case «3».«10»
⊢ ((if ⟨10, ⋯⟩ = ⟨3, ⋯⟩ then 1 else 0) + if ⟨10, ⋯⟩ = ⟨12, ⋯⟩ then 1 else 0) <
      512 ^
        (![24, 24, 24, 24, 24, 24, 24, 24, 24, 38, 24, 38, 24, 46, 24, 29, 24, 29, 24, 29, 24, 29, 24] ⟨3, ⋯⟩ - 22) ∧
    (-if ⟨10, ⋯⟩ = ⟨12, ⋯⟩ then 1 else 0) <
      512 ^
          (![24, 24, 24, 24, 24, 24, 24, 24, 24, 38, 24, 38, 24, 46, 24, 29, 24, 29, 24, 29, 24, 29, 24] ⟨3, ⋯⟩ - 22) +
        if ⟨10, ⋯⟩ = ⟨3, ⋯⟩ then 1 else 0

case «3».«11»
⊢ ((if ⟨11, ⋯⟩ = ⟨3, ⋯⟩ then 1 else 0) + if ⟨11, ⋯⟩ = ⟨12, ⋯⟩ then 1 else 0) <
      512 ^
        (![24, 24, 24, 24, 24, 24, 24, 24, 24, 38, 24, 38, 24, 46, 24, 29, 24, 29, 24, 29, 24, 29, 24] ⟨3, ⋯⟩ - 22) ∧
    (-if ⟨11, ⋯⟩ = ⟨12, ⋯⟩ then 1 else 0) <
      512 ^
          (![24, 24, 24, 24, 24, 24, 24, 24, 24, 38, 24, 38, 24, 46, 24, 29, 24, 29, 24, 29, 24, 29, 24] ⟨3, ⋯⟩ - 22) +
        if ⟨11, ⋯⟩ = ⟨3, ⋯⟩ then 1 else 0

case «3».«12»
⊢ ((if ⟨12, ⋯⟩ = ⟨3, ⋯⟩ then 1 else 0) + if ⟨12, ⋯⟩ = ⟨12, ⋯⟩ then 1 else 0) <
      512 ^
        (![24, 24, 24, 24, 24, 24, 24, 24, 24, 38, 24, 38, 24, 46, 24, 29, 24, 29, 24, 29, 24, 29, 24] ⟨3, ⋯⟩ - 22) ∧
    (-if ⟨12, ⋯⟩ = ⟨12, ⋯⟩ then 1 else 0) <
      512 ^
          (![24, 24, 24, 24, 24, 24, 24, 24, 24, 38, 24, 38, 24, 46, 24, 29, 24, 29, 24, 29, 24, 29, 24] ⟨3, ⋯⟩ - 22) +
        if ⟨12, ⋯⟩ = ⟨3, ⋯⟩ then 1 else 0

case «3».«13»
⊢ ((if ⟨13, ⋯⟩ = ⟨3, ⋯⟩ then 1 else 0) + if ⟨13, ⋯⟩ = ⟨12, ⋯⟩ then 1 else 0) <
      512 ^
        (![24, 24, 24, 24, 24, 24, 24, 24, 24, 38, 24, 38, 24, 46, 24, 29, 24, 29, 24, 29, 24, 29, 24] ⟨3, ⋯⟩ - 22) ∧
    (-if ⟨13, ⋯⟩ = ⟨12, ⋯⟩ then 1 else 0) <
      512 ^
          (![24, 24, 24, 24, 24, 24, 24, 24, 24, 38, 24, 38, 24, 46, 24, 29, 24, 29, 24, 29, 24, 29, 24] ⟨3, ⋯⟩ - 22) +
        if ⟨13, ⋯⟩ = ⟨3, ⋯⟩ then 1 else 0

case «3».«14»
⊢ ((if ⟨14, ⋯⟩ = ⟨3, ⋯⟩ then 1 else 0) + if ⟨14, ⋯⟩ = ⟨12, ⋯⟩ then 1 else 0) <
      512 ^
        (![24, 24, 24, 24, 24, 24, 24, 24, 24, 38, 24, 38, 24, 46, 24, 29, 24, 29, 24, 29, 24, 29, 24] ⟨3, ⋯⟩ - 22) ∧
    (-if ⟨14, ⋯⟩ = ⟨12, ⋯⟩ then 1 else 0) <
      512 ^
          (![24, 24, 24, 24, 24, 24, 24, 24, 24, 38, 24, 38, 24, 46, 24, 29, 24, 29, 24, 29, 24, 29, 24] ⟨3, ⋯⟩ - 22) +
        if ⟨14, ⋯⟩ = ⟨3, ⋯⟩ then 1 else 0

case «3».«15»
⊢ ((if ⟨15, ⋯⟩ = ⟨3, ⋯⟩ then 1 else 0) + if ⟨15, ⋯⟩ = ⟨12, ⋯⟩ then 1 else 0) <
      512 ^
        (![24, 24, 24, 24, 24, 24, 24, 24, 24, 38, 24, 38, 24, 46, 24, 29, 24, 29, 24, 29, 24, 29, 24] ⟨3, ⋯⟩ - 22) ∧
    (-if ⟨15, ⋯⟩ = ⟨12, ⋯⟩ then 1 else 0) <
      512 ^
          (![24, 24, 24, 24, 24, 24, 24, 24, 24, 38, 24, 38, 24, 46, 24, 29, 24, 29, 24, 29, 24, 29, 24] ⟨3, ⋯⟩ - 22) +
        if ⟨15, ⋯⟩ = ⟨3, ⋯⟩ then 1 else 0

case «3».«16»
⊢ ((if ⟨16, ⋯⟩ = ⟨3, ⋯⟩ then 1 else 0) + if ⟨16, ⋯⟩ = ⟨12, ⋯⟩ then 1 else 0) <
      512 ^
        (![24, 24, 24, 24, 24, 24, 24, 24, 24, 38, 24, 38, 24, 46, 24, 29, 24, 29, 24, 29, 24, 29, 24] ⟨3, ⋯⟩ - 22) ∧
    (-if ⟨16, ⋯⟩ = ⟨12, ⋯⟩ then 1 else 0) <
      512 ^
          (![24, 24, 24, 24, 24, 24, 24, 24, 24, 38, 24, 38, 24, 46, 24, 29, 24, 29, 24, 29, 24, 29, 24] ⟨3, ⋯⟩ - 22) +
        if ⟨16, ⋯⟩ = ⟨3, ⋯⟩ then 1 else 0

case «3».«17»
⊢ ((if ⟨17, ⋯⟩ = ⟨3, ⋯⟩ then 1 else 0) + if ⟨17, ⋯⟩ = ⟨12, ⋯⟩ then 1 else 0) <
      512 ^
        (![24, 24, 24, 24, 24, 24, 24, 24, 24, 38, 24, 38, 24, 46, 24, 29, 24, 29, 24, 29, 24, 29, 24] ⟨3, ⋯⟩ - 22) ∧
    (-if ⟨17, ⋯⟩ = ⟨12, ⋯⟩ then 1 else 0) <
      512 ^
          (![24, 24, 24, 24, 24, 24, 24, 24, 24, 38, 24, 38, 24, 46, 24, 29, 24, 29, 24, 29, 24, 29, 24] ⟨3, ⋯⟩ - 22) +
        if ⟨17, ⋯⟩ = ⟨3, ⋯⟩ then 1 else 0

case «3».«18»
⊢ ((if ⟨18, ⋯⟩ = ⟨3, ⋯⟩ then 1 else 0) + if ⟨18, ⋯⟩ = ⟨12, ⋯⟩ then 1 else 0) <
      512 ^
        (![24, 24, 24, 24, 24, 24, 24, 24, 24, 38, 24, 38, 24, 46, 24, 29, 24, 29, 24, 29, 24, 29, 24] ⟨3, ⋯⟩ - 22) ∧
    (-if ⟨18, ⋯⟩ = ⟨12, ⋯⟩ then 1 else 0) <
      512 ^
          (![24, 24, 24, 24, 24, 24, 24, 24, 24, 38, 24, 38, 24, 46, 24, 29, 24, 29, 24, 29, 24, 29, 24] ⟨3, ⋯⟩ - 22) +
        if ⟨18, ⋯⟩ = ⟨3, ⋯⟩ then 1 else 0

case «3».«19»
⊢ ((if ⟨19, ⋯⟩ = ⟨3, ⋯⟩ then 1 else 0) + if ⟨19, ⋯⟩ = ⟨12, ⋯⟩ then 1 else 0) <
      512 ^
        (![24, 24, 24, 24, 24, 24, 24, 24, 24, 38, 24, 38, 24, 46, 24, 29, 24, 29, 24, 29, 24, 29, 24] ⟨3, ⋯⟩ - 22) ∧
    (-if ⟨19, ⋯⟩ = ⟨12, ⋯⟩ then 1 else 0) <
      512 ^
          (![24, 24, 24, 24, 24, 24, 24, 24, 24, 38, 24, 38, 24, 46, 24, 29, 24, 29, 24, 29, 24, 29, 24] ⟨3, ⋯⟩ - 22) +
        if ⟨19, ⋯⟩ = ⟨3, ⋯⟩ then 1 else 0

case «3».«20»
⊢ ((if ⟨20, ⋯⟩ = ⟨3, ⋯⟩ then 1 else 0) + if ⟨20, ⋯⟩ = ⟨12, ⋯⟩ then 1 else 0) <
      512 ^
        (![24, 24, 24, 24, 24, 24, 24, 24, 24, 38, 24, 38, 24, 46, 24, 29, 24, 29, 24, 29, 24, 29, 24] ⟨3, ⋯⟩ - 22) ∧
    (-if ⟨20, ⋯⟩ = ⟨12, ⋯⟩ then 1 else 0) <
      512 ^
          (![24, 24, 24, 24, 24, 24, 24, 24, 24, 38, 24, 38, 24, 46, 24, 29, 24, 29, 24, 29, 24, 29, 24] ⟨3, ⋯⟩ - 22) +
        if ⟨20, ⋯⟩ = ⟨3, ⋯⟩ then 1 else 0

case «3».«21»
⊢ ((if ⟨21, ⋯⟩ = ⟨3, ⋯⟩ then 1 else 0) + if ⟨21, ⋯⟩ = ⟨12, ⋯⟩ then 1 else 0) <
      512 ^
        (![24, 24, 24, 24, 24, 24, 24, 24, 24, 38, 24, 38, 24, 46, 24, 29, 24, 29, 24, 29, 24, 29, 24] ⟨3, ⋯⟩ - 22) ∧
    (-if ⟨21, ⋯⟩ = ⟨12, ⋯⟩ then 1 else 0) <
      512 ^
          (![24, 24, 24, 24, 24, 24, 24, 24, 24, 38, 24, 38, 24, 46, 24, 29, 24, 29, 24, 29, 24, 29, 24] ⟨3, ⋯⟩ - 22) +
        if ⟨21, ⋯⟩ = ⟨3, ⋯⟩ then 1 else 0

case «3».«22»
⊢ ((if ⟨22, ⋯⟩ = ⟨3, ⋯⟩ then 1 else 0) + if ⟨22, ⋯⟩ = ⟨12, ⋯⟩ then 1 else 0) <
      512 ^
        (![24, 24, 24, 24, 24, 24, 24, 24, 24, 38, 24, 38, 24, 46, 24, 29, 24, 29, 24, 29, 24, 29, 24] ⟨3, ⋯⟩ - 22) ∧
    (-if ⟨22, ⋯⟩ = ⟨12, ⋯⟩ then 1 else 0) <
      512 ^
          (![24, 24, 24, 24, 24, 24, 24, 24, 24, 38, 24, 38, 24, 46, 24, 29, 24, 29, 24, 29, 24, 29, 24] ⟨3, ⋯⟩ - 22) +
        if ⟨22, ⋯⟩ = ⟨3, ⋯⟩ then 1 else 0

case «3».«23»
⊢ ((if ⟨23, ⋯⟩ = ⟨3, ⋯⟩ then 1 else 0) + if ⟨23, ⋯⟩ = ⟨12, ⋯⟩ then 1 else 0) <
      512 ^
        (![24, 24, 24, 24, 24, 24, 24, 24, 24, 38, 24, 38, 24, 46, 24, 29, 24, 29, 24, 29, 24, 29, 24] ⟨3, ⋯⟩ - 22) ∧
    (-if ⟨23, ⋯⟩ = ⟨12, ⋯⟩ then 1 else 0) <
      512 ^
          (![24, 24, 24, 24, 24, 24, 24, 24, 24, 38, 24, 38, 24, 46, 24, 29, 24, 29, 24, 29, 24, 29, 24] ⟨3, ⋯⟩ - 22) +
        if ⟨23, ⋯⟩ = ⟨3, ⋯⟩ then 1 else 0

case «3».«24»
⊢ ((if ⟨24, ⋯⟩ = ⟨3, ⋯⟩ then 1 else 0) + if ⟨24, ⋯⟩ = ⟨12, ⋯⟩ then 1 else 0) <
      512 ^
        (![24, 24, 24, 24, 24, 24, 24, 24, 24, 38, 24, 38, 24, 46, 24, 29, 24, 29, 24, 29, 24, 29, 24] ⟨3, ⋯⟩ - 22) ∧
    (-if ⟨24, ⋯⟩ = ⟨12, ⋯⟩ then 1 else 0) <
      512 ^
          (![24, 24, 24, 24, 24, 24, 24, 24, 24, 38, 24, 38, 24, 46, 24, 29, 24, 29, 24, 29, 24, 29, 24] ⟨3, ⋯⟩ - 22) +
        if ⟨24, ⋯⟩ = ⟨3, ⋯⟩ then 1 else 0

case «3».«25»
⊢ ((if ⟨25, ⋯⟩ = ⟨3, ⋯⟩ then 1 else 0) + if ⟨25, ⋯⟩ = ⟨12, ⋯⟩ then 1 else 0) <
      512 ^
        (![24, 24, 24, 24, 24, 24, 24, 24, 24, 38, 24, 38, 24, 46, 24, 29, 24, 29, 24, 29, 24, 29, 24] ⟨3, ⋯⟩ - 22) ∧
    (-if ⟨25, ⋯⟩ = ⟨12, ⋯⟩ then 1 else 0) <
      512 ^
          (![24, 24, 24, 24, 24, 24, 24, 24, 24, 38, 24, 38, 24, 46, 24, 29, 24, 29, 24, 29, 24, 29, 24] ⟨3, ⋯⟩ - 22) +
        if ⟨25, ⋯⟩ = ⟨3, ⋯⟩ then 1 else 0

case «3».«26»
⊢ ((if ⟨26, ⋯⟩ = ⟨3, ⋯⟩ then 1 else 0) + if ⟨26, ⋯⟩ = ⟨12, ⋯⟩ then 1 else 0) <
      512 ^
        (![24, 24, 24, 24, 24, 24, 24, 24, 24, 38, 24, 38, 24, 46, 24, 29, 24, 29, 24, 29, 24, 29, 24] ⟨3, ⋯⟩ - 22) ∧
    (-if ⟨26, ⋯⟩ = ⟨12, ⋯⟩ then 1 else 0) <
      512 ^
          (![24, 24, 24, 24, 24, 24, 24, 24, 24, 38, 24, 38, 24, 46, 24, 29, 24, 29, 24, 29, 24, 29, 24] ⟨3, ⋯⟩ - 22) +
        if ⟨26, ⋯⟩ = ⟨3, ⋯⟩ then 1 else 0

case «3».«27»
⊢ ((if ⟨27, ⋯⟩ = ⟨3, ⋯⟩ then 1 else 0) + if ⟨27, ⋯⟩ = ⟨12, ⋯⟩ then 1 else 0) <
      512 ^
        (![24, 24, 24, 24, 24, 24, 24, 24, 24, 38, 24, 38, 24, 46, 24, 29, 24, 29, 24, 29, 24, 29, 24] ⟨3, ⋯⟩ - 22) ∧
    (-if ⟨27, ⋯⟩ = ⟨12, ⋯⟩ then 1 else 0) <
      512 ^
          (![24, 24, 24, 24, 24, 24, 24, 24, 24, 38, 24, 38, 24, 46, 24, 29, 24, 29, 24, 29, 24, 29, 24] ⟨3, ⋯⟩ - 22) +
        if ⟨27, ⋯⟩ = ⟨3, ⋯⟩ then 1 else 0

case «3».«28»
⊢ ((if ⟨28, ⋯⟩ = ⟨3, ⋯⟩ then 1 else 0) + if ⟨28, ⋯⟩ = ⟨12, ⋯⟩ then 1 else 0) <
      512 ^
        (![24, 24, 24, 24, 24, 24, 24, 24, 24, 38, 24, 38, 24, 46, 24, 29, 24, 29, 24, 29, 24, 29, 24] ⟨3, ⋯⟩ - 22) ∧
    (-if ⟨28, ⋯⟩ = ⟨12, ⋯⟩ then 1 else 0) <
      512 ^
          (![24, 24, 24, 24, 24, 24, 24, 24, 24, 38, 24, 38, 24, 46, 24, 29, 24, 29, 24, 29, 24, 29, 24] ⟨3, ⋯⟩ - 22) +
        if ⟨28, ⋯⟩ = ⟨3, ⋯⟩ then 1 else 0

case «3».«29»
⊢ ((if ⟨29, ⋯⟩ = ⟨3, ⋯⟩ then 1 else 0) + if ⟨29, ⋯⟩ = ⟨12, ⋯⟩ then 1 else 0) <
      512 ^
        (![24, 24, 24, 24, 24, 24, 24, 24, 24, 38, 24, 38, 24, 46, 24, 29, 24, 29, 24, 29, 24, 29, 24] ⟨3, ⋯⟩ - 22) ∧
    (-if ⟨29, ⋯⟩ = ⟨12, ⋯⟩ then 1 else 0) <
      512 ^
          (![24, 24, 24, 24, 24, 24, 24, 24, 24, 38, 24, 38, 24, 46, 24, 29, 24, 29, 24, 29, 24, 29, 24] ⟨3, ⋯⟩ - 22) +
        if ⟨29, ⋯⟩ = ⟨3, ⋯⟩ then 1 else 0

case «3».«30»
⊢ ((if ⟨30, ⋯⟩ = ⟨3, ⋯⟩ then 1 else 0) + if ⟨30, ⋯⟩ = ⟨12, ⋯⟩ then 1 else 0) <
      512 ^
        (![24, 24, 24, 24, 24, 24, 24, 24, 24, 38, 24, 38, 24, 46, 24, 29, 24, 29, 24, 29, 24, 29, 24] ⟨3, ⋯⟩ - 22) ∧
    (-if ⟨30, ⋯⟩ = ⟨12, ⋯⟩ then 1 else 0) <
      512 ^
          (![24, 24, 24, 24, 24, 24, 24, 24, 24, 38, 24, 38, 24, 46, 24, 29, 24, 29, 24, 29, 24, 29, 24] ⟨3, ⋯⟩ - 22) +
        if ⟨30, ⋯⟩ = ⟨3, ⋯⟩ then 1 else 0

case «3».«31»
⊢ ((if ⟨31, ⋯⟩ = ⟨3, ⋯⟩ then 1 else 0) + if ⟨31, ⋯⟩ = ⟨12, ⋯⟩ then 1 else 0) <
      512 ^
        (![24, 24, 24, 24, 24, 24, 24, 24, 24, 38, 24, 38, 24, 46, 24, 29, 24, 29, 24, 29, 24, 29, 24] ⟨3, ⋯⟩ - 22) ∧
    (-if ⟨31, ⋯⟩ = ⟨12, ⋯⟩ then 1 else 0) <
      512 ^
          (![24, 24, 24, 24, 24, 24, 24, 24, 24, 38, 24, 38, 24, 46, 24, 29, 24, 29, 24, 29, 24, 29, 24] ⟨3, ⋯⟩ - 22) +
        if ⟨31, ⋯⟩ = ⟨3, ⋯⟩ then 1 else 0

case «3».«32»
⊢ ((if ⟨32, ⋯⟩ = ⟨3, ⋯⟩ then 1 else 0) + if ⟨32, ⋯⟩ = ⟨12, ⋯⟩ then 1 else 0) <
      512 ^
        (![24, 24, 24, 24, 24, 24, 24, 24, 24, 38, 24, 38, 24, 46, 24, 29, 24, 29, 24, 29, 24, 29, 24] ⟨3, ⋯⟩ - 22) ∧
    (-if ⟨32, ⋯⟩ = ⟨12, ⋯⟩ then 1 else 0) <
      512 ^
          (![24, 24, 24, 24, 24, 24, 24, 24, 24, 38, 24, 38, 24, 46, 24, 29, 24, 29, 24, 29, 24, 29, 24] ⟨3, ⋯⟩ - 22) +
        if ⟨32, ⋯⟩ = ⟨3, ⋯⟩ then 1 else 0

case «3».«33»
⊢ ((if ⟨33, ⋯⟩ = ⟨3, ⋯⟩ then 1 else 0) + if ⟨33, ⋯⟩ = ⟨12, ⋯⟩ then 1 else 0) <
      512 ^
        (![24, 24, 24, 24, 24, 24, 24, 24, 24, 38, 24, 38, 24, 46, 24, 29, 24, 29, 24, 29, 24, 29, 24] ⟨3, ⋯⟩ - 22) ∧
    (-if ⟨33, ⋯⟩ = ⟨12, ⋯⟩ then 1 else 0) <
      512 ^
          (![24, 24, 24, 24, 24, 24, 24, 24, 24, 38, 24, 38, 24, 46, 24, 29, 24, 29, 24, 29, 24, 29, 24] ⟨3, ⋯⟩ - 22) +
        if ⟨33, ⋯⟩ = ⟨3, ⋯⟩ then 1 else 0

case «3».«34»
⊢ ((if ⟨34, ⋯⟩ = ⟨3, ⋯⟩ then 1 else 0) + if ⟨34, ⋯⟩ = ⟨12, ⋯⟩ then 1 else 0) <
      512 ^
        (![24, 24, 24, 24, 24, 24, 24, 24, 24, 38, 24, 38, 24, 46, 24, 29, 24, 29, 24, 29, 24, 29, 24] ⟨3, ⋯⟩ - 22) ∧
    (-if ⟨34, ⋯⟩ = ⟨12, ⋯⟩ then 1 else 0) <
      512 ^
          (![24, 24, 24, 24, 24, 24, 24, 24, 24, 38, 24, 38, 24, 46, 24, 29, 24, 29, 24, 29, 24, 29, 24] ⟨3, ⋯⟩ - 22) +
        if ⟨34, ⋯⟩ = ⟨3, ⋯⟩ then 1 else 0

case «3».«35»
⊢ ((if ⟨35, ⋯⟩ = ⟨3, ⋯⟩ then 1 else 0) + if ⟨35, ⋯⟩ = ⟨12, ⋯⟩ then 1 else 0) <
      512 ^
        (![24, 24, 24, 24, 24, 24, 24, 24, 24, 38, 24, 38, 24, 46, 24, 29, 24, 29, 24, 29, 24, 29, 24] ⟨3, ⋯⟩ - 22) ∧
    (-if ⟨35, ⋯⟩ = ⟨12, ⋯⟩ then 1 else 0) <
      512 ^
          (![24, 24, 24, 24, 24, 24, 24, 24, 24, 38, 24, 38, 24, 46, 24, 29, 24, 29, 24, 29, 24, 29, 24] ⟨3, ⋯⟩ - 22) +
        if ⟨35, ⋯⟩ = ⟨3, ⋯⟩ then 1 else 0

case «3».«36»
⊢ ((if ⟨36, ⋯⟩ = ⟨3, ⋯⟩ then 1 else 0) + if ⟨36, ⋯⟩ = ⟨12, ⋯⟩ then 1 else 0) <
      512 ^
        (![24, 24, 24, 24, 24, 24, 24, 24, 24, 38, 24, 38, 24, 46, 24, 29, 24, 29, 24, 29, 24, 29, 24] ⟨3, ⋯⟩ - 22) ∧
    (-if ⟨36, ⋯⟩ = ⟨12, ⋯⟩ then 1 else 0) <
      512 ^
          (![24, 24, 24, 24, 24, 24, 24, 24, 24, 38, 24, 38, 24, 46, 24, 29, 24, 29, 24, 29, 24, 29, 24] ⟨3, ⋯⟩ - 22) +
        if ⟨36, ⋯⟩ = ⟨3, ⋯⟩ then 1 else 0

case «3».«37»
⊢ ((if ⟨37, ⋯⟩ = ⟨3, ⋯⟩ then 1 else 0) + if ⟨37, ⋯⟩ = ⟨12, ⋯⟩ then 1 else 0) <
      512 ^
        (![24, 24, 24, 24, 24, 24, 24, 24, 24, 38, 24, 38, 24, 46, 24, 29, 24, 29, 24, 29, 24, 29, 24] ⟨3, ⋯⟩ - 22) ∧
    (-if ⟨37, ⋯⟩ = ⟨12, ⋯⟩ then 1 else 0) <
      512 ^
          (![24, 24, 24, 24, 24, 24, 24, 24, 24, 38, 24, 38, 24, 46, 24, 29, 24, 29, 24, 29, 24, 29, 24] ⟨3, ⋯⟩ - 22) +
        if ⟨37, ⋯⟩ = ⟨3, ⋯⟩ then 1 else 0

case «3».«38»
⊢ ((if ⟨38, ⋯⟩ = ⟨3, ⋯⟩ then 1 else 0) + if ⟨38, ⋯⟩ = ⟨12, ⋯⟩ then 1 else 0) <
      512 ^
        (![24, 24, 24, 24, 24, 24, 24, 24, 24, 38, 24, 38, 24, 46, 24, 29, 24, 29, 24, 29, 24, 29, 24] ⟨3, ⋯⟩ - 22) ∧
    (-if ⟨38, ⋯⟩ = ⟨12, ⋯⟩ then 1 else 0) <
      512 ^
          (![24, 24, 24, 24, 24, 24, 24, 24, 24, 38, 24, 38, 24, 46, 24, 29, 24, 29, 24, 29, 24, 29, 24] ⟨3, ⋯⟩ - 22) +
        if ⟨38, ⋯⟩ = ⟨3, ⋯⟩ then 1 else 0

case «4».«0»
⊢ ((if ⟨0, ⋯⟩ = ⟨4, ⋯⟩ then 1 else 0) + if ⟨0, ⋯⟩ = ⟨13, ⋯⟩ then 1 else 0) <
      512 ^
        (![24, 24, 24, 24, 24, 24, 24, 24, 24, 38, 24, 38, 24, 46, 24, 29, 24, 29, 24, 29, 24, 29, 24] ⟨4, ⋯⟩ - 22) ∧
    (-if ⟨0, ⋯⟩ = ⟨13, ⋯⟩ then 1 else 0) <
      512 ^
          (![24, 24, 24, 24, 24, 24, 24, 24, 24, 38, 24, 38, 24, 46, 24, 29, 24, 29, 24, 29, 24, 29, 24] ⟨4, ⋯⟩ - 22) +
        if ⟨0, ⋯⟩ = ⟨4, ⋯⟩ then 1 else 0

case «4».«1»
⊢ ((if ⟨1, ⋯⟩ = ⟨4, ⋯⟩ then 1 else 0) + if ⟨1, ⋯⟩ = ⟨13, ⋯⟩ then 1 else 0) <
      512 ^
        (![24, 24, 24, 24, 24, 24, 24, 24, 24, 38, 24, 38, 24, 46, 24, 29, 24, 29, 24, 29, 24, 29, 24] ⟨4, ⋯⟩ - 22) ∧
    (-if ⟨1, ⋯⟩ = ⟨13, ⋯⟩ then 1 else 0) <
      512 ^
          (![24, 24, 24, 24, 24, 24, 24, 24, 24, 38, 24, 38, 24, 46, 24, 29, 24, 29, 24, 29, 24, 29, 24] ⟨4, ⋯⟩ - 22) +
        if ⟨1, ⋯⟩ = ⟨4, ⋯⟩ then 1 else 0

case «4».«2»
⊢ ((if ⟨2, ⋯⟩ = ⟨4, ⋯⟩ then 1 else 0) + if ⟨2, ⋯⟩ = ⟨13, ⋯⟩ then 1 else 0) <
      512 ^
        (![24, 24, 24, 24, 24, 24, 24, 24, 24, 38, 24, 38, 24, 46, 24, 29, 24, 29, 24, 29, 24, 29, 24] ⟨4, ⋯⟩ - 22) ∧
    (-if ⟨2, ⋯⟩ = ⟨13, ⋯⟩ then 1 else 0) <
      512 ^
          (![24, 24, 24, 24, 24, 24, 24, 24, 24, 38, 24, 38, 24, 46, 24, 29, 24, 29, 24, 29, 24, 29, 24] ⟨4, ⋯⟩ - 22) +
        if ⟨2, ⋯⟩ = ⟨4, ⋯⟩ then 1 else 0

case «4».«3»
⊢ ((if ⟨3, ⋯⟩ = ⟨4, ⋯⟩ then 1 else 0) + if ⟨3, ⋯⟩ = ⟨13, ⋯⟩ then 1 else 0) <
      512 ^
        (![24, 24, 24, 24, 24, 24, 24, 24, 24, 38, 24, 38, 24, 46, 24, 29, 24, 29, 24, 29, 24, 29, 24] ⟨4, ⋯⟩ - 22) ∧
    (-if ⟨3, ⋯⟩ = ⟨13, ⋯⟩ then 1 else 0) <
      512 ^
          (![24, 24, 24, 24, 24, 24, 24, 24, 24, 38, 24, 38, 24, 46, 24, 29, 24, 29, 24, 29, 24, 29, 24] ⟨4, ⋯⟩ - 22) +
        if ⟨3, ⋯⟩ = ⟨4, ⋯⟩ then 1 else 0

case «4».«4»
⊢ ((if ⟨4, ⋯⟩ = ⟨4, ⋯⟩ then 1 else 0) + if ⟨4, ⋯⟩ = ⟨13, ⋯⟩ then 1 else 0) <
      512 ^
        (![24, 24, 24, 24, 24, 24, 24, 24, 24, 38, 24, 38, 24, 46, 24, 29, 24, 29, 24, 29, 24, 29, 24] ⟨4, ⋯⟩ - 22) ∧
    (-if ⟨4, ⋯⟩ = ⟨13, ⋯⟩ then 1 else 0) <
      512 ^
          (![24, 24, 24, 24, 24, 24, 24, 24, 24, 38, 24, 38, 24, 46, 24, 29, 24, 29, 24, 29, 24, 29, 24] ⟨4, ⋯⟩ - 22) +
        if ⟨4, ⋯⟩ = ⟨4, ⋯⟩ then 1 else 0

case «4».«5»
⊢ ((if ⟨5, ⋯⟩ = ⟨4, ⋯⟩ then 1 else 0) + if ⟨5, ⋯⟩ = ⟨13, ⋯⟩ then 1 else 0) <
      512 ^
        (![24, 24, 24, 24, 24, 24, 24, 24, 24, 38, 24, 38, 24, 46, 24, 29, 24, 29, 24, 29, 24, 29, 24] ⟨4, ⋯⟩ - 22) ∧
    (-if ⟨5, ⋯⟩ = ⟨13, ⋯⟩ then 1 else 0) <
      512 ^
          (![24, 24, 24, 24, 24, 24, 24, 24, 24, 38, 24, 38, 24, 46, 24, 29, 24, 29, 24, 29, 24, 29, 24] ⟨4, ⋯⟩ - 22) +
        if ⟨5, ⋯⟩ = ⟨4, ⋯⟩ then 1 else 0

case «4».«6»
⊢ ((if ⟨6, ⋯⟩ = ⟨4, ⋯⟩ then 1 else 0) + if ⟨6, ⋯⟩ = ⟨13, ⋯⟩ then 1 else 0) <
      512 ^
        (![24, 24, 24, 24, 24, 24, 24, 24, 24, 38, 24, 38, 24, 46, 24, 29, 24, 29, 24, 29, 24, 29, 24] ⟨4, ⋯⟩ - 22) ∧
    (-if ⟨6, ⋯⟩ = ⟨13, ⋯⟩ then 1 else 0) <
      512 ^
          (![24, 24, 24, 24, 24, 24, 24, 24, 24, 38, 24, 38, 24, 46, 24, 29, 24, 29, 24, 29, 24, 29, 24] ⟨4, ⋯⟩ - 22) +
        if ⟨6, ⋯⟩ = ⟨4, ⋯⟩ then 1 else 0

case «4».«7»
⊢ ((if ⟨7, ⋯⟩ = ⟨4, ⋯⟩ then 1 else 0) + if ⟨7, ⋯⟩ = ⟨13, ⋯⟩ then 1 else 0) <
      512 ^
        (![24, 24, 24, 24, 24, 24, 24, 24, 24, 38, 24, 38, 24, 46, 24, 29, 24, 29, 24, 29, 24, 29, 24] ⟨4, ⋯⟩ - 22) ∧
    (-if ⟨7, ⋯⟩ = ⟨13, ⋯⟩ then 1 else 0) <
      512 ^
          (![24, 24, 24, 24, 24, 24, 24, 24, 24, 38, 24, 38, 24, 46, 24, 29, 24, 29, 24, 29, 24, 29, 24] ⟨4, ⋯⟩ - 22) +
        if ⟨7, ⋯⟩ = ⟨4, ⋯⟩ then 1 else 0

case «4».«8»
⊢ ((if ⟨8, ⋯⟩ = ⟨4, ⋯⟩ then 1 else 0) + if ⟨8, ⋯⟩ = ⟨13, ⋯⟩ then 1 else 0) <
      512 ^
        (![24, 24, 24, 24, 24, 24, 24, 24, 24, 38, 24, 38, 24, 46, 24, 29, 24, 29, 24, 29, 24, 29, 24] ⟨4, ⋯⟩ - 22) ∧
    (-if ⟨8, ⋯⟩ = ⟨13, ⋯⟩ then 1 else 0) <
      512 ^
          (![24, 24, 24, 24, 24, 24, 24, 24, 24, 38, 24, 38, 24, 46, 24, 29, 24, 29, 24, 29, 24, 29, 24] ⟨4, ⋯⟩ - 22) +
        if ⟨8, ⋯⟩ = ⟨4, ⋯⟩ then 1 else 0

case «4».«9»
⊢ ((if ⟨9, ⋯⟩ = ⟨4, ⋯⟩ then 1 else 0) + if ⟨9, ⋯⟩ = ⟨13, ⋯⟩ then 1 else 0) <
      512 ^
        (![24, 24, 24, 24, 24, 24, 24, 24, 24, 38, 24, 38, 24, 46, 24, 29, 24, 29, 24, 29, 24, 29, 24] ⟨4, ⋯⟩ - 22) ∧
    (-if ⟨9, ⋯⟩ = ⟨13, ⋯⟩ then 1 else 0) <
      512 ^
          (![24, 24, 24, 24, 24, 24, 24, 24, 24, 38, 24, 38, 24, 46, 24, 29, 24, 29, 24, 29, 24, 29, 24] ⟨4, ⋯⟩ - 22) +
        if ⟨9, ⋯⟩ = ⟨4, ⋯⟩ then 1 else 0

case «4».«10»
⊢ ((if ⟨10, ⋯⟩ = ⟨4, ⋯⟩ then 1 else 0) + if ⟨10, ⋯⟩ = ⟨13, ⋯⟩ then 1 else 0) <
      512 ^
        (![24, 24, 24, 24, 24, 24, 24, 24, 24, 38, 24, 38, 24, 46, 24, 29, 24, 29, 24, 29, 24, 29, 24] ⟨4, ⋯⟩ - 22) ∧
    (-if ⟨10, ⋯⟩ = ⟨13, ⋯⟩ then 1 else 0) <
      512 ^
          (![24, 24, 24, 24, 24, 24, 24, 24, 24, 38, 24, 38, 24, 46, 24, 29, 24, 29, 24, 29, 24, 29, 24] ⟨4, ⋯⟩ - 22) +
        if ⟨10, ⋯⟩ = ⟨4, ⋯⟩ then 1 else 0

case «4».«11»
⊢ ((if ⟨11, ⋯⟩ = ⟨4, ⋯⟩ then 1 else 0) + if ⟨11, ⋯⟩ = ⟨13, ⋯⟩ then 1 else 0) <
      512 ^
        (![24, 24, 24, 24, 24, 24, 24, 24, 24, 38, 24, 38, 24, 46, 24, 29, 24, 29, 24, 29, 24, 29, 24] ⟨4, ⋯⟩ - 22) ∧
    (-if ⟨11, ⋯⟩ = ⟨13, ⋯⟩ then 1 else 0) <
      512 ^
          (![24, 24, 24, 24, 24, 24, 24, 24, 24, 38, 24, 38, 24, 46, 24, 29, 24, 29, 24, 29, 24, 29, 24] ⟨4, ⋯⟩ - 22) +
        if ⟨11, ⋯⟩ = ⟨4, ⋯⟩ then 1 else 0

case «4».«12»
⊢ ((if ⟨12, ⋯⟩ = ⟨4, ⋯⟩ then 1 else 0) + if ⟨12, ⋯⟩ = ⟨13, ⋯⟩ then 1 else 0) <
      512 ^
        (![24, 24, 24, 24, 24, 24, 24, 24, 24, 38, 24, 38, 24, 46, 24, 29, 24, 29, 24, 29, 24, 29, 24] ⟨4, ⋯⟩ - 22) ∧
    (-if ⟨12, ⋯⟩ = ⟨13, ⋯⟩ then 1 else 0) <
      512 ^
          (![24, 24, 24, 24, 24, 24, 24, 24, 24, 38, 24, 38, 24, 46, 24, 29, 24, 29, 24, 29, 24, 29, 24] ⟨4, ⋯⟩ - 22) +
        if ⟨12, ⋯⟩ = ⟨4, ⋯⟩ then 1 else 0

case «4».«13»
⊢ ((if ⟨13, ⋯⟩ = ⟨4, ⋯⟩ then 1 else 0) + if ⟨13, ⋯⟩ = ⟨13, ⋯⟩ then 1 else 0) <
      512 ^
        (![24, 24, 24, 24, 24, 24, 24, 24, 24, 38, 24, 38, 24, 46, 24, 29, 24, 29, 24, 29, 24, 29, 24] ⟨4, ⋯⟩ - 22) ∧
    (-if ⟨13, ⋯⟩ = ⟨13, ⋯⟩ then 1 else 0) <
      512 ^
          (![24, 24, 24, 24, 24, 24, 24, 24, 24, 38, 24, 38, 24, 46, 24, 29, 24, 29, 24, 29, 24, 29, 24] ⟨4, ⋯⟩ - 22) +
        if ⟨13, ⋯⟩ = ⟨4, ⋯⟩ then 1 else 0

case «4».«14»
⊢ ((if ⟨14, ⋯⟩ = ⟨4, ⋯⟩ then 1 else 0) + if ⟨14, ⋯⟩ = ⟨13, ⋯⟩ then 1 else 0) <
      512 ^
        (![24, 24, 24, 24, 24, 24, 24, 24, 24, 38, 24, 38, 24, 46, 24, 29, 24, 29, 24, 29, 24, 29, 24] ⟨4, ⋯⟩ - 22) ∧
    (-if ⟨14, ⋯⟩ = ⟨13, ⋯⟩ then 1 else 0) <
      512 ^
          (![24, 24, 24, 24, 24, 24, 24, 24, 24, 38, 24, 38, 24, 46, 24, 29, 24, 29, 24, 29, 24, 29, 24] ⟨4, ⋯⟩ - 22) +
        if ⟨14, ⋯⟩ = ⟨4, ⋯⟩ then 1 else 0

case «4».«15»
⊢ ((if ⟨15, ⋯⟩ = ⟨4, ⋯⟩ then 1 else 0) + if ⟨15, ⋯⟩ = ⟨13, ⋯⟩ then 1 else 0) <
      512 ^
        (![24, 24, 24, 24, 24, 24, 24, 24, 24, 38, 24, 38, 24, 46, 24, 29, 24, 29, 24, 29, 24, 29, 24] ⟨4, ⋯⟩ - 22) ∧
    (-if ⟨15, ⋯⟩ = ⟨13, ⋯⟩ then 1 else 0) <
      512 ^
          (![24, 24, 24, 24, 24, 24, 24, 24, 24, 38, 24, 38, 24, 46, 24, 29, 24, 29, 24, 29, 24, 29, 24] ⟨4, ⋯⟩ - 22) +
        if ⟨15, ⋯⟩ = ⟨4, ⋯⟩ then 1 else 0

case «4».«16»
⊢ ((if ⟨16, ⋯⟩ = ⟨4, ⋯⟩ then 1 else 0) + if ⟨16, ⋯⟩ = ⟨13, ⋯⟩ then 1 else 0) <
      512 ^
        (![24, 24, 24, 24, 24, 24, 24, 24, 24, 38, 24, 38, 24, 46, 24, 29, 24, 29, 24, 29, 24, 29, 24] ⟨4, ⋯⟩ - 22) ∧
    (-if ⟨16, ⋯⟩ = ⟨13, ⋯⟩ then 1 else 0) <
      512 ^
          (![24, 24, 24, 24, 24, 24, 24, 24, 24, 38, 24, 38, 24, 46, 24, 29, 24, 29, 24, 29, 24, 29, 24] ⟨4, ⋯⟩ - 22) +
        if ⟨16, ⋯⟩ = ⟨4, ⋯⟩ then 1 else 0

case «4».«17»
⊢ ((if ⟨17, ⋯⟩ = ⟨4, ⋯⟩ then 1 else 0) + if ⟨17, ⋯⟩ = ⟨13, ⋯⟩ then 1 else 0) <
      512 ^
        (![24, 24, 24, 24, 24, 24, 24, 24, 24, 38, 24, 38, 24, 46, 24, 29, 24, 29, 24, 29, 24, 29, 24] ⟨4, ⋯⟩ - 22) ∧
    (-if ⟨17, ⋯⟩ = ⟨13, ⋯⟩ then 1 else 0) <
      512 ^
          (![24, 24, 24, 24, 24, 24, 24, 24, 24, 38, 24, 38, 24, 46, 24, 29, 24, 29, 24, 29, 24, 29, 24] ⟨4, ⋯⟩ - 22) +
        if ⟨17, ⋯⟩ = ⟨4, ⋯⟩ then 1 else 0

case «4».«18»
⊢ ((if ⟨18, ⋯⟩ = ⟨4, ⋯⟩ then 1 else 0) + if ⟨18, ⋯⟩ = ⟨13, ⋯⟩ then 1 else 0) <
      512 ^
        (![24, 24, 24, 24, 24, 24, 24, 24, 24, 38, 24, 38, 24, 46, 24, 29, 24, 29, 24, 29, 24, 29, 24] ⟨4, ⋯⟩ - 22) ∧
    (-if ⟨18, ⋯⟩ = ⟨13, ⋯⟩ then 1 else 0) <
      512 ^
          (![24, 24, 24, 24, 24, 24, 24, 24, 24, 38, 24, 38, 24, 46, 24, 29, 24, 29, 24, 29, 24, 29, 24] ⟨4, ⋯⟩ - 22) +
        if ⟨18, ⋯⟩ = ⟨4, ⋯⟩ then 1 else 0

case «4».«19»
⊢ ((if ⟨19, ⋯⟩ = ⟨4, ⋯⟩ then 1 else 0) + if ⟨19, ⋯⟩ = ⟨13, ⋯⟩ then 1 else 0) <
      512 ^
        (![24, 24, 24, 24, 24, 24, 24, 24, 24, 38, 24, 38, 24, 46, 24, 29, 24, 29, 24, 29, 24, 29, 24] ⟨4, ⋯⟩ - 22) ∧
    (-if ⟨19, ⋯⟩ = ⟨13, ⋯⟩ then 1 else 0) <
      512 ^
          (![24, 24, 24, 24, 24, 24, 24, 24, 24, 38, 24, 38, 24, 46, 24, 29, 24, 29, 24, 29, 24, 29, 24] ⟨4, ⋯⟩ - 22) +
        if ⟨19, ⋯⟩ = ⟨4, ⋯⟩ then 1 else 0

case «4».«20»
⊢ ((if ⟨20, ⋯⟩ = ⟨4, ⋯⟩ then 1 else 0) + if ⟨20, ⋯⟩ = ⟨13, ⋯⟩ then 1 else 0) <
      512 ^
        (![24, 24, 24, 24, 24, 24, 24, 24, 24, 38, 24, 38, 24, 46, 24, 29, 24, 29, 24, 29, 24, 29, 24] ⟨4, ⋯⟩ - 22) ∧
    (-if ⟨20, ⋯⟩ = ⟨13, ⋯⟩ then 1 else 0) <
      512 ^
          (![24, 24, 24, 24, 24, 24, 24, 24, 24, 38, 24, 38, 24, 46, 24, 29, 24, 29, 24, 29, 24, 29, 24] ⟨4, ⋯⟩ - 22) +
        if ⟨20, ⋯⟩ = ⟨4, ⋯⟩ then 1 else 0

case «4».«21»
⊢ ((if ⟨21, ⋯⟩ = ⟨4, ⋯⟩ then 1 else 0) + if ⟨21, ⋯⟩ = ⟨13, ⋯⟩ then 1 else 0) <
      512 ^
        (![24, 24, 24, 24, 24, 24, 24, 24, 24, 38, 24, 38, 24, 46, 24, 29, 24, 29, 24, 29, 24, 29, 24] ⟨4, ⋯⟩ - 22) ∧
    (-if ⟨21, ⋯⟩ = ⟨13, ⋯⟩ then 1 else 0) <
      512 ^
          (![24, 24, 24, 24, 24, 24, 24, 24, 24, 38, 24, 38, 24, 46, 24, 29, 24, 29, 24, 29, 24, 29, 24] ⟨4, ⋯⟩ - 22) +
        if ⟨21, ⋯⟩ = ⟨4, ⋯⟩ then 1 else 0

case «4».«22»
⊢ ((if ⟨22, ⋯⟩ = ⟨4, ⋯⟩ then 1 else 0) + if ⟨22, ⋯⟩ = ⟨13, ⋯⟩ then 1 else 0) <
      512 ^
        (![24, 24, 24, 24, 24, 24, 24, 24, 24, 38, 24, 38, 24, 46, 24, 29, 24, 29, 24, 29, 24, 29, 24] ⟨4, ⋯⟩ - 22) ∧
    (-if ⟨22, ⋯⟩ = ⟨13, ⋯⟩ then 1 else 0) <
      512 ^
          (![24, 24, 24, 24, 24, 24, 24, 24, 24, 38, 24, 38, 24, 46, 24, 29, 24, 29, 24, 29, 24, 29, 24] ⟨4, ⋯⟩ - 22) +
        if ⟨22, ⋯⟩ = ⟨4, ⋯⟩ then 1 else 0

case «4».«23»
⊢ ((if ⟨23, ⋯⟩ = ⟨4, ⋯⟩ then 1 else 0) + if ⟨23, ⋯⟩ = ⟨13, ⋯⟩ then 1 else 0) <
      512 ^
        (![24, 24, 24, 24, 24, 24, 24, 24, 24, 38, 24, 38, 24, 46, 24, 29, 24, 29, 24, 29, 24, 29, 24] ⟨4, ⋯⟩ - 22) ∧
    (-if ⟨23, ⋯⟩ = ⟨13, ⋯⟩ then 1 else 0) <
      512 ^
          (![24, 24, 24, 24, 24, 24, 24, 24, 24, 38, 24, 38, 24, 46, 24, 29, 24, 29, 24, 29, 24, 29, 24] ⟨4, ⋯⟩ - 22) +
        if ⟨23, ⋯⟩ = ⟨4, ⋯⟩ then 1 else 0

case «4».«24»
⊢ ((if ⟨24, ⋯⟩ = ⟨4, ⋯⟩ then 1 else 0) + if ⟨24, ⋯⟩ = ⟨13, ⋯⟩ then 1 else 0) <
      512 ^
        (![24, 24, 24, 24, 24, 24, 24, 24, 24, 38, 24, 38, 24, 46, 24, 29, 24, 29, 24, 29, 24, 29, 24] ⟨4, ⋯⟩ - 22) ∧
    (-if ⟨24, ⋯⟩ = ⟨13, ⋯⟩ then 1 else 0) <
      512 ^
          (![24, 24, 24, 24, 24, 24, 24, 24, 24, 38, 24, 38, 24, 46, 24, 29, 24, 29, 24, 29, 24, 29, 24] ⟨4, ⋯⟩ - 22) +
        if ⟨24, ⋯⟩ = ⟨4, ⋯⟩ then 1 else 0

case «4».«25»
⊢ ((if ⟨25, ⋯⟩ = ⟨4, ⋯⟩ then 1 else 0) + if ⟨25, ⋯⟩ = ⟨13, ⋯⟩ then 1 else 0) <
      512 ^
        (![24, 24, 24, 24, 24, 24, 24, 24, 24, 38, 24, 38, 24, 46, 24, 29, 24, 29, 24, 29, 24, 29, 24] ⟨4, ⋯⟩ - 22) ∧
    (-if ⟨25, ⋯⟩ = ⟨13, ⋯⟩ then 1 else 0) <
      512 ^
          (![24, 24, 24, 24, 24, 24, 24, 24, 24, 38, 24, 38, 24, 46, 24, 29, 24, 29, 24, 29, 24, 29, 24] ⟨4, ⋯⟩ - 22) +
        if ⟨25, ⋯⟩ = ⟨4, ⋯⟩ then 1 else 0

case «4».«26»
⊢ ((if ⟨26, ⋯⟩ = ⟨4, ⋯⟩ then 1 else 0) + if ⟨26, ⋯⟩ = ⟨13, ⋯⟩ then 1 else 0) <
      512 ^
        (![24, 24, 24, 24, 24, 24, 24, 24, 24, 38, 24, 38, 24, 46, 24, 29, 24, 29, 24, 29, 24, 29, 24] ⟨4, ⋯⟩ - 22) ∧
    (-if ⟨26, ⋯⟩ = ⟨13, ⋯⟩ then 1 else 0) <
      512 ^
          (![24, 24, 24, 24, 24, 24, 24, 24, 24, 38, 24, 38, 24, 46, 24, 29, 24, 29, 24, 29, 24, 29, 24] ⟨4, ⋯⟩ - 22) +
        if ⟨26, ⋯⟩ = ⟨4, ⋯⟩ then 1 else 0

case «4».«27»
⊢ ((if ⟨27, ⋯⟩ = ⟨4, ⋯⟩ then 1 else 0) + if ⟨27, ⋯⟩ = ⟨13, ⋯⟩ then 1 else 0) <
      512 ^
        (![24, 24, 24, 24, 24, 24, 24, 24, 24, 38, 24, 38, 24, 46, 24, 29, 24, 29, 24, 29, 24, 29, 24] ⟨4, ⋯⟩ - 22) ∧
    (-if ⟨27, ⋯⟩ = ⟨13, ⋯⟩ then 1 else 0) <
      512 ^
          (![24, 24, 24, 24, 24, 24, 24, 24, 24, 38, 24, 38, 24, 46, 24, 29, 24, 29, 24, 29, 24, 29, 24] ⟨4, ⋯⟩ - 22) +
        if ⟨27, ⋯⟩ = ⟨4, ⋯⟩ then 1 else 0

case «4».«28»
⊢ ((if ⟨28, ⋯⟩ = ⟨4, ⋯⟩ then 1 else 0) + if ⟨28, ⋯⟩ = ⟨13, ⋯⟩ then 1 else 0) <
      512 ^
        (![24, 24, 24, 24, 24, 24, 24, 24, 24, 38, 24, 38, 24, 46, 24, 29, 24, 29, 24, 29, 24, 29, 24] ⟨4, ⋯⟩ - 22) ∧
    (-if ⟨28, ⋯⟩ = ⟨13, ⋯⟩ then 1 else 0) <
      512 ^
          (![24, 24, 24, 24, 24, 24, 24, 24, 24, 38, 24, 38, 24, 46, 24, 29, 24, 29, 24, 29, 24, 29, 24] ⟨4, ⋯⟩ - 22) +
        if ⟨28, ⋯⟩ = ⟨4, ⋯⟩ then 1 else 0

case «4».«29»
⊢ ((if ⟨29, ⋯⟩ = ⟨4, ⋯⟩ then 1 else 0) + if ⟨29, ⋯⟩ = ⟨13, ⋯⟩ then 1 else 0) <
      512 ^
        (![24, 24, 24, 24, 24, 24, 24, 24, 24, 38, 24, 38, 24, 46, 24, 29, 24, 29, 24, 29, 24, 29, 24] ⟨4, ⋯⟩ - 22) ∧
    (-if ⟨29, ⋯⟩ = ⟨13, ⋯⟩ then 1 else 0) <
      512 ^
          (![24, 24, 24, 24, 24, 24, 24, 24, 24, 38, 24, 38, 24, 46, 24, 29, 24, 29, 24, 29, 24, 29, 24] ⟨4, ⋯⟩ - 22) +
        if ⟨29, ⋯⟩ = ⟨4, ⋯⟩ then 1 else 0

case «4».«30»
⊢ ((if ⟨30, ⋯⟩ = ⟨4, ⋯⟩ then 1 else 0) + if ⟨30, ⋯⟩ = ⟨13, ⋯⟩ then 1 else 0) <
      512 ^
        (![24, 24, 24, 24, 24, 24, 24, 24, 24, 38, 24, 38, 24, 46, 24, 29, 24, 29, 24, 29, 24, 29, 24] ⟨4, ⋯⟩ - 22) ∧
    (-if ⟨30, ⋯⟩ = ⟨13, ⋯⟩ then 1 else 0) <
      512 ^
          (![24, 24, 24, 24, 24, 24, 24, 24, 24, 38, 24, 38, 24, 46, 24, 29, 24, 29, 24, 29, 24, 29, 24] ⟨4, ⋯⟩ - 22) +
        if ⟨30, ⋯⟩ = ⟨4, ⋯⟩ then 1 else 0

case «4».«31»
⊢ ((if ⟨31, ⋯⟩ = ⟨4, ⋯⟩ then 1 else 0) + if ⟨31, ⋯⟩ = ⟨13, ⋯⟩ then 1 else 0) <
      512 ^
        (![24, 24, 24, 24, 24, 24, 24, 24, 24, 38, 24, 38, 24, 46, 24, 29, 24, 29, 24, 29, 24, 29, 24] ⟨4, ⋯⟩ - 22) ∧
    (-if ⟨31, ⋯⟩ = ⟨13, ⋯⟩ then 1 else 0) <
      512 ^
          (![24, 24, 24, 24, 24, 24, 24, 24, 24, 38, 24, 38, 24, 46, 24, 29, 24, 29, 24, 29, 24, 29, 24] ⟨4, ⋯⟩ - 22) +
        if ⟨31, ⋯⟩ = ⟨4, ⋯⟩ then 1 else 0

case «4».«32»
⊢ ((if ⟨32, ⋯⟩ = ⟨4, ⋯⟩ then 1 else 0) + if ⟨32, ⋯⟩ = ⟨13, ⋯⟩ then 1 else 0) <
      512 ^
        (![24, 24, 24, 24, 24, 24, 24, 24, 24, 38, 24, 38, 24, 46, 24, 29, 24, 29, 24, 29, 24, 29, 24] ⟨4, ⋯⟩ - 22) ∧
    (-if ⟨32, ⋯⟩ = ⟨13, ⋯⟩ then 1 else 0) <
      512 ^
          (![24, 24, 24, 24, 24, 24, 24, 24, 24, 38, 24, 38, 24, 46, 24, 29, 24, 29, 24, 29, 24, 29, 24] ⟨4, ⋯⟩ - 22) +
        if ⟨32, ⋯⟩ = ⟨4, ⋯⟩ then 1 else 0

case «4».«33»
⊢ ((if ⟨33, ⋯⟩ = ⟨4, ⋯⟩ then 1 else 0) + if ⟨33, ⋯⟩ = ⟨13, ⋯⟩ then 1 else 0) <
      512 ^
        (![24, 24, 24, 24, 24, 24, 24, 24, 24, 38, 24, 38, 24, 46, 24, 29, 24, 29, 24, 29, 24, 29, 24] ⟨4, ⋯⟩ - 22) ∧
    (-if ⟨33, ⋯⟩ = ⟨13, ⋯⟩ then 1 else 0) <
      512 ^
          (![24, 24, 24, 24, 24, 24, 24, 24, 24, 38, 24, 38, 24, 46, 24, 29, 24, 29, 24, 29, 24, 29, 24] ⟨4, ⋯⟩ - 22) +
        if ⟨33, ⋯⟩ = ⟨4, ⋯⟩ then 1 else 0

case «4».«34»
⊢ ((if ⟨34, ⋯⟩ = ⟨4, ⋯⟩ then 1 else 0) + if ⟨34, ⋯⟩ = ⟨13, ⋯⟩ then 1 else 0) <
      512 ^
        (![24, 24, 24, 24, 24, 24, 24, 24, 24, 38, 24, 38, 24, 46, 24, 29, 24, 29, 24, 29, 24, 29, 24] ⟨4, ⋯⟩ - 22) ∧
    (-if ⟨34, ⋯⟩ = ⟨13, ⋯⟩ then 1 else 0) <
      512 ^
          (![24, 24, 24, 24, 24, 24, 24, 24, 24, 38, 24, 38, 24, 46, 24, 29, 24, 29, 24, 29, 24, 29, 24] ⟨4, ⋯⟩ - 22) +
        if ⟨34, ⋯⟩ = ⟨4, ⋯⟩ then 1 else 0

case «4».«35»
⊢ ((if ⟨35, ⋯⟩ = ⟨4, ⋯⟩ then 1 else 0) + if ⟨35, ⋯⟩ = ⟨13, ⋯⟩ then 1 else 0) <
      512 ^
        (![24, 24, 24, 24, 24, 24, 24, 24, 24, 38, 24, 38, 24, 46, 24, 29, 24, 29, 24, 29, 24, 29, 24] ⟨4, ⋯⟩ - 22) ∧
    (-if ⟨35, ⋯⟩ = ⟨13, ⋯⟩ then 1 else 0) <
      512 ^
          (![24, 24, 24, 24, 24, 24, 24, 24, 24, 38, 24, 38, 24, 46, 24, 29, 24, 29, 24, 29, 24, 29, 24] ⟨4, ⋯⟩ - 22) +
        if ⟨35, ⋯⟩ = ⟨4, ⋯⟩ then 1 else 0

case «4».«36»
⊢ ((if ⟨36, ⋯⟩ = ⟨4, ⋯⟩ then 1 else 0) + if ⟨36, ⋯⟩ = ⟨13, ⋯⟩ then 1 else 0) <
      512 ^
        (![24, 24, 24, 24, 24, 24, 24, 24, 24, 38, 24, 38, 24, 46, 24, 29, 24, 29, 24, 29, 24, 29, 24] ⟨4, ⋯⟩ - 22) ∧
    (-if ⟨36, ⋯⟩ = ⟨13, ⋯⟩ then 1 else 0) <
      512 ^
          (![24, 24, 24, 24, 24, 24, 24, 24, 24, 38, 24, 38, 24, 46, 24, 29, 24, 29, 24, 29, 24, 29, 24] ⟨4, ⋯⟩ - 22) +
        if ⟨36, ⋯⟩ = ⟨4, ⋯⟩ then 1 else 0

case «4».«37»
⊢ ((if ⟨37, ⋯⟩ = ⟨4, ⋯⟩ then 1 else 0) + if ⟨37, ⋯⟩ = ⟨13, ⋯⟩ then 1 else 0) <
      512 ^
        (![24, 24, 24, 24, 24, 24, 24, 24, 24, 38, 24, 38, 24, 46, 24, 29, 24, 29, 24, 29, 24, 29, 24] ⟨4, ⋯⟩ - 22) ∧
    (-if ⟨37, ⋯⟩ = ⟨13, ⋯⟩ then 1 else 0) <
      512 ^
          (![24, 24, 24, 24, 24, 24, 24, 24, 24, 38, 24, 38, 24, 46, 24, 29, 24, 29, 24, 29, 24, 29, 24] ⟨4, ⋯⟩ - 22) +
        if ⟨37, ⋯⟩ = ⟨4, ⋯⟩ then 1 else 0

case «4».«38»
⊢ ((if ⟨38, ⋯⟩ = ⟨4, ⋯⟩ then 1 else 0) + if ⟨38, ⋯⟩ = ⟨13, ⋯⟩ then 1 else 0) <
      512 ^
        (![24, 24, 24, 24, 24, 24, 24, 24, 24, 38, 24, 38, 24, 46, 24, 29, 24, 29, 24, 29, 24, 29, 24] ⟨4, ⋯⟩ - 22) ∧
    (-if ⟨38, ⋯⟩ = ⟨13, ⋯⟩ then 1 else 0) <
      512 ^
          (![24, 24, 24, 24, 24, 24, 24, 24, 24, 38, 24, 38, 24, 46, 24, 29, 24, 29, 24, 29, 24, 29, 24] ⟨4, ⋯⟩ - 22) +
        if ⟨38, ⋯⟩ = ⟨4, ⋯⟩ then 1 else 0

case «5».«0»
⊢ ((if ⟨0, ⋯⟩ = ⟨5, ⋯⟩ then 1 else 0) + if ⟨0, ⋯⟩ = ⟨14, ⋯⟩ then 1 else 0) <
      512 ^
        (![24, 24, 24, 24, 24, 24, 24, 24, 24, 38, 24, 38, 24, 46, 24, 29, 24, 29, 24, 29, 24, 29, 24] ⟨5, ⋯⟩ - 22) ∧
    (-if ⟨0, ⋯⟩ = ⟨14, ⋯⟩ then 1 else 0) <
      512 ^
          (![24, 24, 24, 24, 24, 24, 24, 24, 24, 38, 24, 38, 24, 46, 24, 29, 24, 29, 24, 29, 24, 29, 24] ⟨5, ⋯⟩ - 22) +
        if ⟨0, ⋯⟩ = ⟨5, ⋯⟩ then 1 else 0

case «5».«1»
⊢ ((if ⟨1, ⋯⟩ = ⟨5, ⋯⟩ then 1 else 0) + if ⟨1, ⋯⟩ = ⟨14, ⋯⟩ then 1 else 0) <
      512 ^
        (![24, 24, 24, 24, 24, 24, 24, 24, 24, 38, 24, 38, 24, 46, 24, 29, 24, 29, 24, 29, 24, 29, 24] ⟨5, ⋯⟩ - 22) ∧
    (-if ⟨1, ⋯⟩ = ⟨14, ⋯⟩ then 1 else 0) <
      512 ^
          (![24, 24, 24, 24, 24, 24, 24, 24, 24, 38, 24, 38, 24, 46, 24, 29, 24, 29, 24, 29, 24, 29, 24] ⟨5, ⋯⟩ - 22) +
        if ⟨1, ⋯⟩ = ⟨5, ⋯⟩ then 1 else 0

case «5».«2»
⊢ ((if ⟨2, ⋯⟩ = ⟨5, ⋯⟩ then 1 else 0) + if ⟨2, ⋯⟩ = ⟨14, ⋯⟩ then 1 else 0) <
      512 ^
        (![24, 24, 24, 24, 24, 24, 24, 24, 24, 38, 24, 38, 24, 46, 24, 29, 24, 29, 24, 29, 24, 29, 24] ⟨5, ⋯⟩ - 22) ∧
    (-if ⟨2, ⋯⟩ = ⟨14, ⋯⟩ then 1 else 0) <
      512 ^
          (![24, 24, 24, 24, 24, 24, 24, 24, 24, 38, 24, 38, 24, 46, 24, 29, 24, 29, 24, 29, 24, 29, 24] ⟨5, ⋯⟩ - 22) +
        if ⟨2, ⋯⟩ = ⟨5, ⋯⟩ then 1 else 0

case «5».«3»
⊢ ((if ⟨3, ⋯⟩ = ⟨5, ⋯⟩ then 1 else 0) + if ⟨3, ⋯⟩ = ⟨14, ⋯⟩ then 1 else 0) <
      512 ^
        (![24, 24, 24, 24, 24, 24, 24, 24, 24, 38, 24, 38, 24, 46, 24, 29, 24, 29, 24, 29, 24, 29, 24] ⟨5, ⋯⟩ - 22) ∧
    (-if ⟨3, ⋯⟩ = ⟨14, ⋯⟩ then 1 else 0) <
      512 ^
          (![24, 24, 24, 24, 24, 24, 24, 24, 24, 38, 24, 38, 24, 46, 24, 29, 24, 29, 24, 29, 24, 29, 24] ⟨5, ⋯⟩ - 22) +
        if ⟨3, ⋯⟩ = ⟨5, ⋯⟩ then 1 else 0

case «5».«4»
⊢ ((if ⟨4, ⋯⟩ = ⟨5, ⋯⟩ then 1 else 0) + if ⟨4, ⋯⟩ = ⟨14, ⋯⟩ then 1 else 0) <
      512 ^
        (![24, 24, 24, 24, 24, 24, 24, 24, 24, 38, 24, 38, 24, 46, 24, 29, 24, 29, 24, 29, 24, 29, 24] ⟨5, ⋯⟩ - 22) ∧
    (-if ⟨4, ⋯⟩ = ⟨14, ⋯⟩ then 1 else 0) <
      512 ^
          (![24, 24, 24, 24, 24, 24, 24, 24, 24, 38, 24, 38, 24, 46, 24, 29, 24, 29, 24, 29, 24, 29, 24] ⟨5, ⋯⟩ - 22) +
        if ⟨4, ⋯⟩ = ⟨5, ⋯⟩ then 1 else 0

case «5».«5»
⊢ ((if ⟨5, ⋯⟩ = ⟨5, ⋯⟩ then 1 else 0) + if ⟨5, ⋯⟩ = ⟨14, ⋯⟩ then 1 else 0) <
      512 ^
        (![24, 24, 24, 24, 24, 24, 24, 24, 24, 38, 24, 38, 24, 46, 24, 29, 24, 29, 24, 29, 24, 29, 24] ⟨5, ⋯⟩ - 22) ∧
    (-if ⟨5, ⋯⟩ = ⟨14, ⋯⟩ then 1 else 0) <
      512 ^
          (![24, 24, 24, 24, 24, 24, 24, 24, 24, 38, 24, 38, 24, 46, 24, 29, 24, 29, 24, 29, 24, 29, 24] ⟨5, ⋯⟩ - 22) +
        if ⟨5, ⋯⟩ = ⟨5, ⋯⟩ then 1 else 0

case «5».«6»
⊢ ((if ⟨6, ⋯⟩ = ⟨5, ⋯⟩ then 1 else 0) + if ⟨6, ⋯⟩ = ⟨14, ⋯⟩ then 1 else 0) <
      512 ^
        (![24, 24, 24, 24, 24, 24, 24, 24, 24, 38, 24, 38, 24, 46, 24, 29, 24, 29, 24, 29, 24, 29, 24] ⟨5, ⋯⟩ - 22) ∧
    (-if ⟨6, ⋯⟩ = ⟨14, ⋯⟩ then 1 else 0) <
      512 ^
          (![24, 24, 24, 24, 24, 24, 24, 24, 24, 38, 24, 38, 24, 46, 24, 29, 24, 29, 24, 29, 24, 29, 24] ⟨5, ⋯⟩ - 22) +
        if ⟨6, ⋯⟩ = ⟨5, ⋯⟩ then 1 else 0

case «5».«7»
⊢ ((if ⟨7, ⋯⟩ = ⟨5, ⋯⟩ then 1 else 0) + if ⟨7, ⋯⟩ = ⟨14, ⋯⟩ then 1 else 0) <
      512 ^
        (![24, 24, 24, 24, 24, 24, 24, 24, 24, 38, 24, 38, 24, 46, 24, 29, 24, 29, 24, 29, 24, 29, 24] ⟨5, ⋯⟩ - 22) ∧
    (-if ⟨7, ⋯⟩ = ⟨14, ⋯⟩ then 1 else 0) <
      512 ^
          (![24, 24, 24, 24, 24, 24, 24, 24, 24, 38, 24, 38, 24, 46, 24, 29, 24, 29, 24, 29, 24, 29, 24] ⟨5, ⋯⟩ - 22) +
        if ⟨7, ⋯⟩ = ⟨5, ⋯⟩ then 1 else 0

case «5».«8»
⊢ ((if ⟨8, ⋯⟩ = ⟨5, ⋯⟩ then 1 else 0) + if ⟨8, ⋯⟩ = ⟨14, ⋯⟩ then 1 else 0) <
      512 ^
        (![24, 24, 24, 24, 24, 24, 24, 24, 24, 38, 24, 38, 24, 46, 24, 29, 24, 29, 24, 29, 24, 29, 24] ⟨5, ⋯⟩ - 22) ∧
    (-if ⟨8, ⋯⟩ = ⟨14, ⋯⟩ then 1 else 0) <
      512 ^
          (![24, 24, 24, 24, 24, 24, 24, 24, 24, 38, 24, 38, 24, 46, 24, 29, 24, 29, 24, 29, 24, 29, 24] ⟨5, ⋯⟩ - 22) +
        if ⟨8, ⋯⟩ = ⟨5, ⋯⟩ then 1 else 0

case «5».«9»
⊢ ((if ⟨9, ⋯⟩ = ⟨5, ⋯⟩ then 1 else 0) + if ⟨9, ⋯⟩ = ⟨14, ⋯⟩ then 1 else 0) <
      512 ^
        (![24, 24, 24, 24, 24, 24, 24, 24, 24, 38, 24, 38, 24, 46, 24, 29, 24, 29, 24, 29, 24, 29, 24] ⟨5, ⋯⟩ - 22) ∧
    (-if ⟨9, ⋯⟩ = ⟨14, ⋯⟩ then 1 else 0) <
      512 ^
          (![24, 24, 24, 24, 24, 24, 24, 24, 24, 38, 24, 38, 24, 46, 24, 29, 24, 29, 24, 29, 24, 29, 24] ⟨5, ⋯⟩ - 22) +
        if ⟨9, ⋯⟩ = ⟨5, ⋯⟩ then 1 else 0

case «5».«10»
⊢ ((if ⟨10, ⋯⟩ = ⟨5, ⋯⟩ then 1 else 0) + if ⟨10, ⋯⟩ = ⟨14, ⋯⟩ then 1 else 0) <
      512 ^
        (![24, 24, 24, 24, 24, 24, 24, 24, 24, 38, 24, 38, 24, 46, 24, 29, 24, 29, 24, 29, 24, 29, 24] ⟨5, ⋯⟩ - 22) ∧
    (-if ⟨10, ⋯⟩ = ⟨14, ⋯⟩ then 1 else 0) <
      512 ^
          (![24, 24, 24, 24, 24, 24, 24, 24, 24, 38, 24, 38, 24, 46, 24, 29, 24, 29, 24, 29, 24, 29, 24] ⟨5, ⋯⟩ - 22) +
        if ⟨10, ⋯⟩ = ⟨5, ⋯⟩ then 1 else 0

case «5».«11»
⊢ ((if ⟨11, ⋯⟩ = ⟨5, ⋯⟩ then 1 else 0) + if ⟨11, ⋯⟩ = ⟨14, ⋯⟩ then 1 else 0) <
      512 ^
        (![24, 24, 24, 24, 24, 24, 24, 24, 24, 38, 24, 38, 24, 46, 24, 29, 24, 29, 24, 29, 24, 29, 24] ⟨5, ⋯⟩ - 22) ∧
    (-if ⟨11, ⋯⟩ = ⟨14, ⋯⟩ then 1 else 0) <
      512 ^
          (![24, 24, 24, 24, 24, 24, 24, 24, 24, 38, 24, 38, 24, 46, 24, 29, 24, 29, 24, 29, 24, 29, 24] ⟨5, ⋯⟩ - 22) +
        if ⟨11, ⋯⟩ = ⟨5, ⋯⟩ then 1 else 0

case «5».«12»
⊢ ((if ⟨12, ⋯⟩ = ⟨5, ⋯⟩ then 1 else 0) + if ⟨12, ⋯⟩ = ⟨14, ⋯⟩ then 1 else 0) <
      512 ^
        (![24, 24, 24, 24, 24, 24, 24, 24, 24, 38, 24, 38, 24, 46, 24, 29, 24, 29, 24, 29, 24, 29, 24] ⟨5, ⋯⟩ - 22) ∧
    (-if ⟨12, ⋯⟩ = ⟨14, ⋯⟩ then 1 else 0) <
      512 ^
          (![24, 24, 24, 24, 24, 24, 24, 24, 24, 38, 24, 38, 24, 46, 24, 29, 24, 29, 24, 29, 24, 29, 24] ⟨5, ⋯⟩ - 22) +
        if ⟨12, ⋯⟩ = ⟨5, ⋯⟩ then 1 else 0

case «5».«13»
⊢ ((if ⟨13, ⋯⟩ = ⟨5, ⋯⟩ then 1 else 0) + if ⟨13, ⋯⟩ = ⟨14, ⋯⟩ then 1 else 0) <
      512 ^
        (![24, 24, 24, 24, 24, 24, 24, 24, 24, 38, 24, 38, 24, 46, 24, 29, 24, 29, 24, 29, 24, 29, 24] ⟨5, ⋯⟩ - 22) ∧
    (-if ⟨13, ⋯⟩ = ⟨14, ⋯⟩ then 1 else 0) <
      512 ^
          (![24, 24, 24, 24, 24, 24, 24, 24, 24, 38, 24, 38, 24, 46, 24, 29, 24, 29, 24, 29, 24, 29, 24] ⟨5, ⋯⟩ - 22) +
        if ⟨13, ⋯⟩ = ⟨5, ⋯⟩ then 1 else 0

case «5».«14»
⊢ ((if ⟨14, ⋯⟩ = ⟨5, ⋯⟩ then 1 else 0) + if ⟨14, ⋯⟩ = ⟨14, ⋯⟩ then 1 else 0) <
      512 ^
        (![24, 24, 24, 24, 24, 24, 24, 24, 24, 38, 24, 38, 24, 46, 24, 29, 24, 29, 24, 29, 24, 29, 24] ⟨5, ⋯⟩ - 22) ∧
    (-if ⟨14, ⋯⟩ = ⟨14, ⋯⟩ then 1 else 0) <
      512 ^
          (![24, 24, 24, 24, 24, 24, 24, 24, 24, 38, 24, 38, 24, 46, 24, 29, 24, 29, 24, 29, 24, 29, 24] ⟨5, ⋯⟩ - 22) +
        if ⟨14, ⋯⟩ = ⟨5, ⋯⟩ then 1 else 0

case «5».«15»
⊢ ((if ⟨15, ⋯⟩ = ⟨5, ⋯⟩ then 1 else 0) + if ⟨15, ⋯⟩ = ⟨14, ⋯⟩ then 1 else 0) <
      512 ^
        (![24, 24, 24, 24, 24, 24, 24, 24, 24, 38, 24, 38, 24, 46, 24, 29, 24, 29, 24, 29, 24, 29, 24] ⟨5, ⋯⟩ - 22) ∧
    (-if ⟨15, ⋯⟩ = ⟨14, ⋯⟩ then 1 else 0) <
      512 ^
          (![24, 24, 24, 24, 24, 24, 24, 24, 24, 38, 24, 38, 24, 46, 24, 29, 24, 29, 24, 29, 24, 29, 24] ⟨5, ⋯⟩ - 22) +
        if ⟨15, ⋯⟩ = ⟨5, ⋯⟩ then 1 else 0

case «5».«16»
⊢ ((if ⟨16, ⋯⟩ = ⟨5, ⋯⟩ then 1 else 0) + if ⟨16, ⋯⟩ = ⟨14, ⋯⟩ then 1 else 0) <
      512 ^
        (![24, 24, 24, 24, 24, 24, 24, 24, 24, 38, 24, 38, 24, 46, 24, 29, 24, 29, 24, 29, 24, 29, 24] ⟨5, ⋯⟩ - 22) ∧
    (-if ⟨16, ⋯⟩ = ⟨14, ⋯⟩ then 1 else 0) <
      512 ^
          (![24, 24, 24, 24, 24, 24, 24, 24, 24, 38, 24, 38, 24, 46, 24, 29, 24, 29, 24, 29, 24, 29, 24] ⟨5, ⋯⟩ - 22) +
        if ⟨16, ⋯⟩ = ⟨5, ⋯⟩ then 1 else 0

case «5».«17»
⊢ ((if ⟨17, ⋯⟩ = ⟨5, ⋯⟩ then 1 else 0) + if ⟨17, ⋯⟩ = ⟨14, ⋯⟩ then 1 else 0) <
      512 ^
        (![24, 24, 24, 24, 24, 24, 24, 24, 24, 38, 24, 38, 24, 46, 24, 29, 24, 29, 24, 29, 24, 29, 24] ⟨5, ⋯⟩ - 22) ∧
    (-if ⟨17, ⋯⟩ = ⟨14, ⋯⟩ then 1 else 0) <
      512 ^
          (![24, 24, 24, 24, 24, 24, 24, 24, 24, 38, 24, 38, 24, 46, 24, 29, 24, 29, 24, 29, 24, 29, 24] ⟨5, ⋯⟩ - 22) +
        if ⟨17, ⋯⟩ = ⟨5, ⋯⟩ then 1 else 0

case «5».«18»
⊢ ((if ⟨18, ⋯⟩ = ⟨5, ⋯⟩ then 1 else 0) + if ⟨18, ⋯⟩ = ⟨14, ⋯⟩ then 1 else 0) <
      512 ^
        (![24, 24, 24, 24, 24, 24, 24, 24, 24, 38, 24, 38, 24, 46, 24, 29, 24, 29, 24, 29, 24, 29, 24] ⟨5, ⋯⟩ - 22) ∧
    (-if ⟨18, ⋯⟩ = ⟨14, ⋯⟩ then 1 else 0) <
      512 ^
          (![24, 24, 24, 24, 24, 24, 24, 24, 24, 38, 24, 38, 24, 46, 24, 29, 24, 29, 24, 29, 24, 29, 24] ⟨5, ⋯⟩ - 22) +
        if ⟨18, ⋯⟩ = ⟨5, ⋯⟩ then 1 else 0

case «5».«19»
⊢ ((if ⟨19, ⋯⟩ = ⟨5, ⋯⟩ then 1 else 0) + if ⟨19, ⋯⟩ = ⟨14, ⋯⟩ then 1 else 0) <
      512 ^
        (![24, 24, 24, 24, 24, 24, 24, 24, 24, 38, 24, 38, 24, 46, 24, 29, 24, 29, 24, 29, 24, 29, 24] ⟨5, ⋯⟩ - 22) ∧
    (-if ⟨19, ⋯⟩ = ⟨14, ⋯⟩ then 1 else 0) <
      512 ^
          (![24, 24, 24, 24, 24, 24, 24, 24, 24, 38, 24, 38, 24, 46, 24, 29, 24, 29, 24, 29, 24, 29, 24] ⟨5, ⋯⟩ - 22) +
        if ⟨19, ⋯⟩ = ⟨5, ⋯⟩ then 1 else 0

case «5».«20»
⊢ ((if ⟨20, ⋯⟩ = ⟨5, ⋯⟩ then 1 else 0) + if ⟨20, ⋯⟩ = ⟨14, ⋯⟩ then 1 else 0) <
      512 ^
        (![24, 24, 24, 24, 24, 24, 24, 24, 24, 38, 24, 38, 24, 46, 24, 29, 24, 29, 24, 29, 24, 29, 24] ⟨5, ⋯⟩ - 22) ∧
    (-if ⟨20, ⋯⟩ = ⟨14, ⋯⟩ then 1 else 0) <
      512 ^
          (![24, 24, 24, 24, 24, 24, 24, 24, 24, 38, 24, 38, 24, 46, 24, 29, 24, 29, 24, 29, 24, 29, 24] ⟨5, ⋯⟩ - 22) +
        if ⟨20, ⋯⟩ = ⟨5, ⋯⟩ then 1 else 0

case «5».«21»
⊢ ((if ⟨21, ⋯⟩ = ⟨5, ⋯⟩ then 1 else 0) + if ⟨21, ⋯⟩ = ⟨14, ⋯⟩ then 1 else 0) <
      512 ^
        (![24, 24, 24, 24, 24, 24, 24, 24, 24, 38, 24, 38, 24, 46, 24, 29, 24, 29, 24, 29, 24, 29, 24] ⟨5, ⋯⟩ - 22) ∧
    (-if ⟨21, ⋯⟩ = ⟨14, ⋯⟩ then 1 else 0) <
      512 ^
          (![24, 24, 24, 24, 24, 24, 24, 24, 24, 38, 24, 38, 24, 46, 24, 29, 24, 29, 24, 29, 24, 29, 24] ⟨5, ⋯⟩ - 22) +
        if ⟨21, ⋯⟩ = ⟨5, ⋯⟩ then 1 else 0

case «5».«22»
⊢ ((if ⟨22, ⋯⟩ = ⟨5, ⋯⟩ then 1 else 0) + if ⟨22, ⋯⟩ = ⟨14, ⋯⟩ then 1 else 0) <
      512 ^
        (![24, 24, 24, 24, 24, 24, 24, 24, 24, 38, 24, 38, 24, 46, 24, 29, 24, 29, 24, 29, 24, 29, 24] ⟨5, ⋯⟩ - 22) ∧
    (-if ⟨22, ⋯⟩ = ⟨14, ⋯⟩ then 1 else 0) <
      512 ^
          (![24, 24, 24, 24, 24, 24, 24, 24, 24, 38, 24, 38, 24, 46, 24, 29, 24, 29, 24, 29, 24, 29, 24] ⟨5, ⋯⟩ - 22) +
        if ⟨22, ⋯⟩ = ⟨5, ⋯⟩ then 1 else 0

case «5».«23»
⊢ ((if ⟨23, ⋯⟩ = ⟨5, ⋯⟩ then 1 else 0) + if ⟨23, ⋯⟩ = ⟨14, ⋯⟩ then 1 else 0) <
      512 ^
        (![24, 24, 24, 24, 24, 24, 24, 24, 24, 38, 24, 38, 24, 46, 24, 29, 24, 29, 24, 29, 24, 29, 24] ⟨5, ⋯⟩ - 22) ∧
    (-if ⟨23, ⋯⟩ = ⟨14, ⋯⟩ then 1 else 0) <
      512 ^
          (![24, 24, 24, 24, 24, 24, 24, 24, 24, 38, 24, 38, 24, 46, 24, 29, 24, 29, 24, 29, 24, 29, 24] ⟨5, ⋯⟩ - 22) +
        if ⟨23, ⋯⟩ = ⟨5, ⋯⟩ then 1 else 0

case «5».«24»
⊢ ((if ⟨24, ⋯⟩ = ⟨5, ⋯⟩ then 1 else 0) + if ⟨24, ⋯⟩ = ⟨14, ⋯⟩ then 1 else 0) <
      512 ^
        (![24, 24, 24, 24, 24, 24, 24, 24, 24, 38, 24, 38, 24, 46, 24, 29, 24, 29, 24, 29, 24, 29, 24] ⟨5, ⋯⟩ - 22) ∧
    (-if ⟨24, ⋯⟩ = ⟨14, ⋯⟩ then 1 else 0) <
      512 ^
          (![24, 24, 24, 24, 24, 24, 24, 24, 24, 38, 24, 38, 24, 46, 24, 29, 24, 29, 24, 29, 24, 29, 24] ⟨5, ⋯⟩ - 22) +
        if ⟨24, ⋯⟩ = ⟨5, ⋯⟩ then 1 else 0

case «5».«25»
⊢ ((if ⟨25, ⋯⟩ = ⟨5, ⋯⟩ then 1 else 0) + if ⟨25, ⋯⟩ = ⟨14, ⋯⟩ then 1 else 0) <
      512 ^
        (![24, 24, 24, 24, 24, 24, 24, 24, 24, 38, 24, 38, 24, 46, 24, 29, 24, 29, 24, 29, 24, 29, 24] ⟨5, ⋯⟩ - 22) ∧
    (-if ⟨25, ⋯⟩ = ⟨14, ⋯⟩ then 1 else 0) <
      512 ^
          (![24, 24, 24, 24, 24, 24, 24, 24, 24, 38, 24, 38, 24, 46, 24, 29, 24, 29, 24, 29, 24, 29, 24] ⟨5, ⋯⟩ - 22) +
        if ⟨25, ⋯⟩ = ⟨5, ⋯⟩ then 1 else 0

case «5».«26»
⊢ ((if ⟨26, ⋯⟩ = ⟨5, ⋯⟩ then 1 else 0) + if ⟨26, ⋯⟩ = ⟨14, ⋯⟩ then 1 else 0) <
      512 ^
        (![24, 24, 24, 24, 24, 24, 24, 24, 24, 38, 24, 38, 24, 46, 24, 29, 24, 29, 24, 29, 24, 29, 24] ⟨5, ⋯⟩ - 22) ∧
    (-if ⟨26, ⋯⟩ = ⟨14, ⋯⟩ then 1 else 0) <
      512 ^
          (![24, 24, 24, 24, 24, 24, 24, 24, 24, 38, 24, 38, 24, 46, 24, 29, 24, 29, 24, 29, 24, 29, 24] ⟨5, ⋯⟩ - 22) +
        if ⟨26, ⋯⟩ = ⟨5, ⋯⟩ then 1 else 0

case «5».«27»
⊢ ((if ⟨27, ⋯⟩ = ⟨5, ⋯⟩ then 1 else 0) + if ⟨27, ⋯⟩ = ⟨14, ⋯⟩ then 1 else 0) <
      512 ^
        (![24, 24, 24, 24, 24, 24, 24, 24, 24, 38, 24, 38, 24, 46, 24, 29, 24, 29, 24, 29, 24, 29, 24] ⟨5, ⋯⟩ - 22) ∧
    (-if ⟨27, ⋯⟩ = ⟨14, ⋯⟩ then 1 else 0) <
      512 ^
          (![24, 24, 24, 24, 24, 24, 24, 24, 24, 38, 24, 38, 24, 46, 24, 29, 24, 29, 24, 29, 24, 29, 24] ⟨5, ⋯⟩ - 22) +
        if ⟨27, ⋯⟩ = ⟨5, ⋯⟩ then 1 else 0

case «5».«28»
⊢ ((if ⟨28, ⋯⟩ = ⟨5, ⋯⟩ then 1 else 0) + if ⟨28, ⋯⟩ = ⟨14, ⋯⟩ then 1 else 0) <
      512 ^
        (![24, 24, 24, 24, 24, 24, 24, 24, 24, 38, 24, 38, 24, 46, 24, 29, 24, 29, 24, 29, 24, 29, 24] ⟨5, ⋯⟩ - 22) ∧
    (-if ⟨28, ⋯⟩ = ⟨14, ⋯⟩ then 1 else 0) <
      512 ^
          (![24, 24, 24, 24, 24, 24, 24, 24, 24, 38, 24, 38, 24, 46, 24, 29, 24, 29, 24, 29, 24, 29, 24] ⟨5, ⋯⟩ - 22) +
        if ⟨28, ⋯⟩ = ⟨5, ⋯⟩ then 1 else 0

case «5».«29»
⊢ ((if ⟨29, ⋯⟩ = ⟨5, ⋯⟩ then 1 else 0) + if ⟨29, ⋯⟩ = ⟨14, ⋯⟩ then 1 else 0) <
      512 ^
        (![24, 24, 24, 24, 24, 24, 24, 24, 24, 38, 24, 38, 24, 46, 24, 29, 24, 29, 24, 29, 24, 29, 24] ⟨5, ⋯⟩ - 22) ∧
    (-if ⟨29, ⋯⟩ = ⟨14, ⋯⟩ then 1 else 0) <
      512 ^
          (![24, 24, 24, 24, 24, 24, 24, 24, 24, 38, 24, 38, 24, 46, 24, 29, 24, 29, 24, 29, 24, 29, 24] ⟨5, ⋯⟩ - 22) +
        if ⟨29, ⋯⟩ = ⟨5, ⋯⟩ then 1 else 0

case «5».«30»
⊢ ((if ⟨30, ⋯⟩ = ⟨5, ⋯⟩ then 1 else 0) + if ⟨30, ⋯⟩ = ⟨14, ⋯⟩ then 1 else 0) <
      512 ^
        (![24, 24, 24, 24, 24, 24, 24, 24, 24, 38, 24, 38, 24, 46, 24, 29, 24, 29, 24, 29, 24, 29, 24] ⟨5, ⋯⟩ - 22) ∧
    (-if ⟨30, ⋯⟩ = ⟨14, ⋯⟩ then 1 else 0) <
      512 ^
          (![24, 24, 24, 24, 24, 24, 24, 24, 24, 38, 24, 38, 24, 46, 24, 29, 24, 29, 24, 29, 24, 29, 24] ⟨5, ⋯⟩ - 22) +
        if ⟨30, ⋯⟩ = ⟨5, ⋯⟩ then 1 else 0

case «5».«31»
⊢ ((if ⟨31, ⋯⟩ = ⟨5, ⋯⟩ then 1 else 0) + if ⟨31, ⋯⟩ = ⟨14, ⋯⟩ then 1 else 0) <
      512 ^
        (![24, 24, 24, 24, 24, 24, 24, 24, 24, 38, 24, 38, 24, 46, 24, 29, 24, 29, 24, 29, 24, 29, 24] ⟨5, ⋯⟩ - 22) ∧
    (-if ⟨31, ⋯⟩ = ⟨14, ⋯⟩ then 1 else 0) <
      512 ^
          (![24, 24, 24, 24, 24, 24, 24, 24, 24, 38, 24, 38, 24, 46, 24, 29, 24, 29, 24, 29, 24, 29, 24] ⟨5, ⋯⟩ - 22) +
        if ⟨31, ⋯⟩ = ⟨5, ⋯⟩ then 1 else 0

case «5».«32»
⊢ ((if ⟨32, ⋯⟩ = ⟨5, ⋯⟩ then 1 else 0) + if ⟨32, ⋯⟩ = ⟨14, ⋯⟩ then 1 else 0) <
      512 ^
        (![24, 24, 24, 24, 24, 24, 24, 24, 24, 38, 24, 38, 24, 46, 24, 29, 24, 29, 24, 29, 24, 29, 24] ⟨5, ⋯⟩ - 22) ∧
    (-if ⟨32, ⋯⟩ = ⟨14, ⋯⟩ then 1 else 0) <
      512 ^
          (![24, 24, 24, 24, 24, 24, 24, 24, 24, 38, 24, 38, 24, 46, 24, 29, 24, 29, 24, 29, 24, 29, 24] ⟨5, ⋯⟩ - 22) +
        if ⟨32, ⋯⟩ = ⟨5, ⋯⟩ then 1 else 0

case «5».«33»
⊢ ((if ⟨33, ⋯⟩ = ⟨5, ⋯⟩ then 1 else 0) + if ⟨33, ⋯⟩ = ⟨14, ⋯⟩ then 1 else 0) <
      512 ^
        (![24, 24, 24, 24, 24, 24, 24, 24, 24, 38, 24, 38, 24, 46, 24, 29, 24, 29, 24, 29, 24, 29, 24] ⟨5, ⋯⟩ - 22) ∧
    (-if ⟨33, ⋯⟩ = ⟨14, ⋯⟩ then 1 else 0) <
      512 ^
          (![24, 24, 24, 24, 24, 24, 24, 24, 24, 38, 24, 38, 24, 46, 24, 29, 24, 29, 24, 29, 24, 29, 24] ⟨5, ⋯⟩ - 22) +
        if ⟨33, ⋯⟩ = ⟨5, ⋯⟩ then 1 else 0

case «5».«34»
⊢ ((if ⟨34, ⋯⟩ = ⟨5, ⋯⟩ then 1 else 0) + if ⟨34, ⋯⟩ = ⟨14, ⋯⟩ then 1 else 0) <
      512 ^
        (![24, 24, 24, 24, 24, 24, 24, 24, 24, 38, 24, 38, 24, 46, 24, 29, 24, 29, 24, 29, 24, 29, 24] ⟨5, ⋯⟩ - 22) ∧
    (-if ⟨34, ⋯⟩ = ⟨14, ⋯⟩ then 1 else 0) <
      512 ^
          (![24, 24, 24, 24, 24, 24, 24, 24, 24, 38, 24, 38, 24, 46, 24, 29, 24, 29, 24, 29, 24, 29, 24] ⟨5, ⋯⟩ - 22) +
        if ⟨34, ⋯⟩ = ⟨5, ⋯⟩ then 1 else 0

case «5».«35»
⊢ ((if ⟨35, ⋯⟩ = ⟨5, ⋯⟩ then 1 else 0) + if ⟨35, ⋯⟩ = ⟨14, ⋯⟩ then 1 else 0) <
      512 ^
        (![24, 24, 24, 24, 24, 24, 24, 24, 24, 38, 24, 38, 24, 46, 24, 29, 24, 29, 24, 29, 24, 29, 24] ⟨5, ⋯⟩ - 22) ∧
    (-if ⟨35, ⋯⟩ = ⟨14, ⋯⟩ then 1 else 0) <
      512 ^
          (![24, 24, 24, 24, 24, 24, 24, 24, 24, 38, 24, 38, 24, 46, 24, 29, 24, 29, 24, 29, 24, 29, 24] ⟨5, ⋯⟩ - 22) +
        if ⟨35, ⋯⟩ = ⟨5, ⋯⟩ then 1 else 0

case «5».«36»
⊢ ((if ⟨36, ⋯⟩ = ⟨5, ⋯⟩ then 1 else 0) + if ⟨36, ⋯⟩ = ⟨14, ⋯⟩ then 1 else 0) <
      512 ^
        (![24, 24, 24, 24, 24, 24, 24, 24, 24, 38, 24, 38, 24, 46, 24, 29, 24, 29, 24, 29, 24, 29, 24] ⟨5, ⋯⟩ - 22) ∧
    (-if ⟨36, ⋯⟩ = ⟨14, ⋯⟩ then 1 else 0) <
      512 ^
          (![24, 24, 24, 24, 24, 24, 24, 24, 24, 38, 24, 38, 24, 46, 24, 29, 24, 29, 24, 29, 24, 29, 24] ⟨5, ⋯⟩ - 22) +
        if ⟨36, ⋯⟩ = ⟨5, ⋯⟩ then 1 else 0

case «5».«37»
⊢ ((if ⟨37, ⋯⟩ = ⟨5, ⋯⟩ then 1 else 0) + if ⟨37, ⋯⟩ = ⟨14, ⋯⟩ then 1 else 0) <
      512 ^
        (![24, 24, 24, 24, 24, 24, 24, 24, 24, 38, 24, 38, 24, 46, 24, 29, 24, 29, 24, 29, 24, 29, 24] ⟨5, ⋯⟩ - 22) ∧
    (-if ⟨37, ⋯⟩ = ⟨14, ⋯⟩ then 1 else 0) <
      512 ^
          (![24, 24, 24, 24, 24, 24, 24, 24, 24, 38, 24, 38, 24, 46, 24, 29, 24, 29, 24, 29, 24, 29, 24] ⟨5, ⋯⟩ - 22) +
        if ⟨37, ⋯⟩ = ⟨5, ⋯⟩ then 1 else 0

case «5».«38»
⊢ ((if ⟨38, ⋯⟩ = ⟨5, ⋯⟩ then 1 else 0) + if ⟨38, ⋯⟩ = ⟨14, ⋯⟩ then 1 else 0) <
      512 ^
        (![24, 24, 24, 24, 24, 24, 24, 24, 24, 38, 24, 38, 24, 46, 24, 29, 24, 29, 24, 29, 24, 29, 24] ⟨5, ⋯⟩ - 22) ∧
    (-if ⟨38, ⋯⟩ = ⟨14, ⋯⟩ then 1 else 0) <
      512 ^
          (![24, 24, 24, 24, 24, 24, 24, 24, 24, 38, 24, 38, 24, 46, 24, 29, 24, 29, 24, 29, 24, 29, 24] ⟨5, ⋯⟩ - 22) +
        if ⟨38, ⋯⟩ = ⟨5, ⋯⟩ then 1 else 0

case «6».«0»
⊢ ((if ⟨0, ⋯⟩ = ⟨6, ⋯⟩ then 1 else 0) + if ⟨0, ⋯⟩ = ⟨15, ⋯⟩ then 1 else 0) <
      512 ^
        (![24, 24, 24, 24, 24, 24, 24, 24, 24, 38, 24, 38, 24, 46, 24, 29, 24, 29, 24, 29, 24, 29, 24] ⟨6, ⋯⟩ - 22) ∧
    (-if ⟨0, ⋯⟩ = ⟨15, ⋯⟩ then 1 else 0) <
      512 ^
          (![24, 24, 24, 24, 24, 24, 24, 24, 24, 38, 24, 38, 24, 46, 24, 29, 24, 29, 24, 29, 24, 29, 24] ⟨6, ⋯⟩ - 22) +
        if ⟨0, ⋯⟩ = ⟨6, ⋯⟩ then 1 else 0

case «6».«1»
⊢ ((if ⟨1, ⋯⟩ = ⟨6, ⋯⟩ then 1 else 0) + if ⟨1, ⋯⟩ = ⟨15, ⋯⟩ then 1 else 0) <
      512 ^
        (![24, 24, 24, 24, 24, 24, 24, 24, 24, 38, 24, 38, 24, 46, 24, 29, 24, 29, 24, 29, 24, 29, 24] ⟨6, ⋯⟩ - 22) ∧
    (-if ⟨1, ⋯⟩ = ⟨15, ⋯⟩ then 1 else 0) <
      512 ^
          (![24, 24, 24, 24, 24, 24, 24, 24, 24, 38, 24, 38, 24, 46, 24, 29, 24, 29, 24, 29, 24, 29, 24] ⟨6, ⋯⟩ - 22) +
        if ⟨1, ⋯⟩ = ⟨6, ⋯⟩ then 1 else 0

case «6».«2»
⊢ ((if ⟨2, ⋯⟩ = ⟨6, ⋯⟩ then 1 else 0) + if ⟨2, ⋯⟩ = ⟨15, ⋯⟩ then 1 else 0) <
      512 ^
        (![24, 24, 24, 24, 24, 24, 24, 24, 24, 38, 24, 38, 24, 46, 24, 29, 24, 29, 24, 29, 24, 29, 24] ⟨6, ⋯⟩ - 22) ∧
    (-if ⟨2, ⋯⟩ = ⟨15, ⋯⟩ then 1 else 0) <
      512 ^
          (![24, 24, 24, 24, 24, 24, 24, 24, 24, 38, 24, 38, 24, 46, 24, 29, 24, 29, 24, 29, 24, 29, 24] ⟨6, ⋯⟩ - 22) +
        if ⟨2, ⋯⟩ = ⟨6, ⋯⟩ then 1 else 0

case «6».«3»
⊢ ((if ⟨3, ⋯⟩ = ⟨6, ⋯⟩ then 1 else 0) + if ⟨3, ⋯⟩ = ⟨15, ⋯⟩ then 1 else 0) <
      512 ^
        (![24, 24, 24, 24, 24, 24, 24, 24, 24, 38, 24, 38, 24, 46, 24, 29, 24, 29, 24, 29, 24, 29, 24] ⟨6, ⋯⟩ - 22) ∧
    (-if ⟨3, ⋯⟩ = ⟨15, ⋯⟩ then 1 else 0) <
      512 ^
          (![24, 24, 24, 24, 24, 24, 24, 24, 24, 38, 24, 38, 24, 46, 24, 29, 24, 29, 24, 29, 24, 29, 24] ⟨6, ⋯⟩ - 22) +
        if ⟨3, ⋯⟩ = ⟨6, ⋯⟩ then 1 else 0

case «6».«4»
⊢ ((if ⟨4, ⋯⟩ = ⟨6, ⋯⟩ then 1 else 0) + if ⟨4, ⋯⟩ = ⟨15, ⋯⟩ then 1 else 0) <
      512 ^
        (![24, 24, 24, 24, 24, 24, 24, 24, 24, 38, 24, 38, 24, 46, 24, 29, 24, 29, 24, 29, 24, 29, 24] ⟨6, ⋯⟩ - 22) ∧
    (-if ⟨4, ⋯⟩ = ⟨15, ⋯⟩ then 1 else 0) <
      512 ^
          (![24, 24, 24, 24, 24, 24, 24, 24, 24, 38, 24, 38, 24, 46, 24, 29, 24, 29, 24, 29, 24, 29, 24] ⟨6, ⋯⟩ - 22) +
        if ⟨4, ⋯⟩ = ⟨6, ⋯⟩ then 1 else 0

case «6».«5»
⊢ ((if ⟨5, ⋯⟩ = ⟨6, ⋯⟩ then 1 else 0) + if ⟨5, ⋯⟩ = ⟨15, ⋯⟩ then 1 else 0) <
      512 ^
        (![24, 24, 24, 24, 24, 24, 24, 24, 24, 38, 24, 38, 24, 46, 24, 29, 24, 29, 24, 29, 24, 29, 24] ⟨6, ⋯⟩ - 22) ∧
    (-if ⟨5, ⋯⟩ = ⟨15, ⋯⟩ then 1 else 0) <
      512 ^
          (![24, 24, 24, 24, 24, 24, 24, 24, 24, 38, 24, 38, 24, 46, 24, 29, 24, 29, 24, 29, 24, 29, 24] ⟨6, ⋯⟩ - 22) +
        if ⟨5, ⋯⟩ = ⟨6, ⋯⟩ then 1 else 0

case «6».«6»
⊢ ((if ⟨6, ⋯⟩ = ⟨6, ⋯⟩ then 1 else 0) + if ⟨6, ⋯⟩ = ⟨15, ⋯⟩ then 1 else 0) <
      512 ^
        (![24, 24, 24, 24, 24, 24, 24, 24, 24, 38, 24, 38, 24, 46, 24, 29, 24, 29, 24, 29, 24, 29, 24] ⟨6, ⋯⟩ - 22) ∧
    (-if ⟨6, ⋯⟩ = ⟨15, ⋯⟩ then 1 else 0) <
      512 ^
          (![24, 24, 24, 24, 24, 24, 24, 24, 24, 38, 24, 38, 24, 46, 24, 29, 24, 29, 24, 29, 24, 29, 24] ⟨6, ⋯⟩ - 22) +
        if ⟨6, ⋯⟩ = ⟨6, ⋯⟩ then 1 else 0

case «6».«7»
⊢ ((if ⟨7, ⋯⟩ = ⟨6, ⋯⟩ then 1 else 0) + if ⟨7, ⋯⟩ = ⟨15, ⋯⟩ then 1 else 0) <
      512 ^
        (![24, 24, 24, 24, 24, 24, 24, 24, 24, 38, 24, 38, 24, 46, 24, 29, 24, 29, 24, 29, 24, 29, 24] ⟨6, ⋯⟩ - 22) ∧
    (-if ⟨7, ⋯⟩ = ⟨15, ⋯⟩ then 1 else 0) <
      512 ^
          (![24, 24, 24, 24, 24, 24, 24, 24, 24, 38, 24, 38, 24, 46, 24, 29, 24, 29, 24, 29, 24, 29, 24] ⟨6, ⋯⟩ - 22) +
        if ⟨7, ⋯⟩ = ⟨6, ⋯⟩ then 1 else 0

case «6».«8»
⊢ ((if ⟨8, ⋯⟩ = ⟨6, ⋯⟩ then 1 else 0) + if ⟨8, ⋯⟩ = ⟨15, ⋯⟩ then 1 else 0) <
      512 ^
        (![24, 24, 24, 24, 24, 24, 24, 24, 24, 38, 24, 38, 24, 46, 24, 29, 24, 29, 24, 29, 24, 29, 24] ⟨6, ⋯⟩ - 22) ∧
    (-if ⟨8, ⋯⟩ = ⟨15, ⋯⟩ then 1 else 0) <
      512 ^
          (![24, 24, 24, 24, 24, 24, 24, 24, 24, 38, 24, 38, 24, 46, 24, 29, 24, 29, 24, 29, 24, 29, 24] ⟨6, ⋯⟩ - 22) +
        if ⟨8, ⋯⟩ = ⟨6, ⋯⟩ then 1 else 0

case «6».«9»
⊢ ((if ⟨9, ⋯⟩ = ⟨6, ⋯⟩ then 1 else 0) + if ⟨9, ⋯⟩ = ⟨15, ⋯⟩ then 1 else 0) <
      512 ^
        (![24, 24, 24, 24, 24, 24, 24, 24, 24, 38, 24, 38, 24, 46, 24, 29, 24, 29, 24, 29, 24, 29, 24] ⟨6, ⋯⟩ - 22) ∧
    (-if ⟨9, ⋯⟩ = ⟨15, ⋯⟩ then 1 else 0) <
      512 ^
          (![24, 24, 24, 24, 24, 24, 24, 24, 24, 38, 24, 38, 24, 46, 24, 29, 24, 29, 24, 29, 24, 29, 24] ⟨6, ⋯⟩ - 22) +
        if ⟨9, ⋯⟩ = ⟨6, ⋯⟩ then 1 else 0

case «6».«10»
⊢ ((if ⟨10, ⋯⟩ = ⟨6, ⋯⟩ then 1 else 0) + if ⟨10, ⋯⟩ = ⟨15, ⋯⟩ then 1 else 0) <
      512 ^
        (![24, 24, 24, 24, 24, 24, 24, 24, 24, 38, 24, 38, 24, 46, 24, 29, 24, 29, 24, 29, 24, 29, 24] ⟨6, ⋯⟩ - 22) ∧
    (-if ⟨10, ⋯⟩ = ⟨15, ⋯⟩ then 1 else 0) <
      512 ^
          (![24, 24, 24, 24, 24, 24, 24, 24, 24, 38, 24, 38, 24, 46, 24, 29, 24, 29, 24, 29, 24, 29, 24] ⟨6, ⋯⟩ - 22) +
        if ⟨10, ⋯⟩ = ⟨6, ⋯⟩ then 1 else 0

case «6».«11»
⊢ ((if ⟨11, ⋯⟩ = ⟨6, ⋯⟩ then 1 else 0) + if ⟨11, ⋯⟩ = ⟨15, ⋯⟩ then 1 else 0) <
      512 ^
        (![24, 24, 24, 24, 24, 24, 24, 24, 24, 38, 24, 38, 24, 46, 24, 29, 24, 29, 24, 29, 24, 29, 24] ⟨6, ⋯⟩ - 22) ∧
    (-if ⟨11, ⋯⟩ = ⟨15, ⋯⟩ then 1 else 0) <
      512 ^
          (![24, 24, 24, 24, 24, 24, 24, 24, 24, 38, 24, 38, 24, 46, 24, 29, 24, 29, 24, 29, 24, 29, 24] ⟨6, ⋯⟩ - 22) +
        if ⟨11, ⋯⟩ = ⟨6, ⋯⟩ then 1 else 0

case «6».«12»
⊢ ((if ⟨12, ⋯⟩ = ⟨6, ⋯⟩ then 1 else 0) + if ⟨12, ⋯⟩ = ⟨15, ⋯⟩ then 1 else 0) <
      512 ^
        (![24, 24, 24, 24, 24, 24, 24, 24, 24, 38, 24, 38, 24, 46, 24, 29, 24, 29, 24, 29, 24, 29, 24] ⟨6, ⋯⟩ - 22) ∧
    (-if ⟨12, ⋯⟩ = ⟨15, ⋯⟩ then 1 else 0) <
      512 ^
          (![24, 24, 24, 24, 24, 24, 24, 24, 24, 38, 24, 38, 24, 46, 24, 29, 24, 29, 24, 29, 24, 29, 24] ⟨6, ⋯⟩ - 22) +
        if ⟨12, ⋯⟩ = ⟨6, ⋯⟩ then 1 else 0

case «6».«13»
⊢ ((if ⟨13, ⋯⟩ = ⟨6, ⋯⟩ then 1 else 0) + if ⟨13, ⋯⟩ = ⟨15, ⋯⟩ then 1 else 0) <
      512 ^
        (![24, 24, 24, 24, 24, 24, 24, 24, 24, 38, 24, 38, 24, 46, 24, 29, 24, 29, 24, 29, 24, 29, 24] ⟨6, ⋯⟩ - 22) ∧
    (-if ⟨13, ⋯⟩ = ⟨15, ⋯⟩ then 1 else 0) <
      512 ^
          (![24, 24, 24, 24, 24, 24, 24, 24, 24, 38, 24, 38, 24, 46, 24, 29, 24, 29, 24, 29, 24, 29, 24] ⟨6, ⋯⟩ - 22) +
        if ⟨13, ⋯⟩ = ⟨6, ⋯⟩ then 1 else 0

case «6».«14»
⊢ ((if ⟨14, ⋯⟩ = ⟨6, ⋯⟩ then 1 else 0) + if ⟨14, ⋯⟩ = ⟨15, ⋯⟩ then 1 else 0) <
      512 ^
        (![24, 24, 24, 24, 24, 24, 24, 24, 24, 38, 24, 38, 24, 46, 24, 29, 24, 29, 24, 29, 24, 29, 24] ⟨6, ⋯⟩ - 22) ∧
    (-if ⟨14, ⋯⟩ = ⟨15, ⋯⟩ then 1 else 0) <
      512 ^
          (![24, 24, 24, 24, 24, 24, 24, 24, 24, 38, 24, 38, 24, 46, 24, 29, 24, 29, 24, 29, 24, 29, 24] ⟨6, ⋯⟩ - 22) +
        if ⟨14, ⋯⟩ = ⟨6, ⋯⟩ then 1 else 0

case «6».«15»
⊢ ((if ⟨15, ⋯⟩ = ⟨6, ⋯⟩ then 1 else 0) + if ⟨15, ⋯⟩ = ⟨15, ⋯⟩ then 1 else 0) <
      512 ^
        (![24, 24, 24, 24, 24, 24, 24, 24, 24, 38, 24, 38, 24, 46, 24, 29, 24, 29, 24, 29, 24, 29, 24] ⟨6, ⋯⟩ - 22) ∧
    (-if ⟨15, ⋯⟩ = ⟨15, ⋯⟩ then 1 else 0) <
      512 ^
          (![24, 24, 24, 24, 24, 24, 24, 24, 24, 38, 24, 38, 24, 46, 24, 29, 24, 29, 24, 29, 24, 29, 24] ⟨6, ⋯⟩ - 22) +
        if ⟨15, ⋯⟩ = ⟨6, ⋯⟩ then 1 else 0

case «6».«16»
⊢ ((if ⟨16, ⋯⟩ = ⟨6, ⋯⟩ then 1 else 0) + if ⟨16, ⋯⟩ = ⟨15, ⋯⟩ then 1 else 0) <
      512 ^
        (![24, 24, 24, 24, 24, 24, 24, 24, 24, 38, 24, 38, 24, 46, 24, 29, 24, 29, 24, 29, 24, 29, 24] ⟨6, ⋯⟩ - 22) ∧
    (-if ⟨16, ⋯⟩ = ⟨15, ⋯⟩ then 1 else 0) <
      512 ^
          (![24, 24, 24, 24, 24, 24, 24, 24, 24, 38, 24, 38, 24, 46, 24, 29, 24, 29, 24, 29, 24, 29, 24] ⟨6, ⋯⟩ - 22) +
        if ⟨16, ⋯⟩ = ⟨6, ⋯⟩ then 1 else 0

case «6».«17»
⊢ ((if ⟨17, ⋯⟩ = ⟨6, ⋯⟩ then 1 else 0) + if ⟨17, ⋯⟩ = ⟨15, ⋯⟩ then 1 else 0) <
      512 ^
        (![24, 24, 24, 24, 24, 24, 24, 24, 24, 38, 24, 38, 24, 46, 24, 29, 24, 29, 24, 29, 24, 29, 24] ⟨6, ⋯⟩ - 22) ∧
    (-if ⟨17, ⋯⟩ = ⟨15, ⋯⟩ then 1 else 0) <
      512 ^
          (![24, 24, 24, 24, 24, 24, 24, 24, 24, 38, 24, 38, 24, 46, 24, 29, 24, 29, 24, 29, 24, 29, 24] ⟨6, ⋯⟩ - 22) +
        if ⟨17, ⋯⟩ = ⟨6, ⋯⟩ then 1 else 0

case «6».«18»
⊢ ((if ⟨18, ⋯⟩ = ⟨6, ⋯⟩ then 1 else 0) + if ⟨18, ⋯⟩ = ⟨15, ⋯⟩ then 1 else 0) <
      512 ^
        (![24, 24, 24, 24, 24, 24, 24, 24, 24, 38, 24, 38, 24, 46, 24, 29, 24, 29, 24, 29, 24, 29, 24] ⟨6, ⋯⟩ - 22) ∧
    (-if ⟨18, ⋯⟩ = ⟨15, ⋯⟩ then 1 else 0) <
      512 ^
          (![24, 24, 24, 24, 24, 24, 24, 24, 24, 38, 24, 38, 24, 46, 24, 29, 24, 29, 24, 29, 24, 29, 24] ⟨6, ⋯⟩ - 22) +
        if ⟨18, ⋯⟩ = ⟨6, ⋯⟩ then 1 else 0

case «6».«19»
⊢ ((if ⟨19, ⋯⟩ = ⟨6, ⋯⟩ then 1 else 0) + if ⟨19, ⋯⟩ = ⟨15, ⋯⟩ then 1 else 0) <
      512 ^
        (![24, 24, 24, 24, 24, 24, 24, 24, 24, 38, 24, 38, 24, 46, 24, 29, 24, 29, 24, 29, 24, 29, 24] ⟨6, ⋯⟩ - 22) ∧
    (-if ⟨19, ⋯⟩ = ⟨15, ⋯⟩ then 1 else 0) <
      512 ^
          (![24, 24, 24, 24, 24, 24, 24, 24, 24, 38, 24, 38, 24, 46, 24, 29, 24, 29, 24, 29, 24, 29, 24] ⟨6, ⋯⟩ - 22) +
        if ⟨19, ⋯⟩ = ⟨6, ⋯⟩ then 1 else 0

case «6».«20»
⊢ ((if ⟨20, ⋯⟩ = ⟨6, ⋯⟩ then 1 else 0) + if ⟨20, ⋯⟩ = ⟨15, ⋯⟩ then 1 else 0) <
      512 ^
        (![24, 24, 24, 24, 24, 24, 24, 24, 24, 38, 24, 38, 24, 46, 24, 29, 24, 29, 24, 29, 24, 29, 24] ⟨6, ⋯⟩ - 22) ∧
    (-if ⟨20, ⋯⟩ = ⟨15, ⋯⟩ then 1 else 0) <
      512 ^
          (![24, 24, 24, 24, 24, 24, 24, 24, 24, 38, 24, 38, 24, 46, 24, 29, 24, 29, 24, 29, 24, 29, 24] ⟨6, ⋯⟩ - 22) +
        if ⟨20, ⋯⟩ = ⟨6, ⋯⟩ then 1 else 0

case «6».«21»
⊢ ((if ⟨21, ⋯⟩ = ⟨6, ⋯⟩ then 1 else 0) + if ⟨21, ⋯⟩ = ⟨15, ⋯⟩ then 1 else 0) <
      512 ^
        (![24, 24, 24, 24, 24, 24, 24, 24, 24, 38, 24, 38, 24, 46, 24, 29, 24, 29, 24, 29, 24, 29, 24] ⟨6, ⋯⟩ - 22) ∧
    (-if ⟨21, ⋯⟩ = ⟨15, ⋯⟩ then 1 else 0) <
      512 ^
          (![24, 24, 24, 24, 24, 24, 24, 24, 24, 38, 24, 38, 24, 46, 24, 29, 24, 29, 24, 29, 24, 29, 24] ⟨6, ⋯⟩ - 22) +
        if ⟨21, ⋯⟩ = ⟨6, ⋯⟩ then 1 else 0

case «6».«22»
⊢ ((if ⟨22, ⋯⟩ = ⟨6, ⋯⟩ then 1 else 0) + if ⟨22, ⋯⟩ = ⟨15, ⋯⟩ then 1 else 0) <
      512 ^
        (![24, 24, 24, 24, 24, 24, 24, 24, 24, 38, 24, 38, 24, 46, 24, 29, 24, 29, 24, 29, 24, 29, 24] ⟨6, ⋯⟩ - 22) ∧
    (-if ⟨22, ⋯⟩ = ⟨15, ⋯⟩ then 1 else 0) <
      512 ^
          (![24, 24, 24, 24, 24, 24, 24, 24, 24, 38, 24, 38, 24, 46, 24, 29, 24, 29, 24, 29, 24, 29, 24] ⟨6, ⋯⟩ - 22) +
        if ⟨22, ⋯⟩ = ⟨6, ⋯⟩ then 1 else 0

case «6».«23»
⊢ ((if ⟨23, ⋯⟩ = ⟨6, ⋯⟩ then 1 else 0) + if ⟨23, ⋯⟩ = ⟨15, ⋯⟩ then 1 else 0) <
      512 ^
        (![24, 24, 24, 24, 24, 24, 24, 24, 24, 38, 24, 38, 24, 46, 24, 29, 24, 29, 24, 29, 24, 29, 24] ⟨6, ⋯⟩ - 22) ∧
    (-if ⟨23, ⋯⟩ = ⟨15, ⋯⟩ then 1 else 0) <
      512 ^
          (![24, 24, 24, 24, 24, 24, 24, 24, 24, 38, 24, 38, 24, 46, 24, 29, 24, 29, 24, 29, 24, 29, 24] ⟨6, ⋯⟩ - 22) +
        if ⟨23, ⋯⟩ = ⟨6, ⋯⟩ then 1 else 0

case «6».«24»
⊢ ((if ⟨24, ⋯⟩ = ⟨6, ⋯⟩ then 1 else 0) + if ⟨24, ⋯⟩ = ⟨15, ⋯⟩ then 1 else 0) <
      512 ^
        (![24, 24, 24, 24, 24, 24, 24, 24, 24, 38, 24, 38, 24, 46, 24, 29, 24, 29, 24, 29, 24, 29, 24] ⟨6, ⋯⟩ - 22) ∧
    (-if ⟨24, ⋯⟩ = ⟨15, ⋯⟩ then 1 else 0) <
      512 ^
          (![24, 24, 24, 24, 24, 24, 24, 24, 24, 38, 24, 38, 24, 46, 24, 29, 24, 29, 24, 29, 24, 29, 24] ⟨6, ⋯⟩ - 22) +
        if ⟨24, ⋯⟩ = ⟨6, ⋯⟩ then 1 else 0

case «6».«25»
⊢ ((if ⟨25, ⋯⟩ = ⟨6, ⋯⟩ then 1 else 0) + if ⟨25, ⋯⟩ = ⟨15, ⋯⟩ then 1 else 0) <
      512 ^
        (![24, 24, 24, 24, 24, 24, 24, 24, 24, 38, 24, 38, 24, 46, 24, 29, 24, 29, 24, 29, 24, 29, 24] ⟨6, ⋯⟩ - 22) ∧
    (-if ⟨25, ⋯⟩ = ⟨15, ⋯⟩ then 1 else 0) <
      512 ^
          (![24, 24, 24, 24, 24, 24, 24, 24, 24, 38, 24, 38, 24, 46, 24, 29, 24, 29, 24, 29, 24, 29, 24] ⟨6, ⋯⟩ - 22) +
        if ⟨25, ⋯⟩ = ⟨6, ⋯⟩ then 1 else 0

case «6».«26»
⊢ ((if ⟨26, ⋯⟩ = ⟨6, ⋯⟩ then 1 else 0) + if ⟨26, ⋯⟩ = ⟨15, ⋯⟩ then 1 else 0) <
      512 ^
        (![24, 24, 24, 24, 24, 24, 24, 24, 24, 38, 24, 38, 24, 46, 24, 29, 24, 29, 24, 29, 24, 29, 24] ⟨6, ⋯⟩ - 22) ∧
    (-if ⟨26, ⋯⟩ = ⟨15, ⋯⟩ then 1 else 0) <
      512 ^
          (![24, 24, 24, 24, 24, 24, 24, 24, 24, 38, 24, 38, 24, 46, 24, 29, 24, 29, 24, 29, 24, 29, 24] ⟨6, ⋯⟩ - 22) +
        if ⟨26, ⋯⟩ = ⟨6, ⋯⟩ then 1 else 0

case «6».«27»
⊢ ((if ⟨27, ⋯⟩ = ⟨6, ⋯⟩ then 1 else 0) + if ⟨27, ⋯⟩ = ⟨15, ⋯⟩ then 1 else 0) <
      512 ^
        (![24, 24, 24, 24, 24, 24, 24, 24, 24, 38, 24, 38, 24, 46, 24, 29, 24, 29, 24, 29, 24, 29, 24] ⟨6, ⋯⟩ - 22) ∧
    (-if ⟨27, ⋯⟩ = ⟨15, ⋯⟩ then 1 else 0) <
      512 ^
          (![24, 24, 24, 24, 24, 24, 24, 24, 24, 38, 24, 38, 24, 46, 24, 29, 24, 29, 24, 29, 24, 29, 24] ⟨6, ⋯⟩ - 22) +
        if ⟨27, ⋯⟩ = ⟨6, ⋯⟩ then 1 else 0

case «6».«28»
⊢ ((if ⟨28, ⋯⟩ = ⟨6, ⋯⟩ then 1 else 0) + if ⟨28, ⋯⟩ = ⟨15, ⋯⟩ then 1 else 0) <
      512 ^
        (![24, 24, 24, 24, 24, 24, 24, 24, 24, 38, 24, 38, 24, 46, 24, 29, 24, 29, 24, 29, 24, 29, 24] ⟨6, ⋯⟩ - 22) ∧
    (-if ⟨28, ⋯⟩ = ⟨15, ⋯⟩ then 1 else 0) <
      512 ^
          (![24, 24, 24, 24, 24, 24, 24, 24, 24, 38, 24, 38, 24, 46, 24, 29, 24, 29, 24, 29, 24, 29, 24] ⟨6, ⋯⟩ - 22) +
        if ⟨28, ⋯⟩ = ⟨6, ⋯⟩ then 1 else 0

case «6».«29»
⊢ ((if ⟨29, ⋯⟩ = ⟨6, ⋯⟩ then 1 else 0) + if ⟨29, ⋯⟩ = ⟨15, ⋯⟩ then 1 else 0) <
      512 ^
        (![24, 24, 24, 24, 24, 24, 24, 24, 24, 38, 24, 38, 24, 46, 24, 29, 24, 29, 24, 29, 24, 29, 24] ⟨6, ⋯⟩ - 22) ∧
    (-if ⟨29, ⋯⟩ = ⟨15, ⋯⟩ then 1 else 0) <
      512 ^
          (![24, 24, 24, 24, 24, 24, 24, 24, 24, 38, 24, 38, 24, 46, 24, 29, 24, 29, 24, 29, 24, 29, 24] ⟨6, ⋯⟩ - 22) +
        if ⟨29, ⋯⟩ = ⟨6, ⋯⟩ then 1 else 0

case «6».«30»
⊢ ((if ⟨30, ⋯⟩ = ⟨6, ⋯⟩ then 1 else 0) + if ⟨30, ⋯⟩ = ⟨15, ⋯⟩ then 1 else 0) <
      512 ^
        (![24, 24, 24, 24, 24, 24, 24, 24, 24, 38, 24, 38, 24, 46, 24, 29, 24, 29, 24, 29, 24, 29, 24] ⟨6, ⋯⟩ - 22) ∧
    (-if ⟨30, ⋯⟩ = ⟨15, ⋯⟩ then 1 else 0) <
      512 ^
          (![24, 24, 24, 24, 24, 24, 24, 24, 24, 38, 24, 38, 24, 46, 24, 29, 24, 29, 24, 29, 24, 29, 24] ⟨6, ⋯⟩ - 22) +
        if ⟨30, ⋯⟩ = ⟨6, ⋯⟩ then 1 else 0

case «6».«31»
⊢ ((if ⟨31, ⋯⟩ = ⟨6, ⋯⟩ then 1 else 0) + if ⟨31, ⋯⟩ = ⟨15, ⋯⟩ then 1 else 0) <
      512 ^
        (![24, 24, 24, 24, 24, 24, 24, 24, 24, 38, 24, 38, 24, 46, 24, 29, 24, 29, 24, 29, 24, 29, 24] ⟨6, ⋯⟩ - 22) ∧
    (-if ⟨31, ⋯⟩ = ⟨15, ⋯⟩ then 1 else 0) <
      512 ^
          (![24, 24, 24, 24, 24, 24, 24, 24, 24, 38, 24, 38, 24, 46, 24, 29, 24, 29, 24, 29, 24, 29, 24] ⟨6, ⋯⟩ - 22) +
        if ⟨31, ⋯⟩ = ⟨6, ⋯⟩ then 1 else 0

case «6».«32»
⊢ ((if ⟨32, ⋯⟩ = ⟨6, ⋯⟩ then 1 else 0) + if ⟨32, ⋯⟩ = ⟨15, ⋯⟩ then 1 else 0) <
      512 ^
        (![24, 24, 24, 24, 24, 24, 24, 24, 24, 38, 24, 38, 24, 46, 24, 29, 24, 29, 24, 29, 24, 29, 24] ⟨6, ⋯⟩ - 22) ∧
    (-if ⟨32, ⋯⟩ = ⟨15, ⋯⟩ then 1 else 0) <
      512 ^
          (![24, 24, 24, 24, 24, 24, 24, 24, 24, 38, 24, 38, 24, 46, 24, 29, 24, 29, 24, 29, 24, 29, 24] ⟨6, ⋯⟩ - 22) +
        if ⟨32, ⋯⟩ = ⟨6, ⋯⟩ then 1 else 0

case «6».«33»
⊢ ((if ⟨33, ⋯⟩ = ⟨6, ⋯⟩ then 1 else 0) + if ⟨33, ⋯⟩ = ⟨15, ⋯⟩ then 1 else 0) <
      512 ^
        (![24, 24, 24, 24, 24, 24, 24, 24, 24, 38, 24, 38, 24, 46, 24, 29, 24, 29, 24, 29, 24, 29, 24] ⟨6, ⋯⟩ - 22) ∧
    (-if ⟨33, ⋯⟩ = ⟨15, ⋯⟩ then 1 else 0) <
      512 ^
          (![24, 24, 24, 24, 24, 24, 24, 24, 24, 38, 24, 38, 24, 46, 24, 29, 24, 29, 24, 29, 24, 29, 24] ⟨6, ⋯⟩ - 22) +
        if ⟨33, ⋯⟩ = ⟨6, ⋯⟩ then 1 else 0

case «6».«34»
⊢ ((if ⟨34, ⋯⟩ = ⟨6, ⋯⟩ then 1 else 0) + if ⟨34, ⋯⟩ = ⟨15, ⋯⟩ then 1 else 0) <
      512 ^
        (![24, 24, 24, 24, 24, 24, 24, 24, 24, 38, 24, 38, 24, 46, 24, 29, 24, 29, 24, 29, 24, 29, 24] ⟨6, ⋯⟩ - 22) ∧
    (-if ⟨34, ⋯⟩ = ⟨15, ⋯⟩ then 1 else 0) <
      512 ^
          (![24, 24, 24, 24, 24, 24, 24, 24, 24, 38, 24, 38, 24, 46, 24, 29, 24, 29, 24, 29, 24, 29, 24] ⟨6, ⋯⟩ - 22) +
        if ⟨34, ⋯⟩ = ⟨6, ⋯⟩ then 1 else 0

case «6».«35»
⊢ ((if ⟨35, ⋯⟩ = ⟨6, ⋯⟩ then 1 else 0) + if ⟨35, ⋯⟩ = ⟨15, ⋯⟩ then 1 else 0) <
      512 ^
        (![24, 24, 24, 24, 24, 24, 24, 24, 24, 38, 24, 38, 24, 46, 24, 29, 24, 29, 24, 29, 24, 29, 24] ⟨6, ⋯⟩ - 22) ∧
    (-if ⟨35, ⋯⟩ = ⟨15, ⋯⟩ then 1 else 0) <
      512 ^
          (![24, 24, 24, 24, 24, 24, 24, 24, 24, 38, 24, 38, 24, 46, 24, 29, 24, 29, 24, 29, 24, 29, 24] ⟨6, ⋯⟩ - 22) +
        if ⟨35, ⋯⟩ = ⟨6, ⋯⟩ then 1 else 0

case «6».«36»
⊢ ((if ⟨36, ⋯⟩ = ⟨6, ⋯⟩ then 1 else 0) + if ⟨36, ⋯⟩ = ⟨15, ⋯⟩ then 1 else 0) <
      512 ^
        (![24, 24, 24, 24, 24, 24, 24, 24, 24, 38, 24, 38, 24, 46, 24, 29, 24, 29, 24, 29, 24, 29, 24] ⟨6, ⋯⟩ - 22) ∧
    (-if ⟨36, ⋯⟩ = ⟨15, ⋯⟩ then 1 else 0) <
      512 ^
          (![24, 24, 24, 24, 24, 24, 24, 24, 24, 38, 24, 38, 24, 46, 24, 29, 24, 29, 24, 29, 24, 29, 24] ⟨6, ⋯⟩ - 22) +
        if ⟨36, ⋯⟩ = ⟨6, ⋯⟩ then 1 else 0

case «6».«37»
⊢ ((if ⟨37, ⋯⟩ = ⟨6, ⋯⟩ then 1 else 0) + if ⟨37, ⋯⟩ = ⟨15, ⋯⟩ then 1 else 0) <
      512 ^
        (![24, 24, 24, 24, 24, 24, 24, 24, 24, 38, 24, 38, 24, 46, 24, 29, 24, 29, 24, 29, 24, 29, 24] ⟨6, ⋯⟩ - 22) ∧
    (-if ⟨37, ⋯⟩ = ⟨15, ⋯⟩ then 1 else 0) <
      512 ^
          (![24, 24, 24, 24, 24, 24, 24, 24, 24, 38, 24, 38, 24, 46, 24, 29, 24, 29, 24, 29, 24, 29, 24] ⟨6, ⋯⟩ - 22) +
        if ⟨37, ⋯⟩ = ⟨6, ⋯⟩ then 1 else 0

case «6».«38»
⊢ ((if ⟨38, ⋯⟩ = ⟨6, ⋯⟩ then 1 else 0) + if ⟨38, ⋯⟩ = ⟨15, ⋯⟩ then 1 else 0) <
      512 ^
        (![24, 24, 24, 24, 24, 24, 24, 24, 24, 38, 24, 38, 24, 46, 24, 29, 24, 29, 24, 29, 24, 29, 24] ⟨6, ⋯⟩ - 22) ∧
    (-if ⟨38, ⋯⟩ = ⟨15, ⋯⟩ then 1 else 0) <
      512 ^
          (![24, 24, 24, 24, 24, 24, 24, 24, 24, 38, 24, 38, 24, 46, 24, 29, 24, 29, 24, 29, 24, 29, 24] ⟨6, ⋯⟩ - 22) +
        if ⟨38, ⋯⟩ = ⟨6, ⋯⟩ then 1 else 0

case «7».«0»
⊢ ((if ⟨0, ⋯⟩ = ⟨7, ⋯⟩ then 1 else 0) + if ⟨0, ⋯⟩ = ⟨16, ⋯⟩ then 1 else 0) <
      512 ^
        (![24, 24, 24, 24, 24, 24, 24, 24, 24, 38, 24, 38, 24, 46, 24, 29, 24, 29, 24, 29, 24, 29, 24] ⟨7, ⋯⟩ - 22) ∧
    (-if ⟨0, ⋯⟩ = ⟨16, ⋯⟩ then 1 else 0) <
      512 ^
          (![24, 24, 24, 24, 24, 24, 24, 24, 24, 38, 24, 38, 24, 46, 24, 29, 24, 29, 24, 29, 24, 29, 24] ⟨7, ⋯⟩ - 22) +
        if ⟨0, ⋯⟩ = ⟨7, ⋯⟩ then 1 else 0

case «7».«1»
⊢ ((if ⟨1, ⋯⟩ = ⟨7, ⋯⟩ then 1 else 0) + if ⟨1, ⋯⟩ = ⟨16, ⋯⟩ then 1 else 0) <
      512 ^
        (![24, 24, 24, 24, 24, 24, 24, 24, 24, 38, 24, 38, 24, 46, 24, 29, 24, 29, 24, 29, 24, 29, 24] ⟨7, ⋯⟩ - 22) ∧
    (-if ⟨1, ⋯⟩ = ⟨16, ⋯⟩ then 1 else 0) <
      512 ^
          (![24, 24, 24, 24, 24, 24, 24, 24, 24, 38, 24, 38, 24, 46, 24, 29, 24, 29, 24, 29, 24, 29, 24] ⟨7, ⋯⟩ - 22) +
        if ⟨1, ⋯⟩ = ⟨7, ⋯⟩ then 1 else 0

case «7».«2»
⊢ ((if ⟨2, ⋯⟩ = ⟨7, ⋯⟩ then 1 else 0) + if ⟨2, ⋯⟩ = ⟨16, ⋯⟩ then 1 else 0) <
      512 ^
        (![24, 24, 24, 24, 24, 24, 24, 24, 24, 38, 24, 38, 24, 46, 24, 29, 24, 29, 24, 29, 24, 29, 24] ⟨7, ⋯⟩ - 22) ∧
    (-if ⟨2, ⋯⟩ = ⟨16, ⋯⟩ then 1 else 0) <
      512 ^
          (![24, 24, 24, 24, 24, 24, 24, 24, 24, 38, 24, 38, 24, 46, 24, 29, 24, 29, 24, 29, 24, 29, 24] ⟨7, ⋯⟩ - 22) +
        if ⟨2, ⋯⟩ = ⟨7, ⋯⟩ then 1 else 0

case «7».«3»
⊢ ((if ⟨3, ⋯⟩ = ⟨7, ⋯⟩ then 1 else 0) + if ⟨3, ⋯⟩ = ⟨16, ⋯⟩ then 1 else 0) <
      512 ^
        (![24, 24, 24, 24, 24, 24, 24, 24, 24, 38, 24, 38, 24, 46, 24, 29, 24, 29, 24, 29, 24, 29, 24] ⟨7, ⋯⟩ - 22) ∧
    (-if ⟨3, ⋯⟩ = ⟨16, ⋯⟩ then 1 else 0) <
      512 ^
          (![24, 24, 24, 24, 24, 24, 24, 24, 24, 38, 24, 38, 24, 46, 24, 29, 24, 29, 24, 29, 24, 29, 24] ⟨7, ⋯⟩ - 22) +
        if ⟨3, ⋯⟩ = ⟨7, ⋯⟩ then 1 else 0

case «7».«4»
⊢ ((if ⟨4, ⋯⟩ = ⟨7, ⋯⟩ then 1 else 0) + if ⟨4, ⋯⟩ = ⟨16, ⋯⟩ then 1 else 0) <
      512 ^
        (![24, 24, 24, 24, 24, 24, 24, 24, 24, 38, 24, 38, 24, 46, 24, 29, 24, 29, 24, 29, 24, 29, 24] ⟨7, ⋯⟩ - 22) ∧
    (-if ⟨4, ⋯⟩ = ⟨16, ⋯⟩ then 1 else 0) <
      512 ^
          (![24, 24, 24, 24, 24, 24, 24, 24, 24, 38, 24, 38, 24, 46, 24, 29, 24, 29, 24, 29, 24, 29, 24] ⟨7, ⋯⟩ - 22) +
        if ⟨4, ⋯⟩ = ⟨7, ⋯⟩ then 1 else 0

case «7».«5»
⊢ ((if ⟨5, ⋯⟩ = ⟨7, ⋯⟩ then 1 else 0) + if ⟨5, ⋯⟩ = ⟨16, ⋯⟩ then 1 else 0) <
      512 ^
        (![24, 24, 24, 24, 24, 24, 24, 24, 24, 38, 24, 38, 24, 46, 24, 29, 24, 29, 24, 29, 24, 29, 24] ⟨7, ⋯⟩ - 22) ∧
    (-if ⟨5, ⋯⟩ = ⟨16, ⋯⟩ then 1 else 0) <
      512 ^
          (![24, 24, 24, 24, 24, 24, 24, 24, 24, 38, 24, 38, 24, 46, 24, 29, 24, 29, 24, 29, 24, 29, 24] ⟨7, ⋯⟩ - 22) +
        if ⟨5, ⋯⟩ = ⟨7, ⋯⟩ then 1 else 0

case «7».«6»
⊢ ((if ⟨6, ⋯⟩ = ⟨7, ⋯⟩ then 1 else 0) + if ⟨6, ⋯⟩ = ⟨16, ⋯⟩ then 1 else 0) <
      512 ^
        (![24, 24, 24, 24, 24, 24, 24, 24, 24, 38, 24, 38, 24, 46, 24, 29, 24, 29, 24, 29, 24, 29, 24] ⟨7, ⋯⟩ - 22) ∧
    (-if ⟨6, ⋯⟩ = ⟨16, ⋯⟩ then 1 else 0) <
      512 ^
          (![24, 24, 24, 24, 24, 24, 24, 24, 24, 38, 24, 38, 24, 46, 24, 29, 24, 29, 24, 29, 24, 29, 24] ⟨7, ⋯⟩ - 22) +
        if ⟨6, ⋯⟩ = ⟨7, ⋯⟩ then 1 else 0

case «7».«7»
⊢ ((if ⟨7, ⋯⟩ = ⟨7, ⋯⟩ then 1 else 0) + if ⟨7, ⋯⟩ = ⟨16, ⋯⟩ then 1 else 0) <
      512 ^
        (![24, 24, 24, 24, 24, 24, 24, 24, 24, 38, 24, 38, 24, 46, 24, 29, 24, 29, 24, 29, 24, 29, 24] ⟨7, ⋯⟩ - 22) ∧
    (-if ⟨7, ⋯⟩ = ⟨16, ⋯⟩ then 1 else 0) <
      512 ^
          (![24, 24, 24, 24, 24, 24, 24, 24, 24, 38, 24, 38, 24, 46, 24, 29, 24, 29, 24, 29, 24, 29, 24] ⟨7, ⋯⟩ - 22) +
        if ⟨7, ⋯⟩ = ⟨7, ⋯⟩ then 1 else 0

case «7».«8»
⊢ ((if ⟨8, ⋯⟩ = ⟨7, ⋯⟩ then 1 else 0) + if ⟨8, ⋯⟩ = ⟨16, ⋯⟩ then 1 else 0) <
      512 ^
        (![24, 24, 24, 24, 24, 24, 24, 24, 24, 38, 24, 38, 24, 46, 24, 29, 24, 29, 24, 29, 24, 29, 24] ⟨7, ⋯⟩ - 22) ∧
    (-if ⟨8, ⋯⟩ = ⟨16, ⋯⟩ then 1 else 0) <
      512 ^
          (![24, 24, 24, 24, 24, 24, 24, 24, 24, 38, 24, 38, 24, 46, 24, 29, 24, 29, 24, 29, 24, 29, 24] ⟨7, ⋯⟩ - 22) +
        if ⟨8, ⋯⟩ = ⟨7, ⋯⟩ then 1 else 0

case «7».«9»
⊢ ((if ⟨9, ⋯⟩ = ⟨7, ⋯⟩ then 1 else 0) + if ⟨9, ⋯⟩ = ⟨16, ⋯⟩ then 1 else 0) <
      512 ^
        (![24, 24, 24, 24, 24, 24, 24, 24, 24, 38, 24, 38, 24, 46, 24, 29, 24, 29, 24, 29, 24, 29, 24] ⟨7, ⋯⟩ - 22) ∧
    (-if ⟨9, ⋯⟩ = ⟨16, ⋯⟩ then 1 else 0) <
      512 ^
          (![24, 24, 24, 24, 24, 24, 24, 24, 24, 38, 24, 38, 24, 46, 24, 29, 24, 29, 24, 29, 24, 29, 24] ⟨7, ⋯⟩ - 22) +
        if ⟨9, ⋯⟩ = ⟨7, ⋯⟩ then 1 else 0

case «7».«10»
⊢ ((if ⟨10, ⋯⟩ = ⟨7, ⋯⟩ then 1 else 0) + if ⟨10, ⋯⟩ = ⟨16, ⋯⟩ then 1 else 0) <
      512 ^
        (![24, 24, 24, 24, 24, 24, 24, 24, 24, 38, 24, 38, 24, 46, 24, 29, 24, 29, 24, 29, 24, 29, 24] ⟨7, ⋯⟩ - 22) ∧
    (-if ⟨10, ⋯⟩ = ⟨16, ⋯⟩ then 1 else 0) <
      512 ^
          (![24, 24, 24, 24, 24, 24, 24, 24, 24, 38, 24, 38, 24, 46, 24, 29, 24, 29, 24, 29, 24, 29, 24] ⟨7, ⋯⟩ - 22) +
        if ⟨10, ⋯⟩ = ⟨7, ⋯⟩ then 1 else 0

case «7».«11»
⊢ ((if ⟨11, ⋯⟩ = ⟨7, ⋯⟩ then 1 else 0) + if ⟨11, ⋯⟩ = ⟨16, ⋯⟩ then 1 else 0) <
      512 ^
        (![24, 24, 24, 24, 24, 24, 24, 24, 24, 38, 24, 38, 24, 46, 24, 29, 24, 29, 24, 29, 24, 29, 24] ⟨7, ⋯⟩ - 22) ∧
    (-if ⟨11, ⋯⟩ = ⟨16, ⋯⟩ then 1 else 0) <
      512 ^
          (![24, 24, 24, 24, 24, 24, 24, 24, 24, 38, 24, 38, 24, 46, 24, 29, 24, 29, 24, 29, 24, 29, 24] ⟨7, ⋯⟩ - 22) +
        if ⟨11, ⋯⟩ = ⟨7, ⋯⟩ then 1 else 0

case «7».«12»
⊢ ((if ⟨12, ⋯⟩ = ⟨7, ⋯⟩ then 1 else 0) + if ⟨12, ⋯⟩ = ⟨16, ⋯⟩ then 1 else 0) <
      512 ^
        (![24, 24, 24, 24, 24, 24, 24, 24, 24, 38, 24, 38, 24, 46, 24, 29, 24, 29, 24, 29, 24, 29, 24] ⟨7, ⋯⟩ - 22) ∧
    (-if ⟨12, ⋯⟩ = ⟨16, ⋯⟩ then 1 else 0) <
      512 ^
          (![24, 24, 24, 24, 24, 24, 24, 24, 24, 38, 24, 38, 24, 46, 24, 29, 24, 29, 24, 29, 24, 29, 24] ⟨7, ⋯⟩ - 22) +
        if ⟨12, ⋯⟩ = ⟨7, ⋯⟩ then 1 else 0

case «7».«13»
⊢ ((if ⟨13, ⋯⟩ = ⟨7, ⋯⟩ then 1 else 0) + if ⟨13, ⋯⟩ = ⟨16, ⋯⟩ then 1 else 0) <
      512 ^
        (![24, 24, 24, 24, 24, 24, 24, 24, 24, 38, 24, 38, 24, 46, 24, 29, 24, 29, 24, 29, 24, 29, 24] ⟨7, ⋯⟩ - 22) ∧
    (-if ⟨13, ⋯⟩ = ⟨16, ⋯⟩ then 1 else 0) <
      512 ^
          (![24, 24, 24, 24, 24, 24, 24, 24, 24, 38, 24, 38, 24, 46, 24, 29, 24, 29, 24, 29, 24, 29, 24] ⟨7, ⋯⟩ - 22) +
        if ⟨13, ⋯⟩ = ⟨7, ⋯⟩ then 1 else 0

case «7».«14»
⊢ ((if ⟨14, ⋯⟩ = ⟨7, ⋯⟩ then 1 else 0) + if ⟨14, ⋯⟩ = ⟨16, ⋯⟩ then 1 else 0) <
      512 ^
        (![24, 24, 24, 24, 24, 24, 24, 24, 24, 38, 24, 38, 24, 46, 24, 29, 24, 29, 24, 29, 24, 29, 24] ⟨7, ⋯⟩ - 22) ∧
    (-if ⟨14, ⋯⟩ = ⟨16, ⋯⟩ then 1 else 0) <
      512 ^
          (![24, 24, 24, 24, 24, 24, 24, 24, 24, 38, 24, 38, 24, 46, 24, 29, 24, 29, 24, 29, 24, 29, 24] ⟨7, ⋯⟩ - 22) +
        if ⟨14, ⋯⟩ = ⟨7, ⋯⟩ then 1 else 0

case «7».«15»
⊢ ((if ⟨15, ⋯⟩ = ⟨7, ⋯⟩ then 1 else 0) + if ⟨15, ⋯⟩ = ⟨16, ⋯⟩ then 1 else 0) <
      512 ^
        (![24, 24, 24, 24, 24, 24, 24, 24, 24, 38, 24, 38, 24, 46, 24, 29, 24, 29, 24, 29, 24, 29, 24] ⟨7, ⋯⟩ - 22) ∧
    (-if ⟨15, ⋯⟩ = ⟨16, ⋯⟩ then 1 else 0) <
      512 ^
          (![24, 24, 24, 24, 24, 24, 24, 24, 24, 38, 24, 38, 24, 46, 24, 29, 24, 29, 24, 29, 24, 29, 24] ⟨7, ⋯⟩ - 22) +
        if ⟨15, ⋯⟩ = ⟨7, ⋯⟩ then 1 else 0

case «7».«16»
⊢ ((if ⟨16, ⋯⟩ = ⟨7, ⋯⟩ then 1 else 0) + if ⟨16, ⋯⟩ = ⟨16, ⋯⟩ then 1 else 0) <
      512 ^
        (![24, 24, 24, 24, 24, 24, 24, 24, 24, 38, 24, 38, 24, 46, 24, 29, 24, 29, 24, 29, 24, 29, 24] ⟨7, ⋯⟩ - 22) ∧
    (-if ⟨16, ⋯⟩ = ⟨16, ⋯⟩ then 1 else 0) <
      512 ^
          (![24, 24, 24, 24, 24, 24, 24, 24, 24, 38, 24, 38, 24, 46, 24, 29, 24, 29, 24, 29, 24, 29, 24] ⟨7, ⋯⟩ - 22) +
        if ⟨16, ⋯⟩ = ⟨7, ⋯⟩ then 1 else 0

case «7».«17»
⊢ ((if ⟨17, ⋯⟩ = ⟨7, ⋯⟩ then 1 else 0) + if ⟨17, ⋯⟩ = ⟨16, ⋯⟩ then 1 else 0) <
      512 ^
        (![24, 24, 24, 24, 24, 24, 24, 24, 24, 38, 24, 38, 24, 46, 24, 29, 24, 29, 24, 29, 24, 29, 24] ⟨7, ⋯⟩ - 22) ∧
    (-if ⟨17, ⋯⟩ = ⟨16, ⋯⟩ then 1 else 0) <
      512 ^
          (![24, 24, 24, 24, 24, 24, 24, 24, 24, 38, 24, 38, 24, 46, 24, 29, 24, 29, 24, 29, 24, 29, 24] ⟨7, ⋯⟩ - 22) +
        if ⟨17, ⋯⟩ = ⟨7, ⋯⟩ then 1 else 0

case «7».«18»
⊢ ((if ⟨18, ⋯⟩ = ⟨7, ⋯⟩ then 1 else 0) + if ⟨18, ⋯⟩ = ⟨16, ⋯⟩ then 1 else 0) <
      512 ^
        (![24, 24, 24, 24, 24, 24, 24, 24, 24, 38, 24, 38, 24, 46, 24, 29, 24, 29, 24, 29, 24, 29, 24] ⟨7, ⋯⟩ - 22) ∧
    (-if ⟨18, ⋯⟩ = ⟨16, ⋯⟩ then 1 else 0) <
      512 ^
          (![24, 24, 24, 24, 24, 24, 24, 24, 24, 38, 24, 38, 24, 46, 24, 29, 24, 29, 24, 29, 24, 29, 24] ⟨7, ⋯⟩ - 22) +
        if ⟨18, ⋯⟩ = ⟨7, ⋯⟩ then 1 else 0

case «7».«19»
⊢ ((if ⟨19, ⋯⟩ = ⟨7, ⋯⟩ then 1 else 0) + if ⟨19, ⋯⟩ = ⟨16, ⋯⟩ then 1 else 0) <
      512 ^
        (![24, 24, 24, 24, 24, 24, 24, 24, 24, 38, 24, 38, 24, 46, 24, 29, 24, 29, 24, 29, 24, 29, 24] ⟨7, ⋯⟩ - 22) ∧
    (-if ⟨19, ⋯⟩ = ⟨16, ⋯⟩ then 1 else 0) <
      512 ^
          (![24, 24, 24, 24, 24, 24, 24, 24, 24, 38, 24, 38, 24, 46, 24, 29, 24, 29, 24, 29, 24, 29, 24] ⟨7, ⋯⟩ - 22) +
        if ⟨19, ⋯⟩ = ⟨7, ⋯⟩ then 1 else 0

case «7».«20»
⊢ ((if ⟨20, ⋯⟩ = ⟨7, ⋯⟩ then 1 else 0) + if ⟨20, ⋯⟩ = ⟨16, ⋯⟩ then 1 else 0) <
      512 ^
        (![24, 24, 24, 24, 24, 24, 24, 24, 24, 38, 24, 38, 24, 46, 24, 29, 24, 29, 24, 29, 24, 29, 24] ⟨7, ⋯⟩ - 22) ∧
    (-if ⟨20, ⋯⟩ = ⟨16, ⋯⟩ then 1 else 0) <
      512 ^
          (![24, 24, 24, 24, 24, 24, 24, 24, 24, 38, 24, 38, 24, 46, 24, 29, 24, 29, 24, 29, 24, 29, 24] ⟨7, ⋯⟩ - 22) +
        if ⟨20, ⋯⟩ = ⟨7, ⋯⟩ then 1 else 0

case «7».«21»
⊢ ((if ⟨21, ⋯⟩ = ⟨7, ⋯⟩ then 1 else 0) + if ⟨21, ⋯⟩ = ⟨16, ⋯⟩ then 1 else 0) <
      512 ^
        (![24, 24, 24, 24, 24, 24, 24, 24, 24, 38, 24, 38, 24, 46, 24, 29, 24, 29, 24, 29, 24, 29, 24] ⟨7, ⋯⟩ - 22) ∧
    (-if ⟨21, ⋯⟩ = ⟨16, ⋯⟩ then 1 else 0) <
      512 ^
          (![24, 24, 24, 24, 24, 24, 24, 24, 24, 38, 24, 38, 24, 46, 24, 29, 24, 29, 24, 29, 24, 29, 24] ⟨7, ⋯⟩ - 22) +
        if ⟨21, ⋯⟩ = ⟨7, ⋯⟩ then 1 else 0

case «7».«22»
⊢ ((if ⟨22, ⋯⟩ = ⟨7, ⋯⟩ then 1 else 0) + if ⟨22, ⋯⟩ = ⟨16, ⋯⟩ then 1 else 0) <
      512 ^
        (![24, 24, 24, 24, 24, 24, 24, 24, 24, 38, 24, 38, 24, 46, 24, 29, 24, 29, 24, 29, 24, 29, 24] ⟨7, ⋯⟩ - 22) ∧
    (-if ⟨22, ⋯⟩ = ⟨16, ⋯⟩ then 1 else 0) <
      512 ^
          (![24, 24, 24, 24, 24, 24, 24, 24, 24, 38, 24, 38, 24, 46, 24, 29, 24, 29, 24, 29, 24, 29, 24] ⟨7, ⋯⟩ - 22) +
        if ⟨22, ⋯⟩ = ⟨7, ⋯⟩ then 1 else 0

case «7».«23»
⊢ ((if ⟨23, ⋯⟩ = ⟨7, ⋯⟩ then 1 else 0) + if ⟨23, ⋯⟩ = ⟨16, ⋯⟩ then 1 else 0) <
      512 ^
        (![24, 24, 24, 24, 24, 24, 24, 24, 24, 38, 24, 38, 24, 46, 24, 29, 24, 29, 24, 29, 24, 29, 24] ⟨7, ⋯⟩ - 22) ∧
    (-if ⟨23, ⋯⟩ = ⟨16, ⋯⟩ then 1 else 0) <
      512 ^
          (![24, 24, 24, 24, 24, 24, 24, 24, 24, 38, 24, 38, 24, 46, 24, 29, 24, 29, 24, 29, 24, 29, 24] ⟨7, ⋯⟩ - 22) +
        if ⟨23, ⋯⟩ = ⟨7, ⋯⟩ then 1 else 0

case «7».«24»
⊢ ((if ⟨24, ⋯⟩ = ⟨7, ⋯⟩ then 1 else 0) + if ⟨24, ⋯⟩ = ⟨16, ⋯⟩ then 1 else 0) <
      512 ^
        (![24, 24, 24, 24, 24, 24, 24, 24, 24, 38, 24, 38, 24, 46, 24, 29, 24, 29, 24, 29, 24, 29, 24] ⟨7, ⋯⟩ - 22) ∧
    (-if ⟨24, ⋯⟩ = ⟨16, ⋯⟩ then 1 else 0) <
      512 ^
          (![24, 24, 24, 24, 24, 24, 24, 24, 24, 38, 24, 38, 24, 46, 24, 29, 24, 29, 24, 29, 24, 29, 24] ⟨7, ⋯⟩ - 22) +
        if ⟨24, ⋯⟩ = ⟨7, ⋯⟩ then 1 else 0

case «7».«25»
⊢ ((if ⟨25, ⋯⟩ = ⟨7, ⋯⟩ then 1 else 0) + if ⟨25, ⋯⟩ = ⟨16, ⋯⟩ then 1 else 0) <
      512 ^
        (![24, 24, 24, 24, 24, 24, 24, 24, 24, 38, 24, 38, 24, 46, 24, 29, 24, 29, 24, 29, 24, 29, 24] ⟨7, ⋯⟩ - 22) ∧
    (-if ⟨25, ⋯⟩ = ⟨16, ⋯⟩ then 1 else 0) <
      512 ^
          (![24, 24, 24, 24, 24, 24, 24, 24, 24, 38, 24, 38, 24, 46, 24, 29, 24, 29, 24, 29, 24, 29, 24] ⟨7, ⋯⟩ - 22) +
        if ⟨25, ⋯⟩ = ⟨7, ⋯⟩ then 1 else 0

case «7».«26»
⊢ ((if ⟨26, ⋯⟩ = ⟨7, ⋯⟩ then 1 else 0) + if ⟨26, ⋯⟩ = ⟨16, ⋯⟩ then 1 else 0) <
      512 ^
        (![24, 24, 24, 24, 24, 24, 24, 24, 24, 38, 24, 38, 24, 46, 24, 29, 24, 29, 24, 29, 24, 29, 24] ⟨7, ⋯⟩ - 22) ∧
    (-if ⟨26, ⋯⟩ = ⟨16, ⋯⟩ then 1 else 0) <
      512 ^
          (![24, 24, 24, 24, 24, 24, 24, 24, 24, 38, 24, 38, 24, 46, 24, 29, 24, 29, 24, 29, 24, 29, 24] ⟨7, ⋯⟩ - 22) +
        if ⟨26, ⋯⟩ = ⟨7, ⋯⟩ then 1 else 0

case «7».«27»
⊢ ((if ⟨27, ⋯⟩ = ⟨7, ⋯⟩ then 1 else 0) + if ⟨27, ⋯⟩ = ⟨16, ⋯⟩ then 1 else 0) <
      512 ^
        (![24, 24, 24, 24, 24, 24, 24, 24, 24, 38, 24, 38, 24, 46, 24, 29, 24, 29, 24, 29, 24, 29, 24] ⟨7, ⋯⟩ - 22) ∧
    (-if ⟨27, ⋯⟩ = ⟨16, ⋯⟩ then 1 else 0) <
      512 ^
          (![24, 24, 24, 24, 24, 24, 24, 24, 24, 38, 24, 38, 24, 46, 24, 29, 24, 29, 24, 29, 24, 29, 24] ⟨7, ⋯⟩ - 22) +
        if ⟨27, ⋯⟩ = ⟨7, ⋯⟩ then 1 else 0

case «7».«28»
⊢ ((if ⟨28, ⋯⟩ = ⟨7, ⋯⟩ then 1 else 0) + if ⟨28, ⋯⟩ = ⟨16, ⋯⟩ then 1 else 0) <
      512 ^
        (![24, 24, 24, 24, 24, 24, 24, 24, 24, 38, 24, 38, 24, 46, 24, 29, 24, 29, 24, 29, 24, 29, 24] ⟨7, ⋯⟩ - 22) ∧
    (-if ⟨28, ⋯⟩ = ⟨16, ⋯⟩ then 1 else 0) <
      512 ^
          (![24, 24, 24, 24, 24, 24, 24, 24, 24, 38, 24, 38, 24, 46, 24, 29, 24, 29, 24, 29, 24, 29, 24] ⟨7, ⋯⟩ - 22) +
        if ⟨28, ⋯⟩ = ⟨7, ⋯⟩ then 1 else 0

case «7».«29»
⊢ ((if ⟨29, ⋯⟩ = ⟨7, ⋯⟩ then 1 else 0) + if ⟨29, ⋯⟩ = ⟨16, ⋯⟩ then 1 else 0) <
      512 ^
        (![24, 24, 24, 24, 24, 24, 24, 24, 24, 38, 24, 38, 24, 46, 24, 29, 24, 29, 24, 29, 24, 29, 24] ⟨7, ⋯⟩ - 22) ∧
    (-if ⟨29, ⋯⟩ = ⟨16, ⋯⟩ then 1 else 0) <
      512 ^
          (![24, 24, 24, 24, 24, 24, 24, 24, 24, 38, 24, 38, 24, 46, 24, 29, 24, 29, 24, 29, 24, 29, 24] ⟨7, ⋯⟩ - 22) +
        if ⟨29, ⋯⟩ = ⟨7, ⋯⟩ then 1 else 0

case «7».«30»
⊢ ((if ⟨30, ⋯⟩ = ⟨7, ⋯⟩ then 1 else 0) + if ⟨30, ⋯⟩ = ⟨16, ⋯⟩ then 1 else 0) <
      512 ^
        (![24, 24, 24, 24, 24, 24, 24, 24, 24, 38, 24, 38, 24, 46, 24, 29, 24, 29, 24, 29, 24, 29, 24] ⟨7, ⋯⟩ - 22) ∧
    (-if ⟨30, ⋯⟩ = ⟨16, ⋯⟩ then 1 else 0) <
      512 ^
          (![24, 24, 24, 24, 24, 24, 24, 24, 24, 38, 24, 38, 24, 46, 24, 29, 24, 29, 24, 29, 24, 29, 24] ⟨7, ⋯⟩ - 22) +
        if ⟨30, ⋯⟩ = ⟨7, ⋯⟩ then 1 else 0

case «7».«31»
⊢ ((if ⟨31, ⋯⟩ = ⟨7, ⋯⟩ then 1 else 0) + if ⟨31, ⋯⟩ = ⟨16, ⋯⟩ then 1 else 0) <
      512 ^
        (![24, 24, 24, 24, 24, 24, 24, 24, 24, 38, 24, 38, 24, 46, 24, 29, 24, 29, 24, 29, 24, 29, 24] ⟨7, ⋯⟩ - 22) ∧
    (-if ⟨31, ⋯⟩ = ⟨16, ⋯⟩ then 1 else 0) <
      512 ^
          (![24, 24, 24, 24, 24, 24, 24, 24, 24, 38, 24, 38, 24, 46, 24, 29, 24, 29, 24, 29, 24, 29, 24] ⟨7, ⋯⟩ - 22) +
        if ⟨31, ⋯⟩ = ⟨7, ⋯⟩ then 1 else 0

case «7».«32»
⊢ ((if ⟨32, ⋯⟩ = ⟨7, ⋯⟩ then 1 else 0) + if ⟨32, ⋯⟩ = ⟨16, ⋯⟩ then 1 else 0) <
      512 ^
        (![24, 24, 24, 24, 24, 24, 24, 24, 24, 38, 24, 38, 24, 46, 24, 29, 24, 29, 24, 29, 24, 29, 24] ⟨7, ⋯⟩ - 22) ∧
    (-if ⟨32, ⋯⟩ = ⟨16, ⋯⟩ then 1 else 0) <
      512 ^
          (![24, 24, 24, 24, 24, 24, 24, 24, 24, 38, 24, 38, 24, 46, 24, 29, 24, 29, 24, 29, 24, 29, 24] ⟨7, ⋯⟩ - 22) +
        if ⟨32, ⋯⟩ = ⟨7, ⋯⟩ then 1 else 0

case «7».«33»
⊢ ((if ⟨33, ⋯⟩ = ⟨7, ⋯⟩ then 1 else 0) + if ⟨33, ⋯⟩ = ⟨16, ⋯⟩ then 1 else 0) <
      512 ^
        (![24, 24, 24, 24, 24, 24, 24, 24, 24, 38, 24, 38, 24, 46, 24, 29, 24, 29, 24, 29, 24, 29, 24] ⟨7, ⋯⟩ - 22) ∧
    (-if ⟨33, ⋯⟩ = ⟨16, ⋯⟩ then 1 else 0) <
      512 ^
          (![24, 24, 24, 24, 24, 24, 24, 24, 24, 38, 24, 38, 24, 46, 24, 29, 24, 29, 24, 29, 24, 29, 24] ⟨7, ⋯⟩ - 22) +
        if ⟨33, ⋯⟩ = ⟨7, ⋯⟩ then 1 else 0

case «7».«34»
⊢ ((if ⟨34, ⋯⟩ = ⟨7, ⋯⟩ then 1 else 0) + if ⟨34, ⋯⟩ = ⟨16, ⋯⟩ then 1 else 0) <
      512 ^
        (![24, 24, 24, 24, 24, 24, 24, 24, 24, 38, 24, 38, 24, 46, 24, 29, 24, 29, 24, 29, 24, 29, 24] ⟨7, ⋯⟩ - 22) ∧
    (-if ⟨34, ⋯⟩ = ⟨16, ⋯⟩ then 1 else 0) <
      512 ^
          (![24, 24, 24, 24, 24, 24, 24, 24, 24, 38, 24, 38, 24, 46, 24, 29, 24, 29, 24, 29, 24, 29, 24] ⟨7, ⋯⟩ - 22) +
        if ⟨34, ⋯⟩ = ⟨7, ⋯⟩ then 1 else 0

case «7».«35»
⊢ ((if ⟨35, ⋯⟩ = ⟨7, ⋯⟩ then 1 else 0) + if ⟨35, ⋯⟩ = ⟨16, ⋯⟩ then 1 else 0) <
      512 ^
        (![24, 24, 24, 24, 24, 24, 24, 24, 24, 38, 24, 38, 24, 46, 24, 29, 24, 29, 24, 29, 24, 29, 24] ⟨7, ⋯⟩ - 22) ∧
    (-if ⟨35, ⋯⟩ = ⟨16, ⋯⟩ then 1 else 0) <
      512 ^
          (![24, 24, 24, 24, 24, 24, 24, 24, 24, 38, 24, 38, 24, 46, 24, 29, 24, 29, 24, 29, 24, 29, 24] ⟨7, ⋯⟩ - 22) +
        if ⟨35, ⋯⟩ = ⟨7, ⋯⟩ then 1 else 0

case «7».«36»
⊢ ((if ⟨36, ⋯⟩ = ⟨7, ⋯⟩ then 1 else 0) + if ⟨36, ⋯⟩ = ⟨16, ⋯⟩ then 1 else 0) <
      512 ^
        (![24, 24, 24, 24, 24, 24, 24, 24, 24, 38, 24, 38, 24, 46, 24, 29, 24, 29, 24, 29, 24, 29, 24] ⟨7, ⋯⟩ - 22) ∧
    (-if ⟨36, ⋯⟩ = ⟨16, ⋯⟩ then 1 else 0) <
      512 ^
          (![24, 24, 24, 24, 24, 24, 24, 24, 24, 38, 24, 38, 24, 46, 24, 29, 24, 29, 24, 29, 24, 29, 24] ⟨7, ⋯⟩ - 22) +
        if ⟨36, ⋯⟩ = ⟨7, ⋯⟩ then 1 else 0

case «7».«37»
⊢ ((if ⟨37, ⋯⟩ = ⟨7, ⋯⟩ then 1 else 0) + if ⟨37, ⋯⟩ = ⟨16, ⋯⟩ then 1 else 0) <
      512 ^
        (![24, 24, 24, 24, 24, 24, 24, 24, 24, 38, 24, 38, 24, 46, 24, 29, 24, 29, 24, 29, 24, 29, 24] ⟨7, ⋯⟩ - 22) ∧
    (-if ⟨37, ⋯⟩ = ⟨16, ⋯⟩ then 1 else 0) <
      512 ^
          (![24, 24, 24, 24, 24, 24, 24, 24, 24, 38, 24, 38, 24, 46, 24, 29, 24, 29, 24, 29, 24, 29, 24] ⟨7, ⋯⟩ - 22) +
        if ⟨37, ⋯⟩ = ⟨7, ⋯⟩ then 1 else 0

case «7».«38»
⊢ ((if ⟨38, ⋯⟩ = ⟨7, ⋯⟩ then 1 else 0) + if ⟨38, ⋯⟩ = ⟨16, ⋯⟩ then 1 else 0) <
      512 ^
        (![24, 24, 24, 24, 24, 24, 24, 24, 24, 38, 24, 38, 24, 46, 24, 29, 24, 29, 24, 29, 24, 29, 24] ⟨7, ⋯⟩ - 22) ∧
    (-if ⟨38, ⋯⟩ = ⟨16, ⋯⟩ then 1 else 0) <
      512 ^
          (![24, 24, 24, 24, 24, 24, 24, 24, 24, 38, 24, 38, 24, 46, 24, 29, 24, 29, 24, 29, 24, 29, 24] ⟨7, ⋯⟩ - 22) +
        if ⟨38, ⋯⟩ = ⟨7, ⋯⟩ then 1 else 0

case «8».«0»
⊢ ((if ⟨0, ⋯⟩ = ⟨8, ⋯⟩ then 1 else 0) + if ⟨0, ⋯⟩ = ⟨17, ⋯⟩ then 1 else 0) <
      512 ^
        (![24, 24, 24, 24, 24, 24, 24, 24, 24, 38, 24, 38, 24, 46, 24, 29, 24, 29, 24, 29, 24, 29, 24] ⟨8, ⋯⟩ - 22) ∧
    (-if ⟨0, ⋯⟩ = ⟨17, ⋯⟩ then 1 else 0) <
      512 ^
          (![24, 24, 24, 24, 24, 24, 24, 24, 24, 38, 24, 38, 24, 46, 24, 29, 24, 29, 24, 29, 24, 29, 24] ⟨8, ⋯⟩ - 22) +
        if ⟨0, ⋯⟩ = ⟨8, ⋯⟩ then 1 else 0

case «8».«1»
⊢ ((if ⟨1, ⋯⟩ = ⟨8, ⋯⟩ then 1 else 0) + if ⟨1, ⋯⟩ = ⟨17, ⋯⟩ then 1 else 0) <
      512 ^
        (![24, 24, 24, 24, 24, 24, 24, 24, 24, 38, 24, 38, 24, 46, 24, 29, 24, 29, 24, 29, 24, 29, 24] ⟨8, ⋯⟩ - 22) ∧
    (-if ⟨1, ⋯⟩ = ⟨17, ⋯⟩ then 1 else 0) <
      512 ^
          (![24, 24, 24, 24, 24, 24, 24, 24, 24, 38, 24, 38, 24, 46, 24, 29, 24, 29, 24, 29, 24, 29, 24] ⟨8, ⋯⟩ - 22) +
        if ⟨1, ⋯⟩ = ⟨8, ⋯⟩ then 1 else 0

case «8».«2»
⊢ ((if ⟨2, ⋯⟩ = ⟨8, ⋯⟩ then 1 else 0) + if ⟨2, ⋯⟩ = ⟨17, ⋯⟩ then 1 else 0) <
      512 ^
        (![24, 24, 24, 24, 24, 24, 24, 24, 24, 38, 24, 38, 24, 46, 24, 29, 24, 29, 24, 29, 24, 29, 24] ⟨8, ⋯⟩ - 22) ∧
    (-if ⟨2, ⋯⟩ = ⟨17, ⋯⟩ then 1 else 0) <
      512 ^
          (![24, 24, 24, 24, 24, 24, 24, 24, 24, 38, 24, 38, 24, 46, 24, 29, 24, 29, 24, 29, 24, 29, 24] ⟨8, ⋯⟩ - 22) +
        if ⟨2, ⋯⟩ = ⟨8, ⋯⟩ then 1 else 0

case «8».«3»
⊢ ((if ⟨3, ⋯⟩ = ⟨8, ⋯⟩ then 1 else 0) + if ⟨3, ⋯⟩ = ⟨17, ⋯⟩ then 1 else 0) <
      512 ^
        (![24, 24, 24, 24, 24, 24, 24, 24, 24, 38, 24, 38, 24, 46, 24, 29, 24, 29, 24, 29, 24, 29, 24] ⟨8, ⋯⟩ - 22) ∧
    (-if ⟨3, ⋯⟩ = ⟨17, ⋯⟩ then 1 else 0) <
      512 ^
          (![24, 24, 24, 24, 24, 24, 24, 24, 24, 38, 24, 38, 24, 46, 24, 29, 24, 29, 24, 29, 24, 29, 24] ⟨8, ⋯⟩ - 22) +
        if ⟨3, ⋯⟩ = ⟨8, ⋯⟩ then 1 else 0

case «8».«4»
⊢ ((if ⟨4, ⋯⟩ = ⟨8, ⋯⟩ then 1 else 0) + if ⟨4, ⋯⟩ = ⟨17, ⋯⟩ then 1 else 0) <
      512 ^
        (![24, 24, 24, 24, 24, 24, 24, 24, 24, 38, 24, 38, 24, 46, 24, 29, 24, 29, 24, 29, 24, 29, 24] ⟨8, ⋯⟩ - 22) ∧
    (-if ⟨4, ⋯⟩ = ⟨17, ⋯⟩ then 1 else 0) <
      512 ^
          (![24, 24, 24, 24, 24, 24, 24, 24, 24, 38, 24, 38, 24, 46, 24, 29, 24, 29, 24, 29, 24, 29, 24] ⟨8, ⋯⟩ - 22) +
        if ⟨4, ⋯⟩ = ⟨8, ⋯⟩ then 1 else 0

case «8».«5»
⊢ ((if ⟨5, ⋯⟩ = ⟨8, ⋯⟩ then 1 else 0) + if ⟨5, ⋯⟩ = ⟨17, ⋯⟩ then 1 else 0) <
      512 ^
        (![24, 24, 24, 24, 24, 24, 24, 24, 24, 38, 24, 38, 24, 46, 24, 29, 24, 29, 24, 29, 24, 29, 24] ⟨8, ⋯⟩ - 22) ∧
    (-if ⟨5, ⋯⟩ = ⟨17, ⋯⟩ then 1 else 0) <
      512 ^
          (![24, 24, 24, 24, 24, 24, 24, 24, 24, 38, 24, 38, 24, 46, 24, 29, 24, 29, 24, 29, 24, 29, 24] ⟨8, ⋯⟩ - 22) +
        if ⟨5, ⋯⟩ = ⟨8, ⋯⟩ then 1 else 0

case «8».«6»
⊢ ((if ⟨6, ⋯⟩ = ⟨8, ⋯⟩ then 1 else 0) + if ⟨6, ⋯⟩ = ⟨17, ⋯⟩ then 1 else 0) <
      512 ^
        (![24, 24, 24, 24, 24, 24, 24, 24, 24, 38, 24, 38, 24, 46, 24, 29, 24, 29, 24, 29, 24, 29, 24] ⟨8, ⋯⟩ - 22) ∧
    (-if ⟨6, ⋯⟩ = ⟨17, ⋯⟩ then 1 else 0) <
      512 ^
          (![24, 24, 24, 24, 24, 24, 24, 24, 24, 38, 24, 38, 24, 46, 24, 29, 24, 29, 24, 29, 24, 29, 24] ⟨8, ⋯⟩ - 22) +
        if ⟨6, ⋯⟩ = ⟨8, ⋯⟩ then 1 else 0

case «8».«7»
⊢ ((if ⟨7, ⋯⟩ = ⟨8, ⋯⟩ then 1 else 0) + if ⟨7, ⋯⟩ = ⟨17, ⋯⟩ then 1 else 0) <
      512 ^
        (![24, 24, 24, 24, 24, 24, 24, 24, 24, 38, 24, 38, 24, 46, 24, 29, 24, 29, 24, 29, 24, 29, 24] ⟨8, ⋯⟩ - 22) ∧
    (-if ⟨7, ⋯⟩ = ⟨17, ⋯⟩ then 1 else 0) <
      512 ^
          (![24, 24, 24, 24, 24, 24, 24, 24, 24, 38, 24, 38, 24, 46, 24, 29, 24, 29, 24, 29, 24, 29, 24] ⟨8, ⋯⟩ - 22) +
        if ⟨7, ⋯⟩ = ⟨8, ⋯⟩ then 1 else 0

case «8».«8»
⊢ ((if ⟨8, ⋯⟩ = ⟨8, ⋯⟩ then 1 else 0) + if ⟨8, ⋯⟩ = ⟨17, ⋯⟩ then 1 else 0) <
      512 ^
        (![24, 24, 24, 24, 24, 24, 24, 24, 24, 38, 24, 38, 24, 46, 24, 29, 24, 29, 24, 29, 24, 29, 24] ⟨8, ⋯⟩ - 22) ∧
    (-if ⟨8, ⋯⟩ = ⟨17, ⋯⟩ then 1 else 0) <
      512 ^
          (![24, 24, 24, 24, 24, 24, 24, 24, 24, 38, 24, 38, 24, 46, 24, 29, 24, 29, 24, 29, 24, 29, 24] ⟨8, ⋯⟩ - 22) +
        if ⟨8, ⋯⟩ = ⟨8, ⋯⟩ then 1 else 0

case «8».«9»
⊢ ((if ⟨9, ⋯⟩ = ⟨8, ⋯⟩ then 1 else 0) + if ⟨9, ⋯⟩ = ⟨17, ⋯⟩ then 1 else 0) <
      512 ^
        (![24, 24, 24, 24, 24, 24, 24, 24, 24, 38, 24, 38, 24, 46, 24, 29, 24, 29, 24, 29, 24, 29, 24] ⟨8, ⋯⟩ - 22) ∧
    (-if ⟨9, ⋯⟩ = ⟨17, ⋯⟩ then 1 else 0) <
      512 ^
          (![24, 24, 24, 24, 24, 24, 24, 24, 24, 38, 24, 38, 24, 46, 24, 29, 24, 29, 24, 29, 24, 29, 24] ⟨8, ⋯⟩ - 22) +
        if ⟨9, ⋯⟩ = ⟨8, ⋯⟩ then 1 else 0

case «8».«10»
⊢ ((if ⟨10, ⋯⟩ = ⟨8, ⋯⟩ then 1 else 0) + if ⟨10, ⋯⟩ = ⟨17, ⋯⟩ then 1 else 0) <
      512 ^
        (![24, 24, 24, 24, 24, 24, 24, 24, 24, 38, 24, 38, 24, 46, 24, 29, 24, 29, 24, 29, 24, 29, 24] ⟨8, ⋯⟩ - 22) ∧
    (-if ⟨10, ⋯⟩ = ⟨17, ⋯⟩ then 1 else 0) <
      512 ^
          (![24, 24, 24, 24, 24, 24, 24, 24, 24, 38, 24, 38, 24, 46, 24, 29, 24, 29, 24, 29, 24, 29, 24] ⟨8, ⋯⟩ - 22) +
        if ⟨10, ⋯⟩ = ⟨8, ⋯⟩ then 1 else 0

case «8».«11»
⊢ ((if ⟨11, ⋯⟩ = ⟨8, ⋯⟩ then 1 else 0) + if ⟨11, ⋯⟩ = ⟨17, ⋯⟩ then 1 else 0) <
      512 ^
        (![24, 24, 24, 24, 24, 24, 24, 24, 24, 38, 24, 38, 24, 46, 24, 29, 24, 29, 24, 29, 24, 29, 24] ⟨8, ⋯⟩ - 22) ∧
    (-if ⟨11, ⋯⟩ = ⟨17, ⋯⟩ then 1 else 0) <
      512 ^
          (![24, 24, 24, 24, 24, 24, 24, 24, 24, 38, 24, 38, 24, 46, 24, 29, 24, 29, 24, 29, 24, 29, 24] ⟨8, ⋯⟩ - 22) +
        if ⟨11, ⋯⟩ = ⟨8, ⋯⟩ then 1 else 0

case «8».«12»
⊢ ((if ⟨12, ⋯⟩ = ⟨8, ⋯⟩ then 1 else 0) + if ⟨12, ⋯⟩ = ⟨17, ⋯⟩ then 1 else 0) <
      512 ^
        (![24, 24, 24, 24, 24, 24, 24, 24, 24, 38, 24, 38, 24, 46, 24, 29, 24, 29, 24, 29, 24, 29, 24] ⟨8, ⋯⟩ - 22) ∧
    (-if ⟨12, ⋯⟩ = ⟨17, ⋯⟩ then 1 else 0) <
      512 ^
          (![24, 24, 24, 24, 24, 24, 24, 24, 24, 38, 24, 38, 24, 46, 24, 29, 24, 29, 24, 29, 24, 29, 24] ⟨8, ⋯⟩ - 22) +
        if ⟨12, ⋯⟩ = ⟨8, ⋯⟩ then 1 else 0

case «8».«13»
⊢ ((if ⟨13, ⋯⟩ = ⟨8, ⋯⟩ then 1 else 0) + if ⟨13, ⋯⟩ = ⟨17, ⋯⟩ then 1 else 0) <
      512 ^
        (![24, 24, 24, 24, 24, 24, 24, 24, 24, 38, 24, 38, 24, 46, 24, 29, 24, 29, 24, 29, 24, 29, 24] ⟨8, ⋯⟩ - 22) ∧
    (-if ⟨13, ⋯⟩ = ⟨17, ⋯⟩ then 1 else 0) <
      512 ^
          (![24, 24, 24, 24, 24, 24, 24, 24, 24, 38, 24, 38, 24, 46, 24, 29, 24, 29, 24, 29, 24, 29, 24] ⟨8, ⋯⟩ - 22) +
        if ⟨13, ⋯⟩ = ⟨8, ⋯⟩ then 1 else 0

case «8».«14»
⊢ ((if ⟨14, ⋯⟩ = ⟨8, ⋯⟩ then 1 else 0) + if ⟨14, ⋯⟩ = ⟨17, ⋯⟩ then 1 else 0) <
      512 ^
        (![24, 24, 24, 24, 24, 24, 24, 24, 24, 38, 24, 38, 24, 46, 24, 29, 24, 29, 24, 29, 24, 29, 24] ⟨8, ⋯⟩ - 22) ∧
    (-if ⟨14, ⋯⟩ = ⟨17, ⋯⟩ then 1 else 0) <
      512 ^
          (![24, 24, 24, 24, 24, 24, 24, 24, 24, 38, 24, 38, 24, 46, 24, 29, 24, 29, 24, 29, 24, 29, 24] ⟨8, ⋯⟩ - 22) +
        if ⟨14, ⋯⟩ = ⟨8, ⋯⟩ then 1 else 0

case «8».«15»
⊢ ((if ⟨15, ⋯⟩ = ⟨8, ⋯⟩ then 1 else 0) + if ⟨15, ⋯⟩ = ⟨17, ⋯⟩ then 1 else 0) <
      512 ^
        (![24, 24, 24, 24, 24, 24, 24, 24, 24, 38, 24, 38, 24, 46, 24, 29, 24, 29, 24, 29, 24, 29, 24] ⟨8, ⋯⟩ - 22) ∧
    (-if ⟨15, ⋯⟩ = ⟨17, ⋯⟩ then 1 else 0) <
      512 ^
          (![24, 24, 24, 24, 24, 24, 24, 24, 24, 38, 24, 38, 24, 46, 24, 29, 24, 29, 24, 29, 24, 29, 24] ⟨8, ⋯⟩ - 22) +
        if ⟨15, ⋯⟩ = ⟨8, ⋯⟩ then 1 else 0

case «8».«16»
⊢ ((if ⟨16, ⋯⟩ = ⟨8, ⋯⟩ then 1 else 0) + if ⟨16, ⋯⟩ = ⟨17, ⋯⟩ then 1 else 0) <
      512 ^
        (![24, 24, 24, 24, 24, 24, 24, 24, 24, 38, 24, 38, 24, 46, 24, 29, 24, 29, 24, 29, 24, 29, 24] ⟨8, ⋯⟩ - 22) ∧
    (-if ⟨16, ⋯⟩ = ⟨17, ⋯⟩ then 1 else 0) <
      512 ^
          (![24, 24, 24, 24, 24, 24, 24, 24, 24, 38, 24, 38, 24, 46, 24, 29, 24, 29, 24, 29, 24, 29, 24] ⟨8, ⋯⟩ - 22) +
        if ⟨16, ⋯⟩ = ⟨8, ⋯⟩ then 1 else 0

case «8».«17»
⊢ ((if ⟨17, ⋯⟩ = ⟨8, ⋯⟩ then 1 else 0) + if ⟨17, ⋯⟩ = ⟨17, ⋯⟩ then 1 else 0) <
      512 ^
        (![24, 24, 24, 24, 24, 24, 24, 24, 24, 38, 24, 38, 24, 46, 24, 29, 24, 29, 24, 29, 24, 29, 24] ⟨8, ⋯⟩ - 22) ∧
    (-if ⟨17, ⋯⟩ = ⟨17, ⋯⟩ then 1 else 0) <
      512 ^
          (![24, 24, 24, 24, 24, 24, 24, 24, 24, 38, 24, 38, 24, 46, 24, 29, 24, 29, 24, 29, 24, 29, 24] ⟨8, ⋯⟩ - 22) +
        if ⟨17, ⋯⟩ = ⟨8, ⋯⟩ then 1 else 0

case «8».«18»
⊢ ((if ⟨18, ⋯⟩ = ⟨8, ⋯⟩ then 1 else 0) + if ⟨18, ⋯⟩ = ⟨17, ⋯⟩ then 1 else 0) <
      512 ^
        (![24, 24, 24, 24, 24, 24, 24, 24, 24, 38, 24, 38, 24, 46, 24, 29, 24, 29, 24, 29, 24, 29, 24] ⟨8, ⋯⟩ - 22) ∧
    (-if ⟨18, ⋯⟩ = ⟨17, ⋯⟩ then 1 else 0) <
      512 ^
          (![24, 24, 24, 24, 24, 24, 24, 24, 24, 38, 24, 38, 24, 46, 24, 29, 24, 29, 24, 29, 24, 29, 24] ⟨8, ⋯⟩ - 22) +
        if ⟨18, ⋯⟩ = ⟨8, ⋯⟩ then 1 else 0

case «8».«19»
⊢ ((if ⟨19, ⋯⟩ = ⟨8, ⋯⟩ then 1 else 0) + if ⟨19, ⋯⟩ = ⟨17, ⋯⟩ then 1 else 0) <
      512 ^
        (![24, 24, 24, 24, 24, 24, 24, 24, 24, 38, 24, 38, 24, 46, 24, 29, 24, 29, 24, 29, 24, 29, 24] ⟨8, ⋯⟩ - 22) ∧
    (-if ⟨19, ⋯⟩ = ⟨17, ⋯⟩ then 1 else 0) <
      512 ^
          (![24, 24, 24, 24, 24, 24, 24, 24, 24, 38, 24, 38, 24, 46, 24, 29, 24, 29, 24, 29, 24, 29, 24] ⟨8, ⋯⟩ - 22) +
        if ⟨19, ⋯⟩ = ⟨8, ⋯⟩ then 1 else 0

case «8».«20»
⊢ ((if ⟨20, ⋯⟩ = ⟨8, ⋯⟩ then 1 else 0) + if ⟨20, ⋯⟩ = ⟨17, ⋯⟩ then 1 else 0) <
      512 ^
        (![24, 24, 24, 24, 24, 24, 24, 24, 24, 38, 24, 38, 24, 46, 24, 29, 24, 29, 24, 29, 24, 29, 24] ⟨8, ⋯⟩ - 22) ∧
    (-if ⟨20, ⋯⟩ = ⟨17, ⋯⟩ then 1 else 0) <
      512 ^
          (![24, 24, 24, 24, 24, 24, 24, 24, 24, 38, 24, 38, 24, 46, 24, 29, 24, 29, 24, 29, 24, 29, 24] ⟨8, ⋯⟩ - 22) +
        if ⟨20, ⋯⟩ = ⟨8, ⋯⟩ then 1 else 0

case «8».«21»
⊢ ((if ⟨21, ⋯⟩ = ⟨8, ⋯⟩ then 1 else 0) + if ⟨21, ⋯⟩ = ⟨17, ⋯⟩ then 1 else 0) <
      512 ^
        (![24, 24, 24, 24, 24, 24, 24, 24, 24, 38, 24, 38, 24, 46, 24, 29, 24, 29, 24, 29, 24, 29, 24] ⟨8, ⋯⟩ - 22) ∧
    (-if ⟨21, ⋯⟩ = ⟨17, ⋯⟩ then 1 else 0) <
      512 ^
          (![24, 24, 24, 24, 24, 24, 24, 24, 24, 38, 24, 38, 24, 46, 24, 29, 24, 29, 24, 29, 24, 29, 24] ⟨8, ⋯⟩ - 22) +
        if ⟨21, ⋯⟩ = ⟨8, ⋯⟩ then 1 else 0

case «8».«22»
⊢ ((if ⟨22, ⋯⟩ = ⟨8, ⋯⟩ then 1 else 0) + if ⟨22, ⋯⟩ = ⟨17, ⋯⟩ then 1 else 0) <
      512 ^
        (![24, 24, 24, 24, 24, 24, 24, 24, 24, 38, 24, 38, 24, 46, 24, 29, 24, 29, 24, 29, 24, 29, 24] ⟨8, ⋯⟩ - 22) ∧
    (-if ⟨22, ⋯⟩ = ⟨17, ⋯⟩ then 1 else 0) <
      512 ^
          (![24, 24, 24, 24, 24, 24, 24, 24, 24, 38, 24, 38, 24, 46, 24, 29, 24, 29, 24, 29, 24, 29, 24] ⟨8, ⋯⟩ - 22) +
        if ⟨22, ⋯⟩ = ⟨8, ⋯⟩ then 1 else 0

case «8».«23»
⊢ ((if ⟨23, ⋯⟩ = ⟨8, ⋯⟩ then 1 else 0) + if ⟨23, ⋯⟩ = ⟨17, ⋯⟩ then 1 else 0) <
      512 ^
        (![24, 24, 24, 24, 24, 24, 24, 24, 24, 38, 24, 38, 24, 46, 24, 29, 24, 29, 24, 29, 24, 29, 24] ⟨8, ⋯⟩ - 22) ∧
    (-if ⟨23, ⋯⟩ = ⟨17, ⋯⟩ then 1 else 0) <
      512 ^
          (![24, 24, 24, 24, 24, 24, 24, 24, 24, 38, 24, 38, 24, 46, 24, 29, 24, 29, 24, 29, 24, 29, 24] ⟨8, ⋯⟩ - 22) +
        if ⟨23, ⋯⟩ = ⟨8, ⋯⟩ then 1 else 0

case «8».«24»
⊢ ((if ⟨24, ⋯⟩ = ⟨8, ⋯⟩ then 1 else 0) + if ⟨24, ⋯⟩ = ⟨17, ⋯⟩ then 1 else 0) <
      512 ^
        (![24, 24, 24, 24, 24, 24, 24, 24, 24, 38, 24, 38, 24, 46, 24, 29, 24, 29, 24, 29, 24, 29, 24] ⟨8, ⋯⟩ - 22) ∧
    (-if ⟨24, ⋯⟩ = ⟨17, ⋯⟩ then 1 else 0) <
      512 ^
          (![24, 24, 24, 24, 24, 24, 24, 24, 24, 38, 24, 38, 24, 46, 24, 29, 24, 29, 24, 29, 24, 29, 24] ⟨8, ⋯⟩ - 22) +
        if ⟨24, ⋯⟩ = ⟨8, ⋯⟩ then 1 else 0

case «8».«25»
⊢ ((if ⟨25, ⋯⟩ = ⟨8, ⋯⟩ then 1 else 0) + if ⟨25, ⋯⟩ = ⟨17, ⋯⟩ then 1 else 0) <
      512 ^
        (![24, 24, 24, 24, 24, 24, 24, 24, 24, 38, 24, 38, 24, 46, 24, 29, 24, 29, 24, 29, 24, 29, 24] ⟨8, ⋯⟩ - 22) ∧
    (-if ⟨25, ⋯⟩ = ⟨17, ⋯⟩ then 1 else 0) <
      512 ^
          (![24, 24, 24, 24, 24, 24, 24, 24, 24, 38, 24, 38, 24, 46, 24, 29, 24, 29, 24, 29, 24, 29, 24] ⟨8, ⋯⟩ - 22) +
        if ⟨25, ⋯⟩ = ⟨8, ⋯⟩ then 1 else 0

case «8».«26»
⊢ ((if ⟨26, ⋯⟩ = ⟨8, ⋯⟩ then 1 else 0) + if ⟨26, ⋯⟩ = ⟨17, ⋯⟩ then 1 else 0) <
      512 ^
        (![24, 24, 24, 24, 24, 24, 24, 24, 24, 38, 24, 38, 24, 46, 24, 29, 24, 29, 24, 29, 24, 29, 24] ⟨8, ⋯⟩ - 22) ∧
    (-if ⟨26, ⋯⟩ = ⟨17, ⋯⟩ then 1 else 0) <
      512 ^
          (![24, 24, 24, 24, 24, 24, 24, 24, 24, 38, 24, 38, 24, 46, 24, 29, 24, 29, 24, 29, 24, 29, 24] ⟨8, ⋯⟩ - 22) +
        if ⟨26, ⋯⟩ = ⟨8, ⋯⟩ then 1 else 0

case «8».«27»
⊢ ((if ⟨27, ⋯⟩ = ⟨8, ⋯⟩ then 1 else 0) + if ⟨27, ⋯⟩ = ⟨17, ⋯⟩ then 1 else 0) <
      512 ^
        (![24, 24, 24, 24, 24, 24, 24, 24, 24, 38, 24, 38, 24, 46, 24, 29, 24, 29, 24, 29, 24, 29, 24] ⟨8, ⋯⟩ - 22) ∧
    (-if ⟨27, ⋯⟩ = ⟨17, ⋯⟩ then 1 else 0) <
      512 ^
          (![24, 24, 24, 24, 24, 24, 24, 24, 24, 38, 24, 38, 24, 46, 24, 29, 24, 29, 24, 29, 24, 29, 24] ⟨8, ⋯⟩ - 22) +
        if ⟨27, ⋯⟩ = ⟨8, ⋯⟩ then 1 else 0

case «8».«28»
⊢ ((if ⟨28, ⋯⟩ = ⟨8, ⋯⟩ then 1 else 0) + if ⟨28, ⋯⟩ = ⟨17, ⋯⟩ then 1 else 0) <
      512 ^
        (![24, 24, 24, 24, 24, 24, 24, 24, 24, 38, 24, 38, 24, 46, 24, 29, 24, 29, 24, 29, 24, 29, 24] ⟨8, ⋯⟩ - 22) ∧
    (-if ⟨28, ⋯⟩ = ⟨17, ⋯⟩ then 1 else 0) <
      512 ^
          (![24, 24, 24, 24, 24, 24, 24, 24, 24, 38, 24, 38, 24, 46, 24, 29, 24, 29, 24, 29, 24, 29, 24] ⟨8, ⋯⟩ - 22) +
        if ⟨28, ⋯⟩ = ⟨8, ⋯⟩ then 1 else 0

case «8».«29»
⊢ ((if ⟨29, ⋯⟩ = ⟨8, ⋯⟩ then 1 else 0) + if ⟨29, ⋯⟩ = ⟨17, ⋯⟩ then 1 else 0) <
      512 ^
        (![24, 24, 24, 24, 24, 24, 24, 24, 24, 38, 24, 38, 24, 46, 24, 29, 24, 29, 24, 29, 24, 29, 24] ⟨8, ⋯⟩ - 22) ∧
    (-if ⟨29, ⋯⟩ = ⟨17, ⋯⟩ then 1 else 0) <
      512 ^
          (![24, 24, 24, 24, 24, 24, 24, 24, 24, 38, 24, 38, 24, 46, 24, 29, 24, 29, 24, 29, 24, 29, 24] ⟨8, ⋯⟩ - 22) +
        if ⟨29, ⋯⟩ = ⟨8, ⋯⟩ then 1 else 0

case «8».«30»
⊢ ((if ⟨30, ⋯⟩ = ⟨8, ⋯⟩ then 1 else 0) + if ⟨30, ⋯⟩ = ⟨17, ⋯⟩ then 1 else 0) <
      512 ^
        (![24, 24, 24, 24, 24, 24, 24, 24, 24, 38, 24, 38, 24, 46, 24, 29, 24, 29, 24, 29, 24, 29, 24] ⟨8, ⋯⟩ - 22) ∧
    (-if ⟨30, ⋯⟩ = ⟨17, ⋯⟩ then 1 else 0) <
      512 ^
          (![24, 24, 24, 24, 24, 24, 24, 24, 24, 38, 24, 38, 24, 46, 24, 29, 24, 29, 24, 29, 24, 29, 24] ⟨8, ⋯⟩ - 22) +
        if ⟨30, ⋯⟩ = ⟨8, ⋯⟩ then 1 else 0

case «8».«31»
⊢ ((if ⟨31, ⋯⟩ = ⟨8, ⋯⟩ then 1 else 0) + if ⟨31, ⋯⟩ = ⟨17, ⋯⟩ then 1 else 0) <
      512 ^
        (![24, 24, 24, 24, 24, 24, 24, 24, 24, 38, 24, 38, 24, 46, 24, 29, 24, 29, 24, 29, 24, 29, 24] ⟨8, ⋯⟩ - 22) ∧
    (-if ⟨31, ⋯⟩ = ⟨17, ⋯⟩ then 1 else 0) <
      512 ^
          (![24, 24, 24, 24, 24, 24, 24, 24, 24, 38, 24, 38, 24, 46, 24, 29, 24, 29, 24, 29, 24, 29, 24] ⟨8, ⋯⟩ - 22) +
        if ⟨31, ⋯⟩ = ⟨8, ⋯⟩ then 1 else 0

case «8».«32»
⊢ ((if ⟨32, ⋯⟩ = ⟨8, ⋯⟩ then 1 else 0) + if ⟨32, ⋯⟩ = ⟨17, ⋯⟩ then 1 else 0) <
      512 ^
        (![24, 24, 24, 24, 24, 24, 24, 24, 24, 38, 24, 38, 24, 46, 24, 29, 24, 29, 24, 29, 24, 29, 24] ⟨8, ⋯⟩ - 22) ∧
    (-if ⟨32, ⋯⟩ = ⟨17, ⋯⟩ then 1 else 0) <
      512 ^
          (![24, 24, 24, 24, 24, 24, 24, 24, 24, 38, 24, 38, 24, 46, 24, 29, 24, 29, 24, 29, 24, 29, 24] ⟨8, ⋯⟩ - 22) +
        if ⟨32, ⋯⟩ = ⟨8, ⋯⟩ then 1 else 0

case «8».«33»
⊢ ((if ⟨33, ⋯⟩ = ⟨8, ⋯⟩ then 1 else 0) + if ⟨33, ⋯⟩ = ⟨17, ⋯⟩ then 1 else 0) <
      512 ^
        (![24, 24, 24, 24, 24, 24, 24, 24, 24, 38, 24, 38, 24, 46, 24, 29, 24, 29, 24, 29, 24, 29, 24] ⟨8, ⋯⟩ - 22) ∧
    (-if ⟨33, ⋯⟩ = ⟨17, ⋯⟩ then 1 else 0) <
      512 ^
          (![24, 24, 24, 24, 24, 24, 24, 24, 24, 38, 24, 38, 24, 46, 24, 29, 24, 29, 24, 29, 24, 29, 24] ⟨8, ⋯⟩ - 22) +
        if ⟨33, ⋯⟩ = ⟨8, ⋯⟩ then 1 else 0

case «8».«34»
⊢ ((if ⟨34, ⋯⟩ = ⟨8, ⋯⟩ then 1 else 0) + if ⟨34, ⋯⟩ = ⟨17, ⋯⟩ then 1 else 0) <
      512 ^
        (![24, 24, 24, 24, 24, 24, 24, 24, 24, 38, 24, 38, 24, 46, 24, 29, 24, 29, 24, 29, 24, 29, 24] ⟨8, ⋯⟩ - 22) ∧
    (-if ⟨34, ⋯⟩ = ⟨17, ⋯⟩ then 1 else 0) <
      512 ^
          (![24, 24, 24, 24, 24, 24, 24, 24, 24, 38, 24, 38, 24, 46, 24, 29, 24, 29, 24, 29, 24, 29, 24] ⟨8, ⋯⟩ - 22) +
        if ⟨34, ⋯⟩ = ⟨8, ⋯⟩ then 1 else 0

case «8».«35»
⊢ ((if ⟨35, ⋯⟩ = ⟨8, ⋯⟩ then 1 else 0) + if ⟨35, ⋯⟩ = ⟨17, ⋯⟩ then 1 else 0) <
      512 ^
        (![24, 24, 24, 24, 24, 24, 24, 24, 24, 38, 24, 38, 24, 46, 24, 29, 24, 29, 24, 29, 24, 29, 24] ⟨8, ⋯⟩ - 22) ∧
    (-if ⟨35, ⋯⟩ = ⟨17, ⋯⟩ then 1 else 0) <
      512 ^
          (![24, 24, 24, 24, 24, 24, 24, 24, 24, 38, 24, 38, 24, 46, 24, 29, 24, 29, 24, 29, 24, 29, 24] ⟨8, ⋯⟩ - 22) +
        if ⟨35, ⋯⟩ = ⟨8, ⋯⟩ then 1 else 0

case «8».«36»
⊢ ((if ⟨36, ⋯⟩ = ⟨8, ⋯⟩ then 1 else 0) + if ⟨36, ⋯⟩ = ⟨17, ⋯⟩ then 1 else 0) <
      512 ^
        (![24, 24, 24, 24, 24, 24, 24, 24, 24, 38, 24, 38, 24, 46, 24, 29, 24, 29, 24, 29, 24, 29, 24] ⟨8, ⋯⟩ - 22) ∧
    (-if ⟨36, ⋯⟩ = ⟨17, ⋯⟩ then 1 else 0) <
      512 ^
          (![24, 24, 24, 24, 24, 24, 24, 24, 24, 38, 24, 38, 24, 46, 24, 29, 24, 29, 24, 29, 24, 29, 24] ⟨8, ⋯⟩ - 22) +
        if ⟨36, ⋯⟩ = ⟨8, ⋯⟩ then 1 else 0

case «8».«37»
⊢ ((if ⟨37, ⋯⟩ = ⟨8, ⋯⟩ then 1 else 0) + if ⟨37, ⋯⟩ = ⟨17, ⋯⟩ then 1 else 0) <
      512 ^
        (![24, 24, 24, 24, 24, 24, 24, 24, 24, 38, 24, 38, 24, 46, 24, 29, 24, 29, 24, 29, 24, 29, 24] ⟨8, ⋯⟩ - 22) ∧
    (-if ⟨37, ⋯⟩ = ⟨17, ⋯⟩ then 1 else 0) <
      512 ^
          (![24, 24, 24, 24, 24, 24, 24, 24, 24, 38, 24, 38, 24, 46, 24, 29, 24, 29, 24, 29, 24, 29, 24] ⟨8, ⋯⟩ - 22) +
        if ⟨37, ⋯⟩ = ⟨8, ⋯⟩ then 1 else 0

case «8».«38»
⊢ ((if ⟨38, ⋯⟩ = ⟨8, ⋯⟩ then 1 else 0) + if ⟨38, ⋯⟩ = ⟨17, ⋯⟩ then 1 else 0) <
      512 ^
        (![24, 24, 24, 24, 24, 24, 24, 24, 24, 38, 24, 38, 24, 46, 24, 29, 24, 29, 24, 29, 24, 29, 24] ⟨8, ⋯⟩ - 22) ∧
    (-if ⟨38, ⋯⟩ = ⟨17, ⋯⟩ then 1 else 0) <
      512 ^
          (![24, 24, 24, 24, 24, 24, 24, 24, 24, 38, 24, 38, 24, 46, 24, 29, 24, 29, 24, 29, 24, 29, 24] ⟨8, ⋯⟩ - 22) +
        if ⟨38, ⋯⟩ = ⟨8, ⋯⟩ then 1 else 0

case «9».«0»
⊢ 2 *
          ((if ⟨0, ⋯⟩ = ⟨0, ⋯⟩ then 6462660684668064957491172676462008040 else 0) +
            ((if ⟨0, ⋯⟩ = ⟨1, ⋯⟩ then 38043273707654392047674560446914897400 else 0) +
              ((if ⟨0, ⋯⟩ = ⟨2, ⋯⟩ then 3371079614592695393887029560861557126 else 0) +
                ((if ⟨0, ⋯⟩ = ⟨3, ⋯⟩ then 26723388101617515340109680663106361594 else 0) +
                  ((if ⟨0, ⋯⟩ = ⟨4, ⋯⟩ then 23127040988547996053670349574621768549 else 0) +
                    ((if ⟨0, ⋯⟩ = ⟨5, ⋯⟩ then 6207497106735539164356863494087357064 else 0) +
                      ((if ⟨0, ⋯⟩ = ⟨6, ⋯⟩ then 31448172221565815653924205611241172935 else 0) +
                        ((if ⟨0, ⋯⟩ = ⟨7, ⋯⟩ then 1535584099207584990581808172289593284 else 0) +
                          if ⟨0, ⋯⟩ = ⟨8, ⋯⟩ then 33222486935879628129991633516299389736 else 0)))))))) +
        ((-if ⟨0, ⋯⟩ = ⟨19, ⋯⟩ then 1 else 0) +
          -if ⟨0, ⋯⟩ = ⟨18, ⋯⟩ then 85070591730234615865843651857942052864 else 0) <
      512 ^
        (![24, 24, 24, 24, 24, 24, 24, 24, 24, 38, 24, 38, 24, 46, 24, 29, 24, 29, 24, 29, 24, 29, 24] ⟨9, ⋯⟩ - 22) ∧
    ((if ⟨0, ⋯⟩ = ⟨18, ⋯⟩ then 85070591730234615865843651857942052864 else 0) + if ⟨0, ⋯⟩ = ⟨19, ⋯⟩ then 1 else 0) <
      512 ^
          (![24, 24, 24, 24, 24, 24, 24, 24, 24, 38, 24, 38, 24, 46, 24, 29, 24, 29, 24, 29, 24, 29, 24] ⟨9, ⋯⟩ - 22) +
        2 *
          ((if ⟨0, ⋯⟩ = ⟨0, ⋯⟩ then 6462660684668064957491172676462008040 else 0) +
            ((if ⟨0, ⋯⟩ = ⟨1, ⋯⟩ then 38043273707654392047674560446914897400 else 0) +
              ((if ⟨0, ⋯⟩ = ⟨2, ⋯⟩ then 3371079614592695393887029560861557126 else 0) +
                ((if ⟨0, ⋯⟩ = ⟨3, ⋯⟩ then 26723388101617515340109680663106361594 else 0) +
                  ((if ⟨0, ⋯⟩ = ⟨4, ⋯⟩ then 23127040988547996053670349574621768549 else 0) +
                    ((if ⟨0, ⋯⟩ = ⟨5, ⋯⟩ then 6207497106735539164356863494087357064 else 0) +
                      ((if ⟨0, ⋯⟩ = ⟨6, ⋯⟩ then 31448172221565815653924205611241172935 else 0) +
                        ((if ⟨0, ⋯⟩ = ⟨7, ⋯⟩ then 1535584099207584990581808172289593284 else 0) +
                          if ⟨0, ⋯⟩ = ⟨8, ⋯⟩ then 33222486935879628129991633516299389736 else 0))))))))

case «9».«1»
⊢ 2 *
          ((if ⟨1, ⋯⟩ = ⟨0, ⋯⟩ then 6462660684668064957491172676462008040 else 0) +
            ((if ⟨1, ⋯⟩ = ⟨1, ⋯⟩ then 38043273707654392047674560446914897400 else 0) +
              ((if ⟨1, ⋯⟩ = ⟨2, ⋯⟩ then 3371079614592695393887029560861557126 else 0) +
                ((if ⟨1, ⋯⟩ = ⟨3, ⋯⟩ then 26723388101617515340109680663106361594 else 0) +
                  ((if ⟨1, ⋯⟩ = ⟨4, ⋯⟩ then 23127040988547996053670349574621768549 else 0) +
                    ((if ⟨1, ⋯⟩ = ⟨5, ⋯⟩ then 6207497106735539164356863494087357064 else 0) +
                      ((if ⟨1, ⋯⟩ = ⟨6, ⋯⟩ then 31448172221565815653924205611241172935 else 0) +
                        ((if ⟨1, ⋯⟩ = ⟨7, ⋯⟩ then 1535584099207584990581808172289593284 else 0) +
                          if ⟨1, ⋯⟩ = ⟨8, ⋯⟩ then 33222486935879628129991633516299389736 else 0)))))))) +
        ((-if ⟨1, ⋯⟩ = ⟨19, ⋯⟩ then 1 else 0) +
          -if ⟨1, ⋯⟩ = ⟨18, ⋯⟩ then 85070591730234615865843651857942052864 else 0) <
      512 ^
        (![24, 24, 24, 24, 24, 24, 24, 24, 24, 38, 24, 38, 24, 46, 24, 29, 24, 29, 24, 29, 24, 29, 24] ⟨9, ⋯⟩ - 22) ∧
    ((if ⟨1, ⋯⟩ = ⟨18, ⋯⟩ then 85070591730234615865843651857942052864 else 0) + if ⟨1, ⋯⟩ = ⟨19, ⋯⟩ then 1 else 0) <
      512 ^
          (![24, 24, 24, 24, 24, 24, 24, 24, 24, 38, 24, 38, 24, 46, 24, 29, 24, 29, 24, 29, 24, 29, 24] ⟨9, ⋯⟩ - 22) +
        2 *
          ((if ⟨1, ⋯⟩ = ⟨0, ⋯⟩ then 6462660684668064957491172676462008040 else 0) +
            ((if ⟨1, ⋯⟩ = ⟨1, ⋯⟩ then 38043273707654392047674560446914897400 else 0) +
              ((if ⟨1, ⋯⟩ = ⟨2, ⋯⟩ then 3371079614592695393887029560861557126 else 0) +
                ((if ⟨1, ⋯⟩ = ⟨3, ⋯⟩ then 26723388101617515340109680663106361594 else 0) +
                  ((if ⟨1, ⋯⟩ = ⟨4, ⋯⟩ then 23127040988547996053670349574621768549 else 0) +
                    ((if ⟨1, ⋯⟩ = ⟨5, ⋯⟩ then 6207497106735539164356863494087357064 else 0) +
                      ((if ⟨1, ⋯⟩ = ⟨6, ⋯⟩ then 31448172221565815653924205611241172935 else 0) +
                        ((if ⟨1, ⋯⟩ = ⟨7, ⋯⟩ then 1535584099207584990581808172289593284 else 0) +
                          if ⟨1, ⋯⟩ = ⟨8, ⋯⟩ then 33222486935879628129991633516299389736 else 0))))))))

case «9».«2»
⊢ 2 *
          ((if ⟨2, ⋯⟩ = ⟨0, ⋯⟩ then 6462660684668064957491172676462008040 else 0) +
            ((if ⟨2, ⋯⟩ = ⟨1, ⋯⟩ then 38043273707654392047674560446914897400 else 0) +
              ((if ⟨2, ⋯⟩ = ⟨2, ⋯⟩ then 3371079614592695393887029560861557126 else 0) +
                ((if ⟨2, ⋯⟩ = ⟨3, ⋯⟩ then 26723388101617515340109680663106361594 else 0) +
                  ((if ⟨2, ⋯⟩ = ⟨4, ⋯⟩ then 23127040988547996053670349574621768549 else 0) +
                    ((if ⟨2, ⋯⟩ = ⟨5, ⋯⟩ then 6207497106735539164356863494087357064 else 0) +
                      ((if ⟨2, ⋯⟩ = ⟨6, ⋯⟩ then 31448172221565815653924205611241172935 else 0) +
                        ((if ⟨2, ⋯⟩ = ⟨7, ⋯⟩ then 1535584099207584990581808172289593284 else 0) +
                          if ⟨2, ⋯⟩ = ⟨8, ⋯⟩ then 33222486935879628129991633516299389736 else 0)))))))) +
        ((-if ⟨2, ⋯⟩ = ⟨19, ⋯⟩ then 1 else 0) +
          -if ⟨2, ⋯⟩ = ⟨18, ⋯⟩ then 85070591730234615865843651857942052864 else 0) <
      512 ^
        (![24, 24, 24, 24, 24, 24, 24, 24, 24, 38, 24, 38, 24, 46, 24, 29, 24, 29, 24, 29, 24, 29, 24] ⟨9, ⋯⟩ - 22) ∧
    ((if ⟨2, ⋯⟩ = ⟨18, ⋯⟩ then 85070591730234615865843651857942052864 else 0) + if ⟨2, ⋯⟩ = ⟨19, ⋯⟩ then 1 else 0) <
      512 ^
          (![24, 24, 24, 24, 24, 24, 24, 24, 24, 38, 24, 38, 24, 46, 24, 29, 24, 29, 24, 29, 24, 29, 24] ⟨9, ⋯⟩ - 22) +
        2 *
          ((if ⟨2, ⋯⟩ = ⟨0, ⋯⟩ then 6462660684668064957491172676462008040 else 0) +
            ((if ⟨2, ⋯⟩ = ⟨1, ⋯⟩ then 38043273707654392047674560446914897400 else 0) +
              ((if ⟨2, ⋯⟩ = ⟨2, ⋯⟩ then 3371079614592695393887029560861557126 else 0) +
                ((if ⟨2, ⋯⟩ = ⟨3, ⋯⟩ then 26723388101617515340109680663106361594 else 0) +
                  ((if ⟨2, ⋯⟩ = ⟨4, ⋯⟩ then 23127040988547996053670349574621768549 else 0) +
                    ((if ⟨2, ⋯⟩ = ⟨5, ⋯⟩ then 6207497106735539164356863494087357064 else 0) +
                      ((if ⟨2, ⋯⟩ = ⟨6, ⋯⟩ then 31448172221565815653924205611241172935 else 0) +
                        ((if ⟨2, ⋯⟩ = ⟨7, ⋯⟩ then 1535584099207584990581808172289593284 else 0) +
                          if ⟨2, ⋯⟩ = ⟨8, ⋯⟩ then 33222486935879628129991633516299389736 else 0))))))))

case «9».«3»
⊢ 2 *
          ((if ⟨3, ⋯⟩ = ⟨0, ⋯⟩ then 6462660684668064957491172676462008040 else 0) +
            ((if ⟨3, ⋯⟩ = ⟨1, ⋯⟩ then 38043273707654392047674560446914897400 else 0) +
              ((if ⟨3, ⋯⟩ = ⟨2, ⋯⟩ then 3371079614592695393887029560861557126 else 0) +
                ((if ⟨3, ⋯⟩ = ⟨3, ⋯⟩ then 26723388101617515340109680663106361594 else 0) +
                  ((if ⟨3, ⋯⟩ = ⟨4, ⋯⟩ then 23127040988547996053670349574621768549 else 0) +
                    ((if ⟨3, ⋯⟩ = ⟨5, ⋯⟩ then 6207497106735539164356863494087357064 else 0) +
                      ((if ⟨3, ⋯⟩ = ⟨6, ⋯⟩ then 31448172221565815653924205611241172935 else 0) +
                        ((if ⟨3, ⋯⟩ = ⟨7, ⋯⟩ then 1535584099207584990581808172289593284 else 0) +
                          if ⟨3, ⋯⟩ = ⟨8, ⋯⟩ then 33222486935879628129991633516299389736 else 0)))))))) +
        ((-if ⟨3, ⋯⟩ = ⟨19, ⋯⟩ then 1 else 0) +
          -if ⟨3, ⋯⟩ = ⟨18, ⋯⟩ then 85070591730234615865843651857942052864 else 0) <
      512 ^
        (![24, 24, 24, 24, 24, 24, 24, 24, 24, 38, 24, 38, 24, 46, 24, 29, 24, 29, 24, 29, 24, 29, 24] ⟨9, ⋯⟩ - 22) ∧
    ((if ⟨3, ⋯⟩ = ⟨18, ⋯⟩ then 85070591730234615865843651857942052864 else 0) + if ⟨3, ⋯⟩ = ⟨19, ⋯⟩ then 1 else 0) <
      512 ^
          (![24, 24, 24, 24, 24, 24, 24, 24, 24, 38, 24, 38, 24, 46, 24, 29, 24, 29, 24, 29, 24, 29, 24] ⟨9, ⋯⟩ - 22) +
        2 *
          ((if ⟨3, ⋯⟩ = ⟨0, ⋯⟩ then 6462660684668064957491172676462008040 else 0) +
            ((if ⟨3, ⋯⟩ = ⟨1, ⋯⟩ then 38043273707654392047674560446914897400 else 0) +
              ((if ⟨3, ⋯⟩ = ⟨2, ⋯⟩ then 3371079614592695393887029560861557126 else 0) +
                ((if ⟨3, ⋯⟩ = ⟨3, ⋯⟩ then 26723388101617515340109680663106361594 else 0) +
                  ((if ⟨3, ⋯⟩ = ⟨4, ⋯⟩ then 23127040988547996053670349574621768549 else 0) +
                    ((if ⟨3, ⋯⟩ = ⟨5, ⋯⟩ then 6207497106735539164356863494087357064 else 0) +
                      ((if ⟨3, ⋯⟩ = ⟨6, ⋯⟩ then 31448172221565815653924205611241172935 else 0) +
                        ((if ⟨3, ⋯⟩ = ⟨7, ⋯⟩ then 1535584099207584990581808172289593284 else 0) +
                          if ⟨3, ⋯⟩ = ⟨8, ⋯⟩ then 33222486935879628129991633516299389736 else 0))))))))

case «9».«4»
⊢ 2 *
          ((if ⟨4, ⋯⟩ = ⟨0, ⋯⟩ then 6462660684668064957491172676462008040 else 0) +
            ((if ⟨4, ⋯⟩ = ⟨1, ⋯⟩ then 38043273707654392047674560446914897400 else 0) +
              ((if ⟨4, ⋯⟩ = ⟨2, ⋯⟩ then 3371079614592695393887029560861557126 else 0) +
                ((if ⟨4, ⋯⟩ = ⟨3, ⋯⟩ then 26723388101617515340109680663106361594 else 0) +
                  ((if ⟨4, ⋯⟩ = ⟨4, ⋯⟩ then 23127040988547996053670349574621768549 else 0) +
                    ((if ⟨4, ⋯⟩ = ⟨5, ⋯⟩ then 6207497106735539164356863494087357064 else 0) +
                      ((if ⟨4, ⋯⟩ = ⟨6, ⋯⟩ then 31448172221565815653924205611241172935 else 0) +
                        ((if ⟨4, ⋯⟩ = ⟨7, ⋯⟩ then 1535584099207584990581808172289593284 else 0) +
                          if ⟨4, ⋯⟩ = ⟨8, ⋯⟩ then 33222486935879628129991633516299389736 else 0)))))))) +
        ((-if ⟨4, ⋯⟩ = ⟨19, ⋯⟩ then 1 else 0) +
          -if ⟨4, ⋯⟩ = ⟨18, ⋯⟩ then 85070591730234615865843651857942052864 else 0) <
      512 ^
        (![24, 24, 24, 24, 24, 24, 24, 24, 24, 38, 24, 38, 24, 46, 24, 29, 24, 29, 24, 29, 24, 29, 24] ⟨9, ⋯⟩ - 22) ∧
    ((if ⟨4, ⋯⟩ = ⟨18, ⋯⟩ then 85070591730234615865843651857942052864 else 0) + if ⟨4, ⋯⟩ = ⟨19, ⋯⟩ then 1 else 0) <
      512 ^
          (![24, 24, 24, 24, 24, 24, 24, 24, 24, 38, 24, 38, 24, 46, 24, 29, 24, 29, 24, 29, 24, 29, 24] ⟨9, ⋯⟩ - 22) +
        2 *
          ((if ⟨4, ⋯⟩ = ⟨0, ⋯⟩ then 6462660684668064957491172676462008040 else 0) +
            ((if ⟨4, ⋯⟩ = ⟨1, ⋯⟩ then 38043273707654392047674560446914897400 else 0) +
              ((if ⟨4, ⋯⟩ = ⟨2, ⋯⟩ then 3371079614592695393887029560861557126 else 0) +
                ((if ⟨4, ⋯⟩ = ⟨3, ⋯⟩ then 26723388101617515340109680663106361594 else 0) +
                  ((if ⟨4, ⋯⟩ = ⟨4, ⋯⟩ then 23127040988547996053670349574621768549 else 0) +
                    ((if ⟨4, ⋯⟩ = ⟨5, ⋯⟩ then 6207497106735539164356863494087357064 else 0) +
                      ((if ⟨4, ⋯⟩ = ⟨6, ⋯⟩ then 31448172221565815653924205611241172935 else 0) +
                        ((if ⟨4, ⋯⟩ = ⟨7, ⋯⟩ then 1535584099207584990581808172289593284 else 0) +
                          if ⟨4, ⋯⟩ = ⟨8, ⋯⟩ then 33222486935879628129991633516299389736 else 0))))))))

case «9».«5»
⊢ 2 *
          ((if ⟨5, ⋯⟩ = ⟨0, ⋯⟩ then 6462660684668064957491172676462008040 else 0) +
            ((if ⟨5, ⋯⟩ = ⟨1, ⋯⟩ then 38043273707654392047674560446914897400 else 0) +
              ((if ⟨5, ⋯⟩ = ⟨2, ⋯⟩ then 3371079614592695393887029560861557126 else 0) +
                ((if ⟨5, ⋯⟩ = ⟨3, ⋯⟩ then 26723388101617515340109680663106361594 else 0) +
                  ((if ⟨5, ⋯⟩ = ⟨4, ⋯⟩ then 23127040988547996053670349574621768549 else 0) +
                    ((if ⟨5, ⋯⟩ = ⟨5, ⋯⟩ then 6207497106735539164356863494087357064 else 0) +
                      ((if ⟨5, ⋯⟩ = ⟨6, ⋯⟩ then 31448172221565815653924205611241172935 else 0) +
                        ((if ⟨5, ⋯⟩ = ⟨7, ⋯⟩ then 1535584099207584990581808172289593284 else 0) +
                          if ⟨5, ⋯⟩ = ⟨8, ⋯⟩ then 33222486935879628129991633516299389736 else 0)))))))) +
        ((-if ⟨5, ⋯⟩ = ⟨19, ⋯⟩ then 1 else 0) +
          -if ⟨5, ⋯⟩ = ⟨18, ⋯⟩ then 85070591730234615865843651857942052864 else 0) <
      512 ^
        (![24, 24, 24, 24, 24, 24, 24, 24, 24, 38, 24, 38, 24, 46, 24, 29, 24, 29, 24, 29, 24, 29, 24] ⟨9, ⋯⟩ - 22) ∧
    ((if ⟨5, ⋯⟩ = ⟨18, ⋯⟩ then 85070591730234615865843651857942052864 else 0) + if ⟨5, ⋯⟩ = ⟨19, ⋯⟩ then 1 else 0) <
      512 ^
          (![24, 24, 24, 24, 24, 24, 24, 24, 24, 38, 24, 38, 24, 46, 24, 29, 24, 29, 24, 29, 24, 29, 24] ⟨9, ⋯⟩ - 22) +
        2 *
          ((if ⟨5, ⋯⟩ = ⟨0, ⋯⟩ then 6462660684668064957491172676462008040 else 0) +
            ((if ⟨5, ⋯⟩ = ⟨1, ⋯⟩ then 38043273707654392047674560446914897400 else 0) +
              ((if ⟨5, ⋯⟩ = ⟨2, ⋯⟩ then 3371079614592695393887029560861557126 else 0) +
                ((if ⟨5, ⋯⟩ = ⟨3, ⋯⟩ then 26723388101617515340109680663106361594 else 0) +
                  ((if ⟨5, ⋯⟩ = ⟨4, ⋯⟩ then 23127040988547996053670349574621768549 else 0) +
                    ((if ⟨5, ⋯⟩ = ⟨5, ⋯⟩ then 6207497106735539164356863494087357064 else 0) +
                      ((if ⟨5, ⋯⟩ = ⟨6, ⋯⟩ then 31448172221565815653924205611241172935 else 0) +
                        ((if ⟨5, ⋯⟩ = ⟨7, ⋯⟩ then 1535584099207584990581808172289593284 else 0) +
                          if ⟨5, ⋯⟩ = ⟨8, ⋯⟩ then 33222486935879628129991633516299389736 else 0))))))))

case «9».«6»
⊢ 2 *
          ((if ⟨6, ⋯⟩ = ⟨0, ⋯⟩ then 6462660684668064957491172676462008040 else 0) +
            ((if ⟨6, ⋯⟩ = ⟨1, ⋯⟩ then 38043273707654392047674560446914897400 else 0) +
              ((if ⟨6, ⋯⟩ = ⟨2, ⋯⟩ then 3371079614592695393887029560861557126 else 0) +
                ((if ⟨6, ⋯⟩ = ⟨3, ⋯⟩ then 26723388101617515340109680663106361594 else 0) +
                  ((if ⟨6, ⋯⟩ = ⟨4, ⋯⟩ then 23127040988547996053670349574621768549 else 0) +
                    ((if ⟨6, ⋯⟩ = ⟨5, ⋯⟩ then 6207497106735539164356863494087357064 else 0) +
                      ((if ⟨6, ⋯⟩ = ⟨6, ⋯⟩ then 31448172221565815653924205611241172935 else 0) +
                        ((if ⟨6, ⋯⟩ = ⟨7, ⋯⟩ then 1535584099207584990581808172289593284 else 0) +
                          if ⟨6, ⋯⟩ = ⟨8, ⋯⟩ then 33222486935879628129991633516299389736 else 0)))))))) +
        ((-if ⟨6, ⋯⟩ = ⟨19, ⋯⟩ then 1 else 0) +
          -if ⟨6, ⋯⟩ = ⟨18, ⋯⟩ then 85070591730234615865843651857942052864 else 0) <
      512 ^
        (![24, 24, 24, 24, 24, 24, 24, 24, 24, 38, 24, 38, 24, 46, 24, 29, 24, 29, 24, 29, 24, 29, 24] ⟨9, ⋯⟩ - 22) ∧
    ((if ⟨6, ⋯⟩ = ⟨18, ⋯⟩ then 85070591730234615865843651857942052864 else 0) + if ⟨6, ⋯⟩ = ⟨19, ⋯⟩ then 1 else 0) <
      512 ^
          (![24, 24, 24, 24, 24, 24, 24, 24, 24, 38, 24, 38, 24, 46, 24, 29, 24, 29, 24, 29, 24, 29, 24] ⟨9, ⋯⟩ - 22) +
        2 *
          ((if ⟨6, ⋯⟩ = ⟨0, ⋯⟩ then 6462660684668064957491172676462008040 else 0) +
            ((if ⟨6, ⋯⟩ = ⟨1, ⋯⟩ then 38043273707654392047674560446914897400 else 0) +
              ((if ⟨6, ⋯⟩ = ⟨2, ⋯⟩ then 3371079614592695393887029560861557126 else 0) +
                ((if ⟨6, ⋯⟩ = ⟨3, ⋯⟩ then 26723388101617515340109680663106361594 else 0) +
                  ((if ⟨6, ⋯⟩ = ⟨4, ⋯⟩ then 23127040988547996053670349574621768549 else 0) +
                    ((if ⟨6, ⋯⟩ = ⟨5, ⋯⟩ then 6207497106735539164356863494087357064 else 0) +
                      ((if ⟨6, ⋯⟩ = ⟨6, ⋯⟩ then 31448172221565815653924205611241172935 else 0) +
                        ((if ⟨6, ⋯⟩ = ⟨7, ⋯⟩ then 1535584099207584990581808172289593284 else 0) +
                          if ⟨6, ⋯⟩ = ⟨8, ⋯⟩ then 33222486935879628129991633516299389736 else 0))))))))

case «9».«7»
⊢ 2 *
          ((if ⟨7, ⋯⟩ = ⟨0, ⋯⟩ then 6462660684668064957491172676462008040 else 0) +
            ((if ⟨7, ⋯⟩ = ⟨1, ⋯⟩ then 38043273707654392047674560446914897400 else 0) +
              ((if ⟨7, ⋯⟩ = ⟨2, ⋯⟩ then 3371079614592695393887029560861557126 else 0) +
                ((if ⟨7, ⋯⟩ = ⟨3, ⋯⟩ then 26723388101617515340109680663106361594 else 0) +
                  ((if ⟨7, ⋯⟩ = ⟨4, ⋯⟩ then 23127040988547996053670349574621768549 else 0) +
                    ((if ⟨7, ⋯⟩ = ⟨5, ⋯⟩ then 6207497106735539164356863494087357064 else 0) +
                      ((if ⟨7, ⋯⟩ = ⟨6, ⋯⟩ then 31448172221565815653924205611241172935 else 0) +
                        ((if ⟨7, ⋯⟩ = ⟨7, ⋯⟩ then 1535584099207584990581808172289593284 else 0) +
                          if ⟨7, ⋯⟩ = ⟨8, ⋯⟩ then 33222486935879628129991633516299389736 else 0)))))))) +
        ((-if ⟨7, ⋯⟩ = ⟨19, ⋯⟩ then 1 else 0) +
          -if ⟨7, ⋯⟩ = ⟨18, ⋯⟩ then 85070591730234615865843651857942052864 else 0) <
      512 ^
        (![24, 24, 24, 24, 24, 24, 24, 24, 24, 38, 24, 38, 24, 46, 24, 29, 24, 29, 24, 29, 24, 29, 24] ⟨9, ⋯⟩ - 22) ∧
    ((if ⟨7, ⋯⟩ = ⟨18, ⋯⟩ then 85070591730234615865843651857942052864 else 0) + if ⟨7, ⋯⟩ = ⟨19, ⋯⟩ then 1 else 0) <
      512 ^
          (![24, 24, 24, 24, 24, 24, 24, 24, 24, 38, 24, 38, 24, 46, 24, 29, 24, 29, 24, 29, 24, 29, 24] ⟨9, ⋯⟩ - 22) +
        2 *
          ((if ⟨7, ⋯⟩ = ⟨0, ⋯⟩ then 6462660684668064957491172676462008040 else 0) +
            ((if ⟨7, ⋯⟩ = ⟨1, ⋯⟩ then 38043273707654392047674560446914897400 else 0) +
              ((if ⟨7, ⋯⟩ = ⟨2, ⋯⟩ then 3371079614592695393887029560861557126 else 0) +
                ((if ⟨7, ⋯⟩ = ⟨3, ⋯⟩ then 26723388101617515340109680663106361594 else 0) +
                  ((if ⟨7, ⋯⟩ = ⟨4, ⋯⟩ then 23127040988547996053670349574621768549 else 0) +
                    ((if ⟨7, ⋯⟩ = ⟨5, ⋯⟩ then 6207497106735539164356863494087357064 else 0) +
                      ((if ⟨7, ⋯⟩ = ⟨6, ⋯⟩ then 31448172221565815653924205611241172935 else 0) +
                        ((if ⟨7, ⋯⟩ = ⟨7, ⋯⟩ then 1535584099207584990581808172289593284 else 0) +
                          if ⟨7, ⋯⟩ = ⟨8, ⋯⟩ then 33222486935879628129991633516299389736 else 0))))))))

case «9».«8»
⊢ 2 *
          ((if ⟨8, ⋯⟩ = ⟨0, ⋯⟩ then 6462660684668064957491172676462008040 else 0) +
            ((if ⟨8, ⋯⟩ = ⟨1, ⋯⟩ then 38043273707654392047674560446914897400 else 0) +
              ((if ⟨8, ⋯⟩ = ⟨2, ⋯⟩ then 3371079614592695393887029560861557126 else 0) +
                ((if ⟨8, ⋯⟩ = ⟨3, ⋯⟩ then 26723388101617515340109680663106361594 else 0) +
                  ((if ⟨8, ⋯⟩ = ⟨4, ⋯⟩ then 23127040988547996053670349574621768549 else 0) +
                    ((if ⟨8, ⋯⟩ = ⟨5, ⋯⟩ then 6207497106735539164356863494087357064 else 0) +
                      ((if ⟨8, ⋯⟩ = ⟨6, ⋯⟩ then 31448172221565815653924205611241172935 else 0) +
                        ((if ⟨8, ⋯⟩ = ⟨7, ⋯⟩ then 1535584099207584990581808172289593284 else 0) +
                          if ⟨8, ⋯⟩ = ⟨8, ⋯⟩ then 33222486935879628129991633516299389736 else 0)))))))) +
        ((-if ⟨8, ⋯⟩ = ⟨19, ⋯⟩ then 1 else 0) +
          -if ⟨8, ⋯⟩ = ⟨18, ⋯⟩ then 85070591730234615865843651857942052864 else 0) <
      512 ^
        (![24, 24, 24, 24, 24, 24, 24, 24, 24, 38, 24, 38, 24, 46, 24, 29, 24, 29, 24, 29, 24, 29, 24] ⟨9, ⋯⟩ - 22) ∧
    ((if ⟨8, ⋯⟩ = ⟨18, ⋯⟩ then 85070591730234615865843651857942052864 else 0) + if ⟨8, ⋯⟩ = ⟨19, ⋯⟩ then 1 else 0) <
      512 ^
          (![24, 24, 24, 24, 24, 24, 24, 24, 24, 38, 24, 38, 24, 46, 24, 29, 24, 29, 24, 29, 24, 29, 24] ⟨9, ⋯⟩ - 22) +
        2 *
          ((if ⟨8, ⋯⟩ = ⟨0, ⋯⟩ then 6462660684668064957491172676462008040 else 0) +
            ((if ⟨8, ⋯⟩ = ⟨1, ⋯⟩ then 38043273707654392047674560446914897400 else 0) +
              ((if ⟨8, ⋯⟩ = ⟨2, ⋯⟩ then 3371079614592695393887029560861557126 else 0) +
                ((if ⟨8, ⋯⟩ = ⟨3, ⋯⟩ then 26723388101617515340109680663106361594 else 0) +
                  ((if ⟨8, ⋯⟩ = ⟨4, ⋯⟩ then 23127040988547996053670349574621768549 else 0) +
                    ((if ⟨8, ⋯⟩ = ⟨5, ⋯⟩ then 6207497106735539164356863494087357064 else 0) +
                      ((if ⟨8, ⋯⟩ = ⟨6, ⋯⟩ then 31448172221565815653924205611241172935 else 0) +
                        ((if ⟨8, ⋯⟩ = ⟨7, ⋯⟩ then 1535584099207584990581808172289593284 else 0) +
                          if ⟨8, ⋯⟩ = ⟨8, ⋯⟩ then 33222486935879628129991633516299389736 else 0))))))))

case «9».«9»
⊢ 2 *
          ((if ⟨9, ⋯⟩ = ⟨0, ⋯⟩ then 6462660684668064957491172676462008040 else 0) +
            ((if ⟨9, ⋯⟩ = ⟨1, ⋯⟩ then 38043273707654392047674560446914897400 else 0) +
              ((if ⟨9, ⋯⟩ = ⟨2, ⋯⟩ then 3371079614592695393887029560861557126 else 0) +
                ((if ⟨9, ⋯⟩ = ⟨3, ⋯⟩ then 26723388101617515340109680663106361594 else 0) +
                  ((if ⟨9, ⋯⟩ = ⟨4, ⋯⟩ then 23127040988547996053670349574621768549 else 0) +
                    ((if ⟨9, ⋯⟩ = ⟨5, ⋯⟩ then 6207497106735539164356863494087357064 else 0) +
                      ((if ⟨9, ⋯⟩ = ⟨6, ⋯⟩ then 31448172221565815653924205611241172935 else 0) +
                        ((if ⟨9, ⋯⟩ = ⟨7, ⋯⟩ then 1535584099207584990581808172289593284 else 0) +
                          if ⟨9, ⋯⟩ = ⟨8, ⋯⟩ then 33222486935879628129991633516299389736 else 0)))))))) +
        ((-if ⟨9, ⋯⟩ = ⟨19, ⋯⟩ then 1 else 0) +
          -if ⟨9, ⋯⟩ = ⟨18, ⋯⟩ then 85070591730234615865843651857942052864 else 0) <
      512 ^
        (![24, 24, 24, 24, 24, 24, 24, 24, 24, 38, 24, 38, 24, 46, 24, 29, 24, 29, 24, 29, 24, 29, 24] ⟨9, ⋯⟩ - 22) ∧
    ((if ⟨9, ⋯⟩ = ⟨18, ⋯⟩ then 85070591730234615865843651857942052864 else 0) + if ⟨9, ⋯⟩ = ⟨19, ⋯⟩ then 1 else 0) <
      512 ^
          (![24, 24, 24, 24, 24, 24, 24, 24, 24, 38, 24, 38, 24, 46, 24, 29, 24, 29, 24, 29, 24, 29, 24] ⟨9, ⋯⟩ - 22) +
        2 *
          ((if ⟨9, ⋯⟩ = ⟨0, ⋯⟩ then 6462660684668064957491172676462008040 else 0) +
            ((if ⟨9, ⋯⟩ = ⟨1, ⋯⟩ then 38043273707654392047674560446914897400 else 0) +
              ((if ⟨9, ⋯⟩ = ⟨2, ⋯⟩ then 3371079614592695393887029560861557126 else 0) +
                ((if ⟨9, ⋯⟩ = ⟨3, ⋯⟩ then 26723388101617515340109680663106361594 else 0) +
                  ((if ⟨9, ⋯⟩ = ⟨4, ⋯⟩ then 23127040988547996053670349574621768549 else 0) +
                    ((if ⟨9, ⋯⟩ = ⟨5, ⋯⟩ then 6207497106735539164356863494087357064 else 0) +
                      ((if ⟨9, ⋯⟩ = ⟨6, ⋯⟩ then 31448172221565815653924205611241172935 else 0) +
                        ((if ⟨9, ⋯⟩ = ⟨7, ⋯⟩ then 1535584099207584990581808172289593284 else 0) +
                          if ⟨9, ⋯⟩ = ⟨8, ⋯⟩ then 33222486935879628129991633516299389736 else 0))))))))

case «9».«10»
⊢ 2 *
          ((if ⟨10, ⋯⟩ = ⟨0, ⋯⟩ then 6462660684668064957491172676462008040 else 0) +
            ((if ⟨10, ⋯⟩ = ⟨1, ⋯⟩ then 38043273707654392047674560446914897400 else 0) +
              ((if ⟨10, ⋯⟩ = ⟨2, ⋯⟩ then 3371079614592695393887029560861557126 else 0) +
                ((if ⟨10, ⋯⟩ = ⟨3, ⋯⟩ then 26723388101617515340109680663106361594 else 0) +
                  ((if ⟨10, ⋯⟩ = ⟨4, ⋯⟩ then 23127040988547996053670349574621768549 else 0) +
                    ((if ⟨10, ⋯⟩ = ⟨5, ⋯⟩ then 6207497106735539164356863494087357064 else 0) +
                      ((if ⟨10, ⋯⟩ = ⟨6, ⋯⟩ then 31448172221565815653924205611241172935 else 0) +
                        ((if ⟨10, ⋯⟩ = ⟨7, ⋯⟩ then 1535584099207584990581808172289593284 else 0) +
                          if ⟨10, ⋯⟩ = ⟨8, ⋯⟩ then 33222486935879628129991633516299389736 else 0)))))))) +
        ((-if ⟨10, ⋯⟩ = ⟨19, ⋯⟩ then 1 else 0) +
          -if ⟨10, ⋯⟩ = ⟨18, ⋯⟩ then 85070591730234615865843651857942052864 else 0) <
      512 ^
        (![24, 24, 24, 24, 24, 24, 24, 24, 24, 38, 24, 38, 24, 46, 24, 29, 24, 29, 24, 29, 24, 29, 24] ⟨9, ⋯⟩ - 22) ∧
    ((if ⟨10, ⋯⟩ = ⟨18, ⋯⟩ then 85070591730234615865843651857942052864 else 0) + if ⟨10, ⋯⟩ = ⟨19, ⋯⟩ then 1 else 0) <
      512 ^
          (![24, 24, 24, 24, 24, 24, 24, 24, 24, 38, 24, 38, 24, 46, 24, 29, 24, 29, 24, 29, 24, 29, 24] ⟨9, ⋯⟩ - 22) +
        2 *
          ((if ⟨10, ⋯⟩ = ⟨0, ⋯⟩ then 6462660684668064957491172676462008040 else 0) +
            ((if ⟨10, ⋯⟩ = ⟨1, ⋯⟩ then 38043273707654392047674560446914897400 else 0) +
              ((if ⟨10, ⋯⟩ = ⟨2, ⋯⟩ then 3371079614592695393887029560861557126 else 0) +
                ((if ⟨10, ⋯⟩ = ⟨3, ⋯⟩ then 26723388101617515340109680663106361594 else 0) +
                  ((if ⟨10, ⋯⟩ = ⟨4, ⋯⟩ then 23127040988547996053670349574621768549 else 0) +
                    ((if ⟨10, ⋯⟩ = ⟨5, ⋯⟩ then 6207497106735539164356863494087357064 else 0) +
                      ((if ⟨10, ⋯⟩ = ⟨6, ⋯⟩ then 31448172221565815653924205611241172935 else 0) +
                        ((if ⟨10, ⋯⟩ = ⟨7, ⋯⟩ then 1535584099207584990581808172289593284 else 0) +
                          if ⟨10, ⋯⟩ = ⟨8, ⋯⟩ then 33222486935879628129991633516299389736 else 0))))))))

case «9».«11»
⊢ 2 *
          ((if ⟨11, ⋯⟩ = ⟨0, ⋯⟩ then 6462660684668064957491172676462008040 else 0) +
            ((if ⟨11, ⋯⟩ = ⟨1, ⋯⟩ then 38043273707654392047674560446914897400 else 0) +
              ((if ⟨11, ⋯⟩ = ⟨2, ⋯⟩ then 3371079614592695393887029560861557126 else 0) +
                ((if ⟨11, ⋯⟩ = ⟨3, ⋯⟩ then 26723388101617515340109680663106361594 else 0) +
                  ((if ⟨11, ⋯⟩ = ⟨4, ⋯⟩ then 23127040988547996053670349574621768549 else 0) +
                    ((if ⟨11, ⋯⟩ = ⟨5, ⋯⟩ then 6207497106735539164356863494087357064 else 0) +
                      ((if ⟨11, ⋯⟩ = ⟨6, ⋯⟩ then 31448172221565815653924205611241172935 else 0) +
                        ((if ⟨11, ⋯⟩ = ⟨7, ⋯⟩ then 1535584099207584990581808172289593284 else 0) +
                          if ⟨11, ⋯⟩ = ⟨8, ⋯⟩ then 33222486935879628129991633516299389736 else 0)))))))) +
        ((-if ⟨11, ⋯⟩ = ⟨19, ⋯⟩ then 1 else 0) +
          -if ⟨11, ⋯⟩ = ⟨18, ⋯⟩ then 85070591730234615865843651857942052864 else 0) <
      512 ^
        (![24, 24, 24, 24, 24, 24, 24, 24, 24, 38, 24, 38, 24, 46, 24, 29, 24, 29, 24, 29, 24, 29, 24] ⟨9, ⋯⟩ - 22) ∧
    ((if ⟨11, ⋯⟩ = ⟨18, ⋯⟩ then 85070591730234615865843651857942052864 else 0) + if ⟨11, ⋯⟩ = ⟨19, ⋯⟩ then 1 else 0) <
      512 ^
          (![24, 24, 24, 24, 24, 24, 24, 24, 24, 38, 24, 38, 24, 46, 24, 29, 24, 29, 24, 29, 24, 29, 24] ⟨9, ⋯⟩ - 22) +
        2 *
          ((if ⟨11, ⋯⟩ = ⟨0, ⋯⟩ then 6462660684668064957491172676462008040 else 0) +
            ((if ⟨11, ⋯⟩ = ⟨1, ⋯⟩ then 38043273707654392047674560446914897400 else 0) +
              ((if ⟨11, ⋯⟩ = ⟨2, ⋯⟩ then 3371079614592695393887029560861557126 else 0) +
                ((if ⟨11, ⋯⟩ = ⟨3, ⋯⟩ then 26723388101617515340109680663106361594 else 0) +
                  ((if ⟨11, ⋯⟩ = ⟨4, ⋯⟩ then 23127040988547996053670349574621768549 else 0) +
                    ((if ⟨11, ⋯⟩ = ⟨5, ⋯⟩ then 6207497106735539164356863494087357064 else 0) +
                      ((if ⟨11, ⋯⟩ = ⟨6, ⋯⟩ then 31448172221565815653924205611241172935 else 0) +
                        ((if ⟨11, ⋯⟩ = ⟨7, ⋯⟩ then 1535584099207584990581808172289593284 else 0) +
                          if ⟨11, ⋯⟩ = ⟨8, ⋯⟩ then 33222486935879628129991633516299389736 else 0))))))))

case «9».«12»
⊢ 2 *
          ((if ⟨12, ⋯⟩ = ⟨0, ⋯⟩ then 6462660684668064957491172676462008040 else 0) +
            ((if ⟨12, ⋯⟩ = ⟨1, ⋯⟩ then 38043273707654392047674560446914897400 else 0) +
              ((if ⟨12, ⋯⟩ = ⟨2, ⋯⟩ then 3371079614592695393887029560861557126 else 0) +
                ((if ⟨12, ⋯⟩ = ⟨3, ⋯⟩ then 26723388101617515340109680663106361594 else 0) +
                  ((if ⟨12, ⋯⟩ = ⟨4, ⋯⟩ then 23127040988547996053670349574621768549 else 0) +
                    ((if ⟨12, ⋯⟩ = ⟨5, ⋯⟩ then 6207497106735539164356863494087357064 else 0) +
                      ((if ⟨12, ⋯⟩ = ⟨6, ⋯⟩ then 31448172221565815653924205611241172935 else 0) +
                        ((if ⟨12, ⋯⟩ = ⟨7, ⋯⟩ then 1535584099207584990581808172289593284 else 0) +
                          if ⟨12, ⋯⟩ = ⟨8, ⋯⟩ then 33222486935879628129991633516299389736 else 0)))))))) +
        ((-if ⟨12, ⋯⟩ = ⟨19, ⋯⟩ then 1 else 0) +
          -if ⟨12, ⋯⟩ = ⟨18, ⋯⟩ then 85070591730234615865843651857942052864 else 0) <
      512 ^
        (![24, 24, 24, 24, 24, 24, 24, 24, 24, 38, 24, 38, 24, 46, 24, 29, 24, 29, 24, 29, 24, 29, 24] ⟨9, ⋯⟩ - 22) ∧
    ((if ⟨12, ⋯⟩ = ⟨18, ⋯⟩ then 85070591730234615865843651857942052864 else 0) + if ⟨12, ⋯⟩ = ⟨19, ⋯⟩ then 1 else 0) <
      512 ^
          (![24, 24, 24, 24, 24, 24, 24, 24, 24, 38, 24, 38, 24, 46, 24, 29, 24, 29, 24, 29, 24, 29, 24] ⟨9, ⋯⟩ - 22) +
        2 *
          ((if ⟨12, ⋯⟩ = ⟨0, ⋯⟩ then 6462660684668064957491172676462008040 else 0) +
            ((if ⟨12, ⋯⟩ = ⟨1, ⋯⟩ then 38043273707654392047674560446914897400 else 0) +
              ((if ⟨12, ⋯⟩ = ⟨2, ⋯⟩ then 3371079614592695393887029560861557126 else 0) +
                ((if ⟨12, ⋯⟩ = ⟨3, ⋯⟩ then 26723388101617515340109680663106361594 else 0) +
                  ((if ⟨12, ⋯⟩ = ⟨4, ⋯⟩ then 23127040988547996053670349574621768549 else 0) +
                    ((if ⟨12, ⋯⟩ = ⟨5, ⋯⟩ then 6207497106735539164356863494087357064 else 0) +
                      ((if ⟨12, ⋯⟩ = ⟨6, ⋯⟩ then 31448172221565815653924205611241172935 else 0) +
                        ((if ⟨12, ⋯⟩ = ⟨7, ⋯⟩ then 1535584099207584990581808172289593284 else 0) +
                          if ⟨12, ⋯⟩ = ⟨8, ⋯⟩ then 33222486935879628129991633516299389736 else 0))))))))

case «9».«13»
⊢ 2 *
          ((if ⟨13, ⋯⟩ = ⟨0, ⋯⟩ then 6462660684668064957491172676462008040 else 0) +
            ((if ⟨13, ⋯⟩ = ⟨1, ⋯⟩ then 38043273707654392047674560446914897400 else 0) +
              ((if ⟨13, ⋯⟩ = ⟨2, ⋯⟩ then 3371079614592695393887029560861557126 else 0) +
                ((if ⟨13, ⋯⟩ = ⟨3, ⋯⟩ then 26723388101617515340109680663106361594 else 0) +
                  ((if ⟨13, ⋯⟩ = ⟨4, ⋯⟩ then 23127040988547996053670349574621768549 else 0) +
                    ((if ⟨13, ⋯⟩ = ⟨5, ⋯⟩ then 6207497106735539164356863494087357064 else 0) +
                      ((if ⟨13, ⋯⟩ = ⟨6, ⋯⟩ then 31448172221565815653924205611241172935 else 0) +
                        ((if ⟨13, ⋯⟩ = ⟨7, ⋯⟩ then 1535584099207584990581808172289593284 else 0) +
                          if ⟨13, ⋯⟩ = ⟨8, ⋯⟩ then 33222486935879628129991633516299389736 else 0)))))))) +
        ((-if ⟨13, ⋯⟩ = ⟨19, ⋯⟩ then 1 else 0) +
          -if ⟨13, ⋯⟩ = ⟨18, ⋯⟩ then 85070591730234615865843651857942052864 else 0) <
      512 ^
        (![24, 24, 24, 24, 24, 24, 24, 24, 24, 38, 24, 38, 24, 46, 24, 29, 24, 29, 24, 29, 24, 29, 24] ⟨9, ⋯⟩ - 22) ∧
    ((if ⟨13, ⋯⟩ = ⟨18, ⋯⟩ then 85070591730234615865843651857942052864 else 0) + if ⟨13, ⋯⟩ = ⟨19, ⋯⟩ then 1 else 0) <
      512 ^
          (![24, 24, 24, 24, 24, 24, 24, 24, 24, 38, 24, 38, 24, 46, 24, 29, 24, 29, 24, 29, 24, 29, 24] ⟨9, ⋯⟩ - 22) +
        2 *
          ((if ⟨13, ⋯⟩ = ⟨0, ⋯⟩ then 6462660684668064957491172676462008040 else 0) +
            ((if ⟨13, ⋯⟩ = ⟨1, ⋯⟩ then 38043273707654392047674560446914897400 else 0) +
              ((if ⟨13, ⋯⟩ = ⟨2, ⋯⟩ then 3371079614592695393887029560861557126 else 0) +
                ((if ⟨13, ⋯⟩ = ⟨3, ⋯⟩ then 26723388101617515340109680663106361594 else 0) +
                  ((if ⟨13, ⋯⟩ = ⟨4, ⋯⟩ then 23127040988547996053670349574621768549 else 0) +
                    ((if ⟨13, ⋯⟩ = ⟨5, ⋯⟩ then 6207497106735539164356863494087357064 else 0) +
                      ((if ⟨13, ⋯⟩ = ⟨6, ⋯⟩ then 31448172221565815653924205611241172935 else 0) +
                        ((if ⟨13, ⋯⟩ = ⟨7, ⋯⟩ then 1535584099207584990581808172289593284 else 0) +
                          if ⟨13, ⋯⟩ = ⟨8, ⋯⟩ then 33222486935879628129991633516299389736 else 0))))))))

case «9».«14»
⊢ 2 *
          ((if ⟨14, ⋯⟩ = ⟨0, ⋯⟩ then 6462660684668064957491172676462008040 else 0) +
            ((if ⟨14, ⋯⟩ = ⟨1, ⋯⟩ then 38043273707654392047674560446914897400 else 0) +
              ((if ⟨14, ⋯⟩ = ⟨2, ⋯⟩ then 3371079614592695393887029560861557126 else 0) +
                ((if ⟨14, ⋯⟩ = ⟨3, ⋯⟩ then 26723388101617515340109680663106361594 else 0) +
                  ((if ⟨14, ⋯⟩ = ⟨4, ⋯⟩ then 23127040988547996053670349574621768549 else 0) +
                    ((if ⟨14, ⋯⟩ = ⟨5, ⋯⟩ then 6207497106735539164356863494087357064 else 0) +
                      ((if ⟨14, ⋯⟩ = ⟨6, ⋯⟩ then 31448172221565815653924205611241172935 else 0) +
                        ((if ⟨14, ⋯⟩ = ⟨7, ⋯⟩ then 1535584099207584990581808172289593284 else 0) +
                          if ⟨14, ⋯⟩ = ⟨8, ⋯⟩ then 33222486935879628129991633516299389736 else 0)))))))) +
        ((-if ⟨14, ⋯⟩ = ⟨19, ⋯⟩ then 1 else 0) +
          -if ⟨14, ⋯⟩ = ⟨18, ⋯⟩ then 85070591730234615865843651857942052864 else 0) <
      512 ^
        (![24, 24, 24, 24, 24, 24, 24, 24, 24, 38, 24, 38, 24, 46, 24, 29, 24, 29, 24, 29, 24, 29, 24] ⟨9, ⋯⟩ - 22) ∧
    ((if ⟨14, ⋯⟩ = ⟨18, ⋯⟩ then 85070591730234615865843651857942052864 else 0) + if ⟨14, ⋯⟩ = ⟨19, ⋯⟩ then 1 else 0) <
      512 ^
          (![24, 24, 24, 24, 24, 24, 24, 24, 24, 38, 24, 38, 24, 46, 24, 29, 24, 29, 24, 29, 24, 29, 24] ⟨9, ⋯⟩ - 22) +
        2 *
          ((if ⟨14, ⋯⟩ = ⟨0, ⋯⟩ then 6462660684668064957491172676462008040 else 0) +
            ((if ⟨14, ⋯⟩ = ⟨1, ⋯⟩ then 38043273707654392047674560446914897400 else 0) +
              ((if ⟨14, ⋯⟩ = ⟨2, ⋯⟩ then 3371079614592695393887029560861557126 else 0) +
                ((if ⟨14, ⋯⟩ = ⟨3, ⋯⟩ then 26723388101617515340109680663106361594 else 0) +
                  ((if ⟨14, ⋯⟩ = ⟨4, ⋯⟩ then 23127040988547996053670349574621768549 else 0) +
                    ((if ⟨14, ⋯⟩ = ⟨5, ⋯⟩ then 6207497106735539164356863494087357064 else 0) +
                      ((if ⟨14, ⋯⟩ = ⟨6, ⋯⟩ then 31448172221565815653924205611241172935 else 0) +
                        ((if ⟨14, ⋯⟩ = ⟨7, ⋯⟩ then 1535584099207584990581808172289593284 else 0) +
                          if ⟨14, ⋯⟩ = ⟨8, ⋯⟩ then 33222486935879628129991633516299389736 else 0))))))))

case «9».«15»
⊢ 2 *
          ((if ⟨15, ⋯⟩ = ⟨0, ⋯⟩ then 6462660684668064957491172676462008040 else 0) +
            ((if ⟨15, ⋯⟩ = ⟨1, ⋯⟩ then 38043273707654392047674560446914897400 else 0) +
              ((if ⟨15, ⋯⟩ = ⟨2, ⋯⟩ then 3371079614592695393887029560861557126 else 0) +
                ((if ⟨15, ⋯⟩ = ⟨3, ⋯⟩ then 26723388101617515340109680663106361594 else 0) +
                  ((if ⟨15, ⋯⟩ = ⟨4, ⋯⟩ then 23127040988547996053670349574621768549 else 0) +
                    ((if ⟨15, ⋯⟩ = ⟨5, ⋯⟩ then 6207497106735539164356863494087357064 else 0) +
                      ((if ⟨15, ⋯⟩ = ⟨6, ⋯⟩ then 31448172221565815653924205611241172935 else 0) +
                        ((if ⟨15, ⋯⟩ = ⟨7, ⋯⟩ then 1535584099207584990581808172289593284 else 0) +
                          if ⟨15, ⋯⟩ = ⟨8, ⋯⟩ then 33222486935879628129991633516299389736 else 0)))))))) +
        ((-if ⟨15, ⋯⟩ = ⟨19, ⋯⟩ then 1 else 0) +
          -if ⟨15, ⋯⟩ = ⟨18, ⋯⟩ then 85070591730234615865843651857942052864 else 0) <
      512 ^
        (![24, 24, 24, 24, 24, 24, 24, 24, 24, 38, 24, 38, 24, 46, 24, 29, 24, 29, 24, 29, 24, 29, 24] ⟨9, ⋯⟩ - 22) ∧
    ((if ⟨15, ⋯⟩ = ⟨18, ⋯⟩ then 85070591730234615865843651857942052864 else 0) + if ⟨15, ⋯⟩ = ⟨19, ⋯⟩ then 1 else 0) <
      512 ^
          (![24, 24, 24, 24, 24, 24, 24, 24, 24, 38, 24, 38, 24, 46, 24, 29, 24, 29, 24, 29, 24, 29, 24] ⟨9, ⋯⟩ - 22) +
        2 *
          ((if ⟨15, ⋯⟩ = ⟨0, ⋯⟩ then 6462660684668064957491172676462008040 else 0) +
            ((if ⟨15, ⋯⟩ = ⟨1, ⋯⟩ then 38043273707654392047674560446914897400 else 0) +
              ((if ⟨15, ⋯⟩ = ⟨2, ⋯⟩ then 3371079614592695393887029560861557126 else 0) +
                ((if ⟨15, ⋯⟩ = ⟨3, ⋯⟩ then 26723388101617515340109680663106361594 else 0) +
                  ((if ⟨15, ⋯⟩ = ⟨4, ⋯⟩ then 23127040988547996053670349574621768549 else 0) +
                    ((if ⟨15, ⋯⟩ = ⟨5, ⋯⟩ then 6207497106735539164356863494087357064 else 0) +
                      ((if ⟨15, ⋯⟩ = ⟨6, ⋯⟩ then 31448172221565815653924205611241172935 else 0) +
                        ((if ⟨15, ⋯⟩ = ⟨7, ⋯⟩ then 1535584099207584990581808172289593284 else 0) +
                          if ⟨15, ⋯⟩ = ⟨8, ⋯⟩ then 33222486935879628129991633516299389736 else 0))))))))

case «9».«16»
⊢ 2 *
          ((if ⟨16, ⋯⟩ = ⟨0, ⋯⟩ then 6462660684668064957491172676462008040 else 0) +
            ((if ⟨16, ⋯⟩ = ⟨1, ⋯⟩ then 38043273707654392047674560446914897400 else 0) +
              ((if ⟨16, ⋯⟩ = ⟨2, ⋯⟩ then 3371079614592695393887029560861557126 else 0) +
                ((if ⟨16, ⋯⟩ = ⟨3, ⋯⟩ then 26723388101617515340109680663106361594 else 0) +
                  ((if ⟨16, ⋯⟩ = ⟨4, ⋯⟩ then 23127040988547996053670349574621768549 else 0) +
                    ((if ⟨16, ⋯⟩ = ⟨5, ⋯⟩ then 6207497106735539164356863494087357064 else 0) +
                      ((if ⟨16, ⋯⟩ = ⟨6, ⋯⟩ then 31448172221565815653924205611241172935 else 0) +
                        ((if ⟨16, ⋯⟩ = ⟨7, ⋯⟩ then 1535584099207584990581808172289593284 else 0) +
                          if ⟨16, ⋯⟩ = ⟨8, ⋯⟩ then 33222486935879628129991633516299389736 else 0)))))))) +
        ((-if ⟨16, ⋯⟩ = ⟨19, ⋯⟩ then 1 else 0) +
          -if ⟨16, ⋯⟩ = ⟨18, ⋯⟩ then 85070591730234615865843651857942052864 else 0) <
      512 ^
        (![24, 24, 24, 24, 24, 24, 24, 24, 24, 38, 24, 38, 24, 46, 24, 29, 24, 29, 24, 29, 24, 29, 24] ⟨9, ⋯⟩ - 22) ∧
    ((if ⟨16, ⋯⟩ = ⟨18, ⋯⟩ then 85070591730234615865843651857942052864 else 0) + if ⟨16, ⋯⟩ = ⟨19, ⋯⟩ then 1 else 0) <
      512 ^
          (![24, 24, 24, 24, 24, 24, 24, 24, 24, 38, 24, 38, 24, 46, 24, 29, 24, 29, 24, 29, 24, 29, 24] ⟨9, ⋯⟩ - 22) +
        2 *
          ((if ⟨16, ⋯⟩ = ⟨0, ⋯⟩ then 6462660684668064957491172676462008040 else 0) +
            ((if ⟨16, ⋯⟩ = ⟨1, ⋯⟩ then 38043273707654392047674560446914897400 else 0) +
              ((if ⟨16, ⋯⟩ = ⟨2, ⋯⟩ then 3371079614592695393887029560861557126 else 0) +
                ((if ⟨16, ⋯⟩ = ⟨3, ⋯⟩ then 26723388101617515340109680663106361594 else 0) +
                  ((if ⟨16, ⋯⟩ = ⟨4, ⋯⟩ then 23127040988547996053670349574621768549 else 0) +
                    ((if ⟨16, ⋯⟩ = ⟨5, ⋯⟩ then 6207497106735539164356863494087357064 else 0) +
                      ((if ⟨16, ⋯⟩ = ⟨6, ⋯⟩ then 31448172221565815653924205611241172935 else 0) +
                        ((if ⟨16, ⋯⟩ = ⟨7, ⋯⟩ then 1535584099207584990581808172289593284 else 0) +
                          if ⟨16, ⋯⟩ = ⟨8, ⋯⟩ then 33222486935879628129991633516299389736 else 0))))))))

case «9».«17»
⊢ 2 *
          ((if ⟨17, ⋯⟩ = ⟨0, ⋯⟩ then 6462660684668064957491172676462008040 else 0) +
            ((if ⟨17, ⋯⟩ = ⟨1, ⋯⟩ then 38043273707654392047674560446914897400 else 0) +
              ((if ⟨17, ⋯⟩ = ⟨2, ⋯⟩ then 3371079614592695393887029560861557126 else 0) +
                ((if ⟨17, ⋯⟩ = ⟨3, ⋯⟩ then 26723388101617515340109680663106361594 else 0) +
                  ((if ⟨17, ⋯⟩ = ⟨4, ⋯⟩ then 23127040988547996053670349574621768549 else 0) +
                    ((if ⟨17, ⋯⟩ = ⟨5, ⋯⟩ then 6207497106735539164356863494087357064 else 0) +
                      ((if ⟨17, ⋯⟩ = ⟨6, ⋯⟩ then 31448172221565815653924205611241172935 else 0) +
                        ((if ⟨17, ⋯⟩ = ⟨7, ⋯⟩ then 1535584099207584990581808172289593284 else 0) +
                          if ⟨17, ⋯⟩ = ⟨8, ⋯⟩ then 33222486935879628129991633516299389736 else 0)))))))) +
        ((-if ⟨17, ⋯⟩ = ⟨19, ⋯⟩ then 1 else 0) +
          -if ⟨17, ⋯⟩ = ⟨18, ⋯⟩ then 85070591730234615865843651857942052864 else 0) <
      512 ^
        (![24, 24, 24, 24, 24, 24, 24, 24, 24, 38, 24, 38, 24, 46, 24, 29, 24, 29, 24, 29, 24, 29, 24] ⟨9, ⋯⟩ - 22) ∧
    ((if ⟨17, ⋯⟩ = ⟨18, ⋯⟩ then 85070591730234615865843651857942052864 else 0) + if ⟨17, ⋯⟩ = ⟨19, ⋯⟩ then 1 else 0) <
      512 ^
          (![24, 24, 24, 24, 24, 24, 24, 24, 24, 38, 24, 38, 24, 46, 24, 29, 24, 29, 24, 29, 24, 29, 24] ⟨9, ⋯⟩ - 22) +
        2 *
          ((if ⟨17, ⋯⟩ = ⟨0, ⋯⟩ then 6462660684668064957491172676462008040 else 0) +
            ((if ⟨17, ⋯⟩ = ⟨1, ⋯⟩ then 38043273707654392047674560446914897400 else 0) +
              ((if ⟨17, ⋯⟩ = ⟨2, ⋯⟩ then 3371079614592695393887029560861557126 else 0) +
                ((if ⟨17, ⋯⟩ = ⟨3, ⋯⟩ then 26723388101617515340109680663106361594 else 0) +
                  ((if ⟨17, ⋯⟩ = ⟨4, ⋯⟩ then 23127040988547996053670349574621768549 else 0) +
                    ((if ⟨17, ⋯⟩ = ⟨5, ⋯⟩ then 6207497106735539164356863494087357064 else 0) +
                      ((if ⟨17, ⋯⟩ = ⟨6, ⋯⟩ then 31448172221565815653924205611241172935 else 0) +
                        ((if ⟨17, ⋯⟩ = ⟨7, ⋯⟩ then 1535584099207584990581808172289593284 else 0) +
                          if ⟨17, ⋯⟩ = ⟨8, ⋯⟩ then 33222486935879628129991633516299389736 else 0))))))))

case «9».«18»
⊢ 2 *
          ((if ⟨18, ⋯⟩ = ⟨0, ⋯⟩ then 6462660684668064957491172676462008040 else 0) +
            ((if ⟨18, ⋯⟩ = ⟨1, ⋯⟩ then 38043273707654392047674560446914897400 else 0) +
              ((if ⟨18, ⋯⟩ = ⟨2, ⋯⟩ then 3371079614592695393887029560861557126 else 0) +
                ((if ⟨18, ⋯⟩ = ⟨3, ⋯⟩ then 26723388101617515340109680663106361594 else 0) +
                  ((if ⟨18, ⋯⟩ = ⟨4, ⋯⟩ then 23127040988547996053670349574621768549 else 0) +
                    ((if ⟨18, ⋯⟩ = ⟨5, ⋯⟩ then 6207497106735539164356863494087357064 else 0) +
                      ((if ⟨18, ⋯⟩ = ⟨6, ⋯⟩ then 31448172221565815653924205611241172935 else 0) +
                        ((if ⟨18, ⋯⟩ = ⟨7, ⋯⟩ then 1535584099207584990581808172289593284 else 0) +
                          if ⟨18, ⋯⟩ = ⟨8, ⋯⟩ then 33222486935879628129991633516299389736 else 0)))))))) +
        ((-if ⟨18, ⋯⟩ = ⟨19, ⋯⟩ then 1 else 0) +
          -if ⟨18, ⋯⟩ = ⟨18, ⋯⟩ then 85070591730234615865843651857942052864 else 0) <
      512 ^
        (![24, 24, 24, 24, 24, 24, 24, 24, 24, 38, 24, 38, 24, 46, 24, 29, 24, 29, 24, 29, 24, 29, 24] ⟨9, ⋯⟩ - 22) ∧
    ((if ⟨18, ⋯⟩ = ⟨18, ⋯⟩ then 85070591730234615865843651857942052864 else 0) + if ⟨18, ⋯⟩ = ⟨19, ⋯⟩ then 1 else 0) <
      512 ^
          (![24, 24, 24, 24, 24, 24, 24, 24, 24, 38, 24, 38, 24, 46, 24, 29, 24, 29, 24, 29, 24, 29, 24] ⟨9, ⋯⟩ - 22) +
        2 *
          ((if ⟨18, ⋯⟩ = ⟨0, ⋯⟩ then 6462660684668064957491172676462008040 else 0) +
            ((if ⟨18, ⋯⟩ = ⟨1, ⋯⟩ then 38043273707654392047674560446914897400 else 0) +
              ((if ⟨18, ⋯⟩ = ⟨2, ⋯⟩ then 3371079614592695393887029560861557126 else 0) +
                ((if ⟨18, ⋯⟩ = ⟨3, ⋯⟩ then 26723388101617515340109680663106361594 else 0) +
                  ((if ⟨18, ⋯⟩ = ⟨4, ⋯⟩ then 23127040988547996053670349574621768549 else 0) +
                    ((if ⟨18, ⋯⟩ = ⟨5, ⋯⟩ then 6207497106735539164356863494087357064 else 0) +
                      ((if ⟨18, ⋯⟩ = ⟨6, ⋯⟩ then 31448172221565815653924205611241172935 else 0) +
                        ((if ⟨18, ⋯⟩ = ⟨7, ⋯⟩ then 1535584099207584990581808172289593284 else 0) +
                          if ⟨18, ⋯⟩ = ⟨8, ⋯⟩ then 33222486935879628129991633516299389736 else 0))))))))

case «9».«19»
⊢ 2 *
          ((if ⟨19, ⋯⟩ = ⟨0, ⋯⟩ then 6462660684668064957491172676462008040 else 0) +
            ((if ⟨19, ⋯⟩ = ⟨1, ⋯⟩ then 38043273707654392047674560446914897400 else 0) +
              ((if ⟨19, ⋯⟩ = ⟨2, ⋯⟩ then 3371079614592695393887029560861557126 else 0) +
                ((if ⟨19, ⋯⟩ = ⟨3, ⋯⟩ then 26723388101617515340109680663106361594 else 0) +
                  ((if ⟨19, ⋯⟩ = ⟨4, ⋯⟩ then 23127040988547996053670349574621768549 else 0) +
                    ((if ⟨19, ⋯⟩ = ⟨5, ⋯⟩ then 6207497106735539164356863494087357064 else 0) +
                      ((if ⟨19, ⋯⟩ = ⟨6, ⋯⟩ then 31448172221565815653924205611241172935 else 0) +
                        ((if ⟨19, ⋯⟩ = ⟨7, ⋯⟩ then 1535584099207584990581808172289593284 else 0) +
                          if ⟨19, ⋯⟩ = ⟨8, ⋯⟩ then 33222486935879628129991633516299389736 else 0)))))))) +
        ((-if ⟨19, ⋯⟩ = ⟨19, ⋯⟩ then 1 else 0) +
          -if ⟨19, ⋯⟩ = ⟨18, ⋯⟩ then 85070591730234615865843651857942052864 else 0) <
      512 ^
        (![24, 24, 24, 24, 24, 24, 24, 24, 24, 38, 24, 38, 24, 46, 24, 29, 24, 29, 24, 29, 24, 29, 24] ⟨9, ⋯⟩ - 22) ∧
    ((if ⟨19, ⋯⟩ = ⟨18, ⋯⟩ then 85070591730234615865843651857942052864 else 0) + if ⟨19, ⋯⟩ = ⟨19, ⋯⟩ then 1 else 0) <
      512 ^
          (![24, 24, 24, 24, 24, 24, 24, 24, 24, 38, 24, 38, 24, 46, 24, 29, 24, 29, 24, 29, 24, 29, 24] ⟨9, ⋯⟩ - 22) +
        2 *
          ((if ⟨19, ⋯⟩ = ⟨0, ⋯⟩ then 6462660684668064957491172676462008040 else 0) +
            ((if ⟨19, ⋯⟩ = ⟨1, ⋯⟩ then 38043273707654392047674560446914897400 else 0) +
              ((if ⟨19, ⋯⟩ = ⟨2, ⋯⟩ then 3371079614592695393887029560861557126 else 0) +
                ((if ⟨19, ⋯⟩ = ⟨3, ⋯⟩ then 26723388101617515340109680663106361594 else 0) +
                  ((if ⟨19, ⋯⟩ = ⟨4, ⋯⟩ then 23127040988547996053670349574621768549 else 0) +
                    ((if ⟨19, ⋯⟩ = ⟨5, ⋯⟩ then 6207497106735539164356863494087357064 else 0) +
                      ((if ⟨19, ⋯⟩ = ⟨6, ⋯⟩ then 31448172221565815653924205611241172935 else 0) +
                        ((if ⟨19, ⋯⟩ = ⟨7, ⋯⟩ then 1535584099207584990581808172289593284 else 0) +
                          if ⟨19, ⋯⟩ = ⟨8, ⋯⟩ then 33222486935879628129991633516299389736 else 0))))))))

case «9».«20»
⊢ 2 *
          ((if ⟨20, ⋯⟩ = ⟨0, ⋯⟩ then 6462660684668064957491172676462008040 else 0) +
            ((if ⟨20, ⋯⟩ = ⟨1, ⋯⟩ then 38043273707654392047674560446914897400 else 0) +
              ((if ⟨20, ⋯⟩ = ⟨2, ⋯⟩ then 3371079614592695393887029560861557126 else 0) +
                ((if ⟨20, ⋯⟩ = ⟨3, ⋯⟩ then 26723388101617515340109680663106361594 else 0) +
                  ((if ⟨20, ⋯⟩ = ⟨4, ⋯⟩ then 23127040988547996053670349574621768549 else 0) +
                    ((if ⟨20, ⋯⟩ = ⟨5, ⋯⟩ then 6207497106735539164356863494087357064 else 0) +
                      ((if ⟨20, ⋯⟩ = ⟨6, ⋯⟩ then 31448172221565815653924205611241172935 else 0) +
                        ((if ⟨20, ⋯⟩ = ⟨7, ⋯⟩ then 1535584099207584990581808172289593284 else 0) +
                          if ⟨20, ⋯⟩ = ⟨8, ⋯⟩ then 33222486935879628129991633516299389736 else 0)))))))) +
        ((-if ⟨20, ⋯⟩ = ⟨19, ⋯⟩ then 1 else 0) +
          -if ⟨20, ⋯⟩ = ⟨18, ⋯⟩ then 85070591730234615865843651857942052864 else 0) <
      512 ^
        (![24, 24, 24, 24, 24, 24, 24, 24, 24, 38, 24, 38, 24, 46, 24, 29, 24, 29, 24, 29, 24, 29, 24] ⟨9, ⋯⟩ - 22) ∧
    ((if ⟨20, ⋯⟩ = ⟨18, ⋯⟩ then 85070591730234615865843651857942052864 else 0) + if ⟨20, ⋯⟩ = ⟨19, ⋯⟩ then 1 else 0) <
      512 ^
          (![24, 24, 24, 24, 24, 24, 24, 24, 24, 38, 24, 38, 24, 46, 24, 29, 24, 29, 24, 29, 24, 29, 24] ⟨9, ⋯⟩ - 22) +
        2 *
          ((if ⟨20, ⋯⟩ = ⟨0, ⋯⟩ then 6462660684668064957491172676462008040 else 0) +
            ((if ⟨20, ⋯⟩ = ⟨1, ⋯⟩ then 38043273707654392047674560446914897400 else 0) +
              ((if ⟨20, ⋯⟩ = ⟨2, ⋯⟩ then 3371079614592695393887029560861557126 else 0) +
                ((if ⟨20, ⋯⟩ = ⟨3, ⋯⟩ then 26723388101617515340109680663106361594 else 0) +
                  ((if ⟨20, ⋯⟩ = ⟨4, ⋯⟩ then 23127040988547996053670349574621768549 else 0) +
                    ((if ⟨20, ⋯⟩ = ⟨5, ⋯⟩ then 6207497106735539164356863494087357064 else 0) +
                      ((if ⟨20, ⋯⟩ = ⟨6, ⋯⟩ then 31448172221565815653924205611241172935 else 0) +
                        ((if ⟨20, ⋯⟩ = ⟨7, ⋯⟩ then 1535584099207584990581808172289593284 else 0) +
                          if ⟨20, ⋯⟩ = ⟨8, ⋯⟩ then 33222486935879628129991633516299389736 else 0))))))))

case «9».«21»
⊢ 2 *
          ((if ⟨21, ⋯⟩ = ⟨0, ⋯⟩ then 6462660684668064957491172676462008040 else 0) +
            ((if ⟨21, ⋯⟩ = ⟨1, ⋯⟩ then 38043273707654392047674560446914897400 else 0) +
              ((if ⟨21, ⋯⟩ = ⟨2, ⋯⟩ then 3371079614592695393887029560861557126 else 0) +
                ((if ⟨21, ⋯⟩ = ⟨3, ⋯⟩ then 26723388101617515340109680663106361594 else 0) +
                  ((if ⟨21, ⋯⟩ = ⟨4, ⋯⟩ then 23127040988547996053670349574621768549 else 0) +
                    ((if ⟨21, ⋯⟩ = ⟨5, ⋯⟩ then 6207497106735539164356863494087357064 else 0) +
                      ((if ⟨21, ⋯⟩ = ⟨6, ⋯⟩ then 31448172221565815653924205611241172935 else 0) +
                        ((if ⟨21, ⋯⟩ = ⟨7, ⋯⟩ then 1535584099207584990581808172289593284 else 0) +
                          if ⟨21, ⋯⟩ = ⟨8, ⋯⟩ then 33222486935879628129991633516299389736 else 0)))))))) +
        ((-if ⟨21, ⋯⟩ = ⟨19, ⋯⟩ then 1 else 0) +
          -if ⟨21, ⋯⟩ = ⟨18, ⋯⟩ then 85070591730234615865843651857942052864 else 0) <
      512 ^
        (![24, 24, 24, 24, 24, 24, 24, 24, 24, 38, 24, 38, 24, 46, 24, 29, 24, 29, 24, 29, 24, 29, 24] ⟨9, ⋯⟩ - 22) ∧
    ((if ⟨21, ⋯⟩ = ⟨18, ⋯⟩ then 85070591730234615865843651857942052864 else 0) + if ⟨21, ⋯⟩ = ⟨19, ⋯⟩ then 1 else 0) <
      512 ^
          (![24, 24, 24, 24, 24, 24, 24, 24, 24, 38, 24, 38, 24, 46, 24, 29, 24, 29, 24, 29, 24, 29, 24] ⟨9, ⋯⟩ - 22) +
        2 *
          ((if ⟨21, ⋯⟩ = ⟨0, ⋯⟩ then 6462660684668064957491172676462008040 else 0) +
            ((if ⟨21, ⋯⟩ = ⟨1, ⋯⟩ then 38043273707654392047674560446914897400 else 0) +
              ((if ⟨21, ⋯⟩ = ⟨2, ⋯⟩ then 3371079614592695393887029560861557126 else 0) +
                ((if ⟨21, ⋯⟩ = ⟨3, ⋯⟩ then 26723388101617515340109680663106361594 else 0) +
                  ((if ⟨21, ⋯⟩ = ⟨4, ⋯⟩ then 23127040988547996053670349574621768549 else 0) +
                    ((if ⟨21, ⋯⟩ = ⟨5, ⋯⟩ then 6207497106735539164356863494087357064 else 0) +
                      ((if ⟨21, ⋯⟩ = ⟨6, ⋯⟩ then 31448172221565815653924205611241172935 else 0) +
                        ((if ⟨21, ⋯⟩ = ⟨7, ⋯⟩ then 1535584099207584990581808172289593284 else 0) +
                          if ⟨21, ⋯⟩ = ⟨8, ⋯⟩ then 33222486935879628129991633516299389736 else 0))))))))

case «9».«22»
⊢ 2 *
          ((if ⟨22, ⋯⟩ = ⟨0, ⋯⟩ then 6462660684668064957491172676462008040 else 0) +
            ((if ⟨22, ⋯⟩ = ⟨1, ⋯⟩ then 38043273707654392047674560446914897400 else 0) +
              ((if ⟨22, ⋯⟩ = ⟨2, ⋯⟩ then 3371079614592695393887029560861557126 else 0) +
                ((if ⟨22, ⋯⟩ = ⟨3, ⋯⟩ then 26723388101617515340109680663106361594 else 0) +
                  ((if ⟨22, ⋯⟩ = ⟨4, ⋯⟩ then 23127040988547996053670349574621768549 else 0) +
                    ((if ⟨22, ⋯⟩ = ⟨5, ⋯⟩ then 6207497106735539164356863494087357064 else 0) +
                      ((if ⟨22, ⋯⟩ = ⟨6, ⋯⟩ then 31448172221565815653924205611241172935 else 0) +
                        ((if ⟨22, ⋯⟩ = ⟨7, ⋯⟩ then 1535584099207584990581808172289593284 else 0) +
                          if ⟨22, ⋯⟩ = ⟨8, ⋯⟩ then 33222486935879628129991633516299389736 else 0)))))))) +
        ((-if ⟨22, ⋯⟩ = ⟨19, ⋯⟩ then 1 else 0) +
          -if ⟨22, ⋯⟩ = ⟨18, ⋯⟩ then 85070591730234615865843651857942052864 else 0) <
      512 ^
        (![24, 24, 24, 24, 24, 24, 24, 24, 24, 38, 24, 38, 24, 46, 24, 29, 24, 29, 24, 29, 24, 29, 24] ⟨9, ⋯⟩ - 22) ∧
    ((if ⟨22, ⋯⟩ = ⟨18, ⋯⟩ then 85070591730234615865843651857942052864 else 0) + if ⟨22, ⋯⟩ = ⟨19, ⋯⟩ then 1 else 0) <
      512 ^
          (![24, 24, 24, 24, 24, 24, 24, 24, 24, 38, 24, 38, 24, 46, 24, 29, 24, 29, 24, 29, 24, 29, 24] ⟨9, ⋯⟩ - 22) +
        2 *
          ((if ⟨22, ⋯⟩ = ⟨0, ⋯⟩ then 6462660684668064957491172676462008040 else 0) +
            ((if ⟨22, ⋯⟩ = ⟨1, ⋯⟩ then 38043273707654392047674560446914897400 else 0) +
              ((if ⟨22, ⋯⟩ = ⟨2, ⋯⟩ then 3371079614592695393887029560861557126 else 0) +
                ((if ⟨22, ⋯⟩ = ⟨3, ⋯⟩ then 26723388101617515340109680663106361594 else 0) +
                  ((if ⟨22, ⋯⟩ = ⟨4, ⋯⟩ then 23127040988547996053670349574621768549 else 0) +
                    ((if ⟨22, ⋯⟩ = ⟨5, ⋯⟩ then 6207497106735539164356863494087357064 else 0) +
                      ((if ⟨22, ⋯⟩ = ⟨6, ⋯⟩ then 31448172221565815653924205611241172935 else 0) +
                        ((if ⟨22, ⋯⟩ = ⟨7, ⋯⟩ then 1535584099207584990581808172289593284 else 0) +
                          if ⟨22, ⋯⟩ = ⟨8, ⋯⟩ then 33222486935879628129991633516299389736 else 0))))))))

case «9».«23»
⊢ 2 *
          ((if ⟨23, ⋯⟩ = ⟨0, ⋯⟩ then 6462660684668064957491172676462008040 else 0) +
            ((if ⟨23, ⋯⟩ = ⟨1, ⋯⟩ then 38043273707654392047674560446914897400 else 0) +
              ((if ⟨23, ⋯⟩ = ⟨2, ⋯⟩ then 3371079614592695393887029560861557126 else 0) +
                ((if ⟨23, ⋯⟩ = ⟨3, ⋯⟩ then 26723388101617515340109680663106361594 else 0) +
                  ((if ⟨23, ⋯⟩ = ⟨4, ⋯⟩ then 23127040988547996053670349574621768549 else 0) +
                    ((if ⟨23, ⋯⟩ = ⟨5, ⋯⟩ then 6207497106735539164356863494087357064 else 0) +
                      ((if ⟨23, ⋯⟩ = ⟨6, ⋯⟩ then 31448172221565815653924205611241172935 else 0) +
                        ((if ⟨23, ⋯⟩ = ⟨7, ⋯⟩ then 1535584099207584990581808172289593284 else 0) +
                          if ⟨23, ⋯⟩ = ⟨8, ⋯⟩ then 33222486935879628129991633516299389736 else 0)))))))) +
        ((-if ⟨23, ⋯⟩ = ⟨19, ⋯⟩ then 1 else 0) +
          -if ⟨23, ⋯⟩ = ⟨18, ⋯⟩ then 85070591730234615865843651857942052864 else 0) <
      512 ^
        (![24, 24, 24, 24, 24, 24, 24, 24, 24, 38, 24, 38, 24, 46, 24, 29, 24, 29, 24, 29, 24, 29, 24] ⟨9, ⋯⟩ - 22) ∧
    ((if ⟨23, ⋯⟩ = ⟨18, ⋯⟩ then 85070591730234615865843651857942052864 else 0) + if ⟨23, ⋯⟩ = ⟨19, ⋯⟩ then 1 else 0) <
      512 ^
          (![24, 24, 24, 24, 24, 24, 24, 24, 24, 38, 24, 38, 24, 46, 24, 29, 24, 29, 24, 29, 24, 29, 24] ⟨9, ⋯⟩ - 22) +
        2 *
          ((if ⟨23, ⋯⟩ = ⟨0, ⋯⟩ then 6462660684668064957491172676462008040 else 0) +
            ((if ⟨23, ⋯⟩ = ⟨1, ⋯⟩ then 38043273707654392047674560446914897400 else 0) +
              ((if ⟨23, ⋯⟩ = ⟨2, ⋯⟩ then 3371079614592695393887029560861557126 else 0) +
                ((if ⟨23, ⋯⟩ = ⟨3, ⋯⟩ then 26723388101617515340109680663106361594 else 0) +
                  ((if ⟨23, ⋯⟩ = ⟨4, ⋯⟩ then 23127040988547996053670349574621768549 else 0) +
                    ((if ⟨23, ⋯⟩ = ⟨5, ⋯⟩ then 6207497106735539164356863494087357064 else 0) +
                      ((if ⟨23, ⋯⟩ = ⟨6, ⋯⟩ then 31448172221565815653924205611241172935 else 0) +
                        ((if ⟨23, ⋯⟩ = ⟨7, ⋯⟩ then 1535584099207584990581808172289593284 else 0) +
                          if ⟨23, ⋯⟩ = ⟨8, ⋯⟩ then 33222486935879628129991633516299389736 else 0))))))))

case «9».«24»
⊢ 2 *
          ((if ⟨24, ⋯⟩ = ⟨0, ⋯⟩ then 6462660684668064957491172676462008040 else 0) +
            ((if ⟨24, ⋯⟩ = ⟨1, ⋯⟩ then 38043273707654392047674560446914897400 else 0) +
              ((if ⟨24, ⋯⟩ = ⟨2, ⋯⟩ then 3371079614592695393887029560861557126 else 0) +
                ((if ⟨24, ⋯⟩ = ⟨3, ⋯⟩ then 26723388101617515340109680663106361594 else 0) +
                  ((if ⟨24, ⋯⟩ = ⟨4, ⋯⟩ then 23127040988547996053670349574621768549 else 0) +
                    ((if ⟨24, ⋯⟩ = ⟨5, ⋯⟩ then 6207497106735539164356863494087357064 else 0) +
                      ((if ⟨24, ⋯⟩ = ⟨6, ⋯⟩ then 31448172221565815653924205611241172935 else 0) +
                        ((if ⟨24, ⋯⟩ = ⟨7, ⋯⟩ then 1535584099207584990581808172289593284 else 0) +
                          if ⟨24, ⋯⟩ = ⟨8, ⋯⟩ then 33222486935879628129991633516299389736 else 0)))))))) +
        ((-if ⟨24, ⋯⟩ = ⟨19, ⋯⟩ then 1 else 0) +
          -if ⟨24, ⋯⟩ = ⟨18, ⋯⟩ then 85070591730234615865843651857942052864 else 0) <
      512 ^
        (![24, 24, 24, 24, 24, 24, 24, 24, 24, 38, 24, 38, 24, 46, 24, 29, 24, 29, 24, 29, 24, 29, 24] ⟨9, ⋯⟩ - 22) ∧
    ((if ⟨24, ⋯⟩ = ⟨18, ⋯⟩ then 85070591730234615865843651857942052864 else 0) + if ⟨24, ⋯⟩ = ⟨19, ⋯⟩ then 1 else 0) <
      512 ^
          (![24, 24, 24, 24, 24, 24, 24, 24, 24, 38, 24, 38, 24, 46, 24, 29, 24, 29, 24, 29, 24, 29, 24] ⟨9, ⋯⟩ - 22) +
        2 *
          ((if ⟨24, ⋯⟩ = ⟨0, ⋯⟩ then 6462660684668064957491172676462008040 else 0) +
            ((if ⟨24, ⋯⟩ = ⟨1, ⋯⟩ then 38043273707654392047674560446914897400 else 0) +
              ((if ⟨24, ⋯⟩ = ⟨2, ⋯⟩ then 3371079614592695393887029560861557126 else 0) +
                ((if ⟨24, ⋯⟩ = ⟨3, ⋯⟩ then 26723388101617515340109680663106361594 else 0) +
                  ((if ⟨24, ⋯⟩ = ⟨4, ⋯⟩ then 23127040988547996053670349574621768549 else 0) +
                    ((if ⟨24, ⋯⟩ = ⟨5, ⋯⟩ then 6207497106735539164356863494087357064 else 0) +
                      ((if ⟨24, ⋯⟩ = ⟨6, ⋯⟩ then 31448172221565815653924205611241172935 else 0) +
                        ((if ⟨24, ⋯⟩ = ⟨7, ⋯⟩ then 1535584099207584990581808172289593284 else 0) +
                          if ⟨24, ⋯⟩ = ⟨8, ⋯⟩ then 33222486935879628129991633516299389736 else 0))))))))

case «9».«25»
⊢ 2 *
          ((if ⟨25, ⋯⟩ = ⟨0, ⋯⟩ then 6462660684668064957491172676462008040 else 0) +
            ((if ⟨25, ⋯⟩ = ⟨1, ⋯⟩ then 38043273707654392047674560446914897400 else 0) +
              ((if ⟨25, ⋯⟩ = ⟨2, ⋯⟩ then 3371079614592695393887029560861557126 else 0) +
                ((if ⟨25, ⋯⟩ = ⟨3, ⋯⟩ then 26723388101617515340109680663106361594 else 0) +
                  ((if ⟨25, ⋯⟩ = ⟨4, ⋯⟩ then 23127040988547996053670349574621768549 else 0) +
                    ((if ⟨25, ⋯⟩ = ⟨5, ⋯⟩ then 6207497106735539164356863494087357064 else 0) +
                      ((if ⟨25, ⋯⟩ = ⟨6, ⋯⟩ then 31448172221565815653924205611241172935 else 0) +
                        ((if ⟨25, ⋯⟩ = ⟨7, ⋯⟩ then 1535584099207584990581808172289593284 else 0) +
                          if ⟨25, ⋯⟩ = ⟨8, ⋯⟩ then 33222486935879628129991633516299389736 else 0)))))))) +
        ((-if ⟨25, ⋯⟩ = ⟨19, ⋯⟩ then 1 else 0) +
          -if ⟨25, ⋯⟩ = ⟨18, ⋯⟩ then 85070591730234615865843651857942052864 else 0) <
      512 ^
        (![24, 24, 24, 24, 24, 24, 24, 24, 24, 38, 24, 38, 24, 46, 24, 29, 24, 29, 24, 29, 24, 29, 24] ⟨9, ⋯⟩ - 22) ∧
    ((if ⟨25, ⋯⟩ = ⟨18, ⋯⟩ then 85070591730234615865843651857942052864 else 0) + if ⟨25, ⋯⟩ = ⟨19, ⋯⟩ then 1 else 0) <
      512 ^
          (![24, 24, 24, 24, 24, 24, 24, 24, 24, 38, 24, 38, 24, 46, 24, 29, 24, 29, 24, 29, 24, 29, 24] ⟨9, ⋯⟩ - 22) +
        2 *
          ((if ⟨25, ⋯⟩ = ⟨0, ⋯⟩ then 6462660684668064957491172676462008040 else 0) +
            ((if ⟨25, ⋯⟩ = ⟨1, ⋯⟩ then 38043273707654392047674560446914897400 else 0) +
              ((if ⟨25, ⋯⟩ = ⟨2, ⋯⟩ then 3371079614592695393887029560861557126 else 0) +
                ((if ⟨25, ⋯⟩ = ⟨3, ⋯⟩ then 26723388101617515340109680663106361594 else 0) +
                  ((if ⟨25, ⋯⟩ = ⟨4, ⋯⟩ then 23127040988547996053670349574621768549 else 0) +
                    ((if ⟨25, ⋯⟩ = ⟨5, ⋯⟩ then 6207497106735539164356863494087357064 else 0) +
                      ((if ⟨25, ⋯⟩ = ⟨6, ⋯⟩ then 31448172221565815653924205611241172935 else 0) +
                        ((if ⟨25, ⋯⟩ = ⟨7, ⋯⟩ then 1535584099207584990581808172289593284 else 0) +
                          if ⟨25, ⋯⟩ = ⟨8, ⋯⟩ then 33222486935879628129991633516299389736 else 0))))))))

case «9».«26»
⊢ 2 *
          ((if ⟨26, ⋯⟩ = ⟨0, ⋯⟩ then 6462660684668064957491172676462008040 else 0) +
            ((if ⟨26, ⋯⟩ = ⟨1, ⋯⟩ then 38043273707654392047674560446914897400 else 0) +
              ((if ⟨26, ⋯⟩ = ⟨2, ⋯⟩ then 3371079614592695393887029560861557126 else 0) +
                ((if ⟨26, ⋯⟩ = ⟨3, ⋯⟩ then 26723388101617515340109680663106361594 else 0) +
                  ((if ⟨26, ⋯⟩ = ⟨4, ⋯⟩ then 23127040988547996053670349574621768549 else 0) +
                    ((if ⟨26, ⋯⟩ = ⟨5, ⋯⟩ then 6207497106735539164356863494087357064 else 0) +
                      ((if ⟨26, ⋯⟩ = ⟨6, ⋯⟩ then 31448172221565815653924205611241172935 else 0) +
                        ((if ⟨26, ⋯⟩ = ⟨7, ⋯⟩ then 1535584099207584990581808172289593284 else 0) +
                          if ⟨26, ⋯⟩ = ⟨8, ⋯⟩ then 33222486935879628129991633516299389736 else 0)))))))) +
        ((-if ⟨26, ⋯⟩ = ⟨19, ⋯⟩ then 1 else 0) +
          -if ⟨26, ⋯⟩ = ⟨18, ⋯⟩ then 85070591730234615865843651857942052864 else 0) <
      512 ^
        (![24, 24, 24, 24, 24, 24, 24, 24, 24, 38, 24, 38, 24, 46, 24, 29, 24, 29, 24, 29, 24, 29, 24] ⟨9, ⋯⟩ - 22) ∧
    ((if ⟨26, ⋯⟩ = ⟨18, ⋯⟩ then 85070591730234615865843651857942052864 else 0) + if ⟨26, ⋯⟩ = ⟨19, ⋯⟩ then 1 else 0) <
      512 ^
          (![24, 24, 24, 24, 24, 24, 24, 24, 24, 38, 24, 38, 24, 46, 24, 29, 24, 29, 24, 29, 24, 29, 24] ⟨9, ⋯⟩ - 22) +
        2 *
          ((if ⟨26, ⋯⟩ = ⟨0, ⋯⟩ then 6462660684668064957491172676462008040 else 0) +
            ((if ⟨26, ⋯⟩ = ⟨1, ⋯⟩ then 38043273707654392047674560446914897400 else 0) +
              ((if ⟨26, ⋯⟩ = ⟨2, ⋯⟩ then 3371079614592695393887029560861557126 else 0) +
                ((if ⟨26, ⋯⟩ = ⟨3, ⋯⟩ then 26723388101617515340109680663106361594 else 0) +
                  ((if ⟨26, ⋯⟩ = ⟨4, ⋯⟩ then 23127040988547996053670349574621768549 else 0) +
                    ((if ⟨26, ⋯⟩ = ⟨5, ⋯⟩ then 6207497106735539164356863494087357064 else 0) +
                      ((if ⟨26, ⋯⟩ = ⟨6, ⋯⟩ then 31448172221565815653924205611241172935 else 0) +
                        ((if ⟨26, ⋯⟩ = ⟨7, ⋯⟩ then 1535584099207584990581808172289593284 else 0) +
                          if ⟨26, ⋯⟩ = ⟨8, ⋯⟩ then 33222486935879628129991633516299389736 else 0))))))))

case «9».«27»
⊢ 2 *
          ((if ⟨27, ⋯⟩ = ⟨0, ⋯⟩ then 6462660684668064957491172676462008040 else 0) +
            ((if ⟨27, ⋯⟩ = ⟨1, ⋯⟩ then 38043273707654392047674560446914897400 else 0) +
              ((if ⟨27, ⋯⟩ = ⟨2, ⋯⟩ then 3371079614592695393887029560861557126 else 0) +
                ((if ⟨27, ⋯⟩ = ⟨3, ⋯⟩ then 26723388101617515340109680663106361594 else 0) +
                  ((if ⟨27, ⋯⟩ = ⟨4, ⋯⟩ then 23127040988547996053670349574621768549 else 0) +
                    ((if ⟨27, ⋯⟩ = ⟨5, ⋯⟩ then 6207497106735539164356863494087357064 else 0) +
                      ((if ⟨27, ⋯⟩ = ⟨6, ⋯⟩ then 31448172221565815653924205611241172935 else 0) +
                        ((if ⟨27, ⋯⟩ = ⟨7, ⋯⟩ then 1535584099207584990581808172289593284 else 0) +
                          if ⟨27, ⋯⟩ = ⟨8, ⋯⟩ then 33222486935879628129991633516299389736 else 0)))))))) +
        ((-if ⟨27, ⋯⟩ = ⟨19, ⋯⟩ then 1 else 0) +
          -if ⟨27, ⋯⟩ = ⟨18, ⋯⟩ then 85070591730234615865843651857942052864 else 0) <
      512 ^
        (![24, 24, 24, 24, 24, 24, 24, 24, 24, 38, 24, 38, 24, 46, 24, 29, 24, 29, 24, 29, 24, 29, 24] ⟨9, ⋯⟩ - 22) ∧
    ((if ⟨27, ⋯⟩ = ⟨18, ⋯⟩ then 85070591730234615865843651857942052864 else 0) + if ⟨27, ⋯⟩ = ⟨19, ⋯⟩ then 1 else 0) <
      512 ^
          (![24, 24, 24, 24, 24, 24, 24, 24, 24, 38, 24, 38, 24, 46, 24, 29, 24, 29, 24, 29, 24, 29, 24] ⟨9, ⋯⟩ - 22) +
        2 *
          ((if ⟨27, ⋯⟩ = ⟨0, ⋯⟩ then 6462660684668064957491172676462008040 else 0) +
            ((if ⟨27, ⋯⟩ = ⟨1, ⋯⟩ then 38043273707654392047674560446914897400 else 0) +
              ((if ⟨27, ⋯⟩ = ⟨2, ⋯⟩ then 3371079614592695393887029560861557126 else 0) +
                ((if ⟨27, ⋯⟩ = ⟨3, ⋯⟩ then 26723388101617515340109680663106361594 else 0) +
                  ((if ⟨27, ⋯⟩ = ⟨4, ⋯⟩ then 23127040988547996053670349574621768549 else 0) +
                    ((if ⟨27, ⋯⟩ = ⟨5, ⋯⟩ then 6207497106735539164356863494087357064 else 0) +
                      ((if ⟨27, ⋯⟩ = ⟨6, ⋯⟩ then 31448172221565815653924205611241172935 else 0) +
                        ((if ⟨27, ⋯⟩ = ⟨7, ⋯⟩ then 1535584099207584990581808172289593284 else 0) +
                          if ⟨27, ⋯⟩ = ⟨8, ⋯⟩ then 33222486935879628129991633516299389736 else 0))))))))

case «9».«28»
⊢ 2 *
          ((if ⟨28, ⋯⟩ = ⟨0, ⋯⟩ then 6462660684668064957491172676462008040 else 0) +
            ((if ⟨28, ⋯⟩ = ⟨1, ⋯⟩ then 38043273707654392047674560446914897400 else 0) +
              ((if ⟨28, ⋯⟩ = ⟨2, ⋯⟩ then 3371079614592695393887029560861557126 else 0) +
                ((if ⟨28, ⋯⟩ = ⟨3, ⋯⟩ then 26723388101617515340109680663106361594 else 0) +
                  ((if ⟨28, ⋯⟩ = ⟨4, ⋯⟩ then 23127040988547996053670349574621768549 else 0) +
                    ((if ⟨28, ⋯⟩ = ⟨5, ⋯⟩ then 6207497106735539164356863494087357064 else 0) +
                      ((if ⟨28, ⋯⟩ = ⟨6, ⋯⟩ then 31448172221565815653924205611241172935 else 0) +
                        ((if ⟨28, ⋯⟩ = ⟨7, ⋯⟩ then 1535584099207584990581808172289593284 else 0) +
                          if ⟨28, ⋯⟩ = ⟨8, ⋯⟩ then 33222486935879628129991633516299389736 else 0)))))))) +
        ((-if ⟨28, ⋯⟩ = ⟨19, ⋯⟩ then 1 else 0) +
          -if ⟨28, ⋯⟩ = ⟨18, ⋯⟩ then 85070591730234615865843651857942052864 else 0) <
      512 ^
        (![24, 24, 24, 24, 24, 24, 24, 24, 24, 38, 24, 38, 24, 46, 24, 29, 24, 29, 24, 29, 24, 29, 24] ⟨9, ⋯⟩ - 22) ∧
    ((if ⟨28, ⋯⟩ = ⟨18, ⋯⟩ then 85070591730234615865843651857942052864 else 0) + if ⟨28, ⋯⟩ = ⟨19, ⋯⟩ then 1 else 0) <
      512 ^
          (![24, 24, 24, 24, 24, 24, 24, 24, 24, 38, 24, 38, 24, 46, 24, 29, 24, 29, 24, 29, 24, 29, 24] ⟨9, ⋯⟩ - 22) +
        2 *
          ((if ⟨28, ⋯⟩ = ⟨0, ⋯⟩ then 6462660684668064957491172676462008040 else 0) +
            ((if ⟨28, ⋯⟩ = ⟨1, ⋯⟩ then 38043273707654392047674560446914897400 else 0) +
              ((if ⟨28, ⋯⟩ = ⟨2, ⋯⟩ then 3371079614592695393887029560861557126 else 0) +
                ((if ⟨28, ⋯⟩ = ⟨3, ⋯⟩ then 26723388101617515340109680663106361594 else 0) +
                  ((if ⟨28, ⋯⟩ = ⟨4, ⋯⟩ then 23127040988547996053670349574621768549 else 0) +
                    ((if ⟨28, ⋯⟩ = ⟨5, ⋯⟩ then 6207497106735539164356863494087357064 else 0) +
                      ((if ⟨28, ⋯⟩ = ⟨6, ⋯⟩ then 31448172221565815653924205611241172935 else 0) +
                        ((if ⟨28, ⋯⟩ = ⟨7, ⋯⟩ then 1535584099207584990581808172289593284 else 0) +
                          if ⟨28, ⋯⟩ = ⟨8, ⋯⟩ then 33222486935879628129991633516299389736 else 0))))))))

case «9».«29»
⊢ 2 *
          ((if ⟨29, ⋯⟩ = ⟨0, ⋯⟩ then 6462660684668064957491172676462008040 else 0) +
            ((if ⟨29, ⋯⟩ = ⟨1, ⋯⟩ then 38043273707654392047674560446914897400 else 0) +
              ((if ⟨29, ⋯⟩ = ⟨2, ⋯⟩ then 3371079614592695393887029560861557126 else 0) +
                ((if ⟨29, ⋯⟩ = ⟨3, ⋯⟩ then 26723388101617515340109680663106361594 else 0) +
                  ((if ⟨29, ⋯⟩ = ⟨4, ⋯⟩ then 23127040988547996053670349574621768549 else 0) +
                    ((if ⟨29, ⋯⟩ = ⟨5, ⋯⟩ then 6207497106735539164356863494087357064 else 0) +
                      ((if ⟨29, ⋯⟩ = ⟨6, ⋯⟩ then 31448172221565815653924205611241172935 else 0) +
                        ((if ⟨29, ⋯⟩ = ⟨7, ⋯⟩ then 1535584099207584990581808172289593284 else 0) +
                          if ⟨29, ⋯⟩ = ⟨8, ⋯⟩ then 33222486935879628129991633516299389736 else 0)))))))) +
        ((-if ⟨29, ⋯⟩ = ⟨19, ⋯⟩ then 1 else 0) +
          -if ⟨29, ⋯⟩ = ⟨18, ⋯⟩ then 85070591730234615865843651857942052864 else 0) <
      512 ^
        (![24, 24, 24, 24, 24, 24, 24, 24, 24, 38, 24, 38, 24, 46, 24, 29, 24, 29, 24, 29, 24, 29, 24] ⟨9, ⋯⟩ - 22) ∧
    ((if ⟨29, ⋯⟩ = ⟨18, ⋯⟩ then 85070591730234615865843651857942052864 else 0) + if ⟨29, ⋯⟩ = ⟨19, ⋯⟩ then 1 else 0) <
      512 ^
          (![24, 24, 24, 24, 24, 24, 24, 24, 24, 38, 24, 38, 24, 46, 24, 29, 24, 29, 24, 29, 24, 29, 24] ⟨9, ⋯⟩ - 22) +
        2 *
          ((if ⟨29, ⋯⟩ = ⟨0, ⋯⟩ then 6462660684668064957491172676462008040 else 0) +
            ((if ⟨29, ⋯⟩ = ⟨1, ⋯⟩ then 38043273707654392047674560446914897400 else 0) +
              ((if ⟨29, ⋯⟩ = ⟨2, ⋯⟩ then 3371079614592695393887029560861557126 else 0) +
                ((if ⟨29, ⋯⟩ = ⟨3, ⋯⟩ then 26723388101617515340109680663106361594 else 0) +
                  ((if ⟨29, ⋯⟩ = ⟨4, ⋯⟩ then 23127040988547996053670349574621768549 else 0) +
                    ((if ⟨29, ⋯⟩ = ⟨5, ⋯⟩ then 6207497106735539164356863494087357064 else 0) +
                      ((if ⟨29, ⋯⟩ = ⟨6, ⋯⟩ then 31448172221565815653924205611241172935 else 0) +
                        ((if ⟨29, ⋯⟩ = ⟨7, ⋯⟩ then 1535584099207584990581808172289593284 else 0) +
                          if ⟨29, ⋯⟩ = ⟨8, ⋯⟩ then 33222486935879628129991633516299389736 else 0))))))))

case «9».«30»
⊢ 2 *
          ((if ⟨30, ⋯⟩ = ⟨0, ⋯⟩ then 6462660684668064957491172676462008040 else 0) +
            ((if ⟨30, ⋯⟩ = ⟨1, ⋯⟩ then 38043273707654392047674560446914897400 else 0) +
              ((if ⟨30, ⋯⟩ = ⟨2, ⋯⟩ then 3371079614592695393887029560861557126 else 0) +
                ((if ⟨30, ⋯⟩ = ⟨3, ⋯⟩ then 26723388101617515340109680663106361594 else 0) +
                  ((if ⟨30, ⋯⟩ = ⟨4, ⋯⟩ then 23127040988547996053670349574621768549 else 0) +
                    ((if ⟨30, ⋯⟩ = ⟨5, ⋯⟩ then 6207497106735539164356863494087357064 else 0) +
                      ((if ⟨30, ⋯⟩ = ⟨6, ⋯⟩ then 31448172221565815653924205611241172935 else 0) +
                        ((if ⟨30, ⋯⟩ = ⟨7, ⋯⟩ then 1535584099207584990581808172289593284 else 0) +
                          if ⟨30, ⋯⟩ = ⟨8, ⋯⟩ then 33222486935879628129991633516299389736 else 0)))))))) +
        ((-if ⟨30, ⋯⟩ = ⟨19, ⋯⟩ then 1 else 0) +
          -if ⟨30, ⋯⟩ = ⟨18, ⋯⟩ then 85070591730234615865843651857942052864 else 0) <
      512 ^
        (![24, 24, 24, 24, 24, 24, 24, 24, 24, 38, 24, 38, 24, 46, 24, 29, 24, 29, 24, 29, 24, 29, 24] ⟨9, ⋯⟩ - 22) ∧
    ((if ⟨30, ⋯⟩ = ⟨18, ⋯⟩ then 85070591730234615865843651857942052864 else 0) + if ⟨30, ⋯⟩ = ⟨19, ⋯⟩ then 1 else 0) <
      512 ^
          (![24, 24, 24, 24, 24, 24, 24, 24, 24, 38, 24, 38, 24, 46, 24, 29, 24, 29, 24, 29, 24, 29, 24] ⟨9, ⋯⟩ - 22) +
        2 *
          ((if ⟨30, ⋯⟩ = ⟨0, ⋯⟩ then 6462660684668064957491172676462008040 else 0) +
            ((if ⟨30, ⋯⟩ = ⟨1, ⋯⟩ then 38043273707654392047674560446914897400 else 0) +
              ((if ⟨30, ⋯⟩ = ⟨2, ⋯⟩ then 3371079614592695393887029560861557126 else 0) +
                ((if ⟨30, ⋯⟩ = ⟨3, ⋯⟩ then 26723388101617515340109680663106361594 else 0) +
                  ((if ⟨30, ⋯⟩ = ⟨4, ⋯⟩ then 23127040988547996053670349574621768549 else 0) +
                    ((if ⟨30, ⋯⟩ = ⟨5, ⋯⟩ then 6207497106735539164356863494087357064 else 0) +
                      ((if ⟨30, ⋯⟩ = ⟨6, ⋯⟩ then 31448172221565815653924205611241172935 else 0) +
                        ((if ⟨30, ⋯⟩ = ⟨7, ⋯⟩ then 1535584099207584990581808172289593284 else 0) +
                          if ⟨30, ⋯⟩ = ⟨8, ⋯⟩ then 33222486935879628129991633516299389736 else 0))))))))

case «9».«31»
⊢ 2 *
          ((if ⟨31, ⋯⟩ = ⟨0, ⋯⟩ then 6462660684668064957491172676462008040 else 0) +
            ((if ⟨31, ⋯⟩ = ⟨1, ⋯⟩ then 38043273707654392047674560446914897400 else 0) +
              ((if ⟨31, ⋯⟩ = ⟨2, ⋯⟩ then 3371079614592695393887029560861557126 else 0) +
                ((if ⟨31, ⋯⟩ = ⟨3, ⋯⟩ then 26723388101617515340109680663106361594 else 0) +
                  ((if ⟨31, ⋯⟩ = ⟨4, ⋯⟩ then 23127040988547996053670349574621768549 else 0) +
                    ((if ⟨31, ⋯⟩ = ⟨5, ⋯⟩ then 6207497106735539164356863494087357064 else 0) +
                      ((if ⟨31, ⋯⟩ = ⟨6, ⋯⟩ then 31448172221565815653924205611241172935 else 0) +
                        ((if ⟨31, ⋯⟩ = ⟨7, ⋯⟩ then 1535584099207584990581808172289593284 else 0) +
                          if ⟨31, ⋯⟩ = ⟨8, ⋯⟩ then 33222486935879628129991633516299389736 else 0)))))))) +
        ((-if ⟨31, ⋯⟩ = ⟨19, ⋯⟩ then 1 else 0) +
          -if ⟨31, ⋯⟩ = ⟨18, ⋯⟩ then 85070591730234615865843651857942052864 else 0) <
      512 ^
        (![24, 24, 24, 24, 24, 24, 24, 24, 24, 38, 24, 38, 24, 46, 24, 29, 24, 29, 24, 29, 24, 29, 24] ⟨9, ⋯⟩ - 22) ∧
    ((if ⟨31, ⋯⟩ = ⟨18, ⋯⟩ then 85070591730234615865843651857942052864 else 0) + if ⟨31, ⋯⟩ = ⟨19, ⋯⟩ then 1 else 0) <
      512 ^
          (![24, 24, 24, 24, 24, 24, 24, 24, 24, 38, 24, 38, 24, 46, 24, 29, 24, 29, 24, 29, 24, 29, 24] ⟨9, ⋯⟩ - 22) +
        2 *
          ((if ⟨31, ⋯⟩ = ⟨0, ⋯⟩ then 6462660684668064957491172676462008040 else 0) +
            ((if ⟨31, ⋯⟩ = ⟨1, ⋯⟩ then 38043273707654392047674560446914897400 else 0) +
              ((if ⟨31, ⋯⟩ = ⟨2, ⋯⟩ then 3371079614592695393887029560861557126 else 0) +
                ((if ⟨31, ⋯⟩ = ⟨3, ⋯⟩ then 26723388101617515340109680663106361594 else 0) +
                  ((if ⟨31, ⋯⟩ = ⟨4, ⋯⟩ then 23127040988547996053670349574621768549 else 0) +
                    ((if ⟨31, ⋯⟩ = ⟨5, ⋯⟩ then 6207497106735539164356863494087357064 else 0) +
                      ((if ⟨31, ⋯⟩ = ⟨6, ⋯⟩ then 31448172221565815653924205611241172935 else 0) +
                        ((if ⟨31, ⋯⟩ = ⟨7, ⋯⟩ then 1535584099207584990581808172289593284 else 0) +
                          if ⟨31, ⋯⟩ = ⟨8, ⋯⟩ then 33222486935879628129991633516299389736 else 0))))))))

case «9».«32»
⊢ 2 *
          ((if ⟨32, ⋯⟩ = ⟨0, ⋯⟩ then 6462660684668064957491172676462008040 else 0) +
            ((if ⟨32, ⋯⟩ = ⟨1, ⋯⟩ then 38043273707654392047674560446914897400 else 0) +
              ((if ⟨32, ⋯⟩ = ⟨2, ⋯⟩ then 3371079614592695393887029560861557126 else 0) +
                ((if ⟨32, ⋯⟩ = ⟨3, ⋯⟩ then 26723388101617515340109680663106361594 else 0) +
                  ((if ⟨32, ⋯⟩ = ⟨4, ⋯⟩ then 23127040988547996053670349574621768549 else 0) +
                    ((if ⟨32, ⋯⟩ = ⟨5, ⋯⟩ then 6207497106735539164356863494087357064 else 0) +
                      ((if ⟨32, ⋯⟩ = ⟨6, ⋯⟩ then 31448172221565815653924205611241172935 else 0) +
                        ((if ⟨32, ⋯⟩ = ⟨7, ⋯⟩ then 1535584099207584990581808172289593284 else 0) +
                          if ⟨32, ⋯⟩ = ⟨8, ⋯⟩ then 33222486935879628129991633516299389736 else 0)))))))) +
        ((-if ⟨32, ⋯⟩ = ⟨19, ⋯⟩ then 1 else 0) +
          -if ⟨32, ⋯⟩ = ⟨18, ⋯⟩ then 85070591730234615865843651857942052864 else 0) <
      512 ^
        (![24, 24, 24, 24, 24, 24, 24, 24, 24, 38, 24, 38, 24, 46, 24, 29, 24, 29, 24, 29, 24, 29, 24] ⟨9, ⋯⟩ - 22) ∧
    ((if ⟨32, ⋯⟩ = ⟨18, ⋯⟩ then 85070591730234615865843651857942052864 else 0) + if ⟨32, ⋯⟩ = ⟨19, ⋯⟩ then 1 else 0) <
      512 ^
          (![24, 24, 24, 24, 24, 24, 24, 24, 24, 38, 24, 38, 24, 46, 24, 29, 24, 29, 24, 29, 24, 29, 24] ⟨9, ⋯⟩ - 22) +
        2 *
          ((if ⟨32, ⋯⟩ = ⟨0, ⋯⟩ then 6462660684668064957491172676462008040 else 0) +
            ((if ⟨32, ⋯⟩ = ⟨1, ⋯⟩ then 38043273707654392047674560446914897400 else 0) +
              ((if ⟨32, ⋯⟩ = ⟨2, ⋯⟩ then 3371079614592695393887029560861557126 else 0) +
                ((if ⟨32, ⋯⟩ = ⟨3, ⋯⟩ then 26723388101617515340109680663106361594 else 0) +
                  ((if ⟨32, ⋯⟩ = ⟨4, ⋯⟩ then 23127040988547996053670349574621768549 else 0) +
                    ((if ⟨32, ⋯⟩ = ⟨5, ⋯⟩ then 6207497106735539164356863494087357064 else 0) +
                      ((if ⟨32, ⋯⟩ = ⟨6, ⋯⟩ then 31448172221565815653924205611241172935 else 0) +
                        ((if ⟨32, ⋯⟩ = ⟨7, ⋯⟩ then 1535584099207584990581808172289593284 else 0) +
                          if ⟨32, ⋯⟩ = ⟨8, ⋯⟩ then 33222486935879628129991633516299389736 else 0))))))))

case «9».«33»
⊢ 2 *
          ((if ⟨33, ⋯⟩ = ⟨0, ⋯⟩ then 6462660684668064957491172676462008040 else 0) +
            ((if ⟨33, ⋯⟩ = ⟨1, ⋯⟩ then 38043273707654392047674560446914897400 else 0) +
              ((if ⟨33, ⋯⟩ = ⟨2, ⋯⟩ then 3371079614592695393887029560861557126 else 0) +
                ((if ⟨33, ⋯⟩ = ⟨3, ⋯⟩ then 26723388101617515340109680663106361594 else 0) +
                  ((if ⟨33, ⋯⟩ = ⟨4, ⋯⟩ then 23127040988547996053670349574621768549 else 0) +
                    ((if ⟨33, ⋯⟩ = ⟨5, ⋯⟩ then 6207497106735539164356863494087357064 else 0) +
                      ((if ⟨33, ⋯⟩ = ⟨6, ⋯⟩ then 31448172221565815653924205611241172935 else 0) +
                        ((if ⟨33, ⋯⟩ = ⟨7, ⋯⟩ then 1535584099207584990581808172289593284 else 0) +
                          if ⟨33, ⋯⟩ = ⟨8, ⋯⟩ then 33222486935879628129991633516299389736 else 0)))))))) +
        ((-if ⟨33, ⋯⟩ = ⟨19, ⋯⟩ then 1 else 0) +
          -if ⟨33, ⋯⟩ = ⟨18, ⋯⟩ then 85070591730234615865843651857942052864 else 0) <
      512 ^
        (![24, 24, 24, 24, 24, 24, 24, 24, 24, 38, 24, 38, 24, 46, 24, 29, 24, 29, 24, 29, 24, 29, 24] ⟨9, ⋯⟩ - 22) ∧
    ((if ⟨33, ⋯⟩ = ⟨18, ⋯⟩ then 85070591730234615865843651857942052864 else 0) + if ⟨33, ⋯⟩ = ⟨19, ⋯⟩ then 1 else 0) <
      512 ^
          (![24, 24, 24, 24, 24, 24, 24, 24, 24, 38, 24, 38, 24, 46, 24, 29, 24, 29, 24, 29, 24, 29, 24] ⟨9, ⋯⟩ - 22) +
        2 *
          ((if ⟨33, ⋯⟩ = ⟨0, ⋯⟩ then 6462660684668064957491172676462008040 else 0) +
            ((if ⟨33, ⋯⟩ = ⟨1, ⋯⟩ then 38043273707654392047674560446914897400 else 0) +
              ((if ⟨33, ⋯⟩ = ⟨2, ⋯⟩ then 3371079614592695393887029560861557126 else 0) +
                ((if ⟨33, ⋯⟩ = ⟨3, ⋯⟩ then 26723388101617515340109680663106361594 else 0) +
                  ((if ⟨33, ⋯⟩ = ⟨4, ⋯⟩ then 23127040988547996053670349574621768549 else 0) +
                    ((if ⟨33, ⋯⟩ = ⟨5, ⋯⟩ then 6207497106735539164356863494087357064 else 0) +
                      ((if ⟨33, ⋯⟩ = ⟨6, ⋯⟩ then 31448172221565815653924205611241172935 else 0) +
                        ((if ⟨33, ⋯⟩ = ⟨7, ⋯⟩ then 1535584099207584990581808172289593284 else 0) +
                          if ⟨33, ⋯⟩ = ⟨8, ⋯⟩ then 33222486935879628129991633516299389736 else 0))))))))

case «9».«34»
⊢ 2 *
          ((if ⟨34, ⋯⟩ = ⟨0, ⋯⟩ then 6462660684668064957491172676462008040 else 0) +
            ((if ⟨34, ⋯⟩ = ⟨1, ⋯⟩ then 38043273707654392047674560446914897400 else 0) +
              ((if ⟨34, ⋯⟩ = ⟨2, ⋯⟩ then 3371079614592695393887029560861557126 else 0) +
                ((if ⟨34, ⋯⟩ = ⟨3, ⋯⟩ then 26723388101617515340109680663106361594 else 0) +
                  ((if ⟨34, ⋯⟩ = ⟨4, ⋯⟩ then 23127040988547996053670349574621768549 else 0) +
                    ((if ⟨34, ⋯⟩ = ⟨5, ⋯⟩ then 6207497106735539164356863494087357064 else 0) +
                      ((if ⟨34, ⋯⟩ = ⟨6, ⋯⟩ then 31448172221565815653924205611241172935 else 0) +
                        ((if ⟨34, ⋯⟩ = ⟨7, ⋯⟩ then 1535584099207584990581808172289593284 else 0) +
                          if ⟨34, ⋯⟩ = ⟨8, ⋯⟩ then 33222486935879628129991633516299389736 else 0)))))))) +
        ((-if ⟨34, ⋯⟩ = ⟨19, ⋯⟩ then 1 else 0) +
          -if ⟨34, ⋯⟩ = ⟨18, ⋯⟩ then 85070591730234615865843651857942052864 else 0) <
      512 ^
        (![24, 24, 24, 24, 24, 24, 24, 24, 24, 38, 24, 38, 24, 46, 24, 29, 24, 29, 24, 29, 24, 29, 24] ⟨9, ⋯⟩ - 22) ∧
    ((if ⟨34, ⋯⟩ = ⟨18, ⋯⟩ then 85070591730234615865843651857942052864 else 0) + if ⟨34, ⋯⟩ = ⟨19, ⋯⟩ then 1 else 0) <
      512 ^
          (![24, 24, 24, 24, 24, 24, 24, 24, 24, 38, 24, 38, 24, 46, 24, 29, 24, 29, 24, 29, 24, 29, 24] ⟨9, ⋯⟩ - 22) +
        2 *
          ((if ⟨34, ⋯⟩ = ⟨0, ⋯⟩ then 6462660684668064957491172676462008040 else 0) +
            ((if ⟨34, ⋯⟩ = ⟨1, ⋯⟩ then 38043273707654392047674560446914897400 else 0) +
              ((if ⟨34, ⋯⟩ = ⟨2, ⋯⟩ then 3371079614592695393887029560861557126 else 0) +
                ((if ⟨34, ⋯⟩ = ⟨3, ⋯⟩ then 26723388101617515340109680663106361594 else 0) +
                  ((if ⟨34, ⋯⟩ = ⟨4, ⋯⟩ then 23127040988547996053670349574621768549 else 0) +
                    ((if ⟨34, ⋯⟩ = ⟨5, ⋯⟩ then 6207497106735539164356863494087357064 else 0) +
                      ((if ⟨34, ⋯⟩ = ⟨6, ⋯⟩ then 31448172221565815653924205611241172935 else 0) +
                        ((if ⟨34, ⋯⟩ = ⟨7, ⋯⟩ then 1535584099207584990581808172289593284 else 0) +
                          if ⟨34, ⋯⟩ = ⟨8, ⋯⟩ then 33222486935879628129991633516299389736 else 0))))))))

case «9».«35»
⊢ 2 *
          ((if ⟨35, ⋯⟩ = ⟨0, ⋯⟩ then 6462660684668064957491172676462008040 else 0) +
            ((if ⟨35, ⋯⟩ = ⟨1, ⋯⟩ then 38043273707654392047674560446914897400 else 0) +
              ((if ⟨35, ⋯⟩ = ⟨2, ⋯⟩ then 3371079614592695393887029560861557126 else 0) +
                ((if ⟨35, ⋯⟩ = ⟨3, ⋯⟩ then 26723388101617515340109680663106361594 else 0) +
                  ((if ⟨35, ⋯⟩ = ⟨4, ⋯⟩ then 23127040988547996053670349574621768549 else 0) +
                    ((if ⟨35, ⋯⟩ = ⟨5, ⋯⟩ then 6207497106735539164356863494087357064 else 0) +
                      ((if ⟨35, ⋯⟩ = ⟨6, ⋯⟩ then 31448172221565815653924205611241172935 else 0) +
                        ((if ⟨35, ⋯⟩ = ⟨7, ⋯⟩ then 1535584099207584990581808172289593284 else 0) +
                          if ⟨35, ⋯⟩ = ⟨8, ⋯⟩ then 33222486935879628129991633516299389736 else 0)))))))) +
        ((-if ⟨35, ⋯⟩ = ⟨19, ⋯⟩ then 1 else 0) +
          -if ⟨35, ⋯⟩ = ⟨18, ⋯⟩ then 85070591730234615865843651857942052864 else 0) <
      512 ^
        (![24, 24, 24, 24, 24, 24, 24, 24, 24, 38, 24, 38, 24, 46, 24, 29, 24, 29, 24, 29, 24, 29, 24] ⟨9, ⋯⟩ - 22) ∧
    ((if ⟨35, ⋯⟩ = ⟨18, ⋯⟩ then 85070591730234615865843651857942052864 else 0) + if ⟨35, ⋯⟩ = ⟨19, ⋯⟩ then 1 else 0) <
      512 ^
          (![24, 24, 24, 24, 24, 24, 24, 24, 24, 38, 24, 38, 24, 46, 24, 29, 24, 29, 24, 29, 24, 29, 24] ⟨9, ⋯⟩ - 22) +
        2 *
          ((if ⟨35, ⋯⟩ = ⟨0, ⋯⟩ then 6462660684668064957491172676462008040 else 0) +
            ((if ⟨35, ⋯⟩ = ⟨1, ⋯⟩ then 38043273707654392047674560446914897400 else 0) +
              ((if ⟨35, ⋯⟩ = ⟨2, ⋯⟩ then 3371079614592695393887029560861557126 else 0) +
                ((if ⟨35, ⋯⟩ = ⟨3, ⋯⟩ then 26723388101617515340109680663106361594 else 0) +
                  ((if ⟨35, ⋯⟩ = ⟨4, ⋯⟩ then 23127040988547996053670349574621768549 else 0) +
                    ((if ⟨35, ⋯⟩ = ⟨5, ⋯⟩ then 6207497106735539164356863494087357064 else 0) +
                      ((if ⟨35, ⋯⟩ = ⟨6, ⋯⟩ then 31448172221565815653924205611241172935 else 0) +
                        ((if ⟨35, ⋯⟩ = ⟨7, ⋯⟩ then 1535584099207584990581808172289593284 else 0) +
                          if ⟨35, ⋯⟩ = ⟨8, ⋯⟩ then 33222486935879628129991633516299389736 else 0))))))))

case «9».«36»
⊢ 2 *
          ((if ⟨36, ⋯⟩ = ⟨0, ⋯⟩ then 6462660684668064957491172676462008040 else 0) +
            ((if ⟨36, ⋯⟩ = ⟨1, ⋯⟩ then 38043273707654392047674560446914897400 else 0) +
              ((if ⟨36, ⋯⟩ = ⟨2, ⋯⟩ then 3371079614592695393887029560861557126 else 0) +
                ((if ⟨36, ⋯⟩ = ⟨3, ⋯⟩ then 26723388101617515340109680663106361594 else 0) +
                  ((if ⟨36, ⋯⟩ = ⟨4, ⋯⟩ then 23127040988547996053670349574621768549 else 0) +
                    ((if ⟨36, ⋯⟩ = ⟨5, ⋯⟩ then 6207497106735539164356863494087357064 else 0) +
                      ((if ⟨36, ⋯⟩ = ⟨6, ⋯⟩ then 31448172221565815653924205611241172935 else 0) +
                        ((if ⟨36, ⋯⟩ = ⟨7, ⋯⟩ then 1535584099207584990581808172289593284 else 0) +
                          if ⟨36, ⋯⟩ = ⟨8, ⋯⟩ then 33222486935879628129991633516299389736 else 0)))))))) +
        ((-if ⟨36, ⋯⟩ = ⟨19, ⋯⟩ then 1 else 0) +
          -if ⟨36, ⋯⟩ = ⟨18, ⋯⟩ then 85070591730234615865843651857942052864 else 0) <
      512 ^
        (![24, 24, 24, 24, 24, 24, 24, 24, 24, 38, 24, 38, 24, 46, 24, 29, 24, 29, 24, 29, 24, 29, 24] ⟨9, ⋯⟩ - 22) ∧
    ((if ⟨36, ⋯⟩ = ⟨18, ⋯⟩ then 85070591730234615865843651857942052864 else 0) + if ⟨36, ⋯⟩ = ⟨19, ⋯⟩ then 1 else 0) <
      512 ^
          (![24, 24, 24, 24, 24, 24, 24, 24, 24, 38, 24, 38, 24, 46, 24, 29, 24, 29, 24, 29, 24, 29, 24] ⟨9, ⋯⟩ - 22) +
        2 *
          ((if ⟨36, ⋯⟩ = ⟨0, ⋯⟩ then 6462660684668064957491172676462008040 else 0) +
            ((if ⟨36, ⋯⟩ = ⟨1, ⋯⟩ then 38043273707654392047674560446914897400 else 0) +
              ((if ⟨36, ⋯⟩ = ⟨2, ⋯⟩ then 3371079614592695393887029560861557126 else 0) +
                ((if ⟨36, ⋯⟩ = ⟨3, ⋯⟩ then 26723388101617515340109680663106361594 else 0) +
                  ((if ⟨36, ⋯⟩ = ⟨4, ⋯⟩ then 23127040988547996053670349574621768549 else 0) +
                    ((if ⟨36, ⋯⟩ = ⟨5, ⋯⟩ then 6207497106735539164356863494087357064 else 0) +
                      ((if ⟨36, ⋯⟩ = ⟨6, ⋯⟩ then 31448172221565815653924205611241172935 else 0) +
                        ((if ⟨36, ⋯⟩ = ⟨7, ⋯⟩ then 1535584099207584990581808172289593284 else 0) +
                          if ⟨36, ⋯⟩ = ⟨8, ⋯⟩ then 33222486935879628129991633516299389736 else 0))))))))

case «9».«37»
⊢ 2 *
          ((if ⟨37, ⋯⟩ = ⟨0, ⋯⟩ then 6462660684668064957491172676462008040 else 0) +
            ((if ⟨37, ⋯⟩ = ⟨1, ⋯⟩ then 38043273707654392047674560446914897400 else 0) +
              ((if ⟨37, ⋯⟩ = ⟨2, ⋯⟩ then 3371079614592695393887029560861557126 else 0) +
                ((if ⟨37, ⋯⟩ = ⟨3, ⋯⟩ then 26723388101617515340109680663106361594 else 0) +
                  ((if ⟨37, ⋯⟩ = ⟨4, ⋯⟩ then 23127040988547996053670349574621768549 else 0) +
                    ((if ⟨37, ⋯⟩ = ⟨5, ⋯⟩ then 6207497106735539164356863494087357064 else 0) +
                      ((if ⟨37, ⋯⟩ = ⟨6, ⋯⟩ then 31448172221565815653924205611241172935 else 0) +
                        ((if ⟨37, ⋯⟩ = ⟨7, ⋯⟩ then 1535584099207584990581808172289593284 else 0) +
                          if ⟨37, ⋯⟩ = ⟨8, ⋯⟩ then 33222486935879628129991633516299389736 else 0)))))))) +
        ((-if ⟨37, ⋯⟩ = ⟨19, ⋯⟩ then 1 else 0) +
          -if ⟨37, ⋯⟩ = ⟨18, ⋯⟩ then 85070591730234615865843651857942052864 else 0) <
      512 ^
        (![24, 24, 24, 24, 24, 24, 24, 24, 24, 38, 24, 38, 24, 46, 24, 29, 24, 29, 24, 29, 24, 29, 24] ⟨9, ⋯⟩ - 22) ∧
    ((if ⟨37, ⋯⟩ = ⟨18, ⋯⟩ then 85070591730234615865843651857942052864 else 0) + if ⟨37, ⋯⟩ = ⟨19, ⋯⟩ then 1 else 0) <
      512 ^
          (![24, 24, 24, 24, 24, 24, 24, 24, 24, 38, 24, 38, 24, 46, 24, 29, 24, 29, 24, 29, 24, 29, 24] ⟨9, ⋯⟩ - 22) +
        2 *
          ((if ⟨37, ⋯⟩ = ⟨0, ⋯⟩ then 6462660684668064957491172676462008040 else 0) +
            ((if ⟨37, ⋯⟩ = ⟨1, ⋯⟩ then 38043273707654392047674560446914897400 else 0) +
              ((if ⟨37, ⋯⟩ = ⟨2, ⋯⟩ then 3371079614592695393887029560861557126 else 0) +
                ((if ⟨37, ⋯⟩ = ⟨3, ⋯⟩ then 26723388101617515340109680663106361594 else 0) +
                  ((if ⟨37, ⋯⟩ = ⟨4, ⋯⟩ then 23127040988547996053670349574621768549 else 0) +
                    ((if ⟨37, ⋯⟩ = ⟨5, ⋯⟩ then 6207497106735539164356863494087357064 else 0) +
                      ((if ⟨37, ⋯⟩ = ⟨6, ⋯⟩ then 31448172221565815653924205611241172935 else 0) +
                        ((if ⟨37, ⋯⟩ = ⟨7, ⋯⟩ then 1535584099207584990581808172289593284 else 0) +
                          if ⟨37, ⋯⟩ = ⟨8, ⋯⟩ then 33222486935879628129991633516299389736 else 0))))))))

case «9».«38»
⊢ 2 *
          ((if ⟨38, ⋯⟩ = ⟨0, ⋯⟩ then 6462660684668064957491172676462008040 else 0) +
            ((if ⟨38, ⋯⟩ = ⟨1, ⋯⟩ then 38043273707654392047674560446914897400 else 0) +
              ((if ⟨38, ⋯⟩ = ⟨2, ⋯⟩ then 3371079614592695393887029560861557126 else 0) +
                ((if ⟨38, ⋯⟩ = ⟨3, ⋯⟩ then 26723388101617515340109680663106361594 else 0) +
                  ((if ⟨38, ⋯⟩ = ⟨4, ⋯⟩ then 23127040988547996053670349574621768549 else 0) +
                    ((if ⟨38, ⋯⟩ = ⟨5, ⋯⟩ then 6207497106735539164356863494087357064 else 0) +
                      ((if ⟨38, ⋯⟩ = ⟨6, ⋯⟩ then 31448172221565815653924205611241172935 else 0) +
                        ((if ⟨38, ⋯⟩ = ⟨7, ⋯⟩ then 1535584099207584990581808172289593284 else 0) +
                          if ⟨38, ⋯⟩ = ⟨8, ⋯⟩ then 33222486935879628129991633516299389736 else 0)))))))) +
        ((-if ⟨38, ⋯⟩ = ⟨19, ⋯⟩ then 1 else 0) +
          -if ⟨38, ⋯⟩ = ⟨18, ⋯⟩ then 85070591730234615865843651857942052864 else 0) <
      512 ^
        (![24, 24, 24, 24, 24, 24, 24, 24, 24, 38, 24, 38, 24, 46, 24, 29, 24, 29, 24, 29, 24, 29, 24] ⟨9, ⋯⟩ - 22) ∧
    ((if ⟨38, ⋯⟩ = ⟨18, ⋯⟩ then 85070591730234615865843651857942052864 else 0) + if ⟨38, ⋯⟩ = ⟨19, ⋯⟩ then 1 else 0) <
      512 ^
          (![24, 24, 24, 24, 24, 24, 24, 24, 24, 38, 24, 38, 24, 46, 24, 29, 24, 29, 24, 29, 24, 29, 24] ⟨9, ⋯⟩ - 22) +
        2 *
          ((if ⟨38, ⋯⟩ = ⟨0, ⋯⟩ then 6462660684668064957491172676462008040 else 0) +
            ((if ⟨38, ⋯⟩ = ⟨1, ⋯⟩ then 38043273707654392047674560446914897400 else 0) +
              ((if ⟨38, ⋯⟩ = ⟨2, ⋯⟩ then 3371079614592695393887029560861557126 else 0) +
                ((if ⟨38, ⋯⟩ = ⟨3, ⋯⟩ then 26723388101617515340109680663106361594 else 0) +
                  ((if ⟨38, ⋯⟩ = ⟨4, ⋯⟩ then 23127040988547996053670349574621768549 else 0) +
                    ((if ⟨38, ⋯⟩ = ⟨5, ⋯⟩ then 6207497106735539164356863494087357064 else 0) +
                      ((if ⟨38, ⋯⟩ = ⟨6, ⋯⟩ then 31448172221565815653924205611241172935 else 0) +
                        ((if ⟨38, ⋯⟩ = ⟨7, ⋯⟩ then 1535584099207584990581808172289593284 else 0) +
                          if ⟨38, ⋯⟩ = ⟨8, ⋯⟩ then 33222486935879628129991633516299389736 else 0))))))))

case «10».«0»
⊢ ((if ⟨0, ⋯⟩ = ⟨19, ⋯⟩ then 1 else 0) + if ⟨0, ⋯⟩ = ⟨20, ⋯⟩ then 1 else 0) <
      512 ^
        (![24, 24, 24, 24, 24, 24, 24, 24, 24, 38, 24, 38, 24, 46, 24, 29, 24, 29, 24, 29, 24, 29, 24] ⟨10, ⋯⟩ - 22) ∧
    (-if ⟨0, ⋯⟩ = ⟨20, ⋯⟩ then 1 else 0) <
      512 ^
          (![24, 24, 24, 24, 24, 24, 24, 24, 24, 38, 24, 38, 24, 46, 24, 29, 24, 29, 24, 29, 24, 29, 24] ⟨10, ⋯⟩ - 22) +
        if ⟨0, ⋯⟩ = ⟨19, ⋯⟩ then 1 else 0

case «10».«1»
⊢ ((if ⟨1, ⋯⟩ = ⟨19, ⋯⟩ then 1 else 0) + if ⟨1, ⋯⟩ = ⟨20, ⋯⟩ then 1 else 0) <
      512 ^
        (![24, 24, 24, 24, 24, 24, 24, 24, 24, 38, 24, 38, 24, 46, 24, 29, 24, 29, 24, 29, 24, 29, 24] ⟨10, ⋯⟩ - 22) ∧
    (-if ⟨1, ⋯⟩ = ⟨20, ⋯⟩ then 1 else 0) <
      512 ^
          (![24, 24, 24, 24, 24, 24, 24, 24, 24, 38, 24, 38, 24, 46, 24, 29, 24, 29, 24, 29, 24, 29, 24] ⟨10, ⋯⟩ - 22) +
        if ⟨1, ⋯⟩ = ⟨19, ⋯⟩ then 1 else 0

case «10».«2»
⊢ ((if ⟨2, ⋯⟩ = ⟨19, ⋯⟩ then 1 else 0) + if ⟨2, ⋯⟩ = ⟨20, ⋯⟩ then 1 else 0) <
      512 ^
        (![24, 24, 24, 24, 24, 24, 24, 24, 24, 38, 24, 38, 24, 46, 24, 29, 24, 29, 24, 29, 24, 29, 24] ⟨10, ⋯⟩ - 22) ∧
    (-if ⟨2, ⋯⟩ = ⟨20, ⋯⟩ then 1 else 0) <
      512 ^
          (![24, 24, 24, 24, 24, 24, 24, 24, 24, 38, 24, 38, 24, 46, 24, 29, 24, 29, 24, 29, 24, 29, 24] ⟨10, ⋯⟩ - 22) +
        if ⟨2, ⋯⟩ = ⟨19, ⋯⟩ then 1 else 0

case «10».«3»
⊢ ((if ⟨3, ⋯⟩ = ⟨19, ⋯⟩ then 1 else 0) + if ⟨3, ⋯⟩ = ⟨20, ⋯⟩ then 1 else 0) <
      512 ^
        (![24, 24, 24, 24, 24, 24, 24, 24, 24, 38, 24, 38, 24, 46, 24, 29, 24, 29, 24, 29, 24, 29, 24] ⟨10, ⋯⟩ - 22) ∧
    (-if ⟨3, ⋯⟩ = ⟨20, ⋯⟩ then 1 else 0) <
      512 ^
          (![24, 24, 24, 24, 24, 24, 24, 24, 24, 38, 24, 38, 24, 46, 24, 29, 24, 29, 24, 29, 24, 29, 24] ⟨10, ⋯⟩ - 22) +
        if ⟨3, ⋯⟩ = ⟨19, ⋯⟩ then 1 else 0

case «10».«4»
⊢ ((if ⟨4, ⋯⟩ = ⟨19, ⋯⟩ then 1 else 0) + if ⟨4, ⋯⟩ = ⟨20, ⋯⟩ then 1 else 0) <
      512 ^
        (![24, 24, 24, 24, 24, 24, 24, 24, 24, 38, 24, 38, 24, 46, 24, 29, 24, 29, 24, 29, 24, 29, 24] ⟨10, ⋯⟩ - 22) ∧
    (-if ⟨4, ⋯⟩ = ⟨20, ⋯⟩ then 1 else 0) <
      512 ^
          (![24, 24, 24, 24, 24, 24, 24, 24, 24, 38, 24, 38, 24, 46, 24, 29, 24, 29, 24, 29, 24, 29, 24] ⟨10, ⋯⟩ - 22) +
        if ⟨4, ⋯⟩ = ⟨19, ⋯⟩ then 1 else 0

case «10».«5»
⊢ ((if ⟨5, ⋯⟩ = ⟨19, ⋯⟩ then 1 else 0) + if ⟨5, ⋯⟩ = ⟨20, ⋯⟩ then 1 else 0) <
      512 ^
        (![24, 24, 24, 24, 24, 24, 24, 24, 24, 38, 24, 38, 24, 46, 24, 29, 24, 29, 24, 29, 24, 29, 24] ⟨10, ⋯⟩ - 22) ∧
    (-if ⟨5, ⋯⟩ = ⟨20, ⋯⟩ then 1 else 0) <
      512 ^
          (![24, 24, 24, 24, 24, 24, 24, 24, 24, 38, 24, 38, 24, 46, 24, 29, 24, 29, 24, 29, 24, 29, 24] ⟨10, ⋯⟩ - 22) +
        if ⟨5, ⋯⟩ = ⟨19, ⋯⟩ then 1 else 0

case «10».«6»
⊢ ((if ⟨6, ⋯⟩ = ⟨19, ⋯⟩ then 1 else 0) + if ⟨6, ⋯⟩ = ⟨20, ⋯⟩ then 1 else 0) <
      512 ^
        (![24, 24, 24, 24, 24, 24, 24, 24, 24, 38, 24, 38, 24, 46, 24, 29, 24, 29, 24, 29, 24, 29, 24] ⟨10, ⋯⟩ - 22) ∧
    (-if ⟨6, ⋯⟩ = ⟨20, ⋯⟩ then 1 else 0) <
      512 ^
          (![24, 24, 24, 24, 24, 24, 24, 24, 24, 38, 24, 38, 24, 46, 24, 29, 24, 29, 24, 29, 24, 29, 24] ⟨10, ⋯⟩ - 22) +
        if ⟨6, ⋯⟩ = ⟨19, ⋯⟩ then 1 else 0

case «10».«7»
⊢ ((if ⟨7, ⋯⟩ = ⟨19, ⋯⟩ then 1 else 0) + if ⟨7, ⋯⟩ = ⟨20, ⋯⟩ then 1 else 0) <
      512 ^
        (![24, 24, 24, 24, 24, 24, 24, 24, 24, 38, 24, 38, 24, 46, 24, 29, 24, 29, 24, 29, 24, 29, 24] ⟨10, ⋯⟩ - 22) ∧
    (-if ⟨7, ⋯⟩ = ⟨20, ⋯⟩ then 1 else 0) <
      512 ^
          (![24, 24, 24, 24, 24, 24, 24, 24, 24, 38, 24, 38, 24, 46, 24, 29, 24, 29, 24, 29, 24, 29, 24] ⟨10, ⋯⟩ - 22) +
        if ⟨7, ⋯⟩ = ⟨19, ⋯⟩ then 1 else 0

case «10».«8»
⊢ ((if ⟨8, ⋯⟩ = ⟨19, ⋯⟩ then 1 else 0) + if ⟨8, ⋯⟩ = ⟨20, ⋯⟩ then 1 else 0) <
      512 ^
        (![24, 24, 24, 24, 24, 24, 24, 24, 24, 38, 24, 38, 24, 46, 24, 29, 24, 29, 24, 29, 24, 29, 24] ⟨10, ⋯⟩ - 22) ∧
    (-if ⟨8, ⋯⟩ = ⟨20, ⋯⟩ then 1 else 0) <
      512 ^
          (![24, 24, 24, 24, 24, 24, 24, 24, 24, 38, 24, 38, 24, 46, 24, 29, 24, 29, 24, 29, 24, 29, 24] ⟨10, ⋯⟩ - 22) +
        if ⟨8, ⋯⟩ = ⟨19, ⋯⟩ then 1 else 0

case «10».«9»
⊢ ((if ⟨9, ⋯⟩ = ⟨19, ⋯⟩ then 1 else 0) + if ⟨9, ⋯⟩ = ⟨20, ⋯⟩ then 1 else 0) <
      512 ^
        (![24, 24, 24, 24, 24, 24, 24, 24, 24, 38, 24, 38, 24, 46, 24, 29, 24, 29, 24, 29, 24, 29, 24] ⟨10, ⋯⟩ - 22) ∧
    (-if ⟨9, ⋯⟩ = ⟨20, ⋯⟩ then 1 else 0) <
      512 ^
          (![24, 24, 24, 24, 24, 24, 24, 24, 24, 38, 24, 38, 24, 46, 24, 29, 24, 29, 24, 29, 24, 29, 24] ⟨10, ⋯⟩ - 22) +
        if ⟨9, ⋯⟩ = ⟨19, ⋯⟩ then 1 else 0

case «10».«10»
⊢ ((if ⟨10, ⋯⟩ = ⟨19, ⋯⟩ then 1 else 0) + if ⟨10, ⋯⟩ = ⟨20, ⋯⟩ then 1 else 0) <
      512 ^
        (![24, 24, 24, 24, 24, 24, 24, 24, 24, 38, 24, 38, 24, 46, 24, 29, 24, 29, 24, 29, 24, 29, 24] ⟨10, ⋯⟩ - 22) ∧
    (-if ⟨10, ⋯⟩ = ⟨20, ⋯⟩ then 1 else 0) <
      512 ^
          (![24, 24, 24, 24, 24, 24, 24, 24, 24, 38, 24, 38, 24, 46, 24, 29, 24, 29, 24, 29, 24, 29, 24] ⟨10, ⋯⟩ - 22) +
        if ⟨10, ⋯⟩ = ⟨19, ⋯⟩ then 1 else 0

case «10».«11»
⊢ ((if ⟨11, ⋯⟩ = ⟨19, ⋯⟩ then 1 else 0) + if ⟨11, ⋯⟩ = ⟨20, ⋯⟩ then 1 else 0) <
      512 ^
        (![24, 24, 24, 24, 24, 24, 24, 24, 24, 38, 24, 38, 24, 46, 24, 29, 24, 29, 24, 29, 24, 29, 24] ⟨10, ⋯⟩ - 22) ∧
    (-if ⟨11, ⋯⟩ = ⟨20, ⋯⟩ then 1 else 0) <
      512 ^
          (![24, 24, 24, 24, 24, 24, 24, 24, 24, 38, 24, 38, 24, 46, 24, 29, 24, 29, 24, 29, 24, 29, 24] ⟨10, ⋯⟩ - 22) +
        if ⟨11, ⋯⟩ = ⟨19, ⋯⟩ then 1 else 0

case «10».«12»
⊢ ((if ⟨12, ⋯⟩ = ⟨19, ⋯⟩ then 1 else 0) + if ⟨12, ⋯⟩ = ⟨20, ⋯⟩ then 1 else 0) <
      512 ^
        (![24, 24, 24, 24, 24, 24, 24, 24, 24, 38, 24, 38, 24, 46, 24, 29, 24, 29, 24, 29, 24, 29, 24] ⟨10, ⋯⟩ - 22) ∧
    (-if ⟨12, ⋯⟩ = ⟨20, ⋯⟩ then 1 else 0) <
      512 ^
          (![24, 24, 24, 24, 24, 24, 24, 24, 24, 38, 24, 38, 24, 46, 24, 29, 24, 29, 24, 29, 24, 29, 24] ⟨10, ⋯⟩ - 22) +
        if ⟨12, ⋯⟩ = ⟨19, ⋯⟩ then 1 else 0

case «10».«13»
⊢ ((if ⟨13, ⋯⟩ = ⟨19, ⋯⟩ then 1 else 0) + if ⟨13, ⋯⟩ = ⟨20, ⋯⟩ then 1 else 0) <
      512 ^
        (![24, 24, 24, 24, 24, 24, 24, 24, 24, 38, 24, 38, 24, 46, 24, 29, 24, 29, 24, 29, 24, 29, 24] ⟨10, ⋯⟩ - 22) ∧
    (-if ⟨13, ⋯⟩ = ⟨20, ⋯⟩ then 1 else 0) <
      512 ^
          (![24, 24, 24, 24, 24, 24, 24, 24, 24, 38, 24, 38, 24, 46, 24, 29, 24, 29, 24, 29, 24, 29, 24] ⟨10, ⋯⟩ - 22) +
        if ⟨13, ⋯⟩ = ⟨19, ⋯⟩ then 1 else 0

case «10».«14»
⊢ ((if ⟨14, ⋯⟩ = ⟨19, ⋯⟩ then 1 else 0) + if ⟨14, ⋯⟩ = ⟨20, ⋯⟩ then 1 else 0) <
      512 ^
        (![24, 24, 24, 24, 24, 24, 24, 24, 24, 38, 24, 38, 24, 46, 24, 29, 24, 29, 24, 29, 24, 29, 24] ⟨10, ⋯⟩ - 22) ∧
    (-if ⟨14, ⋯⟩ = ⟨20, ⋯⟩ then 1 else 0) <
      512 ^
          (![24, 24, 24, 24, 24, 24, 24, 24, 24, 38, 24, 38, 24, 46, 24, 29, 24, 29, 24, 29, 24, 29, 24] ⟨10, ⋯⟩ - 22) +
        if ⟨14, ⋯⟩ = ⟨19, ⋯⟩ then 1 else 0

case «10».«15»
⊢ ((if ⟨15, ⋯⟩ = ⟨19, ⋯⟩ then 1 else 0) + if ⟨15, ⋯⟩ = ⟨20, ⋯⟩ then 1 else 0) <
      512 ^
        (![24, 24, 24, 24, 24, 24, 24, 24, 24, 38, 24, 38, 24, 46, 24, 29, 24, 29, 24, 29, 24, 29, 24] ⟨10, ⋯⟩ - 22) ∧
    (-if ⟨15, ⋯⟩ = ⟨20, ⋯⟩ then 1 else 0) <
      512 ^
          (![24, 24, 24, 24, 24, 24, 24, 24, 24, 38, 24, 38, 24, 46, 24, 29, 24, 29, 24, 29, 24, 29, 24] ⟨10, ⋯⟩ - 22) +
        if ⟨15, ⋯⟩ = ⟨19, ⋯⟩ then 1 else 0

case «10».«16»
⊢ ((if ⟨16, ⋯⟩ = ⟨19, ⋯⟩ then 1 else 0) + if ⟨16, ⋯⟩ = ⟨20, ⋯⟩ then 1 else 0) <
      512 ^
        (![24, 24, 24, 24, 24, 24, 24, 24, 24, 38, 24, 38, 24, 46, 24, 29, 24, 29, 24, 29, 24, 29, 24] ⟨10, ⋯⟩ - 22) ∧
    (-if ⟨16, ⋯⟩ = ⟨20, ⋯⟩ then 1 else 0) <
      512 ^
          (![24, 24, 24, 24, 24, 24, 24, 24, 24, 38, 24, 38, 24, 46, 24, 29, 24, 29, 24, 29, 24, 29, 24] ⟨10, ⋯⟩ - 22) +
        if ⟨16, ⋯⟩ = ⟨19, ⋯⟩ then 1 else 0

case «10».«17»
⊢ ((if ⟨17, ⋯⟩ = ⟨19, ⋯⟩ then 1 else 0) + if ⟨17, ⋯⟩ = ⟨20, ⋯⟩ then 1 else 0) <
      512 ^
        (![24, 24, 24, 24, 24, 24, 24, 24, 24, 38, 24, 38, 24, 46, 24, 29, 24, 29, 24, 29, 24, 29, 24] ⟨10, ⋯⟩ - 22) ∧
    (-if ⟨17, ⋯⟩ = ⟨20, ⋯⟩ then 1 else 0) <
      512 ^
          (![24, 24, 24, 24, 24, 24, 24, 24, 24, 38, 24, 38, 24, 46, 24, 29, 24, 29, 24, 29, 24, 29, 24] ⟨10, ⋯⟩ - 22) +
        if ⟨17, ⋯⟩ = ⟨19, ⋯⟩ then 1 else 0

case «10».«18»
⊢ ((if ⟨18, ⋯⟩ = ⟨19, ⋯⟩ then 1 else 0) + if ⟨18, ⋯⟩ = ⟨20, ⋯⟩ then 1 else 0) <
      512 ^
        (![24, 24, 24, 24, 24, 24, 24, 24, 24, 38, 24, 38, 24, 46, 24, 29, 24, 29, 24, 29, 24, 29, 24] ⟨10, ⋯⟩ - 22) ∧
    (-if ⟨18, ⋯⟩ = ⟨20, ⋯⟩ then 1 else 0) <
      512 ^
          (![24, 24, 24, 24, 24, 24, 24, 24, 24, 38, 24, 38, 24, 46, 24, 29, 24, 29, 24, 29, 24, 29, 24] ⟨10, ⋯⟩ - 22) +
        if ⟨18, ⋯⟩ = ⟨19, ⋯⟩ then 1 else 0

case «10».«19»
⊢ ((if ⟨19, ⋯⟩ = ⟨19, ⋯⟩ then 1 else 0) + if ⟨19, ⋯⟩ = ⟨20, ⋯⟩ then 1 else 0) <
      512 ^
        (![24, 24, 24, 24, 24, 24, 24, 24, 24, 38, 24, 38, 24, 46, 24, 29, 24, 29, 24, 29, 24, 29, 24] ⟨10, ⋯⟩ - 22) ∧
    (-if ⟨19, ⋯⟩ = ⟨20, ⋯⟩ then 1 else 0) <
      512 ^
          (![24, 24, 24, 24, 24, 24, 24, 24, 24, 38, 24, 38, 24, 46, 24, 29, 24, 29, 24, 29, 24, 29, 24] ⟨10, ⋯⟩ - 22) +
        if ⟨19, ⋯⟩ = ⟨19, ⋯⟩ then 1 else 0

case «10».«20»
⊢ ((if ⟨20, ⋯⟩ = ⟨19, ⋯⟩ then 1 else 0) + if ⟨20, ⋯⟩ = ⟨20, ⋯⟩ then 1 else 0) <
      512 ^
        (![24, 24, 24, 24, 24, 24, 24, 24, 24, 38, 24, 38, 24, 46, 24, 29, 24, 29, 24, 29, 24, 29, 24] ⟨10, ⋯⟩ - 22) ∧
    (-if ⟨20, ⋯⟩ = ⟨20, ⋯⟩ then 1 else 0) <
      512 ^
          (![24, 24, 24, 24, 24, 24, 24, 24, 24, 38, 24, 38, 24, 46, 24, 29, 24, 29, 24, 29, 24, 29, 24] ⟨10, ⋯⟩ - 22) +
        if ⟨20, ⋯⟩ = ⟨19, ⋯⟩ then 1 else 0

case «10».«21»
⊢ ((if ⟨21, ⋯⟩ = ⟨19, ⋯⟩ then 1 else 0) + if ⟨21, ⋯⟩ = ⟨20, ⋯⟩ then 1 else 0) <
      512 ^
        (![24, 24, 24, 24, 24, 24, 24, 24, 24, 38, 24, 38, 24, 46, 24, 29, 24, 29, 24, 29, 24, 29, 24] ⟨10, ⋯⟩ - 22) ∧
    (-if ⟨21, ⋯⟩ = ⟨20, ⋯⟩ then 1 else 0) <
      512 ^
          (![24, 24, 24, 24, 24, 24, 24, 24, 24, 38, 24, 38, 24, 46, 24, 29, 24, 29, 24, 29, 24, 29, 24] ⟨10, ⋯⟩ - 22) +
        if ⟨21, ⋯⟩ = ⟨19, ⋯⟩ then 1 else 0

case «10».«22»
⊢ ((if ⟨22, ⋯⟩ = ⟨19, ⋯⟩ then 1 else 0) + if ⟨22, ⋯⟩ = ⟨20, ⋯⟩ then 1 else 0) <
      512 ^
        (![24, 24, 24, 24, 24, 24, 24, 24, 24, 38, 24, 38, 24, 46, 24, 29, 24, 29, 24, 29, 24, 29, 24] ⟨10, ⋯⟩ - 22) ∧
    (-if ⟨22, ⋯⟩ = ⟨20, ⋯⟩ then 1 else 0) <
      512 ^
          (![24, 24, 24, 24, 24, 24, 24, 24, 24, 38, 24, 38, 24, 46, 24, 29, 24, 29, 24, 29, 24, 29, 24] ⟨10, ⋯⟩ - 22) +
        if ⟨22, ⋯⟩ = ⟨19, ⋯⟩ then 1 else 0

case «10».«23»
⊢ ((if ⟨23, ⋯⟩ = ⟨19, ⋯⟩ then 1 else 0) + if ⟨23, ⋯⟩ = ⟨20, ⋯⟩ then 1 else 0) <
      512 ^
        (![24, 24, 24, 24, 24, 24, 24, 24, 24, 38, 24, 38, 24, 46, 24, 29, 24, 29, 24, 29, 24, 29, 24] ⟨10, ⋯⟩ - 22) ∧
    (-if ⟨23, ⋯⟩ = ⟨20, ⋯⟩ then 1 else 0) <
      512 ^
          (![24, 24, 24, 24, 24, 24, 24, 24, 24, 38, 24, 38, 24, 46, 24, 29, 24, 29, 24, 29, 24, 29, 24] ⟨10, ⋯⟩ - 22) +
        if ⟨23, ⋯⟩ = ⟨19, ⋯⟩ then 1 else 0

case «10».«24»
⊢ ((if ⟨24, ⋯⟩ = ⟨19, ⋯⟩ then 1 else 0) + if ⟨24, ⋯⟩ = ⟨20, ⋯⟩ then 1 else 0) <
      512 ^
        (![24, 24, 24, 24, 24, 24, 24, 24, 24, 38, 24, 38, 24, 46, 24, 29, 24, 29, 24, 29, 24, 29, 24] ⟨10, ⋯⟩ - 22) ∧
    (-if ⟨24, ⋯⟩ = ⟨20, ⋯⟩ then 1 else 0) <
      512 ^
          (![24, 24, 24, 24, 24, 24, 24, 24, 24, 38, 24, 38, 24, 46, 24, 29, 24, 29, 24, 29, 24, 29, 24] ⟨10, ⋯⟩ - 22) +
        if ⟨24, ⋯⟩ = ⟨19, ⋯⟩ then 1 else 0

case «10».«25»
⊢ ((if ⟨25, ⋯⟩ = ⟨19, ⋯⟩ then 1 else 0) + if ⟨25, ⋯⟩ = ⟨20, ⋯⟩ then 1 else 0) <
      512 ^
        (![24, 24, 24, 24, 24, 24, 24, 24, 24, 38, 24, 38, 24, 46, 24, 29, 24, 29, 24, 29, 24, 29, 24] ⟨10, ⋯⟩ - 22) ∧
    (-if ⟨25, ⋯⟩ = ⟨20, ⋯⟩ then 1 else 0) <
      512 ^
          (![24, 24, 24, 24, 24, 24, 24, 24, 24, 38, 24, 38, 24, 46, 24, 29, 24, 29, 24, 29, 24, 29, 24] ⟨10, ⋯⟩ - 22) +
        if ⟨25, ⋯⟩ = ⟨19, ⋯⟩ then 1 else 0

case «10».«26»
⊢ ((if ⟨26, ⋯⟩ = ⟨19, ⋯⟩ then 1 else 0) + if ⟨26, ⋯⟩ = ⟨20, ⋯⟩ then 1 else 0) <
      512 ^
        (![24, 24, 24, 24, 24, 24, 24, 24, 24, 38, 24, 38, 24, 46, 24, 29, 24, 29, 24, 29, 24, 29, 24] ⟨10, ⋯⟩ - 22) ∧
    (-if ⟨26, ⋯⟩ = ⟨20, ⋯⟩ then 1 else 0) <
      512 ^
          (![24, 24, 24, 24, 24, 24, 24, 24, 24, 38, 24, 38, 24, 46, 24, 29, 24, 29, 24, 29, 24, 29, 24] ⟨10, ⋯⟩ - 22) +
        if ⟨26, ⋯⟩ = ⟨19, ⋯⟩ then 1 else 0

case «10».«27»
⊢ ((if ⟨27, ⋯⟩ = ⟨19, ⋯⟩ then 1 else 0) + if ⟨27, ⋯⟩ = ⟨20, ⋯⟩ then 1 else 0) <
      512 ^
        (![24, 24, 24, 24, 24, 24, 24, 24, 24, 38, 24, 38, 24, 46, 24, 29, 24, 29, 24, 29, 24, 29, 24] ⟨10, ⋯⟩ - 22) ∧
    (-if ⟨27, ⋯⟩ = ⟨20, ⋯⟩ then 1 else 0) <
      512 ^
          (![24, 24, 24, 24, 24, 24, 24, 24, 24, 38, 24, 38, 24, 46, 24, 29, 24, 29, 24, 29, 24, 29, 24] ⟨10, ⋯⟩ - 22) +
        if ⟨27, ⋯⟩ = ⟨19, ⋯⟩ then 1 else 0

case «10».«28»
⊢ ((if ⟨28, ⋯⟩ = ⟨19, ⋯⟩ then 1 else 0) + if ⟨28, ⋯⟩ = ⟨20, ⋯⟩ then 1 else 0) <
      512 ^
        (![24, 24, 24, 24, 24, 24, 24, 24, 24, 38, 24, 38, 24, 46, 24, 29, 24, 29, 24, 29, 24, 29, 24] ⟨10, ⋯⟩ - 22) ∧
    (-if ⟨28, ⋯⟩ = ⟨20, ⋯⟩ then 1 else 0) <
      512 ^
          (![24, 24, 24, 24, 24, 24, 24, 24, 24, 38, 24, 38, 24, 46, 24, 29, 24, 29, 24, 29, 24, 29, 24] ⟨10, ⋯⟩ - 22) +
        if ⟨28, ⋯⟩ = ⟨19, ⋯⟩ then 1 else 0

case «10».«29»
⊢ ((if ⟨29, ⋯⟩ = ⟨19, ⋯⟩ then 1 else 0) + if ⟨29, ⋯⟩ = ⟨20, ⋯⟩ then 1 else 0) <
      512 ^
        (![24, 24, 24, 24, 24, 24, 24, 24, 24, 38, 24, 38, 24, 46, 24, 29, 24, 29, 24, 29, 24, 29, 24] ⟨10, ⋯⟩ - 22) ∧
    (-if ⟨29, ⋯⟩ = ⟨20, ⋯⟩ then 1 else 0) <
      512 ^
          (![24, 24, 24, 24, 24, 24, 24, 24, 24, 38, 24, 38, 24, 46, 24, 29, 24, 29, 24, 29, 24, 29, 24] ⟨10, ⋯⟩ - 22) +
        if ⟨29, ⋯⟩ = ⟨19, ⋯⟩ then 1 else 0

case «10».«30»
⊢ ((if ⟨30, ⋯⟩ = ⟨19, ⋯⟩ then 1 else 0) + if ⟨30, ⋯⟩ = ⟨20, ⋯⟩ then 1 else 0) <
      512 ^
        (![24, 24, 24, 24, 24, 24, 24, 24, 24, 38, 24, 38, 24, 46, 24, 29, 24, 29, 24, 29, 24, 29, 24] ⟨10, ⋯⟩ - 22) ∧
    (-if ⟨30, ⋯⟩ = ⟨20, ⋯⟩ then 1 else 0) <
      512 ^
          (![24, 24, 24, 24, 24, 24, 24, 24, 24, 38, 24, 38, 24, 46, 24, 29, 24, 29, 24, 29, 24, 29, 24] ⟨10, ⋯⟩ - 22) +
        if ⟨30, ⋯⟩ = ⟨19, ⋯⟩ then 1 else 0

case «10».«31»
⊢ ((if ⟨31, ⋯⟩ = ⟨19, ⋯⟩ then 1 else 0) + if ⟨31, ⋯⟩ = ⟨20, ⋯⟩ then 1 else 0) <
      512 ^
        (![24, 24, 24, 24, 24, 24, 24, 24, 24, 38, 24, 38, 24, 46, 24, 29, 24, 29, 24, 29, 24, 29, 24] ⟨10, ⋯⟩ - 22) ∧
    (-if ⟨31, ⋯⟩ = ⟨20, ⋯⟩ then 1 else 0) <
      512 ^
          (![24, 24, 24, 24, 24, 24, 24, 24, 24, 38, 24, 38, 24, 46, 24, 29, 24, 29, 24, 29, 24, 29, 24] ⟨10, ⋯⟩ - 22) +
        if ⟨31, ⋯⟩ = ⟨19, ⋯⟩ then 1 else 0

case «10».«32»
⊢ ((if ⟨32, ⋯⟩ = ⟨19, ⋯⟩ then 1 else 0) + if ⟨32, ⋯⟩ = ⟨20, ⋯⟩ then 1 else 0) <
      512 ^
        (![24, 24, 24, 24, 24, 24, 24, 24, 24, 38, 24, 38, 24, 46, 24, 29, 24, 29, 24, 29, 24, 29, 24] ⟨10, ⋯⟩ - 22) ∧
    (-if ⟨32, ⋯⟩ = ⟨20, ⋯⟩ then 1 else 0) <
      512 ^
          (![24, 24, 24, 24, 24, 24, 24, 24, 24, 38, 24, 38, 24, 46, 24, 29, 24, 29, 24, 29, 24, 29, 24] ⟨10, ⋯⟩ - 22) +
        if ⟨32, ⋯⟩ = ⟨19, ⋯⟩ then 1 else 0

case «10».«33»
⊢ ((if ⟨33, ⋯⟩ = ⟨19, ⋯⟩ then 1 else 0) + if ⟨33, ⋯⟩ = ⟨20, ⋯⟩ then 1 else 0) <
      512 ^
        (![24, 24, 24, 24, 24, 24, 24, 24, 24, 38, 24, 38, 24, 46, 24, 29, 24, 29, 24, 29, 24, 29, 24] ⟨10, ⋯⟩ - 22) ∧
    (-if ⟨33, ⋯⟩ = ⟨20, ⋯⟩ then 1 else 0) <
      512 ^
          (![24, 24, 24, 24, 24, 24, 24, 24, 24, 38, 24, 38, 24, 46, 24, 29, 24, 29, 24, 29, 24, 29, 24] ⟨10, ⋯⟩ - 22) +
        if ⟨33, ⋯⟩ = ⟨19, ⋯⟩ then 1 else 0

case «10».«34»
⊢ ((if ⟨34, ⋯⟩ = ⟨19, ⋯⟩ then 1 else 0) + if ⟨34, ⋯⟩ = ⟨20, ⋯⟩ then 1 else 0) <
      512 ^
        (![24, 24, 24, 24, 24, 24, 24, 24, 24, 38, 24, 38, 24, 46, 24, 29, 24, 29, 24, 29, 24, 29, 24] ⟨10, ⋯⟩ - 22) ∧
    (-if ⟨34, ⋯⟩ = ⟨20, ⋯⟩ then 1 else 0) <
      512 ^
          (![24, 24, 24, 24, 24, 24, 24, 24, 24, 38, 24, 38, 24, 46, 24, 29, 24, 29, 24, 29, 24, 29, 24] ⟨10, ⋯⟩ - 22) +
        if ⟨34, ⋯⟩ = ⟨19, ⋯⟩ then 1 else 0

case «10».«35»
⊢ ((if ⟨35, ⋯⟩ = ⟨19, ⋯⟩ then 1 else 0) + if ⟨35, ⋯⟩ = ⟨20, ⋯⟩ then 1 else 0) <
      512 ^
        (![24, 24, 24, 24, 24, 24, 24, 24, 24, 38, 24, 38, 24, 46, 24, 29, 24, 29, 24, 29, 24, 29, 24] ⟨10, ⋯⟩ - 22) ∧
    (-if ⟨35, ⋯⟩ = ⟨20, ⋯⟩ then 1 else 0) <
      512 ^
          (![24, 24, 24, 24, 24, 24, 24, 24, 24, 38, 24, 38, 24, 46, 24, 29, 24, 29, 24, 29, 24, 29, 24] ⟨10, ⋯⟩ - 22) +
        if ⟨35, ⋯⟩ = ⟨19, ⋯⟩ then 1 else 0

case «10».«36»
⊢ ((if ⟨36, ⋯⟩ = ⟨19, ⋯⟩ then 1 else 0) + if ⟨36, ⋯⟩ = ⟨20, ⋯⟩ then 1 else 0) <
      512 ^
        (![24, 24, 24, 24, 24, 24, 24, 24, 24, 38, 24, 38, 24, 46, 24, 29, 24, 29, 24, 29, 24, 29, 24] ⟨10, ⋯⟩ - 22) ∧
    (-if ⟨36, ⋯⟩ = ⟨20, ⋯⟩ then 1 else 0) <
      512 ^
          (![24, 24, 24, 24, 24, 24, 24, 24, 24, 38, 24, 38, 24, 46, 24, 29, 24, 29, 24, 29, 24, 29, 24] ⟨10, ⋯⟩ - 22) +
        if ⟨36, ⋯⟩ = ⟨19, ⋯⟩ then 1 else 0

case «10».«37»
⊢ ((if ⟨37, ⋯⟩ = ⟨19, ⋯⟩ then 1 else 0) + if ⟨37, ⋯⟩ = ⟨20, ⋯⟩ then 1 else 0) <
      512 ^
        (![24, 24, 24, 24, 24, 24, 24, 24, 24, 38, 24, 38, 24, 46, 24, 29, 24, 29, 24, 29, 24, 29, 24] ⟨10, ⋯⟩ - 22) ∧
    (-if ⟨37, ⋯⟩ = ⟨20, ⋯⟩ then 1 else 0) <
      512 ^
          (![24, 24, 24, 24, 24, 24, 24, 24, 24, 38, 24, 38, 24, 46, 24, 29, 24, 29, 24, 29, 24, 29, 24] ⟨10, ⋯⟩ - 22) +
        if ⟨37, ⋯⟩ = ⟨19, ⋯⟩ then 1 else 0

case «10».«38»
⊢ ((if ⟨38, ⋯⟩ = ⟨19, ⋯⟩ then 1 else 0) + if ⟨38, ⋯⟩ = ⟨20, ⋯⟩ then 1 else 0) <
      512 ^
        (![24, 24, 24, 24, 24, 24, 24, 24, 24, 38, 24, 38, 24, 46, 24, 29, 24, 29, 24, 29, 24, 29, 24] ⟨10, ⋯⟩ - 22) ∧
    (-if ⟨38, ⋯⟩ = ⟨20, ⋯⟩ then 1 else 0) <
      512 ^
          (![24, 24, 24, 24, 24, 24, 24, 24, 24, 38, 24, 38, 24, 46, 24, 29, 24, 29, 24, 29, 24, 29, 24] ⟨10, ⋯⟩ - 22) +
        if ⟨38, ⋯⟩ = ⟨19, ⋯⟩ then 1 else 0

case «11».«0»
⊢ 2 *
          ((if ⟨0, ⋯⟩ = ⟨0, ⋯⟩ then -74198075517491376056437273197514845297 else 0) +
            ((if ⟨0, ⋯⟩ = ⟨1, ⋯⟩ then 1915409588506924334265571633162685394 else 0) +
              ((if ⟨0, ⋯⟩ = ⟨2, ⋯⟩ then -61175016224068878113641925552676996373 else 0) +
                if ⟨0, ⋯⟩ = ⟨3, ⋯⟩ then -36683501307415901895873676598854949450 else 0))) +
        ((-if ⟨0, ⋯⟩ = ⟨22, ⋯⟩ then 1 else 0) +
          -if ⟨0, ⋯⟩ = ⟨21, ⋯⟩ then 340282366920938463463374607431768211456 else 0) <
      512 ^
        (![24, 24, 24, 24, 24, 24, 24, 24, 24, 38, 24, 38, 24, 46, 24, 29, 24, 29, 24, 29, 24, 29, 24] ⟨11, ⋯⟩ - 22) ∧
    ((if ⟨0, ⋯⟩ = ⟨21, ⋯⟩ then 340282366920938463463374607431768211456 else 0) + if ⟨0, ⋯⟩ = ⟨22, ⋯⟩ then 1 else 0) <
      512 ^
          (![24, 24, 24, 24, 24, 24, 24, 24, 24, 38, 24, 38, 24, 46, 24, 29, 24, 29, 24, 29, 24, 29, 24] ⟨11, ⋯⟩ - 22) +
        2 *
          ((if ⟨0, ⋯⟩ = ⟨0, ⋯⟩ then -74198075517491376056437273197514845297 else 0) +
            ((if ⟨0, ⋯⟩ = ⟨1, ⋯⟩ then 1915409588506924334265571633162685394 else 0) +
              ((if ⟨0, ⋯⟩ = ⟨2, ⋯⟩ then -61175016224068878113641925552676996373 else 0) +
                if ⟨0, ⋯⟩ = ⟨3, ⋯⟩ then -36683501307415901895873676598854949450 else 0)))

case «11».«1»
⊢ 2 *
          ((if ⟨1, ⋯⟩ = ⟨0, ⋯⟩ then -74198075517491376056437273197514845297 else 0) +
            ((if ⟨1, ⋯⟩ = ⟨1, ⋯⟩ then 1915409588506924334265571633162685394 else 0) +
              ((if ⟨1, ⋯⟩ = ⟨2, ⋯⟩ then -61175016224068878113641925552676996373 else 0) +
                if ⟨1, ⋯⟩ = ⟨3, ⋯⟩ then -36683501307415901895873676598854949450 else 0))) +
        ((-if ⟨1, ⋯⟩ = ⟨22, ⋯⟩ then 1 else 0) +
          -if ⟨1, ⋯⟩ = ⟨21, ⋯⟩ then 340282366920938463463374607431768211456 else 0) <
      512 ^
        (![24, 24, 24, 24, 24, 24, 24, 24, 24, 38, 24, 38, 24, 46, 24, 29, 24, 29, 24, 29, 24, 29, 24] ⟨11, ⋯⟩ - 22) ∧
    ((if ⟨1, ⋯⟩ = ⟨21, ⋯⟩ then 340282366920938463463374607431768211456 else 0) + if ⟨1, ⋯⟩ = ⟨22, ⋯⟩ then 1 else 0) <
      512 ^
          (![24, 24, 24, 24, 24, 24, 24, 24, 24, 38, 24, 38, 24, 46, 24, 29, 24, 29, 24, 29, 24, 29, 24] ⟨11, ⋯⟩ - 22) +
        2 *
          ((if ⟨1, ⋯⟩ = ⟨0, ⋯⟩ then -74198075517491376056437273197514845297 else 0) +
            ((if ⟨1, ⋯⟩ = ⟨1, ⋯⟩ then 1915409588506924334265571633162685394 else 0) +
              ((if ⟨1, ⋯⟩ = ⟨2, ⋯⟩ then -61175016224068878113641925552676996373 else 0) +
                if ⟨1, ⋯⟩ = ⟨3, ⋯⟩ then -36683501307415901895873676598854949450 else 0)))

case «11».«2»
⊢ 2 *
          ((if ⟨2, ⋯⟩ = ⟨0, ⋯⟩ then -74198075517491376056437273197514845297 else 0) +
            ((if ⟨2, ⋯⟩ = ⟨1, ⋯⟩ then 1915409588506924334265571633162685394 else 0) +
              ((if ⟨2, ⋯⟩ = ⟨2, ⋯⟩ then -61175016224068878113641925552676996373 else 0) +
                if ⟨2, ⋯⟩ = ⟨3, ⋯⟩ then -36683501307415901895873676598854949450 else 0))) +
        ((-if ⟨2, ⋯⟩ = ⟨22, ⋯⟩ then 1 else 0) +
          -if ⟨2, ⋯⟩ = ⟨21, ⋯⟩ then 340282366920938463463374607431768211456 else 0) <
      512 ^
        (![24, 24, 24, 24, 24, 24, 24, 24, 24, 38, 24, 38, 24, 46, 24, 29, 24, 29, 24, 29, 24, 29, 24] ⟨11, ⋯⟩ - 22) ∧
    ((if ⟨2, ⋯⟩ = ⟨21, ⋯⟩ then 340282366920938463463374607431768211456 else 0) + if ⟨2, ⋯⟩ = ⟨22, ⋯⟩ then 1 else 0) <
      512 ^
          (![24, 24, 24, 24, 24, 24, 24, 24, 24, 38, 24, 38, 24, 46, 24, 29, 24, 29, 24, 29, 24, 29, 24] ⟨11, ⋯⟩ - 22) +
        2 *
          ((if ⟨2, ⋯⟩ = ⟨0, ⋯⟩ then -74198075517491376056437273197514845297 else 0) +
            ((if ⟨2, ⋯⟩ = ⟨1, ⋯⟩ then 1915409588506924334265571633162685394 else 0) +
              ((if ⟨2, ⋯⟩ = ⟨2, ⋯⟩ then -61175016224068878113641925552676996373 else 0) +
                if ⟨2, ⋯⟩ = ⟨3, ⋯⟩ then -36683501307415901895873676598854949450 else 0)))

case «11».«3»
⊢ 2 *
          ((if ⟨3, ⋯⟩ = ⟨0, ⋯⟩ then -74198075517491376056437273197514845297 else 0) +
            ((if ⟨3, ⋯⟩ = ⟨1, ⋯⟩ then 1915409588506924334265571633162685394 else 0) +
              ((if ⟨3, ⋯⟩ = ⟨2, ⋯⟩ then -61175016224068878113641925552676996373 else 0) +
                if ⟨3, ⋯⟩ = ⟨3, ⋯⟩ then -36683501307415901895873676598854949450 else 0))) +
        ((-if ⟨3, ⋯⟩ = ⟨22, ⋯⟩ then 1 else 0) +
          -if ⟨3, ⋯⟩ = ⟨21, ⋯⟩ then 340282366920938463463374607431768211456 else 0) <
      512 ^
        (![24, 24, 24, 24, 24, 24, 24, 24, 24, 38, 24, 38, 24, 46, 24, 29, 24, 29, 24, 29, 24, 29, 24] ⟨11, ⋯⟩ - 22) ∧
    ((if ⟨3, ⋯⟩ = ⟨21, ⋯⟩ then 340282366920938463463374607431768211456 else 0) + if ⟨3, ⋯⟩ = ⟨22, ⋯⟩ then 1 else 0) <
      512 ^
          (![24, 24, 24, 24, 24, 24, 24, 24, 24, 38, 24, 38, 24, 46, 24, 29, 24, 29, 24, 29, 24, 29, 24] ⟨11, ⋯⟩ - 22) +
        2 *
          ((if ⟨3, ⋯⟩ = ⟨0, ⋯⟩ then -74198075517491376056437273197514845297 else 0) +
            ((if ⟨3, ⋯⟩ = ⟨1, ⋯⟩ then 1915409588506924334265571633162685394 else 0) +
              ((if ⟨3, ⋯⟩ = ⟨2, ⋯⟩ then -61175016224068878113641925552676996373 else 0) +
                if ⟨3, ⋯⟩ = ⟨3, ⋯⟩ then -36683501307415901895873676598854949450 else 0)))

case «11».«4»
⊢ 2 *
          ((if ⟨4, ⋯⟩ = ⟨0, ⋯⟩ then -74198075517491376056437273197514845297 else 0) +
            ((if ⟨4, ⋯⟩ = ⟨1, ⋯⟩ then 1915409588506924334265571633162685394 else 0) +
              ((if ⟨4, ⋯⟩ = ⟨2, ⋯⟩ then -61175016224068878113641925552676996373 else 0) +
                if ⟨4, ⋯⟩ = ⟨3, ⋯⟩ then -36683501307415901895873676598854949450 else 0))) +
        ((-if ⟨4, ⋯⟩ = ⟨22, ⋯⟩ then 1 else 0) +
          -if ⟨4, ⋯⟩ = ⟨21, ⋯⟩ then 340282366920938463463374607431768211456 else 0) <
      512 ^
        (![24, 24, 24, 24, 24, 24, 24, 24, 24, 38, 24, 38, 24, 46, 24, 29, 24, 29, 24, 29, 24, 29, 24] ⟨11, ⋯⟩ - 22) ∧
    ((if ⟨4, ⋯⟩ = ⟨21, ⋯⟩ then 340282366920938463463374607431768211456 else 0) + if ⟨4, ⋯⟩ = ⟨22, ⋯⟩ then 1 else 0) <
      512 ^
          (![24, 24, 24, 24, 24, 24, 24, 24, 24, 38, 24, 38, 24, 46, 24, 29, 24, 29, 24, 29, 24, 29, 24] ⟨11, ⋯⟩ - 22) +
        2 *
          ((if ⟨4, ⋯⟩ = ⟨0, ⋯⟩ then -74198075517491376056437273197514845297 else 0) +
            ((if ⟨4, ⋯⟩ = ⟨1, ⋯⟩ then 1915409588506924334265571633162685394 else 0) +
              ((if ⟨4, ⋯⟩ = ⟨2, ⋯⟩ then -61175016224068878113641925552676996373 else 0) +
                if ⟨4, ⋯⟩ = ⟨3, ⋯⟩ then -36683501307415901895873676598854949450 else 0)))

case «11».«5»
⊢ 2 *
          ((if ⟨5, ⋯⟩ = ⟨0, ⋯⟩ then -74198075517491376056437273197514845297 else 0) +
            ((if ⟨5, ⋯⟩ = ⟨1, ⋯⟩ then 1915409588506924334265571633162685394 else 0) +
              ((if ⟨5, ⋯⟩ = ⟨2, ⋯⟩ then -61175016224068878113641925552676996373 else 0) +
                if ⟨5, ⋯⟩ = ⟨3, ⋯⟩ then -36683501307415901895873676598854949450 else 0))) +
        ((-if ⟨5, ⋯⟩ = ⟨22, ⋯⟩ then 1 else 0) +
          -if ⟨5, ⋯⟩ = ⟨21, ⋯⟩ then 340282366920938463463374607431768211456 else 0) <
      512 ^
        (![24, 24, 24, 24, 24, 24, 24, 24, 24, 38, 24, 38, 24, 46, 24, 29, 24, 29, 24, 29, 24, 29, 24] ⟨11, ⋯⟩ - 22) ∧
    ((if ⟨5, ⋯⟩ = ⟨21, ⋯⟩ then 340282366920938463463374607431768211456 else 0) + if ⟨5, ⋯⟩ = ⟨22, ⋯⟩ then 1 else 0) <
      512 ^
          (![24, 24, 24, 24, 24, 24, 24, 24, 24, 38, 24, 38, 24, 46, 24, 29, 24, 29, 24, 29, 24, 29, 24] ⟨11, ⋯⟩ - 22) +
        2 *
          ((if ⟨5, ⋯⟩ = ⟨0, ⋯⟩ then -74198075517491376056437273197514845297 else 0) +
            ((if ⟨5, ⋯⟩ = ⟨1, ⋯⟩ then 1915409588506924334265571633162685394 else 0) +
              ((if ⟨5, ⋯⟩ = ⟨2, ⋯⟩ then -61175016224068878113641925552676996373 else 0) +
                if ⟨5, ⋯⟩ = ⟨3, ⋯⟩ then -36683501307415901895873676598854949450 else 0)))

case «11».«6»
⊢ 2 *
          ((if ⟨6, ⋯⟩ = ⟨0, ⋯⟩ then -74198075517491376056437273197514845297 else 0) +
            ((if ⟨6, ⋯⟩ = ⟨1, ⋯⟩ then 1915409588506924334265571633162685394 else 0) +
              ((if ⟨6, ⋯⟩ = ⟨2, ⋯⟩ then -61175016224068878113641925552676996373 else 0) +
                if ⟨6, ⋯⟩ = ⟨3, ⋯⟩ then -36683501307415901895873676598854949450 else 0))) +
        ((-if ⟨6, ⋯⟩ = ⟨22, ⋯⟩ then 1 else 0) +
          -if ⟨6, ⋯⟩ = ⟨21, ⋯⟩ then 340282366920938463463374607431768211456 else 0) <
      512 ^
        (![24, 24, 24, 24, 24, 24, 24, 24, 24, 38, 24, 38, 24, 46, 24, 29, 24, 29, 24, 29, 24, 29, 24] ⟨11, ⋯⟩ - 22) ∧
    ((if ⟨6, ⋯⟩ = ⟨21, ⋯⟩ then 340282366920938463463374607431768211456 else 0) + if ⟨6, ⋯⟩ = ⟨22, ⋯⟩ then 1 else 0) <
      512 ^
          (![24, 24, 24, 24, 24, 24, 24, 24, 24, 38, 24, 38, 24, 46, 24, 29, 24, 29, 24, 29, 24, 29, 24] ⟨11, ⋯⟩ - 22) +
        2 *
          ((if ⟨6, ⋯⟩ = ⟨0, ⋯⟩ then -74198075517491376056437273197514845297 else 0) +
            ((if ⟨6, ⋯⟩ = ⟨1, ⋯⟩ then 1915409588506924334265571633162685394 else 0) +
              ((if ⟨6, ⋯⟩ = ⟨2, ⋯⟩ then -61175016224068878113641925552676996373 else 0) +
                if ⟨6, ⋯⟩ = ⟨3, ⋯⟩ then -36683501307415901895873676598854949450 else 0)))

case «11».«7»
⊢ 2 *
          ((if ⟨7, ⋯⟩ = ⟨0, ⋯⟩ then -74198075517491376056437273197514845297 else 0) +
            ((if ⟨7, ⋯⟩ = ⟨1, ⋯⟩ then 1915409588506924334265571633162685394 else 0) +
              ((if ⟨7, ⋯⟩ = ⟨2, ⋯⟩ then -61175016224068878113641925552676996373 else 0) +
                if ⟨7, ⋯⟩ = ⟨3, ⋯⟩ then -36683501307415901895873676598854949450 else 0))) +
        ((-if ⟨7, ⋯⟩ = ⟨22, ⋯⟩ then 1 else 0) +
          -if ⟨7, ⋯⟩ = ⟨21, ⋯⟩ then 340282366920938463463374607431768211456 else 0) <
      512 ^
        (![24, 24, 24, 24, 24, 24, 24, 24, 24, 38, 24, 38, 24, 46, 24, 29, 24, 29, 24, 29, 24, 29, 24] ⟨11, ⋯⟩ - 22) ∧
    ((if ⟨7, ⋯⟩ = ⟨21, ⋯⟩ then 340282366920938463463374607431768211456 else 0) + if ⟨7, ⋯⟩ = ⟨22, ⋯⟩ then 1 else 0) <
      512 ^
          (![24, 24, 24, 24, 24, 24, 24, 24, 24, 38, 24, 38, 24, 46, 24, 29, 24, 29, 24, 29, 24, 29, 24] ⟨11, ⋯⟩ - 22) +
        2 *
          ((if ⟨7, ⋯⟩ = ⟨0, ⋯⟩ then -74198075517491376056437273197514845297 else 0) +
            ((if ⟨7, ⋯⟩ = ⟨1, ⋯⟩ then 1915409588506924334265571633162685394 else 0) +
              ((if ⟨7, ⋯⟩ = ⟨2, ⋯⟩ then -61175016224068878113641925552676996373 else 0) +
                if ⟨7, ⋯⟩ = ⟨3, ⋯⟩ then -36683501307415901895873676598854949450 else 0)))

case «11».«8»
⊢ 2 *
          ((if ⟨8, ⋯⟩ = ⟨0, ⋯⟩ then -74198075517491376056437273197514845297 else 0) +
            ((if ⟨8, ⋯⟩ = ⟨1, ⋯⟩ then 1915409588506924334265571633162685394 else 0) +
              ((if ⟨8, ⋯⟩ = ⟨2, ⋯⟩ then -61175016224068878113641925552676996373 else 0) +
                if ⟨8, ⋯⟩ = ⟨3, ⋯⟩ then -36683501307415901895873676598854949450 else 0))) +
        ((-if ⟨8, ⋯⟩ = ⟨22, ⋯⟩ then 1 else 0) +
          -if ⟨8, ⋯⟩ = ⟨21, ⋯⟩ then 340282366920938463463374607431768211456 else 0) <
      512 ^
        (![24, 24, 24, 24, 24, 24, 24, 24, 24, 38, 24, 38, 24, 46, 24, 29, 24, 29, 24, 29, 24, 29, 24] ⟨11, ⋯⟩ - 22) ∧
    ((if ⟨8, ⋯⟩ = ⟨21, ⋯⟩ then 340282366920938463463374607431768211456 else 0) + if ⟨8, ⋯⟩ = ⟨22, ⋯⟩ then 1 else 0) <
      512 ^
          (![24, 24, 24, 24, 24, 24, 24, 24, 24, 38, 24, 38, 24, 46, 24, 29, 24, 29, 24, 29, 24, 29, 24] ⟨11, ⋯⟩ - 22) +
        2 *
          ((if ⟨8, ⋯⟩ = ⟨0, ⋯⟩ then -74198075517491376056437273197514845297 else 0) +
            ((if ⟨8, ⋯⟩ = ⟨1, ⋯⟩ then 1915409588506924334265571633162685394 else 0) +
              ((if ⟨8, ⋯⟩ = ⟨2, ⋯⟩ then -61175016224068878113641925552676996373 else 0) +
                if ⟨8, ⋯⟩ = ⟨3, ⋯⟩ then -36683501307415901895873676598854949450 else 0)))

case «11».«9»
⊢ 2 *
          ((if ⟨9, ⋯⟩ = ⟨0, ⋯⟩ then -74198075517491376056437273197514845297 else 0) +
            ((if ⟨9, ⋯⟩ = ⟨1, ⋯⟩ then 1915409588506924334265571633162685394 else 0) +
              ((if ⟨9, ⋯⟩ = ⟨2, ⋯⟩ then -61175016224068878113641925552676996373 else 0) +
                if ⟨9, ⋯⟩ = ⟨3, ⋯⟩ then -36683501307415901895873676598854949450 else 0))) +
        ((-if ⟨9, ⋯⟩ = ⟨22, ⋯⟩ then 1 else 0) +
          -if ⟨9, ⋯⟩ = ⟨21, ⋯⟩ then 340282366920938463463374607431768211456 else 0) <
      512 ^
        (![24, 24, 24, 24, 24, 24, 24, 24, 24, 38, 24, 38, 24, 46, 24, 29, 24, 29, 24, 29, 24, 29, 24] ⟨11, ⋯⟩ - 22) ∧
    ((if ⟨9, ⋯⟩ = ⟨21, ⋯⟩ then 340282366920938463463374607431768211456 else 0) + if ⟨9, ⋯⟩ = ⟨22, ⋯⟩ then 1 else 0) <
      512 ^
          (![24, 24, 24, 24, 24, 24, 24, 24, 24, 38, 24, 38, 24, 46, 24, 29, 24, 29, 24, 29, 24, 29, 24] ⟨11, ⋯⟩ - 22) +
        2 *
          ((if ⟨9, ⋯⟩ = ⟨0, ⋯⟩ then -74198075517491376056437273197514845297 else 0) +
            ((if ⟨9, ⋯⟩ = ⟨1, ⋯⟩ then 1915409588506924334265571633162685394 else 0) +
              ((if ⟨9, ⋯⟩ = ⟨2, ⋯⟩ then -61175016224068878113641925552676996373 else 0) +
                if ⟨9, ⋯⟩ = ⟨3, ⋯⟩ then -36683501307415901895873676598854949450 else 0)))

case «11».«10»
⊢ 2 *
          ((if ⟨10, ⋯⟩ = ⟨0, ⋯⟩ then -74198075517491376056437273197514845297 else 0) +
            ((if ⟨10, ⋯⟩ = ⟨1, ⋯⟩ then 1915409588506924334265571633162685394 else 0) +
              ((if ⟨10, ⋯⟩ = ⟨2, ⋯⟩ then -61175016224068878113641925552676996373 else 0) +
                if ⟨10, ⋯⟩ = ⟨3, ⋯⟩ then -36683501307415901895873676598854949450 else 0))) +
        ((-if ⟨10, ⋯⟩ = ⟨22, ⋯⟩ then 1 else 0) +
          -if ⟨10, ⋯⟩ = ⟨21, ⋯⟩ then 340282366920938463463374607431768211456 else 0) <
      512 ^
        (![24, 24, 24, 24, 24, 24, 24, 24, 24, 38, 24, 38, 24, 46, 24, 29, 24, 29, 24, 29, 24, 29, 24] ⟨11, ⋯⟩ - 22) ∧
    ((if ⟨10, ⋯⟩ = ⟨21, ⋯⟩ then 340282366920938463463374607431768211456 else 0) + if ⟨10, ⋯⟩ = ⟨22, ⋯⟩ then 1 else 0) <
      512 ^
          (![24, 24, 24, 24, 24, 24, 24, 24, 24, 38, 24, 38, 24, 46, 24, 29, 24, 29, 24, 29, 24, 29, 24] ⟨11, ⋯⟩ - 22) +
        2 *
          ((if ⟨10, ⋯⟩ = ⟨0, ⋯⟩ then -74198075517491376056437273197514845297 else 0) +
            ((if ⟨10, ⋯⟩ = ⟨1, ⋯⟩ then 1915409588506924334265571633162685394 else 0) +
              ((if ⟨10, ⋯⟩ = ⟨2, ⋯⟩ then -61175016224068878113641925552676996373 else 0) +
                if ⟨10, ⋯⟩ = ⟨3, ⋯⟩ then -36683501307415901895873676598854949450 else 0)))

case «11».«11»
⊢ 2 *
          ((if ⟨11, ⋯⟩ = ⟨0, ⋯⟩ then -74198075517491376056437273197514845297 else 0) +
            ((if ⟨11, ⋯⟩ = ⟨1, ⋯⟩ then 1915409588506924334265571633162685394 else 0) +
              ((if ⟨11, ⋯⟩ = ⟨2, ⋯⟩ then -61175016224068878113641925552676996373 else 0) +
                if ⟨11, ⋯⟩ = ⟨3, ⋯⟩ then -36683501307415901895873676598854949450 else 0))) +
        ((-if ⟨11, ⋯⟩ = ⟨22, ⋯⟩ then 1 else 0) +
          -if ⟨11, ⋯⟩ = ⟨21, ⋯⟩ then 340282366920938463463374607431768211456 else 0) <
      512 ^
        (![24, 24, 24, 24, 24, 24, 24, 24, 24, 38, 24, 38, 24, 46, 24, 29, 24, 29, 24, 29, 24, 29, 24] ⟨11, ⋯⟩ - 22) ∧
    ((if ⟨11, ⋯⟩ = ⟨21, ⋯⟩ then 340282366920938463463374607431768211456 else 0) + if ⟨11, ⋯⟩ = ⟨22, ⋯⟩ then 1 else 0) <
      512 ^
          (![24, 24, 24, 24, 24, 24, 24, 24, 24, 38, 24, 38, 24, 46, 24, 29, 24, 29, 24, 29, 24, 29, 24] ⟨11, ⋯⟩ - 22) +
        2 *
          ((if ⟨11, ⋯⟩ = ⟨0, ⋯⟩ then -74198075517491376056437273197514845297 else 0) +
            ((if ⟨11, ⋯⟩ = ⟨1, ⋯⟩ then 1915409588506924334265571633162685394 else 0) +
              ((if ⟨11, ⋯⟩ = ⟨2, ⋯⟩ then -61175016224068878113641925552676996373 else 0) +
                if ⟨11, ⋯⟩ = ⟨3, ⋯⟩ then -36683501307415901895873676598854949450 else 0)))

case «11».«12»
⊢ 2 *
          ((if ⟨12, ⋯⟩ = ⟨0, ⋯⟩ then -74198075517491376056437273197514845297 else 0) +
            ((if ⟨12, ⋯⟩ = ⟨1, ⋯⟩ then 1915409588506924334265571633162685394 else 0) +
              ((if ⟨12, ⋯⟩ = ⟨2, ⋯⟩ then -61175016224068878113641925552676996373 else 0) +
                if ⟨12, ⋯⟩ = ⟨3, ⋯⟩ then -36683501307415901895873676598854949450 else 0))) +
        ((-if ⟨12, ⋯⟩ = ⟨22, ⋯⟩ then 1 else 0) +
          -if ⟨12, ⋯⟩ = ⟨21, ⋯⟩ then 340282366920938463463374607431768211456 else 0) <
      512 ^
        (![24, 24, 24, 24, 24, 24, 24, 24, 24, 38, 24, 38, 24, 46, 24, 29, 24, 29, 24, 29, 24, 29, 24] ⟨11, ⋯⟩ - 22) ∧
    ((if ⟨12, ⋯⟩ = ⟨21, ⋯⟩ then 340282366920938463463374607431768211456 else 0) + if ⟨12, ⋯⟩ = ⟨22, ⋯⟩ then 1 else 0) <
      512 ^
          (![24, 24, 24, 24, 24, 24, 24, 24, 24, 38, 24, 38, 24, 46, 24, 29, 24, 29, 24, 29, 24, 29, 24] ⟨11, ⋯⟩ - 22) +
        2 *
          ((if ⟨12, ⋯⟩ = ⟨0, ⋯⟩ then -74198075517491376056437273197514845297 else 0) +
            ((if ⟨12, ⋯⟩ = ⟨1, ⋯⟩ then 1915409588506924334265571633162685394 else 0) +
              ((if ⟨12, ⋯⟩ = ⟨2, ⋯⟩ then -61175016224068878113641925552676996373 else 0) +
                if ⟨12, ⋯⟩ = ⟨3, ⋯⟩ then -36683501307415901895873676598854949450 else 0)))

case «11».«13»
⊢ 2 *
          ((if ⟨13, ⋯⟩ = ⟨0, ⋯⟩ then -74198075517491376056437273197514845297 else 0) +
            ((if ⟨13, ⋯⟩ = ⟨1, ⋯⟩ then 1915409588506924334265571633162685394 else 0) +
              ((if ⟨13, ⋯⟩ = ⟨2, ⋯⟩ then -61175016224068878113641925552676996373 else 0) +
                if ⟨13, ⋯⟩ = ⟨3, ⋯⟩ then -36683501307415901895873676598854949450 else 0))) +
        ((-if ⟨13, ⋯⟩ = ⟨22, ⋯⟩ then 1 else 0) +
          -if ⟨13, ⋯⟩ = ⟨21, ⋯⟩ then 340282366920938463463374607431768211456 else 0) <
      512 ^
        (![24, 24, 24, 24, 24, 24, 24, 24, 24, 38, 24, 38, 24, 46, 24, 29, 24, 29, 24, 29, 24, 29, 24] ⟨11, ⋯⟩ - 22) ∧
    ((if ⟨13, ⋯⟩ = ⟨21, ⋯⟩ then 340282366920938463463374607431768211456 else 0) + if ⟨13, ⋯⟩ = ⟨22, ⋯⟩ then 1 else 0) <
      512 ^
          (![24, 24, 24, 24, 24, 24, 24, 24, 24, 38, 24, 38, 24, 46, 24, 29, 24, 29, 24, 29, 24, 29, 24] ⟨11, ⋯⟩ - 22) +
        2 *
          ((if ⟨13, ⋯⟩ = ⟨0, ⋯⟩ then -74198075517491376056437273197514845297 else 0) +
            ((if ⟨13, ⋯⟩ = ⟨1, ⋯⟩ then 1915409588506924334265571633162685394 else 0) +
              ((if ⟨13, ⋯⟩ = ⟨2, ⋯⟩ then -61175016224068878113641925552676996373 else 0) +
                if ⟨13, ⋯⟩ = ⟨3, ⋯⟩ then -36683501307415901895873676598854949450 else 0)))

case «11».«14»
⊢ 2 *
          ((if ⟨14, ⋯⟩ = ⟨0, ⋯⟩ then -74198075517491376056437273197514845297 else 0) +
            ((if ⟨14, ⋯⟩ = ⟨1, ⋯⟩ then 1915409588506924334265571633162685394 else 0) +
              ((if ⟨14, ⋯⟩ = ⟨2, ⋯⟩ then -61175016224068878113641925552676996373 else 0) +
                if ⟨14, ⋯⟩ = ⟨3, ⋯⟩ then -36683501307415901895873676598854949450 else 0))) +
        ((-if ⟨14, ⋯⟩ = ⟨22, ⋯⟩ then 1 else 0) +
          -if ⟨14, ⋯⟩ = ⟨21, ⋯⟩ then 340282366920938463463374607431768211456 else 0) <
      512 ^
        (![24, 24, 24, 24, 24, 24, 24, 24, 24, 38, 24, 38, 24, 46, 24, 29, 24, 29, 24, 29, 24, 29, 24] ⟨11, ⋯⟩ - 22) ∧
    ((if ⟨14, ⋯⟩ = ⟨21, ⋯⟩ then 340282366920938463463374607431768211456 else 0) + if ⟨14, ⋯⟩ = ⟨22, ⋯⟩ then 1 else 0) <
      512 ^
          (![24, 24, 24, 24, 24, 24, 24, 24, 24, 38, 24, 38, 24, 46, 24, 29, 24, 29, 24, 29, 24, 29, 24] ⟨11, ⋯⟩ - 22) +
        2 *
          ((if ⟨14, ⋯⟩ = ⟨0, ⋯⟩ then -74198075517491376056437273197514845297 else 0) +
            ((if ⟨14, ⋯⟩ = ⟨1, ⋯⟩ then 1915409588506924334265571633162685394 else 0) +
              ((if ⟨14, ⋯⟩ = ⟨2, ⋯⟩ then -61175016224068878113641925552676996373 else 0) +
                if ⟨14, ⋯⟩ = ⟨3, ⋯⟩ then -36683501307415901895873676598854949450 else 0)))

case «11».«15»
⊢ 2 *
          ((if ⟨15, ⋯⟩ = ⟨0, ⋯⟩ then -74198075517491376056437273197514845297 else 0) +
            ((if ⟨15, ⋯⟩ = ⟨1, ⋯⟩ then 1915409588506924334265571633162685394 else 0) +
              ((if ⟨15, ⋯⟩ = ⟨2, ⋯⟩ then -61175016224068878113641925552676996373 else 0) +
                if ⟨15, ⋯⟩ = ⟨3, ⋯⟩ then -36683501307415901895873676598854949450 else 0))) +
        ((-if ⟨15, ⋯⟩ = ⟨22, ⋯⟩ then 1 else 0) +
          -if ⟨15, ⋯⟩ = ⟨21, ⋯⟩ then 340282366920938463463374607431768211456 else 0) <
      512 ^
        (![24, 24, 24, 24, 24, 24, 24, 24, 24, 38, 24, 38, 24, 46, 24, 29, 24, 29, 24, 29, 24, 29, 24] ⟨11, ⋯⟩ - 22) ∧
    ((if ⟨15, ⋯⟩ = ⟨21, ⋯⟩ then 340282366920938463463374607431768211456 else 0) + if ⟨15, ⋯⟩ = ⟨22, ⋯⟩ then 1 else 0) <
      512 ^
          (![24, 24, 24, 24, 24, 24, 24, 24, 24, 38, 24, 38, 24, 46, 24, 29, 24, 29, 24, 29, 24, 29, 24] ⟨11, ⋯⟩ - 22) +
        2 *
          ((if ⟨15, ⋯⟩ = ⟨0, ⋯⟩ then -74198075517491376056437273197514845297 else 0) +
            ((if ⟨15, ⋯⟩ = ⟨1, ⋯⟩ then 1915409588506924334265571633162685394 else 0) +
              ((if ⟨15, ⋯⟩ = ⟨2, ⋯⟩ then -61175016224068878113641925552676996373 else 0) +
                if ⟨15, ⋯⟩ = ⟨3, ⋯⟩ then -36683501307415901895873676598854949450 else 0)))

case «11».«16»
⊢ 2 *
          ((if ⟨16, ⋯⟩ = ⟨0, ⋯⟩ then -74198075517491376056437273197514845297 else 0) +
            ((if ⟨16, ⋯⟩ = ⟨1, ⋯⟩ then 1915409588506924334265571633162685394 else 0) +
              ((if ⟨16, ⋯⟩ = ⟨2, ⋯⟩ then -61175016224068878113641925552676996373 else 0) +
                if ⟨16, ⋯⟩ = ⟨3, ⋯⟩ then -36683501307415901895873676598854949450 else 0))) +
        ((-if ⟨16, ⋯⟩ = ⟨22, ⋯⟩ then 1 else 0) +
          -if ⟨16, ⋯⟩ = ⟨21, ⋯⟩ then 340282366920938463463374607431768211456 else 0) <
      512 ^
        (![24, 24, 24, 24, 24, 24, 24, 24, 24, 38, 24, 38, 24, 46, 24, 29, 24, 29, 24, 29, 24, 29, 24] ⟨11, ⋯⟩ - 22) ∧
    ((if ⟨16, ⋯⟩ = ⟨21, ⋯⟩ then 340282366920938463463374607431768211456 else 0) + if ⟨16, ⋯⟩ = ⟨22, ⋯⟩ then 1 else 0) <
      512 ^
          (![24, 24, 24, 24, 24, 24, 24, 24, 24, 38, 24, 38, 24, 46, 24, 29, 24, 29, 24, 29, 24, 29, 24] ⟨11, ⋯⟩ - 22) +
        2 *
          ((if ⟨16, ⋯⟩ = ⟨0, ⋯⟩ then -74198075517491376056437273197514845297 else 0) +
            ((if ⟨16, ⋯⟩ = ⟨1, ⋯⟩ then 1915409588506924334265571633162685394 else 0) +
              ((if ⟨16, ⋯⟩ = ⟨2, ⋯⟩ then -61175016224068878113641925552676996373 else 0) +
                if ⟨16, ⋯⟩ = ⟨3, ⋯⟩ then -36683501307415901895873676598854949450 else 0)))

case «11».«17»
⊢ 2 *
          ((if ⟨17, ⋯⟩ = ⟨0, ⋯⟩ then -74198075517491376056437273197514845297 else 0) +
            ((if ⟨17, ⋯⟩ = ⟨1, ⋯⟩ then 1915409588506924334265571633162685394 else 0) +
              ((if ⟨17, ⋯⟩ = ⟨2, ⋯⟩ then -61175016224068878113641925552676996373 else 0) +
                if ⟨17, ⋯⟩ = ⟨3, ⋯⟩ then -36683501307415901895873676598854949450 else 0))) +
        ((-if ⟨17, ⋯⟩ = ⟨22, ⋯⟩ then 1 else 0) +
          -if ⟨17, ⋯⟩ = ⟨21, ⋯⟩ then 340282366920938463463374607431768211456 else 0) <
      512 ^
        (![24, 24, 24, 24, 24, 24, 24, 24, 24, 38, 24, 38, 24, 46, 24, 29, 24, 29, 24, 29, 24, 29, 24] ⟨11, ⋯⟩ - 22) ∧
    ((if ⟨17, ⋯⟩ = ⟨21, ⋯⟩ then 340282366920938463463374607431768211456 else 0) + if ⟨17, ⋯⟩ = ⟨22, ⋯⟩ then 1 else 0) <
      512 ^
          (![24, 24, 24, 24, 24, 24, 24, 24, 24, 38, 24, 38, 24, 46, 24, 29, 24, 29, 24, 29, 24, 29, 24] ⟨11, ⋯⟩ - 22) +
        2 *
          ((if ⟨17, ⋯⟩ = ⟨0, ⋯⟩ then -74198075517491376056437273197514845297 else 0) +
            ((if ⟨17, ⋯⟩ = ⟨1, ⋯⟩ then 1915409588506924334265571633162685394 else 0) +
              ((if ⟨17, ⋯⟩ = ⟨2, ⋯⟩ then -61175016224068878113641925552676996373 else 0) +
                if ⟨17, ⋯⟩ = ⟨3, ⋯⟩ then -36683501307415901895873676598854949450 else 0)))

case «11».«18»
⊢ 2 *
          ((if ⟨18, ⋯⟩ = ⟨0, ⋯⟩ then -74198075517491376056437273197514845297 else 0) +
            ((if ⟨18, ⋯⟩ = ⟨1, ⋯⟩ then 1915409588506924334265571633162685394 else 0) +
              ((if ⟨18, ⋯⟩ = ⟨2, ⋯⟩ then -61175016224068878113641925552676996373 else 0) +
                if ⟨18, ⋯⟩ = ⟨3, ⋯⟩ then -36683501307415901895873676598854949450 else 0))) +
        ((-if ⟨18, ⋯⟩ = ⟨22, ⋯⟩ then 1 else 0) +
          -if ⟨18, ⋯⟩ = ⟨21, ⋯⟩ then 340282366920938463463374607431768211456 else 0) <
      512 ^
        (![24, 24, 24, 24, 24, 24, 24, 24, 24, 38, 24, 38, 24, 46, 24, 29, 24, 29, 24, 29, 24, 29, 24] ⟨11, ⋯⟩ - 22) ∧
    ((if ⟨18, ⋯⟩ = ⟨21, ⋯⟩ then 340282366920938463463374607431768211456 else 0) + if ⟨18, ⋯⟩ = ⟨22, ⋯⟩ then 1 else 0) <
      512 ^
          (![24, 24, 24, 24, 24, 24, 24, 24, 24, 38, 24, 38, 24, 46, 24, 29, 24, 29, 24, 29, 24, 29, 24] ⟨11, ⋯⟩ - 22) +
        2 *
          ((if ⟨18, ⋯⟩ = ⟨0, ⋯⟩ then -74198075517491376056437273197514845297 else 0) +
            ((if ⟨18, ⋯⟩ = ⟨1, ⋯⟩ then 1915409588506924334265571633162685394 else 0) +
              ((if ⟨18, ⋯⟩ = ⟨2, ⋯⟩ then -61175016224068878113641925552676996373 else 0) +
                if ⟨18, ⋯⟩ = ⟨3, ⋯⟩ then -36683501307415901895873676598854949450 else 0)))

case «11».«19»
⊢ 2 *
          ((if ⟨19, ⋯⟩ = ⟨0, ⋯⟩ then -74198075517491376056437273197514845297 else 0) +
            ((if ⟨19, ⋯⟩ = ⟨1, ⋯⟩ then 1915409588506924334265571633162685394 else 0) +
              ((if ⟨19, ⋯⟩ = ⟨2, ⋯⟩ then -61175016224068878113641925552676996373 else 0) +
                if ⟨19, ⋯⟩ = ⟨3, ⋯⟩ then -36683501307415901895873676598854949450 else 0))) +
        ((-if ⟨19, ⋯⟩ = ⟨22, ⋯⟩ then 1 else 0) +
          -if ⟨19, ⋯⟩ = ⟨21, ⋯⟩ then 340282366920938463463374607431768211456 else 0) <
      512 ^
        (![24, 24, 24, 24, 24, 24, 24, 24, 24, 38, 24, 38, 24, 46, 24, 29, 24, 29, 24, 29, 24, 29, 24] ⟨11, ⋯⟩ - 22) ∧
    ((if ⟨19, ⋯⟩ = ⟨21, ⋯⟩ then 340282366920938463463374607431768211456 else 0) + if ⟨19, ⋯⟩ = ⟨22, ⋯⟩ then 1 else 0) <
      512 ^
          (![24, 24, 24, 24, 24, 24, 24, 24, 24, 38, 24, 38, 24, 46, 24, 29, 24, 29, 24, 29, 24, 29, 24] ⟨11, ⋯⟩ - 22) +
        2 *
          ((if ⟨19, ⋯⟩ = ⟨0, ⋯⟩ then -74198075517491376056437273197514845297 else 0) +
            ((if ⟨19, ⋯⟩ = ⟨1, ⋯⟩ then 1915409588506924334265571633162685394 else 0) +
              ((if ⟨19, ⋯⟩ = ⟨2, ⋯⟩ then -61175016224068878113641925552676996373 else 0) +
                if ⟨19, ⋯⟩ = ⟨3, ⋯⟩ then -36683501307415901895873676598854949450 else 0)))

case «11».«20»
⊢ 2 *
          ((if ⟨20, ⋯⟩ = ⟨0, ⋯⟩ then -74198075517491376056437273197514845297 else 0) +
            ((if ⟨20, ⋯⟩ = ⟨1, ⋯⟩ then 1915409588506924334265571633162685394 else 0) +
              ((if ⟨20, ⋯⟩ = ⟨2, ⋯⟩ then -61175016224068878113641925552676996373 else 0) +
                if ⟨20, ⋯⟩ = ⟨3, ⋯⟩ then -36683501307415901895873676598854949450 else 0))) +
        ((-if ⟨20, ⋯⟩ = ⟨22, ⋯⟩ then 1 else 0) +
          -if ⟨20, ⋯⟩ = ⟨21, ⋯⟩ then 340282366920938463463374607431768211456 else 0) <
      512 ^
        (![24, 24, 24, 24, 24, 24, 24, 24, 24, 38, 24, 38, 24, 46, 24, 29, 24, 29, 24, 29, 24, 29, 24] ⟨11, ⋯⟩ - 22) ∧
    ((if ⟨20, ⋯⟩ = ⟨21, ⋯⟩ then 340282366920938463463374607431768211456 else 0) + if ⟨20, ⋯⟩ = ⟨22, ⋯⟩ then 1 else 0) <
      512 ^
          (![24, 24, 24, 24, 24, 24, 24, 24, 24, 38, 24, 38, 24, 46, 24, 29, 24, 29, 24, 29, 24, 29, 24] ⟨11, ⋯⟩ - 22) +
        2 *
          ((if ⟨20, ⋯⟩ = ⟨0, ⋯⟩ then -74198075517491376056437273197514845297 else 0) +
            ((if ⟨20, ⋯⟩ = ⟨1, ⋯⟩ then 1915409588506924334265571633162685394 else 0) +
              ((if ⟨20, ⋯⟩ = ⟨2, ⋯⟩ then -61175016224068878113641925552676996373 else 0) +
                if ⟨20, ⋯⟩ = ⟨3, ⋯⟩ then -36683501307415901895873676598854949450 else 0)))

case «11».«21»
⊢ 2 *
          ((if ⟨21, ⋯⟩ = ⟨0, ⋯⟩ then -74198075517491376056437273197514845297 else 0) +
            ((if ⟨21, ⋯⟩ = ⟨1, ⋯⟩ then 1915409588506924334265571633162685394 else 0) +
              ((if ⟨21, ⋯⟩ = ⟨2, ⋯⟩ then -61175016224068878113641925552676996373 else 0) +
                if ⟨21, ⋯⟩ = ⟨3, ⋯⟩ then -36683501307415901895873676598854949450 else 0))) +
        ((-if ⟨21, ⋯⟩ = ⟨22, ⋯⟩ then 1 else 0) +
          -if ⟨21, ⋯⟩ = ⟨21, ⋯⟩ then 340282366920938463463374607431768211456 else 0) <
      512 ^
        (![24, 24, 24, 24, 24, 24, 24, 24, 24, 38, 24, 38, 24, 46, 24, 29, 24, 29, 24, 29, 24, 29, 24] ⟨11, ⋯⟩ - 22) ∧
    ((if ⟨21, ⋯⟩ = ⟨21, ⋯⟩ then 340282366920938463463374607431768211456 else 0) + if ⟨21, ⋯⟩ = ⟨22, ⋯⟩ then 1 else 0) <
      512 ^
          (![24, 24, 24, 24, 24, 24, 24, 24, 24, 38, 24, 38, 24, 46, 24, 29, 24, 29, 24, 29, 24, 29, 24] ⟨11, ⋯⟩ - 22) +
        2 *
          ((if ⟨21, ⋯⟩ = ⟨0, ⋯⟩ then -74198075517491376056437273197514845297 else 0) +
            ((if ⟨21, ⋯⟩ = ⟨1, ⋯⟩ then 1915409588506924334265571633162685394 else 0) +
              ((if ⟨21, ⋯⟩ = ⟨2, ⋯⟩ then -61175016224068878113641925552676996373 else 0) +
                if ⟨21, ⋯⟩ = ⟨3, ⋯⟩ then -36683501307415901895873676598854949450 else 0)))

case «11».«22»
⊢ 2 *
          ((if ⟨22, ⋯⟩ = ⟨0, ⋯⟩ then -74198075517491376056437273197514845297 else 0) +
            ((if ⟨22, ⋯⟩ = ⟨1, ⋯⟩ then 1915409588506924334265571633162685394 else 0) +
              ((if ⟨22, ⋯⟩ = ⟨2, ⋯⟩ then -61175016224068878113641925552676996373 else 0) +
                if ⟨22, ⋯⟩ = ⟨3, ⋯⟩ then -36683501307415901895873676598854949450 else 0))) +
        ((-if ⟨22, ⋯⟩ = ⟨22, ⋯⟩ then 1 else 0) +
          -if ⟨22, ⋯⟩ = ⟨21, ⋯⟩ then 340282366920938463463374607431768211456 else 0) <
      512 ^
        (![24, 24, 24, 24, 24, 24, 24, 24, 24, 38, 24, 38, 24, 46, 24, 29, 24, 29, 24, 29, 24, 29, 24] ⟨11, ⋯⟩ - 22) ∧
    ((if ⟨22, ⋯⟩ = ⟨21, ⋯⟩ then 340282366920938463463374607431768211456 else 0) + if ⟨22, ⋯⟩ = ⟨22, ⋯⟩ then 1 else 0) <
      512 ^
          (![24, 24, 24, 24, 24, 24, 24, 24, 24, 38, 24, 38, 24, 46, 24, 29, 24, 29, 24, 29, 24, 29, 24] ⟨11, ⋯⟩ - 22) +
        2 *
          ((if ⟨22, ⋯⟩ = ⟨0, ⋯⟩ then -74198075517491376056437273197514845297 else 0) +
            ((if ⟨22, ⋯⟩ = ⟨1, ⋯⟩ then 1915409588506924334265571633162685394 else 0) +
              ((if ⟨22, ⋯⟩ = ⟨2, ⋯⟩ then -61175016224068878113641925552676996373 else 0) +
                if ⟨22, ⋯⟩ = ⟨3, ⋯⟩ then -36683501307415901895873676598854949450 else 0)))

case «11».«23»
⊢ 2 *
          ((if ⟨23, ⋯⟩ = ⟨0, ⋯⟩ then -74198075517491376056437273197514845297 else 0) +
            ((if ⟨23, ⋯⟩ = ⟨1, ⋯⟩ then 1915409588506924334265571633162685394 else 0) +
              ((if ⟨23, ⋯⟩ = ⟨2, ⋯⟩ then -61175016224068878113641925552676996373 else 0) +
                if ⟨23, ⋯⟩ = ⟨3, ⋯⟩ then -36683501307415901895873676598854949450 else 0))) +
        ((-if ⟨23, ⋯⟩ = ⟨22, ⋯⟩ then 1 else 0) +
          -if ⟨23, ⋯⟩ = ⟨21, ⋯⟩ then 340282366920938463463374607431768211456 else 0) <
      512 ^
        (![24, 24, 24, 24, 24, 24, 24, 24, 24, 38, 24, 38, 24, 46, 24, 29, 24, 29, 24, 29, 24, 29, 24] ⟨11, ⋯⟩ - 22) ∧
    ((if ⟨23, ⋯⟩ = ⟨21, ⋯⟩ then 340282366920938463463374607431768211456 else 0) + if ⟨23, ⋯⟩ = ⟨22, ⋯⟩ then 1 else 0) <
      512 ^
          (![24, 24, 24, 24, 24, 24, 24, 24, 24, 38, 24, 38, 24, 46, 24, 29, 24, 29, 24, 29, 24, 29, 24] ⟨11, ⋯⟩ - 22) +
        2 *
          ((if ⟨23, ⋯⟩ = ⟨0, ⋯⟩ then -74198075517491376056437273197514845297 else 0) +
            ((if ⟨23, ⋯⟩ = ⟨1, ⋯⟩ then 1915409588506924334265571633162685394 else 0) +
              ((if ⟨23, ⋯⟩ = ⟨2, ⋯⟩ then -61175016224068878113641925552676996373 else 0) +
                if ⟨23, ⋯⟩ = ⟨3, ⋯⟩ then -36683501307415901895873676598854949450 else 0)))

case «11».«24»
⊢ 2 *
          ((if ⟨24, ⋯⟩ = ⟨0, ⋯⟩ then -74198075517491376056437273197514845297 else 0) +
            ((if ⟨24, ⋯⟩ = ⟨1, ⋯⟩ then 1915409588506924334265571633162685394 else 0) +
              ((if ⟨24, ⋯⟩ = ⟨2, ⋯⟩ then -61175016224068878113641925552676996373 else 0) +
                if ⟨24, ⋯⟩ = ⟨3, ⋯⟩ then -36683501307415901895873676598854949450 else 0))) +
        ((-if ⟨24, ⋯⟩ = ⟨22, ⋯⟩ then 1 else 0) +
          -if ⟨24, ⋯⟩ = ⟨21, ⋯⟩ then 340282366920938463463374607431768211456 else 0) <
      512 ^
        (![24, 24, 24, 24, 24, 24, 24, 24, 24, 38, 24, 38, 24, 46, 24, 29, 24, 29, 24, 29, 24, 29, 24] ⟨11, ⋯⟩ - 22) ∧
    ((if ⟨24, ⋯⟩ = ⟨21, ⋯⟩ then 340282366920938463463374607431768211456 else 0) + if ⟨24, ⋯⟩ = ⟨22, ⋯⟩ then 1 else 0) <
      512 ^
          (![24, 24, 24, 24, 24, 24, 24, 24, 24, 38, 24, 38, 24, 46, 24, 29, 24, 29, 24, 29, 24, 29, 24] ⟨11, ⋯⟩ - 22) +
        2 *
          ((if ⟨24, ⋯⟩ = ⟨0, ⋯⟩ then -74198075517491376056437273197514845297 else 0) +
            ((if ⟨24, ⋯⟩ = ⟨1, ⋯⟩ then 1915409588506924334265571633162685394 else 0) +
              ((if ⟨24, ⋯⟩ = ⟨2, ⋯⟩ then -61175016224068878113641925552676996373 else 0) +
                if ⟨24, ⋯⟩ = ⟨3, ⋯⟩ then -36683501307415901895873676598854949450 else 0)))

case «11».«25»
⊢ 2 *
          ((if ⟨25, ⋯⟩ = ⟨0, ⋯⟩ then -74198075517491376056437273197514845297 else 0) +
            ((if ⟨25, ⋯⟩ = ⟨1, ⋯⟩ then 1915409588506924334265571633162685394 else 0) +
              ((if ⟨25, ⋯⟩ = ⟨2, ⋯⟩ then -61175016224068878113641925552676996373 else 0) +
                if ⟨25, ⋯⟩ = ⟨3, ⋯⟩ then -36683501307415901895873676598854949450 else 0))) +
        ((-if ⟨25, ⋯⟩ = ⟨22, ⋯⟩ then 1 else 0) +
          -if ⟨25, ⋯⟩ = ⟨21, ⋯⟩ then 340282366920938463463374607431768211456 else 0) <
      512 ^
        (![24, 24, 24, 24, 24, 24, 24, 24, 24, 38, 24, 38, 24, 46, 24, 29, 24, 29, 24, 29, 24, 29, 24] ⟨11, ⋯⟩ - 22) ∧
    ((if ⟨25, ⋯⟩ = ⟨21, ⋯⟩ then 340282366920938463463374607431768211456 else 0) + if ⟨25, ⋯⟩ = ⟨22, ⋯⟩ then 1 else 0) <
      512 ^
          (![24, 24, 24, 24, 24, 24, 24, 24, 24, 38, 24, 38, 24, 46, 24, 29, 24, 29, 24, 29, 24, 29, 24] ⟨11, ⋯⟩ - 22) +
        2 *
          ((if ⟨25, ⋯⟩ = ⟨0, ⋯⟩ then -74198075517491376056437273197514845297 else 0) +
            ((if ⟨25, ⋯⟩ = ⟨1, ⋯⟩ then 1915409588506924334265571633162685394 else 0) +
              ((if ⟨25, ⋯⟩ = ⟨2, ⋯⟩ then -61175016224068878113641925552676996373 else 0) +
                if ⟨25, ⋯⟩ = ⟨3, ⋯⟩ then -36683501307415901895873676598854949450 else 0)))

case «11».«26»
⊢ 2 *
          ((if ⟨26, ⋯⟩ = ⟨0, ⋯⟩ then -74198075517491376056437273197514845297 else 0) +
            ((if ⟨26, ⋯⟩ = ⟨1, ⋯⟩ then 1915409588506924334265571633162685394 else 0) +
              ((if ⟨26, ⋯⟩ = ⟨2, ⋯⟩ then -61175016224068878113641925552676996373 else 0) +
                if ⟨26, ⋯⟩ = ⟨3, ⋯⟩ then -36683501307415901895873676598854949450 else 0))) +
        ((-if ⟨26, ⋯⟩ = ⟨22, ⋯⟩ then 1 else 0) +
          -if ⟨26, ⋯⟩ = ⟨21, ⋯⟩ then 340282366920938463463374607431768211456 else 0) <
      512 ^
        (![24, 24, 24, 24, 24, 24, 24, 24, 24, 38, 24, 38, 24, 46, 24, 29, 24, 29, 24, 29, 24, 29, 24] ⟨11, ⋯⟩ - 22) ∧
    ((if ⟨26, ⋯⟩ = ⟨21, ⋯⟩ then 340282366920938463463374607431768211456 else 0) + if ⟨26, ⋯⟩ = ⟨22, ⋯⟩ then 1 else 0) <
      512 ^
          (![24, 24, 24, 24, 24, 24, 24, 24, 24, 38, 24, 38, 24, 46, 24, 29, 24, 29, 24, 29, 24, 29, 24] ⟨11, ⋯⟩ - 22) +
        2 *
          ((if ⟨26, ⋯⟩ = ⟨0, ⋯⟩ then -74198075517491376056437273197514845297 else 0) +
            ((if ⟨26, ⋯⟩ = ⟨1, ⋯⟩ then 1915409588506924334265571633162685394 else 0) +
              ((if ⟨26, ⋯⟩ = ⟨2, ⋯⟩ then -61175016224068878113641925552676996373 else 0) +
                if ⟨26, ⋯⟩ = ⟨3, ⋯⟩ then -36683501307415901895873676598854949450 else 0)))

case «11».«27»
⊢ 2 *
          ((if ⟨27, ⋯⟩ = ⟨0, ⋯⟩ then -74198075517491376056437273197514845297 else 0) +
            ((if ⟨27, ⋯⟩ = ⟨1, ⋯⟩ then 1915409588506924334265571633162685394 else 0) +
              ((if ⟨27, ⋯⟩ = ⟨2, ⋯⟩ then -61175016224068878113641925552676996373 else 0) +
                if ⟨27, ⋯⟩ = ⟨3, ⋯⟩ then -36683501307415901895873676598854949450 else 0))) +
        ((-if ⟨27, ⋯⟩ = ⟨22, ⋯⟩ then 1 else 0) +
          -if ⟨27, ⋯⟩ = ⟨21, ⋯⟩ then 340282366920938463463374607431768211456 else 0) <
      512 ^
        (![24, 24, 24, 24, 24, 24, 24, 24, 24, 38, 24, 38, 24, 46, 24, 29, 24, 29, 24, 29, 24, 29, 24] ⟨11, ⋯⟩ - 22) ∧
    ((if ⟨27, ⋯⟩ = ⟨21, ⋯⟩ then 340282366920938463463374607431768211456 else 0) + if ⟨27, ⋯⟩ = ⟨22, ⋯⟩ then 1 else 0) <
      512 ^
          (![24, 24, 24, 24, 24, 24, 24, 24, 24, 38, 24, 38, 24, 46, 24, 29, 24, 29, 24, 29, 24, 29, 24] ⟨11, ⋯⟩ - 22) +
        2 *
          ((if ⟨27, ⋯⟩ = ⟨0, ⋯⟩ then -74198075517491376056437273197514845297 else 0) +
            ((if ⟨27, ⋯⟩ = ⟨1, ⋯⟩ then 1915409588506924334265571633162685394 else 0) +
              ((if ⟨27, ⋯⟩ = ⟨2, ⋯⟩ then -61175016224068878113641925552676996373 else 0) +
                if ⟨27, ⋯⟩ = ⟨3, ⋯⟩ then -36683501307415901895873676598854949450 else 0)))

case «11».«28»
⊢ 2 *
          ((if ⟨28, ⋯⟩ = ⟨0, ⋯⟩ then -74198075517491376056437273197514845297 else 0) +
            ((if ⟨28, ⋯⟩ = ⟨1, ⋯⟩ then 1915409588506924334265571633162685394 else 0) +
              ((if ⟨28, ⋯⟩ = ⟨2, ⋯⟩ then -61175016224068878113641925552676996373 else 0) +
                if ⟨28, ⋯⟩ = ⟨3, ⋯⟩ then -36683501307415901895873676598854949450 else 0))) +
        ((-if ⟨28, ⋯⟩ = ⟨22, ⋯⟩ then 1 else 0) +
          -if ⟨28, ⋯⟩ = ⟨21, ⋯⟩ then 340282366920938463463374607431768211456 else 0) <
      512 ^
        (![24, 24, 24, 24, 24, 24, 24, 24, 24, 38, 24, 38, 24, 46, 24, 29, 24, 29, 24, 29, 24, 29, 24] ⟨11, ⋯⟩ - 22) ∧
    ((if ⟨28, ⋯⟩ = ⟨21, ⋯⟩ then 340282366920938463463374607431768211456 else 0) + if ⟨28, ⋯⟩ = ⟨22, ⋯⟩ then 1 else 0) <
      512 ^
          (![24, 24, 24, 24, 24, 24, 24, 24, 24, 38, 24, 38, 24, 46, 24, 29, 24, 29, 24, 29, 24, 29, 24] ⟨11, ⋯⟩ - 22) +
        2 *
          ((if ⟨28, ⋯⟩ = ⟨0, ⋯⟩ then -74198075517491376056437273197514845297 else 0) +
            ((if ⟨28, ⋯⟩ = ⟨1, ⋯⟩ then 1915409588506924334265571633162685394 else 0) +
              ((if ⟨28, ⋯⟩ = ⟨2, ⋯⟩ then -61175016224068878113641925552676996373 else 0) +
                if ⟨28, ⋯⟩ = ⟨3, ⋯⟩ then -36683501307415901895873676598854949450 else 0)))

case «11».«29»
⊢ 2 *
          ((if ⟨29, ⋯⟩ = ⟨0, ⋯⟩ then -74198075517491376056437273197514845297 else 0) +
            ((if ⟨29, ⋯⟩ = ⟨1, ⋯⟩ then 1915409588506924334265571633162685394 else 0) +
              ((if ⟨29, ⋯⟩ = ⟨2, ⋯⟩ then -61175016224068878113641925552676996373 else 0) +
                if ⟨29, ⋯⟩ = ⟨3, ⋯⟩ then -36683501307415901895873676598854949450 else 0))) +
        ((-if ⟨29, ⋯⟩ = ⟨22, ⋯⟩ then 1 else 0) +
          -if ⟨29, ⋯⟩ = ⟨21, ⋯⟩ then 340282366920938463463374607431768211456 else 0) <
      512 ^
        (![24, 24, 24, 24, 24, 24, 24, 24, 24, 38, 24, 38, 24, 46, 24, 29, 24, 29, 24, 29, 24, 29, 24] ⟨11, ⋯⟩ - 22) ∧
    ((if ⟨29, ⋯⟩ = ⟨21, ⋯⟩ then 340282366920938463463374607431768211456 else 0) + if ⟨29, ⋯⟩ = ⟨22, ⋯⟩ then 1 else 0) <
      512 ^
          (![24, 24, 24, 24, 24, 24, 24, 24, 24, 38, 24, 38, 24, 46, 24, 29, 24, 29, 24, 29, 24, 29, 24] ⟨11, ⋯⟩ - 22) +
        2 *
          ((if ⟨29, ⋯⟩ = ⟨0, ⋯⟩ then -74198075517491376056437273197514845297 else 0) +
            ((if ⟨29, ⋯⟩ = ⟨1, ⋯⟩ then 1915409588506924334265571633162685394 else 0) +
              ((if ⟨29, ⋯⟩ = ⟨2, ⋯⟩ then -61175016224068878113641925552676996373 else 0) +
                if ⟨29, ⋯⟩ = ⟨3, ⋯⟩ then -36683501307415901895873676598854949450 else 0)))

case «11».«30»
⊢ 2 *
          ((if ⟨30, ⋯⟩ = ⟨0, ⋯⟩ then -74198075517491376056437273197514845297 else 0) +
            ((if ⟨30, ⋯⟩ = ⟨1, ⋯⟩ then 1915409588506924334265571633162685394 else 0) +
              ((if ⟨30, ⋯⟩ = ⟨2, ⋯⟩ then -61175016224068878113641925552676996373 else 0) +
                if ⟨30, ⋯⟩ = ⟨3, ⋯⟩ then -36683501307415901895873676598854949450 else 0))) +
        ((-if ⟨30, ⋯⟩ = ⟨22, ⋯⟩ then 1 else 0) +
          -if ⟨30, ⋯⟩ = ⟨21, ⋯⟩ then 340282366920938463463374607431768211456 else 0) <
      512 ^
        (![24, 24, 24, 24, 24, 24, 24, 24, 24, 38, 24, 38, 24, 46, 24, 29, 24, 29, 24, 29, 24, 29, 24] ⟨11, ⋯⟩ - 22) ∧
    ((if ⟨30, ⋯⟩ = ⟨21, ⋯⟩ then 340282366920938463463374607431768211456 else 0) + if ⟨30, ⋯⟩ = ⟨22, ⋯⟩ then 1 else 0) <
      512 ^
          (![24, 24, 24, 24, 24, 24, 24, 24, 24, 38, 24, 38, 24, 46, 24, 29, 24, 29, 24, 29, 24, 29, 24] ⟨11, ⋯⟩ - 22) +
        2 *
          ((if ⟨30, ⋯⟩ = ⟨0, ⋯⟩ then -74198075517491376056437273197514845297 else 0) +
            ((if ⟨30, ⋯⟩ = ⟨1, ⋯⟩ then 1915409588506924334265571633162685394 else 0) +
              ((if ⟨30, ⋯⟩ = ⟨2, ⋯⟩ then -61175016224068878113641925552676996373 else 0) +
                if ⟨30, ⋯⟩ = ⟨3, ⋯⟩ then -36683501307415901895873676598854949450 else 0)))

case «11».«31»
⊢ 2 *
          ((if ⟨31, ⋯⟩ = ⟨0, ⋯⟩ then -74198075517491376056437273197514845297 else 0) +
            ((if ⟨31, ⋯⟩ = ⟨1, ⋯⟩ then 1915409588506924334265571633162685394 else 0) +
              ((if ⟨31, ⋯⟩ = ⟨2, ⋯⟩ then -61175016224068878113641925552676996373 else 0) +
                if ⟨31, ⋯⟩ = ⟨3, ⋯⟩ then -36683501307415901895873676598854949450 else 0))) +
        ((-if ⟨31, ⋯⟩ = ⟨22, ⋯⟩ then 1 else 0) +
          -if ⟨31, ⋯⟩ = ⟨21, ⋯⟩ then 340282366920938463463374607431768211456 else 0) <
      512 ^
        (![24, 24, 24, 24, 24, 24, 24, 24, 24, 38, 24, 38, 24, 46, 24, 29, 24, 29, 24, 29, 24, 29, 24] ⟨11, ⋯⟩ - 22) ∧
    ((if ⟨31, ⋯⟩ = ⟨21, ⋯⟩ then 340282366920938463463374607431768211456 else 0) + if ⟨31, ⋯⟩ = ⟨22, ⋯⟩ then 1 else 0) <
      512 ^
          (![24, 24, 24, 24, 24, 24, 24, 24, 24, 38, 24, 38, 24, 46, 24, 29, 24, 29, 24, 29, 24, 29, 24] ⟨11, ⋯⟩ - 22) +
        2 *
          ((if ⟨31, ⋯⟩ = ⟨0, ⋯⟩ then -74198075517491376056437273197514845297 else 0) +
            ((if ⟨31, ⋯⟩ = ⟨1, ⋯⟩ then 1915409588506924334265571633162685394 else 0) +
              ((if ⟨31, ⋯⟩ = ⟨2, ⋯⟩ then -61175016224068878113641925552676996373 else 0) +
                if ⟨31, ⋯⟩ = ⟨3, ⋯⟩ then -36683501307415901895873676598854949450 else 0)))

case «11».«32»
⊢ 2 *
          ((if ⟨32, ⋯⟩ = ⟨0, ⋯⟩ then -74198075517491376056437273197514845297 else 0) +
            ((if ⟨32, ⋯⟩ = ⟨1, ⋯⟩ then 1915409588506924334265571633162685394 else 0) +
              ((if ⟨32, ⋯⟩ = ⟨2, ⋯⟩ then -61175016224068878113641925552676996373 else 0) +
                if ⟨32, ⋯⟩ = ⟨3, ⋯⟩ then -36683501307415901895873676598854949450 else 0))) +
        ((-if ⟨32, ⋯⟩ = ⟨22, ⋯⟩ then 1 else 0) +
          -if ⟨32, ⋯⟩ = ⟨21, ⋯⟩ then 340282366920938463463374607431768211456 else 0) <
      512 ^
        (![24, 24, 24, 24, 24, 24, 24, 24, 24, 38, 24, 38, 24, 46, 24, 29, 24, 29, 24, 29, 24, 29, 24] ⟨11, ⋯⟩ - 22) ∧
    ((if ⟨32, ⋯⟩ = ⟨21, ⋯⟩ then 340282366920938463463374607431768211456 else 0) + if ⟨32, ⋯⟩ = ⟨22, ⋯⟩ then 1 else 0) <
      512 ^
          (![24, 24, 24, 24, 24, 24, 24, 24, 24, 38, 24, 38, 24, 46, 24, 29, 24, 29, 24, 29, 24, 29, 24] ⟨11, ⋯⟩ - 22) +
        2 *
          ((if ⟨32, ⋯⟩ = ⟨0, ⋯⟩ then -74198075517491376056437273197514845297 else 0) +
            ((if ⟨32, ⋯⟩ = ⟨1, ⋯⟩ then 1915409588506924334265571633162685394 else 0) +
              ((if ⟨32, ⋯⟩ = ⟨2, ⋯⟩ then -61175016224068878113641925552676996373 else 0) +
                if ⟨32, ⋯⟩ = ⟨3, ⋯⟩ then -36683501307415901895873676598854949450 else 0)))

case «11».«33»
⊢ 2 *
          ((if ⟨33, ⋯⟩ = ⟨0, ⋯⟩ then -74198075517491376056437273197514845297 else 0) +
            ((if ⟨33, ⋯⟩ = ⟨1, ⋯⟩ then 1915409588506924334265571633162685394 else 0) +
              ((if ⟨33, ⋯⟩ = ⟨2, ⋯⟩ then -61175016224068878113641925552676996373 else 0) +
                if ⟨33, ⋯⟩ = ⟨3, ⋯⟩ then -36683501307415901895873676598854949450 else 0))) +
        ((-if ⟨33, ⋯⟩ = ⟨22, ⋯⟩ then 1 else 0) +
          -if ⟨33, ⋯⟩ = ⟨21, ⋯⟩ then 340282366920938463463374607431768211456 else 0) <
      512 ^
        (![24, 24, 24, 24, 24, 24, 24, 24, 24, 38, 24, 38, 24, 46, 24, 29, 24, 29, 24, 29, 24, 29, 24] ⟨11, ⋯⟩ - 22) ∧
    ((if ⟨33, ⋯⟩ = ⟨21, ⋯⟩ then 340282366920938463463374607431768211456 else 0) + if ⟨33, ⋯⟩ = ⟨22, ⋯⟩ then 1 else 0) <
      512 ^
          (![24, 24, 24, 24, 24, 24, 24, 24, 24, 38, 24, 38, 24, 46, 24, 29, 24, 29, 24, 29, 24, 29, 24] ⟨11, ⋯⟩ - 22) +
        2 *
          ((if ⟨33, ⋯⟩ = ⟨0, ⋯⟩ then -74198075517491376056437273197514845297 else 0) +
            ((if ⟨33, ⋯⟩ = ⟨1, ⋯⟩ then 1915409588506924334265571633162685394 else 0) +
              ((if ⟨33, ⋯⟩ = ⟨2, ⋯⟩ then -61175016224068878113641925552676996373 else 0) +
                if ⟨33, ⋯⟩ = ⟨3, ⋯⟩ then -36683501307415901895873676598854949450 else 0)))

case «11».«34»
⊢ 2 *
          ((if ⟨34, ⋯⟩ = ⟨0, ⋯⟩ then -74198075517491376056437273197514845297 else 0) +
            ((if ⟨34, ⋯⟩ = ⟨1, ⋯⟩ then 1915409588506924334265571633162685394 else 0) +
              ((if ⟨34, ⋯⟩ = ⟨2, ⋯⟩ then -61175016224068878113641925552676996373 else 0) +
                if ⟨34, ⋯⟩ = ⟨3, ⋯⟩ then -36683501307415901895873676598854949450 else 0))) +
        ((-if ⟨34, ⋯⟩ = ⟨22, ⋯⟩ then 1 else 0) +
          -if ⟨34, ⋯⟩ = ⟨21, ⋯⟩ then 340282366920938463463374607431768211456 else 0) <
      512 ^
        (![24, 24, 24, 24, 24, 24, 24, 24, 24, 38, 24, 38, 24, 46, 24, 29, 24, 29, 24, 29, 24, 29, 24] ⟨11, ⋯⟩ - 22) ∧
    ((if ⟨34, ⋯⟩ = ⟨21, ⋯⟩ then 340282366920938463463374607431768211456 else 0) + if ⟨34, ⋯⟩ = ⟨22, ⋯⟩ then 1 else 0) <
      512 ^
          (![24, 24, 24, 24, 24, 24, 24, 24, 24, 38, 24, 38, 24, 46, 24, 29, 24, 29, 24, 29, 24, 29, 24] ⟨11, ⋯⟩ - 22) +
        2 *
          ((if ⟨34, ⋯⟩ = ⟨0, ⋯⟩ then -74198075517491376056437273197514845297 else 0) +
            ((if ⟨34, ⋯⟩ = ⟨1, ⋯⟩ then 1915409588506924334265571633162685394 else 0) +
              ((if ⟨34, ⋯⟩ = ⟨2, ⋯⟩ then -61175016224068878113641925552676996373 else 0) +
                if ⟨34, ⋯⟩ = ⟨3, ⋯⟩ then -36683501307415901895873676598854949450 else 0)))

case «11».«35»
⊢ 2 *
          ((if ⟨35, ⋯⟩ = ⟨0, ⋯⟩ then -74198075517491376056437273197514845297 else 0) +
            ((if ⟨35, ⋯⟩ = ⟨1, ⋯⟩ then 1915409588506924334265571633162685394 else 0) +
              ((if ⟨35, ⋯⟩ = ⟨2, ⋯⟩ then -61175016224068878113641925552676996373 else 0) +
                if ⟨35, ⋯⟩ = ⟨3, ⋯⟩ then -36683501307415901895873676598854949450 else 0))) +
        ((-if ⟨35, ⋯⟩ = ⟨22, ⋯⟩ then 1 else 0) +
          -if ⟨35, ⋯⟩ = ⟨21, ⋯⟩ then 340282366920938463463374607431768211456 else 0) <
      512 ^
        (![24, 24, 24, 24, 24, 24, 24, 24, 24, 38, 24, 38, 24, 46, 24, 29, 24, 29, 24, 29, 24, 29, 24] ⟨11, ⋯⟩ - 22) ∧
    ((if ⟨35, ⋯⟩ = ⟨21, ⋯⟩ then 340282366920938463463374607431768211456 else 0) + if ⟨35, ⋯⟩ = ⟨22, ⋯⟩ then 1 else 0) <
      512 ^
          (![24, 24, 24, 24, 24, 24, 24, 24, 24, 38, 24, 38, 24, 46, 24, 29, 24, 29, 24, 29, 24, 29, 24] ⟨11, ⋯⟩ - 22) +
        2 *
          ((if ⟨35, ⋯⟩ = ⟨0, ⋯⟩ then -74198075517491376056437273197514845297 else 0) +
            ((if ⟨35, ⋯⟩ = ⟨1, ⋯⟩ then 1915409588506924334265571633162685394 else 0) +
              ((if ⟨35, ⋯⟩ = ⟨2, ⋯⟩ then -61175016224068878113641925552676996373 else 0) +
                if ⟨35, ⋯⟩ = ⟨3, ⋯⟩ then -36683501307415901895873676598854949450 else 0)))

case «11».«36»
⊢ 2 *
          ((if ⟨36, ⋯⟩ = ⟨0, ⋯⟩ then -74198075517491376056437273197514845297 else 0) +
            ((if ⟨36, ⋯⟩ = ⟨1, ⋯⟩ then 1915409588506924334265571633162685394 else 0) +
              ((if ⟨36, ⋯⟩ = ⟨2, ⋯⟩ then -61175016224068878113641925552676996373 else 0) +
                if ⟨36, ⋯⟩ = ⟨3, ⋯⟩ then -36683501307415901895873676598854949450 else 0))) +
        ((-if ⟨36, ⋯⟩ = ⟨22, ⋯⟩ then 1 else 0) +
          -if ⟨36, ⋯⟩ = ⟨21, ⋯⟩ then 340282366920938463463374607431768211456 else 0) <
      512 ^
        (![24, 24, 24, 24, 24, 24, 24, 24, 24, 38, 24, 38, 24, 46, 24, 29, 24, 29, 24, 29, 24, 29, 24] ⟨11, ⋯⟩ - 22) ∧
    ((if ⟨36, ⋯⟩ = ⟨21, ⋯⟩ then 340282366920938463463374607431768211456 else 0) + if ⟨36, ⋯⟩ = ⟨22, ⋯⟩ then 1 else 0) <
      512 ^
          (![24, 24, 24, 24, 24, 24, 24, 24, 24, 38, 24, 38, 24, 46, 24, 29, 24, 29, 24, 29, 24, 29, 24] ⟨11, ⋯⟩ - 22) +
        2 *
          ((if ⟨36, ⋯⟩ = ⟨0, ⋯⟩ then -74198075517491376056437273197514845297 else 0) +
            ((if ⟨36, ⋯⟩ = ⟨1, ⋯⟩ then 1915409588506924334265571633162685394 else 0) +
              ((if ⟨36, ⋯⟩ = ⟨2, ⋯⟩ then -61175016224068878113641925552676996373 else 0) +
                if ⟨36, ⋯⟩ = ⟨3, ⋯⟩ then -36683501307415901895873676598854949450 else 0)))

case «11».«37»
⊢ 2 *
          ((if ⟨37, ⋯⟩ = ⟨0, ⋯⟩ then -74198075517491376056437273197514845297 else 0) +
            ((if ⟨37, ⋯⟩ = ⟨1, ⋯⟩ then 1915409588506924334265571633162685394 else 0) +
              ((if ⟨37, ⋯⟩ = ⟨2, ⋯⟩ then -61175016224068878113641925552676996373 else 0) +
                if ⟨37, ⋯⟩ = ⟨3, ⋯⟩ then -36683501307415901895873676598854949450 else 0))) +
        ((-if ⟨37, ⋯⟩ = ⟨22, ⋯⟩ then 1 else 0) +
          -if ⟨37, ⋯⟩ = ⟨21, ⋯⟩ then 340282366920938463463374607431768211456 else 0) <
      512 ^
        (![24, 24, 24, 24, 24, 24, 24, 24, 24, 38, 24, 38, 24, 46, 24, 29, 24, 29, 24, 29, 24, 29, 24] ⟨11, ⋯⟩ - 22) ∧
    ((if ⟨37, ⋯⟩ = ⟨21, ⋯⟩ then 340282366920938463463374607431768211456 else 0) + if ⟨37, ⋯⟩ = ⟨22, ⋯⟩ then 1 else 0) <
      512 ^
          (![24, 24, 24, 24, 24, 24, 24, 24, 24, 38, 24, 38, 24, 46, 24, 29, 24, 29, 24, 29, 24, 29, 24] ⟨11, ⋯⟩ - 22) +
        2 *
          ((if ⟨37, ⋯⟩ = ⟨0, ⋯⟩ then -74198075517491376056437273197514845297 else 0) +
            ((if ⟨37, ⋯⟩ = ⟨1, ⋯⟩ then 1915409588506924334265571633162685394 else 0) +
              ((if ⟨37, ⋯⟩ = ⟨2, ⋯⟩ then -61175016224068878113641925552676996373 else 0) +
                if ⟨37, ⋯⟩ = ⟨3, ⋯⟩ then -36683501307415901895873676598854949450 else 0)))

case «11».«38»
⊢ 2 *
          ((if ⟨38, ⋯⟩ = ⟨0, ⋯⟩ then -74198075517491376056437273197514845297 else 0) +
            ((if ⟨38, ⋯⟩ = ⟨1, ⋯⟩ then 1915409588506924334265571633162685394 else 0) +
              ((if ⟨38, ⋯⟩ = ⟨2, ⋯⟩ then -61175016224068878113641925552676996373 else 0) +
                if ⟨38, ⋯⟩ = ⟨3, ⋯⟩ then -36683501307415901895873676598854949450 else 0))) +
        ((-if ⟨38, ⋯⟩ = ⟨22, ⋯⟩ then 1 else 0) +
          -if ⟨38, ⋯⟩ = ⟨21, ⋯⟩ then 340282366920938463463374607431768211456 else 0) <
      512 ^
        (![24, 24, 24, 24, 24, 24, 24, 24, 24, 38, 24, 38, 24, 46, 24, 29, 24, 29, 24, 29, 24, 29, 24] ⟨11, ⋯⟩ - 22) ∧
    ((if ⟨38, ⋯⟩ = ⟨21, ⋯⟩ then 340282366920938463463374607431768211456 else 0) + if ⟨38, ⋯⟩ = ⟨22, ⋯⟩ then 1 else 0) <
      512 ^
          (![24, 24, 24, 24, 24, 24, 24, 24, 24, 38, 24, 38, 24, 46, 24, 29, 24, 29, 24, 29, 24, 29, 24] ⟨11, ⋯⟩ - 22) +
        2 *
          ((if ⟨38, ⋯⟩ = ⟨0, ⋯⟩ then -74198075517491376056437273197514845297 else 0) +
            ((if ⟨38, ⋯⟩ = ⟨1, ⋯⟩ then 1915409588506924334265571633162685394 else 0) +
              ((if ⟨38, ⋯⟩ = ⟨2, ⋯⟩ then -61175016224068878113641925552676996373 else 0) +
                if ⟨38, ⋯⟩ = ⟨3, ⋯⟩ then -36683501307415901895873676598854949450 else 0)))

case «12».«0»
⊢ ((if ⟨0, ⋯⟩ = ⟨22, ⋯⟩ then 1 else 0) + if ⟨0, ⋯⟩ = ⟨23, ⋯⟩ then 1 else 0) <
      512 ^
        (![24, 24, 24, 24, 24, 24, 24, 24, 24, 38, 24, 38, 24, 46, 24, 29, 24, 29, 24, 29, 24, 29, 24] ⟨12, ⋯⟩ - 22) ∧
    (-if ⟨0, ⋯⟩ = ⟨23, ⋯⟩ then 1 else 0) <
      512 ^
          (![24, 24, 24, 24, 24, 24, 24, 24, 24, 38, 24, 38, 24, 46, 24, 29, 24, 29, 24, 29, 24, 29, 24] ⟨12, ⋯⟩ - 22) +
        if ⟨0, ⋯⟩ = ⟨22, ⋯⟩ then 1 else 0

case «12».«1»
⊢ ((if ⟨1, ⋯⟩ = ⟨22, ⋯⟩ then 1 else 0) + if ⟨1, ⋯⟩ = ⟨23, ⋯⟩ then 1 else 0) <
      512 ^
        (![24, 24, 24, 24, 24, 24, 24, 24, 24, 38, 24, 38, 24, 46, 24, 29, 24, 29, 24, 29, 24, 29, 24] ⟨12, ⋯⟩ - 22) ∧
    (-if ⟨1, ⋯⟩ = ⟨23, ⋯⟩ then 1 else 0) <
      512 ^
          (![24, 24, 24, 24, 24, 24, 24, 24, 24, 38, 24, 38, 24, 46, 24, 29, 24, 29, 24, 29, 24, 29, 24] ⟨12, ⋯⟩ - 22) +
        if ⟨1, ⋯⟩ = ⟨22, ⋯⟩ then 1 else 0

case «12».«2»
⊢ ((if ⟨2, ⋯⟩ = ⟨22, ⋯⟩ then 1 else 0) + if ⟨2, ⋯⟩ = ⟨23, ⋯⟩ then 1 else 0) <
      512 ^
        (![24, 24, 24, 24, 24, 24, 24, 24, 24, 38, 24, 38, 24, 46, 24, 29, 24, 29, 24, 29, 24, 29, 24] ⟨12, ⋯⟩ - 22) ∧
    (-if ⟨2, ⋯⟩ = ⟨23, ⋯⟩ then 1 else 0) <
      512 ^
          (![24, 24, 24, 24, 24, 24, 24, 24, 24, 38, 24, 38, 24, 46, 24, 29, 24, 29, 24, 29, 24, 29, 24] ⟨12, ⋯⟩ - 22) +
        if ⟨2, ⋯⟩ = ⟨22, ⋯⟩ then 1 else 0

case «12».«3»
⊢ ((if ⟨3, ⋯⟩ = ⟨22, ⋯⟩ then 1 else 0) + if ⟨3, ⋯⟩ = ⟨23, ⋯⟩ then 1 else 0) <
      512 ^
        (![24, 24, 24, 24, 24, 24, 24, 24, 24, 38, 24, 38, 24, 46, 24, 29, 24, 29, 24, 29, 24, 29, 24] ⟨12, ⋯⟩ - 22) ∧
    (-if ⟨3, ⋯⟩ = ⟨23, ⋯⟩ then 1 else 0) <
      512 ^
          (![24, 24, 24, 24, 24, 24, 24, 24, 24, 38, 24, 38, 24, 46, 24, 29, 24, 29, 24, 29, 24, 29, 24] ⟨12, ⋯⟩ - 22) +
        if ⟨3, ⋯⟩ = ⟨22, ⋯⟩ then 1 else 0

case «12».«4»
⊢ ((if ⟨4, ⋯⟩ = ⟨22, ⋯⟩ then 1 else 0) + if ⟨4, ⋯⟩ = ⟨23, ⋯⟩ then 1 else 0) <
      512 ^
        (![24, 24, 24, 24, 24, 24, 24, 24, 24, 38, 24, 38, 24, 46, 24, 29, 24, 29, 24, 29, 24, 29, 24] ⟨12, ⋯⟩ - 22) ∧
    (-if ⟨4, ⋯⟩ = ⟨23, ⋯⟩ then 1 else 0) <
      512 ^
          (![24, 24, 24, 24, 24, 24, 24, 24, 24, 38, 24, 38, 24, 46, 24, 29, 24, 29, 24, 29, 24, 29, 24] ⟨12, ⋯⟩ - 22) +
        if ⟨4, ⋯⟩ = ⟨22, ⋯⟩ then 1 else 0

case «12».«5»
⊢ ((if ⟨5, ⋯⟩ = ⟨22, ⋯⟩ then 1 else 0) + if ⟨5, ⋯⟩ = ⟨23, ⋯⟩ then 1 else 0) <
      512 ^
        (![24, 24, 24, 24, 24, 24, 24, 24, 24, 38, 24, 38, 24, 46, 24, 29, 24, 29, 24, 29, 24, 29, 24] ⟨12, ⋯⟩ - 22) ∧
    (-if ⟨5, ⋯⟩ = ⟨23, ⋯⟩ then 1 else 0) <
      512 ^
          (![24, 24, 24, 24, 24, 24, 24, 24, 24, 38, 24, 38, 24, 46, 24, 29, 24, 29, 24, 29, 24, 29, 24] ⟨12, ⋯⟩ - 22) +
        if ⟨5, ⋯⟩ = ⟨22, ⋯⟩ then 1 else 0

case «12».«6»
⊢ ((if ⟨6, ⋯⟩ = ⟨22, ⋯⟩ then 1 else 0) + if ⟨6, ⋯⟩ = ⟨23, ⋯⟩ then 1 else 0) <
      512 ^
        (![24, 24, 24, 24, 24, 24, 24, 24, 24, 38, 24, 38, 24, 46, 24, 29, 24, 29, 24, 29, 24, 29, 24] ⟨12, ⋯⟩ - 22) ∧
    (-if ⟨6, ⋯⟩ = ⟨23, ⋯⟩ then 1 else 0) <
      512 ^
          (![24, 24, 24, 24, 24, 24, 24, 24, 24, 38, 24, 38, 24, 46, 24, 29, 24, 29, 24, 29, 24, 29, 24] ⟨12, ⋯⟩ - 22) +
        if ⟨6, ⋯⟩ = ⟨22, ⋯⟩ then 1 else 0

case «12».«7»
⊢ ((if ⟨7, ⋯⟩ = ⟨22, ⋯⟩ then 1 else 0) + if ⟨7, ⋯⟩ = ⟨23, ⋯⟩ then 1 else 0) <
      512 ^
        (![24, 24, 24, 24, 24, 24, 24, 24, 24, 38, 24, 38, 24, 46, 24, 29, 24, 29, 24, 29, 24, 29, 24] ⟨12, ⋯⟩ - 22) ∧
    (-if ⟨7, ⋯⟩ = ⟨23, ⋯⟩ then 1 else 0) <
      512 ^
          (![24, 24, 24, 24, 24, 24, 24, 24, 24, 38, 24, 38, 24, 46, 24, 29, 24, 29, 24, 29, 24, 29, 24] ⟨12, ⋯⟩ - 22) +
        if ⟨7, ⋯⟩ = ⟨22, ⋯⟩ then 1 else 0

case «12».«8»
⊢ ((if ⟨8, ⋯⟩ = ⟨22, ⋯⟩ then 1 else 0) + if ⟨8, ⋯⟩ = ⟨23, ⋯⟩ then 1 else 0) <
      512 ^
        (![24, 24, 24, 24, 24, 24, 24, 24, 24, 38, 24, 38, 24, 46, 24, 29, 24, 29, 24, 29, 24, 29, 24] ⟨12, ⋯⟩ - 22) ∧
    (-if ⟨8, ⋯⟩ = ⟨23, ⋯⟩ then 1 else 0) <
      512 ^
          (![24, 24, 24, 24, 24, 24, 24, 24, 24, 38, 24, 38, 24, 46, 24, 29, 24, 29, 24, 29, 24, 29, 24] ⟨12, ⋯⟩ - 22) +
        if ⟨8, ⋯⟩ = ⟨22, ⋯⟩ then 1 else 0

case «12».«9»
⊢ ((if ⟨9, ⋯⟩ = ⟨22, ⋯⟩ then 1 else 0) + if ⟨9, ⋯⟩ = ⟨23, ⋯⟩ then 1 else 0) <
      512 ^
        (![24, 24, 24, 24, 24, 24, 24, 24, 24, 38, 24, 38, 24, 46, 24, 29, 24, 29, 24, 29, 24, 29, 24] ⟨12, ⋯⟩ - 22) ∧
    (-if ⟨9, ⋯⟩ = ⟨23, ⋯⟩ then 1 else 0) <
      512 ^
          (![24, 24, 24, 24, 24, 24, 24, 24, 24, 38, 24, 38, 24, 46, 24, 29, 24, 29, 24, 29, 24, 29, 24] ⟨12, ⋯⟩ - 22) +
        if ⟨9, ⋯⟩ = ⟨22, ⋯⟩ then 1 else 0

case «12».«10»
⊢ ((if ⟨10, ⋯⟩ = ⟨22, ⋯⟩ then 1 else 0) + if ⟨10, ⋯⟩ = ⟨23, ⋯⟩ then 1 else 0) <
      512 ^
        (![24, 24, 24, 24, 24, 24, 24, 24, 24, 38, 24, 38, 24, 46, 24, 29, 24, 29, 24, 29, 24, 29, 24] ⟨12, ⋯⟩ - 22) ∧
    (-if ⟨10, ⋯⟩ = ⟨23, ⋯⟩ then 1 else 0) <
      512 ^
          (![24, 24, 24, 24, 24, 24, 24, 24, 24, 38, 24, 38, 24, 46, 24, 29, 24, 29, 24, 29, 24, 29, 24] ⟨12, ⋯⟩ - 22) +
        if ⟨10, ⋯⟩ = ⟨22, ⋯⟩ then 1 else 0

case «12».«11»
⊢ ((if ⟨11, ⋯⟩ = ⟨22, ⋯⟩ then 1 else 0) + if ⟨11, ⋯⟩ = ⟨23, ⋯⟩ then 1 else 0) <
      512 ^
        (![24, 24, 24, 24, 24, 24, 24, 24, 24, 38, 24, 38, 24, 46, 24, 29, 24, 29, 24, 29, 24, 29, 24] ⟨12, ⋯⟩ - 22) ∧
    (-if ⟨11, ⋯⟩ = ⟨23, ⋯⟩ then 1 else 0) <
      512 ^
          (![24, 24, 24, 24, 24, 24, 24, 24, 24, 38, 24, 38, 24, 46, 24, 29, 24, 29, 24, 29, 24, 29, 24] ⟨12, ⋯⟩ - 22) +
        if ⟨11, ⋯⟩ = ⟨22, ⋯⟩ then 1 else 0

case «12».«12»
⊢ ((if ⟨12, ⋯⟩ = ⟨22, ⋯⟩ then 1 else 0) + if ⟨12, ⋯⟩ = ⟨23, ⋯⟩ then 1 else 0) <
      512 ^
        (![24, 24, 24, 24, 24, 24, 24, 24, 24, 38, 24, 38, 24, 46, 24, 29, 24, 29, 24, 29, 24, 29, 24] ⟨12, ⋯⟩ - 22) ∧
    (-if ⟨12, ⋯⟩ = ⟨23, ⋯⟩ then 1 else 0) <
      512 ^
          (![24, 24, 24, 24, 24, 24, 24, 24, 24, 38, 24, 38, 24, 46, 24, 29, 24, 29, 24, 29, 24, 29, 24] ⟨12, ⋯⟩ - 22) +
        if ⟨12, ⋯⟩ = ⟨22, ⋯⟩ then 1 else 0

case «12».«13»
⊢ ((if ⟨13, ⋯⟩ = ⟨22, ⋯⟩ then 1 else 0) + if ⟨13, ⋯⟩ = ⟨23, ⋯⟩ then 1 else 0) <
      512 ^
        (![24, 24, 24, 24, 24, 24, 24, 24, 24, 38, 24, 38, 24, 46, 24, 29, 24, 29, 24, 29, 24, 29, 24] ⟨12, ⋯⟩ - 22) ∧
    (-if ⟨13, ⋯⟩ = ⟨23, ⋯⟩ then 1 else 0) <
      512 ^
          (![24, 24, 24, 24, 24, 24, 24, 24, 24, 38, 24, 38, 24, 46, 24, 29, 24, 29, 24, 29, 24, 29, 24] ⟨12, ⋯⟩ - 22) +
        if ⟨13, ⋯⟩ = ⟨22, ⋯⟩ then 1 else 0

case «12».«14»
⊢ ((if ⟨14, ⋯⟩ = ⟨22, ⋯⟩ then 1 else 0) + if ⟨14, ⋯⟩ = ⟨23, ⋯⟩ then 1 else 0) <
      512 ^
        (![24, 24, 24, 24, 24, 24, 24, 24, 24, 38, 24, 38, 24, 46, 24, 29, 24, 29, 24, 29, 24, 29, 24] ⟨12, ⋯⟩ - 22) ∧
    (-if ⟨14, ⋯⟩ = ⟨23, ⋯⟩ then 1 else 0) <
      512 ^
          (![24, 24, 24, 24, 24, 24, 24, 24, 24, 38, 24, 38, 24, 46, 24, 29, 24, 29, 24, 29, 24, 29, 24] ⟨12, ⋯⟩ - 22) +
        if ⟨14, ⋯⟩ = ⟨22, ⋯⟩ then 1 else 0

case «12».«15»
⊢ ((if ⟨15, ⋯⟩ = ⟨22, ⋯⟩ then 1 else 0) + if ⟨15, ⋯⟩ = ⟨23, ⋯⟩ then 1 else 0) <
      512 ^
        (![24, 24, 24, 24, 24, 24, 24, 24, 24, 38, 24, 38, 24, 46, 24, 29, 24, 29, 24, 29, 24, 29, 24] ⟨12, ⋯⟩ - 22) ∧
    (-if ⟨15, ⋯⟩ = ⟨23, ⋯⟩ then 1 else 0) <
      512 ^
          (![24, 24, 24, 24, 24, 24, 24, 24, 24, 38, 24, 38, 24, 46, 24, 29, 24, 29, 24, 29, 24, 29, 24] ⟨12, ⋯⟩ - 22) +
        if ⟨15, ⋯⟩ = ⟨22, ⋯⟩ then 1 else 0

case «12».«16»
⊢ ((if ⟨16, ⋯⟩ = ⟨22, ⋯⟩ then 1 else 0) + if ⟨16, ⋯⟩ = ⟨23, ⋯⟩ then 1 else 0) <
      512 ^
        (![24, 24, 24, 24, 24, 24, 24, 24, 24, 38, 24, 38, 24, 46, 24, 29, 24, 29, 24, 29, 24, 29, 24] ⟨12, ⋯⟩ - 22) ∧
    (-if ⟨16, ⋯⟩ = ⟨23, ⋯⟩ then 1 else 0) <
      512 ^
          (![24, 24, 24, 24, 24, 24, 24, 24, 24, 38, 24, 38, 24, 46, 24, 29, 24, 29, 24, 29, 24, 29, 24] ⟨12, ⋯⟩ - 22) +
        if ⟨16, ⋯⟩ = ⟨22, ⋯⟩ then 1 else 0

case «12».«17»
⊢ ((if ⟨17, ⋯⟩ = ⟨22, ⋯⟩ then 1 else 0) + if ⟨17, ⋯⟩ = ⟨23, ⋯⟩ then 1 else 0) <
      512 ^
        (![24, 24, 24, 24, 24, 24, 24, 24, 24, 38, 24, 38, 24, 46, 24, 29, 24, 29, 24, 29, 24, 29, 24] ⟨12, ⋯⟩ - 22) ∧
    (-if ⟨17, ⋯⟩ = ⟨23, ⋯⟩ then 1 else 0) <
      512 ^
          (![24, 24, 24, 24, 24, 24, 24, 24, 24, 38, 24, 38, 24, 46, 24, 29, 24, 29, 24, 29, 24, 29, 24] ⟨12, ⋯⟩ - 22) +
        if ⟨17, ⋯⟩ = ⟨22, ⋯⟩ then 1 else 0

case «12».«18»
⊢ ((if ⟨18, ⋯⟩ = ⟨22, ⋯⟩ then 1 else 0) + if ⟨18, ⋯⟩ = ⟨23, ⋯⟩ then 1 else 0) <
      512 ^
        (![24, 24, 24, 24, 24, 24, 24, 24, 24, 38, 24, 38, 24, 46, 24, 29, 24, 29, 24, 29, 24, 29, 24] ⟨12, ⋯⟩ - 22) ∧
    (-if ⟨18, ⋯⟩ = ⟨23, ⋯⟩ then 1 else 0) <
      512 ^
          (![24, 24, 24, 24, 24, 24, 24, 24, 24, 38, 24, 38, 24, 46, 24, 29, 24, 29, 24, 29, 24, 29, 24] ⟨12, ⋯⟩ - 22) +
        if ⟨18, ⋯⟩ = ⟨22, ⋯⟩ then 1 else 0

case «12».«19»
⊢ ((if ⟨19, ⋯⟩ = ⟨22, ⋯⟩ then 1 else 0) + if ⟨19, ⋯⟩ = ⟨23, ⋯⟩ then 1 else 0) <
      512 ^
        (![24, 24, 24, 24, 24, 24, 24, 24, 24, 38, 24, 38, 24, 46, 24, 29, 24, 29, 24, 29, 24, 29, 24] ⟨12, ⋯⟩ - 22) ∧
    (-if ⟨19, ⋯⟩ = ⟨23, ⋯⟩ then 1 else 0) <
      512 ^
          (![24, 24, 24, 24, 24, 24, 24, 24, 24, 38, 24, 38, 24, 46, 24, 29, 24, 29, 24, 29, 24, 29, 24] ⟨12, ⋯⟩ - 22) +
        if ⟨19, ⋯⟩ = ⟨22, ⋯⟩ then 1 else 0

case «12».«20»
⊢ ((if ⟨20, ⋯⟩ = ⟨22, ⋯⟩ then 1 else 0) + if ⟨20, ⋯⟩ = ⟨23, ⋯⟩ then 1 else 0) <
      512 ^
        (![24, 24, 24, 24, 24, 24, 24, 24, 24, 38, 24, 38, 24, 46, 24, 29, 24, 29, 24, 29, 24, 29, 24] ⟨12, ⋯⟩ - 22) ∧
    (-if ⟨20, ⋯⟩ = ⟨23, ⋯⟩ then 1 else 0) <
      512 ^
          (![24, 24, 24, 24, 24, 24, 24, 24, 24, 38, 24, 38, 24, 46, 24, 29, 24, 29, 24, 29, 24, 29, 24] ⟨12, ⋯⟩ - 22) +
        if ⟨20, ⋯⟩ = ⟨22, ⋯⟩ then 1 else 0

case «12».«21»
⊢ ((if ⟨21, ⋯⟩ = ⟨22, ⋯⟩ then 1 else 0) + if ⟨21, ⋯⟩ = ⟨23, ⋯⟩ then 1 else 0) <
      512 ^
        (![24, 24, 24, 24, 24, 24, 24, 24, 24, 38, 24, 38, 24, 46, 24, 29, 24, 29, 24, 29, 24, 29, 24] ⟨12, ⋯⟩ - 22) ∧
    (-if ⟨21, ⋯⟩ = ⟨23, ⋯⟩ then 1 else 0) <
      512 ^
          (![24, 24, 24, 24, 24, 24, 24, 24, 24, 38, 24, 38, 24, 46, 24, 29, 24, 29, 24, 29, 24, 29, 24] ⟨12, ⋯⟩ - 22) +
        if ⟨21, ⋯⟩ = ⟨22, ⋯⟩ then 1 else 0

case «12».«22»
⊢ ((if ⟨22, ⋯⟩ = ⟨22, ⋯⟩ then 1 else 0) + if ⟨22, ⋯⟩ = ⟨23, ⋯⟩ then 1 else 0) <
      512 ^
        (![24, 24, 24, 24, 24, 24, 24, 24, 24, 38, 24, 38, 24, 46, 24, 29, 24, 29, 24, 29, 24, 29, 24] ⟨12, ⋯⟩ - 22) ∧
    (-if ⟨22, ⋯⟩ = ⟨23, ⋯⟩ then 1 else 0) <
      512 ^
          (![24, 24, 24, 24, 24, 24, 24, 24, 24, 38, 24, 38, 24, 46, 24, 29, 24, 29, 24, 29, 24, 29, 24] ⟨12, ⋯⟩ - 22) +
        if ⟨22, ⋯⟩ = ⟨22, ⋯⟩ then 1 else 0

case «12».«23»
⊢ ((if ⟨23, ⋯⟩ = ⟨22, ⋯⟩ then 1 else 0) + if ⟨23, ⋯⟩ = ⟨23, ⋯⟩ then 1 else 0) <
      512 ^
        (![24, 24, 24, 24, 24, 24, 24, 24, 24, 38, 24, 38, 24, 46, 24, 29, 24, 29, 24, 29, 24, 29, 24] ⟨12, ⋯⟩ - 22) ∧
    (-if ⟨23, ⋯⟩ = ⟨23, ⋯⟩ then 1 else 0) <
      512 ^
          (![24, 24, 24, 24, 24, 24, 24, 24, 24, 38, 24, 38, 24, 46, 24, 29, 24, 29, 24, 29, 24, 29, 24] ⟨12, ⋯⟩ - 22) +
        if ⟨23, ⋯⟩ = ⟨22, ⋯⟩ then 1 else 0

case «12».«24»
⊢ ((if ⟨24, ⋯⟩ = ⟨22, ⋯⟩ then 1 else 0) + if ⟨24, ⋯⟩ = ⟨23, ⋯⟩ then 1 else 0) <
      512 ^
        (![24, 24, 24, 24, 24, 24, 24, 24, 24, 38, 24, 38, 24, 46, 24, 29, 24, 29, 24, 29, 24, 29, 24] ⟨12, ⋯⟩ - 22) ∧
    (-if ⟨24, ⋯⟩ = ⟨23, ⋯⟩ then 1 else 0) <
      512 ^
          (![24, 24, 24, 24, 24, 24, 24, 24, 24, 38, 24, 38, 24, 46, 24, 29, 24, 29, 24, 29, 24, 29, 24] ⟨12, ⋯⟩ - 22) +
        if ⟨24, ⋯⟩ = ⟨22, ⋯⟩ then 1 else 0

case «12».«25»
⊢ ((if ⟨25, ⋯⟩ = ⟨22, ⋯⟩ then 1 else 0) + if ⟨25, ⋯⟩ = ⟨23, ⋯⟩ then 1 else 0) <
      512 ^
        (![24, 24, 24, 24, 24, 24, 24, 24, 24, 38, 24, 38, 24, 46, 24, 29, 24, 29, 24, 29, 24, 29, 24] ⟨12, ⋯⟩ - 22) ∧
    (-if ⟨25, ⋯⟩ = ⟨23, ⋯⟩ then 1 else 0) <
      512 ^
          (![24, 24, 24, 24, 24, 24, 24, 24, 24, 38, 24, 38, 24, 46, 24, 29, 24, 29, 24, 29, 24, 29, 24] ⟨12, ⋯⟩ - 22) +
        if ⟨25, ⋯⟩ = ⟨22, ⋯⟩ then 1 else 0

case «12».«26»
⊢ ((if ⟨26, ⋯⟩ = ⟨22, ⋯⟩ then 1 else 0) + if ⟨26, ⋯⟩ = ⟨23, ⋯⟩ then 1 else 0) <
      512 ^
        (![24, 24, 24, 24, 24, 24, 24, 24, 24, 38, 24, 38, 24, 46, 24, 29, 24, 29, 24, 29, 24, 29, 24] ⟨12, ⋯⟩ - 22) ∧
    (-if ⟨26, ⋯⟩ = ⟨23, ⋯⟩ then 1 else 0) <
      512 ^
          (![24, 24, 24, 24, 24, 24, 24, 24, 24, 38, 24, 38, 24, 46, 24, 29, 24, 29, 24, 29, 24, 29, 24] ⟨12, ⋯⟩ - 22) +
        if ⟨26, ⋯⟩ = ⟨22, ⋯⟩ then 1 else 0

case «12».«27»
⊢ ((if ⟨27, ⋯⟩ = ⟨22, ⋯⟩ then 1 else 0) + if ⟨27, ⋯⟩ = ⟨23, ⋯⟩ then 1 else 0) <
      512 ^
        (![24, 24, 24, 24, 24, 24, 24, 24, 24, 38, 24, 38, 24, 46, 24, 29, 24, 29, 24, 29, 24, 29, 24] ⟨12, ⋯⟩ - 22) ∧
    (-if ⟨27, ⋯⟩ = ⟨23, ⋯⟩ then 1 else 0) <
      512 ^
          (![24, 24, 24, 24, 24, 24, 24, 24, 24, 38, 24, 38, 24, 46, 24, 29, 24, 29, 24, 29, 24, 29, 24] ⟨12, ⋯⟩ - 22) +
        if ⟨27, ⋯⟩ = ⟨22, ⋯⟩ then 1 else 0

case «12».«28»
⊢ ((if ⟨28, ⋯⟩ = ⟨22, ⋯⟩ then 1 else 0) + if ⟨28, ⋯⟩ = ⟨23, ⋯⟩ then 1 else 0) <
      512 ^
        (![24, 24, 24, 24, 24, 24, 24, 24, 24, 38, 24, 38, 24, 46, 24, 29, 24, 29, 24, 29, 24, 29, 24] ⟨12, ⋯⟩ - 22) ∧
    (-if ⟨28, ⋯⟩ = ⟨23, ⋯⟩ then 1 else 0) <
      512 ^
          (![24, 24, 24, 24, 24, 24, 24, 24, 24, 38, 24, 38, 24, 46, 24, 29, 24, 29, 24, 29, 24, 29, 24] ⟨12, ⋯⟩ - 22) +
        if ⟨28, ⋯⟩ = ⟨22, ⋯⟩ then 1 else 0

case «12».«29»
⊢ ((if ⟨29, ⋯⟩ = ⟨22, ⋯⟩ then 1 else 0) + if ⟨29, ⋯⟩ = ⟨23, ⋯⟩ then 1 else 0) <
      512 ^
        (![24, 24, 24, 24, 24, 24, 24, 24, 24, 38, 24, 38, 24, 46, 24, 29, 24, 29, 24, 29, 24, 29, 24] ⟨12, ⋯⟩ - 22) ∧
    (-if ⟨29, ⋯⟩ = ⟨23, ⋯⟩ then 1 else 0) <
      512 ^
          (![24, 24, 24, 24, 24, 24, 24, 24, 24, 38, 24, 38, 24, 46, 24, 29, 24, 29, 24, 29, 24, 29, 24] ⟨12, ⋯⟩ - 22) +
        if ⟨29, ⋯⟩ = ⟨22, ⋯⟩ then 1 else 0

case «12».«30»
⊢ ((if ⟨30, ⋯⟩ = ⟨22, ⋯⟩ then 1 else 0) + if ⟨30, ⋯⟩ = ⟨23, ⋯⟩ then 1 else 0) <
      512 ^
        (![24, 24, 24, 24, 24, 24, 24, 24, 24, 38, 24, 38, 24, 46, 24, 29, 24, 29, 24, 29, 24, 29, 24] ⟨12, ⋯⟩ - 22) ∧
    (-if ⟨30, ⋯⟩ = ⟨23, ⋯⟩ then 1 else 0) <
      512 ^
          (![24, 24, 24, 24, 24, 24, 24, 24, 24, 38, 24, 38, 24, 46, 24, 29, 24, 29, 24, 29, 24, 29, 24] ⟨12, ⋯⟩ - 22) +
        if ⟨30, ⋯⟩ = ⟨22, ⋯⟩ then 1 else 0

case «12».«31»
⊢ ((if ⟨31, ⋯⟩ = ⟨22, ⋯⟩ then 1 else 0) + if ⟨31, ⋯⟩ = ⟨23, ⋯⟩ then 1 else 0) <
      512 ^
        (![24, 24, 24, 24, 24, 24, 24, 24, 24, 38, 24, 38, 24, 46, 24, 29, 24, 29, 24, 29, 24, 29, 24] ⟨12, ⋯⟩ - 22) ∧
    (-if ⟨31, ⋯⟩ = ⟨23, ⋯⟩ then 1 else 0) <
      512 ^
          (![24, 24, 24, 24, 24, 24, 24, 24, 24, 38, 24, 38, 24, 46, 24, 29, 24, 29, 24, 29, 24, 29, 24] ⟨12, ⋯⟩ - 22) +
        if ⟨31, ⋯⟩ = ⟨22, ⋯⟩ then 1 else 0

case «12».«32»
⊢ ((if ⟨32, ⋯⟩ = ⟨22, ⋯⟩ then 1 else 0) + if ⟨32, ⋯⟩ = ⟨23, ⋯⟩ then 1 else 0) <
      512 ^
        (![24, 24, 24, 24, 24, 24, 24, 24, 24, 38, 24, 38, 24, 46, 24, 29, 24, 29, 24, 29, 24, 29, 24] ⟨12, ⋯⟩ - 22) ∧
    (-if ⟨32, ⋯⟩ = ⟨23, ⋯⟩ then 1 else 0) <
      512 ^
          (![24, 24, 24, 24, 24, 24, 24, 24, 24, 38, 24, 38, 24, 46, 24, 29, 24, 29, 24, 29, 24, 29, 24] ⟨12, ⋯⟩ - 22) +
        if ⟨32, ⋯⟩ = ⟨22, ⋯⟩ then 1 else 0

case «12».«33»
⊢ ((if ⟨33, ⋯⟩ = ⟨22, ⋯⟩ then 1 else 0) + if ⟨33, ⋯⟩ = ⟨23, ⋯⟩ then 1 else 0) <
      512 ^
        (![24, 24, 24, 24, 24, 24, 24, 24, 24, 38, 24, 38, 24, 46, 24, 29, 24, 29, 24, 29, 24, 29, 24] ⟨12, ⋯⟩ - 22) ∧
    (-if ⟨33, ⋯⟩ = ⟨23, ⋯⟩ then 1 else 0) <
      512 ^
          (![24, 24, 24, 24, 24, 24, 24, 24, 24, 38, 24, 38, 24, 46, 24, 29, 24, 29, 24, 29, 24, 29, 24] ⟨12, ⋯⟩ - 22) +
        if ⟨33, ⋯⟩ = ⟨22, ⋯⟩ then 1 else 0

case «12».«34»
⊢ ((if ⟨34, ⋯⟩ = ⟨22, ⋯⟩ then 1 else 0) + if ⟨34, ⋯⟩ = ⟨23, ⋯⟩ then 1 else 0) <
      512 ^
        (![24, 24, 24, 24, 24, 24, 24, 24, 24, 38, 24, 38, 24, 46, 24, 29, 24, 29, 24, 29, 24, 29, 24] ⟨12, ⋯⟩ - 22) ∧
    (-if ⟨34, ⋯⟩ = ⟨23, ⋯⟩ then 1 else 0) <
      512 ^
          (![24, 24, 24, 24, 24, 24, 24, 24, 24, 38, 24, 38, 24, 46, 24, 29, 24, 29, 24, 29, 24, 29, 24] ⟨12, ⋯⟩ - 22) +
        if ⟨34, ⋯⟩ = ⟨22, ⋯⟩ then 1 else 0

case «12».«35»
⊢ ((if ⟨35, ⋯⟩ = ⟨22, ⋯⟩ then 1 else 0) + if ⟨35, ⋯⟩ = ⟨23, ⋯⟩ then 1 else 0) <
      512 ^
        (![24, 24, 24, 24, 24, 24, 24, 24, 24, 38, 24, 38, 24, 46, 24, 29, 24, 29, 24, 29, 24, 29, 24] ⟨12, ⋯⟩ - 22) ∧
    (-if ⟨35, ⋯⟩ = ⟨23, ⋯⟩ then 1 else 0) <
      512 ^
          (![24, 24, 24, 24, 24, 24, 24, 24, 24, 38, 24, 38, 24, 46, 24, 29, 24, 29, 24, 29, 24, 29, 24] ⟨12, ⋯⟩ - 22) +
        if ⟨35, ⋯⟩ = ⟨22, ⋯⟩ then 1 else 0

case «12».«36»
⊢ ((if ⟨36, ⋯⟩ = ⟨22, ⋯⟩ then 1 else 0) + if ⟨36, ⋯⟩ = ⟨23, ⋯⟩ then 1 else 0) <
      512 ^
        (![24, 24, 24, 24, 24, 24, 24, 24, 24, 38, 24, 38, 24, 46, 24, 29, 24, 29, 24, 29, 24, 29, 24] ⟨12, ⋯⟩ - 22) ∧
    (-if ⟨36, ⋯⟩ = ⟨23, ⋯⟩ then 1 else 0) <
      512 ^
          (![24, 24, 24, 24, 24, 24, 24, 24, 24, 38, 24, 38, 24, 46, 24, 29, 24, 29, 24, 29, 24, 29, 24] ⟨12, ⋯⟩ - 22) +
        if ⟨36, ⋯⟩ = ⟨22, ⋯⟩ then 1 else 0

case «12».«37»
⊢ ((if ⟨37, ⋯⟩ = ⟨22, ⋯⟩ then 1 else 0) + if ⟨37, ⋯⟩ = ⟨23, ⋯⟩ then 1 else 0) <
      512 ^
        (![24, 24, 24, 24, 24, 24, 24, 24, 24, 38, 24, 38, 24, 46, 24, 29, 24, 29, 24, 29, 24, 29, 24] ⟨12, ⋯⟩ - 22) ∧
    (-if ⟨37, ⋯⟩ = ⟨23, ⋯⟩ then 1 else 0) <
      512 ^
          (![24, 24, 24, 24, 24, 24, 24, 24, 24, 38, 24, 38, 24, 46, 24, 29, 24, 29, 24, 29, 24, 29, 24] ⟨12, ⋯⟩ - 22) +
        if ⟨37, ⋯⟩ = ⟨22, ⋯⟩ then 1 else 0

case «12».«38»
⊢ ((if ⟨38, ⋯⟩ = ⟨22, ⋯⟩ then 1 else 0) + if ⟨38, ⋯⟩ = ⟨23, ⋯⟩ then 1 else 0) <
      512 ^
        (![24, 24, 24, 24, 24, 24, 24, 24, 24, 38, 24, 38, 24, 46, 24, 29, 24, 29, 24, 29, 24, 29, 24] ⟨12, ⋯⟩ - 22) ∧
    (-if ⟨38, ⋯⟩ = ⟨23, ⋯⟩ then 1 else 0) <
      512 ^
          (![24, 24, 24, 24, 24, 24, 24, 24, 24, 38, 24, 38, 24, 46, 24, 29, 24, 29, 24, 29, 24, 29, 24] ⟨12, ⋯⟩ - 22) +
        if ⟨38, ⋯⟩ = ⟨22, ⋯⟩ then 1 else 0

case «13».«0»
⊢ (((if ⟨0, ⋯⟩ = ⟨0, ⋯⟩ then 1535097889230980652050155379269610615631018586457153232186336 else 0) +
              ((if ⟨0, ⋯⟩ = ⟨1, ⋯⟩ then 190912212895560237323709081460011468417886698937689408761221 else 0) +
                ((if ⟨0, ⋯⟩ = ⟨2, ⋯⟩ then 618786041258804908447457396686492883899388767448874179277885 else 0) +
                  ((if ⟨0, ⋯⟩ = ⟨3, ⋯⟩ then 464430110441043401102762325210005366396131447824338599181938 else 0) +
                    ((if ⟨0, ⋯⟩ = ⟨4, ⋯⟩ then 1583879869042979040058862001724753309599103428087730154722882 else 0) +
                      ((if ⟨0, ⋯⟩ = ⟨5, ⋯⟩ then 1400070462753430720352396059884863926591487685693929134614351 else 0) +
                        ((if ⟨0, ⋯⟩ = ⟨6, ⋯⟩ then 168846812639502040874424905035226945680858012035860369649544 else 0) +
                          ((if ⟨0, ⋯⟩ = ⟨7, ⋯⟩ then 1438767033088100244728664879689866584553574833781248937459679
                            else 0) +
                            if ⟨0, ⋯⟩ = ⟨8, ⋯⟩ then 295572421022148107387365359962275765841347054642257937431270
                            else 0))))))) +
            if ⟨0, ⋯⟩ = ⟨18, ⋯⟩ then -1522356203033901467723972540862214784610026447382568305388796 else 0) +
          if ⟨0, ⋯⟩ = ⟨21, ⋯⟩ then 1 else 0) +
        ((-if ⟨0, ⋯⟩ = ⟨24, ⋯⟩ then 1 else 0) +
          -if ⟨0, ⋯⟩ = ⟨26, ⋯⟩ then 1606938040236943481429907225474247728170690725378808731729921 else 0) <
      512 ^
        (![24, 24, 24, 24, 24, 24, 24, 24, 24, 38, 24, 38, 24, 46, 24, 29, 24, 29, 24, 29, 24, 29, 24] ⟨13, ⋯⟩ - 22) ∧
    ((if ⟨0, ⋯⟩ = ⟨26, ⋯⟩ then 1606938040236943481429907225474247728170690725378808731729921 else 0) +
          if ⟨0, ⋯⟩ = ⟨24, ⋯⟩ then 1 else 0) +
        ((-if ⟨0, ⋯⟩ = ⟨21, ⋯⟩ then 1 else 0) +
          ((-if ⟨0, ⋯⟩ = ⟨18, ⋯⟩ then -1522356203033901467723972540862214784610026447382568305388796 else 0) +
            (((((((((-if ⟨0, ⋯⟩ = ⟨8, ⋯⟩ then 295572421022148107387365359962275765841347054642257937431270 else 0) +
                            -if ⟨0, ⋯⟩ = ⟨7, ⋯⟩ then 1438767033088100244728664879689866584553574833781248937459679
                              else 0) +
                          -if ⟨0, ⋯⟩ = ⟨6, ⋯⟩ then 168846812639502040874424905035226945680858012035860369649544
                            else 0) +
                        -if ⟨0, ⋯⟩ = ⟨5, ⋯⟩ then 1400070462753430720352396059884863926591487685693929134614351 else 0) +
                      -if ⟨0, ⋯⟩ = ⟨4, ⋯⟩ then 1583879869042979040058862001724753309599103428087730154722882 else 0) +
                    -if ⟨0, ⋯⟩ = ⟨3, ⋯⟩ then 464430110441043401102762325210005366396131447824338599181938 else 0) +
                  -if ⟨0, ⋯⟩ = ⟨2, ⋯⟩ then 618786041258804908447457396686492883899388767448874179277885 else 0) +
                -if ⟨0, ⋯⟩ = ⟨1, ⋯⟩ then 190912212895560237323709081460011468417886698937689408761221 else 0) +
              -if ⟨0, ⋯⟩ = ⟨0, ⋯⟩ then 1535097889230980652050155379269610615631018586457153232186336 else 0))) <
      512 ^ (![24, 24, 24, 24, 24, 24, 24, 24, 24, 38, 24, 38, 24, 46, 24, 29, 24, 29, 24, 29, 24, 29, 24] ⟨13, ⋯⟩ - 22)

case «13».«1»
⊢ (((if ⟨1, ⋯⟩ = ⟨0, ⋯⟩ then 1535097889230980652050155379269610615631018586457153232186336 else 0) +
              ((if ⟨1, ⋯⟩ = ⟨1, ⋯⟩ then 190912212895560237323709081460011468417886698937689408761221 else 0) +
                ((if ⟨1, ⋯⟩ = ⟨2, ⋯⟩ then 618786041258804908447457396686492883899388767448874179277885 else 0) +
                  ((if ⟨1, ⋯⟩ = ⟨3, ⋯⟩ then 464430110441043401102762325210005366396131447824338599181938 else 0) +
                    ((if ⟨1, ⋯⟩ = ⟨4, ⋯⟩ then 1583879869042979040058862001724753309599103428087730154722882 else 0) +
                      ((if ⟨1, ⋯⟩ = ⟨5, ⋯⟩ then 1400070462753430720352396059884863926591487685693929134614351 else 0) +
                        ((if ⟨1, ⋯⟩ = ⟨6, ⋯⟩ then 168846812639502040874424905035226945680858012035860369649544 else 0) +
                          ((if ⟨1, ⋯⟩ = ⟨7, ⋯⟩ then 1438767033088100244728664879689866584553574833781248937459679
                            else 0) +
                            if ⟨1, ⋯⟩ = ⟨8, ⋯⟩ then 295572421022148107387365359962275765841347054642257937431270
                            else 0))))))) +
            if ⟨1, ⋯⟩ = ⟨18, ⋯⟩ then -1522356203033901467723972540862214784610026447382568305388796 else 0) +
          if ⟨1, ⋯⟩ = ⟨21, ⋯⟩ then 1 else 0) +
        ((-if ⟨1, ⋯⟩ = ⟨24, ⋯⟩ then 1 else 0) +
          -if ⟨1, ⋯⟩ = ⟨26, ⋯⟩ then 1606938040236943481429907225474247728170690725378808731729921 else 0) <
      512 ^
        (![24, 24, 24, 24, 24, 24, 24, 24, 24, 38, 24, 38, 24, 46, 24, 29, 24, 29, 24, 29, 24, 29, 24] ⟨13, ⋯⟩ - 22) ∧
    ((if ⟨1, ⋯⟩ = ⟨26, ⋯⟩ then 1606938040236943481429907225474247728170690725378808731729921 else 0) +
          if ⟨1, ⋯⟩ = ⟨24, ⋯⟩ then 1 else 0) +
        ((-if ⟨1, ⋯⟩ = ⟨21, ⋯⟩ then 1 else 0) +
          ((-if ⟨1, ⋯⟩ = ⟨18, ⋯⟩ then -1522356203033901467723972540862214784610026447382568305388796 else 0) +
            (((((((((-if ⟨1, ⋯⟩ = ⟨8, ⋯⟩ then 295572421022148107387365359962275765841347054642257937431270 else 0) +
                            -if ⟨1, ⋯⟩ = ⟨7, ⋯⟩ then 1438767033088100244728664879689866584553574833781248937459679
                              else 0) +
                          -if ⟨1, ⋯⟩ = ⟨6, ⋯⟩ then 168846812639502040874424905035226945680858012035860369649544
                            else 0) +
                        -if ⟨1, ⋯⟩ = ⟨5, ⋯⟩ then 1400070462753430720352396059884863926591487685693929134614351 else 0) +
                      -if ⟨1, ⋯⟩ = ⟨4, ⋯⟩ then 1583879869042979040058862001724753309599103428087730154722882 else 0) +
                    -if ⟨1, ⋯⟩ = ⟨3, ⋯⟩ then 464430110441043401102762325210005366396131447824338599181938 else 0) +
                  -if ⟨1, ⋯⟩ = ⟨2, ⋯⟩ then 618786041258804908447457396686492883899388767448874179277885 else 0) +
                -if ⟨1, ⋯⟩ = ⟨1, ⋯⟩ then 190912212895560237323709081460011468417886698937689408761221 else 0) +
              -if ⟨1, ⋯⟩ = ⟨0, ⋯⟩ then 1535097889230980652050155379269610615631018586457153232186336 else 0))) <
      512 ^ (![24, 24, 24, 24, 24, 24, 24, 24, 24, 38, 24, 38, 24, 46, 24, 29, 24, 29, 24, 29, 24, 29, 24] ⟨13, ⋯⟩ - 22)

case «13».«2»
⊢ (((if ⟨2, ⋯⟩ = ⟨0, ⋯⟩ then 1535097889230980652050155379269610615631018586457153232186336 else 0) +
              ((if ⟨2, ⋯⟩ = ⟨1, ⋯⟩ then 190912212895560237323709081460011468417886698937689408761221 else 0) +
                ((if ⟨2, ⋯⟩ = ⟨2, ⋯⟩ then 618786041258804908447457396686492883899388767448874179277885 else 0) +
                  ((if ⟨2, ⋯⟩ = ⟨3, ⋯⟩ then 464430110441043401102762325210005366396131447824338599181938 else 0) +
                    ((if ⟨2, ⋯⟩ = ⟨4, ⋯⟩ then 1583879869042979040058862001724753309599103428087730154722882 else 0) +
                      ((if ⟨2, ⋯⟩ = ⟨5, ⋯⟩ then 1400070462753430720352396059884863926591487685693929134614351 else 0) +
                        ((if ⟨2, ⋯⟩ = ⟨6, ⋯⟩ then 168846812639502040874424905035226945680858012035860369649544 else 0) +
                          ((if ⟨2, ⋯⟩ = ⟨7, ⋯⟩ then 1438767033088100244728664879689866584553574833781248937459679
                            else 0) +
                            if ⟨2, ⋯⟩ = ⟨8, ⋯⟩ then 295572421022148107387365359962275765841347054642257937431270
                            else 0))))))) +
            if ⟨2, ⋯⟩ = ⟨18, ⋯⟩ then -1522356203033901467723972540862214784610026447382568305388796 else 0) +
          if ⟨2, ⋯⟩ = ⟨21, ⋯⟩ then 1 else 0) +
        ((-if ⟨2, ⋯⟩ = ⟨24, ⋯⟩ then 1 else 0) +
          -if ⟨2, ⋯⟩ = ⟨26, ⋯⟩ then 1606938040236943481429907225474247728170690725378808731729921 else 0) <
      512 ^
        (![24, 24, 24, 24, 24, 24, 24, 24, 24, 38, 24, 38, 24, 46, 24, 29, 24, 29, 24, 29, 24, 29, 24] ⟨13, ⋯⟩ - 22) ∧
    ((if ⟨2, ⋯⟩ = ⟨26, ⋯⟩ then 1606938040236943481429907225474247728170690725378808731729921 else 0) +
          if ⟨2, ⋯⟩ = ⟨24, ⋯⟩ then 1 else 0) +
        ((-if ⟨2, ⋯⟩ = ⟨21, ⋯⟩ then 1 else 0) +
          ((-if ⟨2, ⋯⟩ = ⟨18, ⋯⟩ then -1522356203033901467723972540862214784610026447382568305388796 else 0) +
            (((((((((-if ⟨2, ⋯⟩ = ⟨8, ⋯⟩ then 295572421022148107387365359962275765841347054642257937431270 else 0) +
                            -if ⟨2, ⋯⟩ = ⟨7, ⋯⟩ then 1438767033088100244728664879689866584553574833781248937459679
                              else 0) +
                          -if ⟨2, ⋯⟩ = ⟨6, ⋯⟩ then 168846812639502040874424905035226945680858012035860369649544
                            else 0) +
                        -if ⟨2, ⋯⟩ = ⟨5, ⋯⟩ then 1400070462753430720352396059884863926591487685693929134614351 else 0) +
                      -if ⟨2, ⋯⟩ = ⟨4, ⋯⟩ then 1583879869042979040058862001724753309599103428087730154722882 else 0) +
                    -if ⟨2, ⋯⟩ = ⟨3, ⋯⟩ then 464430110441043401102762325210005366396131447824338599181938 else 0) +
                  -if ⟨2, ⋯⟩ = ⟨2, ⋯⟩ then 618786041258804908447457396686492883899388767448874179277885 else 0) +
                -if ⟨2, ⋯⟩ = ⟨1, ⋯⟩ then 190912212895560237323709081460011468417886698937689408761221 else 0) +
              -if ⟨2, ⋯⟩ = ⟨0, ⋯⟩ then 1535097889230980652050155379269610615631018586457153232186336 else 0))) <
      512 ^ (![24, 24, 24, 24, 24, 24, 24, 24, 24, 38, 24, 38, 24, 46, 24, 29, 24, 29, 24, 29, 24, 29, 24] ⟨13, ⋯⟩ - 22)

case «13».«3»
⊢ (((if ⟨3, ⋯⟩ = ⟨0, ⋯⟩ then 1535097889230980652050155379269610615631018586457153232186336 else 0) +
              ((if ⟨3, ⋯⟩ = ⟨1, ⋯⟩ then 190912212895560237323709081460011468417886698937689408761221 else 0) +
                ((if ⟨3, ⋯⟩ = ⟨2, ⋯⟩ then 618786041258804908447457396686492883899388767448874179277885 else 0) +
                  ((if ⟨3, ⋯⟩ = ⟨3, ⋯⟩ then 464430110441043401102762325210005366396131447824338599181938 else 0) +
                    ((if ⟨3, ⋯⟩ = ⟨4, ⋯⟩ then 1583879869042979040058862001724753309599103428087730154722882 else 0) +
                      ((if ⟨3, ⋯⟩ = ⟨5, ⋯⟩ then 1400070462753430720352396059884863926591487685693929134614351 else 0) +
                        ((if ⟨3, ⋯⟩ = ⟨6, ⋯⟩ then 168846812639502040874424905035226945680858012035860369649544 else 0) +
                          ((if ⟨3, ⋯⟩ = ⟨7, ⋯⟩ then 1438767033088100244728664879689866584553574833781248937459679
                            else 0) +
                            if ⟨3, ⋯⟩ = ⟨8, ⋯⟩ then 295572421022148107387365359962275765841347054642257937431270
                            else 0))))))) +
            if ⟨3, ⋯⟩ = ⟨18, ⋯⟩ then -1522356203033901467723972540862214784610026447382568305388796 else 0) +
          if ⟨3, ⋯⟩ = ⟨21, ⋯⟩ then 1 else 0) +
        ((-if ⟨3, ⋯⟩ = ⟨24, ⋯⟩ then 1 else 0) +
          -if ⟨3, ⋯⟩ = ⟨26, ⋯⟩ then 1606938040236943481429907225474247728170690725378808731729921 else 0) <
      512 ^
        (![24, 24, 24, 24, 24, 24, 24, 24, 24, 38, 24, 38, 24, 46, 24, 29, 24, 29, 24, 29, 24, 29, 24] ⟨13, ⋯⟩ - 22) ∧
    ((if ⟨3, ⋯⟩ = ⟨26, ⋯⟩ then 1606938040236943481429907225474247728170690725378808731729921 else 0) +
          if ⟨3, ⋯⟩ = ⟨24, ⋯⟩ then 1 else 0) +
        ((-if ⟨3, ⋯⟩ = ⟨21, ⋯⟩ then 1 else 0) +
          ((-if ⟨3, ⋯⟩ = ⟨18, ⋯⟩ then -1522356203033901467723972540862214784610026447382568305388796 else 0) +
            (((((((((-if ⟨3, ⋯⟩ = ⟨8, ⋯⟩ then 295572421022148107387365359962275765841347054642257937431270 else 0) +
                            -if ⟨3, ⋯⟩ = ⟨7, ⋯⟩ then 1438767033088100244728664879689866584553574833781248937459679
                              else 0) +
                          -if ⟨3, ⋯⟩ = ⟨6, ⋯⟩ then 168846812639502040874424905035226945680858012035860369649544
                            else 0) +
                        -if ⟨3, ⋯⟩ = ⟨5, ⋯⟩ then 1400070462753430720352396059884863926591487685693929134614351 else 0) +
                      -if ⟨3, ⋯⟩ = ⟨4, ⋯⟩ then 1583879869042979040058862001724753309599103428087730154722882 else 0) +
                    -if ⟨3, ⋯⟩ = ⟨3, ⋯⟩ then 464430110441043401102762325210005366396131447824338599181938 else 0) +
                  -if ⟨3, ⋯⟩ = ⟨2, ⋯⟩ then 618786041258804908447457396686492883899388767448874179277885 else 0) +
                -if ⟨3, ⋯⟩ = ⟨1, ⋯⟩ then 190912212895560237323709081460011468417886698937689408761221 else 0) +
              -if ⟨3, ⋯⟩ = ⟨0, ⋯⟩ then 1535097889230980652050155379269610615631018586457153232186336 else 0))) <
      512 ^ (![24, 24, 24, 24, 24, 24, 24, 24, 24, 38, 24, 38, 24, 46, 24, 29, 24, 29, 24, 29, 24, 29, 24] ⟨13, ⋯⟩ - 22)

case «13».«4»
⊢ (((if ⟨4, ⋯⟩ = ⟨0, ⋯⟩ then 1535097889230980652050155379269610615631018586457153232186336 else 0) +
              ((if ⟨4, ⋯⟩ = ⟨1, ⋯⟩ then 190912212895560237323709081460011468417886698937689408761221 else 0) +
                ((if ⟨4, ⋯⟩ = ⟨2, ⋯⟩ then 618786041258804908447457396686492883899388767448874179277885 else 0) +
                  ((if ⟨4, ⋯⟩ = ⟨3, ⋯⟩ then 464430110441043401102762325210005366396131447824338599181938 else 0) +
                    ((if ⟨4, ⋯⟩ = ⟨4, ⋯⟩ then 1583879869042979040058862001724753309599103428087730154722882 else 0) +
                      ((if ⟨4, ⋯⟩ = ⟨5, ⋯⟩ then 1400070462753430720352396059884863926591487685693929134614351 else 0) +
                        ((if ⟨4, ⋯⟩ = ⟨6, ⋯⟩ then 168846812639502040874424905035226945680858012035860369649544 else 0) +
                          ((if ⟨4, ⋯⟩ = ⟨7, ⋯⟩ then 1438767033088100244728664879689866584553574833781248937459679
                            else 0) +
                            if ⟨4, ⋯⟩ = ⟨8, ⋯⟩ then 295572421022148107387365359962275765841347054642257937431270
                            else 0))))))) +
            if ⟨4, ⋯⟩ = ⟨18, ⋯⟩ then -1522356203033901467723972540862214784610026447382568305388796 else 0) +
          if ⟨4, ⋯⟩ = ⟨21, ⋯⟩ then 1 else 0) +
        ((-if ⟨4, ⋯⟩ = ⟨24, ⋯⟩ then 1 else 0) +
          -if ⟨4, ⋯⟩ = ⟨26, ⋯⟩ then 1606938040236943481429907225474247728170690725378808731729921 else 0) <
      512 ^
        (![24, 24, 24, 24, 24, 24, 24, 24, 24, 38, 24, 38, 24, 46, 24, 29, 24, 29, 24, 29, 24, 29, 24] ⟨13, ⋯⟩ - 22) ∧
    ((if ⟨4, ⋯⟩ = ⟨26, ⋯⟩ then 1606938040236943481429907225474247728170690725378808731729921 else 0) +
          if ⟨4, ⋯⟩ = ⟨24, ⋯⟩ then 1 else 0) +
        ((-if ⟨4, ⋯⟩ = ⟨21, ⋯⟩ then 1 else 0) +
          ((-if ⟨4, ⋯⟩ = ⟨18, ⋯⟩ then -1522356203033901467723972540862214784610026447382568305388796 else 0) +
            (((((((((-if ⟨4, ⋯⟩ = ⟨8, ⋯⟩ then 295572421022148107387365359962275765841347054642257937431270 else 0) +
                            -if ⟨4, ⋯⟩ = ⟨7, ⋯⟩ then 1438767033088100244728664879689866584553574833781248937459679
                              else 0) +
                          -if ⟨4, ⋯⟩ = ⟨6, ⋯⟩ then 168846812639502040874424905035226945680858012035860369649544
                            else 0) +
                        -if ⟨4, ⋯⟩ = ⟨5, ⋯⟩ then 1400070462753430720352396059884863926591487685693929134614351 else 0) +
                      -if ⟨4, ⋯⟩ = ⟨4, ⋯⟩ then 1583879869042979040058862001724753309599103428087730154722882 else 0) +
                    -if ⟨4, ⋯⟩ = ⟨3, ⋯⟩ then 464430110441043401102762325210005366396131447824338599181938 else 0) +
                  -if ⟨4, ⋯⟩ = ⟨2, ⋯⟩ then 618786041258804908447457396686492883899388767448874179277885 else 0) +
                -if ⟨4, ⋯⟩ = ⟨1, ⋯⟩ then 190912212895560237323709081460011468417886698937689408761221 else 0) +
              -if ⟨4, ⋯⟩ = ⟨0, ⋯⟩ then 1535097889230980652050155379269610615631018586457153232186336 else 0))) <
      512 ^ (![24, 24, 24, 24, 24, 24, 24, 24, 24, 38, 24, 38, 24, 46, 24, 29, 24, 29, 24, 29, 24, 29, 24] ⟨13, ⋯⟩ - 22)

case «13».«5»
⊢ (((if ⟨5, ⋯⟩ = ⟨0, ⋯⟩ then 1535097889230980652050155379269610615631018586457153232186336 else 0) +
              ((if ⟨5, ⋯⟩ = ⟨1, ⋯⟩ then 190912212895560237323709081460011468417886698937689408761221 else 0) +
                ((if ⟨5, ⋯⟩ = ⟨2, ⋯⟩ then 618786041258804908447457396686492883899388767448874179277885 else 0) +
                  ((if ⟨5, ⋯⟩ = ⟨3, ⋯⟩ then 464430110441043401102762325210005366396131447824338599181938 else 0) +
                    ((if ⟨5, ⋯⟩ = ⟨4, ⋯⟩ then 1583879869042979040058862001724753309599103428087730154722882 else 0) +
                      ((if ⟨5, ⋯⟩ = ⟨5, ⋯⟩ then 1400070462753430720352396059884863926591487685693929134614351 else 0) +
                        ((if ⟨5, ⋯⟩ = ⟨6, ⋯⟩ then 168846812639502040874424905035226945680858012035860369649544 else 0) +
                          ((if ⟨5, ⋯⟩ = ⟨7, ⋯⟩ then 1438767033088100244728664879689866584553574833781248937459679
                            else 0) +
                            if ⟨5, ⋯⟩ = ⟨8, ⋯⟩ then 295572421022148107387365359962275765841347054642257937431270
                            else 0))))))) +
            if ⟨5, ⋯⟩ = ⟨18, ⋯⟩ then -1522356203033901467723972540862214784610026447382568305388796 else 0) +
          if ⟨5, ⋯⟩ = ⟨21, ⋯⟩ then 1 else 0) +
        ((-if ⟨5, ⋯⟩ = ⟨24, ⋯⟩ then 1 else 0) +
          -if ⟨5, ⋯⟩ = ⟨26, ⋯⟩ then 1606938040236943481429907225474247728170690725378808731729921 else 0) <
      512 ^
        (![24, 24, 24, 24, 24, 24, 24, 24, 24, 38, 24, 38, 24, 46, 24, 29, 24, 29, 24, 29, 24, 29, 24] ⟨13, ⋯⟩ - 22) ∧
    ((if ⟨5, ⋯⟩ = ⟨26, ⋯⟩ then 1606938040236943481429907225474247728170690725378808731729921 else 0) +
          if ⟨5, ⋯⟩ = ⟨24, ⋯⟩ then 1 else 0) +
        ((-if ⟨5, ⋯⟩ = ⟨21, ⋯⟩ then 1 else 0) +
          ((-if ⟨5, ⋯⟩ = ⟨18, ⋯⟩ then -1522356203033901467723972540862214784610026447382568305388796 else 0) +
            (((((((((-if ⟨5, ⋯⟩ = ⟨8, ⋯⟩ then 295572421022148107387365359962275765841347054642257937431270 else 0) +
                            -if ⟨5, ⋯⟩ = ⟨7, ⋯⟩ then 1438767033088100244728664879689866584553574833781248937459679
                              else 0) +
                          -if ⟨5, ⋯⟩ = ⟨6, ⋯⟩ then 168846812639502040874424905035226945680858012035860369649544
                            else 0) +
                        -if ⟨5, ⋯⟩ = ⟨5, ⋯⟩ then 1400070462753430720352396059884863926591487685693929134614351 else 0) +
                      -if ⟨5, ⋯⟩ = ⟨4, ⋯⟩ then 1583879869042979040058862001724753309599103428087730154722882 else 0) +
                    -if ⟨5, ⋯⟩ = ⟨3, ⋯⟩ then 464430110441043401102762325210005366396131447824338599181938 else 0) +
                  -if ⟨5, ⋯⟩ = ⟨2, ⋯⟩ then 618786041258804908447457396686492883899388767448874179277885 else 0) +
                -if ⟨5, ⋯⟩ = ⟨1, ⋯⟩ then 190912212895560237323709081460011468417886698937689408761221 else 0) +
              -if ⟨5, ⋯⟩ = ⟨0, ⋯⟩ then 1535097889230980652050155379269610615631018586457153232186336 else 0))) <
      512 ^ (![24, 24, 24, 24, 24, 24, 24, 24, 24, 38, 24, 38, 24, 46, 24, 29, 24, 29, 24, 29, 24, 29, 24] ⟨13, ⋯⟩ - 22)

case «13».«6»
⊢ (((if ⟨6, ⋯⟩ = ⟨0, ⋯⟩ then 1535097889230980652050155379269610615631018586457153232186336 else 0) +
              ((if ⟨6, ⋯⟩ = ⟨1, ⋯⟩ then 190912212895560237323709081460011468417886698937689408761221 else 0) +
                ((if ⟨6, ⋯⟩ = ⟨2, ⋯⟩ then 618786041258804908447457396686492883899388767448874179277885 else 0) +
                  ((if ⟨6, ⋯⟩ = ⟨3, ⋯⟩ then 464430110441043401102762325210005366396131447824338599181938 else 0) +
                    ((if ⟨6, ⋯⟩ = ⟨4, ⋯⟩ then 1583879869042979040058862001724753309599103428087730154722882 else 0) +
                      ((if ⟨6, ⋯⟩ = ⟨5, ⋯⟩ then 1400070462753430720352396059884863926591487685693929134614351 else 0) +
                        ((if ⟨6, ⋯⟩ = ⟨6, ⋯⟩ then 168846812639502040874424905035226945680858012035860369649544 else 0) +
                          ((if ⟨6, ⋯⟩ = ⟨7, ⋯⟩ then 1438767033088100244728664879689866584553574833781248937459679
                            else 0) +
                            if ⟨6, ⋯⟩ = ⟨8, ⋯⟩ then 295572421022148107387365359962275765841347054642257937431270
                            else 0))))))) +
            if ⟨6, ⋯⟩ = ⟨18, ⋯⟩ then -1522356203033901467723972540862214784610026447382568305388796 else 0) +
          if ⟨6, ⋯⟩ = ⟨21, ⋯⟩ then 1 else 0) +
        ((-if ⟨6, ⋯⟩ = ⟨24, ⋯⟩ then 1 else 0) +
          -if ⟨6, ⋯⟩ = ⟨26, ⋯⟩ then 1606938040236943481429907225474247728170690725378808731729921 else 0) <
      512 ^
        (![24, 24, 24, 24, 24, 24, 24, 24, 24, 38, 24, 38, 24, 46, 24, 29, 24, 29, 24, 29, 24, 29, 24] ⟨13, ⋯⟩ - 22) ∧
    ((if ⟨6, ⋯⟩ = ⟨26, ⋯⟩ then 1606938040236943481429907225474247728170690725378808731729921 else 0) +
          if ⟨6, ⋯⟩ = ⟨24, ⋯⟩ then 1 else 0) +
        ((-if ⟨6, ⋯⟩ = ⟨21, ⋯⟩ then 1 else 0) +
          ((-if ⟨6, ⋯⟩ = ⟨18, ⋯⟩ then -1522356203033901467723972540862214784610026447382568305388796 else 0) +
            (((((((((-if ⟨6, ⋯⟩ = ⟨8, ⋯⟩ then 295572421022148107387365359962275765841347054642257937431270 else 0) +
                            -if ⟨6, ⋯⟩ = ⟨7, ⋯⟩ then 1438767033088100244728664879689866584553574833781248937459679
                              else 0) +
                          -if ⟨6, ⋯⟩ = ⟨6, ⋯⟩ then 168846812639502040874424905035226945680858012035860369649544
                            else 0) +
                        -if ⟨6, ⋯⟩ = ⟨5, ⋯⟩ then 1400070462753430720352396059884863926591487685693929134614351 else 0) +
                      -if ⟨6, ⋯⟩ = ⟨4, ⋯⟩ then 1583879869042979040058862001724753309599103428087730154722882 else 0) +
                    -if ⟨6, ⋯⟩ = ⟨3, ⋯⟩ then 464430110441043401102762325210005366396131447824338599181938 else 0) +
                  -if ⟨6, ⋯⟩ = ⟨2, ⋯⟩ then 618786041258804908447457396686492883899388767448874179277885 else 0) +
                -if ⟨6, ⋯⟩ = ⟨1, ⋯⟩ then 190912212895560237323709081460011468417886698937689408761221 else 0) +
              -if ⟨6, ⋯⟩ = ⟨0, ⋯⟩ then 1535097889230980652050155379269610615631018586457153232186336 else 0))) <
      512 ^ (![24, 24, 24, 24, 24, 24, 24, 24, 24, 38, 24, 38, 24, 46, 24, 29, 24, 29, 24, 29, 24, 29, 24] ⟨13, ⋯⟩ - 22)

case «13».«7»
⊢ (((if ⟨7, ⋯⟩ = ⟨0, ⋯⟩ then 1535097889230980652050155379269610615631018586457153232186336 else 0) +
              ((if ⟨7, ⋯⟩ = ⟨1, ⋯⟩ then 190912212895560237323709081460011468417886698937689408761221 else 0) +
                ((if ⟨7, ⋯⟩ = ⟨2, ⋯⟩ then 618786041258804908447457396686492883899388767448874179277885 else 0) +
                  ((if ⟨7, ⋯⟩ = ⟨3, ⋯⟩ then 464430110441043401102762325210005366396131447824338599181938 else 0) +
                    ((if ⟨7, ⋯⟩ = ⟨4, ⋯⟩ then 1583879869042979040058862001724753309599103428087730154722882 else 0) +
                      ((if ⟨7, ⋯⟩ = ⟨5, ⋯⟩ then 1400070462753430720352396059884863926591487685693929134614351 else 0) +
                        ((if ⟨7, ⋯⟩ = ⟨6, ⋯⟩ then 168846812639502040874424905035226945680858012035860369649544 else 0) +
                          ((if ⟨7, ⋯⟩ = ⟨7, ⋯⟩ then 1438767033088100244728664879689866584553574833781248937459679
                            else 0) +
                            if ⟨7, ⋯⟩ = ⟨8, ⋯⟩ then 295572421022148107387365359962275765841347054642257937431270
                            else 0))))))) +
            if ⟨7, ⋯⟩ = ⟨18, ⋯⟩ then -1522356203033901467723972540862214784610026447382568305388796 else 0) +
          if ⟨7, ⋯⟩ = ⟨21, ⋯⟩ then 1 else 0) +
        ((-if ⟨7, ⋯⟩ = ⟨24, ⋯⟩ then 1 else 0) +
          -if ⟨7, ⋯⟩ = ⟨26, ⋯⟩ then 1606938040236943481429907225474247728170690725378808731729921 else 0) <
      512 ^
        (![24, 24, 24, 24, 24, 24, 24, 24, 24, 38, 24, 38, 24, 46, 24, 29, 24, 29, 24, 29, 24, 29, 24] ⟨13, ⋯⟩ - 22) ∧
    ((if ⟨7, ⋯⟩ = ⟨26, ⋯⟩ then 1606938040236943481429907225474247728170690725378808731729921 else 0) +
          if ⟨7, ⋯⟩ = ⟨24, ⋯⟩ then 1 else 0) +
        ((-if ⟨7, ⋯⟩ = ⟨21, ⋯⟩ then 1 else 0) +
          ((-if ⟨7, ⋯⟩ = ⟨18, ⋯⟩ then -1522356203033901467723972540862214784610026447382568305388796 else 0) +
            (((((((((-if ⟨7, ⋯⟩ = ⟨8, ⋯⟩ then 295572421022148107387365359962275765841347054642257937431270 else 0) +
                            -if ⟨7, ⋯⟩ = ⟨7, ⋯⟩ then 1438767033088100244728664879689866584553574833781248937459679
                              else 0) +
                          -if ⟨7, ⋯⟩ = ⟨6, ⋯⟩ then 168846812639502040874424905035226945680858012035860369649544
                            else 0) +
                        -if ⟨7, ⋯⟩ = ⟨5, ⋯⟩ then 1400070462753430720352396059884863926591487685693929134614351 else 0) +
                      -if ⟨7, ⋯⟩ = ⟨4, ⋯⟩ then 1583879869042979040058862001724753309599103428087730154722882 else 0) +
                    -if ⟨7, ⋯⟩ = ⟨3, ⋯⟩ then 464430110441043401102762325210005366396131447824338599181938 else 0) +
                  -if ⟨7, ⋯⟩ = ⟨2, ⋯⟩ then 618786041258804908447457396686492883899388767448874179277885 else 0) +
                -if ⟨7, ⋯⟩ = ⟨1, ⋯⟩ then 190912212895560237323709081460011468417886698937689408761221 else 0) +
              -if ⟨7, ⋯⟩ = ⟨0, ⋯⟩ then 1535097889230980652050155379269610615631018586457153232186336 else 0))) <
      512 ^ (![24, 24, 24, 24, 24, 24, 24, 24, 24, 38, 24, 38, 24, 46, 24, 29, 24, 29, 24, 29, 24, 29, 24] ⟨13, ⋯⟩ - 22)

case «13».«8»
⊢ (((if ⟨8, ⋯⟩ = ⟨0, ⋯⟩ then 1535097889230980652050155379269610615631018586457153232186336 else 0) +
              ((if ⟨8, ⋯⟩ = ⟨1, ⋯⟩ then 190912212895560237323709081460011468417886698937689408761221 else 0) +
                ((if ⟨8, ⋯⟩ = ⟨2, ⋯⟩ then 618786041258804908447457396686492883899388767448874179277885 else 0) +
                  ((if ⟨8, ⋯⟩ = ⟨3, ⋯⟩ then 464430110441043401102762325210005366396131447824338599181938 else 0) +
                    ((if ⟨8, ⋯⟩ = ⟨4, ⋯⟩ then 1583879869042979040058862001724753309599103428087730154722882 else 0) +
                      ((if ⟨8, ⋯⟩ = ⟨5, ⋯⟩ then 1400070462753430720352396059884863926591487685693929134614351 else 0) +
                        ((if ⟨8, ⋯⟩ = ⟨6, ⋯⟩ then 168846812639502040874424905035226945680858012035860369649544 else 0) +
                          ((if ⟨8, ⋯⟩ = ⟨7, ⋯⟩ then 1438767033088100244728664879689866584553574833781248937459679
                            else 0) +
                            if ⟨8, ⋯⟩ = ⟨8, ⋯⟩ then 295572421022148107387365359962275765841347054642257937431270
                            else 0))))))) +
            if ⟨8, ⋯⟩ = ⟨18, ⋯⟩ then -1522356203033901467723972540862214784610026447382568305388796 else 0) +
          if ⟨8, ⋯⟩ = ⟨21, ⋯⟩ then 1 else 0) +
        ((-if ⟨8, ⋯⟩ = ⟨24, ⋯⟩ then 1 else 0) +
          -if ⟨8, ⋯⟩ = ⟨26, ⋯⟩ then 1606938040236943481429907225474247728170690725378808731729921 else 0) <
      512 ^
        (![24, 24, 24, 24, 24, 24, 24, 24, 24, 38, 24, 38, 24, 46, 24, 29, 24, 29, 24, 29, 24, 29, 24] ⟨13, ⋯⟩ - 22) ∧
    ((if ⟨8, ⋯⟩ = ⟨26, ⋯⟩ then 1606938040236943481429907225474247728170690725378808731729921 else 0) +
          if ⟨8, ⋯⟩ = ⟨24, ⋯⟩ then 1 else 0) +
        ((-if ⟨8, ⋯⟩ = ⟨21, ⋯⟩ then 1 else 0) +
          ((-if ⟨8, ⋯⟩ = ⟨18, ⋯⟩ then -1522356203033901467723972540862214784610026447382568305388796 else 0) +
            (((((((((-if ⟨8, ⋯⟩ = ⟨8, ⋯⟩ then 295572421022148107387365359962275765841347054642257937431270 else 0) +
                            -if ⟨8, ⋯⟩ = ⟨7, ⋯⟩ then 1438767033088100244728664879689866584553574833781248937459679
                              else 0) +
                          -if ⟨8, ⋯⟩ = ⟨6, ⋯⟩ then 168846812639502040874424905035226945680858012035860369649544
                            else 0) +
                        -if ⟨8, ⋯⟩ = ⟨5, ⋯⟩ then 1400070462753430720352396059884863926591487685693929134614351 else 0) +
                      -if ⟨8, ⋯⟩ = ⟨4, ⋯⟩ then 1583879869042979040058862001724753309599103428087730154722882 else 0) +
                    -if ⟨8, ⋯⟩ = ⟨3, ⋯⟩ then 464430110441043401102762325210005366396131447824338599181938 else 0) +
                  -if ⟨8, ⋯⟩ = ⟨2, ⋯⟩ then 618786041258804908447457396686492883899388767448874179277885 else 0) +
                -if ⟨8, ⋯⟩ = ⟨1, ⋯⟩ then 190912212895560237323709081460011468417886698937689408761221 else 0) +
              -if ⟨8, ⋯⟩ = ⟨0, ⋯⟩ then 1535097889230980652050155379269610615631018586457153232186336 else 0))) <
      512 ^ (![24, 24, 24, 24, 24, 24, 24, 24, 24, 38, 24, 38, 24, 46, 24, 29, 24, 29, 24, 29, 24, 29, 24] ⟨13, ⋯⟩ - 22)

case «13».«9»
⊢ (((if ⟨9, ⋯⟩ = ⟨0, ⋯⟩ then 1535097889230980652050155379269610615631018586457153232186336 else 0) +
              ((if ⟨9, ⋯⟩ = ⟨1, ⋯⟩ then 190912212895560237323709081460011468417886698937689408761221 else 0) +
                ((if ⟨9, ⋯⟩ = ⟨2, ⋯⟩ then 618786041258804908447457396686492883899388767448874179277885 else 0) +
                  ((if ⟨9, ⋯⟩ = ⟨3, ⋯⟩ then 464430110441043401102762325210005366396131447824338599181938 else 0) +
                    ((if ⟨9, ⋯⟩ = ⟨4, ⋯⟩ then 1583879869042979040058862001724753309599103428087730154722882 else 0) +
                      ((if ⟨9, ⋯⟩ = ⟨5, ⋯⟩ then 1400070462753430720352396059884863926591487685693929134614351 else 0) +
                        ((if ⟨9, ⋯⟩ = ⟨6, ⋯⟩ then 168846812639502040874424905035226945680858012035860369649544 else 0) +
                          ((if ⟨9, ⋯⟩ = ⟨7, ⋯⟩ then 1438767033088100244728664879689866584553574833781248937459679
                            else 0) +
                            if ⟨9, ⋯⟩ = ⟨8, ⋯⟩ then 295572421022148107387365359962275765841347054642257937431270
                            else 0))))))) +
            if ⟨9, ⋯⟩ = ⟨18, ⋯⟩ then -1522356203033901467723972540862214784610026447382568305388796 else 0) +
          if ⟨9, ⋯⟩ = ⟨21, ⋯⟩ then 1 else 0) +
        ((-if ⟨9, ⋯⟩ = ⟨24, ⋯⟩ then 1 else 0) +
          -if ⟨9, ⋯⟩ = ⟨26, ⋯⟩ then 1606938040236943481429907225474247728170690725378808731729921 else 0) <
      512 ^
        (![24, 24, 24, 24, 24, 24, 24, 24, 24, 38, 24, 38, 24, 46, 24, 29, 24, 29, 24, 29, 24, 29, 24] ⟨13, ⋯⟩ - 22) ∧
    ((if ⟨9, ⋯⟩ = ⟨26, ⋯⟩ then 1606938040236943481429907225474247728170690725378808731729921 else 0) +
          if ⟨9, ⋯⟩ = ⟨24, ⋯⟩ then 1 else 0) +
        ((-if ⟨9, ⋯⟩ = ⟨21, ⋯⟩ then 1 else 0) +
          ((-if ⟨9, ⋯⟩ = ⟨18, ⋯⟩ then -1522356203033901467723972540862214784610026447382568305388796 else 0) +
            (((((((((-if ⟨9, ⋯⟩ = ⟨8, ⋯⟩ then 295572421022148107387365359962275765841347054642257937431270 else 0) +
                            -if ⟨9, ⋯⟩ = ⟨7, ⋯⟩ then 1438767033088100244728664879689866584553574833781248937459679
                              else 0) +
                          -if ⟨9, ⋯⟩ = ⟨6, ⋯⟩ then 168846812639502040874424905035226945680858012035860369649544
                            else 0) +
                        -if ⟨9, ⋯⟩ = ⟨5, ⋯⟩ then 1400070462753430720352396059884863926591487685693929134614351 else 0) +
                      -if ⟨9, ⋯⟩ = ⟨4, ⋯⟩ then 1583879869042979040058862001724753309599103428087730154722882 else 0) +
                    -if ⟨9, ⋯⟩ = ⟨3, ⋯⟩ then 464430110441043401102762325210005366396131447824338599181938 else 0) +
                  -if ⟨9, ⋯⟩ = ⟨2, ⋯⟩ then 618786041258804908447457396686492883899388767448874179277885 else 0) +
                -if ⟨9, ⋯⟩ = ⟨1, ⋯⟩ then 190912212895560237323709081460011468417886698937689408761221 else 0) +
              -if ⟨9, ⋯⟩ = ⟨0, ⋯⟩ then 1535097889230980652050155379269610615631018586457153232186336 else 0))) <
      512 ^ (![24, 24, 24, 24, 24, 24, 24, 24, 24, 38, 24, 38, 24, 46, 24, 29, 24, 29, 24, 29, 24, 29, 24] ⟨13, ⋯⟩ - 22)

case «13».«10»
⊢ (((if ⟨10, ⋯⟩ = ⟨0, ⋯⟩ then 1535097889230980652050155379269610615631018586457153232186336 else 0) +
              ((if ⟨10, ⋯⟩ = ⟨1, ⋯⟩ then 190912212895560237323709081460011468417886698937689408761221 else 0) +
                ((if ⟨10, ⋯⟩ = ⟨2, ⋯⟩ then 618786041258804908447457396686492883899388767448874179277885 else 0) +
                  ((if ⟨10, ⋯⟩ = ⟨3, ⋯⟩ then 464430110441043401102762325210005366396131447824338599181938 else 0) +
                    ((if ⟨10, ⋯⟩ = ⟨4, ⋯⟩ then 1583879869042979040058862001724753309599103428087730154722882 else 0) +
                      ((if ⟨10, ⋯⟩ = ⟨5, ⋯⟩ then 1400070462753430720352396059884863926591487685693929134614351 else 0) +
                        ((if ⟨10, ⋯⟩ = ⟨6, ⋯⟩ then 168846812639502040874424905035226945680858012035860369649544
                          else 0) +
                          ((if ⟨10, ⋯⟩ = ⟨7, ⋯⟩ then 1438767033088100244728664879689866584553574833781248937459679
                            else 0) +
                            if ⟨10, ⋯⟩ = ⟨8, ⋯⟩ then 295572421022148107387365359962275765841347054642257937431270
                            else 0))))))) +
            if ⟨10, ⋯⟩ = ⟨18, ⋯⟩ then -1522356203033901467723972540862214784610026447382568305388796 else 0) +
          if ⟨10, ⋯⟩ = ⟨21, ⋯⟩ then 1 else 0) +
        ((-if ⟨10, ⋯⟩ = ⟨24, ⋯⟩ then 1 else 0) +
          -if ⟨10, ⋯⟩ = ⟨26, ⋯⟩ then 1606938040236943481429907225474247728170690725378808731729921 else 0) <
      512 ^
        (![24, 24, 24, 24, 24, 24, 24, 24, 24, 38, 24, 38, 24, 46, 24, 29, 24, 29, 24, 29, 24, 29, 24] ⟨13, ⋯⟩ - 22) ∧
    ((if ⟨10, ⋯⟩ = ⟨26, ⋯⟩ then 1606938040236943481429907225474247728170690725378808731729921 else 0) +
          if ⟨10, ⋯⟩ = ⟨24, ⋯⟩ then 1 else 0) +
        ((-if ⟨10, ⋯⟩ = ⟨21, ⋯⟩ then 1 else 0) +
          ((-if ⟨10, ⋯⟩ = ⟨18, ⋯⟩ then -1522356203033901467723972540862214784610026447382568305388796 else 0) +
            (((((((((-if ⟨10, ⋯⟩ = ⟨8, ⋯⟩ then 295572421022148107387365359962275765841347054642257937431270 else 0) +
                            -if ⟨10, ⋯⟩ = ⟨7, ⋯⟩ then 1438767033088100244728664879689866584553574833781248937459679
                              else 0) +
                          -if ⟨10, ⋯⟩ = ⟨6, ⋯⟩ then 168846812639502040874424905035226945680858012035860369649544
                            else 0) +
                        -if ⟨10, ⋯⟩ = ⟨5, ⋯⟩ then 1400070462753430720352396059884863926591487685693929134614351
                          else 0) +
                      -if ⟨10, ⋯⟩ = ⟨4, ⋯⟩ then 1583879869042979040058862001724753309599103428087730154722882 else 0) +
                    -if ⟨10, ⋯⟩ = ⟨3, ⋯⟩ then 464430110441043401102762325210005366396131447824338599181938 else 0) +
                  -if ⟨10, ⋯⟩ = ⟨2, ⋯⟩ then 618786041258804908447457396686492883899388767448874179277885 else 0) +
                -if ⟨10, ⋯⟩ = ⟨1, ⋯⟩ then 190912212895560237323709081460011468417886698937689408761221 else 0) +
              -if ⟨10, ⋯⟩ = ⟨0, ⋯⟩ then 1535097889230980652050155379269610615631018586457153232186336 else 0))) <
      512 ^ (![24, 24, 24, 24, 24, 24, 24, 24, 24, 38, 24, 38, 24, 46, 24, 29, 24, 29, 24, 29, 24, 29, 24] ⟨13, ⋯⟩ - 22)

case «13».«11»
⊢ (((if ⟨11, ⋯⟩ = ⟨0, ⋯⟩ then 1535097889230980652050155379269610615631018586457153232186336 else 0) +
              ((if ⟨11, ⋯⟩ = ⟨1, ⋯⟩ then 190912212895560237323709081460011468417886698937689408761221 else 0) +
                ((if ⟨11, ⋯⟩ = ⟨2, ⋯⟩ then 618786041258804908447457396686492883899388767448874179277885 else 0) +
                  ((if ⟨11, ⋯⟩ = ⟨3, ⋯⟩ then 464430110441043401102762325210005366396131447824338599181938 else 0) +
                    ((if ⟨11, ⋯⟩ = ⟨4, ⋯⟩ then 1583879869042979040058862001724753309599103428087730154722882 else 0) +
                      ((if ⟨11, ⋯⟩ = ⟨5, ⋯⟩ then 1400070462753430720352396059884863926591487685693929134614351 else 0) +
                        ((if ⟨11, ⋯⟩ = ⟨6, ⋯⟩ then 168846812639502040874424905035226945680858012035860369649544
                          else 0) +
                          ((if ⟨11, ⋯⟩ = ⟨7, ⋯⟩ then 1438767033088100244728664879689866584553574833781248937459679
                            else 0) +
                            if ⟨11, ⋯⟩ = ⟨8, ⋯⟩ then 295572421022148107387365359962275765841347054642257937431270
                            else 0))))))) +
            if ⟨11, ⋯⟩ = ⟨18, ⋯⟩ then -1522356203033901467723972540862214784610026447382568305388796 else 0) +
          if ⟨11, ⋯⟩ = ⟨21, ⋯⟩ then 1 else 0) +
        ((-if ⟨11, ⋯⟩ = ⟨24, ⋯⟩ then 1 else 0) +
          -if ⟨11, ⋯⟩ = ⟨26, ⋯⟩ then 1606938040236943481429907225474247728170690725378808731729921 else 0) <
      512 ^
        (![24, 24, 24, 24, 24, 24, 24, 24, 24, 38, 24, 38, 24, 46, 24, 29, 24, 29, 24, 29, 24, 29, 24] ⟨13, ⋯⟩ - 22) ∧
    ((if ⟨11, ⋯⟩ = ⟨26, ⋯⟩ then 1606938040236943481429907225474247728170690725378808731729921 else 0) +
          if ⟨11, ⋯⟩ = ⟨24, ⋯⟩ then 1 else 0) +
        ((-if ⟨11, ⋯⟩ = ⟨21, ⋯⟩ then 1 else 0) +
          ((-if ⟨11, ⋯⟩ = ⟨18, ⋯⟩ then -1522356203033901467723972540862214784610026447382568305388796 else 0) +
            (((((((((-if ⟨11, ⋯⟩ = ⟨8, ⋯⟩ then 295572421022148107387365359962275765841347054642257937431270 else 0) +
                            -if ⟨11, ⋯⟩ = ⟨7, ⋯⟩ then 1438767033088100244728664879689866584553574833781248937459679
                              else 0) +
                          -if ⟨11, ⋯⟩ = ⟨6, ⋯⟩ then 168846812639502040874424905035226945680858012035860369649544
                            else 0) +
                        -if ⟨11, ⋯⟩ = ⟨5, ⋯⟩ then 1400070462753430720352396059884863926591487685693929134614351
                          else 0) +
                      -if ⟨11, ⋯⟩ = ⟨4, ⋯⟩ then 1583879869042979040058862001724753309599103428087730154722882 else 0) +
                    -if ⟨11, ⋯⟩ = ⟨3, ⋯⟩ then 464430110441043401102762325210005366396131447824338599181938 else 0) +
                  -if ⟨11, ⋯⟩ = ⟨2, ⋯⟩ then 618786041258804908447457396686492883899388767448874179277885 else 0) +
                -if ⟨11, ⋯⟩ = ⟨1, ⋯⟩ then 190912212895560237323709081460011468417886698937689408761221 else 0) +
              -if ⟨11, ⋯⟩ = ⟨0, ⋯⟩ then 1535097889230980652050155379269610615631018586457153232186336 else 0))) <
      512 ^ (![24, 24, 24, 24, 24, 24, 24, 24, 24, 38, 24, 38, 24, 46, 24, 29, 24, 29, 24, 29, 24, 29, 24] ⟨13, ⋯⟩ - 22)

case «13».«12»
⊢ (((if ⟨12, ⋯⟩ = ⟨0, ⋯⟩ then 1535097889230980652050155379269610615631018586457153232186336 else 0) +
              ((if ⟨12, ⋯⟩ = ⟨1, ⋯⟩ then 190912212895560237323709081460011468417886698937689408761221 else 0) +
                ((if ⟨12, ⋯⟩ = ⟨2, ⋯⟩ then 618786041258804908447457396686492883899388767448874179277885 else 0) +
                  ((if ⟨12, ⋯⟩ = ⟨3, ⋯⟩ then 464430110441043401102762325210005366396131447824338599181938 else 0) +
                    ((if ⟨12, ⋯⟩ = ⟨4, ⋯⟩ then 1583879869042979040058862001724753309599103428087730154722882 else 0) +
                      ((if ⟨12, ⋯⟩ = ⟨5, ⋯⟩ then 1400070462753430720352396059884863926591487685693929134614351 else 0) +
                        ((if ⟨12, ⋯⟩ = ⟨6, ⋯⟩ then 168846812639502040874424905035226945680858012035860369649544
                          else 0) +
                          ((if ⟨12, ⋯⟩ = ⟨7, ⋯⟩ then 1438767033088100244728664879689866584553574833781248937459679
                            else 0) +
                            if ⟨12, ⋯⟩ = ⟨8, ⋯⟩ then 295572421022148107387365359962275765841347054642257937431270
                            else 0))))))) +
            if ⟨12, ⋯⟩ = ⟨18, ⋯⟩ then -1522356203033901467723972540862214784610026447382568305388796 else 0) +
          if ⟨12, ⋯⟩ = ⟨21, ⋯⟩ then 1 else 0) +
        ((-if ⟨12, ⋯⟩ = ⟨24, ⋯⟩ then 1 else 0) +
          -if ⟨12, ⋯⟩ = ⟨26, ⋯⟩ then 1606938040236943481429907225474247728170690725378808731729921 else 0) <
      512 ^
        (![24, 24, 24, 24, 24, 24, 24, 24, 24, 38, 24, 38, 24, 46, 24, 29, 24, 29, 24, 29, 24, 29, 24] ⟨13, ⋯⟩ - 22) ∧
    ((if ⟨12, ⋯⟩ = ⟨26, ⋯⟩ then 1606938040236943481429907225474247728170690725378808731729921 else 0) +
          if ⟨12, ⋯⟩ = ⟨24, ⋯⟩ then 1 else 0) +
        ((-if ⟨12, ⋯⟩ = ⟨21, ⋯⟩ then 1 else 0) +
          ((-if ⟨12, ⋯⟩ = ⟨18, ⋯⟩ then -1522356203033901467723972540862214784610026447382568305388796 else 0) +
            (((((((((-if ⟨12, ⋯⟩ = ⟨8, ⋯⟩ then 295572421022148107387365359962275765841347054642257937431270 else 0) +
                            -if ⟨12, ⋯⟩ = ⟨7, ⋯⟩ then 1438767033088100244728664879689866584553574833781248937459679
                              else 0) +
                          -if ⟨12, ⋯⟩ = ⟨6, ⋯⟩ then 168846812639502040874424905035226945680858012035860369649544
                            else 0) +
                        -if ⟨12, ⋯⟩ = ⟨5, ⋯⟩ then 1400070462753430720352396059884863926591487685693929134614351
                          else 0) +
                      -if ⟨12, ⋯⟩ = ⟨4, ⋯⟩ then 1583879869042979040058862001724753309599103428087730154722882 else 0) +
                    -if ⟨12, ⋯⟩ = ⟨3, ⋯⟩ then 464430110441043401102762325210005366396131447824338599181938 else 0) +
                  -if ⟨12, ⋯⟩ = ⟨2, ⋯⟩ then 618786041258804908447457396686492883899388767448874179277885 else 0) +
                -if ⟨12, ⋯⟩ = ⟨1, ⋯⟩ then 190912212895560237323709081460011468417886698937689408761221 else 0) +
              -if ⟨12, ⋯⟩ = ⟨0, ⋯⟩ then 1535097889230980652050155379269610615631018586457153232186336 else 0))) <
      512 ^ (![24, 24, 24, 24, 24, 24, 24, 24, 24, 38, 24, 38, 24, 46, 24, 29, 24, 29, 24, 29, 24, 29, 24] ⟨13, ⋯⟩ - 22)

case «13».«13»
⊢ (((if ⟨13, ⋯⟩ = ⟨0, ⋯⟩ then 1535097889230980652050155379269610615631018586457153232186336 else 0) +
              ((if ⟨13, ⋯⟩ = ⟨1, ⋯⟩ then 190912212895560237323709081460011468417886698937689408761221 else 0) +
                ((if ⟨13, ⋯⟩ = ⟨2, ⋯⟩ then 618786041258804908447457396686492883899388767448874179277885 else 0) +
                  ((if ⟨13, ⋯⟩ = ⟨3, ⋯⟩ then 464430110441043401102762325210005366396131447824338599181938 else 0) +
                    ((if ⟨13, ⋯⟩ = ⟨4, ⋯⟩ then 1583879869042979040058862001724753309599103428087730154722882 else 0) +
                      ((if ⟨13, ⋯⟩ = ⟨5, ⋯⟩ then 1400070462753430720352396059884863926591487685693929134614351 else 0) +
                        ((if ⟨13, ⋯⟩ = ⟨6, ⋯⟩ then 168846812639502040874424905035226945680858012035860369649544
                          else 0) +
                          ((if ⟨13, ⋯⟩ = ⟨7, ⋯⟩ then 1438767033088100244728664879689866584553574833781248937459679
                            else 0) +
                            if ⟨13, ⋯⟩ = ⟨8, ⋯⟩ then 295572421022148107387365359962275765841347054642257937431270
                            else 0))))))) +
            if ⟨13, ⋯⟩ = ⟨18, ⋯⟩ then -1522356203033901467723972540862214784610026447382568305388796 else 0) +
          if ⟨13, ⋯⟩ = ⟨21, ⋯⟩ then 1 else 0) +
        ((-if ⟨13, ⋯⟩ = ⟨24, ⋯⟩ then 1 else 0) +
          -if ⟨13, ⋯⟩ = ⟨26, ⋯⟩ then 1606938040236943481429907225474247728170690725378808731729921 else 0) <
      512 ^
        (![24, 24, 24, 24, 24, 24, 24, 24, 24, 38, 24, 38, 24, 46, 24, 29, 24, 29, 24, 29, 24, 29, 24] ⟨13, ⋯⟩ - 22) ∧
    ((if ⟨13, ⋯⟩ = ⟨26, ⋯⟩ then 1606938040236943481429907225474247728170690725378808731729921 else 0) +
          if ⟨13, ⋯⟩ = ⟨24, ⋯⟩ then 1 else 0) +
        ((-if ⟨13, ⋯⟩ = ⟨21, ⋯⟩ then 1 else 0) +
          ((-if ⟨13, ⋯⟩ = ⟨18, ⋯⟩ then -1522356203033901467723972540862214784610026447382568305388796 else 0) +
            (((((((((-if ⟨13, ⋯⟩ = ⟨8, ⋯⟩ then 295572421022148107387365359962275765841347054642257937431270 else 0) +
                            -if ⟨13, ⋯⟩ = ⟨7, ⋯⟩ then 1438767033088100244728664879689866584553574833781248937459679
                              else 0) +
                          -if ⟨13, ⋯⟩ = ⟨6, ⋯⟩ then 168846812639502040874424905035226945680858012035860369649544
                            else 0) +
                        -if ⟨13, ⋯⟩ = ⟨5, ⋯⟩ then 1400070462753430720352396059884863926591487685693929134614351
                          else 0) +
                      -if ⟨13, ⋯⟩ = ⟨4, ⋯⟩ then 1583879869042979040058862001724753309599103428087730154722882 else 0) +
                    -if ⟨13, ⋯⟩ = ⟨3, ⋯⟩ then 464430110441043401102762325210005366396131447824338599181938 else 0) +
                  -if ⟨13, ⋯⟩ = ⟨2, ⋯⟩ then 618786041258804908447457396686492883899388767448874179277885 else 0) +
                -if ⟨13, ⋯⟩ = ⟨1, ⋯⟩ then 190912212895560237323709081460011468417886698937689408761221 else 0) +
              -if ⟨13, ⋯⟩ = ⟨0, ⋯⟩ then 1535097889230980652050155379269610615631018586457153232186336 else 0))) <
      512 ^ (![24, 24, 24, 24, 24, 24, 24, 24, 24, 38, 24, 38, 24, 46, 24, 29, 24, 29, 24, 29, 24, 29, 24] ⟨13, ⋯⟩ - 22)

case «13».«14»
⊢ (((if ⟨14, ⋯⟩ = ⟨0, ⋯⟩ then 1535097889230980652050155379269610615631018586457153232186336 else 0) +
              ((if ⟨14, ⋯⟩ = ⟨1, ⋯⟩ then 190912212895560237323709081460011468417886698937689408761221 else 0) +
                ((if ⟨14, ⋯⟩ = ⟨2, ⋯⟩ then 618786041258804908447457396686492883899388767448874179277885 else 0) +
                  ((if ⟨14, ⋯⟩ = ⟨3, ⋯⟩ then 464430110441043401102762325210005366396131447824338599181938 else 0) +
                    ((if ⟨14, ⋯⟩ = ⟨4, ⋯⟩ then 1583879869042979040058862001724753309599103428087730154722882 else 0) +
                      ((if ⟨14, ⋯⟩ = ⟨5, ⋯⟩ then 1400070462753430720352396059884863926591487685693929134614351 else 0) +
                        ((if ⟨14, ⋯⟩ = ⟨6, ⋯⟩ then 168846812639502040874424905035226945680858012035860369649544
                          else 0) +
                          ((if ⟨14, ⋯⟩ = ⟨7, ⋯⟩ then 1438767033088100244728664879689866584553574833781248937459679
                            else 0) +
                            if ⟨14, ⋯⟩ = ⟨8, ⋯⟩ then 295572421022148107387365359962275765841347054642257937431270
                            else 0))))))) +
            if ⟨14, ⋯⟩ = ⟨18, ⋯⟩ then -1522356203033901467723972540862214784610026447382568305388796 else 0) +
          if ⟨14, ⋯⟩ = ⟨21, ⋯⟩ then 1 else 0) +
        ((-if ⟨14, ⋯⟩ = ⟨24, ⋯⟩ then 1 else 0) +
          -if ⟨14, ⋯⟩ = ⟨26, ⋯⟩ then 1606938040236943481429907225474247728170690725378808731729921 else 0) <
      512 ^
        (![24, 24, 24, 24, 24, 24, 24, 24, 24, 38, 24, 38, 24, 46, 24, 29, 24, 29, 24, 29, 24, 29, 24] ⟨13, ⋯⟩ - 22) ∧
    ((if ⟨14, ⋯⟩ = ⟨26, ⋯⟩ then 1606938040236943481429907225474247728170690725378808731729921 else 0) +
          if ⟨14, ⋯⟩ = ⟨24, ⋯⟩ then 1 else 0) +
        ((-if ⟨14, ⋯⟩ = ⟨21, ⋯⟩ then 1 else 0) +
          ((-if ⟨14, ⋯⟩ = ⟨18, ⋯⟩ then -1522356203033901467723972540862214784610026447382568305388796 else 0) +
            (((((((((-if ⟨14, ⋯⟩ = ⟨8, ⋯⟩ then 295572421022148107387365359962275765841347054642257937431270 else 0) +
                            -if ⟨14, ⋯⟩ = ⟨7, ⋯⟩ then 1438767033088100244728664879689866584553574833781248937459679
                              else 0) +
                          -if ⟨14, ⋯⟩ = ⟨6, ⋯⟩ then 168846812639502040874424905035226945680858012035860369649544
                            else 0) +
                        -if ⟨14, ⋯⟩ = ⟨5, ⋯⟩ then 1400070462753430720352396059884863926591487685693929134614351
                          else 0) +
                      -if ⟨14, ⋯⟩ = ⟨4, ⋯⟩ then 1583879869042979040058862001724753309599103428087730154722882 else 0) +
                    -if ⟨14, ⋯⟩ = ⟨3, ⋯⟩ then 464430110441043401102762325210005366396131447824338599181938 else 0) +
                  -if ⟨14, ⋯⟩ = ⟨2, ⋯⟩ then 618786041258804908447457396686492883899388767448874179277885 else 0) +
                -if ⟨14, ⋯⟩ = ⟨1, ⋯⟩ then 190912212895560237323709081460011468417886698937689408761221 else 0) +
              -if ⟨14, ⋯⟩ = ⟨0, ⋯⟩ then 1535097889230980652050155379269610615631018586457153232186336 else 0))) <
      512 ^ (![24, 24, 24, 24, 24, 24, 24, 24, 24, 38, 24, 38, 24, 46, 24, 29, 24, 29, 24, 29, 24, 29, 24] ⟨13, ⋯⟩ - 22)

case «13».«15»
⊢ (((if ⟨15, ⋯⟩ = ⟨0, ⋯⟩ then 1535097889230980652050155379269610615631018586457153232186336 else 0) +
              ((if ⟨15, ⋯⟩ = ⟨1, ⋯⟩ then 190912212895560237323709081460011468417886698937689408761221 else 0) +
                ((if ⟨15, ⋯⟩ = ⟨2, ⋯⟩ then 618786041258804908447457396686492883899388767448874179277885 else 0) +
                  ((if ⟨15, ⋯⟩ = ⟨3, ⋯⟩ then 464430110441043401102762325210005366396131447824338599181938 else 0) +
                    ((if ⟨15, ⋯⟩ = ⟨4, ⋯⟩ then 1583879869042979040058862001724753309599103428087730154722882 else 0) +
                      ((if ⟨15, ⋯⟩ = ⟨5, ⋯⟩ then 1400070462753430720352396059884863926591487685693929134614351 else 0) +
                        ((if ⟨15, ⋯⟩ = ⟨6, ⋯⟩ then 168846812639502040874424905035226945680858012035860369649544
                          else 0) +
                          ((if ⟨15, ⋯⟩ = ⟨7, ⋯⟩ then 1438767033088100244728664879689866584553574833781248937459679
                            else 0) +
                            if ⟨15, ⋯⟩ = ⟨8, ⋯⟩ then 295572421022148107387365359962275765841347054642257937431270
                            else 0))))))) +
            if ⟨15, ⋯⟩ = ⟨18, ⋯⟩ then -1522356203033901467723972540862214784610026447382568305388796 else 0) +
          if ⟨15, ⋯⟩ = ⟨21, ⋯⟩ then 1 else 0) +
        ((-if ⟨15, ⋯⟩ = ⟨24, ⋯⟩ then 1 else 0) +
          -if ⟨15, ⋯⟩ = ⟨26, ⋯⟩ then 1606938040236943481429907225474247728170690725378808731729921 else 0) <
      512 ^
        (![24, 24, 24, 24, 24, 24, 24, 24, 24, 38, 24, 38, 24, 46, 24, 29, 24, 29, 24, 29, 24, 29, 24] ⟨13, ⋯⟩ - 22) ∧
    ((if ⟨15, ⋯⟩ = ⟨26, ⋯⟩ then 1606938040236943481429907225474247728170690725378808731729921 else 0) +
          if ⟨15, ⋯⟩ = ⟨24, ⋯⟩ then 1 else 0) +
        ((-if ⟨15, ⋯⟩ = ⟨21, ⋯⟩ then 1 else 0) +
          ((-if ⟨15, ⋯⟩ = ⟨18, ⋯⟩ then -1522356203033901467723972540862214784610026447382568305388796 else 0) +
            (((((((((-if ⟨15, ⋯⟩ = ⟨8, ⋯⟩ then 295572421022148107387365359962275765841347054642257937431270 else 0) +
                            -if ⟨15, ⋯⟩ = ⟨7, ⋯⟩ then 1438767033088100244728664879689866584553574833781248937459679
                              else 0) +
                          -if ⟨15, ⋯⟩ = ⟨6, ⋯⟩ then 168846812639502040874424905035226945680858012035860369649544
                            else 0) +
                        -if ⟨15, ⋯⟩ = ⟨5, ⋯⟩ then 1400070462753430720352396059884863926591487685693929134614351
                          else 0) +
                      -if ⟨15, ⋯⟩ = ⟨4, ⋯⟩ then 1583879869042979040058862001724753309599103428087730154722882 else 0) +
                    -if ⟨15, ⋯⟩ = ⟨3, ⋯⟩ then 464430110441043401102762325210005366396131447824338599181938 else 0) +
                  -if ⟨15, ⋯⟩ = ⟨2, ⋯⟩ then 618786041258804908447457396686492883899388767448874179277885 else 0) +
                -if ⟨15, ⋯⟩ = ⟨1, ⋯⟩ then 190912212895560237323709081460011468417886698937689408761221 else 0) +
              -if ⟨15, ⋯⟩ = ⟨0, ⋯⟩ then 1535097889230980652050155379269610615631018586457153232186336 else 0))) <
      512 ^ (![24, 24, 24, 24, 24, 24, 24, 24, 24, 38, 24, 38, 24, 46, 24, 29, 24, 29, 24, 29, 24, 29, 24] ⟨13, ⋯⟩ - 22)

case «13».«16»
⊢ (((if ⟨16, ⋯⟩ = ⟨0, ⋯⟩ then 1535097889230980652050155379269610615631018586457153232186336 else 0) +
              ((if ⟨16, ⋯⟩ = ⟨1, ⋯⟩ then 190912212895560237323709081460011468417886698937689408761221 else 0) +
                ((if ⟨16, ⋯⟩ = ⟨2, ⋯⟩ then 618786041258804908447457396686492883899388767448874179277885 else 0) +
                  ((if ⟨16, ⋯⟩ = ⟨3, ⋯⟩ then 464430110441043401102762325210005366396131447824338599181938 else 0) +
                    ((if ⟨16, ⋯⟩ = ⟨4, ⋯⟩ then 1583879869042979040058862001724753309599103428087730154722882 else 0) +
                      ((if ⟨16, ⋯⟩ = ⟨5, ⋯⟩ then 1400070462753430720352396059884863926591487685693929134614351 else 0) +
                        ((if ⟨16, ⋯⟩ = ⟨6, ⋯⟩ then 168846812639502040874424905035226945680858012035860369649544
                          else 0) +
                          ((if ⟨16, ⋯⟩ = ⟨7, ⋯⟩ then 1438767033088100244728664879689866584553574833781248937459679
                            else 0) +
                            if ⟨16, ⋯⟩ = ⟨8, ⋯⟩ then 295572421022148107387365359962275765841347054642257937431270
                            else 0))))))) +
            if ⟨16, ⋯⟩ = ⟨18, ⋯⟩ then -1522356203033901467723972540862214784610026447382568305388796 else 0) +
          if ⟨16, ⋯⟩ = ⟨21, ⋯⟩ then 1 else 0) +
        ((-if ⟨16, ⋯⟩ = ⟨24, ⋯⟩ then 1 else 0) +
          -if ⟨16, ⋯⟩ = ⟨26, ⋯⟩ then 1606938040236943481429907225474247728170690725378808731729921 else 0) <
      512 ^
        (![24, 24, 24, 24, 24, 24, 24, 24, 24, 38, 24, 38, 24, 46, 24, 29, 24, 29, 24, 29, 24, 29, 24] ⟨13, ⋯⟩ - 22) ∧
    ((if ⟨16, ⋯⟩ = ⟨26, ⋯⟩ then 1606938040236943481429907225474247728170690725378808731729921 else 0) +
          if ⟨16, ⋯⟩ = ⟨24, ⋯⟩ then 1 else 0) +
        ((-if ⟨16, ⋯⟩ = ⟨21, ⋯⟩ then 1 else 0) +
          ((-if ⟨16, ⋯⟩ = ⟨18, ⋯⟩ then -1522356203033901467723972540862214784610026447382568305388796 else 0) +
            (((((((((-if ⟨16, ⋯⟩ = ⟨8, ⋯⟩ then 295572421022148107387365359962275765841347054642257937431270 else 0) +
                            -if ⟨16, ⋯⟩ = ⟨7, ⋯⟩ then 1438767033088100244728664879689866584553574833781248937459679
                              else 0) +
                          -if ⟨16, ⋯⟩ = ⟨6, ⋯⟩ then 168846812639502040874424905035226945680858012035860369649544
                            else 0) +
                        -if ⟨16, ⋯⟩ = ⟨5, ⋯⟩ then 1400070462753430720352396059884863926591487685693929134614351
                          else 0) +
                      -if ⟨16, ⋯⟩ = ⟨4, ⋯⟩ then 1583879869042979040058862001724753309599103428087730154722882 else 0) +
                    -if ⟨16, ⋯⟩ = ⟨3, ⋯⟩ then 464430110441043401102762325210005366396131447824338599181938 else 0) +
                  -if ⟨16, ⋯⟩ = ⟨2, ⋯⟩ then 618786041258804908447457396686492883899388767448874179277885 else 0) +
                -if ⟨16, ⋯⟩ = ⟨1, ⋯⟩ then 190912212895560237323709081460011468417886698937689408761221 else 0) +
              -if ⟨16, ⋯⟩ = ⟨0, ⋯⟩ then 1535097889230980652050155379269610615631018586457153232186336 else 0))) <
      512 ^ (![24, 24, 24, 24, 24, 24, 24, 24, 24, 38, 24, 38, 24, 46, 24, 29, 24, 29, 24, 29, 24, 29, 24] ⟨13, ⋯⟩ - 22)

case «13».«17»
⊢ (((if ⟨17, ⋯⟩ = ⟨0, ⋯⟩ then 1535097889230980652050155379269610615631018586457153232186336 else 0) +
              ((if ⟨17, ⋯⟩ = ⟨1, ⋯⟩ then 190912212895560237323709081460011468417886698937689408761221 else 0) +
                ((if ⟨17, ⋯⟩ = ⟨2, ⋯⟩ then 618786041258804908447457396686492883899388767448874179277885 else 0) +
                  ((if ⟨17, ⋯⟩ = ⟨3, ⋯⟩ then 464430110441043401102762325210005366396131447824338599181938 else 0) +
                    ((if ⟨17, ⋯⟩ = ⟨4, ⋯⟩ then 1583879869042979040058862001724753309599103428087730154722882 else 0) +
                      ((if ⟨17, ⋯⟩ = ⟨5, ⋯⟩ then 1400070462753430720352396059884863926591487685693929134614351 else 0) +
                        ((if ⟨17, ⋯⟩ = ⟨6, ⋯⟩ then 168846812639502040874424905035226945680858012035860369649544
                          else 0) +
                          ((if ⟨17, ⋯⟩ = ⟨7, ⋯⟩ then 1438767033088100244728664879689866584553574833781248937459679
                            else 0) +
                            if ⟨17, ⋯⟩ = ⟨8, ⋯⟩ then 295572421022148107387365359962275765841347054642257937431270
                            else 0))))))) +
            if ⟨17, ⋯⟩ = ⟨18, ⋯⟩ then -1522356203033901467723972540862214784610026447382568305388796 else 0) +
          if ⟨17, ⋯⟩ = ⟨21, ⋯⟩ then 1 else 0) +
        ((-if ⟨17, ⋯⟩ = ⟨24, ⋯⟩ then 1 else 0) +
          -if ⟨17, ⋯⟩ = ⟨26, ⋯⟩ then 1606938040236943481429907225474247728170690725378808731729921 else 0) <
      512 ^
        (![24, 24, 24, 24, 24, 24, 24, 24, 24, 38, 24, 38, 24, 46, 24, 29, 24, 29, 24, 29, 24, 29, 24] ⟨13, ⋯⟩ - 22) ∧
    ((if ⟨17, ⋯⟩ = ⟨26, ⋯⟩ then 1606938040236943481429907225474247728170690725378808731729921 else 0) +
          if ⟨17, ⋯⟩ = ⟨24, ⋯⟩ then 1 else 0) +
        ((-if ⟨17, ⋯⟩ = ⟨21, ⋯⟩ then 1 else 0) +
          ((-if ⟨17, ⋯⟩ = ⟨18, ⋯⟩ then -1522356203033901467723972540862214784610026447382568305388796 else 0) +
            (((((((((-if ⟨17, ⋯⟩ = ⟨8, ⋯⟩ then 295572421022148107387365359962275765841347054642257937431270 else 0) +
                            -if ⟨17, ⋯⟩ = ⟨7, ⋯⟩ then 1438767033088100244728664879689866584553574833781248937459679
                              else 0) +
                          -if ⟨17, ⋯⟩ = ⟨6, ⋯⟩ then 168846812639502040874424905035226945680858012035860369649544
                            else 0) +
                        -if ⟨17, ⋯⟩ = ⟨5, ⋯⟩ then 1400070462753430720352396059884863926591487685693929134614351
                          else 0) +
                      -if ⟨17, ⋯⟩ = ⟨4, ⋯⟩ then 1583879869042979040058862001724753309599103428087730154722882 else 0) +
                    -if ⟨17, ⋯⟩ = ⟨3, ⋯⟩ then 464430110441043401102762325210005366396131447824338599181938 else 0) +
                  -if ⟨17, ⋯⟩ = ⟨2, ⋯⟩ then 618786041258804908447457396686492883899388767448874179277885 else 0) +
                -if ⟨17, ⋯⟩ = ⟨1, ⋯⟩ then 190912212895560237323709081460011468417886698937689408761221 else 0) +
              -if ⟨17, ⋯⟩ = ⟨0, ⋯⟩ then 1535097889230980652050155379269610615631018586457153232186336 else 0))) <
      512 ^ (![24, 24, 24, 24, 24, 24, 24, 24, 24, 38, 24, 38, 24, 46, 24, 29, 24, 29, 24, 29, 24, 29, 24] ⟨13, ⋯⟩ - 22)

case «13».«18»
⊢ (((if ⟨18, ⋯⟩ = ⟨0, ⋯⟩ then 1535097889230980652050155379269610615631018586457153232186336 else 0) +
              ((if ⟨18, ⋯⟩ = ⟨1, ⋯⟩ then 190912212895560237323709081460011468417886698937689408761221 else 0) +
                ((if ⟨18, ⋯⟩ = ⟨2, ⋯⟩ then 618786041258804908447457396686492883899388767448874179277885 else 0) +
                  ((if ⟨18, ⋯⟩ = ⟨3, ⋯⟩ then 464430110441043401102762325210005366396131447824338599181938 else 0) +
                    ((if ⟨18, ⋯⟩ = ⟨4, ⋯⟩ then 1583879869042979040058862001724753309599103428087730154722882 else 0) +
                      ((if ⟨18, ⋯⟩ = ⟨5, ⋯⟩ then 1400070462753430720352396059884863926591487685693929134614351 else 0) +
                        ((if ⟨18, ⋯⟩ = ⟨6, ⋯⟩ then 168846812639502040874424905035226945680858012035860369649544
                          else 0) +
                          ((if ⟨18, ⋯⟩ = ⟨7, ⋯⟩ then 1438767033088100244728664879689866584553574833781248937459679
                            else 0) +
                            if ⟨18, ⋯⟩ = ⟨8, ⋯⟩ then 295572421022148107387365359962275765841347054642257937431270
                            else 0))))))) +
            if ⟨18, ⋯⟩ = ⟨18, ⋯⟩ then -1522356203033901467723972540862214784610026447382568305388796 else 0) +
          if ⟨18, ⋯⟩ = ⟨21, ⋯⟩ then 1 else 0) +
        ((-if ⟨18, ⋯⟩ = ⟨24, ⋯⟩ then 1 else 0) +
          -if ⟨18, ⋯⟩ = ⟨26, ⋯⟩ then 1606938040236943481429907225474247728170690725378808731729921 else 0) <
      512 ^
        (![24, 24, 24, 24, 24, 24, 24, 24, 24, 38, 24, 38, 24, 46, 24, 29, 24, 29, 24, 29, 24, 29, 24] ⟨13, ⋯⟩ - 22) ∧
    ((if ⟨18, ⋯⟩ = ⟨26, ⋯⟩ then 1606938040236943481429907225474247728170690725378808731729921 else 0) +
          if ⟨18, ⋯⟩ = ⟨24, ⋯⟩ then 1 else 0) +
        ((-if ⟨18, ⋯⟩ = ⟨21, ⋯⟩ then 1 else 0) +
          ((-if ⟨18, ⋯⟩ = ⟨18, ⋯⟩ then -1522356203033901467723972540862214784610026447382568305388796 else 0) +
            (((((((((-if ⟨18, ⋯⟩ = ⟨8, ⋯⟩ then 295572421022148107387365359962275765841347054642257937431270 else 0) +
                            -if ⟨18, ⋯⟩ = ⟨7, ⋯⟩ then 1438767033088100244728664879689866584553574833781248937459679
                              else 0) +
                          -if ⟨18, ⋯⟩ = ⟨6, ⋯⟩ then 168846812639502040874424905035226945680858012035860369649544
                            else 0) +
                        -if ⟨18, ⋯⟩ = ⟨5, ⋯⟩ then 1400070462753430720352396059884863926591487685693929134614351
                          else 0) +
                      -if ⟨18, ⋯⟩ = ⟨4, ⋯⟩ then 1583879869042979040058862001724753309599103428087730154722882 else 0) +
                    -if ⟨18, ⋯⟩ = ⟨3, ⋯⟩ then 464430110441043401102762325210005366396131447824338599181938 else 0) +
                  -if ⟨18, ⋯⟩ = ⟨2, ⋯⟩ then 618786041258804908447457396686492883899388767448874179277885 else 0) +
                -if ⟨18, ⋯⟩ = ⟨1, ⋯⟩ then 190912212895560237323709081460011468417886698937689408761221 else 0) +
              -if ⟨18, ⋯⟩ = ⟨0, ⋯⟩ then 1535097889230980652050155379269610615631018586457153232186336 else 0))) <
      512 ^ (![24, 24, 24, 24, 24, 24, 24, 24, 24, 38, 24, 38, 24, 46, 24, 29, 24, 29, 24, 29, 24, 29, 24] ⟨13, ⋯⟩ - 22)

case «13».«19»
⊢ (((if ⟨19, ⋯⟩ = ⟨0, ⋯⟩ then 1535097889230980652050155379269610615631018586457153232186336 else 0) +
              ((if ⟨19, ⋯⟩ = ⟨1, ⋯⟩ then 190912212895560237323709081460011468417886698937689408761221 else 0) +
                ((if ⟨19, ⋯⟩ = ⟨2, ⋯⟩ then 618786041258804908447457396686492883899388767448874179277885 else 0) +
                  ((if ⟨19, ⋯⟩ = ⟨3, ⋯⟩ then 464430110441043401102762325210005366396131447824338599181938 else 0) +
                    ((if ⟨19, ⋯⟩ = ⟨4, ⋯⟩ then 1583879869042979040058862001724753309599103428087730154722882 else 0) +
                      ((if ⟨19, ⋯⟩ = ⟨5, ⋯⟩ then 1400070462753430720352396059884863926591487685693929134614351 else 0) +
                        ((if ⟨19, ⋯⟩ = ⟨6, ⋯⟩ then 168846812639502040874424905035226945680858012035860369649544
                          else 0) +
                          ((if ⟨19, ⋯⟩ = ⟨7, ⋯⟩ then 1438767033088100244728664879689866584553574833781248937459679
                            else 0) +
                            if ⟨19, ⋯⟩ = ⟨8, ⋯⟩ then 295572421022148107387365359962275765841347054642257937431270
                            else 0))))))) +
            if ⟨19, ⋯⟩ = ⟨18, ⋯⟩ then -1522356203033901467723972540862214784610026447382568305388796 else 0) +
          if ⟨19, ⋯⟩ = ⟨21, ⋯⟩ then 1 else 0) +
        ((-if ⟨19, ⋯⟩ = ⟨24, ⋯⟩ then 1 else 0) +
          -if ⟨19, ⋯⟩ = ⟨26, ⋯⟩ then 1606938040236943481429907225474247728170690725378808731729921 else 0) <
      512 ^
        (![24, 24, 24, 24, 24, 24, 24, 24, 24, 38, 24, 38, 24, 46, 24, 29, 24, 29, 24, 29, 24, 29, 24] ⟨13, ⋯⟩ - 22) ∧
    ((if ⟨19, ⋯⟩ = ⟨26, ⋯⟩ then 1606938040236943481429907225474247728170690725378808731729921 else 0) +
          if ⟨19, ⋯⟩ = ⟨24, ⋯⟩ then 1 else 0) +
        ((-if ⟨19, ⋯⟩ = ⟨21, ⋯⟩ then 1 else 0) +
          ((-if ⟨19, ⋯⟩ = ⟨18, ⋯⟩ then -1522356203033901467723972540862214784610026447382568305388796 else 0) +
            (((((((((-if ⟨19, ⋯⟩ = ⟨8, ⋯⟩ then 295572421022148107387365359962275765841347054642257937431270 else 0) +
                            -if ⟨19, ⋯⟩ = ⟨7, ⋯⟩ then 1438767033088100244728664879689866584553574833781248937459679
                              else 0) +
                          -if ⟨19, ⋯⟩ = ⟨6, ⋯⟩ then 168846812639502040874424905035226945680858012035860369649544
                            else 0) +
                        -if ⟨19, ⋯⟩ = ⟨5, ⋯⟩ then 1400070462753430720352396059884863926591487685693929134614351
                          else 0) +
                      -if ⟨19, ⋯⟩ = ⟨4, ⋯⟩ then 1583879869042979040058862001724753309599103428087730154722882 else 0) +
                    -if ⟨19, ⋯⟩ = ⟨3, ⋯⟩ then 464430110441043401102762325210005366396131447824338599181938 else 0) +
                  -if ⟨19, ⋯⟩ = ⟨2, ⋯⟩ then 618786041258804908447457396686492883899388767448874179277885 else 0) +
                -if ⟨19, ⋯⟩ = ⟨1, ⋯⟩ then 190912212895560237323709081460011468417886698937689408761221 else 0) +
              -if ⟨19, ⋯⟩ = ⟨0, ⋯⟩ then 1535097889230980652050155379269610615631018586457153232186336 else 0))) <
      512 ^ (![24, 24, 24, 24, 24, 24, 24, 24, 24, 38, 24, 38, 24, 46, 24, 29, 24, 29, 24, 29, 24, 29, 24] ⟨13, ⋯⟩ - 22)

case «13».«20»
⊢ (((if ⟨20, ⋯⟩ = ⟨0, ⋯⟩ then 1535097889230980652050155379269610615631018586457153232186336 else 0) +
              ((if ⟨20, ⋯⟩ = ⟨1, ⋯⟩ then 190912212895560237323709081460011468417886698937689408761221 else 0) +
                ((if ⟨20, ⋯⟩ = ⟨2, ⋯⟩ then 618786041258804908447457396686492883899388767448874179277885 else 0) +
                  ((if ⟨20, ⋯⟩ = ⟨3, ⋯⟩ then 464430110441043401102762325210005366396131447824338599181938 else 0) +
                    ((if ⟨20, ⋯⟩ = ⟨4, ⋯⟩ then 1583879869042979040058862001724753309599103428087730154722882 else 0) +
                      ((if ⟨20, ⋯⟩ = ⟨5, ⋯⟩ then 1400070462753430720352396059884863926591487685693929134614351 else 0) +
                        ((if ⟨20, ⋯⟩ = ⟨6, ⋯⟩ then 168846812639502040874424905035226945680858012035860369649544
                          else 0) +
                          ((if ⟨20, ⋯⟩ = ⟨7, ⋯⟩ then 1438767033088100244728664879689866584553574833781248937459679
                            else 0) +
                            if ⟨20, ⋯⟩ = ⟨8, ⋯⟩ then 295572421022148107387365359962275765841347054642257937431270
                            else 0))))))) +
            if ⟨20, ⋯⟩ = ⟨18, ⋯⟩ then -1522356203033901467723972540862214784610026447382568305388796 else 0) +
          if ⟨20, ⋯⟩ = ⟨21, ⋯⟩ then 1 else 0) +
        ((-if ⟨20, ⋯⟩ = ⟨24, ⋯⟩ then 1 else 0) +
          -if ⟨20, ⋯⟩ = ⟨26, ⋯⟩ then 1606938040236943481429907225474247728170690725378808731729921 else 0) <
      512 ^
        (![24, 24, 24, 24, 24, 24, 24, 24, 24, 38, 24, 38, 24, 46, 24, 29, 24, 29, 24, 29, 24, 29, 24] ⟨13, ⋯⟩ - 22) ∧
    ((if ⟨20, ⋯⟩ = ⟨26, ⋯⟩ then 1606938040236943481429907225474247728170690725378808731729921 else 0) +
          if ⟨20, ⋯⟩ = ⟨24, ⋯⟩ then 1 else 0) +
        ((-if ⟨20, ⋯⟩ = ⟨21, ⋯⟩ then 1 else 0) +
          ((-if ⟨20, ⋯⟩ = ⟨18, ⋯⟩ then -1522356203033901467723972540862214784610026447382568305388796 else 0) +
            (((((((((-if ⟨20, ⋯⟩ = ⟨8, ⋯⟩ then 295572421022148107387365359962275765841347054642257937431270 else 0) +
                            -if ⟨20, ⋯⟩ = ⟨7, ⋯⟩ then 1438767033088100244728664879689866584553574833781248937459679
                              else 0) +
                          -if ⟨20, ⋯⟩ = ⟨6, ⋯⟩ then 168846812639502040874424905035226945680858012035860369649544
                            else 0) +
                        -if ⟨20, ⋯⟩ = ⟨5, ⋯⟩ then 1400070462753430720352396059884863926591487685693929134614351
                          else 0) +
                      -if ⟨20, ⋯⟩ = ⟨4, ⋯⟩ then 1583879869042979040058862001724753309599103428087730154722882 else 0) +
                    -if ⟨20, ⋯⟩ = ⟨3, ⋯⟩ then 464430110441043401102762325210005366396131447824338599181938 else 0) +
                  -if ⟨20, ⋯⟩ = ⟨2, ⋯⟩ then 618786041258804908447457396686492883899388767448874179277885 else 0) +
                -if ⟨20, ⋯⟩ = ⟨1, ⋯⟩ then 190912212895560237323709081460011468417886698937689408761221 else 0) +
              -if ⟨20, ⋯⟩ = ⟨0, ⋯⟩ then 1535097889230980652050155379269610615631018586457153232186336 else 0))) <
      512 ^ (![24, 24, 24, 24, 24, 24, 24, 24, 24, 38, 24, 38, 24, 46, 24, 29, 24, 29, 24, 29, 24, 29, 24] ⟨13, ⋯⟩ - 22)

case «13».«21»
⊢ (((if ⟨21, ⋯⟩ = ⟨0, ⋯⟩ then 1535097889230980652050155379269610615631018586457153232186336 else 0) +
              ((if ⟨21, ⋯⟩ = ⟨1, ⋯⟩ then 190912212895560237323709081460011468417886698937689408761221 else 0) +
                ((if ⟨21, ⋯⟩ = ⟨2, ⋯⟩ then 618786041258804908447457396686492883899388767448874179277885 else 0) +
                  ((if ⟨21, ⋯⟩ = ⟨3, ⋯⟩ then 464430110441043401102762325210005366396131447824338599181938 else 0) +
                    ((if ⟨21, ⋯⟩ = ⟨4, ⋯⟩ then 1583879869042979040058862001724753309599103428087730154722882 else 0) +
                      ((if ⟨21, ⋯⟩ = ⟨5, ⋯⟩ then 1400070462753430720352396059884863926591487685693929134614351 else 0) +
                        ((if ⟨21, ⋯⟩ = ⟨6, ⋯⟩ then 168846812639502040874424905035226945680858012035860369649544
                          else 0) +
                          ((if ⟨21, ⋯⟩ = ⟨7, ⋯⟩ then 1438767033088100244728664879689866584553574833781248937459679
                            else 0) +
                            if ⟨21, ⋯⟩ = ⟨8, ⋯⟩ then 295572421022148107387365359962275765841347054642257937431270
                            else 0))))))) +
            if ⟨21, ⋯⟩ = ⟨18, ⋯⟩ then -1522356203033901467723972540862214784610026447382568305388796 else 0) +
          if ⟨21, ⋯⟩ = ⟨21, ⋯⟩ then 1 else 0) +
        ((-if ⟨21, ⋯⟩ = ⟨24, ⋯⟩ then 1 else 0) +
          -if ⟨21, ⋯⟩ = ⟨26, ⋯⟩ then 1606938040236943481429907225474247728170690725378808731729921 else 0) <
      512 ^
        (![24, 24, 24, 24, 24, 24, 24, 24, 24, 38, 24, 38, 24, 46, 24, 29, 24, 29, 24, 29, 24, 29, 24] ⟨13, ⋯⟩ - 22) ∧
    ((if ⟨21, ⋯⟩ = ⟨26, ⋯⟩ then 1606938040236943481429907225474247728170690725378808731729921 else 0) +
          if ⟨21, ⋯⟩ = ⟨24, ⋯⟩ then 1 else 0) +
        ((-if ⟨21, ⋯⟩ = ⟨21, ⋯⟩ then 1 else 0) +
          ((-if ⟨21, ⋯⟩ = ⟨18, ⋯⟩ then -1522356203033901467723972540862214784610026447382568305388796 else 0) +
            (((((((((-if ⟨21, ⋯⟩ = ⟨8, ⋯⟩ then 295572421022148107387365359962275765841347054642257937431270 else 0) +
                            -if ⟨21, ⋯⟩ = ⟨7, ⋯⟩ then 1438767033088100244728664879689866584553574833781248937459679
                              else 0) +
                          -if ⟨21, ⋯⟩ = ⟨6, ⋯⟩ then 168846812639502040874424905035226945680858012035860369649544
                            else 0) +
                        -if ⟨21, ⋯⟩ = ⟨5, ⋯⟩ then 1400070462753430720352396059884863926591487685693929134614351
                          else 0) +
                      -if ⟨21, ⋯⟩ = ⟨4, ⋯⟩ then 1583879869042979040058862001724753309599103428087730154722882 else 0) +
                    -if ⟨21, ⋯⟩ = ⟨3, ⋯⟩ then 464430110441043401102762325210005366396131447824338599181938 else 0) +
                  -if ⟨21, ⋯⟩ = ⟨2, ⋯⟩ then 618786041258804908447457396686492883899388767448874179277885 else 0) +
                -if ⟨21, ⋯⟩ = ⟨1, ⋯⟩ then 190912212895560237323709081460011468417886698937689408761221 else 0) +
              -if ⟨21, ⋯⟩ = ⟨0, ⋯⟩ then 1535097889230980652050155379269610615631018586457153232186336 else 0))) <
      512 ^ (![24, 24, 24, 24, 24, 24, 24, 24, 24, 38, 24, 38, 24, 46, 24, 29, 24, 29, 24, 29, 24, 29, 24] ⟨13, ⋯⟩ - 22)

case «13».«22»
⊢ (((if ⟨22, ⋯⟩ = ⟨0, ⋯⟩ then 1535097889230980652050155379269610615631018586457153232186336 else 0) +
              ((if ⟨22, ⋯⟩ = ⟨1, ⋯⟩ then 190912212895560237323709081460011468417886698937689408761221 else 0) +
                ((if ⟨22, ⋯⟩ = ⟨2, ⋯⟩ then 618786041258804908447457396686492883899388767448874179277885 else 0) +
                  ((if ⟨22, ⋯⟩ = ⟨3, ⋯⟩ then 464430110441043401102762325210005366396131447824338599181938 else 0) +
                    ((if ⟨22, ⋯⟩ = ⟨4, ⋯⟩ then 1583879869042979040058862001724753309599103428087730154722882 else 0) +
                      ((if ⟨22, ⋯⟩ = ⟨5, ⋯⟩ then 1400070462753430720352396059884863926591487685693929134614351 else 0) +
                        ((if ⟨22, ⋯⟩ = ⟨6, ⋯⟩ then 168846812639502040874424905035226945680858012035860369649544
                          else 0) +
                          ((if ⟨22, ⋯⟩ = ⟨7, ⋯⟩ then 1438767033088100244728664879689866584553574833781248937459679
                            else 0) +
                            if ⟨22, ⋯⟩ = ⟨8, ⋯⟩ then 295572421022148107387365359962275765841347054642257937431270
                            else 0))))))) +
            if ⟨22, ⋯⟩ = ⟨18, ⋯⟩ then -1522356203033901467723972540862214784610026447382568305388796 else 0) +
          if ⟨22, ⋯⟩ = ⟨21, ⋯⟩ then 1 else 0) +
        ((-if ⟨22, ⋯⟩ = ⟨24, ⋯⟩ then 1 else 0) +
          -if ⟨22, ⋯⟩ = ⟨26, ⋯⟩ then 1606938040236943481429907225474247728170690725378808731729921 else 0) <
      512 ^
        (![24, 24, 24, 24, 24, 24, 24, 24, 24, 38, 24, 38, 24, 46, 24, 29, 24, 29, 24, 29, 24, 29, 24] ⟨13, ⋯⟩ - 22) ∧
    ((if ⟨22, ⋯⟩ = ⟨26, ⋯⟩ then 1606938040236943481429907225474247728170690725378808731729921 else 0) +
          if ⟨22, ⋯⟩ = ⟨24, ⋯⟩ then 1 else 0) +
        ((-if ⟨22, ⋯⟩ = ⟨21, ⋯⟩ then 1 else 0) +
          ((-if ⟨22, ⋯⟩ = ⟨18, ⋯⟩ then -1522356203033901467723972540862214784610026447382568305388796 else 0) +
            (((((((((-if ⟨22, ⋯⟩ = ⟨8, ⋯⟩ then 295572421022148107387365359962275765841347054642257937431270 else 0) +
                            -if ⟨22, ⋯⟩ = ⟨7, ⋯⟩ then 1438767033088100244728664879689866584553574833781248937459679
                              else 0) +
                          -if ⟨22, ⋯⟩ = ⟨6, ⋯⟩ then 168846812639502040874424905035226945680858012035860369649544
                            else 0) +
                        -if ⟨22, ⋯⟩ = ⟨5, ⋯⟩ then 1400070462753430720352396059884863926591487685693929134614351
                          else 0) +
                      -if ⟨22, ⋯⟩ = ⟨4, ⋯⟩ then 1583879869042979040058862001724753309599103428087730154722882 else 0) +
                    -if ⟨22, ⋯⟩ = ⟨3, ⋯⟩ then 464430110441043401102762325210005366396131447824338599181938 else 0) +
                  -if ⟨22, ⋯⟩ = ⟨2, ⋯⟩ then 618786041258804908447457396686492883899388767448874179277885 else 0) +
                -if ⟨22, ⋯⟩ = ⟨1, ⋯⟩ then 190912212895560237323709081460011468417886698937689408761221 else 0) +
              -if ⟨22, ⋯⟩ = ⟨0, ⋯⟩ then 1535097889230980652050155379269610615631018586457153232186336 else 0))) <
      512 ^ (![24, 24, 24, 24, 24, 24, 24, 24, 24, 38, 24, 38, 24, 46, 24, 29, 24, 29, 24, 29, 24, 29, 24] ⟨13, ⋯⟩ - 22)

case «13».«23»
⊢ (((if ⟨23, ⋯⟩ = ⟨0, ⋯⟩ then 1535097889230980652050155379269610615631018586457153232186336 else 0) +
              ((if ⟨23, ⋯⟩ = ⟨1, ⋯⟩ then 190912212895560237323709081460011468417886698937689408761221 else 0) +
                ((if ⟨23, ⋯⟩ = ⟨2, ⋯⟩ then 618786041258804908447457396686492883899388767448874179277885 else 0) +
                  ((if ⟨23, ⋯⟩ = ⟨3, ⋯⟩ then 464430110441043401102762325210005366396131447824338599181938 else 0) +
                    ((if ⟨23, ⋯⟩ = ⟨4, ⋯⟩ then 1583879869042979040058862001724753309599103428087730154722882 else 0) +
                      ((if ⟨23, ⋯⟩ = ⟨5, ⋯⟩ then 1400070462753430720352396059884863926591487685693929134614351 else 0) +
                        ((if ⟨23, ⋯⟩ = ⟨6, ⋯⟩ then 168846812639502040874424905035226945680858012035860369649544
                          else 0) +
                          ((if ⟨23, ⋯⟩ = ⟨7, ⋯⟩ then 1438767033088100244728664879689866584553574833781248937459679
                            else 0) +
                            if ⟨23, ⋯⟩ = ⟨8, ⋯⟩ then 295572421022148107387365359962275765841347054642257937431270
                            else 0))))))) +
            if ⟨23, ⋯⟩ = ⟨18, ⋯⟩ then -1522356203033901467723972540862214784610026447382568305388796 else 0) +
          if ⟨23, ⋯⟩ = ⟨21, ⋯⟩ then 1 else 0) +
        ((-if ⟨23, ⋯⟩ = ⟨24, ⋯⟩ then 1 else 0) +
          -if ⟨23, ⋯⟩ = ⟨26, ⋯⟩ then 1606938040236943481429907225474247728170690725378808731729921 else 0) <
      512 ^
        (![24, 24, 24, 24, 24, 24, 24, 24, 24, 38, 24, 38, 24, 46, 24, 29, 24, 29, 24, 29, 24, 29, 24] ⟨13, ⋯⟩ - 22) ∧
    ((if ⟨23, ⋯⟩ = ⟨26, ⋯⟩ then 1606938040236943481429907225474247728170690725378808731729921 else 0) +
          if ⟨23, ⋯⟩ = ⟨24, ⋯⟩ then 1 else 0) +
        ((-if ⟨23, ⋯⟩ = ⟨21, ⋯⟩ then 1 else 0) +
          ((-if ⟨23, ⋯⟩ = ⟨18, ⋯⟩ then -1522356203033901467723972540862214784610026447382568305388796 else 0) +
            (((((((((-if ⟨23, ⋯⟩ = ⟨8, ⋯⟩ then 295572421022148107387365359962275765841347054642257937431270 else 0) +
                            -if ⟨23, ⋯⟩ = ⟨7, ⋯⟩ then 1438767033088100244728664879689866584553574833781248937459679
                              else 0) +
                          -if ⟨23, ⋯⟩ = ⟨6, ⋯⟩ then 168846812639502040874424905035226945680858012035860369649544
                            else 0) +
                        -if ⟨23, ⋯⟩ = ⟨5, ⋯⟩ then 1400070462753430720352396059884863926591487685693929134614351
                          else 0) +
                      -if ⟨23, ⋯⟩ = ⟨4, ⋯⟩ then 1583879869042979040058862001724753309599103428087730154722882 else 0) +
                    -if ⟨23, ⋯⟩ = ⟨3, ⋯⟩ then 464430110441043401102762325210005366396131447824338599181938 else 0) +
                  -if ⟨23, ⋯⟩ = ⟨2, ⋯⟩ then 618786041258804908447457396686492883899388767448874179277885 else 0) +
                -if ⟨23, ⋯⟩ = ⟨1, ⋯⟩ then 190912212895560237323709081460011468417886698937689408761221 else 0) +
              -if ⟨23, ⋯⟩ = ⟨0, ⋯⟩ then 1535097889230980652050155379269610615631018586457153232186336 else 0))) <
      512 ^ (![24, 24, 24, 24, 24, 24, 24, 24, 24, 38, 24, 38, 24, 46, 24, 29, 24, 29, 24, 29, 24, 29, 24] ⟨13, ⋯⟩ - 22)

case «13».«24»
⊢ (((if ⟨24, ⋯⟩ = ⟨0, ⋯⟩ then 1535097889230980652050155379269610615631018586457153232186336 else 0) +
              ((if ⟨24, ⋯⟩ = ⟨1, ⋯⟩ then 190912212895560237323709081460011468417886698937689408761221 else 0) +
                ((if ⟨24, ⋯⟩ = ⟨2, ⋯⟩ then 618786041258804908447457396686492883899388767448874179277885 else 0) +
                  ((if ⟨24, ⋯⟩ = ⟨3, ⋯⟩ then 464430110441043401102762325210005366396131447824338599181938 else 0) +
                    ((if ⟨24, ⋯⟩ = ⟨4, ⋯⟩ then 1583879869042979040058862001724753309599103428087730154722882 else 0) +
                      ((if ⟨24, ⋯⟩ = ⟨5, ⋯⟩ then 1400070462753430720352396059884863926591487685693929134614351 else 0) +
                        ((if ⟨24, ⋯⟩ = ⟨6, ⋯⟩ then 168846812639502040874424905035226945680858012035860369649544
                          else 0) +
                          ((if ⟨24, ⋯⟩ = ⟨7, ⋯⟩ then 1438767033088100244728664879689866584553574833781248937459679
                            else 0) +
                            if ⟨24, ⋯⟩ = ⟨8, ⋯⟩ then 295572421022148107387365359962275765841347054642257937431270
                            else 0))))))) +
            if ⟨24, ⋯⟩ = ⟨18, ⋯⟩ then -1522356203033901467723972540862214784610026447382568305388796 else 0) +
          if ⟨24, ⋯⟩ = ⟨21, ⋯⟩ then 1 else 0) +
        ((-if ⟨24, ⋯⟩ = ⟨24, ⋯⟩ then 1 else 0) +
          -if ⟨24, ⋯⟩ = ⟨26, ⋯⟩ then 1606938040236943481429907225474247728170690725378808731729921 else 0) <
      512 ^
        (![24, 24, 24, 24, 24, 24, 24, 24, 24, 38, 24, 38, 24, 46, 24, 29, 24, 29, 24, 29, 24, 29, 24] ⟨13, ⋯⟩ - 22) ∧
    ((if ⟨24, ⋯⟩ = ⟨26, ⋯⟩ then 1606938040236943481429907225474247728170690725378808731729921 else 0) +
          if ⟨24, ⋯⟩ = ⟨24, ⋯⟩ then 1 else 0) +
        ((-if ⟨24, ⋯⟩ = ⟨21, ⋯⟩ then 1 else 0) +
          ((-if ⟨24, ⋯⟩ = ⟨18, ⋯⟩ then -1522356203033901467723972540862214784610026447382568305388796 else 0) +
            (((((((((-if ⟨24, ⋯⟩ = ⟨8, ⋯⟩ then 295572421022148107387365359962275765841347054642257937431270 else 0) +
                            -if ⟨24, ⋯⟩ = ⟨7, ⋯⟩ then 1438767033088100244728664879689866584553574833781248937459679
                              else 0) +
                          -if ⟨24, ⋯⟩ = ⟨6, ⋯⟩ then 168846812639502040874424905035226945680858012035860369649544
                            else 0) +
                        -if ⟨24, ⋯⟩ = ⟨5, ⋯⟩ then 1400070462753430720352396059884863926591487685693929134614351
                          else 0) +
                      -if ⟨24, ⋯⟩ = ⟨4, ⋯⟩ then 1583879869042979040058862001724753309599103428087730154722882 else 0) +
                    -if ⟨24, ⋯⟩ = ⟨3, ⋯⟩ then 464430110441043401102762325210005366396131447824338599181938 else 0) +
                  -if ⟨24, ⋯⟩ = ⟨2, ⋯⟩ then 618786041258804908447457396686492883899388767448874179277885 else 0) +
                -if ⟨24, ⋯⟩ = ⟨1, ⋯⟩ then 190912212895560237323709081460011468417886698937689408761221 else 0) +
              -if ⟨24, ⋯⟩ = ⟨0, ⋯⟩ then 1535097889230980652050155379269610615631018586457153232186336 else 0))) <
      512 ^ (![24, 24, 24, 24, 24, 24, 24, 24, 24, 38, 24, 38, 24, 46, 24, 29, 24, 29, 24, 29, 24, 29, 24] ⟨13, ⋯⟩ - 22)

case «13».«25»
⊢ (((if ⟨25, ⋯⟩ = ⟨0, ⋯⟩ then 1535097889230980652050155379269610615631018586457153232186336 else 0) +
              ((if ⟨25, ⋯⟩ = ⟨1, ⋯⟩ then 190912212895560237323709081460011468417886698937689408761221 else 0) +
                ((if ⟨25, ⋯⟩ = ⟨2, ⋯⟩ then 618786041258804908447457396686492883899388767448874179277885 else 0) +
                  ((if ⟨25, ⋯⟩ = ⟨3, ⋯⟩ then 464430110441043401102762325210005366396131447824338599181938 else 0) +
                    ((if ⟨25, ⋯⟩ = ⟨4, ⋯⟩ then 1583879869042979040058862001724753309599103428087730154722882 else 0) +
                      ((if ⟨25, ⋯⟩ = ⟨5, ⋯⟩ then 1400070462753430720352396059884863926591487685693929134614351 else 0) +
                        ((if ⟨25, ⋯⟩ = ⟨6, ⋯⟩ then 168846812639502040874424905035226945680858012035860369649544
                          else 0) +
                          ((if ⟨25, ⋯⟩ = ⟨7, ⋯⟩ then 1438767033088100244728664879689866584553574833781248937459679
                            else 0) +
                            if ⟨25, ⋯⟩ = ⟨8, ⋯⟩ then 295572421022148107387365359962275765841347054642257937431270
                            else 0))))))) +
            if ⟨25, ⋯⟩ = ⟨18, ⋯⟩ then -1522356203033901467723972540862214784610026447382568305388796 else 0) +
          if ⟨25, ⋯⟩ = ⟨21, ⋯⟩ then 1 else 0) +
        ((-if ⟨25, ⋯⟩ = ⟨24, ⋯⟩ then 1 else 0) +
          -if ⟨25, ⋯⟩ = ⟨26, ⋯⟩ then 1606938040236943481429907225474247728170690725378808731729921 else 0) <
      512 ^
        (![24, 24, 24, 24, 24, 24, 24, 24, 24, 38, 24, 38, 24, 46, 24, 29, 24, 29, 24, 29, 24, 29, 24] ⟨13, ⋯⟩ - 22) ∧
    ((if ⟨25, ⋯⟩ = ⟨26, ⋯⟩ then 1606938040236943481429907225474247728170690725378808731729921 else 0) +
          if ⟨25, ⋯⟩ = ⟨24, ⋯⟩ then 1 else 0) +
        ((-if ⟨25, ⋯⟩ = ⟨21, ⋯⟩ then 1 else 0) +
          ((-if ⟨25, ⋯⟩ = ⟨18, ⋯⟩ then -1522356203033901467723972540862214784610026447382568305388796 else 0) +
            (((((((((-if ⟨25, ⋯⟩ = ⟨8, ⋯⟩ then 295572421022148107387365359962275765841347054642257937431270 else 0) +
                            -if ⟨25, ⋯⟩ = ⟨7, ⋯⟩ then 1438767033088100244728664879689866584553574833781248937459679
                              else 0) +
                          -if ⟨25, ⋯⟩ = ⟨6, ⋯⟩ then 168846812639502040874424905035226945680858012035860369649544
                            else 0) +
                        -if ⟨25, ⋯⟩ = ⟨5, ⋯⟩ then 1400070462753430720352396059884863926591487685693929134614351
                          else 0) +
                      -if ⟨25, ⋯⟩ = ⟨4, ⋯⟩ then 1583879869042979040058862001724753309599103428087730154722882 else 0) +
                    -if ⟨25, ⋯⟩ = ⟨3, ⋯⟩ then 464430110441043401102762325210005366396131447824338599181938 else 0) +
                  -if ⟨25, ⋯⟩ = ⟨2, ⋯⟩ then 618786041258804908447457396686492883899388767448874179277885 else 0) +
                -if ⟨25, ⋯⟩ = ⟨1, ⋯⟩ then 190912212895560237323709081460011468417886698937689408761221 else 0) +
              -if ⟨25, ⋯⟩ = ⟨0, ⋯⟩ then 1535097889230980652050155379269610615631018586457153232186336 else 0))) <
      512 ^ (![24, 24, 24, 24, 24, 24, 24, 24, 24, 38, 24, 38, 24, 46, 24, 29, 24, 29, 24, 29, 24, 29, 24] ⟨13, ⋯⟩ - 22)

case «13».«26»
⊢ (((if ⟨26, ⋯⟩ = ⟨0, ⋯⟩ then 1535097889230980652050155379269610615631018586457153232186336 else 0) +
              ((if ⟨26, ⋯⟩ = ⟨1, ⋯⟩ then 190912212895560237323709081460011468417886698937689408761221 else 0) +
                ((if ⟨26, ⋯⟩ = ⟨2, ⋯⟩ then 618786041258804908447457396686492883899388767448874179277885 else 0) +
                  ((if ⟨26, ⋯⟩ = ⟨3, ⋯⟩ then 464430110441043401102762325210005366396131447824338599181938 else 0) +
                    ((if ⟨26, ⋯⟩ = ⟨4, ⋯⟩ then 1583879869042979040058862001724753309599103428087730154722882 else 0) +
                      ((if ⟨26, ⋯⟩ = ⟨5, ⋯⟩ then 1400070462753430720352396059884863926591487685693929134614351 else 0) +
                        ((if ⟨26, ⋯⟩ = ⟨6, ⋯⟩ then 168846812639502040874424905035226945680858012035860369649544
                          else 0) +
                          ((if ⟨26, ⋯⟩ = ⟨7, ⋯⟩ then 1438767033088100244728664879689866584553574833781248937459679
                            else 0) +
                            if ⟨26, ⋯⟩ = ⟨8, ⋯⟩ then 295572421022148107387365359962275765841347054642257937431270
                            else 0))))))) +
            if ⟨26, ⋯⟩ = ⟨18, ⋯⟩ then -1522356203033901467723972540862214784610026447382568305388796 else 0) +
          if ⟨26, ⋯⟩ = ⟨21, ⋯⟩ then 1 else 0) +
        ((-if ⟨26, ⋯⟩ = ⟨24, ⋯⟩ then 1 else 0) +
          -if ⟨26, ⋯⟩ = ⟨26, ⋯⟩ then 1606938040236943481429907225474247728170690725378808731729921 else 0) <
      512 ^
        (![24, 24, 24, 24, 24, 24, 24, 24, 24, 38, 24, 38, 24, 46, 24, 29, 24, 29, 24, 29, 24, 29, 24] ⟨13, ⋯⟩ - 22) ∧
    ((if ⟨26, ⋯⟩ = ⟨26, ⋯⟩ then 1606938040236943481429907225474247728170690725378808731729921 else 0) +
          if ⟨26, ⋯⟩ = ⟨24, ⋯⟩ then 1 else 0) +
        ((-if ⟨26, ⋯⟩ = ⟨21, ⋯⟩ then 1 else 0) +
          ((-if ⟨26, ⋯⟩ = ⟨18, ⋯⟩ then -1522356203033901467723972540862214784610026447382568305388796 else 0) +
            (((((((((-if ⟨26, ⋯⟩ = ⟨8, ⋯⟩ then 295572421022148107387365359962275765841347054642257937431270 else 0) +
                            -if ⟨26, ⋯⟩ = ⟨7, ⋯⟩ then 1438767033088100244728664879689866584553574833781248937459679
                              else 0) +
                          -if ⟨26, ⋯⟩ = ⟨6, ⋯⟩ then 168846812639502040874424905035226945680858012035860369649544
                            else 0) +
                        -if ⟨26, ⋯⟩ = ⟨5, ⋯⟩ then 1400070462753430720352396059884863926591487685693929134614351
                          else 0) +
                      -if ⟨26, ⋯⟩ = ⟨4, ⋯⟩ then 1583879869042979040058862001724753309599103428087730154722882 else 0) +
                    -if ⟨26, ⋯⟩ = ⟨3, ⋯⟩ then 464430110441043401102762325210005366396131447824338599181938 else 0) +
                  -if ⟨26, ⋯⟩ = ⟨2, ⋯⟩ then 618786041258804908447457396686492883899388767448874179277885 else 0) +
                -if ⟨26, ⋯⟩ = ⟨1, ⋯⟩ then 190912212895560237323709081460011468417886698937689408761221 else 0) +
              -if ⟨26, ⋯⟩ = ⟨0, ⋯⟩ then 1535097889230980652050155379269610615631018586457153232186336 else 0))) <
      512 ^ (![24, 24, 24, 24, 24, 24, 24, 24, 24, 38, 24, 38, 24, 46, 24, 29, 24, 29, 24, 29, 24, 29, 24] ⟨13, ⋯⟩ - 22)

case «13».«27»
⊢ (((if ⟨27, ⋯⟩ = ⟨0, ⋯⟩ then 1535097889230980652050155379269610615631018586457153232186336 else 0) +
              ((if ⟨27, ⋯⟩ = ⟨1, ⋯⟩ then 190912212895560237323709081460011468417886698937689408761221 else 0) +
                ((if ⟨27, ⋯⟩ = ⟨2, ⋯⟩ then 618786041258804908447457396686492883899388767448874179277885 else 0) +
                  ((if ⟨27, ⋯⟩ = ⟨3, ⋯⟩ then 464430110441043401102762325210005366396131447824338599181938 else 0) +
                    ((if ⟨27, ⋯⟩ = ⟨4, ⋯⟩ then 1583879869042979040058862001724753309599103428087730154722882 else 0) +
                      ((if ⟨27, ⋯⟩ = ⟨5, ⋯⟩ then 1400070462753430720352396059884863926591487685693929134614351 else 0) +
                        ((if ⟨27, ⋯⟩ = ⟨6, ⋯⟩ then 168846812639502040874424905035226945680858012035860369649544
                          else 0) +
                          ((if ⟨27, ⋯⟩ = ⟨7, ⋯⟩ then 1438767033088100244728664879689866584553574833781248937459679
                            else 0) +
                            if ⟨27, ⋯⟩ = ⟨8, ⋯⟩ then 295572421022148107387365359962275765841347054642257937431270
                            else 0))))))) +
            if ⟨27, ⋯⟩ = ⟨18, ⋯⟩ then -1522356203033901467723972540862214784610026447382568305388796 else 0) +
          if ⟨27, ⋯⟩ = ⟨21, ⋯⟩ then 1 else 0) +
        ((-if ⟨27, ⋯⟩ = ⟨24, ⋯⟩ then 1 else 0) +
          -if ⟨27, ⋯⟩ = ⟨26, ⋯⟩ then 1606938040236943481429907225474247728170690725378808731729921 else 0) <
      512 ^
        (![24, 24, 24, 24, 24, 24, 24, 24, 24, 38, 24, 38, 24, 46, 24, 29, 24, 29, 24, 29, 24, 29, 24] ⟨13, ⋯⟩ - 22) ∧
    ((if ⟨27, ⋯⟩ = ⟨26, ⋯⟩ then 1606938040236943481429907225474247728170690725378808731729921 else 0) +
          if ⟨27, ⋯⟩ = ⟨24, ⋯⟩ then 1 else 0) +
        ((-if ⟨27, ⋯⟩ = ⟨21, ⋯⟩ then 1 else 0) +
          ((-if ⟨27, ⋯⟩ = ⟨18, ⋯⟩ then -1522356203033901467723972540862214784610026447382568305388796 else 0) +
            (((((((((-if ⟨27, ⋯⟩ = ⟨8, ⋯⟩ then 295572421022148107387365359962275765841347054642257937431270 else 0) +
                            -if ⟨27, ⋯⟩ = ⟨7, ⋯⟩ then 1438767033088100244728664879689866584553574833781248937459679
                              else 0) +
                          -if ⟨27, ⋯⟩ = ⟨6, ⋯⟩ then 168846812639502040874424905035226945680858012035860369649544
                            else 0) +
                        -if ⟨27, ⋯⟩ = ⟨5, ⋯⟩ then 1400070462753430720352396059884863926591487685693929134614351
                          else 0) +
                      -if ⟨27, ⋯⟩ = ⟨4, ⋯⟩ then 1583879869042979040058862001724753309599103428087730154722882 else 0) +
                    -if ⟨27, ⋯⟩ = ⟨3, ⋯⟩ then 464430110441043401102762325210005366396131447824338599181938 else 0) +
                  -if ⟨27, ⋯⟩ = ⟨2, ⋯⟩ then 618786041258804908447457396686492883899388767448874179277885 else 0) +
                -if ⟨27, ⋯⟩ = ⟨1, ⋯⟩ then 190912212895560237323709081460011468417886698937689408761221 else 0) +
              -if ⟨27, ⋯⟩ = ⟨0, ⋯⟩ then 1535097889230980652050155379269610615631018586457153232186336 else 0))) <
      512 ^ (![24, 24, 24, 24, 24, 24, 24, 24, 24, 38, 24, 38, 24, 46, 24, 29, 24, 29, 24, 29, 24, 29, 24] ⟨13, ⋯⟩ - 22)

case «13».«28»
⊢ (((if ⟨28, ⋯⟩ = ⟨0, ⋯⟩ then 1535097889230980652050155379269610615631018586457153232186336 else 0) +
              ((if ⟨28, ⋯⟩ = ⟨1, ⋯⟩ then 190912212895560237323709081460011468417886698937689408761221 else 0) +
                ((if ⟨28, ⋯⟩ = ⟨2, ⋯⟩ then 618786041258804908447457396686492883899388767448874179277885 else 0) +
                  ((if ⟨28, ⋯⟩ = ⟨3, ⋯⟩ then 464430110441043401102762325210005366396131447824338599181938 else 0) +
                    ((if ⟨28, ⋯⟩ = ⟨4, ⋯⟩ then 1583879869042979040058862001724753309599103428087730154722882 else 0) +
                      ((if ⟨28, ⋯⟩ = ⟨5, ⋯⟩ then 1400070462753430720352396059884863926591487685693929134614351 else 0) +
                        ((if ⟨28, ⋯⟩ = ⟨6, ⋯⟩ then 168846812639502040874424905035226945680858012035860369649544
                          else 0) +
                          ((if ⟨28, ⋯⟩ = ⟨7, ⋯⟩ then 1438767033088100244728664879689866584553574833781248937459679
                            else 0) +
                            if ⟨28, ⋯⟩ = ⟨8, ⋯⟩ then 295572421022148107387365359962275765841347054642257937431270
                            else 0))))))) +
            if ⟨28, ⋯⟩ = ⟨18, ⋯⟩ then -1522356203033901467723972540862214784610026447382568305388796 else 0) +
          if ⟨28, ⋯⟩ = ⟨21, ⋯⟩ then 1 else 0) +
        ((-if ⟨28, ⋯⟩ = ⟨24, ⋯⟩ then 1 else 0) +
          -if ⟨28, ⋯⟩ = ⟨26, ⋯⟩ then 1606938040236943481429907225474247728170690725378808731729921 else 0) <
      512 ^
        (![24, 24, 24, 24, 24, 24, 24, 24, 24, 38, 24, 38, 24, 46, 24, 29, 24, 29, 24, 29, 24, 29, 24] ⟨13, ⋯⟩ - 22) ∧
    ((if ⟨28, ⋯⟩ = ⟨26, ⋯⟩ then 1606938040236943481429907225474247728170690725378808731729921 else 0) +
          if ⟨28, ⋯⟩ = ⟨24, ⋯⟩ then 1 else 0) +
        ((-if ⟨28, ⋯⟩ = ⟨21, ⋯⟩ then 1 else 0) +
          ((-if ⟨28, ⋯⟩ = ⟨18, ⋯⟩ then -1522356203033901467723972540862214784610026447382568305388796 else 0) +
            (((((((((-if ⟨28, ⋯⟩ = ⟨8, ⋯⟩ then 295572421022148107387365359962275765841347054642257937431270 else 0) +
                            -if ⟨28, ⋯⟩ = ⟨7, ⋯⟩ then 1438767033088100244728664879689866584553574833781248937459679
                              else 0) +
                          -if ⟨28, ⋯⟩ = ⟨6, ⋯⟩ then 168846812639502040874424905035226945680858012035860369649544
                            else 0) +
                        -if ⟨28, ⋯⟩ = ⟨5, ⋯⟩ then 1400070462753430720352396059884863926591487685693929134614351
                          else 0) +
                      -if ⟨28, ⋯⟩ = ⟨4, ⋯⟩ then 1583879869042979040058862001724753309599103428087730154722882 else 0) +
                    -if ⟨28, ⋯⟩ = ⟨3, ⋯⟩ then 464430110441043401102762325210005366396131447824338599181938 else 0) +
                  -if ⟨28, ⋯⟩ = ⟨2, ⋯⟩ then 618786041258804908447457396686492883899388767448874179277885 else 0) +
                -if ⟨28, ⋯⟩ = ⟨1, ⋯⟩ then 190912212895560237323709081460011468417886698937689408761221 else 0) +
              -if ⟨28, ⋯⟩ = ⟨0, ⋯⟩ then 1535097889230980652050155379269610615631018586457153232186336 else 0))) <
      512 ^ (![24, 24, 24, 24, 24, 24, 24, 24, 24, 38, 24, 38, 24, 46, 24, 29, 24, 29, 24, 29, 24, 29, 24] ⟨13, ⋯⟩ - 22)

case «13».«29»
⊢ (((if ⟨29, ⋯⟩ = ⟨0, ⋯⟩ then 1535097889230980652050155379269610615631018586457153232186336 else 0) +
              ((if ⟨29, ⋯⟩ = ⟨1, ⋯⟩ then 190912212895560237323709081460011468417886698937689408761221 else 0) +
                ((if ⟨29, ⋯⟩ = ⟨2, ⋯⟩ then 618786041258804908447457396686492883899388767448874179277885 else 0) +
                  ((if ⟨29, ⋯⟩ = ⟨3, ⋯⟩ then 464430110441043401102762325210005366396131447824338599181938 else 0) +
                    ((if ⟨29, ⋯⟩ = ⟨4, ⋯⟩ then 1583879869042979040058862001724753309599103428087730154722882 else 0) +
                      ((if ⟨29, ⋯⟩ = ⟨5, ⋯⟩ then 1400070462753430720352396059884863926591487685693929134614351 else 0) +
                        ((if ⟨29, ⋯⟩ = ⟨6, ⋯⟩ then 168846812639502040874424905035226945680858012035860369649544
                          else 0) +
                          ((if ⟨29, ⋯⟩ = ⟨7, ⋯⟩ then 1438767033088100244728664879689866584553574833781248937459679
                            else 0) +
                            if ⟨29, ⋯⟩ = ⟨8, ⋯⟩ then 295572421022148107387365359962275765841347054642257937431270
                            else 0))))))) +
            if ⟨29, ⋯⟩ = ⟨18, ⋯⟩ then -1522356203033901467723972540862214784610026447382568305388796 else 0) +
          if ⟨29, ⋯⟩ = ⟨21, ⋯⟩ then 1 else 0) +
        ((-if ⟨29, ⋯⟩ = ⟨24, ⋯⟩ then 1 else 0) +
          -if ⟨29, ⋯⟩ = ⟨26, ⋯⟩ then 1606938040236943481429907225474247728170690725378808731729921 else 0) <
      512 ^
        (![24, 24, 24, 24, 24, 24, 24, 24, 24, 38, 24, 38, 24, 46, 24, 29, 24, 29, 24, 29, 24, 29, 24] ⟨13, ⋯⟩ - 22) ∧
    ((if ⟨29, ⋯⟩ = ⟨26, ⋯⟩ then 1606938040236943481429907225474247728170690725378808731729921 else 0) +
          if ⟨29, ⋯⟩ = ⟨24, ⋯⟩ then 1 else 0) +
        ((-if ⟨29, ⋯⟩ = ⟨21, ⋯⟩ then 1 else 0) +
          ((-if ⟨29, ⋯⟩ = ⟨18, ⋯⟩ then -1522356203033901467723972540862214784610026447382568305388796 else 0) +
            (((((((((-if ⟨29, ⋯⟩ = ⟨8, ⋯⟩ then 295572421022148107387365359962275765841347054642257937431270 else 0) +
                            -if ⟨29, ⋯⟩ = ⟨7, ⋯⟩ then 1438767033088100244728664879689866584553574833781248937459679
                              else 0) +
                          -if ⟨29, ⋯⟩ = ⟨6, ⋯⟩ then 168846812639502040874424905035226945680858012035860369649544
                            else 0) +
                        -if ⟨29, ⋯⟩ = ⟨5, ⋯⟩ then 1400070462753430720352396059884863926591487685693929134614351
                          else 0) +
                      -if ⟨29, ⋯⟩ = ⟨4, ⋯⟩ then 1583879869042979040058862001724753309599103428087730154722882 else 0) +
                    -if ⟨29, ⋯⟩ = ⟨3, ⋯⟩ then 464430110441043401102762325210005366396131447824338599181938 else 0) +
                  -if ⟨29, ⋯⟩ = ⟨2, ⋯⟩ then 618786041258804908447457396686492883899388767448874179277885 else 0) +
                -if ⟨29, ⋯⟩ = ⟨1, ⋯⟩ then 190912212895560237323709081460011468417886698937689408761221 else 0) +
              -if ⟨29, ⋯⟩ = ⟨0, ⋯⟩ then 1535097889230980652050155379269610615631018586457153232186336 else 0))) <
      512 ^ (![24, 24, 24, 24, 24, 24, 24, 24, 24, 38, 24, 38, 24, 46, 24, 29, 24, 29, 24, 29, 24, 29, 24] ⟨13, ⋯⟩ - 22)

case «13».«30»
⊢ (((if ⟨30, ⋯⟩ = ⟨0, ⋯⟩ then 1535097889230980652050155379269610615631018586457153232186336 else 0) +
              ((if ⟨30, ⋯⟩ = ⟨1, ⋯⟩ then 190912212895560237323709081460011468417886698937689408761221 else 0) +
                ((if ⟨30, ⋯⟩ = ⟨2, ⋯⟩ then 618786041258804908447457396686492883899388767448874179277885 else 0) +
                  ((if ⟨30, ⋯⟩ = ⟨3, ⋯⟩ then 464430110441043401102762325210005366396131447824338599181938 else 0) +
                    ((if ⟨30, ⋯⟩ = ⟨4, ⋯⟩ then 1583879869042979040058862001724753309599103428087730154722882 else 0) +
                      ((if ⟨30, ⋯⟩ = ⟨5, ⋯⟩ then 1400070462753430720352396059884863926591487685693929134614351 else 0) +
                        ((if ⟨30, ⋯⟩ = ⟨6, ⋯⟩ then 168846812639502040874424905035226945680858012035860369649544
                          else 0) +
                          ((if ⟨30, ⋯⟩ = ⟨7, ⋯⟩ then 1438767033088100244728664879689866584553574833781248937459679
                            else 0) +
                            if ⟨30, ⋯⟩ = ⟨8, ⋯⟩ then 295572421022148107387365359962275765841347054642257937431270
                            else 0))))))) +
            if ⟨30, ⋯⟩ = ⟨18, ⋯⟩ then -1522356203033901467723972540862214784610026447382568305388796 else 0) +
          if ⟨30, ⋯⟩ = ⟨21, ⋯⟩ then 1 else 0) +
        ((-if ⟨30, ⋯⟩ = ⟨24, ⋯⟩ then 1 else 0) +
          -if ⟨30, ⋯⟩ = ⟨26, ⋯⟩ then 1606938040236943481429907225474247728170690725378808731729921 else 0) <
      512 ^
        (![24, 24, 24, 24, 24, 24, 24, 24, 24, 38, 24, 38, 24, 46, 24, 29, 24, 29, 24, 29, 24, 29, 24] ⟨13, ⋯⟩ - 22) ∧
    ((if ⟨30, ⋯⟩ = ⟨26, ⋯⟩ then 1606938040236943481429907225474247728170690725378808731729921 else 0) +
          if ⟨30, ⋯⟩ = ⟨24, ⋯⟩ then 1 else 0) +
        ((-if ⟨30, ⋯⟩ = ⟨21, ⋯⟩ then 1 else 0) +
          ((-if ⟨30, ⋯⟩ = ⟨18, ⋯⟩ then -1522356203033901467723972540862214784610026447382568305388796 else 0) +
            (((((((((-if ⟨30, ⋯⟩ = ⟨8, ⋯⟩ then 295572421022148107387365359962275765841347054642257937431270 else 0) +
                            -if ⟨30, ⋯⟩ = ⟨7, ⋯⟩ then 1438767033088100244728664879689866584553574833781248937459679
                              else 0) +
                          -if ⟨30, ⋯⟩ = ⟨6, ⋯⟩ then 168846812639502040874424905035226945680858012035860369649544
                            else 0) +
                        -if ⟨30, ⋯⟩ = ⟨5, ⋯⟩ then 1400070462753430720352396059884863926591487685693929134614351
                          else 0) +
                      -if ⟨30, ⋯⟩ = ⟨4, ⋯⟩ then 1583879869042979040058862001724753309599103428087730154722882 else 0) +
                    -if ⟨30, ⋯⟩ = ⟨3, ⋯⟩ then 464430110441043401102762325210005366396131447824338599181938 else 0) +
                  -if ⟨30, ⋯⟩ = ⟨2, ⋯⟩ then 618786041258804908447457396686492883899388767448874179277885 else 0) +
                -if ⟨30, ⋯⟩ = ⟨1, ⋯⟩ then 190912212895560237323709081460011468417886698937689408761221 else 0) +
              -if ⟨30, ⋯⟩ = ⟨0, ⋯⟩ then 1535097889230980652050155379269610615631018586457153232186336 else 0))) <
      512 ^ (![24, 24, 24, 24, 24, 24, 24, 24, 24, 38, 24, 38, 24, 46, 24, 29, 24, 29, 24, 29, 24, 29, 24] ⟨13, ⋯⟩ - 22)

case «13».«31»
⊢ (((if ⟨31, ⋯⟩ = ⟨0, ⋯⟩ then 1535097889230980652050155379269610615631018586457153232186336 else 0) +
              ((if ⟨31, ⋯⟩ = ⟨1, ⋯⟩ then 190912212895560237323709081460011468417886698937689408761221 else 0) +
                ((if ⟨31, ⋯⟩ = ⟨2, ⋯⟩ then 618786041258804908447457396686492883899388767448874179277885 else 0) +
                  ((if ⟨31, ⋯⟩ = ⟨3, ⋯⟩ then 464430110441043401102762325210005366396131447824338599181938 else 0) +
                    ((if ⟨31, ⋯⟩ = ⟨4, ⋯⟩ then 1583879869042979040058862001724753309599103428087730154722882 else 0) +
                      ((if ⟨31, ⋯⟩ = ⟨5, ⋯⟩ then 1400070462753430720352396059884863926591487685693929134614351 else 0) +
                        ((if ⟨31, ⋯⟩ = ⟨6, ⋯⟩ then 168846812639502040874424905035226945680858012035860369649544
                          else 0) +
                          ((if ⟨31, ⋯⟩ = ⟨7, ⋯⟩ then 1438767033088100244728664879689866584553574833781248937459679
                            else 0) +
                            if ⟨31, ⋯⟩ = ⟨8, ⋯⟩ then 295572421022148107387365359962275765841347054642257937431270
                            else 0))))))) +
            if ⟨31, ⋯⟩ = ⟨18, ⋯⟩ then -1522356203033901467723972540862214784610026447382568305388796 else 0) +
          if ⟨31, ⋯⟩ = ⟨21, ⋯⟩ then 1 else 0) +
        ((-if ⟨31, ⋯⟩ = ⟨24, ⋯⟩ then 1 else 0) +
          -if ⟨31, ⋯⟩ = ⟨26, ⋯⟩ then 1606938040236943481429907225474247728170690725378808731729921 else 0) <
      512 ^
        (![24, 24, 24, 24, 24, 24, 24, 24, 24, 38, 24, 38, 24, 46, 24, 29, 24, 29, 24, 29, 24, 29, 24] ⟨13, ⋯⟩ - 22) ∧
    ((if ⟨31, ⋯⟩ = ⟨26, ⋯⟩ then 1606938040236943481429907225474247728170690725378808731729921 else 0) +
          if ⟨31, ⋯⟩ = ⟨24, ⋯⟩ then 1 else 0) +
        ((-if ⟨31, ⋯⟩ = ⟨21, ⋯⟩ then 1 else 0) +
          ((-if ⟨31, ⋯⟩ = ⟨18, ⋯⟩ then -1522356203033901467723972540862214784610026447382568305388796 else 0) +
            (((((((((-if ⟨31, ⋯⟩ = ⟨8, ⋯⟩ then 295572421022148107387365359962275765841347054642257937431270 else 0) +
                            -if ⟨31, ⋯⟩ = ⟨7, ⋯⟩ then 1438767033088100244728664879689866584553574833781248937459679
                              else 0) +
                          -if ⟨31, ⋯⟩ = ⟨6, ⋯⟩ then 168846812639502040874424905035226945680858012035860369649544
                            else 0) +
                        -if ⟨31, ⋯⟩ = ⟨5, ⋯⟩ then 1400070462753430720352396059884863926591487685693929134614351
                          else 0) +
                      -if ⟨31, ⋯⟩ = ⟨4, ⋯⟩ then 1583879869042979040058862001724753309599103428087730154722882 else 0) +
                    -if ⟨31, ⋯⟩ = ⟨3, ⋯⟩ then 464430110441043401102762325210005366396131447824338599181938 else 0) +
                  -if ⟨31, ⋯⟩ = ⟨2, ⋯⟩ then 618786041258804908447457396686492883899388767448874179277885 else 0) +
                -if ⟨31, ⋯⟩ = ⟨1, ⋯⟩ then 190912212895560237323709081460011468417886698937689408761221 else 0) +
              -if ⟨31, ⋯⟩ = ⟨0, ⋯⟩ then 1535097889230980652050155379269610615631018586457153232186336 else 0))) <
      512 ^ (![24, 24, 24, 24, 24, 24, 24, 24, 24, 38, 24, 38, 24, 46, 24, 29, 24, 29, 24, 29, 24, 29, 24] ⟨13, ⋯⟩ - 22)

case «13».«32»
⊢ (((if ⟨32, ⋯⟩ = ⟨0, ⋯⟩ then 1535097889230980652050155379269610615631018586457153232186336 else 0) +
              ((if ⟨32, ⋯⟩ = ⟨1, ⋯⟩ then 190912212895560237323709081460011468417886698937689408761221 else 0) +
                ((if ⟨32, ⋯⟩ = ⟨2, ⋯⟩ then 618786041258804908447457396686492883899388767448874179277885 else 0) +
                  ((if ⟨32, ⋯⟩ = ⟨3, ⋯⟩ then 464430110441043401102762325210005366396131447824338599181938 else 0) +
                    ((if ⟨32, ⋯⟩ = ⟨4, ⋯⟩ then 1583879869042979040058862001724753309599103428087730154722882 else 0) +
                      ((if ⟨32, ⋯⟩ = ⟨5, ⋯⟩ then 1400070462753430720352396059884863926591487685693929134614351 else 0) +
                        ((if ⟨32, ⋯⟩ = ⟨6, ⋯⟩ then 168846812639502040874424905035226945680858012035860369649544
                          else 0) +
                          ((if ⟨32, ⋯⟩ = ⟨7, ⋯⟩ then 1438767033088100244728664879689866584553574833781248937459679
                            else 0) +
                            if ⟨32, ⋯⟩ = ⟨8, ⋯⟩ then 295572421022148107387365359962275765841347054642257937431270
                            else 0))))))) +
            if ⟨32, ⋯⟩ = ⟨18, ⋯⟩ then -1522356203033901467723972540862214784610026447382568305388796 else 0) +
          if ⟨32, ⋯⟩ = ⟨21, ⋯⟩ then 1 else 0) +
        ((-if ⟨32, ⋯⟩ = ⟨24, ⋯⟩ then 1 else 0) +
          -if ⟨32, ⋯⟩ = ⟨26, ⋯⟩ then 1606938040236943481429907225474247728170690725378808731729921 else 0) <
      512 ^
        (![24, 24, 24, 24, 24, 24, 24, 24, 24, 38, 24, 38, 24, 46, 24, 29, 24, 29, 24, 29, 24, 29, 24] ⟨13, ⋯⟩ - 22) ∧
    ((if ⟨32, ⋯⟩ = ⟨26, ⋯⟩ then 1606938040236943481429907225474247728170690725378808731729921 else 0) +
          if ⟨32, ⋯⟩ = ⟨24, ⋯⟩ then 1 else 0) +
        ((-if ⟨32, ⋯⟩ = ⟨21, ⋯⟩ then 1 else 0) +
          ((-if ⟨32, ⋯⟩ = ⟨18, ⋯⟩ then -1522356203033901467723972540862214784610026447382568305388796 else 0) +
            (((((((((-if ⟨32, ⋯⟩ = ⟨8, ⋯⟩ then 295572421022148107387365359962275765841347054642257937431270 else 0) +
                            -if ⟨32, ⋯⟩ = ⟨7, ⋯⟩ then 1438767033088100244728664879689866584553574833781248937459679
                              else 0) +
                          -if ⟨32, ⋯⟩ = ⟨6, ⋯⟩ then 168846812639502040874424905035226945680858012035860369649544
                            else 0) +
                        -if ⟨32, ⋯⟩ = ⟨5, ⋯⟩ then 1400070462753430720352396059884863926591487685693929134614351
                          else 0) +
                      -if ⟨32, ⋯⟩ = ⟨4, ⋯⟩ then 1583879869042979040058862001724753309599103428087730154722882 else 0) +
                    -if ⟨32, ⋯⟩ = ⟨3, ⋯⟩ then 464430110441043401102762325210005366396131447824338599181938 else 0) +
                  -if ⟨32, ⋯⟩ = ⟨2, ⋯⟩ then 618786041258804908447457396686492883899388767448874179277885 else 0) +
                -if ⟨32, ⋯⟩ = ⟨1, ⋯⟩ then 190912212895560237323709081460011468417886698937689408761221 else 0) +
              -if ⟨32, ⋯⟩ = ⟨0, ⋯⟩ then 1535097889230980652050155379269610615631018586457153232186336 else 0))) <
      512 ^ (![24, 24, 24, 24, 24, 24, 24, 24, 24, 38, 24, 38, 24, 46, 24, 29, 24, 29, 24, 29, 24, 29, 24] ⟨13, ⋯⟩ - 22)

case «13».«33»
⊢ (((if ⟨33, ⋯⟩ = ⟨0, ⋯⟩ then 1535097889230980652050155379269610615631018586457153232186336 else 0) +
              ((if ⟨33, ⋯⟩ = ⟨1, ⋯⟩ then 190912212895560237323709081460011468417886698937689408761221 else 0) +
                ((if ⟨33, ⋯⟩ = ⟨2, ⋯⟩ then 618786041258804908447457396686492883899388767448874179277885 else 0) +
                  ((if ⟨33, ⋯⟩ = ⟨3, ⋯⟩ then 464430110441043401102762325210005366396131447824338599181938 else 0) +
                    ((if ⟨33, ⋯⟩ = ⟨4, ⋯⟩ then 1583879869042979040058862001724753309599103428087730154722882 else 0) +
                      ((if ⟨33, ⋯⟩ = ⟨5, ⋯⟩ then 1400070462753430720352396059884863926591487685693929134614351 else 0) +
                        ((if ⟨33, ⋯⟩ = ⟨6, ⋯⟩ then 168846812639502040874424905035226945680858012035860369649544
                          else 0) +
                          ((if ⟨33, ⋯⟩ = ⟨7, ⋯⟩ then 1438767033088100244728664879689866584553574833781248937459679
                            else 0) +
                            if ⟨33, ⋯⟩ = ⟨8, ⋯⟩ then 295572421022148107387365359962275765841347054642257937431270
                            else 0))))))) +
            if ⟨33, ⋯⟩ = ⟨18, ⋯⟩ then -1522356203033901467723972540862214784610026447382568305388796 else 0) +
          if ⟨33, ⋯⟩ = ⟨21, ⋯⟩ then 1 else 0) +
        ((-if ⟨33, ⋯⟩ = ⟨24, ⋯⟩ then 1 else 0) +
          -if ⟨33, ⋯⟩ = ⟨26, ⋯⟩ then 1606938040236943481429907225474247728170690725378808731729921 else 0) <
      512 ^
        (![24, 24, 24, 24, 24, 24, 24, 24, 24, 38, 24, 38, 24, 46, 24, 29, 24, 29, 24, 29, 24, 29, 24] ⟨13, ⋯⟩ - 22) ∧
    ((if ⟨33, ⋯⟩ = ⟨26, ⋯⟩ then 1606938040236943481429907225474247728170690725378808731729921 else 0) +
          if ⟨33, ⋯⟩ = ⟨24, ⋯⟩ then 1 else 0) +
        ((-if ⟨33, ⋯⟩ = ⟨21, ⋯⟩ then 1 else 0) +
          ((-if ⟨33, ⋯⟩ = ⟨18, ⋯⟩ then -1522356203033901467723972540862214784610026447382568305388796 else 0) +
            (((((((((-if ⟨33, ⋯⟩ = ⟨8, ⋯⟩ then 295572421022148107387365359962275765841347054642257937431270 else 0) +
                            -if ⟨33, ⋯⟩ = ⟨7, ⋯⟩ then 1438767033088100244728664879689866584553574833781248937459679
                              else 0) +
                          -if ⟨33, ⋯⟩ = ⟨6, ⋯⟩ then 168846812639502040874424905035226945680858012035860369649544
                            else 0) +
                        -if ⟨33, ⋯⟩ = ⟨5, ⋯⟩ then 1400070462753430720352396059884863926591487685693929134614351
                          else 0) +
                      -if ⟨33, ⋯⟩ = ⟨4, ⋯⟩ then 1583879869042979040058862001724753309599103428087730154722882 else 0) +
                    -if ⟨33, ⋯⟩ = ⟨3, ⋯⟩ then 464430110441043401102762325210005366396131447824338599181938 else 0) +
                  -if ⟨33, ⋯⟩ = ⟨2, ⋯⟩ then 618786041258804908447457396686492883899388767448874179277885 else 0) +
                -if ⟨33, ⋯⟩ = ⟨1, ⋯⟩ then 190912212895560237323709081460011468417886698937689408761221 else 0) +
              -if ⟨33, ⋯⟩ = ⟨0, ⋯⟩ then 1535097889230980652050155379269610615631018586457153232186336 else 0))) <
      512 ^ (![24, 24, 24, 24, 24, 24, 24, 24, 24, 38, 24, 38, 24, 46, 24, 29, 24, 29, 24, 29, 24, 29, 24] ⟨13, ⋯⟩ - 22)

case «13».«34»
⊢ (((if ⟨34, ⋯⟩ = ⟨0, ⋯⟩ then 1535097889230980652050155379269610615631018586457153232186336 else 0) +
              ((if ⟨34, ⋯⟩ = ⟨1, ⋯⟩ then 190912212895560237323709081460011468417886698937689408761221 else 0) +
                ((if ⟨34, ⋯⟩ = ⟨2, ⋯⟩ then 618786041258804908447457396686492883899388767448874179277885 else 0) +
                  ((if ⟨34, ⋯⟩ = ⟨3, ⋯⟩ then 464430110441043401102762325210005366396131447824338599181938 else 0) +
                    ((if ⟨34, ⋯⟩ = ⟨4, ⋯⟩ then 1583879869042979040058862001724753309599103428087730154722882 else 0) +
                      ((if ⟨34, ⋯⟩ = ⟨5, ⋯⟩ then 1400070462753430720352396059884863926591487685693929134614351 else 0) +
                        ((if ⟨34, ⋯⟩ = ⟨6, ⋯⟩ then 168846812639502040874424905035226945680858012035860369649544
                          else 0) +
                          ((if ⟨34, ⋯⟩ = ⟨7, ⋯⟩ then 1438767033088100244728664879689866584553574833781248937459679
                            else 0) +
                            if ⟨34, ⋯⟩ = ⟨8, ⋯⟩ then 295572421022148107387365359962275765841347054642257937431270
                            else 0))))))) +
            if ⟨34, ⋯⟩ = ⟨18, ⋯⟩ then -1522356203033901467723972540862214784610026447382568305388796 else 0) +
          if ⟨34, ⋯⟩ = ⟨21, ⋯⟩ then 1 else 0) +
        ((-if ⟨34, ⋯⟩ = ⟨24, ⋯⟩ then 1 else 0) +
          -if ⟨34, ⋯⟩ = ⟨26, ⋯⟩ then 1606938040236943481429907225474247728170690725378808731729921 else 0) <
      512 ^
        (![24, 24, 24, 24, 24, 24, 24, 24, 24, 38, 24, 38, 24, 46, 24, 29, 24, 29, 24, 29, 24, 29, 24] ⟨13, ⋯⟩ - 22) ∧
    ((if ⟨34, ⋯⟩ = ⟨26, ⋯⟩ then 1606938040236943481429907225474247728170690725378808731729921 else 0) +
          if ⟨34, ⋯⟩ = ⟨24, ⋯⟩ then 1 else 0) +
        ((-if ⟨34, ⋯⟩ = ⟨21, ⋯⟩ then 1 else 0) +
          ((-if ⟨34, ⋯⟩ = ⟨18, ⋯⟩ then -1522356203033901467723972540862214784610026447382568305388796 else 0) +
            (((((((((-if ⟨34, ⋯⟩ = ⟨8, ⋯⟩ then 295572421022148107387365359962275765841347054642257937431270 else 0) +
                            -if ⟨34, ⋯⟩ = ⟨7, ⋯⟩ then 1438767033088100244728664879689866584553574833781248937459679
                              else 0) +
                          -if ⟨34, ⋯⟩ = ⟨6, ⋯⟩ then 168846812639502040874424905035226945680858012035860369649544
                            else 0) +
                        -if ⟨34, ⋯⟩ = ⟨5, ⋯⟩ then 1400070462753430720352396059884863926591487685693929134614351
                          else 0) +
                      -if ⟨34, ⋯⟩ = ⟨4, ⋯⟩ then 1583879869042979040058862001724753309599103428087730154722882 else 0) +
                    -if ⟨34, ⋯⟩ = ⟨3, ⋯⟩ then 464430110441043401102762325210005366396131447824338599181938 else 0) +
                  -if ⟨34, ⋯⟩ = ⟨2, ⋯⟩ then 618786041258804908447457396686492883899388767448874179277885 else 0) +
                -if ⟨34, ⋯⟩ = ⟨1, ⋯⟩ then 190912212895560237323709081460011468417886698937689408761221 else 0) +
              -if ⟨34, ⋯⟩ = ⟨0, ⋯⟩ then 1535097889230980652050155379269610615631018586457153232186336 else 0))) <
      512 ^ (![24, 24, 24, 24, 24, 24, 24, 24, 24, 38, 24, 38, 24, 46, 24, 29, 24, 29, 24, 29, 24, 29, 24] ⟨13, ⋯⟩ - 22)

case «13».«35»
⊢ (((if ⟨35, ⋯⟩ = ⟨0, ⋯⟩ then 1535097889230980652050155379269610615631018586457153232186336 else 0) +
              ((if ⟨35, ⋯⟩ = ⟨1, ⋯⟩ then 190912212895560237323709081460011468417886698937689408761221 else 0) +
                ((if ⟨35, ⋯⟩ = ⟨2, ⋯⟩ then 618786041258804908447457396686492883899388767448874179277885 else 0) +
                  ((if ⟨35, ⋯⟩ = ⟨3, ⋯⟩ then 464430110441043401102762325210005366396131447824338599181938 else 0) +
                    ((if ⟨35, ⋯⟩ = ⟨4, ⋯⟩ then 1583879869042979040058862001724753309599103428087730154722882 else 0) +
                      ((if ⟨35, ⋯⟩ = ⟨5, ⋯⟩ then 1400070462753430720352396059884863926591487685693929134614351 else 0) +
                        ((if ⟨35, ⋯⟩ = ⟨6, ⋯⟩ then 168846812639502040874424905035226945680858012035860369649544
                          else 0) +
                          ((if ⟨35, ⋯⟩ = ⟨7, ⋯⟩ then 1438767033088100244728664879689866584553574833781248937459679
                            else 0) +
                            if ⟨35, ⋯⟩ = ⟨8, ⋯⟩ then 295572421022148107387365359962275765841347054642257937431270
                            else 0))))))) +
            if ⟨35, ⋯⟩ = ⟨18, ⋯⟩ then -1522356203033901467723972540862214784610026447382568305388796 else 0) +
          if ⟨35, ⋯⟩ = ⟨21, ⋯⟩ then 1 else 0) +
        ((-if ⟨35, ⋯⟩ = ⟨24, ⋯⟩ then 1 else 0) +
          -if ⟨35, ⋯⟩ = ⟨26, ⋯⟩ then 1606938040236943481429907225474247728170690725378808731729921 else 0) <
      512 ^
        (![24, 24, 24, 24, 24, 24, 24, 24, 24, 38, 24, 38, 24, 46, 24, 29, 24, 29, 24, 29, 24, 29, 24] ⟨13, ⋯⟩ - 22) ∧
    ((if ⟨35, ⋯⟩ = ⟨26, ⋯⟩ then 1606938040236943481429907225474247728170690725378808731729921 else 0) +
          if ⟨35, ⋯⟩ = ⟨24, ⋯⟩ then 1 else 0) +
        ((-if ⟨35, ⋯⟩ = ⟨21, ⋯⟩ then 1 else 0) +
          ((-if ⟨35, ⋯⟩ = ⟨18, ⋯⟩ then -1522356203033901467723972540862214784610026447382568305388796 else 0) +
            (((((((((-if ⟨35, ⋯⟩ = ⟨8, ⋯⟩ then 295572421022148107387365359962275765841347054642257937431270 else 0) +
                            -if ⟨35, ⋯⟩ = ⟨7, ⋯⟩ then 1438767033088100244728664879689866584553574833781248937459679
                              else 0) +
                          -if ⟨35, ⋯⟩ = ⟨6, ⋯⟩ then 168846812639502040874424905035226945680858012035860369649544
                            else 0) +
                        -if ⟨35, ⋯⟩ = ⟨5, ⋯⟩ then 1400070462753430720352396059884863926591487685693929134614351
                          else 0) +
                      -if ⟨35, ⋯⟩ = ⟨4, ⋯⟩ then 1583879869042979040058862001724753309599103428087730154722882 else 0) +
                    -if ⟨35, ⋯⟩ = ⟨3, ⋯⟩ then 464430110441043401102762325210005366396131447824338599181938 else 0) +
                  -if ⟨35, ⋯⟩ = ⟨2, ⋯⟩ then 618786041258804908447457396686492883899388767448874179277885 else 0) +
                -if ⟨35, ⋯⟩ = ⟨1, ⋯⟩ then 190912212895560237323709081460011468417886698937689408761221 else 0) +
              -if ⟨35, ⋯⟩ = ⟨0, ⋯⟩ then 1535097889230980652050155379269610615631018586457153232186336 else 0))) <
      512 ^ (![24, 24, 24, 24, 24, 24, 24, 24, 24, 38, 24, 38, 24, 46, 24, 29, 24, 29, 24, 29, 24, 29, 24] ⟨13, ⋯⟩ - 22)

case «13».«36»
⊢ (((if ⟨36, ⋯⟩ = ⟨0, ⋯⟩ then 1535097889230980652050155379269610615631018586457153232186336 else 0) +
              ((if ⟨36, ⋯⟩ = ⟨1, ⋯⟩ then 190912212895560237323709081460011468417886698937689408761221 else 0) +
                ((if ⟨36, ⋯⟩ = ⟨2, ⋯⟩ then 618786041258804908447457396686492883899388767448874179277885 else 0) +
                  ((if ⟨36, ⋯⟩ = ⟨3, ⋯⟩ then 464430110441043401102762325210005366396131447824338599181938 else 0) +
                    ((if ⟨36, ⋯⟩ = ⟨4, ⋯⟩ then 1583879869042979040058862001724753309599103428087730154722882 else 0) +
                      ((if ⟨36, ⋯⟩ = ⟨5, ⋯⟩ then 1400070462753430720352396059884863926591487685693929134614351 else 0) +
                        ((if ⟨36, ⋯⟩ = ⟨6, ⋯⟩ then 168846812639502040874424905035226945680858012035860369649544
                          else 0) +
                          ((if ⟨36, ⋯⟩ = ⟨7, ⋯⟩ then 1438767033088100244728664879689866584553574833781248937459679
                            else 0) +
                            if ⟨36, ⋯⟩ = ⟨8, ⋯⟩ then 295572421022148107387365359962275765841347054642257937431270
                            else 0))))))) +
            if ⟨36, ⋯⟩ = ⟨18, ⋯⟩ then -1522356203033901467723972540862214784610026447382568305388796 else 0) +
          if ⟨36, ⋯⟩ = ⟨21, ⋯⟩ then 1 else 0) +
        ((-if ⟨36, ⋯⟩ = ⟨24, ⋯⟩ then 1 else 0) +
          -if ⟨36, ⋯⟩ = ⟨26, ⋯⟩ then 1606938040236943481429907225474247728170690725378808731729921 else 0) <
      512 ^
        (![24, 24, 24, 24, 24, 24, 24, 24, 24, 38, 24, 38, 24, 46, 24, 29, 24, 29, 24, 29, 24, 29, 24] ⟨13, ⋯⟩ - 22) ∧
    ((if ⟨36, ⋯⟩ = ⟨26, ⋯⟩ then 1606938040236943481429907225474247728170690725378808731729921 else 0) +
          if ⟨36, ⋯⟩ = ⟨24, ⋯⟩ then 1 else 0) +
        ((-if ⟨36, ⋯⟩ = ⟨21, ⋯⟩ then 1 else 0) +
          ((-if ⟨36, ⋯⟩ = ⟨18, ⋯⟩ then -1522356203033901467723972540862214784610026447382568305388796 else 0) +
            (((((((((-if ⟨36, ⋯⟩ = ⟨8, ⋯⟩ then 295572421022148107387365359962275765841347054642257937431270 else 0) +
                            -if ⟨36, ⋯⟩ = ⟨7, ⋯⟩ then 1438767033088100244728664879689866584553574833781248937459679
                              else 0) +
                          -if ⟨36, ⋯⟩ = ⟨6, ⋯⟩ then 168846812639502040874424905035226945680858012035860369649544
                            else 0) +
                        -if ⟨36, ⋯⟩ = ⟨5, ⋯⟩ then 1400070462753430720352396059884863926591487685693929134614351
                          else 0) +
                      -if ⟨36, ⋯⟩ = ⟨4, ⋯⟩ then 1583879869042979040058862001724753309599103428087730154722882 else 0) +
                    -if ⟨36, ⋯⟩ = ⟨3, ⋯⟩ then 464430110441043401102762325210005366396131447824338599181938 else 0) +
                  -if ⟨36, ⋯⟩ = ⟨2, ⋯⟩ then 618786041258804908447457396686492883899388767448874179277885 else 0) +
                -if ⟨36, ⋯⟩ = ⟨1, ⋯⟩ then 190912212895560237323709081460011468417886698937689408761221 else 0) +
              -if ⟨36, ⋯⟩ = ⟨0, ⋯⟩ then 1535097889230980652050155379269610615631018586457153232186336 else 0))) <
      512 ^ (![24, 24, 24, 24, 24, 24, 24, 24, 24, 38, 24, 38, 24, 46, 24, 29, 24, 29, 24, 29, 24, 29, 24] ⟨13, ⋯⟩ - 22)

case «13».«37»
⊢ (((if ⟨37, ⋯⟩ = ⟨0, ⋯⟩ then 1535097889230980652050155379269610615631018586457153232186336 else 0) +
              ((if ⟨37, ⋯⟩ = ⟨1, ⋯⟩ then 190912212895560237323709081460011468417886698937689408761221 else 0) +
                ((if ⟨37, ⋯⟩ = ⟨2, ⋯⟩ then 618786041258804908447457396686492883899388767448874179277885 else 0) +
                  ((if ⟨37, ⋯⟩ = ⟨3, ⋯⟩ then 464430110441043401102762325210005366396131447824338599181938 else 0) +
                    ((if ⟨37, ⋯⟩ = ⟨4, ⋯⟩ then 1583879869042979040058862001724753309599103428087730154722882 else 0) +
                      ((if ⟨37, ⋯⟩ = ⟨5, ⋯⟩ then 1400070462753430720352396059884863926591487685693929134614351 else 0) +
                        ((if ⟨37, ⋯⟩ = ⟨6, ⋯⟩ then 168846812639502040874424905035226945680858012035860369649544
                          else 0) +
                          ((if ⟨37, ⋯⟩ = ⟨7, ⋯⟩ then 1438767033088100244728664879689866584553574833781248937459679
                            else 0) +
                            if ⟨37, ⋯⟩ = ⟨8, ⋯⟩ then 295572421022148107387365359962275765841347054642257937431270
                            else 0))))))) +
            if ⟨37, ⋯⟩ = ⟨18, ⋯⟩ then -1522356203033901467723972540862214784610026447382568305388796 else 0) +
          if ⟨37, ⋯⟩ = ⟨21, ⋯⟩ then 1 else 0) +
        ((-if ⟨37, ⋯⟩ = ⟨24, ⋯⟩ then 1 else 0) +
          -if ⟨37, ⋯⟩ = ⟨26, ⋯⟩ then 1606938040236943481429907225474247728170690725378808731729921 else 0) <
      512 ^
        (![24, 24, 24, 24, 24, 24, 24, 24, 24, 38, 24, 38, 24, 46, 24, 29, 24, 29, 24, 29, 24, 29, 24] ⟨13, ⋯⟩ - 22) ∧
    ((if ⟨37, ⋯⟩ = ⟨26, ⋯⟩ then 1606938040236943481429907225474247728170690725378808731729921 else 0) +
          if ⟨37, ⋯⟩ = ⟨24, ⋯⟩ then 1 else 0) +
        ((-if ⟨37, ⋯⟩ = ⟨21, ⋯⟩ then 1 else 0) +
          ((-if ⟨37, ⋯⟩ = ⟨18, ⋯⟩ then -1522356203033901467723972540862214784610026447382568305388796 else 0) +
            (((((((((-if ⟨37, ⋯⟩ = ⟨8, ⋯⟩ then 295572421022148107387365359962275765841347054642257937431270 else 0) +
                            -if ⟨37, ⋯⟩ = ⟨7, ⋯⟩ then 1438767033088100244728664879689866584553574833781248937459679
                              else 0) +
                          -if ⟨37, ⋯⟩ = ⟨6, ⋯⟩ then 168846812639502040874424905035226945680858012035860369649544
                            else 0) +
                        -if ⟨37, ⋯⟩ = ⟨5, ⋯⟩ then 1400070462753430720352396059884863926591487685693929134614351
                          else 0) +
                      -if ⟨37, ⋯⟩ = ⟨4, ⋯⟩ then 1583879869042979040058862001724753309599103428087730154722882 else 0) +
                    -if ⟨37, ⋯⟩ = ⟨3, ⋯⟩ then 464430110441043401102762325210005366396131447824338599181938 else 0) +
                  -if ⟨37, ⋯⟩ = ⟨2, ⋯⟩ then 618786041258804908447457396686492883899388767448874179277885 else 0) +
                -if ⟨37, ⋯⟩ = ⟨1, ⋯⟩ then 190912212895560237323709081460011468417886698937689408761221 else 0) +
              -if ⟨37, ⋯⟩ = ⟨0, ⋯⟩ then 1535097889230980652050155379269610615631018586457153232186336 else 0))) <
      512 ^ (![24, 24, 24, 24, 24, 24, 24, 24, 24, 38, 24, 38, 24, 46, 24, 29, 24, 29, 24, 29, 24, 29, 24] ⟨13, ⋯⟩ - 22)

case «13».«38»
⊢ (((if ⟨38, ⋯⟩ = ⟨0, ⋯⟩ then 1535097889230980652050155379269610615631018586457153232186336 else 0) +
              ((if ⟨38, ⋯⟩ = ⟨1, ⋯⟩ then 190912212895560237323709081460011468417886698937689408761221 else 0) +
                ((if ⟨38, ⋯⟩ = ⟨2, ⋯⟩ then 618786041258804908447457396686492883899388767448874179277885 else 0) +
                  ((if ⟨38, ⋯⟩ = ⟨3, ⋯⟩ then 464430110441043401102762325210005366396131447824338599181938 else 0) +
                    ((if ⟨38, ⋯⟩ = ⟨4, ⋯⟩ then 1583879869042979040058862001724753309599103428087730154722882 else 0) +
                      ((if ⟨38, ⋯⟩ = ⟨5, ⋯⟩ then 1400070462753430720352396059884863926591487685693929134614351 else 0) +
                        ((if ⟨38, ⋯⟩ = ⟨6, ⋯⟩ then 168846812639502040874424905035226945680858012035860369649544
                          else 0) +
                          ((if ⟨38, ⋯⟩ = ⟨7, ⋯⟩ then 1438767033088100244728664879689866584553574833781248937459679
                            else 0) +
                            if ⟨38, ⋯⟩ = ⟨8, ⋯⟩ then 295572421022148107387365359962275765841347054642257937431270
                            else 0))))))) +
            if ⟨38, ⋯⟩ = ⟨18, ⋯⟩ then -1522356203033901467723972540862214784610026447382568305388796 else 0) +
          if ⟨38, ⋯⟩ = ⟨21, ⋯⟩ then 1 else 0) +
        ((-if ⟨38, ⋯⟩ = ⟨24, ⋯⟩ then 1 else 0) +
          -if ⟨38, ⋯⟩ = ⟨26, ⋯⟩ then 1606938040236943481429907225474247728170690725378808731729921 else 0) <
      512 ^
        (![24, 24, 24, 24, 24, 24, 24, 24, 24, 38, 24, 38, 24, 46, 24, 29, 24, 29, 24, 29, 24, 29, 24] ⟨13, ⋯⟩ - 22) ∧
    ((if ⟨38, ⋯⟩ = ⟨26, ⋯⟩ then 1606938040236943481429907225474247728170690725378808731729921 else 0) +
          if ⟨38, ⋯⟩ = ⟨24, ⋯⟩ then 1 else 0) +
        ((-if ⟨38, ⋯⟩ = ⟨21, ⋯⟩ then 1 else 0) +
          ((-if ⟨38, ⋯⟩ = ⟨18, ⋯⟩ then -1522356203033901467723972540862214784610026447382568305388796 else 0) +
            (((((((((-if ⟨38, ⋯⟩ = ⟨8, ⋯⟩ then 295572421022148107387365359962275765841347054642257937431270 else 0) +
                            -if ⟨38, ⋯⟩ = ⟨7, ⋯⟩ then 1438767033088100244728664879689866584553574833781248937459679
                              else 0) +
                          -if ⟨38, ⋯⟩ = ⟨6, ⋯⟩ then 168846812639502040874424905035226945680858012035860369649544
                            else 0) +
                        -if ⟨38, ⋯⟩ = ⟨5, ⋯⟩ then 1400070462753430720352396059884863926591487685693929134614351
                          else 0) +
                      -if ⟨38, ⋯⟩ = ⟨4, ⋯⟩ then 1583879869042979040058862001724753309599103428087730154722882 else 0) +
                    -if ⟨38, ⋯⟩ = ⟨3, ⋯⟩ then 464430110441043401102762325210005366396131447824338599181938 else 0) +
                  -if ⟨38, ⋯⟩ = ⟨2, ⋯⟩ then 618786041258804908447457396686492883899388767448874179277885 else 0) +
                -if ⟨38, ⋯⟩ = ⟨1, ⋯⟩ then 190912212895560237323709081460011468417886698937689408761221 else 0) +
              -if ⟨38, ⋯⟩ = ⟨0, ⋯⟩ then 1535097889230980652050155379269610615631018586457153232186336 else 0))) <
      512 ^ (![24, 24, 24, 24, 24, 24, 24, 24, 24, 38, 24, 38, 24, 46, 24, 29, 24, 29, 24, 29, 24, 29, 24] ⟨13, ⋯⟩ - 22)

case «14».«0»
⊢ ((if ⟨0, ⋯⟩ = ⟨24, ⋯⟩ then 1 else 0) + if ⟨0, ⋯⟩ = ⟨25, ⋯⟩ then 1 else 0) <
      512 ^
        (![24, 24, 24, 24, 24, 24, 24, 24, 24, 38, 24, 38, 24, 46, 24, 29, 24, 29, 24, 29, 24, 29, 24] ⟨14, ⋯⟩ - 22) ∧
    (-if ⟨0, ⋯⟩ = ⟨25, ⋯⟩ then 1 else 0) <
      512 ^
          (![24, 24, 24, 24, 24, 24, 24, 24, 24, 38, 24, 38, 24, 46, 24, 29, 24, 29, 24, 29, 24, 29, 24] ⟨14, ⋯⟩ - 22) +
        if ⟨0, ⋯⟩ = ⟨24, ⋯⟩ then 1 else 0

case «14».«1»
⊢ ((if ⟨1, ⋯⟩ = ⟨24, ⋯⟩ then 1 else 0) + if ⟨1, ⋯⟩ = ⟨25, ⋯⟩ then 1 else 0) <
      512 ^
        (![24, 24, 24, 24, 24, 24, 24, 24, 24, 38, 24, 38, 24, 46, 24, 29, 24, 29, 24, 29, 24, 29, 24] ⟨14, ⋯⟩ - 22) ∧
    (-if ⟨1, ⋯⟩ = ⟨25, ⋯⟩ then 1 else 0) <
      512 ^
          (![24, 24, 24, 24, 24, 24, 24, 24, 24, 38, 24, 38, 24, 46, 24, 29, 24, 29, 24, 29, 24, 29, 24] ⟨14, ⋯⟩ - 22) +
        if ⟨1, ⋯⟩ = ⟨24, ⋯⟩ then 1 else 0

case «14».«2»
⊢ ((if ⟨2, ⋯⟩ = ⟨24, ⋯⟩ then 1 else 0) + if ⟨2, ⋯⟩ = ⟨25, ⋯⟩ then 1 else 0) <
      512 ^
        (![24, 24, 24, 24, 24, 24, 24, 24, 24, 38, 24, 38, 24, 46, 24, 29, 24, 29, 24, 29, 24, 29, 24] ⟨14, ⋯⟩ - 22) ∧
    (-if ⟨2, ⋯⟩ = ⟨25, ⋯⟩ then 1 else 0) <
      512 ^
          (![24, 24, 24, 24, 24, 24, 24, 24, 24, 38, 24, 38, 24, 46, 24, 29, 24, 29, 24, 29, 24, 29, 24] ⟨14, ⋯⟩ - 22) +
        if ⟨2, ⋯⟩ = ⟨24, ⋯⟩ then 1 else 0

case «14».«3»
⊢ ((if ⟨3, ⋯⟩ = ⟨24, ⋯⟩ then 1 else 0) + if ⟨3, ⋯⟩ = ⟨25, ⋯⟩ then 1 else 0) <
      512 ^
        (![24, 24, 24, 24, 24, 24, 24, 24, 24, 38, 24, 38, 24, 46, 24, 29, 24, 29, 24, 29, 24, 29, 24] ⟨14, ⋯⟩ - 22) ∧
    (-if ⟨3, ⋯⟩ = ⟨25, ⋯⟩ then 1 else 0) <
      512 ^
          (![24, 24, 24, 24, 24, 24, 24, 24, 24, 38, 24, 38, 24, 46, 24, 29, 24, 29, 24, 29, 24, 29, 24] ⟨14, ⋯⟩ - 22) +
        if ⟨3, ⋯⟩ = ⟨24, ⋯⟩ then 1 else 0

case «14».«4»
⊢ ((if ⟨4, ⋯⟩ = ⟨24, ⋯⟩ then 1 else 0) + if ⟨4, ⋯⟩ = ⟨25, ⋯⟩ then 1 else 0) <
      512 ^
        (![24, 24, 24, 24, 24, 24, 24, 24, 24, 38, 24, 38, 24, 46, 24, 29, 24, 29, 24, 29, 24, 29, 24] ⟨14, ⋯⟩ - 22) ∧
    (-if ⟨4, ⋯⟩ = ⟨25, ⋯⟩ then 1 else 0) <
      512 ^
          (![24, 24, 24, 24, 24, 24, 24, 24, 24, 38, 24, 38, 24, 46, 24, 29, 24, 29, 24, 29, 24, 29, 24] ⟨14, ⋯⟩ - 22) +
        if ⟨4, ⋯⟩ = ⟨24, ⋯⟩ then 1 else 0

case «14».«5»
⊢ ((if ⟨5, ⋯⟩ = ⟨24, ⋯⟩ then 1 else 0) + if ⟨5, ⋯⟩ = ⟨25, ⋯⟩ then 1 else 0) <
      512 ^
        (![24, 24, 24, 24, 24, 24, 24, 24, 24, 38, 24, 38, 24, 46, 24, 29, 24, 29, 24, 29, 24, 29, 24] ⟨14, ⋯⟩ - 22) ∧
    (-if ⟨5, ⋯⟩ = ⟨25, ⋯⟩ then 1 else 0) <
      512 ^
          (![24, 24, 24, 24, 24, 24, 24, 24, 24, 38, 24, 38, 24, 46, 24, 29, 24, 29, 24, 29, 24, 29, 24] ⟨14, ⋯⟩ - 22) +
        if ⟨5, ⋯⟩ = ⟨24, ⋯⟩ then 1 else 0

case «14».«6»
⊢ ((if ⟨6, ⋯⟩ = ⟨24, ⋯⟩ then 1 else 0) + if ⟨6, ⋯⟩ = ⟨25, ⋯⟩ then 1 else 0) <
      512 ^
        (![24, 24, 24, 24, 24, 24, 24, 24, 24, 38, 24, 38, 24, 46, 24, 29, 24, 29, 24, 29, 24, 29, 24] ⟨14, ⋯⟩ - 22) ∧
    (-if ⟨6, ⋯⟩ = ⟨25, ⋯⟩ then 1 else 0) <
      512 ^
          (![24, 24, 24, 24, 24, 24, 24, 24, 24, 38, 24, 38, 24, 46, 24, 29, 24, 29, 24, 29, 24, 29, 24] ⟨14, ⋯⟩ - 22) +
        if ⟨6, ⋯⟩ = ⟨24, ⋯⟩ then 1 else 0

case «14».«7»
⊢ ((if ⟨7, ⋯⟩ = ⟨24, ⋯⟩ then 1 else 0) + if ⟨7, ⋯⟩ = ⟨25, ⋯⟩ then 1 else 0) <
      512 ^
        (![24, 24, 24, 24, 24, 24, 24, 24, 24, 38, 24, 38, 24, 46, 24, 29, 24, 29, 24, 29, 24, 29, 24] ⟨14, ⋯⟩ - 22) ∧
    (-if ⟨7, ⋯⟩ = ⟨25, ⋯⟩ then 1 else 0) <
      512 ^
          (![24, 24, 24, 24, 24, 24, 24, 24, 24, 38, 24, 38, 24, 46, 24, 29, 24, 29, 24, 29, 24, 29, 24] ⟨14, ⋯⟩ - 22) +
        if ⟨7, ⋯⟩ = ⟨24, ⋯⟩ then 1 else 0

case «14».«8»
⊢ ((if ⟨8, ⋯⟩ = ⟨24, ⋯⟩ then 1 else 0) + if ⟨8, ⋯⟩ = ⟨25, ⋯⟩ then 1 else 0) <
      512 ^
        (![24, 24, 24, 24, 24, 24, 24, 24, 24, 38, 24, 38, 24, 46, 24, 29, 24, 29, 24, 29, 24, 29, 24] ⟨14, ⋯⟩ - 22) ∧
    (-if ⟨8, ⋯⟩ = ⟨25, ⋯⟩ then 1 else 0) <
      512 ^
          (![24, 24, 24, 24, 24, 24, 24, 24, 24, 38, 24, 38, 24, 46, 24, 29, 24, 29, 24, 29, 24, 29, 24] ⟨14, ⋯⟩ - 22) +
        if ⟨8, ⋯⟩ = ⟨24, ⋯⟩ then 1 else 0

case «14».«9»
⊢ ((if ⟨9, ⋯⟩ = ⟨24, ⋯⟩ then 1 else 0) + if ⟨9, ⋯⟩ = ⟨25, ⋯⟩ then 1 else 0) <
      512 ^
        (![24, 24, 24, 24, 24, 24, 24, 24, 24, 38, 24, 38, 24, 46, 24, 29, 24, 29, 24, 29, 24, 29, 24] ⟨14, ⋯⟩ - 22) ∧
    (-if ⟨9, ⋯⟩ = ⟨25, ⋯⟩ then 1 else 0) <
      512 ^
          (![24, 24, 24, 24, 24, 24, 24, 24, 24, 38, 24, 38, 24, 46, 24, 29, 24, 29, 24, 29, 24, 29, 24] ⟨14, ⋯⟩ - 22) +
        if ⟨9, ⋯⟩ = ⟨24, ⋯⟩ then 1 else 0

case «14».«10»
⊢ ((if ⟨10, ⋯⟩ = ⟨24, ⋯⟩ then 1 else 0) + if ⟨10, ⋯⟩ = ⟨25, ⋯⟩ then 1 else 0) <
      512 ^
        (![24, 24, 24, 24, 24, 24, 24, 24, 24, 38, 24, 38, 24, 46, 24, 29, 24, 29, 24, 29, 24, 29, 24] ⟨14, ⋯⟩ - 22) ∧
    (-if ⟨10, ⋯⟩ = ⟨25, ⋯⟩ then 1 else 0) <
      512 ^
          (![24, 24, 24, 24, 24, 24, 24, 24, 24, 38, 24, 38, 24, 46, 24, 29, 24, 29, 24, 29, 24, 29, 24] ⟨14, ⋯⟩ - 22) +
        if ⟨10, ⋯⟩ = ⟨24, ⋯⟩ then 1 else 0

case «14».«11»
⊢ ((if ⟨11, ⋯⟩ = ⟨24, ⋯⟩ then 1 else 0) + if ⟨11, ⋯⟩ = ⟨25, ⋯⟩ then 1 else 0) <
      512 ^
        (![24, 24, 24, 24, 24, 24, 24, 24, 24, 38, 24, 38, 24, 46, 24, 29, 24, 29, 24, 29, 24, 29, 24] ⟨14, ⋯⟩ - 22) ∧
    (-if ⟨11, ⋯⟩ = ⟨25, ⋯⟩ then 1 else 0) <
      512 ^
          (![24, 24, 24, 24, 24, 24, 24, 24, 24, 38, 24, 38, 24, 46, 24, 29, 24, 29, 24, 29, 24, 29, 24] ⟨14, ⋯⟩ - 22) +
        if ⟨11, ⋯⟩ = ⟨24, ⋯⟩ then 1 else 0

case «14».«12»
⊢ ((if ⟨12, ⋯⟩ = ⟨24, ⋯⟩ then 1 else 0) + if ⟨12, ⋯⟩ = ⟨25, ⋯⟩ then 1 else 0) <
      512 ^
        (![24, 24, 24, 24, 24, 24, 24, 24, 24, 38, 24, 38, 24, 46, 24, 29, 24, 29, 24, 29, 24, 29, 24] ⟨14, ⋯⟩ - 22) ∧
    (-if ⟨12, ⋯⟩ = ⟨25, ⋯⟩ then 1 else 0) <
      512 ^
          (![24, 24, 24, 24, 24, 24, 24, 24, 24, 38, 24, 38, 24, 46, 24, 29, 24, 29, 24, 29, 24, 29, 24] ⟨14, ⋯⟩ - 22) +
        if ⟨12, ⋯⟩ = ⟨24, ⋯⟩ then 1 else 0

case «14».«13»
⊢ ((if ⟨13, ⋯⟩ = ⟨24, ⋯⟩ then 1 else 0) + if ⟨13, ⋯⟩ = ⟨25, ⋯⟩ then 1 else 0) <
      512 ^
        (![24, 24, 24, 24, 24, 24, 24, 24, 24, 38, 24, 38, 24, 46, 24, 29, 24, 29, 24, 29, 24, 29, 24] ⟨14, ⋯⟩ - 22) ∧
    (-if ⟨13, ⋯⟩ = ⟨25, ⋯⟩ then 1 else 0) <
      512 ^
          (![24, 24, 24, 24, 24, 24, 24, 24, 24, 38, 24, 38, 24, 46, 24, 29, 24, 29, 24, 29, 24, 29, 24] ⟨14, ⋯⟩ - 22) +
        if ⟨13, ⋯⟩ = ⟨24, ⋯⟩ then 1 else 0

case «14».«14»
⊢ ((if ⟨14, ⋯⟩ = ⟨24, ⋯⟩ then 1 else 0) + if ⟨14, ⋯⟩ = ⟨25, ⋯⟩ then 1 else 0) <
      512 ^
        (![24, 24, 24, 24, 24, 24, 24, 24, 24, 38, 24, 38, 24, 46, 24, 29, 24, 29, 24, 29, 24, 29, 24] ⟨14, ⋯⟩ - 22) ∧
    (-if ⟨14, ⋯⟩ = ⟨25, ⋯⟩ then 1 else 0) <
      512 ^
          (![24, 24, 24, 24, 24, 24, 24, 24, 24, 38, 24, 38, 24, 46, 24, 29, 24, 29, 24, 29, 24, 29, 24] ⟨14, ⋯⟩ - 22) +
        if ⟨14, ⋯⟩ = ⟨24, ⋯⟩ then 1 else 0

case «14».«15»
⊢ ((if ⟨15, ⋯⟩ = ⟨24, ⋯⟩ then 1 else 0) + if ⟨15, ⋯⟩ = ⟨25, ⋯⟩ then 1 else 0) <
      512 ^
        (![24, 24, 24, 24, 24, 24, 24, 24, 24, 38, 24, 38, 24, 46, 24, 29, 24, 29, 24, 29, 24, 29, 24] ⟨14, ⋯⟩ - 22) ∧
    (-if ⟨15, ⋯⟩ = ⟨25, ⋯⟩ then 1 else 0) <
      512 ^
          (![24, 24, 24, 24, 24, 24, 24, 24, 24, 38, 24, 38, 24, 46, 24, 29, 24, 29, 24, 29, 24, 29, 24] ⟨14, ⋯⟩ - 22) +
        if ⟨15, ⋯⟩ = ⟨24, ⋯⟩ then 1 else 0

case «14».«16»
⊢ ((if ⟨16, ⋯⟩ = ⟨24, ⋯⟩ then 1 else 0) + if ⟨16, ⋯⟩ = ⟨25, ⋯⟩ then 1 else 0) <
      512 ^
        (![24, 24, 24, 24, 24, 24, 24, 24, 24, 38, 24, 38, 24, 46, 24, 29, 24, 29, 24, 29, 24, 29, 24] ⟨14, ⋯⟩ - 22) ∧
    (-if ⟨16, ⋯⟩ = ⟨25, ⋯⟩ then 1 else 0) <
      512 ^
          (![24, 24, 24, 24, 24, 24, 24, 24, 24, 38, 24, 38, 24, 46, 24, 29, 24, 29, 24, 29, 24, 29, 24] ⟨14, ⋯⟩ - 22) +
        if ⟨16, ⋯⟩ = ⟨24, ⋯⟩ then 1 else 0

case «14».«17»
⊢ ((if ⟨17, ⋯⟩ = ⟨24, ⋯⟩ then 1 else 0) + if ⟨17, ⋯⟩ = ⟨25, ⋯⟩ then 1 else 0) <
      512 ^
        (![24, 24, 24, 24, 24, 24, 24, 24, 24, 38, 24, 38, 24, 46, 24, 29, 24, 29, 24, 29, 24, 29, 24] ⟨14, ⋯⟩ - 22) ∧
    (-if ⟨17, ⋯⟩ = ⟨25, ⋯⟩ then 1 else 0) <
      512 ^
          (![24, 24, 24, 24, 24, 24, 24, 24, 24, 38, 24, 38, 24, 46, 24, 29, 24, 29, 24, 29, 24, 29, 24] ⟨14, ⋯⟩ - 22) +
        if ⟨17, ⋯⟩ = ⟨24, ⋯⟩ then 1 else 0

case «14».«18»
⊢ ((if ⟨18, ⋯⟩ = ⟨24, ⋯⟩ then 1 else 0) + if ⟨18, ⋯⟩ = ⟨25, ⋯⟩ then 1 else 0) <
      512 ^
        (![24, 24, 24, 24, 24, 24, 24, 24, 24, 38, 24, 38, 24, 46, 24, 29, 24, 29, 24, 29, 24, 29, 24] ⟨14, ⋯⟩ - 22) ∧
    (-if ⟨18, ⋯⟩ = ⟨25, ⋯⟩ then 1 else 0) <
      512 ^
          (![24, 24, 24, 24, 24, 24, 24, 24, 24, 38, 24, 38, 24, 46, 24, 29, 24, 29, 24, 29, 24, 29, 24] ⟨14, ⋯⟩ - 22) +
        if ⟨18, ⋯⟩ = ⟨24, ⋯⟩ then 1 else 0

case «14».«19»
⊢ ((if ⟨19, ⋯⟩ = ⟨24, ⋯⟩ then 1 else 0) + if ⟨19, ⋯⟩ = ⟨25, ⋯⟩ then 1 else 0) <
      512 ^
        (![24, 24, 24, 24, 24, 24, 24, 24, 24, 38, 24, 38, 24, 46, 24, 29, 24, 29, 24, 29, 24, 29, 24] ⟨14, ⋯⟩ - 22) ∧
    (-if ⟨19, ⋯⟩ = ⟨25, ⋯⟩ then 1 else 0) <
      512 ^
          (![24, 24, 24, 24, 24, 24, 24, 24, 24, 38, 24, 38, 24, 46, 24, 29, 24, 29, 24, 29, 24, 29, 24] ⟨14, ⋯⟩ - 22) +
        if ⟨19, ⋯⟩ = ⟨24, ⋯⟩ then 1 else 0

case «14».«20»
⊢ ((if ⟨20, ⋯⟩ = ⟨24, ⋯⟩ then 1 else 0) + if ⟨20, ⋯⟩ = ⟨25, ⋯⟩ then 1 else 0) <
      512 ^
        (![24, 24, 24, 24, 24, 24, 24, 24, 24, 38, 24, 38, 24, 46, 24, 29, 24, 29, 24, 29, 24, 29, 24] ⟨14, ⋯⟩ - 22) ∧
    (-if ⟨20, ⋯⟩ = ⟨25, ⋯⟩ then 1 else 0) <
      512 ^
          (![24, 24, 24, 24, 24, 24, 24, 24, 24, 38, 24, 38, 24, 46, 24, 29, 24, 29, 24, 29, 24, 29, 24] ⟨14, ⋯⟩ - 22) +
        if ⟨20, ⋯⟩ = ⟨24, ⋯⟩ then 1 else 0

case «14».«21»
⊢ ((if ⟨21, ⋯⟩ = ⟨24, ⋯⟩ then 1 else 0) + if ⟨21, ⋯⟩ = ⟨25, ⋯⟩ then 1 else 0) <
      512 ^
        (![24, 24, 24, 24, 24, 24, 24, 24, 24, 38, 24, 38, 24, 46, 24, 29, 24, 29, 24, 29, 24, 29, 24] ⟨14, ⋯⟩ - 22) ∧
    (-if ⟨21, ⋯⟩ = ⟨25, ⋯⟩ then 1 else 0) <
      512 ^
          (![24, 24, 24, 24, 24, 24, 24, 24, 24, 38, 24, 38, 24, 46, 24, 29, 24, 29, 24, 29, 24, 29, 24] ⟨14, ⋯⟩ - 22) +
        if ⟨21, ⋯⟩ = ⟨24, ⋯⟩ then 1 else 0

case «14».«22»
⊢ ((if ⟨22, ⋯⟩ = ⟨24, ⋯⟩ then 1 else 0) + if ⟨22, ⋯⟩ = ⟨25, ⋯⟩ then 1 else 0) <
      512 ^
        (![24, 24, 24, 24, 24, 24, 24, 24, 24, 38, 24, 38, 24, 46, 24, 29, 24, 29, 24, 29, 24, 29, 24] ⟨14, ⋯⟩ - 22) ∧
    (-if ⟨22, ⋯⟩ = ⟨25, ⋯⟩ then 1 else 0) <
      512 ^
          (![24, 24, 24, 24, 24, 24, 24, 24, 24, 38, 24, 38, 24, 46, 24, 29, 24, 29, 24, 29, 24, 29, 24] ⟨14, ⋯⟩ - 22) +
        if ⟨22, ⋯⟩ = ⟨24, ⋯⟩ then 1 else 0

case «14».«23»
⊢ ((if ⟨23, ⋯⟩ = ⟨24, ⋯⟩ then 1 else 0) + if ⟨23, ⋯⟩ = ⟨25, ⋯⟩ then 1 else 0) <
      512 ^
        (![24, 24, 24, 24, 24, 24, 24, 24, 24, 38, 24, 38, 24, 46, 24, 29, 24, 29, 24, 29, 24, 29, 24] ⟨14, ⋯⟩ - 22) ∧
    (-if ⟨23, ⋯⟩ = ⟨25, ⋯⟩ then 1 else 0) <
      512 ^
          (![24, 24, 24, 24, 24, 24, 24, 24, 24, 38, 24, 38, 24, 46, 24, 29, 24, 29, 24, 29, 24, 29, 24] ⟨14, ⋯⟩ - 22) +
        if ⟨23, ⋯⟩ = ⟨24, ⋯⟩ then 1 else 0

case «14».«24»
⊢ ((if ⟨24, ⋯⟩ = ⟨24, ⋯⟩ then 1 else 0) + if ⟨24, ⋯⟩ = ⟨25, ⋯⟩ then 1 else 0) <
      512 ^
        (![24, 24, 24, 24, 24, 24, 24, 24, 24, 38, 24, 38, 24, 46, 24, 29, 24, 29, 24, 29, 24, 29, 24] ⟨14, ⋯⟩ - 22) ∧
    (-if ⟨24, ⋯⟩ = ⟨25, ⋯⟩ then 1 else 0) <
      512 ^
          (![24, 24, 24, 24, 24, 24, 24, 24, 24, 38, 24, 38, 24, 46, 24, 29, 24, 29, 24, 29, 24, 29, 24] ⟨14, ⋯⟩ - 22) +
        if ⟨24, ⋯⟩ = ⟨24, ⋯⟩ then 1 else 0

case «14».«25»
⊢ ((if ⟨25, ⋯⟩ = ⟨24, ⋯⟩ then 1 else 0) + if ⟨25, ⋯⟩ = ⟨25, ⋯⟩ then 1 else 0) <
      512 ^
        (![24, 24, 24, 24, 24, 24, 24, 24, 24, 38, 24, 38, 24, 46, 24, 29, 24, 29, 24, 29, 24, 29, 24] ⟨14, ⋯⟩ - 22) ∧
    (-if ⟨25, ⋯⟩ = ⟨25, ⋯⟩ then 1 else 0) <
      512 ^
          (![24, 24, 24, 24, 24, 24, 24, 24, 24, 38, 24, 38, 24, 46, 24, 29, 24, 29, 24, 29, 24, 29, 24] ⟨14, ⋯⟩ - 22) +
        if ⟨25, ⋯⟩ = ⟨24, ⋯⟩ then 1 else 0

case «14».«26»
⊢ ((if ⟨26, ⋯⟩ = ⟨24, ⋯⟩ then 1 else 0) + if ⟨26, ⋯⟩ = ⟨25, ⋯⟩ then 1 else 0) <
      512 ^
        (![24, 24, 24, 24, 24, 24, 24, 24, 24, 38, 24, 38, 24, 46, 24, 29, 24, 29, 24, 29, 24, 29, 24] ⟨14, ⋯⟩ - 22) ∧
    (-if ⟨26, ⋯⟩ = ⟨25, ⋯⟩ then 1 else 0) <
      512 ^
          (![24, 24, 24, 24, 24, 24, 24, 24, 24, 38, 24, 38, 24, 46, 24, 29, 24, 29, 24, 29, 24, 29, 24] ⟨14, ⋯⟩ - 22) +
        if ⟨26, ⋯⟩ = ⟨24, ⋯⟩ then 1 else 0

case «14».«27»
⊢ ((if ⟨27, ⋯⟩ = ⟨24, ⋯⟩ then 1 else 0) + if ⟨27, ⋯⟩ = ⟨25, ⋯⟩ then 1 else 0) <
      512 ^
        (![24, 24, 24, 24, 24, 24, 24, 24, 24, 38, 24, 38, 24, 46, 24, 29, 24, 29, 24, 29, 24, 29, 24] ⟨14, ⋯⟩ - 22) ∧
    (-if ⟨27, ⋯⟩ = ⟨25, ⋯⟩ then 1 else 0) <
      512 ^
          (![24, 24, 24, 24, 24, 24, 24, 24, 24, 38, 24, 38, 24, 46, 24, 29, 24, 29, 24, 29, 24, 29, 24] ⟨14, ⋯⟩ - 22) +
        if ⟨27, ⋯⟩ = ⟨24, ⋯⟩ then 1 else 0

case «14».«28»
⊢ ((if ⟨28, ⋯⟩ = ⟨24, ⋯⟩ then 1 else 0) + if ⟨28, ⋯⟩ = ⟨25, ⋯⟩ then 1 else 0) <
      512 ^
        (![24, 24, 24, 24, 24, 24, 24, 24, 24, 38, 24, 38, 24, 46, 24, 29, 24, 29, 24, 29, 24, 29, 24] ⟨14, ⋯⟩ - 22) ∧
    (-if ⟨28, ⋯⟩ = ⟨25, ⋯⟩ then 1 else 0) <
      512 ^
          (![24, 24, 24, 24, 24, 24, 24, 24, 24, 38, 24, 38, 24, 46, 24, 29, 24, 29, 24, 29, 24, 29, 24] ⟨14, ⋯⟩ - 22) +
        if ⟨28, ⋯⟩ = ⟨24, ⋯⟩ then 1 else 0

case «14».«29»
⊢ ((if ⟨29, ⋯⟩ = ⟨24, ⋯⟩ then 1 else 0) + if ⟨29, ⋯⟩ = ⟨25, ⋯⟩ then 1 else 0) <
      512 ^
        (![24, 24, 24, 24, 24, 24, 24, 24, 24, 38, 24, 38, 24, 46, 24, 29, 24, 29, 24, 29, 24, 29, 24] ⟨14, ⋯⟩ - 22) ∧
    (-if ⟨29, ⋯⟩ = ⟨25, ⋯⟩ then 1 else 0) <
      512 ^
          (![24, 24, 24, 24, 24, 24, 24, 24, 24, 38, 24, 38, 24, 46, 24, 29, 24, 29, 24, 29, 24, 29, 24] ⟨14, ⋯⟩ - 22) +
        if ⟨29, ⋯⟩ = ⟨24, ⋯⟩ then 1 else 0

case «14».«30»
⊢ ((if ⟨30, ⋯⟩ = ⟨24, ⋯⟩ then 1 else 0) + if ⟨30, ⋯⟩ = ⟨25, ⋯⟩ then 1 else 0) <
      512 ^
        (![24, 24, 24, 24, 24, 24, 24, 24, 24, 38, 24, 38, 24, 46, 24, 29, 24, 29, 24, 29, 24, 29, 24] ⟨14, ⋯⟩ - 22) ∧
    (-if ⟨30, ⋯⟩ = ⟨25, ⋯⟩ then 1 else 0) <
      512 ^
          (![24, 24, 24, 24, 24, 24, 24, 24, 24, 38, 24, 38, 24, 46, 24, 29, 24, 29, 24, 29, 24, 29, 24] ⟨14, ⋯⟩ - 22) +
        if ⟨30, ⋯⟩ = ⟨24, ⋯⟩ then 1 else 0

case «14».«31»
⊢ ((if ⟨31, ⋯⟩ = ⟨24, ⋯⟩ then 1 else 0) + if ⟨31, ⋯⟩ = ⟨25, ⋯⟩ then 1 else 0) <
      512 ^
        (![24, 24, 24, 24, 24, 24, 24, 24, 24, 38, 24, 38, 24, 46, 24, 29, 24, 29, 24, 29, 24, 29, 24] ⟨14, ⋯⟩ - 22) ∧
    (-if ⟨31, ⋯⟩ = ⟨25, ⋯⟩ then 1 else 0) <
      512 ^
          (![24, 24, 24, 24, 24, 24, 24, 24, 24, 38, 24, 38, 24, 46, 24, 29, 24, 29, 24, 29, 24, 29, 24] ⟨14, ⋯⟩ - 22) +
        if ⟨31, ⋯⟩ = ⟨24, ⋯⟩ then 1 else 0

case «14».«32»
⊢ ((if ⟨32, ⋯⟩ = ⟨24, ⋯⟩ then 1 else 0) + if ⟨32, ⋯⟩ = ⟨25, ⋯⟩ then 1 else 0) <
      512 ^
        (![24, 24, 24, 24, 24, 24, 24, 24, 24, 38, 24, 38, 24, 46, 24, 29, 24, 29, 24, 29, 24, 29, 24] ⟨14, ⋯⟩ - 22) ∧
    (-if ⟨32, ⋯⟩ = ⟨25, ⋯⟩ then 1 else 0) <
      512 ^
          (![24, 24, 24, 24, 24, 24, 24, 24, 24, 38, 24, 38, 24, 46, 24, 29, 24, 29, 24, 29, 24, 29, 24] ⟨14, ⋯⟩ - 22) +
        if ⟨32, ⋯⟩ = ⟨24, ⋯⟩ then 1 else 0

case «14».«33»
⊢ ((if ⟨33, ⋯⟩ = ⟨24, ⋯⟩ then 1 else 0) + if ⟨33, ⋯⟩ = ⟨25, ⋯⟩ then 1 else 0) <
      512 ^
        (![24, 24, 24, 24, 24, 24, 24, 24, 24, 38, 24, 38, 24, 46, 24, 29, 24, 29, 24, 29, 24, 29, 24] ⟨14, ⋯⟩ - 22) ∧
    (-if ⟨33, ⋯⟩ = ⟨25, ⋯⟩ then 1 else 0) <
      512 ^
          (![24, 24, 24, 24, 24, 24, 24, 24, 24, 38, 24, 38, 24, 46, 24, 29, 24, 29, 24, 29, 24, 29, 24] ⟨14, ⋯⟩ - 22) +
        if ⟨33, ⋯⟩ = ⟨24, ⋯⟩ then 1 else 0

case «14».«34»
⊢ ((if ⟨34, ⋯⟩ = ⟨24, ⋯⟩ then 1 else 0) + if ⟨34, ⋯⟩ = ⟨25, ⋯⟩ then 1 else 0) <
      512 ^
        (![24, 24, 24, 24, 24, 24, 24, 24, 24, 38, 24, 38, 24, 46, 24, 29, 24, 29, 24, 29, 24, 29, 24] ⟨14, ⋯⟩ - 22) ∧
    (-if ⟨34, ⋯⟩ = ⟨25, ⋯⟩ then 1 else 0) <
      512 ^
          (![24, 24, 24, 24, 24, 24, 24, 24, 24, 38, 24, 38, 24, 46, 24, 29, 24, 29, 24, 29, 24, 29, 24] ⟨14, ⋯⟩ - 22) +
        if ⟨34, ⋯⟩ = ⟨24, ⋯⟩ then 1 else 0

case «14».«35»
⊢ ((if ⟨35, ⋯⟩ = ⟨24, ⋯⟩ then 1 else 0) + if ⟨35, ⋯⟩ = ⟨25, ⋯⟩ then 1 else 0) <
      512 ^
        (![24, 24, 24, 24, 24, 24, 24, 24, 24, 38, 24, 38, 24, 46, 24, 29, 24, 29, 24, 29, 24, 29, 24] ⟨14, ⋯⟩ - 22) ∧
    (-if ⟨35, ⋯⟩ = ⟨25, ⋯⟩ then 1 else 0) <
      512 ^
          (![24, 24, 24, 24, 24, 24, 24, 24, 24, 38, 24, 38, 24, 46, 24, 29, 24, 29, 24, 29, 24, 29, 24] ⟨14, ⋯⟩ - 22) +
        if ⟨35, ⋯⟩ = ⟨24, ⋯⟩ then 1 else 0

case «14».«36»
⊢ ((if ⟨36, ⋯⟩ = ⟨24, ⋯⟩ then 1 else 0) + if ⟨36, ⋯⟩ = ⟨25, ⋯⟩ then 1 else 0) <
      512 ^
        (![24, 24, 24, 24, 24, 24, 24, 24, 24, 38, 24, 38, 24, 46, 24, 29, 24, 29, 24, 29, 24, 29, 24] ⟨14, ⋯⟩ - 22) ∧
    (-if ⟨36, ⋯⟩ = ⟨25, ⋯⟩ then 1 else 0) <
      512 ^
          (![24, 24, 24, 24, 24, 24, 24, 24, 24, 38, 24, 38, 24, 46, 24, 29, 24, 29, 24, 29, 24, 29, 24] ⟨14, ⋯⟩ - 22) +
        if ⟨36, ⋯⟩ = ⟨24, ⋯⟩ then 1 else 0

case «14».«37»
⊢ ((if ⟨37, ⋯⟩ = ⟨24, ⋯⟩ then 1 else 0) + if ⟨37, ⋯⟩ = ⟨25, ⋯⟩ then 1 else 0) <
      512 ^
        (![24, 24, 24, 24, 24, 24, 24, 24, 24, 38, 24, 38, 24, 46, 24, 29, 24, 29, 24, 29, 24, 29, 24] ⟨14, ⋯⟩ - 22) ∧
    (-if ⟨37, ⋯⟩ = ⟨25, ⋯⟩ then 1 else 0) <
      512 ^
          (![24, 24, 24, 24, 24, 24, 24, 24, 24, 38, 24, 38, 24, 46, 24, 29, 24, 29, 24, 29, 24, 29, 24] ⟨14, ⋯⟩ - 22) +
        if ⟨37, ⋯⟩ = ⟨24, ⋯⟩ then 1 else 0

case «14».«38»
⊢ ((if ⟨38, ⋯⟩ = ⟨24, ⋯⟩ then 1 else 0) + if ⟨38, ⋯⟩ = ⟨25, ⋯⟩ then 1 else 0) <
      512 ^
        (![24, 24, 24, 24, 24, 24, 24, 24, 24, 38, 24, 38, 24, 46, 24, 29, 24, 29, 24, 29, 24, 29, 24] ⟨14, ⋯⟩ - 22) ∧
    (-if ⟨38, ⋯⟩ = ⟨25, ⋯⟩ then 1 else 0) <
      512 ^
          (![24, 24, 24, 24, 24, 24, 24, 24, 24, 38, 24, 38, 24, 46, 24, 29, 24, 29, 24, 29, 24, 29, 24] ⟨14, ⋯⟩ - 22) +
        if ⟨38, ⋯⟩ = ⟨24, ⋯⟩ then 1 else 0

case «15».«0»
⊢ (if ⟨0, ⋯⟩ = ⟨24, ⋯⟩ then 1 else 0) +
        ((-if ⟨0, ⋯⟩ = ⟨27, ⋯⟩ then 1 else 0) + -if ⟨0, ⋯⟩ = ⟨28, ⋯⟩ then 1125899906826241 else 0) <
      512 ^
        (![24, 24, 24, 24, 24, 24, 24, 24, 24, 38, 24, 38, 24, 46, 24, 29, 24, 29, 24, 29, 24, 29, 24] ⟨15, ⋯⟩ - 22) ∧
    ((if ⟨0, ⋯⟩ = ⟨28, ⋯⟩ then 1125899906826241 else 0) + if ⟨0, ⋯⟩ = ⟨27, ⋯⟩ then 1 else 0) <
      512 ^
          (![24, 24, 24, 24, 24, 24, 24, 24, 24, 38, 24, 38, 24, 46, 24, 29, 24, 29, 24, 29, 24, 29, 24] ⟨15, ⋯⟩ - 22) +
        if ⟨0, ⋯⟩ = ⟨24, ⋯⟩ then 1 else 0

case «15».«1»
⊢ (if ⟨1, ⋯⟩ = ⟨24, ⋯⟩ then 1 else 0) +
        ((-if ⟨1, ⋯⟩ = ⟨27, ⋯⟩ then 1 else 0) + -if ⟨1, ⋯⟩ = ⟨28, ⋯⟩ then 1125899906826241 else 0) <
      512 ^
        (![24, 24, 24, 24, 24, 24, 24, 24, 24, 38, 24, 38, 24, 46, 24, 29, 24, 29, 24, 29, 24, 29, 24] ⟨15, ⋯⟩ - 22) ∧
    ((if ⟨1, ⋯⟩ = ⟨28, ⋯⟩ then 1125899906826241 else 0) + if ⟨1, ⋯⟩ = ⟨27, ⋯⟩ then 1 else 0) <
      512 ^
          (![24, 24, 24, 24, 24, 24, 24, 24, 24, 38, 24, 38, 24, 46, 24, 29, 24, 29, 24, 29, 24, 29, 24] ⟨15, ⋯⟩ - 22) +
        if ⟨1, ⋯⟩ = ⟨24, ⋯⟩ then 1 else 0

case «15».«2»
⊢ (if ⟨2, ⋯⟩ = ⟨24, ⋯⟩ then 1 else 0) +
        ((-if ⟨2, ⋯⟩ = ⟨27, ⋯⟩ then 1 else 0) + -if ⟨2, ⋯⟩ = ⟨28, ⋯⟩ then 1125899906826241 else 0) <
      512 ^
        (![24, 24, 24, 24, 24, 24, 24, 24, 24, 38, 24, 38, 24, 46, 24, 29, 24, 29, 24, 29, 24, 29, 24] ⟨15, ⋯⟩ - 22) ∧
    ((if ⟨2, ⋯⟩ = ⟨28, ⋯⟩ then 1125899906826241 else 0) + if ⟨2, ⋯⟩ = ⟨27, ⋯⟩ then 1 else 0) <
      512 ^
          (![24, 24, 24, 24, 24, 24, 24, 24, 24, 38, 24, 38, 24, 46, 24, 29, 24, 29, 24, 29, 24, 29, 24] ⟨15, ⋯⟩ - 22) +
        if ⟨2, ⋯⟩ = ⟨24, ⋯⟩ then 1 else 0

case «15».«3»
⊢ (if ⟨3, ⋯⟩ = ⟨24, ⋯⟩ then 1 else 0) +
        ((-if ⟨3, ⋯⟩ = ⟨27, ⋯⟩ then 1 else 0) + -if ⟨3, ⋯⟩ = ⟨28, ⋯⟩ then 1125899906826241 else 0) <
      512 ^
        (![24, 24, 24, 24, 24, 24, 24, 24, 24, 38, 24, 38, 24, 46, 24, 29, 24, 29, 24, 29, 24, 29, 24] ⟨15, ⋯⟩ - 22) ∧
    ((if ⟨3, ⋯⟩ = ⟨28, ⋯⟩ then 1125899906826241 else 0) + if ⟨3, ⋯⟩ = ⟨27, ⋯⟩ then 1 else 0) <
      512 ^
          (![24, 24, 24, 24, 24, 24, 24, 24, 24, 38, 24, 38, 24, 46, 24, 29, 24, 29, 24, 29, 24, 29, 24] ⟨15, ⋯⟩ - 22) +
        if ⟨3, ⋯⟩ = ⟨24, ⋯⟩ then 1 else 0

case «15».«4»
⊢ (if ⟨4, ⋯⟩ = ⟨24, ⋯⟩ then 1 else 0) +
        ((-if ⟨4, ⋯⟩ = ⟨27, ⋯⟩ then 1 else 0) + -if ⟨4, ⋯⟩ = ⟨28, ⋯⟩ then 1125899906826241 else 0) <
      512 ^
        (![24, 24, 24, 24, 24, 24, 24, 24, 24, 38, 24, 38, 24, 46, 24, 29, 24, 29, 24, 29, 24, 29, 24] ⟨15, ⋯⟩ - 22) ∧
    ((if ⟨4, ⋯⟩ = ⟨28, ⋯⟩ then 1125899906826241 else 0) + if ⟨4, ⋯⟩ = ⟨27, ⋯⟩ then 1 else 0) <
      512 ^
          (![24, 24, 24, 24, 24, 24, 24, 24, 24, 38, 24, 38, 24, 46, 24, 29, 24, 29, 24, 29, 24, 29, 24] ⟨15, ⋯⟩ - 22) +
        if ⟨4, ⋯⟩ = ⟨24, ⋯⟩ then 1 else 0

case «15».«5»
⊢ (if ⟨5, ⋯⟩ = ⟨24, ⋯⟩ then 1 else 0) +
        ((-if ⟨5, ⋯⟩ = ⟨27, ⋯⟩ then 1 else 0) + -if ⟨5, ⋯⟩ = ⟨28, ⋯⟩ then 1125899906826241 else 0) <
      512 ^
        (![24, 24, 24, 24, 24, 24, 24, 24, 24, 38, 24, 38, 24, 46, 24, 29, 24, 29, 24, 29, 24, 29, 24] ⟨15, ⋯⟩ - 22) ∧
    ((if ⟨5, ⋯⟩ = ⟨28, ⋯⟩ then 1125899906826241 else 0) + if ⟨5, ⋯⟩ = ⟨27, ⋯⟩ then 1 else 0) <
      512 ^
          (![24, 24, 24, 24, 24, 24, 24, 24, 24, 38, 24, 38, 24, 46, 24, 29, 24, 29, 24, 29, 24, 29, 24] ⟨15, ⋯⟩ - 22) +
        if ⟨5, ⋯⟩ = ⟨24, ⋯⟩ then 1 else 0

case «15».«6»
⊢ (if ⟨6, ⋯⟩ = ⟨24, ⋯⟩ then 1 else 0) +
        ((-if ⟨6, ⋯⟩ = ⟨27, ⋯⟩ then 1 else 0) + -if ⟨6, ⋯⟩ = ⟨28, ⋯⟩ then 1125899906826241 else 0) <
      512 ^
        (![24, 24, 24, 24, 24, 24, 24, 24, 24, 38, 24, 38, 24, 46, 24, 29, 24, 29, 24, 29, 24, 29, 24] ⟨15, ⋯⟩ - 22) ∧
    ((if ⟨6, ⋯⟩ = ⟨28, ⋯⟩ then 1125899906826241 else 0) + if ⟨6, ⋯⟩ = ⟨27, ⋯⟩ then 1 else 0) <
      512 ^
          (![24, 24, 24, 24, 24, 24, 24, 24, 24, 38, 24, 38, 24, 46, 24, 29, 24, 29, 24, 29, 24, 29, 24] ⟨15, ⋯⟩ - 22) +
        if ⟨6, ⋯⟩ = ⟨24, ⋯⟩ then 1 else 0

case «15».«7»
⊢ (if ⟨7, ⋯⟩ = ⟨24, ⋯⟩ then 1 else 0) +
        ((-if ⟨7, ⋯⟩ = ⟨27, ⋯⟩ then 1 else 0) + -if ⟨7, ⋯⟩ = ⟨28, ⋯⟩ then 1125899906826241 else 0) <
      512 ^
        (![24, 24, 24, 24, 24, 24, 24, 24, 24, 38, 24, 38, 24, 46, 24, 29, 24, 29, 24, 29, 24, 29, 24] ⟨15, ⋯⟩ - 22) ∧
    ((if ⟨7, ⋯⟩ = ⟨28, ⋯⟩ then 1125899906826241 else 0) + if ⟨7, ⋯⟩ = ⟨27, ⋯⟩ then 1 else 0) <
      512 ^
          (![24, 24, 24, 24, 24, 24, 24, 24, 24, 38, 24, 38, 24, 46, 24, 29, 24, 29, 24, 29, 24, 29, 24] ⟨15, ⋯⟩ - 22) +
        if ⟨7, ⋯⟩ = ⟨24, ⋯⟩ then 1 else 0

case «15».«8»
⊢ (if ⟨8, ⋯⟩ = ⟨24, ⋯⟩ then 1 else 0) +
        ((-if ⟨8, ⋯⟩ = ⟨27, ⋯⟩ then 1 else 0) + -if ⟨8, ⋯⟩ = ⟨28, ⋯⟩ then 1125899906826241 else 0) <
      512 ^
        (![24, 24, 24, 24, 24, 24, 24, 24, 24, 38, 24, 38, 24, 46, 24, 29, 24, 29, 24, 29, 24, 29, 24] ⟨15, ⋯⟩ - 22) ∧
    ((if ⟨8, ⋯⟩ = ⟨28, ⋯⟩ then 1125899906826241 else 0) + if ⟨8, ⋯⟩ = ⟨27, ⋯⟩ then 1 else 0) <
      512 ^
          (![24, 24, 24, 24, 24, 24, 24, 24, 24, 38, 24, 38, 24, 46, 24, 29, 24, 29, 24, 29, 24, 29, 24] ⟨15, ⋯⟩ - 22) +
        if ⟨8, ⋯⟩ = ⟨24, ⋯⟩ then 1 else 0

case «15».«9»
⊢ (if ⟨9, ⋯⟩ = ⟨24, ⋯⟩ then 1 else 0) +
        ((-if ⟨9, ⋯⟩ = ⟨27, ⋯⟩ then 1 else 0) + -if ⟨9, ⋯⟩ = ⟨28, ⋯⟩ then 1125899906826241 else 0) <
      512 ^
        (![24, 24, 24, 24, 24, 24, 24, 24, 24, 38, 24, 38, 24, 46, 24, 29, 24, 29, 24, 29, 24, 29, 24] ⟨15, ⋯⟩ - 22) ∧
    ((if ⟨9, ⋯⟩ = ⟨28, ⋯⟩ then 1125899906826241 else 0) + if ⟨9, ⋯⟩ = ⟨27, ⋯⟩ then 1 else 0) <
      512 ^
          (![24, 24, 24, 24, 24, 24, 24, 24, 24, 38, 24, 38, 24, 46, 24, 29, 24, 29, 24, 29, 24, 29, 24] ⟨15, ⋯⟩ - 22) +
        if ⟨9, ⋯⟩ = ⟨24, ⋯⟩ then 1 else 0

case «15».«10»
⊢ (if ⟨10, ⋯⟩ = ⟨24, ⋯⟩ then 1 else 0) +
        ((-if ⟨10, ⋯⟩ = ⟨27, ⋯⟩ then 1 else 0) + -if ⟨10, ⋯⟩ = ⟨28, ⋯⟩ then 1125899906826241 else 0) <
      512 ^
        (![24, 24, 24, 24, 24, 24, 24, 24, 24, 38, 24, 38, 24, 46, 24, 29, 24, 29, 24, 29, 24, 29, 24] ⟨15, ⋯⟩ - 22) ∧
    ((if ⟨10, ⋯⟩ = ⟨28, ⋯⟩ then 1125899906826241 else 0) + if ⟨10, ⋯⟩ = ⟨27, ⋯⟩ then 1 else 0) <
      512 ^
          (![24, 24, 24, 24, 24, 24, 24, 24, 24, 38, 24, 38, 24, 46, 24, 29, 24, 29, 24, 29, 24, 29, 24] ⟨15, ⋯⟩ - 22) +
        if ⟨10, ⋯⟩ = ⟨24, ⋯⟩ then 1 else 0

case «15».«11»
⊢ (if ⟨11, ⋯⟩ = ⟨24, ⋯⟩ then 1 else 0) +
        ((-if ⟨11, ⋯⟩ = ⟨27, ⋯⟩ then 1 else 0) + -if ⟨11, ⋯⟩ = ⟨28, ⋯⟩ then 1125899906826241 else 0) <
      512 ^
        (![24, 24, 24, 24, 24, 24, 24, 24, 24, 38, 24, 38, 24, 46, 24, 29, 24, 29, 24, 29, 24, 29, 24] ⟨15, ⋯⟩ - 22) ∧
    ((if ⟨11, ⋯⟩ = ⟨28, ⋯⟩ then 1125899906826241 else 0) + if ⟨11, ⋯⟩ = ⟨27, ⋯⟩ then 1 else 0) <
      512 ^
          (![24, 24, 24, 24, 24, 24, 24, 24, 24, 38, 24, 38, 24, 46, 24, 29, 24, 29, 24, 29, 24, 29, 24] ⟨15, ⋯⟩ - 22) +
        if ⟨11, ⋯⟩ = ⟨24, ⋯⟩ then 1 else 0

case «15».«12»
⊢ (if ⟨12, ⋯⟩ = ⟨24, ⋯⟩ then 1 else 0) +
        ((-if ⟨12, ⋯⟩ = ⟨27, ⋯⟩ then 1 else 0) + -if ⟨12, ⋯⟩ = ⟨28, ⋯⟩ then 1125899906826241 else 0) <
      512 ^
        (![24, 24, 24, 24, 24, 24, 24, 24, 24, 38, 24, 38, 24, 46, 24, 29, 24, 29, 24, 29, 24, 29, 24] ⟨15, ⋯⟩ - 22) ∧
    ((if ⟨12, ⋯⟩ = ⟨28, ⋯⟩ then 1125899906826241 else 0) + if ⟨12, ⋯⟩ = ⟨27, ⋯⟩ then 1 else 0) <
      512 ^
          (![24, 24, 24, 24, 24, 24, 24, 24, 24, 38, 24, 38, 24, 46, 24, 29, 24, 29, 24, 29, 24, 29, 24] ⟨15, ⋯⟩ - 22) +
        if ⟨12, ⋯⟩ = ⟨24, ⋯⟩ then 1 else 0

case «15».«13»
⊢ (if ⟨13, ⋯⟩ = ⟨24, ⋯⟩ then 1 else 0) +
        ((-if ⟨13, ⋯⟩ = ⟨27, ⋯⟩ then 1 else 0) + -if ⟨13, ⋯⟩ = ⟨28, ⋯⟩ then 1125899906826241 else 0) <
      512 ^
        (![24, 24, 24, 24, 24, 24, 24, 24, 24, 38, 24, 38, 24, 46, 24, 29, 24, 29, 24, 29, 24, 29, 24] ⟨15, ⋯⟩ - 22) ∧
    ((if ⟨13, ⋯⟩ = ⟨28, ⋯⟩ then 1125899906826241 else 0) + if ⟨13, ⋯⟩ = ⟨27, ⋯⟩ then 1 else 0) <
      512 ^
          (![24, 24, 24, 24, 24, 24, 24, 24, 24, 38, 24, 38, 24, 46, 24, 29, 24, 29, 24, 29, 24, 29, 24] ⟨15, ⋯⟩ - 22) +
        if ⟨13, ⋯⟩ = ⟨24, ⋯⟩ then 1 else 0

case «15».«14»
⊢ (if ⟨14, ⋯⟩ = ⟨24, ⋯⟩ then 1 else 0) +
        ((-if ⟨14, ⋯⟩ = ⟨27, ⋯⟩ then 1 else 0) + -if ⟨14, ⋯⟩ = ⟨28, ⋯⟩ then 1125899906826241 else 0) <
      512 ^
        (![24, 24, 24, 24, 24, 24, 24, 24, 24, 38, 24, 38, 24, 46, 24, 29, 24, 29, 24, 29, 24, 29, 24] ⟨15, ⋯⟩ - 22) ∧
    ((if ⟨14, ⋯⟩ = ⟨28, ⋯⟩ then 1125899906826241 else 0) + if ⟨14, ⋯⟩ = ⟨27, ⋯⟩ then 1 else 0) <
      512 ^
          (![24, 24, 24, 24, 24, 24, 24, 24, 24, 38, 24, 38, 24, 46, 24, 29, 24, 29, 24, 29, 24, 29, 24] ⟨15, ⋯⟩ - 22) +
        if ⟨14, ⋯⟩ = ⟨24, ⋯⟩ then 1 else 0

case «15».«15»
⊢ (if ⟨15, ⋯⟩ = ⟨24, ⋯⟩ then 1 else 0) +
        ((-if ⟨15, ⋯⟩ = ⟨27, ⋯⟩ then 1 else 0) + -if ⟨15, ⋯⟩ = ⟨28, ⋯⟩ then 1125899906826241 else 0) <
      512 ^
        (![24, 24, 24, 24, 24, 24, 24, 24, 24, 38, 24, 38, 24, 46, 24, 29, 24, 29, 24, 29, 24, 29, 24] ⟨15, ⋯⟩ - 22) ∧
    ((if ⟨15, ⋯⟩ = ⟨28, ⋯⟩ then 1125899906826241 else 0) + if ⟨15, ⋯⟩ = ⟨27, ⋯⟩ then 1 else 0) <
      512 ^
          (![24, 24, 24, 24, 24, 24, 24, 24, 24, 38, 24, 38, 24, 46, 24, 29, 24, 29, 24, 29, 24, 29, 24] ⟨15, ⋯⟩ - 22) +
        if ⟨15, ⋯⟩ = ⟨24, ⋯⟩ then 1 else 0

case «15».«16»
⊢ (if ⟨16, ⋯⟩ = ⟨24, ⋯⟩ then 1 else 0) +
        ((-if ⟨16, ⋯⟩ = ⟨27, ⋯⟩ then 1 else 0) + -if ⟨16, ⋯⟩ = ⟨28, ⋯⟩ then 1125899906826241 else 0) <
      512 ^
        (![24, 24, 24, 24, 24, 24, 24, 24, 24, 38, 24, 38, 24, 46, 24, 29, 24, 29, 24, 29, 24, 29, 24] ⟨15, ⋯⟩ - 22) ∧
    ((if ⟨16, ⋯⟩ = ⟨28, ⋯⟩ then 1125899906826241 else 0) + if ⟨16, ⋯⟩ = ⟨27, ⋯⟩ then 1 else 0) <
      512 ^
          (![24, 24, 24, 24, 24, 24, 24, 24, 24, 38, 24, 38, 24, 46, 24, 29, 24, 29, 24, 29, 24, 29, 24] ⟨15, ⋯⟩ - 22) +
        if ⟨16, ⋯⟩ = ⟨24, ⋯⟩ then 1 else 0

case «15».«17»
⊢ (if ⟨17, ⋯⟩ = ⟨24, ⋯⟩ then 1 else 0) +
        ((-if ⟨17, ⋯⟩ = ⟨27, ⋯⟩ then 1 else 0) + -if ⟨17, ⋯⟩ = ⟨28, ⋯⟩ then 1125899906826241 else 0) <
      512 ^
        (![24, 24, 24, 24, 24, 24, 24, 24, 24, 38, 24, 38, 24, 46, 24, 29, 24, 29, 24, 29, 24, 29, 24] ⟨15, ⋯⟩ - 22) ∧
    ((if ⟨17, ⋯⟩ = ⟨28, ⋯⟩ then 1125899906826241 else 0) + if ⟨17, ⋯⟩ = ⟨27, ⋯⟩ then 1 else 0) <
      512 ^
          (![24, 24, 24, 24, 24, 24, 24, 24, 24, 38, 24, 38, 24, 46, 24, 29, 24, 29, 24, 29, 24, 29, 24] ⟨15, ⋯⟩ - 22) +
        if ⟨17, ⋯⟩ = ⟨24, ⋯⟩ then 1 else 0

case «15».«18»
⊢ (if ⟨18, ⋯⟩ = ⟨24, ⋯⟩ then 1 else 0) +
        ((-if ⟨18, ⋯⟩ = ⟨27, ⋯⟩ then 1 else 0) + -if ⟨18, ⋯⟩ = ⟨28, ⋯⟩ then 1125899906826241 else 0) <
      512 ^
        (![24, 24, 24, 24, 24, 24, 24, 24, 24, 38, 24, 38, 24, 46, 24, 29, 24, 29, 24, 29, 24, 29, 24] ⟨15, ⋯⟩ - 22) ∧
    ((if ⟨18, ⋯⟩ = ⟨28, ⋯⟩ then 1125899906826241 else 0) + if ⟨18, ⋯⟩ = ⟨27, ⋯⟩ then 1 else 0) <
      512 ^
          (![24, 24, 24, 24, 24, 24, 24, 24, 24, 38, 24, 38, 24, 46, 24, 29, 24, 29, 24, 29, 24, 29, 24] ⟨15, ⋯⟩ - 22) +
        if ⟨18, ⋯⟩ = ⟨24, ⋯⟩ then 1 else 0

case «15».«19»
⊢ (if ⟨19, ⋯⟩ = ⟨24, ⋯⟩ then 1 else 0) +
        ((-if ⟨19, ⋯⟩ = ⟨27, ⋯⟩ then 1 else 0) + -if ⟨19, ⋯⟩ = ⟨28, ⋯⟩ then 1125899906826241 else 0) <
      512 ^
        (![24, 24, 24, 24, 24, 24, 24, 24, 24, 38, 24, 38, 24, 46, 24, 29, 24, 29, 24, 29, 24, 29, 24] ⟨15, ⋯⟩ - 22) ∧
    ((if ⟨19, ⋯⟩ = ⟨28, ⋯⟩ then 1125899906826241 else 0) + if ⟨19, ⋯⟩ = ⟨27, ⋯⟩ then 1 else 0) <
      512 ^
          (![24, 24, 24, 24, 24, 24, 24, 24, 24, 38, 24, 38, 24, 46, 24, 29, 24, 29, 24, 29, 24, 29, 24] ⟨15, ⋯⟩ - 22) +
        if ⟨19, ⋯⟩ = ⟨24, ⋯⟩ then 1 else 0

case «15».«20»
⊢ (if ⟨20, ⋯⟩ = ⟨24, ⋯⟩ then 1 else 0) +
        ((-if ⟨20, ⋯⟩ = ⟨27, ⋯⟩ then 1 else 0) + -if ⟨20, ⋯⟩ = ⟨28, ⋯⟩ then 1125899906826241 else 0) <
      512 ^
        (![24, 24, 24, 24, 24, 24, 24, 24, 24, 38, 24, 38, 24, 46, 24, 29, 24, 29, 24, 29, 24, 29, 24] ⟨15, ⋯⟩ - 22) ∧
    ((if ⟨20, ⋯⟩ = ⟨28, ⋯⟩ then 1125899906826241 else 0) + if ⟨20, ⋯⟩ = ⟨27, ⋯⟩ then 1 else 0) <
      512 ^
          (![24, 24, 24, 24, 24, 24, 24, 24, 24, 38, 24, 38, 24, 46, 24, 29, 24, 29, 24, 29, 24, 29, 24] ⟨15, ⋯⟩ - 22) +
        if ⟨20, ⋯⟩ = ⟨24, ⋯⟩ then 1 else 0

case «15».«21»
⊢ (if ⟨21, ⋯⟩ = ⟨24, ⋯⟩ then 1 else 0) +
        ((-if ⟨21, ⋯⟩ = ⟨27, ⋯⟩ then 1 else 0) + -if ⟨21, ⋯⟩ = ⟨28, ⋯⟩ then 1125899906826241 else 0) <
      512 ^
        (![24, 24, 24, 24, 24, 24, 24, 24, 24, 38, 24, 38, 24, 46, 24, 29, 24, 29, 24, 29, 24, 29, 24] ⟨15, ⋯⟩ - 22) ∧
    ((if ⟨21, ⋯⟩ = ⟨28, ⋯⟩ then 1125899906826241 else 0) + if ⟨21, ⋯⟩ = ⟨27, ⋯⟩ then 1 else 0) <
      512 ^
          (![24, 24, 24, 24, 24, 24, 24, 24, 24, 38, 24, 38, 24, 46, 24, 29, 24, 29, 24, 29, 24, 29, 24] ⟨15, ⋯⟩ - 22) +
        if ⟨21, ⋯⟩ = ⟨24, ⋯⟩ then 1 else 0

case «15».«22»
⊢ (if ⟨22, ⋯⟩ = ⟨24, ⋯⟩ then 1 else 0) +
        ((-if ⟨22, ⋯⟩ = ⟨27, ⋯⟩ then 1 else 0) + -if ⟨22, ⋯⟩ = ⟨28, ⋯⟩ then 1125899906826241 else 0) <
      512 ^
        (![24, 24, 24, 24, 24, 24, 24, 24, 24, 38, 24, 38, 24, 46, 24, 29, 24, 29, 24, 29, 24, 29, 24] ⟨15, ⋯⟩ - 22) ∧
    ((if ⟨22, ⋯⟩ = ⟨28, ⋯⟩ then 1125899906826241 else 0) + if ⟨22, ⋯⟩ = ⟨27, ⋯⟩ then 1 else 0) <
      512 ^
          (![24, 24, 24, 24, 24, 24, 24, 24, 24, 38, 24, 38, 24, 46, 24, 29, 24, 29, 24, 29, 24, 29, 24] ⟨15, ⋯⟩ - 22) +
        if ⟨22, ⋯⟩ = ⟨24, ⋯⟩ then 1 else 0

case «15».«23»
⊢ (if ⟨23, ⋯⟩ = ⟨24, ⋯⟩ then 1 else 0) +
        ((-if ⟨23, ⋯⟩ = ⟨27, ⋯⟩ then 1 else 0) + -if ⟨23, ⋯⟩ = ⟨28, ⋯⟩ then 1125899906826241 else 0) <
      512 ^
        (![24, 24, 24, 24, 24, 24, 24, 24, 24, 38, 24, 38, 24, 46, 24, 29, 24, 29, 24, 29, 24, 29, 24] ⟨15, ⋯⟩ - 22) ∧
    ((if ⟨23, ⋯⟩ = ⟨28, ⋯⟩ then 1125899906826241 else 0) + if ⟨23, ⋯⟩ = ⟨27, ⋯⟩ then 1 else 0) <
      512 ^
          (![24, 24, 24, 24, 24, 24, 24, 24, 24, 38, 24, 38, 24, 46, 24, 29, 24, 29, 24, 29, 24, 29, 24] ⟨15, ⋯⟩ - 22) +
        if ⟨23, ⋯⟩ = ⟨24, ⋯⟩ then 1 else 0

case «15».«24»
⊢ (if ⟨24, ⋯⟩ = ⟨24, ⋯⟩ then 1 else 0) +
        ((-if ⟨24, ⋯⟩ = ⟨27, ⋯⟩ then 1 else 0) + -if ⟨24, ⋯⟩ = ⟨28, ⋯⟩ then 1125899906826241 else 0) <
      512 ^
        (![24, 24, 24, 24, 24, 24, 24, 24, 24, 38, 24, 38, 24, 46, 24, 29, 24, 29, 24, 29, 24, 29, 24] ⟨15, ⋯⟩ - 22) ∧
    ((if ⟨24, ⋯⟩ = ⟨28, ⋯⟩ then 1125899906826241 else 0) + if ⟨24, ⋯⟩ = ⟨27, ⋯⟩ then 1 else 0) <
      512 ^
          (![24, 24, 24, 24, 24, 24, 24, 24, 24, 38, 24, 38, 24, 46, 24, 29, 24, 29, 24, 29, 24, 29, 24] ⟨15, ⋯⟩ - 22) +
        if ⟨24, ⋯⟩ = ⟨24, ⋯⟩ then 1 else 0

case «15».«25»
⊢ (if ⟨25, ⋯⟩ = ⟨24, ⋯⟩ then 1 else 0) +
        ((-if ⟨25, ⋯⟩ = ⟨27, ⋯⟩ then 1 else 0) + -if ⟨25, ⋯⟩ = ⟨28, ⋯⟩ then 1125899906826241 else 0) <
      512 ^
        (![24, 24, 24, 24, 24, 24, 24, 24, 24, 38, 24, 38, 24, 46, 24, 29, 24, 29, 24, 29, 24, 29, 24] ⟨15, ⋯⟩ - 22) ∧
    ((if ⟨25, ⋯⟩ = ⟨28, ⋯⟩ then 1125899906826241 else 0) + if ⟨25, ⋯⟩ = ⟨27, ⋯⟩ then 1 else 0) <
      512 ^
          (![24, 24, 24, 24, 24, 24, 24, 24, 24, 38, 24, 38, 24, 46, 24, 29, 24, 29, 24, 29, 24, 29, 24] ⟨15, ⋯⟩ - 22) +
        if ⟨25, ⋯⟩ = ⟨24, ⋯⟩ then 1 else 0

case «15».«26»
⊢ (if ⟨26, ⋯⟩ = ⟨24, ⋯⟩ then 1 else 0) +
        ((-if ⟨26, ⋯⟩ = ⟨27, ⋯⟩ then 1 else 0) + -if ⟨26, ⋯⟩ = ⟨28, ⋯⟩ then 1125899906826241 else 0) <
      512 ^
        (![24, 24, 24, 24, 24, 24, 24, 24, 24, 38, 24, 38, 24, 46, 24, 29, 24, 29, 24, 29, 24, 29, 24] ⟨15, ⋯⟩ - 22) ∧
    ((if ⟨26, ⋯⟩ = ⟨28, ⋯⟩ then 1125899906826241 else 0) + if ⟨26, ⋯⟩ = ⟨27, ⋯⟩ then 1 else 0) <
      512 ^
          (![24, 24, 24, 24, 24, 24, 24, 24, 24, 38, 24, 38, 24, 46, 24, 29, 24, 29, 24, 29, 24, 29, 24] ⟨15, ⋯⟩ - 22) +
        if ⟨26, ⋯⟩ = ⟨24, ⋯⟩ then 1 else 0

case «15».«27»
⊢ (if ⟨27, ⋯⟩ = ⟨24, ⋯⟩ then 1 else 0) +
        ((-if ⟨27, ⋯⟩ = ⟨27, ⋯⟩ then 1 else 0) + -if ⟨27, ⋯⟩ = ⟨28, ⋯⟩ then 1125899906826241 else 0) <
      512 ^
        (![24, 24, 24, 24, 24, 24, 24, 24, 24, 38, 24, 38, 24, 46, 24, 29, 24, 29, 24, 29, 24, 29, 24] ⟨15, ⋯⟩ - 22) ∧
    ((if ⟨27, ⋯⟩ = ⟨28, ⋯⟩ then 1125899906826241 else 0) + if ⟨27, ⋯⟩ = ⟨27, ⋯⟩ then 1 else 0) <
      512 ^
          (![24, 24, 24, 24, 24, 24, 24, 24, 24, 38, 24, 38, 24, 46, 24, 29, 24, 29, 24, 29, 24, 29, 24] ⟨15, ⋯⟩ - 22) +
        if ⟨27, ⋯⟩ = ⟨24, ⋯⟩ then 1 else 0

case «15».«28»
⊢ (if ⟨28, ⋯⟩ = ⟨24, ⋯⟩ then 1 else 0) +
        ((-if ⟨28, ⋯⟩ = ⟨27, ⋯⟩ then 1 else 0) + -if ⟨28, ⋯⟩ = ⟨28, ⋯⟩ then 1125899906826241 else 0) <
      512 ^
        (![24, 24, 24, 24, 24, 24, 24, 24, 24, 38, 24, 38, 24, 46, 24, 29, 24, 29, 24, 29, 24, 29, 24] ⟨15, ⋯⟩ - 22) ∧
    ((if ⟨28, ⋯⟩ = ⟨28, ⋯⟩ then 1125899906826241 else 0) + if ⟨28, ⋯⟩ = ⟨27, ⋯⟩ then 1 else 0) <
      512 ^
          (![24, 24, 24, 24, 24, 24, 24, 24, 24, 38, 24, 38, 24, 46, 24, 29, 24, 29, 24, 29, 24, 29, 24] ⟨15, ⋯⟩ - 22) +
        if ⟨28, ⋯⟩ = ⟨24, ⋯⟩ then 1 else 0

case «15».«29»
⊢ (if ⟨29, ⋯⟩ = ⟨24, ⋯⟩ then 1 else 0) +
        ((-if ⟨29, ⋯⟩ = ⟨27, ⋯⟩ then 1 else 0) + -if ⟨29, ⋯⟩ = ⟨28, ⋯⟩ then 1125899906826241 else 0) <
      512 ^
        (![24, 24, 24, 24, 24, 24, 24, 24, 24, 38, 24, 38, 24, 46, 24, 29, 24, 29, 24, 29, 24, 29, 24] ⟨15, ⋯⟩ - 22) ∧
    ((if ⟨29, ⋯⟩ = ⟨28, ⋯⟩ then 1125899906826241 else 0) + if ⟨29, ⋯⟩ = ⟨27, ⋯⟩ then 1 else 0) <
      512 ^
          (![24, 24, 24, 24, 24, 24, 24, 24, 24, 38, 24, 38, 24, 46, 24, 29, 24, 29, 24, 29, 24, 29, 24] ⟨15, ⋯⟩ - 22) +
        if ⟨29, ⋯⟩ = ⟨24, ⋯⟩ then 1 else 0

case «15».«30»
⊢ (if ⟨30, ⋯⟩ = ⟨24, ⋯⟩ then 1 else 0) +
        ((-if ⟨30, ⋯⟩ = ⟨27, ⋯⟩ then 1 else 0) + -if ⟨30, ⋯⟩ = ⟨28, ⋯⟩ then 1125899906826241 else 0) <
      512 ^
        (![24, 24, 24, 24, 24, 24, 24, 24, 24, 38, 24, 38, 24, 46, 24, 29, 24, 29, 24, 29, 24, 29, 24] ⟨15, ⋯⟩ - 22) ∧
    ((if ⟨30, ⋯⟩ = ⟨28, ⋯⟩ then 1125899906826241 else 0) + if ⟨30, ⋯⟩ = ⟨27, ⋯⟩ then 1 else 0) <
      512 ^
          (![24, 24, 24, 24, 24, 24, 24, 24, 24, 38, 24, 38, 24, 46, 24, 29, 24, 29, 24, 29, 24, 29, 24] ⟨15, ⋯⟩ - 22) +
        if ⟨30, ⋯⟩ = ⟨24, ⋯⟩ then 1 else 0

case «15».«31»
⊢ (if ⟨31, ⋯⟩ = ⟨24, ⋯⟩ then 1 else 0) +
        ((-if ⟨31, ⋯⟩ = ⟨27, ⋯⟩ then 1 else 0) + -if ⟨31, ⋯⟩ = ⟨28, ⋯⟩ then 1125899906826241 else 0) <
      512 ^
        (![24, 24, 24, 24, 24, 24, 24, 24, 24, 38, 24, 38, 24, 46, 24, 29, 24, 29, 24, 29, 24, 29, 24] ⟨15, ⋯⟩ - 22) ∧
    ((if ⟨31, ⋯⟩ = ⟨28, ⋯⟩ then 1125899906826241 else 0) + if ⟨31, ⋯⟩ = ⟨27, ⋯⟩ then 1 else 0) <
      512 ^
          (![24, 24, 24, 24, 24, 24, 24, 24, 24, 38, 24, 38, 24, 46, 24, 29, 24, 29, 24, 29, 24, 29, 24] ⟨15, ⋯⟩ - 22) +
        if ⟨31, ⋯⟩ = ⟨24, ⋯⟩ then 1 else 0

case «15».«32»
⊢ (if ⟨32, ⋯⟩ = ⟨24, ⋯⟩ then 1 else 0) +
        ((-if ⟨32, ⋯⟩ = ⟨27, ⋯⟩ then 1 else 0) + -if ⟨32, ⋯⟩ = ⟨28, ⋯⟩ then 1125899906826241 else 0) <
      512 ^
        (![24, 24, 24, 24, 24, 24, 24, 24, 24, 38, 24, 38, 24, 46, 24, 29, 24, 29, 24, 29, 24, 29, 24] ⟨15, ⋯⟩ - 22) ∧
    ((if ⟨32, ⋯⟩ = ⟨28, ⋯⟩ then 1125899906826241 else 0) + if ⟨32, ⋯⟩ = ⟨27, ⋯⟩ then 1 else 0) <
      512 ^
          (![24, 24, 24, 24, 24, 24, 24, 24, 24, 38, 24, 38, 24, 46, 24, 29, 24, 29, 24, 29, 24, 29, 24] ⟨15, ⋯⟩ - 22) +
        if ⟨32, ⋯⟩ = ⟨24, ⋯⟩ then 1 else 0

case «15».«33»
⊢ (if ⟨33, ⋯⟩ = ⟨24, ⋯⟩ then 1 else 0) +
        ((-if ⟨33, ⋯⟩ = ⟨27, ⋯⟩ then 1 else 0) + -if ⟨33, ⋯⟩ = ⟨28, ⋯⟩ then 1125899906826241 else 0) <
      512 ^
        (![24, 24, 24, 24, 24, 24, 24, 24, 24, 38, 24, 38, 24, 46, 24, 29, 24, 29, 24, 29, 24, 29, 24] ⟨15, ⋯⟩ - 22) ∧
    ((if ⟨33, ⋯⟩ = ⟨28, ⋯⟩ then 1125899906826241 else 0) + if ⟨33, ⋯⟩ = ⟨27, ⋯⟩ then 1 else 0) <
      512 ^
          (![24, 24, 24, 24, 24, 24, 24, 24, 24, 38, 24, 38, 24, 46, 24, 29, 24, 29, 24, 29, 24, 29, 24] ⟨15, ⋯⟩ - 22) +
        if ⟨33, ⋯⟩ = ⟨24, ⋯⟩ then 1 else 0

case «15».«34»
⊢ (if ⟨34, ⋯⟩ = ⟨24, ⋯⟩ then 1 else 0) +
        ((-if ⟨34, ⋯⟩ = ⟨27, ⋯⟩ then 1 else 0) + -if ⟨34, ⋯⟩ = ⟨28, ⋯⟩ then 1125899906826241 else 0) <
      512 ^
        (![24, 24, 24, 24, 24, 24, 24, 24, 24, 38, 24, 38, 24, 46, 24, 29, 24, 29, 24, 29, 24, 29, 24] ⟨15, ⋯⟩ - 22) ∧
    ((if ⟨34, ⋯⟩ = ⟨28, ⋯⟩ then 1125899906826241 else 0) + if ⟨34, ⋯⟩ = ⟨27, ⋯⟩ then 1 else 0) <
      512 ^
          (![24, 24, 24, 24, 24, 24, 24, 24, 24, 38, 24, 38, 24, 46, 24, 29, 24, 29, 24, 29, 24, 29, 24] ⟨15, ⋯⟩ - 22) +
        if ⟨34, ⋯⟩ = ⟨24, ⋯⟩ then 1 else 0

case «15».«35»
⊢ (if ⟨35, ⋯⟩ = ⟨24, ⋯⟩ then 1 else 0) +
        ((-if ⟨35, ⋯⟩ = ⟨27, ⋯⟩ then 1 else 0) + -if ⟨35, ⋯⟩ = ⟨28, ⋯⟩ then 1125899906826241 else 0) <
      512 ^
        (![24, 24, 24, 24, 24, 24, 24, 24, 24, 38, 24, 38, 24, 46, 24, 29, 24, 29, 24, 29, 24, 29, 24] ⟨15, ⋯⟩ - 22) ∧
    ((if ⟨35, ⋯⟩ = ⟨28, ⋯⟩ then 1125899906826241 else 0) + if ⟨35, ⋯⟩ = ⟨27, ⋯⟩ then 1 else 0) <
      512 ^
          (![24, 24, 24, 24, 24, 24, 24, 24, 24, 38, 24, 38, 24, 46, 24, 29, 24, 29, 24, 29, 24, 29, 24] ⟨15, ⋯⟩ - 22) +
        if ⟨35, ⋯⟩ = ⟨24, ⋯⟩ then 1 else 0

case «15».«36»
⊢ (if ⟨36, ⋯⟩ = ⟨24, ⋯⟩ then 1 else 0) +
        ((-if ⟨36, ⋯⟩ = ⟨27, ⋯⟩ then 1 else 0) + -if ⟨36, ⋯⟩ = ⟨28, ⋯⟩ then 1125899906826241 else 0) <
      512 ^
        (![24, 24, 24, 24, 24, 24, 24, 24, 24, 38, 24, 38, 24, 46, 24, 29, 24, 29, 24, 29, 24, 29, 24] ⟨15, ⋯⟩ - 22) ∧
    ((if ⟨36, ⋯⟩ = ⟨28, ⋯⟩ then 1125899906826241 else 0) + if ⟨36, ⋯⟩ = ⟨27, ⋯⟩ then 1 else 0) <
      512 ^
          (![24, 24, 24, 24, 24, 24, 24, 24, 24, 38, 24, 38, 24, 46, 24, 29, 24, 29, 24, 29, 24, 29, 24] ⟨15, ⋯⟩ - 22) +
        if ⟨36, ⋯⟩ = ⟨24, ⋯⟩ then 1 else 0

case «15».«37»
⊢ (if ⟨37, ⋯⟩ = ⟨24, ⋯⟩ then 1 else 0) +
        ((-if ⟨37, ⋯⟩ = ⟨27, ⋯⟩ then 1 else 0) + -if ⟨37, ⋯⟩ = ⟨28, ⋯⟩ then 1125899906826241 else 0) <
      512 ^
        (![24, 24, 24, 24, 24, 24, 24, 24, 24, 38, 24, 38, 24, 46, 24, 29, 24, 29, 24, 29, 24, 29, 24] ⟨15, ⋯⟩ - 22) ∧
    ((if ⟨37, ⋯⟩ = ⟨28, ⋯⟩ then 1125899906826241 else 0) + if ⟨37, ⋯⟩ = ⟨27, ⋯⟩ then 1 else 0) <
      512 ^
          (![24, 24, 24, 24, 24, 24, 24, 24, 24, 38, 24, 38, 24, 46, 24, 29, 24, 29, 24, 29, 24, 29, 24] ⟨15, ⋯⟩ - 22) +
        if ⟨37, ⋯⟩ = ⟨24, ⋯⟩ then 1 else 0

case «15».«38»
⊢ (if ⟨38, ⋯⟩ = ⟨24, ⋯⟩ then 1 else 0) +
        ((-if ⟨38, ⋯⟩ = ⟨27, ⋯⟩ then 1 else 0) + -if ⟨38, ⋯⟩ = ⟨28, ⋯⟩ then 1125899906826241 else 0) <
      512 ^
        (![24, 24, 24, 24, 24, 24, 24, 24, 24, 38, 24, 38, 24, 46, 24, 29, 24, 29, 24, 29, 24, 29, 24] ⟨15, ⋯⟩ - 22) ∧
    ((if ⟨38, ⋯⟩ = ⟨28, ⋯⟩ then 1125899906826241 else 0) + if ⟨38, ⋯⟩ = ⟨27, ⋯⟩ then 1 else 0) <
      512 ^
          (![24, 24, 24, 24, 24, 24, 24, 24, 24, 38, 24, 38, 24, 46, 24, 29, 24, 29, 24, 29, 24, 29, 24] ⟨15, ⋯⟩ - 22) +
        if ⟨38, ⋯⟩ = ⟨24, ⋯⟩ then 1 else 0

case «16».«0»
⊢ ((if ⟨0, ⋯⟩ = ⟨27, ⋯⟩ then 1 else 0) + if ⟨0, ⋯⟩ = ⟨29, ⋯⟩ then 1 else 0) <
      512 ^
        (![24, 24, 24, 24, 24, 24, 24, 24, 24, 38, 24, 38, 24, 46, 24, 29, 24, 29, 24, 29, 24, 29, 24] ⟨16, ⋯⟩ - 22) ∧
    (-if ⟨0, ⋯⟩ = ⟨29, ⋯⟩ then 1 else 0) <
      512 ^
          (![24, 24, 24, 24, 24, 24, 24, 24, 24, 38, 24, 38, 24, 46, 24, 29, 24, 29, 24, 29, 24, 29, 24] ⟨16, ⋯⟩ - 22) +
        if ⟨0, ⋯⟩ = ⟨27, ⋯⟩ then 1 else 0

case «16».«1»
⊢ ((if ⟨1, ⋯⟩ = ⟨27, ⋯⟩ then 1 else 0) + if ⟨1, ⋯⟩ = ⟨29, ⋯⟩ then 1 else 0) <
      512 ^
        (![24, 24, 24, 24, 24, 24, 24, 24, 24, 38, 24, 38, 24, 46, 24, 29, 24, 29, 24, 29, 24, 29, 24] ⟨16, ⋯⟩ - 22) ∧
    (-if ⟨1, ⋯⟩ = ⟨29, ⋯⟩ then 1 else 0) <
      512 ^
          (![24, 24, 24, 24, 24, 24, 24, 24, 24, 38, 24, 38, 24, 46, 24, 29, 24, 29, 24, 29, 24, 29, 24] ⟨16, ⋯⟩ - 22) +
        if ⟨1, ⋯⟩ = ⟨27, ⋯⟩ then 1 else 0

case «16».«2»
⊢ ((if ⟨2, ⋯⟩ = ⟨27, ⋯⟩ then 1 else 0) + if ⟨2, ⋯⟩ = ⟨29, ⋯⟩ then 1 else 0) <
      512 ^
        (![24, 24, 24, 24, 24, 24, 24, 24, 24, 38, 24, 38, 24, 46, 24, 29, 24, 29, 24, 29, 24, 29, 24] ⟨16, ⋯⟩ - 22) ∧
    (-if ⟨2, ⋯⟩ = ⟨29, ⋯⟩ then 1 else 0) <
      512 ^
          (![24, 24, 24, 24, 24, 24, 24, 24, 24, 38, 24, 38, 24, 46, 24, 29, 24, 29, 24, 29, 24, 29, 24] ⟨16, ⋯⟩ - 22) +
        if ⟨2, ⋯⟩ = ⟨27, ⋯⟩ then 1 else 0

case «16».«3»
⊢ ((if ⟨3, ⋯⟩ = ⟨27, ⋯⟩ then 1 else 0) + if ⟨3, ⋯⟩ = ⟨29, ⋯⟩ then 1 else 0) <
      512 ^
        (![24, 24, 24, 24, 24, 24, 24, 24, 24, 38, 24, 38, 24, 46, 24, 29, 24, 29, 24, 29, 24, 29, 24] ⟨16, ⋯⟩ - 22) ∧
    (-if ⟨3, ⋯⟩ = ⟨29, ⋯⟩ then 1 else 0) <
      512 ^
          (![24, 24, 24, 24, 24, 24, 24, 24, 24, 38, 24, 38, 24, 46, 24, 29, 24, 29, 24, 29, 24, 29, 24] ⟨16, ⋯⟩ - 22) +
        if ⟨3, ⋯⟩ = ⟨27, ⋯⟩ then 1 else 0

case «16».«4»
⊢ ((if ⟨4, ⋯⟩ = ⟨27, ⋯⟩ then 1 else 0) + if ⟨4, ⋯⟩ = ⟨29, ⋯⟩ then 1 else 0) <
      512 ^
        (![24, 24, 24, 24, 24, 24, 24, 24, 24, 38, 24, 38, 24, 46, 24, 29, 24, 29, 24, 29, 24, 29, 24] ⟨16, ⋯⟩ - 22) ∧
    (-if ⟨4, ⋯⟩ = ⟨29, ⋯⟩ then 1 else 0) <
      512 ^
          (![24, 24, 24, 24, 24, 24, 24, 24, 24, 38, 24, 38, 24, 46, 24, 29, 24, 29, 24, 29, 24, 29, 24] ⟨16, ⋯⟩ - 22) +
        if ⟨4, ⋯⟩ = ⟨27, ⋯⟩ then 1 else 0

case «16».«5»
⊢ ((if ⟨5, ⋯⟩ = ⟨27, ⋯⟩ then 1 else 0) + if ⟨5, ⋯⟩ = ⟨29, ⋯⟩ then 1 else 0) <
      512 ^
        (![24, 24, 24, 24, 24, 24, 24, 24, 24, 38, 24, 38, 24, 46, 24, 29, 24, 29, 24, 29, 24, 29, 24] ⟨16, ⋯⟩ - 22) ∧
    (-if ⟨5, ⋯⟩ = ⟨29, ⋯⟩ then 1 else 0) <
      512 ^
          (![24, 24, 24, 24, 24, 24, 24, 24, 24, 38, 24, 38, 24, 46, 24, 29, 24, 29, 24, 29, 24, 29, 24] ⟨16, ⋯⟩ - 22) +
        if ⟨5, ⋯⟩ = ⟨27, ⋯⟩ then 1 else 0

case «16».«6»
⊢ ((if ⟨6, ⋯⟩ = ⟨27, ⋯⟩ then 1 else 0) + if ⟨6, ⋯⟩ = ⟨29, ⋯⟩ then 1 else 0) <
      512 ^
        (![24, 24, 24, 24, 24, 24, 24, 24, 24, 38, 24, 38, 24, 46, 24, 29, 24, 29, 24, 29, 24, 29, 24] ⟨16, ⋯⟩ - 22) ∧
    (-if ⟨6, ⋯⟩ = ⟨29, ⋯⟩ then 1 else 0) <
      512 ^
          (![24, 24, 24, 24, 24, 24, 24, 24, 24, 38, 24, 38, 24, 46, 24, 29, 24, 29, 24, 29, 24, 29, 24] ⟨16, ⋯⟩ - 22) +
        if ⟨6, ⋯⟩ = ⟨27, ⋯⟩ then 1 else 0

case «16».«7»
⊢ ((if ⟨7, ⋯⟩ = ⟨27, ⋯⟩ then 1 else 0) + if ⟨7, ⋯⟩ = ⟨29, ⋯⟩ then 1 else 0) <
      512 ^
        (![24, 24, 24, 24, 24, 24, 24, 24, 24, 38, 24, 38, 24, 46, 24, 29, 24, 29, 24, 29, 24, 29, 24] ⟨16, ⋯⟩ - 22) ∧
    (-if ⟨7, ⋯⟩ = ⟨29, ⋯⟩ then 1 else 0) <
      512 ^
          (![24, 24, 24, 24, 24, 24, 24, 24, 24, 38, 24, 38, 24, 46, 24, 29, 24, 29, 24, 29, 24, 29, 24] ⟨16, ⋯⟩ - 22) +
        if ⟨7, ⋯⟩ = ⟨27, ⋯⟩ then 1 else 0

case «16».«8»
⊢ ((if ⟨8, ⋯⟩ = ⟨27, ⋯⟩ then 1 else 0) + if ⟨8, ⋯⟩ = ⟨29, ⋯⟩ then 1 else 0) <
      512 ^
        (![24, 24, 24, 24, 24, 24, 24, 24, 24, 38, 24, 38, 24, 46, 24, 29, 24, 29, 24, 29, 24, 29, 24] ⟨16, ⋯⟩ - 22) ∧
    (-if ⟨8, ⋯⟩ = ⟨29, ⋯⟩ then 1 else 0) <
      512 ^
          (![24, 24, 24, 24, 24, 24, 24, 24, 24, 38, 24, 38, 24, 46, 24, 29, 24, 29, 24, 29, 24, 29, 24] ⟨16, ⋯⟩ - 22) +
        if ⟨8, ⋯⟩ = ⟨27, ⋯⟩ then 1 else 0

case «16».«9»
⊢ ((if ⟨9, ⋯⟩ = ⟨27, ⋯⟩ then 1 else 0) + if ⟨9, ⋯⟩ = ⟨29, ⋯⟩ then 1 else 0) <
      512 ^
        (![24, 24, 24, 24, 24, 24, 24, 24, 24, 38, 24, 38, 24, 46, 24, 29, 24, 29, 24, 29, 24, 29, 24] ⟨16, ⋯⟩ - 22) ∧
    (-if ⟨9, ⋯⟩ = ⟨29, ⋯⟩ then 1 else 0) <
      512 ^
          (![24, 24, 24, 24, 24, 24, 24, 24, 24, 38, 24, 38, 24, 46, 24, 29, 24, 29, 24, 29, 24, 29, 24] ⟨16, ⋯⟩ - 22) +
        if ⟨9, ⋯⟩ = ⟨27, ⋯⟩ then 1 else 0

case «16».«10»
⊢ ((if ⟨10, ⋯⟩ = ⟨27, ⋯⟩ then 1 else 0) + if ⟨10, ⋯⟩ = ⟨29, ⋯⟩ then 1 else 0) <
      512 ^
        (![24, 24, 24, 24, 24, 24, 24, 24, 24, 38, 24, 38, 24, 46, 24, 29, 24, 29, 24, 29, 24, 29, 24] ⟨16, ⋯⟩ - 22) ∧
    (-if ⟨10, ⋯⟩ = ⟨29, ⋯⟩ then 1 else 0) <
      512 ^
          (![24, 24, 24, 24, 24, 24, 24, 24, 24, 38, 24, 38, 24, 46, 24, 29, 24, 29, 24, 29, 24, 29, 24] ⟨16, ⋯⟩ - 22) +
        if ⟨10, ⋯⟩ = ⟨27, ⋯⟩ then 1 else 0

case «16».«11»
⊢ ((if ⟨11, ⋯⟩ = ⟨27, ⋯⟩ then 1 else 0) + if ⟨11, ⋯⟩ = ⟨29, ⋯⟩ then 1 else 0) <
      512 ^
        (![24, 24, 24, 24, 24, 24, 24, 24, 24, 38, 24, 38, 24, 46, 24, 29, 24, 29, 24, 29, 24, 29, 24] ⟨16, ⋯⟩ - 22) ∧
    (-if ⟨11, ⋯⟩ = ⟨29, ⋯⟩ then 1 else 0) <
      512 ^
          (![24, 24, 24, 24, 24, 24, 24, 24, 24, 38, 24, 38, 24, 46, 24, 29, 24, 29, 24, 29, 24, 29, 24] ⟨16, ⋯⟩ - 22) +
        if ⟨11, ⋯⟩ = ⟨27, ⋯⟩ then 1 else 0

case «16».«12»
⊢ ((if ⟨12, ⋯⟩ = ⟨27, ⋯⟩ then 1 else 0) + if ⟨12, ⋯⟩ = ⟨29, ⋯⟩ then 1 else 0) <
      512 ^
        (![24, 24, 24, 24, 24, 24, 24, 24, 24, 38, 24, 38, 24, 46, 24, 29, 24, 29, 24, 29, 24, 29, 24] ⟨16, ⋯⟩ - 22) ∧
    (-if ⟨12, ⋯⟩ = ⟨29, ⋯⟩ then 1 else 0) <
      512 ^
          (![24, 24, 24, 24, 24, 24, 24, 24, 24, 38, 24, 38, 24, 46, 24, 29, 24, 29, 24, 29, 24, 29, 24] ⟨16, ⋯⟩ - 22) +
        if ⟨12, ⋯⟩ = ⟨27, ⋯⟩ then 1 else 0

case «16».«13»
⊢ ((if ⟨13, ⋯⟩ = ⟨27, ⋯⟩ then 1 else 0) + if ⟨13, ⋯⟩ = ⟨29, ⋯⟩ then 1 else 0) <
      512 ^
        (![24, 24, 24, 24, 24, 24, 24, 24, 24, 38, 24, 38, 24, 46, 24, 29, 24, 29, 24, 29, 24, 29, 24] ⟨16, ⋯⟩ - 22) ∧
    (-if ⟨13, ⋯⟩ = ⟨29, ⋯⟩ then 1 else 0) <
      512 ^
          (![24, 24, 24, 24, 24, 24, 24, 24, 24, 38, 24, 38, 24, 46, 24, 29, 24, 29, 24, 29, 24, 29, 24] ⟨16, ⋯⟩ - 22) +
        if ⟨13, ⋯⟩ = ⟨27, ⋯⟩ then 1 else 0

case «16».«14»
⊢ ((if ⟨14, ⋯⟩ = ⟨27, ⋯⟩ then 1 else 0) + if ⟨14, ⋯⟩ = ⟨29, ⋯⟩ then 1 else 0) <
      512 ^
        (![24, 24, 24, 24, 24, 24, 24, 24, 24, 38, 24, 38, 24, 46, 24, 29, 24, 29, 24, 29, 24, 29, 24] ⟨16, ⋯⟩ - 22) ∧
    (-if ⟨14, ⋯⟩ = ⟨29, ⋯⟩ then 1 else 0) <
      512 ^
          (![24, 24, 24, 24, 24, 24, 24, 24, 24, 38, 24, 38, 24, 46, 24, 29, 24, 29, 24, 29, 24, 29, 24] ⟨16, ⋯⟩ - 22) +
        if ⟨14, ⋯⟩ = ⟨27, ⋯⟩ then 1 else 0

case «16».«15»
⊢ ((if ⟨15, ⋯⟩ = ⟨27, ⋯⟩ then 1 else 0) + if ⟨15, ⋯⟩ = ⟨29, ⋯⟩ then 1 else 0) <
      512 ^
        (![24, 24, 24, 24, 24, 24, 24, 24, 24, 38, 24, 38, 24, 46, 24, 29, 24, 29, 24, 29, 24, 29, 24] ⟨16, ⋯⟩ - 22) ∧
    (-if ⟨15, ⋯⟩ = ⟨29, ⋯⟩ then 1 else 0) <
      512 ^
          (![24, 24, 24, 24, 24, 24, 24, 24, 24, 38, 24, 38, 24, 46, 24, 29, 24, 29, 24, 29, 24, 29, 24] ⟨16, ⋯⟩ - 22) +
        if ⟨15, ⋯⟩ = ⟨27, ⋯⟩ then 1 else 0

case «16».«16»
⊢ ((if ⟨16, ⋯⟩ = ⟨27, ⋯⟩ then 1 else 0) + if ⟨16, ⋯⟩ = ⟨29, ⋯⟩ then 1 else 0) <
      512 ^
        (![24, 24, 24, 24, 24, 24, 24, 24, 24, 38, 24, 38, 24, 46, 24, 29, 24, 29, 24, 29, 24, 29, 24] ⟨16, ⋯⟩ - 22) ∧
    (-if ⟨16, ⋯⟩ = ⟨29, ⋯⟩ then 1 else 0) <
      512 ^
          (![24, 24, 24, 24, 24, 24, 24, 24, 24, 38, 24, 38, 24, 46, 24, 29, 24, 29, 24, 29, 24, 29, 24] ⟨16, ⋯⟩ - 22) +
        if ⟨16, ⋯⟩ = ⟨27, ⋯⟩ then 1 else 0

case «16».«17»
⊢ ((if ⟨17, ⋯⟩ = ⟨27, ⋯⟩ then 1 else 0) + if ⟨17, ⋯⟩ = ⟨29, ⋯⟩ then 1 else 0) <
      512 ^
        (![24, 24, 24, 24, 24, 24, 24, 24, 24, 38, 24, 38, 24, 46, 24, 29, 24, 29, 24, 29, 24, 29, 24] ⟨16, ⋯⟩ - 22) ∧
    (-if ⟨17, ⋯⟩ = ⟨29, ⋯⟩ then 1 else 0) <
      512 ^
          (![24, 24, 24, 24, 24, 24, 24, 24, 24, 38, 24, 38, 24, 46, 24, 29, 24, 29, 24, 29, 24, 29, 24] ⟨16, ⋯⟩ - 22) +
        if ⟨17, ⋯⟩ = ⟨27, ⋯⟩ then 1 else 0

case «16».«18»
⊢ ((if ⟨18, ⋯⟩ = ⟨27, ⋯⟩ then 1 else 0) + if ⟨18, ⋯⟩ = ⟨29, ⋯⟩ then 1 else 0) <
      512 ^
        (![24, 24, 24, 24, 24, 24, 24, 24, 24, 38, 24, 38, 24, 46, 24, 29, 24, 29, 24, 29, 24, 29, 24] ⟨16, ⋯⟩ - 22) ∧
    (-if ⟨18, ⋯⟩ = ⟨29, ⋯⟩ then 1 else 0) <
      512 ^
          (![24, 24, 24, 24, 24, 24, 24, 24, 24, 38, 24, 38, 24, 46, 24, 29, 24, 29, 24, 29, 24, 29, 24] ⟨16, ⋯⟩ - 22) +
        if ⟨18, ⋯⟩ = ⟨27, ⋯⟩ then 1 else 0

case «16».«19»
⊢ ((if ⟨19, ⋯⟩ = ⟨27, ⋯⟩ then 1 else 0) + if ⟨19, ⋯⟩ = ⟨29, ⋯⟩ then 1 else 0) <
      512 ^
        (![24, 24, 24, 24, 24, 24, 24, 24, 24, 38, 24, 38, 24, 46, 24, 29, 24, 29, 24, 29, 24, 29, 24] ⟨16, ⋯⟩ - 22) ∧
    (-if ⟨19, ⋯⟩ = ⟨29, ⋯⟩ then 1 else 0) <
      512 ^
          (![24, 24, 24, 24, 24, 24, 24, 24, 24, 38, 24, 38, 24, 46, 24, 29, 24, 29, 24, 29, 24, 29, 24] ⟨16, ⋯⟩ - 22) +
        if ⟨19, ⋯⟩ = ⟨27, ⋯⟩ then 1 else 0

case «16».«20»
⊢ ((if ⟨20, ⋯⟩ = ⟨27, ⋯⟩ then 1 else 0) + if ⟨20, ⋯⟩ = ⟨29, ⋯⟩ then 1 else 0) <
      512 ^
        (![24, 24, 24, 24, 24, 24, 24, 24, 24, 38, 24, 38, 24, 46, 24, 29, 24, 29, 24, 29, 24, 29, 24] ⟨16, ⋯⟩ - 22) ∧
    (-if ⟨20, ⋯⟩ = ⟨29, ⋯⟩ then 1 else 0) <
      512 ^
          (![24, 24, 24, 24, 24, 24, 24, 24, 24, 38, 24, 38, 24, 46, 24, 29, 24, 29, 24, 29, 24, 29, 24] ⟨16, ⋯⟩ - 22) +
        if ⟨20, ⋯⟩ = ⟨27, ⋯⟩ then 1 else 0

case «16».«21»
⊢ ((if ⟨21, ⋯⟩ = ⟨27, ⋯⟩ then 1 else 0) + if ⟨21, ⋯⟩ = ⟨29, ⋯⟩ then 1 else 0) <
      512 ^
        (![24, 24, 24, 24, 24, 24, 24, 24, 24, 38, 24, 38, 24, 46, 24, 29, 24, 29, 24, 29, 24, 29, 24] ⟨16, ⋯⟩ - 22) ∧
    (-if ⟨21, ⋯⟩ = ⟨29, ⋯⟩ then 1 else 0) <
      512 ^
          (![24, 24, 24, 24, 24, 24, 24, 24, 24, 38, 24, 38, 24, 46, 24, 29, 24, 29, 24, 29, 24, 29, 24] ⟨16, ⋯⟩ - 22) +
        if ⟨21, ⋯⟩ = ⟨27, ⋯⟩ then 1 else 0

case «16».«22»
⊢ ((if ⟨22, ⋯⟩ = ⟨27, ⋯⟩ then 1 else 0) + if ⟨22, ⋯⟩ = ⟨29, ⋯⟩ then 1 else 0) <
      512 ^
        (![24, 24, 24, 24, 24, 24, 24, 24, 24, 38, 24, 38, 24, 46, 24, 29, 24, 29, 24, 29, 24, 29, 24] ⟨16, ⋯⟩ - 22) ∧
    (-if ⟨22, ⋯⟩ = ⟨29, ⋯⟩ then 1 else 0) <
      512 ^
          (![24, 24, 24, 24, 24, 24, 24, 24, 24, 38, 24, 38, 24, 46, 24, 29, 24, 29, 24, 29, 24, 29, 24] ⟨16, ⋯⟩ - 22) +
        if ⟨22, ⋯⟩ = ⟨27, ⋯⟩ then 1 else 0

case «16».«23»
⊢ ((if ⟨23, ⋯⟩ = ⟨27, ⋯⟩ then 1 else 0) + if ⟨23, ⋯⟩ = ⟨29, ⋯⟩ then 1 else 0) <
      512 ^
        (![24, 24, 24, 24, 24, 24, 24, 24, 24, 38, 24, 38, 24, 46, 24, 29, 24, 29, 24, 29, 24, 29, 24] ⟨16, ⋯⟩ - 22) ∧
    (-if ⟨23, ⋯⟩ = ⟨29, ⋯⟩ then 1 else 0) <
      512 ^
          (![24, 24, 24, 24, 24, 24, 24, 24, 24, 38, 24, 38, 24, 46, 24, 29, 24, 29, 24, 29, 24, 29, 24] ⟨16, ⋯⟩ - 22) +
        if ⟨23, ⋯⟩ = ⟨27, ⋯⟩ then 1 else 0

case «16».«24»
⊢ ((if ⟨24, ⋯⟩ = ⟨27, ⋯⟩ then 1 else 0) + if ⟨24, ⋯⟩ = ⟨29, ⋯⟩ then 1 else 0) <
      512 ^
        (![24, 24, 24, 24, 24, 24, 24, 24, 24, 38, 24, 38, 24, 46, 24, 29, 24, 29, 24, 29, 24, 29, 24] ⟨16, ⋯⟩ - 22) ∧
    (-if ⟨24, ⋯⟩ = ⟨29, ⋯⟩ then 1 else 0) <
      512 ^
          (![24, 24, 24, 24, 24, 24, 24, 24, 24, 38, 24, 38, 24, 46, 24, 29, 24, 29, 24, 29, 24, 29, 24] ⟨16, ⋯⟩ - 22) +
        if ⟨24, ⋯⟩ = ⟨27, ⋯⟩ then 1 else 0

case «16».«25»
⊢ ((if ⟨25, ⋯⟩ = ⟨27, ⋯⟩ then 1 else 0) + if ⟨25, ⋯⟩ = ⟨29, ⋯⟩ then 1 else 0) <
      512 ^
        (![24, 24, 24, 24, 24, 24, 24, 24, 24, 38, 24, 38, 24, 46, 24, 29, 24, 29, 24, 29, 24, 29, 24] ⟨16, ⋯⟩ - 22) ∧
    (-if ⟨25, ⋯⟩ = ⟨29, ⋯⟩ then 1 else 0) <
      512 ^
          (![24, 24, 24, 24, 24, 24, 24, 24, 24, 38, 24, 38, 24, 46, 24, 29, 24, 29, 24, 29, 24, 29, 24] ⟨16, ⋯⟩ - 22) +
        if ⟨25, ⋯⟩ = ⟨27, ⋯⟩ then 1 else 0

case «16».«26»
⊢ ((if ⟨26, ⋯⟩ = ⟨27, ⋯⟩ then 1 else 0) + if ⟨26, ⋯⟩ = ⟨29, ⋯⟩ then 1 else 0) <
      512 ^
        (![24, 24, 24, 24, 24, 24, 24, 24, 24, 38, 24, 38, 24, 46, 24, 29, 24, 29, 24, 29, 24, 29, 24] ⟨16, ⋯⟩ - 22) ∧
    (-if ⟨26, ⋯⟩ = ⟨29, ⋯⟩ then 1 else 0) <
      512 ^
          (![24, 24, 24, 24, 24, 24, 24, 24, 24, 38, 24, 38, 24, 46, 24, 29, 24, 29, 24, 29, 24, 29, 24] ⟨16, ⋯⟩ - 22) +
        if ⟨26, ⋯⟩ = ⟨27, ⋯⟩ then 1 else 0

case «16».«27»
⊢ ((if ⟨27, ⋯⟩ = ⟨27, ⋯⟩ then 1 else 0) + if ⟨27, ⋯⟩ = ⟨29, ⋯⟩ then 1 else 0) <
      512 ^
        (![24, 24, 24, 24, 24, 24, 24, 24, 24, 38, 24, 38, 24, 46, 24, 29, 24, 29, 24, 29, 24, 29, 24] ⟨16, ⋯⟩ - 22) ∧
    (-if ⟨27, ⋯⟩ = ⟨29, ⋯⟩ then 1 else 0) <
      512 ^
          (![24, 24, 24, 24, 24, 24, 24, 24, 24, 38, 24, 38, 24, 46, 24, 29, 24, 29, 24, 29, 24, 29, 24] ⟨16, ⋯⟩ - 22) +
        if ⟨27, ⋯⟩ = ⟨27, ⋯⟩ then 1 else 0

case «16».«28»
⊢ ((if ⟨28, ⋯⟩ = ⟨27, ⋯⟩ then 1 else 0) + if ⟨28, ⋯⟩ = ⟨29, ⋯⟩ then 1 else 0) <
      512 ^
        (![24, 24, 24, 24, 24, 24, 24, 24, 24, 38, 24, 38, 24, 46, 24, 29, 24, 29, 24, 29, 24, 29, 24] ⟨16, ⋯⟩ - 22) ∧
    (-if ⟨28, ⋯⟩ = ⟨29, ⋯⟩ then 1 else 0) <
      512 ^
          (![24, 24, 24, 24, 24, 24, 24, 24, 24, 38, 24, 38, 24, 46, 24, 29, 24, 29, 24, 29, 24, 29, 24] ⟨16, ⋯⟩ - 22) +
        if ⟨28, ⋯⟩ = ⟨27, ⋯⟩ then 1 else 0

case «16».«29»
⊢ ((if ⟨29, ⋯⟩ = ⟨27, ⋯⟩ then 1 else 0) + if ⟨29, ⋯⟩ = ⟨29, ⋯⟩ then 1 else 0) <
      512 ^
        (![24, 24, 24, 24, 24, 24, 24, 24, 24, 38, 24, 38, 24, 46, 24, 29, 24, 29, 24, 29, 24, 29, 24] ⟨16, ⋯⟩ - 22) ∧
    (-if ⟨29, ⋯⟩ = ⟨29, ⋯⟩ then 1 else 0) <
      512 ^
          (![24, 24, 24, 24, 24, 24, 24, 24, 24, 38, 24, 38, 24, 46, 24, 29, 24, 29, 24, 29, 24, 29, 24] ⟨16, ⋯⟩ - 22) +
        if ⟨29, ⋯⟩ = ⟨27, ⋯⟩ then 1 else 0

case «16».«30»
⊢ ((if ⟨30, ⋯⟩ = ⟨27, ⋯⟩ then 1 else 0) + if ⟨30, ⋯⟩ = ⟨29, ⋯⟩ then 1 else 0) <
      512 ^
        (![24, 24, 24, 24, 24, 24, 24, 24, 24, 38, 24, 38, 24, 46, 24, 29, 24, 29, 24, 29, 24, 29, 24] ⟨16, ⋯⟩ - 22) ∧
    (-if ⟨30, ⋯⟩ = ⟨29, ⋯⟩ then 1 else 0) <
      512 ^
          (![24, 24, 24, 24, 24, 24, 24, 24, 24, 38, 24, 38, 24, 46, 24, 29, 24, 29, 24, 29, 24, 29, 24] ⟨16, ⋯⟩ - 22) +
        if ⟨30, ⋯⟩ = ⟨27, ⋯⟩ then 1 else 0

case «16».«31»
⊢ ((if ⟨31, ⋯⟩ = ⟨27, ⋯⟩ then 1 else 0) + if ⟨31, ⋯⟩ = ⟨29, ⋯⟩ then 1 else 0) <
      512 ^
        (![24, 24, 24, 24, 24, 24, 24, 24, 24, 38, 24, 38, 24, 46, 24, 29, 24, 29, 24, 29, 24, 29, 24] ⟨16, ⋯⟩ - 22) ∧
    (-if ⟨31, ⋯⟩ = ⟨29, ⋯⟩ then 1 else 0) <
      512 ^
          (![24, 24, 24, 24, 24, 24, 24, 24, 24, 38, 24, 38, 24, 46, 24, 29, 24, 29, 24, 29, 24, 29, 24] ⟨16, ⋯⟩ - 22) +
        if ⟨31, ⋯⟩ = ⟨27, ⋯⟩ then 1 else 0

case «16».«32»
⊢ ((if ⟨32, ⋯⟩ = ⟨27, ⋯⟩ then 1 else 0) + if ⟨32, ⋯⟩ = ⟨29, ⋯⟩ then 1 else 0) <
      512 ^
        (![24, 24, 24, 24, 24, 24, 24, 24, 24, 38, 24, 38, 24, 46, 24, 29, 24, 29, 24, 29, 24, 29, 24] ⟨16, ⋯⟩ - 22) ∧
    (-if ⟨32, ⋯⟩ = ⟨29, ⋯⟩ then 1 else 0) <
      512 ^
          (![24, 24, 24, 24, 24, 24, 24, 24, 24, 38, 24, 38, 24, 46, 24, 29, 24, 29, 24, 29, 24, 29, 24] ⟨16, ⋯⟩ - 22) +
        if ⟨32, ⋯⟩ = ⟨27, ⋯⟩ then 1 else 0

case «16».«33»
⊢ ((if ⟨33, ⋯⟩ = ⟨27, ⋯⟩ then 1 else 0) + if ⟨33, ⋯⟩ = ⟨29, ⋯⟩ then 1 else 0) <
      512 ^
        (![24, 24, 24, 24, 24, 24, 24, 24, 24, 38, 24, 38, 24, 46, 24, 29, 24, 29, 24, 29, 24, 29, 24] ⟨16, ⋯⟩ - 22) ∧
    (-if ⟨33, ⋯⟩ = ⟨29, ⋯⟩ then 1 else 0) <
      512 ^
          (![24, 24, 24, 24, 24, 24, 24, 24, 24, 38, 24, 38, 24, 46, 24, 29, 24, 29, 24, 29, 24, 29, 24] ⟨16, ⋯⟩ - 22) +
        if ⟨33, ⋯⟩ = ⟨27, ⋯⟩ then 1 else 0

case «16».«34»
⊢ ((if ⟨34, ⋯⟩ = ⟨27, ⋯⟩ then 1 else 0) + if ⟨34, ⋯⟩ = ⟨29, ⋯⟩ then 1 else 0) <
      512 ^
        (![24, 24, 24, 24, 24, 24, 24, 24, 24, 38, 24, 38, 24, 46, 24, 29, 24, 29, 24, 29, 24, 29, 24] ⟨16, ⋯⟩ - 22) ∧
    (-if ⟨34, ⋯⟩ = ⟨29, ⋯⟩ then 1 else 0) <
      512 ^
          (![24, 24, 24, 24, 24, 24, 24, 24, 24, 38, 24, 38, 24, 46, 24, 29, 24, 29, 24, 29, 24, 29, 24] ⟨16, ⋯⟩ - 22) +
        if ⟨34, ⋯⟩ = ⟨27, ⋯⟩ then 1 else 0

case «16».«35»
⊢ ((if ⟨35, ⋯⟩ = ⟨27, ⋯⟩ then 1 else 0) + if ⟨35, ⋯⟩ = ⟨29, ⋯⟩ then 1 else 0) <
      512 ^
        (![24, 24, 24, 24, 24, 24, 24, 24, 24, 38, 24, 38, 24, 46, 24, 29, 24, 29, 24, 29, 24, 29, 24] ⟨16, ⋯⟩ - 22) ∧
    (-if ⟨35, ⋯⟩ = ⟨29, ⋯⟩ then 1 else 0) <
      512 ^
          (![24, 24, 24, 24, 24, 24, 24, 24, 24, 38, 24, 38, 24, 46, 24, 29, 24, 29, 24, 29, 24, 29, 24] ⟨16, ⋯⟩ - 22) +
        if ⟨35, ⋯⟩ = ⟨27, ⋯⟩ then 1 else 0

case «16».«36»
⊢ ((if ⟨36, ⋯⟩ = ⟨27, ⋯⟩ then 1 else 0) + if ⟨36, ⋯⟩ = ⟨29, ⋯⟩ then 1 else 0) <
      512 ^
        (![24, 24, 24, 24, 24, 24, 24, 24, 24, 38, 24, 38, 24, 46, 24, 29, 24, 29, 24, 29, 24, 29, 24] ⟨16, ⋯⟩ - 22) ∧
    (-if ⟨36, ⋯⟩ = ⟨29, ⋯⟩ then 1 else 0) <
      512 ^
          (![24, 24, 24, 24, 24, 24, 24, 24, 24, 38, 24, 38, 24, 46, 24, 29, 24, 29, 24, 29, 24, 29, 24] ⟨16, ⋯⟩ - 22) +
        if ⟨36, ⋯⟩ = ⟨27, ⋯⟩ then 1 else 0

case «16».«37»
⊢ ((if ⟨37, ⋯⟩ = ⟨27, ⋯⟩ then 1 else 0) + if ⟨37, ⋯⟩ = ⟨29, ⋯⟩ then 1 else 0) <
      512 ^
        (![24, 24, 24, 24, 24, 24, 24, 24, 24, 38, 24, 38, 24, 46, 24, 29, 24, 29, 24, 29, 24, 29, 24] ⟨16, ⋯⟩ - 22) ∧
    (-if ⟨37, ⋯⟩ = ⟨29, ⋯⟩ then 1 else 0) <
      512 ^
          (![24, 24, 24, 24, 24, 24, 24, 24, 24, 38, 24, 38, 24, 46, 24, 29, 24, 29, 24, 29, 24, 29, 24] ⟨16, ⋯⟩ - 22) +
        if ⟨37, ⋯⟩ = ⟨27, ⋯⟩ then 1 else 0

case «16».«38»
⊢ ((if ⟨38, ⋯⟩ = ⟨27, ⋯⟩ then 1 else 0) + if ⟨38, ⋯⟩ = ⟨29, ⋯⟩ then 1 else 0) <
      512 ^
        (![24, 24, 24, 24, 24, 24, 24, 24, 24, 38, 24, 38, 24, 46, 24, 29, 24, 29, 24, 29, 24, 29, 24] ⟨16, ⋯⟩ - 22) ∧
    (-if ⟨38, ⋯⟩ = ⟨29, ⋯⟩ then 1 else 0) <
      512 ^
          (![24, 24, 24, 24, 24, 24, 24, 24, 24, 38, 24, 38, 24, 46, 24, 29, 24, 29, 24, 29, 24, 29, 24] ⟨16, ⋯⟩ - 22) +
        if ⟨38, ⋯⟩ = ⟨27, ⋯⟩ then 1 else 0

case «17».«0»
⊢ (if ⟨0, ⋯⟩ = ⟨24, ⋯⟩ then 1 else 0) +
        ((-if ⟨0, ⋯⟩ = ⟨30, ⋯⟩ then 1 else 0) + -if ⟨0, ⋯⟩ = ⟨31, ⋯⟩ then 1125899906629633 else 0) <
      512 ^
        (![24, 24, 24, 24, 24, 24, 24, 24, 24, 38, 24, 38, 24, 46, 24, 29, 24, 29, 24, 29, 24, 29, 24] ⟨17, ⋯⟩ - 22) ∧
    ((if ⟨0, ⋯⟩ = ⟨31, ⋯⟩ then 1125899906629633 else 0) + if ⟨0, ⋯⟩ = ⟨30, ⋯⟩ then 1 else 0) <
      512 ^
          (![24, 24, 24, 24, 24, 24, 24, 24, 24, 38, 24, 38, 24, 46, 24, 29, 24, 29, 24, 29, 24, 29, 24] ⟨17, ⋯⟩ - 22) +
        if ⟨0, ⋯⟩ = ⟨24, ⋯⟩ then 1 else 0

case «17».«1»
⊢ (if ⟨1, ⋯⟩ = ⟨24, ⋯⟩ then 1 else 0) +
        ((-if ⟨1, ⋯⟩ = ⟨30, ⋯⟩ then 1 else 0) + -if ⟨1, ⋯⟩ = ⟨31, ⋯⟩ then 1125899906629633 else 0) <
      512 ^
        (![24, 24, 24, 24, 24, 24, 24, 24, 24, 38, 24, 38, 24, 46, 24, 29, 24, 29, 24, 29, 24, 29, 24] ⟨17, ⋯⟩ - 22) ∧
    ((if ⟨1, ⋯⟩ = ⟨31, ⋯⟩ then 1125899906629633 else 0) + if ⟨1, ⋯⟩ = ⟨30, ⋯⟩ then 1 else 0) <
      512 ^
          (![24, 24, 24, 24, 24, 24, 24, 24, 24, 38, 24, 38, 24, 46, 24, 29, 24, 29, 24, 29, 24, 29, 24] ⟨17, ⋯⟩ - 22) +
        if ⟨1, ⋯⟩ = ⟨24, ⋯⟩ then 1 else 0

case «17».«2»
⊢ (if ⟨2, ⋯⟩ = ⟨24, ⋯⟩ then 1 else 0) +
        ((-if ⟨2, ⋯⟩ = ⟨30, ⋯⟩ then 1 else 0) + -if ⟨2, ⋯⟩ = ⟨31, ⋯⟩ then 1125899906629633 else 0) <
      512 ^
        (![24, 24, 24, 24, 24, 24, 24, 24, 24, 38, 24, 38, 24, 46, 24, 29, 24, 29, 24, 29, 24, 29, 24] ⟨17, ⋯⟩ - 22) ∧
    ((if ⟨2, ⋯⟩ = ⟨31, ⋯⟩ then 1125899906629633 else 0) + if ⟨2, ⋯⟩ = ⟨30, ⋯⟩ then 1 else 0) <
      512 ^
          (![24, 24, 24, 24, 24, 24, 24, 24, 24, 38, 24, 38, 24, 46, 24, 29, 24, 29, 24, 29, 24, 29, 24] ⟨17, ⋯⟩ - 22) +
        if ⟨2, ⋯⟩ = ⟨24, ⋯⟩ then 1 else 0

case «17».«3»
⊢ (if ⟨3, ⋯⟩ = ⟨24, ⋯⟩ then 1 else 0) +
        ((-if ⟨3, ⋯⟩ = ⟨30, ⋯⟩ then 1 else 0) + -if ⟨3, ⋯⟩ = ⟨31, ⋯⟩ then 1125899906629633 else 0) <
      512 ^
        (![24, 24, 24, 24, 24, 24, 24, 24, 24, 38, 24, 38, 24, 46, 24, 29, 24, 29, 24, 29, 24, 29, 24] ⟨17, ⋯⟩ - 22) ∧
    ((if ⟨3, ⋯⟩ = ⟨31, ⋯⟩ then 1125899906629633 else 0) + if ⟨3, ⋯⟩ = ⟨30, ⋯⟩ then 1 else 0) <
      512 ^
          (![24, 24, 24, 24, 24, 24, 24, 24, 24, 38, 24, 38, 24, 46, 24, 29, 24, 29, 24, 29, 24, 29, 24] ⟨17, ⋯⟩ - 22) +
        if ⟨3, ⋯⟩ = ⟨24, ⋯⟩ then 1 else 0

case «17».«4»
⊢ (if ⟨4, ⋯⟩ = ⟨24, ⋯⟩ then 1 else 0) +
        ((-if ⟨4, ⋯⟩ = ⟨30, ⋯⟩ then 1 else 0) + -if ⟨4, ⋯⟩ = ⟨31, ⋯⟩ then 1125899906629633 else 0) <
      512 ^
        (![24, 24, 24, 24, 24, 24, 24, 24, 24, 38, 24, 38, 24, 46, 24, 29, 24, 29, 24, 29, 24, 29, 24] ⟨17, ⋯⟩ - 22) ∧
    ((if ⟨4, ⋯⟩ = ⟨31, ⋯⟩ then 1125899906629633 else 0) + if ⟨4, ⋯⟩ = ⟨30, ⋯⟩ then 1 else 0) <
      512 ^
          (![24, 24, 24, 24, 24, 24, 24, 24, 24, 38, 24, 38, 24, 46, 24, 29, 24, 29, 24, 29, 24, 29, 24] ⟨17, ⋯⟩ - 22) +
        if ⟨4, ⋯⟩ = ⟨24, ⋯⟩ then 1 else 0

case «17».«5»
⊢ (if ⟨5, ⋯⟩ = ⟨24, ⋯⟩ then 1 else 0) +
        ((-if ⟨5, ⋯⟩ = ⟨30, ⋯⟩ then 1 else 0) + -if ⟨5, ⋯⟩ = ⟨31, ⋯⟩ then 1125899906629633 else 0) <
      512 ^
        (![24, 24, 24, 24, 24, 24, 24, 24, 24, 38, 24, 38, 24, 46, 24, 29, 24, 29, 24, 29, 24, 29, 24] ⟨17, ⋯⟩ - 22) ∧
    ((if ⟨5, ⋯⟩ = ⟨31, ⋯⟩ then 1125899906629633 else 0) + if ⟨5, ⋯⟩ = ⟨30, ⋯⟩ then 1 else 0) <
      512 ^
          (![24, 24, 24, 24, 24, 24, 24, 24, 24, 38, 24, 38, 24, 46, 24, 29, 24, 29, 24, 29, 24, 29, 24] ⟨17, ⋯⟩ - 22) +
        if ⟨5, ⋯⟩ = ⟨24, ⋯⟩ then 1 else 0

case «17».«6»
⊢ (if ⟨6, ⋯⟩ = ⟨24, ⋯⟩ then 1 else 0) +
        ((-if ⟨6, ⋯⟩ = ⟨30, ⋯⟩ then 1 else 0) + -if ⟨6, ⋯⟩ = ⟨31, ⋯⟩ then 1125899906629633 else 0) <
      512 ^
        (![24, 24, 24, 24, 24, 24, 24, 24, 24, 38, 24, 38, 24, 46, 24, 29, 24, 29, 24, 29, 24, 29, 24] ⟨17, ⋯⟩ - 22) ∧
    ((if ⟨6, ⋯⟩ = ⟨31, ⋯⟩ then 1125899906629633 else 0) + if ⟨6, ⋯⟩ = ⟨30, ⋯⟩ then 1 else 0) <
      512 ^
          (![24, 24, 24, 24, 24, 24, 24, 24, 24, 38, 24, 38, 24, 46, 24, 29, 24, 29, 24, 29, 24, 29, 24] ⟨17, ⋯⟩ - 22) +
        if ⟨6, ⋯⟩ = ⟨24, ⋯⟩ then 1 else 0

case «17».«7»
⊢ (if ⟨7, ⋯⟩ = ⟨24, ⋯⟩ then 1 else 0) +
        ((-if ⟨7, ⋯⟩ = ⟨30, ⋯⟩ then 1 else 0) + -if ⟨7, ⋯⟩ = ⟨31, ⋯⟩ then 1125899906629633 else 0) <
      512 ^
        (![24, 24, 24, 24, 24, 24, 24, 24, 24, 38, 24, 38, 24, 46, 24, 29, 24, 29, 24, 29, 24, 29, 24] ⟨17, ⋯⟩ - 22) ∧
    ((if ⟨7, ⋯⟩ = ⟨31, ⋯⟩ then 1125899906629633 else 0) + if ⟨7, ⋯⟩ = ⟨30, ⋯⟩ then 1 else 0) <
      512 ^
          (![24, 24, 24, 24, 24, 24, 24, 24, 24, 38, 24, 38, 24, 46, 24, 29, 24, 29, 24, 29, 24, 29, 24] ⟨17, ⋯⟩ - 22) +
        if ⟨7, ⋯⟩ = ⟨24, ⋯⟩ then 1 else 0

case «17».«8»
⊢ (if ⟨8, ⋯⟩ = ⟨24, ⋯⟩ then 1 else 0) +
        ((-if ⟨8, ⋯⟩ = ⟨30, ⋯⟩ then 1 else 0) + -if ⟨8, ⋯⟩ = ⟨31, ⋯⟩ then 1125899906629633 else 0) <
      512 ^
        (![24, 24, 24, 24, 24, 24, 24, 24, 24, 38, 24, 38, 24, 46, 24, 29, 24, 29, 24, 29, 24, 29, 24] ⟨17, ⋯⟩ - 22) ∧
    ((if ⟨8, ⋯⟩ = ⟨31, ⋯⟩ then 1125899906629633 else 0) + if ⟨8, ⋯⟩ = ⟨30, ⋯⟩ then 1 else 0) <
      512 ^
          (![24, 24, 24, 24, 24, 24, 24, 24, 24, 38, 24, 38, 24, 46, 24, 29, 24, 29, 24, 29, 24, 29, 24] ⟨17, ⋯⟩ - 22) +
        if ⟨8, ⋯⟩ = ⟨24, ⋯⟩ then 1 else 0

case «17».«9»
⊢ (if ⟨9, ⋯⟩ = ⟨24, ⋯⟩ then 1 else 0) +
        ((-if ⟨9, ⋯⟩ = ⟨30, ⋯⟩ then 1 else 0) + -if ⟨9, ⋯⟩ = ⟨31, ⋯⟩ then 1125899906629633 else 0) <
      512 ^
        (![24, 24, 24, 24, 24, 24, 24, 24, 24, 38, 24, 38, 24, 46, 24, 29, 24, 29, 24, 29, 24, 29, 24] ⟨17, ⋯⟩ - 22) ∧
    ((if ⟨9, ⋯⟩ = ⟨31, ⋯⟩ then 1125899906629633 else 0) + if ⟨9, ⋯⟩ = ⟨30, ⋯⟩ then 1 else 0) <
      512 ^
          (![24, 24, 24, 24, 24, 24, 24, 24, 24, 38, 24, 38, 24, 46, 24, 29, 24, 29, 24, 29, 24, 29, 24] ⟨17, ⋯⟩ - 22) +
        if ⟨9, ⋯⟩ = ⟨24, ⋯⟩ then 1 else 0

case «17».«10»
⊢ (if ⟨10, ⋯⟩ = ⟨24, ⋯⟩ then 1 else 0) +
        ((-if ⟨10, ⋯⟩ = ⟨30, ⋯⟩ then 1 else 0) + -if ⟨10, ⋯⟩ = ⟨31, ⋯⟩ then 1125899906629633 else 0) <
      512 ^
        (![24, 24, 24, 24, 24, 24, 24, 24, 24, 38, 24, 38, 24, 46, 24, 29, 24, 29, 24, 29, 24, 29, 24] ⟨17, ⋯⟩ - 22) ∧
    ((if ⟨10, ⋯⟩ = ⟨31, ⋯⟩ then 1125899906629633 else 0) + if ⟨10, ⋯⟩ = ⟨30, ⋯⟩ then 1 else 0) <
      512 ^
          (![24, 24, 24, 24, 24, 24, 24, 24, 24, 38, 24, 38, 24, 46, 24, 29, 24, 29, 24, 29, 24, 29, 24] ⟨17, ⋯⟩ - 22) +
        if ⟨10, ⋯⟩ = ⟨24, ⋯⟩ then 1 else 0

case «17».«11»
⊢ (if ⟨11, ⋯⟩ = ⟨24, ⋯⟩ then 1 else 0) +
        ((-if ⟨11, ⋯⟩ = ⟨30, ⋯⟩ then 1 else 0) + -if ⟨11, ⋯⟩ = ⟨31, ⋯⟩ then 1125899906629633 else 0) <
      512 ^
        (![24, 24, 24, 24, 24, 24, 24, 24, 24, 38, 24, 38, 24, 46, 24, 29, 24, 29, 24, 29, 24, 29, 24] ⟨17, ⋯⟩ - 22) ∧
    ((if ⟨11, ⋯⟩ = ⟨31, ⋯⟩ then 1125899906629633 else 0) + if ⟨11, ⋯⟩ = ⟨30, ⋯⟩ then 1 else 0) <
      512 ^
          (![24, 24, 24, 24, 24, 24, 24, 24, 24, 38, 24, 38, 24, 46, 24, 29, 24, 29, 24, 29, 24, 29, 24] ⟨17, ⋯⟩ - 22) +
        if ⟨11, ⋯⟩ = ⟨24, ⋯⟩ then 1 else 0

case «17».«12»
⊢ (if ⟨12, ⋯⟩ = ⟨24, ⋯⟩ then 1 else 0) +
        ((-if ⟨12, ⋯⟩ = ⟨30, ⋯⟩ then 1 else 0) + -if ⟨12, ⋯⟩ = ⟨31, ⋯⟩ then 1125899906629633 else 0) <
      512 ^
        (![24, 24, 24, 24, 24, 24, 24, 24, 24, 38, 24, 38, 24, 46, 24, 29, 24, 29, 24, 29, 24, 29, 24] ⟨17, ⋯⟩ - 22) ∧
    ((if ⟨12, ⋯⟩ = ⟨31, ⋯⟩ then 1125899906629633 else 0) + if ⟨12, ⋯⟩ = ⟨30, ⋯⟩ then 1 else 0) <
      512 ^
          (![24, 24, 24, 24, 24, 24, 24, 24, 24, 38, 24, 38, 24, 46, 24, 29, 24, 29, 24, 29, 24, 29, 24] ⟨17, ⋯⟩ - 22) +
        if ⟨12, ⋯⟩ = ⟨24, ⋯⟩ then 1 else 0

case «17».«13»
⊢ (if ⟨13, ⋯⟩ = ⟨24, ⋯⟩ then 1 else 0) +
        ((-if ⟨13, ⋯⟩ = ⟨30, ⋯⟩ then 1 else 0) + -if ⟨13, ⋯⟩ = ⟨31, ⋯⟩ then 1125899906629633 else 0) <
      512 ^
        (![24, 24, 24, 24, 24, 24, 24, 24, 24, 38, 24, 38, 24, 46, 24, 29, 24, 29, 24, 29, 24, 29, 24] ⟨17, ⋯⟩ - 22) ∧
    ((if ⟨13, ⋯⟩ = ⟨31, ⋯⟩ then 1125899906629633 else 0) + if ⟨13, ⋯⟩ = ⟨30, ⋯⟩ then 1 else 0) <
      512 ^
          (![24, 24, 24, 24, 24, 24, 24, 24, 24, 38, 24, 38, 24, 46, 24, 29, 24, 29, 24, 29, 24, 29, 24] ⟨17, ⋯⟩ - 22) +
        if ⟨13, ⋯⟩ = ⟨24, ⋯⟩ then 1 else 0

case «17».«14»
⊢ (if ⟨14, ⋯⟩ = ⟨24, ⋯⟩ then 1 else 0) +
        ((-if ⟨14, ⋯⟩ = ⟨30, ⋯⟩ then 1 else 0) + -if ⟨14, ⋯⟩ = ⟨31, ⋯⟩ then 1125899906629633 else 0) <
      512 ^
        (![24, 24, 24, 24, 24, 24, 24, 24, 24, 38, 24, 38, 24, 46, 24, 29, 24, 29, 24, 29, 24, 29, 24] ⟨17, ⋯⟩ - 22) ∧
    ((if ⟨14, ⋯⟩ = ⟨31, ⋯⟩ then 1125899906629633 else 0) + if ⟨14, ⋯⟩ = ⟨30, ⋯⟩ then 1 else 0) <
      512 ^
          (![24, 24, 24, 24, 24, 24, 24, 24, 24, 38, 24, 38, 24, 46, 24, 29, 24, 29, 24, 29, 24, 29, 24] ⟨17, ⋯⟩ - 22) +
        if ⟨14, ⋯⟩ = ⟨24, ⋯⟩ then 1 else 0

case «17».«15»
⊢ (if ⟨15, ⋯⟩ = ⟨24, ⋯⟩ then 1 else 0) +
        ((-if ⟨15, ⋯⟩ = ⟨30, ⋯⟩ then 1 else 0) + -if ⟨15, ⋯⟩ = ⟨31, ⋯⟩ then 1125899906629633 else 0) <
      512 ^
        (![24, 24, 24, 24, 24, 24, 24, 24, 24, 38, 24, 38, 24, 46, 24, 29, 24, 29, 24, 29, 24, 29, 24] ⟨17, ⋯⟩ - 22) ∧
    ((if ⟨15, ⋯⟩ = ⟨31, ⋯⟩ then 1125899906629633 else 0) + if ⟨15, ⋯⟩ = ⟨30, ⋯⟩ then 1 else 0) <
      512 ^
          (![24, 24, 24, 24, 24, 24, 24, 24, 24, 38, 24, 38, 24, 46, 24, 29, 24, 29, 24, 29, 24, 29, 24] ⟨17, ⋯⟩ - 22) +
        if ⟨15, ⋯⟩ = ⟨24, ⋯⟩ then 1 else 0

case «17».«16»
⊢ (if ⟨16, ⋯⟩ = ⟨24, ⋯⟩ then 1 else 0) +
        ((-if ⟨16, ⋯⟩ = ⟨30, ⋯⟩ then 1 else 0) + -if ⟨16, ⋯⟩ = ⟨31, ⋯⟩ then 1125899906629633 else 0) <
      512 ^
        (![24, 24, 24, 24, 24, 24, 24, 24, 24, 38, 24, 38, 24, 46, 24, 29, 24, 29, 24, 29, 24, 29, 24] ⟨17, ⋯⟩ - 22) ∧
    ((if ⟨16, ⋯⟩ = ⟨31, ⋯⟩ then 1125899906629633 else 0) + if ⟨16, ⋯⟩ = ⟨30, ⋯⟩ then 1 else 0) <
      512 ^
          (![24, 24, 24, 24, 24, 24, 24, 24, 24, 38, 24, 38, 24, 46, 24, 29, 24, 29, 24, 29, 24, 29, 24] ⟨17, ⋯⟩ - 22) +
        if ⟨16, ⋯⟩ = ⟨24, ⋯⟩ then 1 else 0

case «17».«17»
⊢ (if ⟨17, ⋯⟩ = ⟨24, ⋯⟩ then 1 else 0) +
        ((-if ⟨17, ⋯⟩ = ⟨30, ⋯⟩ then 1 else 0) + -if ⟨17, ⋯⟩ = ⟨31, ⋯⟩ then 1125899906629633 else 0) <
      512 ^
        (![24, 24, 24, 24, 24, 24, 24, 24, 24, 38, 24, 38, 24, 46, 24, 29, 24, 29, 24, 29, 24, 29, 24] ⟨17, ⋯⟩ - 22) ∧
    ((if ⟨17, ⋯⟩ = ⟨31, ⋯⟩ then 1125899906629633 else 0) + if ⟨17, ⋯⟩ = ⟨30, ⋯⟩ then 1 else 0) <
      512 ^
          (![24, 24, 24, 24, 24, 24, 24, 24, 24, 38, 24, 38, 24, 46, 24, 29, 24, 29, 24, 29, 24, 29, 24] ⟨17, ⋯⟩ - 22) +
        if ⟨17, ⋯⟩ = ⟨24, ⋯⟩ then 1 else 0

case «17».«18»
⊢ (if ⟨18, ⋯⟩ = ⟨24, ⋯⟩ then 1 else 0) +
        ((-if ⟨18, ⋯⟩ = ⟨30, ⋯⟩ then 1 else 0) + -if ⟨18, ⋯⟩ = ⟨31, ⋯⟩ then 1125899906629633 else 0) <
      512 ^
        (![24, 24, 24, 24, 24, 24, 24, 24, 24, 38, 24, 38, 24, 46, 24, 29, 24, 29, 24, 29, 24, 29, 24] ⟨17, ⋯⟩ - 22) ∧
    ((if ⟨18, ⋯⟩ = ⟨31, ⋯⟩ then 1125899906629633 else 0) + if ⟨18, ⋯⟩ = ⟨30, ⋯⟩ then 1 else 0) <
      512 ^
          (![24, 24, 24, 24, 24, 24, 24, 24, 24, 38, 24, 38, 24, 46, 24, 29, 24, 29, 24, 29, 24, 29, 24] ⟨17, ⋯⟩ - 22) +
        if ⟨18, ⋯⟩ = ⟨24, ⋯⟩ then 1 else 0

case «17».«19»
⊢ (if ⟨19, ⋯⟩ = ⟨24, ⋯⟩ then 1 else 0) +
        ((-if ⟨19, ⋯⟩ = ⟨30, ⋯⟩ then 1 else 0) + -if ⟨19, ⋯⟩ = ⟨31, ⋯⟩ then 1125899906629633 else 0) <
      512 ^
        (![24, 24, 24, 24, 24, 24, 24, 24, 24, 38, 24, 38, 24, 46, 24, 29, 24, 29, 24, 29, 24, 29, 24] ⟨17, ⋯⟩ - 22) ∧
    ((if ⟨19, ⋯⟩ = ⟨31, ⋯⟩ then 1125899906629633 else 0) + if ⟨19, ⋯⟩ = ⟨30, ⋯⟩ then 1 else 0) <
      512 ^
          (![24, 24, 24, 24, 24, 24, 24, 24, 24, 38, 24, 38, 24, 46, 24, 29, 24, 29, 24, 29, 24, 29, 24] ⟨17, ⋯⟩ - 22) +
        if ⟨19, ⋯⟩ = ⟨24, ⋯⟩ then 1 else 0

case «17».«20»
⊢ (if ⟨20, ⋯⟩ = ⟨24, ⋯⟩ then 1 else 0) +
        ((-if ⟨20, ⋯⟩ = ⟨30, ⋯⟩ then 1 else 0) + -if ⟨20, ⋯⟩ = ⟨31, ⋯⟩ then 1125899906629633 else 0) <
      512 ^
        (![24, 24, 24, 24, 24, 24, 24, 24, 24, 38, 24, 38, 24, 46, 24, 29, 24, 29, 24, 29, 24, 29, 24] ⟨17, ⋯⟩ - 22) ∧
    ((if ⟨20, ⋯⟩ = ⟨31, ⋯⟩ then 1125899906629633 else 0) + if ⟨20, ⋯⟩ = ⟨30, ⋯⟩ then 1 else 0) <
      512 ^
          (![24, 24, 24, 24, 24, 24, 24, 24, 24, 38, 24, 38, 24, 46, 24, 29, 24, 29, 24, 29, 24, 29, 24] ⟨17, ⋯⟩ - 22) +
        if ⟨20, ⋯⟩ = ⟨24, ⋯⟩ then 1 else 0

case «17».«21»
⊢ (if ⟨21, ⋯⟩ = ⟨24, ⋯⟩ then 1 else 0) +
        ((-if ⟨21, ⋯⟩ = ⟨30, ⋯⟩ then 1 else 0) + -if ⟨21, ⋯⟩ = ⟨31, ⋯⟩ then 1125899906629633 else 0) <
      512 ^
        (![24, 24, 24, 24, 24, 24, 24, 24, 24, 38, 24, 38, 24, 46, 24, 29, 24, 29, 24, 29, 24, 29, 24] ⟨17, ⋯⟩ - 22) ∧
    ((if ⟨21, ⋯⟩ = ⟨31, ⋯⟩ then 1125899906629633 else 0) + if ⟨21, ⋯⟩ = ⟨30, ⋯⟩ then 1 else 0) <
      512 ^
          (![24, 24, 24, 24, 24, 24, 24, 24, 24, 38, 24, 38, 24, 46, 24, 29, 24, 29, 24, 29, 24, 29, 24] ⟨17, ⋯⟩ - 22) +
        if ⟨21, ⋯⟩ = ⟨24, ⋯⟩ then 1 else 0

case «17».«22»
⊢ (if ⟨22, ⋯⟩ = ⟨24, ⋯⟩ then 1 else 0) +
        ((-if ⟨22, ⋯⟩ = ⟨30, ⋯⟩ then 1 else 0) + -if ⟨22, ⋯⟩ = ⟨31, ⋯⟩ then 1125899906629633 else 0) <
      512 ^
        (![24, 24, 24, 24, 24, 24, 24, 24, 24, 38, 24, 38, 24, 46, 24, 29, 24, 29, 24, 29, 24, 29, 24] ⟨17, ⋯⟩ - 22) ∧
    ((if ⟨22, ⋯⟩ = ⟨31, ⋯⟩ then 1125899906629633 else 0) + if ⟨22, ⋯⟩ = ⟨30, ⋯⟩ then 1 else 0) <
      512 ^
          (![24, 24, 24, 24, 24, 24, 24, 24, 24, 38, 24, 38, 24, 46, 24, 29, 24, 29, 24, 29, 24, 29, 24] ⟨17, ⋯⟩ - 22) +
        if ⟨22, ⋯⟩ = ⟨24, ⋯⟩ then 1 else 0

case «17».«23»
⊢ (if ⟨23, ⋯⟩ = ⟨24, ⋯⟩ then 1 else 0) +
        ((-if ⟨23, ⋯⟩ = ⟨30, ⋯⟩ then 1 else 0) + -if ⟨23, ⋯⟩ = ⟨31, ⋯⟩ then 1125899906629633 else 0) <
      512 ^
        (![24, 24, 24, 24, 24, 24, 24, 24, 24, 38, 24, 38, 24, 46, 24, 29, 24, 29, 24, 29, 24, 29, 24] ⟨17, ⋯⟩ - 22) ∧
    ((if ⟨23, ⋯⟩ = ⟨31, ⋯⟩ then 1125899906629633 else 0) + if ⟨23, ⋯⟩ = ⟨30, ⋯⟩ then 1 else 0) <
      512 ^
          (![24, 24, 24, 24, 24, 24, 24, 24, 24, 38, 24, 38, 24, 46, 24, 29, 24, 29, 24, 29, 24, 29, 24] ⟨17, ⋯⟩ - 22) +
        if ⟨23, ⋯⟩ = ⟨24, ⋯⟩ then 1 else 0

case «17».«24»
⊢ (if ⟨24, ⋯⟩ = ⟨24, ⋯⟩ then 1 else 0) +
        ((-if ⟨24, ⋯⟩ = ⟨30, ⋯⟩ then 1 else 0) + -if ⟨24, ⋯⟩ = ⟨31, ⋯⟩ then 1125899906629633 else 0) <
      512 ^
        (![24, 24, 24, 24, 24, 24, 24, 24, 24, 38, 24, 38, 24, 46, 24, 29, 24, 29, 24, 29, 24, 29, 24] ⟨17, ⋯⟩ - 22) ∧
    ((if ⟨24, ⋯⟩ = ⟨31, ⋯⟩ then 1125899906629633 else 0) + if ⟨24, ⋯⟩ = ⟨30, ⋯⟩ then 1 else 0) <
      512 ^
          (![24, 24, 24, 24, 24, 24, 24, 24, 24, 38, 24, 38, 24, 46, 24, 29, 24, 29, 24, 29, 24, 29, 24] ⟨17, ⋯⟩ - 22) +
        if ⟨24, ⋯⟩ = ⟨24, ⋯⟩ then 1 else 0

case «17».«25»
⊢ (if ⟨25, ⋯⟩ = ⟨24, ⋯⟩ then 1 else 0) +
        ((-if ⟨25, ⋯⟩ = ⟨30, ⋯⟩ then 1 else 0) + -if ⟨25, ⋯⟩ = ⟨31, ⋯⟩ then 1125899906629633 else 0) <
      512 ^
        (![24, 24, 24, 24, 24, 24, 24, 24, 24, 38, 24, 38, 24, 46, 24, 29, 24, 29, 24, 29, 24, 29, 24] ⟨17, ⋯⟩ - 22) ∧
    ((if ⟨25, ⋯⟩ = ⟨31, ⋯⟩ then 1125899906629633 else 0) + if ⟨25, ⋯⟩ = ⟨30, ⋯⟩ then 1 else 0) <
      512 ^
          (![24, 24, 24, 24, 24, 24, 24, 24, 24, 38, 24, 38, 24, 46, 24, 29, 24, 29, 24, 29, 24, 29, 24] ⟨17, ⋯⟩ - 22) +
        if ⟨25, ⋯⟩ = ⟨24, ⋯⟩ then 1 else 0

case «17».«26»
⊢ (if ⟨26, ⋯⟩ = ⟨24, ⋯⟩ then 1 else 0) +
        ((-if ⟨26, ⋯⟩ = ⟨30, ⋯⟩ then 1 else 0) + -if ⟨26, ⋯⟩ = ⟨31, ⋯⟩ then 1125899906629633 else 0) <
      512 ^
        (![24, 24, 24, 24, 24, 24, 24, 24, 24, 38, 24, 38, 24, 46, 24, 29, 24, 29, 24, 29, 24, 29, 24] ⟨17, ⋯⟩ - 22) ∧
    ((if ⟨26, ⋯⟩ = ⟨31, ⋯⟩ then 1125899906629633 else 0) + if ⟨26, ⋯⟩ = ⟨30, ⋯⟩ then 1 else 0) <
      512 ^
          (![24, 24, 24, 24, 24, 24, 24, 24, 24, 38, 24, 38, 24, 46, 24, 29, 24, 29, 24, 29, 24, 29, 24] ⟨17, ⋯⟩ - 22) +
        if ⟨26, ⋯⟩ = ⟨24, ⋯⟩ then 1 else 0

case «17».«27»
⊢ (if ⟨27, ⋯⟩ = ⟨24, ⋯⟩ then 1 else 0) +
        ((-if ⟨27, ⋯⟩ = ⟨30, ⋯⟩ then 1 else 0) + -if ⟨27, ⋯⟩ = ⟨31, ⋯⟩ then 1125899906629633 else 0) <
      512 ^
        (![24, 24, 24, 24, 24, 24, 24, 24, 24, 38, 24, 38, 24, 46, 24, 29, 24, 29, 24, 29, 24, 29, 24] ⟨17, ⋯⟩ - 22) ∧
    ((if ⟨27, ⋯⟩ = ⟨31, ⋯⟩ then 1125899906629633 else 0) + if ⟨27, ⋯⟩ = ⟨30, ⋯⟩ then 1 else 0) <
      512 ^
          (![24, 24, 24, 24, 24, 24, 24, 24, 24, 38, 24, 38, 24, 46, 24, 29, 24, 29, 24, 29, 24, 29, 24] ⟨17, ⋯⟩ - 22) +
        if ⟨27, ⋯⟩ = ⟨24, ⋯⟩ then 1 else 0

case «17».«28»
⊢ (if ⟨28, ⋯⟩ = ⟨24, ⋯⟩ then 1 else 0) +
        ((-if ⟨28, ⋯⟩ = ⟨30, ⋯⟩ then 1 else 0) + -if ⟨28, ⋯⟩ = ⟨31, ⋯⟩ then 1125899906629633 else 0) <
      512 ^
        (![24, 24, 24, 24, 24, 24, 24, 24, 24, 38, 24, 38, 24, 46, 24, 29, 24, 29, 24, 29, 24, 29, 24] ⟨17, ⋯⟩ - 22) ∧
    ((if ⟨28, ⋯⟩ = ⟨31, ⋯⟩ then 1125899906629633 else 0) + if ⟨28, ⋯⟩ = ⟨30, ⋯⟩ then 1 else 0) <
      512 ^
          (![24, 24, 24, 24, 24, 24, 24, 24, 24, 38, 24, 38, 24, 46, 24, 29, 24, 29, 24, 29, 24, 29, 24] ⟨17, ⋯⟩ - 22) +
        if ⟨28, ⋯⟩ = ⟨24, ⋯⟩ then 1 else 0

case «17».«29»
⊢ (if ⟨29, ⋯⟩ = ⟨24, ⋯⟩ then 1 else 0) +
        ((-if ⟨29, ⋯⟩ = ⟨30, ⋯⟩ then 1 else 0) + -if ⟨29, ⋯⟩ = ⟨31, ⋯⟩ then 1125899906629633 else 0) <
      512 ^
        (![24, 24, 24, 24, 24, 24, 24, 24, 24, 38, 24, 38, 24, 46, 24, 29, 24, 29, 24, 29, 24, 29, 24] ⟨17, ⋯⟩ - 22) ∧
    ((if ⟨29, ⋯⟩ = ⟨31, ⋯⟩ then 1125899906629633 else 0) + if ⟨29, ⋯⟩ = ⟨30, ⋯⟩ then 1 else 0) <
      512 ^
          (![24, 24, 24, 24, 24, 24, 24, 24, 24, 38, 24, 38, 24, 46, 24, 29, 24, 29, 24, 29, 24, 29, 24] ⟨17, ⋯⟩ - 22) +
        if ⟨29, ⋯⟩ = ⟨24, ⋯⟩ then 1 else 0

case «17».«30»
⊢ (if ⟨30, ⋯⟩ = ⟨24, ⋯⟩ then 1 else 0) +
        ((-if ⟨30, ⋯⟩ = ⟨30, ⋯⟩ then 1 else 0) + -if ⟨30, ⋯⟩ = ⟨31, ⋯⟩ then 1125899906629633 else 0) <
      512 ^
        (![24, 24, 24, 24, 24, 24, 24, 24, 24, 38, 24, 38, 24, 46, 24, 29, 24, 29, 24, 29, 24, 29, 24] ⟨17, ⋯⟩ - 22) ∧
    ((if ⟨30, ⋯⟩ = ⟨31, ⋯⟩ then 1125899906629633 else 0) + if ⟨30, ⋯⟩ = ⟨30, ⋯⟩ then 1 else 0) <
      512 ^
          (![24, 24, 24, 24, 24, 24, 24, 24, 24, 38, 24, 38, 24, 46, 24, 29, 24, 29, 24, 29, 24, 29, 24] ⟨17, ⋯⟩ - 22) +
        if ⟨30, ⋯⟩ = ⟨24, ⋯⟩ then 1 else 0

case «17».«31»
⊢ (if ⟨31, ⋯⟩ = ⟨24, ⋯⟩ then 1 else 0) +
        ((-if ⟨31, ⋯⟩ = ⟨30, ⋯⟩ then 1 else 0) + -if ⟨31, ⋯⟩ = ⟨31, ⋯⟩ then 1125899906629633 else 0) <
      512 ^
        (![24, 24, 24, 24, 24, 24, 24, 24, 24, 38, 24, 38, 24, 46, 24, 29, 24, 29, 24, 29, 24, 29, 24] ⟨17, ⋯⟩ - 22) ∧
    ((if ⟨31, ⋯⟩ = ⟨31, ⋯⟩ then 1125899906629633 else 0) + if ⟨31, ⋯⟩ = ⟨30, ⋯⟩ then 1 else 0) <
      512 ^
          (![24, 24, 24, 24, 24, 24, 24, 24, 24, 38, 24, 38, 24, 46, 24, 29, 24, 29, 24, 29, 24, 29, 24] ⟨17, ⋯⟩ - 22) +
        if ⟨31, ⋯⟩ = ⟨24, ⋯⟩ then 1 else 0

case «17».«32»
⊢ (if ⟨32, ⋯⟩ = ⟨24, ⋯⟩ then 1 else 0) +
        ((-if ⟨32, ⋯⟩ = ⟨30, ⋯⟩ then 1 else 0) + -if ⟨32, ⋯⟩ = ⟨31, ⋯⟩ then 1125899906629633 else 0) <
      512 ^
        (![24, 24, 24, 24, 24, 24, 24, 24, 24, 38, 24, 38, 24, 46, 24, 29, 24, 29, 24, 29, 24, 29, 24] ⟨17, ⋯⟩ - 22) ∧
    ((if ⟨32, ⋯⟩ = ⟨31, ⋯⟩ then 1125899906629633 else 0) + if ⟨32, ⋯⟩ = ⟨30, ⋯⟩ then 1 else 0) <
      512 ^
          (![24, 24, 24, 24, 24, 24, 24, 24, 24, 38, 24, 38, 24, 46, 24, 29, 24, 29, 24, 29, 24, 29, 24] ⟨17, ⋯⟩ - 22) +
        if ⟨32, ⋯⟩ = ⟨24, ⋯⟩ then 1 else 0

case «17».«33»
⊢ (if ⟨33, ⋯⟩ = ⟨24, ⋯⟩ then 1 else 0) +
        ((-if ⟨33, ⋯⟩ = ⟨30, ⋯⟩ then 1 else 0) + -if ⟨33, ⋯⟩ = ⟨31, ⋯⟩ then 1125899906629633 else 0) <
      512 ^
        (![24, 24, 24, 24, 24, 24, 24, 24, 24, 38, 24, 38, 24, 46, 24, 29, 24, 29, 24, 29, 24, 29, 24] ⟨17, ⋯⟩ - 22) ∧
    ((if ⟨33, ⋯⟩ = ⟨31, ⋯⟩ then 1125899906629633 else 0) + if ⟨33, ⋯⟩ = ⟨30, ⋯⟩ then 1 else 0) <
      512 ^
          (![24, 24, 24, 24, 24, 24, 24, 24, 24, 38, 24, 38, 24, 46, 24, 29, 24, 29, 24, 29, 24, 29, 24] ⟨17, ⋯⟩ - 22) +
        if ⟨33, ⋯⟩ = ⟨24, ⋯⟩ then 1 else 0

case «17».«34»
⊢ (if ⟨34, ⋯⟩ = ⟨24, ⋯⟩ then 1 else 0) +
        ((-if ⟨34, ⋯⟩ = ⟨30, ⋯⟩ then 1 else 0) + -if ⟨34, ⋯⟩ = ⟨31, ⋯⟩ then 1125899906629633 else 0) <
      512 ^
        (![24, 24, 24, 24, 24, 24, 24, 24, 24, 38, 24, 38, 24, 46, 24, 29, 24, 29, 24, 29, 24, 29, 24] ⟨17, ⋯⟩ - 22) ∧
    ((if ⟨34, ⋯⟩ = ⟨31, ⋯⟩ then 1125899906629633 else 0) + if ⟨34, ⋯⟩ = ⟨30, ⋯⟩ then 1 else 0) <
      512 ^
          (![24, 24, 24, 24, 24, 24, 24, 24, 24, 38, 24, 38, 24, 46, 24, 29, 24, 29, 24, 29, 24, 29, 24] ⟨17, ⋯⟩ - 22) +
        if ⟨34, ⋯⟩ = ⟨24, ⋯⟩ then 1 else 0

case «17».«35»
⊢ (if ⟨35, ⋯⟩ = ⟨24, ⋯⟩ then 1 else 0) +
        ((-if ⟨35, ⋯⟩ = ⟨30, ⋯⟩ then 1 else 0) + -if ⟨35, ⋯⟩ = ⟨31, ⋯⟩ then 1125899906629633 else 0) <
      512 ^
        (![24, 24, 24, 24, 24, 24, 24, 24, 24, 38, 24, 38, 24, 46, 24, 29, 24, 29, 24, 29, 24, 29, 24] ⟨17, ⋯⟩ - 22) ∧
    ((if ⟨35, ⋯⟩ = ⟨31, ⋯⟩ then 1125899906629633 else 0) + if ⟨35, ⋯⟩ = ⟨30, ⋯⟩ then 1 else 0) <
      512 ^
          (![24, 24, 24, 24, 24, 24, 24, 24, 24, 38, 24, 38, 24, 46, 24, 29, 24, 29, 24, 29, 24, 29, 24] ⟨17, ⋯⟩ - 22) +
        if ⟨35, ⋯⟩ = ⟨24, ⋯⟩ then 1 else 0

case «17».«36»
⊢ (if ⟨36, ⋯⟩ = ⟨24, ⋯⟩ then 1 else 0) +
        ((-if ⟨36, ⋯⟩ = ⟨30, ⋯⟩ then 1 else 0) + -if ⟨36, ⋯⟩ = ⟨31, ⋯⟩ then 1125899906629633 else 0) <
      512 ^
        (![24, 24, 24, 24, 24, 24, 24, 24, 24, 38, 24, 38, 24, 46, 24, 29, 24, 29, 24, 29, 24, 29, 24] ⟨17, ⋯⟩ - 22) ∧
    ((if ⟨36, ⋯⟩ = ⟨31, ⋯⟩ then 1125899906629633 else 0) + if ⟨36, ⋯⟩ = ⟨30, ⋯⟩ then 1 else 0) <
      512 ^
          (![24, 24, 24, 24, 24, 24, 24, 24, 24, 38, 24, 38, 24, 46, 24, 29, 24, 29, 24, 29, 24, 29, 24] ⟨17, ⋯⟩ - 22) +
        if ⟨36, ⋯⟩ = ⟨24, ⋯⟩ then 1 else 0

case «17».«37»
⊢ (if ⟨37, ⋯⟩ = ⟨24, ⋯⟩ then 1 else 0) +
        ((-if ⟨37, ⋯⟩ = ⟨30, ⋯⟩ then 1 else 0) + -if ⟨37, ⋯⟩ = ⟨31, ⋯⟩ then 1125899906629633 else 0) <
      512 ^
        (![24, 24, 24, 24, 24, 24, 24, 24, 24, 38, 24, 38, 24, 46, 24, 29, 24, 29, 24, 29, 24, 29, 24] ⟨17, ⋯⟩ - 22) ∧
    ((if ⟨37, ⋯⟩ = ⟨31, ⋯⟩ then 1125899906629633 else 0) + if ⟨37, ⋯⟩ = ⟨30, ⋯⟩ then 1 else 0) <
      512 ^
          (![24, 24, 24, 24, 24, 24, 24, 24, 24, 38, 24, 38, 24, 46, 24, 29, 24, 29, 24, 29, 24, 29, 24] ⟨17, ⋯⟩ - 22) +
        if ⟨37, ⋯⟩ = ⟨24, ⋯⟩ then 1 else 0

case «17».«38»
⊢ (if ⟨38, ⋯⟩ = ⟨24, ⋯⟩ then 1 else 0) +
        ((-if ⟨38, ⋯⟩ = ⟨30, ⋯⟩ then 1 else 0) + -if ⟨38, ⋯⟩ = ⟨31, ⋯⟩ then 1125899906629633 else 0) <
      512 ^
        (![24, 24, 24, 24, 24, 24, 24, 24, 24, 38, 24, 38, 24, 46, 24, 29, 24, 29, 24, 29, 24, 29, 24] ⟨17, ⋯⟩ - 22) ∧
    ((if ⟨38, ⋯⟩ = ⟨31, ⋯⟩ then 1125899906629633 else 0) + if ⟨38, ⋯⟩ = ⟨30, ⋯⟩ then 1 else 0) <
      512 ^
          (![24, 24, 24, 24, 24, 24, 24, 24, 24, 38, 24, 38, 24, 46, 24, 29, 24, 29, 24, 29, 24, 29, 24] ⟨17, ⋯⟩ - 22) +
        if ⟨38, ⋯⟩ = ⟨24, ⋯⟩ then 1 else 0

case «18».«0»
⊢ ((if ⟨0, ⋯⟩ = ⟨30, ⋯⟩ then 1 else 0) + if ⟨0, ⋯⟩ = ⟨32, ⋯⟩ then 1 else 0) <
      512 ^
        (![24, 24, 24, 24, 24, 24, 24, 24, 24, 38, 24, 38, 24, 46, 24, 29, 24, 29, 24, 29, 24, 29, 24] ⟨18, ⋯⟩ - 22) ∧
    (-if ⟨0, ⋯⟩ = ⟨32, ⋯⟩ then 1 else 0) <
      512 ^
          (![24, 24, 24, 24, 24, 24, 24, 24, 24, 38, 24, 38, 24, 46, 24, 29, 24, 29, 24, 29, 24, 29, 24] ⟨18, ⋯⟩ - 22) +
        if ⟨0, ⋯⟩ = ⟨30, ⋯⟩ then 1 else 0

case «18».«1»
⊢ ((if ⟨1, ⋯⟩ = ⟨30, ⋯⟩ then 1 else 0) + if ⟨1, ⋯⟩ = ⟨32, ⋯⟩ then 1 else 0) <
      512 ^
        (![24, 24, 24, 24, 24, 24, 24, 24, 24, 38, 24, 38, 24, 46, 24, 29, 24, 29, 24, 29, 24, 29, 24] ⟨18, ⋯⟩ - 22) ∧
    (-if ⟨1, ⋯⟩ = ⟨32, ⋯⟩ then 1 else 0) <
      512 ^
          (![24, 24, 24, 24, 24, 24, 24, 24, 24, 38, 24, 38, 24, 46, 24, 29, 24, 29, 24, 29, 24, 29, 24] ⟨18, ⋯⟩ - 22) +
        if ⟨1, ⋯⟩ = ⟨30, ⋯⟩ then 1 else 0

case «18».«2»
⊢ ((if ⟨2, ⋯⟩ = ⟨30, ⋯⟩ then 1 else 0) + if ⟨2, ⋯⟩ = ⟨32, ⋯⟩ then 1 else 0) <
      512 ^
        (![24, 24, 24, 24, 24, 24, 24, 24, 24, 38, 24, 38, 24, 46, 24, 29, 24, 29, 24, 29, 24, 29, 24] ⟨18, ⋯⟩ - 22) ∧
    (-if ⟨2, ⋯⟩ = ⟨32, ⋯⟩ then 1 else 0) <
      512 ^
          (![24, 24, 24, 24, 24, 24, 24, 24, 24, 38, 24, 38, 24, 46, 24, 29, 24, 29, 24, 29, 24, 29, 24] ⟨18, ⋯⟩ - 22) +
        if ⟨2, ⋯⟩ = ⟨30, ⋯⟩ then 1 else 0

case «18».«3»
⊢ ((if ⟨3, ⋯⟩ = ⟨30, ⋯⟩ then 1 else 0) + if ⟨3, ⋯⟩ = ⟨32, ⋯⟩ then 1 else 0) <
      512 ^
        (![24, 24, 24, 24, 24, 24, 24, 24, 24, 38, 24, 38, 24, 46, 24, 29, 24, 29, 24, 29, 24, 29, 24] ⟨18, ⋯⟩ - 22) ∧
    (-if ⟨3, ⋯⟩ = ⟨32, ⋯⟩ then 1 else 0) <
      512 ^
          (![24, 24, 24, 24, 24, 24, 24, 24, 24, 38, 24, 38, 24, 46, 24, 29, 24, 29, 24, 29, 24, 29, 24] ⟨18, ⋯⟩ - 22) +
        if ⟨3, ⋯⟩ = ⟨30, ⋯⟩ then 1 else 0

case «18».«4»
⊢ ((if ⟨4, ⋯⟩ = ⟨30, ⋯⟩ then 1 else 0) + if ⟨4, ⋯⟩ = ⟨32, ⋯⟩ then 1 else 0) <
      512 ^
        (![24, 24, 24, 24, 24, 24, 24, 24, 24, 38, 24, 38, 24, 46, 24, 29, 24, 29, 24, 29, 24, 29, 24] ⟨18, ⋯⟩ - 22) ∧
    (-if ⟨4, ⋯⟩ = ⟨32, ⋯⟩ then 1 else 0) <
      512 ^
          (![24, 24, 24, 24, 24, 24, 24, 24, 24, 38, 24, 38, 24, 46, 24, 29, 24, 29, 24, 29, 24, 29, 24] ⟨18, ⋯⟩ - 22) +
        if ⟨4, ⋯⟩ = ⟨30, ⋯⟩ then 1 else 0

case «18».«5»
⊢ ((if ⟨5, ⋯⟩ = ⟨30, ⋯⟩ then 1 else 0) + if ⟨5, ⋯⟩ = ⟨32, ⋯⟩ then 1 else 0) <
      512 ^
        (![24, 24, 24, 24, 24, 24, 24, 24, 24, 38, 24, 38, 24, 46, 24, 29, 24, 29, 24, 29, 24, 29, 24] ⟨18, ⋯⟩ - 22) ∧
    (-if ⟨5, ⋯⟩ = ⟨32, ⋯⟩ then 1 else 0) <
      512 ^
          (![24, 24, 24, 24, 24, 24, 24, 24, 24, 38, 24, 38, 24, 46, 24, 29, 24, 29, 24, 29, 24, 29, 24] ⟨18, ⋯⟩ - 22) +
        if ⟨5, ⋯⟩ = ⟨30, ⋯⟩ then 1 else 0

case «18».«6»
⊢ ((if ⟨6, ⋯⟩ = ⟨30, ⋯⟩ then 1 else 0) + if ⟨6, ⋯⟩ = ⟨32, ⋯⟩ then 1 else 0) <
      512 ^
        (![24, 24, 24, 24, 24, 24, 24, 24, 24, 38, 24, 38, 24, 46, 24, 29, 24, 29, 24, 29, 24, 29, 24] ⟨18, ⋯⟩ - 22) ∧
    (-if ⟨6, ⋯⟩ = ⟨32, ⋯⟩ then 1 else 0) <
      512 ^
          (![24, 24, 24, 24, 24, 24, 24, 24, 24, 38, 24, 38, 24, 46, 24, 29, 24, 29, 24, 29, 24, 29, 24] ⟨18, ⋯⟩ - 22) +
        if ⟨6, ⋯⟩ = ⟨30, ⋯⟩ then 1 else 0

case «18».«7»
⊢ ((if ⟨7, ⋯⟩ = ⟨30, ⋯⟩ then 1 else 0) + if ⟨7, ⋯⟩ = ⟨32, ⋯⟩ then 1 else 0) <
      512 ^
        (![24, 24, 24, 24, 24, 24, 24, 24, 24, 38, 24, 38, 24, 46, 24, 29, 24, 29, 24, 29, 24, 29, 24] ⟨18, ⋯⟩ - 22) ∧
    (-if ⟨7, ⋯⟩ = ⟨32, ⋯⟩ then 1 else 0) <
      512 ^
          (![24, 24, 24, 24, 24, 24, 24, 24, 24, 38, 24, 38, 24, 46, 24, 29, 24, 29, 24, 29, 24, 29, 24] ⟨18, ⋯⟩ - 22) +
        if ⟨7, ⋯⟩ = ⟨30, ⋯⟩ then 1 else 0

case «18».«8»
⊢ ((if ⟨8, ⋯⟩ = ⟨30, ⋯⟩ then 1 else 0) + if ⟨8, ⋯⟩ = ⟨32, ⋯⟩ then 1 else 0) <
      512 ^
        (![24, 24, 24, 24, 24, 24, 24, 24, 24, 38, 24, 38, 24, 46, 24, 29, 24, 29, 24, 29, 24, 29, 24] ⟨18, ⋯⟩ - 22) ∧
    (-if ⟨8, ⋯⟩ = ⟨32, ⋯⟩ then 1 else 0) <
      512 ^
          (![24, 24, 24, 24, 24, 24, 24, 24, 24, 38, 24, 38, 24, 46, 24, 29, 24, 29, 24, 29, 24, 29, 24] ⟨18, ⋯⟩ - 22) +
        if ⟨8, ⋯⟩ = ⟨30, ⋯⟩ then 1 else 0

case «18».«9»
⊢ ((if ⟨9, ⋯⟩ = ⟨30, ⋯⟩ then 1 else 0) + if ⟨9, ⋯⟩ = ⟨32, ⋯⟩ then 1 else 0) <
      512 ^
        (![24, 24, 24, 24, 24, 24, 24, 24, 24, 38, 24, 38, 24, 46, 24, 29, 24, 29, 24, 29, 24, 29, 24] ⟨18, ⋯⟩ - 22) ∧
    (-if ⟨9, ⋯⟩ = ⟨32, ⋯⟩ then 1 else 0) <
      512 ^
          (![24, 24, 24, 24, 24, 24, 24, 24, 24, 38, 24, 38, 24, 46, 24, 29, 24, 29, 24, 29, 24, 29, 24] ⟨18, ⋯⟩ - 22) +
        if ⟨9, ⋯⟩ = ⟨30, ⋯⟩ then 1 else 0

case «18».«10»
⊢ ((if ⟨10, ⋯⟩ = ⟨30, ⋯⟩ then 1 else 0) + if ⟨10, ⋯⟩ = ⟨32, ⋯⟩ then 1 else 0) <
      512 ^
        (![24, 24, 24, 24, 24, 24, 24, 24, 24, 38, 24, 38, 24, 46, 24, 29, 24, 29, 24, 29, 24, 29, 24] ⟨18, ⋯⟩ - 22) ∧
    (-if ⟨10, ⋯⟩ = ⟨32, ⋯⟩ then 1 else 0) <
      512 ^
          (![24, 24, 24, 24, 24, 24, 24, 24, 24, 38, 24, 38, 24, 46, 24, 29, 24, 29, 24, 29, 24, 29, 24] ⟨18, ⋯⟩ - 22) +
        if ⟨10, ⋯⟩ = ⟨30, ⋯⟩ then 1 else 0

case «18».«11»
⊢ ((if ⟨11, ⋯⟩ = ⟨30, ⋯⟩ then 1 else 0) + if ⟨11, ⋯⟩ = ⟨32, ⋯⟩ then 1 else 0) <
      512 ^
        (![24, 24, 24, 24, 24, 24, 24, 24, 24, 38, 24, 38, 24, 46, 24, 29, 24, 29, 24, 29, 24, 29, 24] ⟨18, ⋯⟩ - 22) ∧
    (-if ⟨11, ⋯⟩ = ⟨32, ⋯⟩ then 1 else 0) <
      512 ^
          (![24, 24, 24, 24, 24, 24, 24, 24, 24, 38, 24, 38, 24, 46, 24, 29, 24, 29, 24, 29, 24, 29, 24] ⟨18, ⋯⟩ - 22) +
        if ⟨11, ⋯⟩ = ⟨30, ⋯⟩ then 1 else 0

case «18».«12»
⊢ ((if ⟨12, ⋯⟩ = ⟨30, ⋯⟩ then 1 else 0) + if ⟨12, ⋯⟩ = ⟨32, ⋯⟩ then 1 else 0) <
      512 ^
        (![24, 24, 24, 24, 24, 24, 24, 24, 24, 38, 24, 38, 24, 46, 24, 29, 24, 29, 24, 29, 24, 29, 24] ⟨18, ⋯⟩ - 22) ∧
    (-if ⟨12, ⋯⟩ = ⟨32, ⋯⟩ then 1 else 0) <
      512 ^
          (![24, 24, 24, 24, 24, 24, 24, 24, 24, 38, 24, 38, 24, 46, 24, 29, 24, 29, 24, 29, 24, 29, 24] ⟨18, ⋯⟩ - 22) +
        if ⟨12, ⋯⟩ = ⟨30, ⋯⟩ then 1 else 0

case «18».«13»
⊢ ((if ⟨13, ⋯⟩ = ⟨30, ⋯⟩ then 1 else 0) + if ⟨13, ⋯⟩ = ⟨32, ⋯⟩ then 1 else 0) <
      512 ^
        (![24, 24, 24, 24, 24, 24, 24, 24, 24, 38, 24, 38, 24, 46, 24, 29, 24, 29, 24, 29, 24, 29, 24] ⟨18, ⋯⟩ - 22) ∧
    (-if ⟨13, ⋯⟩ = ⟨32, ⋯⟩ then 1 else 0) <
      512 ^
          (![24, 24, 24, 24, 24, 24, 24, 24, 24, 38, 24, 38, 24, 46, 24, 29, 24, 29, 24, 29, 24, 29, 24] ⟨18, ⋯⟩ - 22) +
        if ⟨13, ⋯⟩ = ⟨30, ⋯⟩ then 1 else 0

case «18».«14»
⊢ ((if ⟨14, ⋯⟩ = ⟨30, ⋯⟩ then 1 else 0) + if ⟨14, ⋯⟩ = ⟨32, ⋯⟩ then 1 else 0) <
      512 ^
        (![24, 24, 24, 24, 24, 24, 24, 24, 24, 38, 24, 38, 24, 46, 24, 29, 24, 29, 24, 29, 24, 29, 24] ⟨18, ⋯⟩ - 22) ∧
    (-if ⟨14, ⋯⟩ = ⟨32, ⋯⟩ then 1 else 0) <
      512 ^
          (![24, 24, 24, 24, 24, 24, 24, 24, 24, 38, 24, 38, 24, 46, 24, 29, 24, 29, 24, 29, 24, 29, 24] ⟨18, ⋯⟩ - 22) +
        if ⟨14, ⋯⟩ = ⟨30, ⋯⟩ then 1 else 0

case «18».«15»
⊢ ((if ⟨15, ⋯⟩ = ⟨30, ⋯⟩ then 1 else 0) + if ⟨15, ⋯⟩ = ⟨32, ⋯⟩ then 1 else 0) <
      512 ^
        (![24, 24, 24, 24, 24, 24, 24, 24, 24, 38, 24, 38, 24, 46, 24, 29, 24, 29, 24, 29, 24, 29, 24] ⟨18, ⋯⟩ - 22) ∧
    (-if ⟨15, ⋯⟩ = ⟨32, ⋯⟩ then 1 else 0) <
      512 ^
          (![24, 24, 24, 24, 24, 24, 24, 24, 24, 38, 24, 38, 24, 46, 24, 29, 24, 29, 24, 29, 24, 29, 24] ⟨18, ⋯⟩ - 22) +
        if ⟨15, ⋯⟩ = ⟨30, ⋯⟩ then 1 else 0

case «18».«16»
⊢ ((if ⟨16, ⋯⟩ = ⟨30, ⋯⟩ then 1 else 0) + if ⟨16, ⋯⟩ = ⟨32, ⋯⟩ then 1 else 0) <
      512 ^
        (![24, 24, 24, 24, 24, 24, 24, 24, 24, 38, 24, 38, 24, 46, 24, 29, 24, 29, 24, 29, 24, 29, 24] ⟨18, ⋯⟩ - 22) ∧
    (-if ⟨16, ⋯⟩ = ⟨32, ⋯⟩ then 1 else 0) <
      512 ^
          (![24, 24, 24, 24, 24, 24, 24, 24, 24, 38, 24, 38, 24, 46, 24, 29, 24, 29, 24, 29, 24, 29, 24] ⟨18, ⋯⟩ - 22) +
        if ⟨16, ⋯⟩ = ⟨30, ⋯⟩ then 1 else 0

case «18».«17»
⊢ ((if ⟨17, ⋯⟩ = ⟨30, ⋯⟩ then 1 else 0) + if ⟨17, ⋯⟩ = ⟨32, ⋯⟩ then 1 else 0) <
      512 ^
        (![24, 24, 24, 24, 24, 24, 24, 24, 24, 38, 24, 38, 24, 46, 24, 29, 24, 29, 24, 29, 24, 29, 24] ⟨18, ⋯⟩ - 22) ∧
    (-if ⟨17, ⋯⟩ = ⟨32, ⋯⟩ then 1 else 0) <
      512 ^
          (![24, 24, 24, 24, 24, 24, 24, 24, 24, 38, 24, 38, 24, 46, 24, 29, 24, 29, 24, 29, 24, 29, 24] ⟨18, ⋯⟩ - 22) +
        if ⟨17, ⋯⟩ = ⟨30, ⋯⟩ then 1 else 0

case «18».«18»
⊢ ((if ⟨18, ⋯⟩ = ⟨30, ⋯⟩ then 1 else 0) + if ⟨18, ⋯⟩ = ⟨32, ⋯⟩ then 1 else 0) <
      512 ^
        (![24, 24, 24, 24, 24, 24, 24, 24, 24, 38, 24, 38, 24, 46, 24, 29, 24, 29, 24, 29, 24, 29, 24] ⟨18, ⋯⟩ - 22) ∧
    (-if ⟨18, ⋯⟩ = ⟨32, ⋯⟩ then 1 else 0) <
      512 ^
          (![24, 24, 24, 24, 24, 24, 24, 24, 24, 38, 24, 38, 24, 46, 24, 29, 24, 29, 24, 29, 24, 29, 24] ⟨18, ⋯⟩ - 22) +
        if ⟨18, ⋯⟩ = ⟨30, ⋯⟩ then 1 else 0

case «18».«19»
⊢ ((if ⟨19, ⋯⟩ = ⟨30, ⋯⟩ then 1 else 0) + if ⟨19, ⋯⟩ = ⟨32, ⋯⟩ then 1 else 0) <
      512 ^
        (![24, 24, 24, 24, 24, 24, 24, 24, 24, 38, 24, 38, 24, 46, 24, 29, 24, 29, 24, 29, 24, 29, 24] ⟨18, ⋯⟩ - 22) ∧
    (-if ⟨19, ⋯⟩ = ⟨32, ⋯⟩ then 1 else 0) <
      512 ^
          (![24, 24, 24, 24, 24, 24, 24, 24, 24, 38, 24, 38, 24, 46, 24, 29, 24, 29, 24, 29, 24, 29, 24] ⟨18, ⋯⟩ - 22) +
        if ⟨19, ⋯⟩ = ⟨30, ⋯⟩ then 1 else 0

case «18».«20»
⊢ ((if ⟨20, ⋯⟩ = ⟨30, ⋯⟩ then 1 else 0) + if ⟨20, ⋯⟩ = ⟨32, ⋯⟩ then 1 else 0) <
      512 ^
        (![24, 24, 24, 24, 24, 24, 24, 24, 24, 38, 24, 38, 24, 46, 24, 29, 24, 29, 24, 29, 24, 29, 24] ⟨18, ⋯⟩ - 22) ∧
    (-if ⟨20, ⋯⟩ = ⟨32, ⋯⟩ then 1 else 0) <
      512 ^
          (![24, 24, 24, 24, 24, 24, 24, 24, 24, 38, 24, 38, 24, 46, 24, 29, 24, 29, 24, 29, 24, 29, 24] ⟨18, ⋯⟩ - 22) +
        if ⟨20, ⋯⟩ = ⟨30, ⋯⟩ then 1 else 0

case «18».«21»
⊢ ((if ⟨21, ⋯⟩ = ⟨30, ⋯⟩ then 1 else 0) + if ⟨21, ⋯⟩ = ⟨32, ⋯⟩ then 1 else 0) <
      512 ^
        (![24, 24, 24, 24, 24, 24, 24, 24, 24, 38, 24, 38, 24, 46, 24, 29, 24, 29, 24, 29, 24, 29, 24] ⟨18, ⋯⟩ - 22) ∧
    (-if ⟨21, ⋯⟩ = ⟨32, ⋯⟩ then 1 else 0) <
      512 ^
          (![24, 24, 24, 24, 24, 24, 24, 24, 24, 38, 24, 38, 24, 46, 24, 29, 24, 29, 24, 29, 24, 29, 24] ⟨18, ⋯⟩ - 22) +
        if ⟨21, ⋯⟩ = ⟨30, ⋯⟩ then 1 else 0

case «18».«22»
⊢ ((if ⟨22, ⋯⟩ = ⟨30, ⋯⟩ then 1 else 0) + if ⟨22, ⋯⟩ = ⟨32, ⋯⟩ then 1 else 0) <
      512 ^
        (![24, 24, 24, 24, 24, 24, 24, 24, 24, 38, 24, 38, 24, 46, 24, 29, 24, 29, 24, 29, 24, 29, 24] ⟨18, ⋯⟩ - 22) ∧
    (-if ⟨22, ⋯⟩ = ⟨32, ⋯⟩ then 1 else 0) <
      512 ^
          (![24, 24, 24, 24, 24, 24, 24, 24, 24, 38, 24, 38, 24, 46, 24, 29, 24, 29, 24, 29, 24, 29, 24] ⟨18, ⋯⟩ - 22) +
        if ⟨22, ⋯⟩ = ⟨30, ⋯⟩ then 1 else 0

case «18».«23»
⊢ ((if ⟨23, ⋯⟩ = ⟨30, ⋯⟩ then 1 else 0) + if ⟨23, ⋯⟩ = ⟨32, ⋯⟩ then 1 else 0) <
      512 ^
        (![24, 24, 24, 24, 24, 24, 24, 24, 24, 38, 24, 38, 24, 46, 24, 29, 24, 29, 24, 29, 24, 29, 24] ⟨18, ⋯⟩ - 22) ∧
    (-if ⟨23, ⋯⟩ = ⟨32, ⋯⟩ then 1 else 0) <
      512 ^
          (![24, 24, 24, 24, 24, 24, 24, 24, 24, 38, 24, 38, 24, 46, 24, 29, 24, 29, 24, 29, 24, 29, 24] ⟨18, ⋯⟩ - 22) +
        if ⟨23, ⋯⟩ = ⟨30, ⋯⟩ then 1 else 0

case «18».«24»
⊢ ((if ⟨24, ⋯⟩ = ⟨30, ⋯⟩ then 1 else 0) + if ⟨24, ⋯⟩ = ⟨32, ⋯⟩ then 1 else 0) <
      512 ^
        (![24, 24, 24, 24, 24, 24, 24, 24, 24, 38, 24, 38, 24, 46, 24, 29, 24, 29, 24, 29, 24, 29, 24] ⟨18, ⋯⟩ - 22) ∧
    (-if ⟨24, ⋯⟩ = ⟨32, ⋯⟩ then 1 else 0) <
      512 ^
          (![24, 24, 24, 24, 24, 24, 24, 24, 24, 38, 24, 38, 24, 46, 24, 29, 24, 29, 24, 29, 24, 29, 24] ⟨18, ⋯⟩ - 22) +
        if ⟨24, ⋯⟩ = ⟨30, ⋯⟩ then 1 else 0

case «18».«25»
⊢ ((if ⟨25, ⋯⟩ = ⟨30, ⋯⟩ then 1 else 0) + if ⟨25, ⋯⟩ = ⟨32, ⋯⟩ then 1 else 0) <
      512 ^
        (![24, 24, 24, 24, 24, 24, 24, 24, 24, 38, 24, 38, 24, 46, 24, 29, 24, 29, 24, 29, 24, 29, 24] ⟨18, ⋯⟩ - 22) ∧
    (-if ⟨25, ⋯⟩ = ⟨32, ⋯⟩ then 1 else 0) <
      512 ^
          (![24, 24, 24, 24, 24, 24, 24, 24, 24, 38, 24, 38, 24, 46, 24, 29, 24, 29, 24, 29, 24, 29, 24] ⟨18, ⋯⟩ - 22) +
        if ⟨25, ⋯⟩ = ⟨30, ⋯⟩ then 1 else 0

case «18».«26»
⊢ ((if ⟨26, ⋯⟩ = ⟨30, ⋯⟩ then 1 else 0) + if ⟨26, ⋯⟩ = ⟨32, ⋯⟩ then 1 else 0) <
      512 ^
        (![24, 24, 24, 24, 24, 24, 24, 24, 24, 38, 24, 38, 24, 46, 24, 29, 24, 29, 24, 29, 24, 29, 24] ⟨18, ⋯⟩ - 22) ∧
    (-if ⟨26, ⋯⟩ = ⟨32, ⋯⟩ then 1 else 0) <
      512 ^
          (![24, 24, 24, 24, 24, 24, 24, 24, 24, 38, 24, 38, 24, 46, 24, 29, 24, 29, 24, 29, 24, 29, 24] ⟨18, ⋯⟩ - 22) +
        if ⟨26, ⋯⟩ = ⟨30, ⋯⟩ then 1 else 0

case «18».«27»
⊢ ((if ⟨27, ⋯⟩ = ⟨30, ⋯⟩ then 1 else 0) + if ⟨27, ⋯⟩ = ⟨32, ⋯⟩ then 1 else 0) <
      512 ^
        (![24, 24, 24, 24, 24, 24, 24, 24, 24, 38, 24, 38, 24, 46, 24, 29, 24, 29, 24, 29, 24, 29, 24] ⟨18, ⋯⟩ - 22) ∧
    (-if ⟨27, ⋯⟩ = ⟨32, ⋯⟩ then 1 else 0) <
      512 ^
          (![24, 24, 24, 24, 24, 24, 24, 24, 24, 38, 24, 38, 24, 46, 24, 29, 24, 29, 24, 29, 24, 29, 24] ⟨18, ⋯⟩ - 22) +
        if ⟨27, ⋯⟩ = ⟨30, ⋯⟩ then 1 else 0

case «18».«28»
⊢ ((if ⟨28, ⋯⟩ = ⟨30, ⋯⟩ then 1 else 0) + if ⟨28, ⋯⟩ = ⟨32, ⋯⟩ then 1 else 0) <
      512 ^
        (![24, 24, 24, 24, 24, 24, 24, 24, 24, 38, 24, 38, 24, 46, 24, 29, 24, 29, 24, 29, 24, 29, 24] ⟨18, ⋯⟩ - 22) ∧
    (-if ⟨28, ⋯⟩ = ⟨32, ⋯⟩ then 1 else 0) <
      512 ^
          (![24, 24, 24, 24, 24, 24, 24, 24, 24, 38, 24, 38, 24, 46, 24, 29, 24, 29, 24, 29, 24, 29, 24] ⟨18, ⋯⟩ - 22) +
        if ⟨28, ⋯⟩ = ⟨30, ⋯⟩ then 1 else 0

case «18».«29»
⊢ ((if ⟨29, ⋯⟩ = ⟨30, ⋯⟩ then 1 else 0) + if ⟨29, ⋯⟩ = ⟨32, ⋯⟩ then 1 else 0) <
      512 ^
        (![24, 24, 24, 24, 24, 24, 24, 24, 24, 38, 24, 38, 24, 46, 24, 29, 24, 29, 24, 29, 24, 29, 24] ⟨18, ⋯⟩ - 22) ∧
    (-if ⟨29, ⋯⟩ = ⟨32, ⋯⟩ then 1 else 0) <
      512 ^
          (![24, 24, 24, 24, 24, 24, 24, 24, 24, 38, 24, 38, 24, 46, 24, 29, 24, 29, 24, 29, 24, 29, 24] ⟨18, ⋯⟩ - 22) +
        if ⟨29, ⋯⟩ = ⟨30, ⋯⟩ then 1 else 0

case «18».«30»
⊢ ((if ⟨30, ⋯⟩ = ⟨30, ⋯⟩ then 1 else 0) + if ⟨30, ⋯⟩ = ⟨32, ⋯⟩ then 1 else 0) <
      512 ^
        (![24, 24, 24, 24, 24, 24, 24, 24, 24, 38, 24, 38, 24, 46, 24, 29, 24, 29, 24, 29, 24, 29, 24] ⟨18, ⋯⟩ - 22) ∧
    (-if ⟨30, ⋯⟩ = ⟨32, ⋯⟩ then 1 else 0) <
      512 ^
          (![24, 24, 24, 24, 24, 24, 24, 24, 24, 38, 24, 38, 24, 46, 24, 29, 24, 29, 24, 29, 24, 29, 24] ⟨18, ⋯⟩ - 22) +
        if ⟨30, ⋯⟩ = ⟨30, ⋯⟩ then 1 else 0

case «18».«31»
⊢ ((if ⟨31, ⋯⟩ = ⟨30, ⋯⟩ then 1 else 0) + if ⟨31, ⋯⟩ = ⟨32, ⋯⟩ then 1 else 0) <
      512 ^
        (![24, 24, 24, 24, 24, 24, 24, 24, 24, 38, 24, 38, 24, 46, 24, 29, 24, 29, 24, 29, 24, 29, 24] ⟨18, ⋯⟩ - 22) ∧
    (-if ⟨31, ⋯⟩ = ⟨32, ⋯⟩ then 1 else 0) <
      512 ^
          (![24, 24, 24, 24, 24, 24, 24, 24, 24, 38, 24, 38, 24, 46, 24, 29, 24, 29, 24, 29, 24, 29, 24] ⟨18, ⋯⟩ - 22) +
        if ⟨31, ⋯⟩ = ⟨30, ⋯⟩ then 1 else 0

case «18».«32»
⊢ ((if ⟨32, ⋯⟩ = ⟨30, ⋯⟩ then 1 else 0) + if ⟨32, ⋯⟩ = ⟨32, ⋯⟩ then 1 else 0) <
      512 ^
        (![24, 24, 24, 24, 24, 24, 24, 24, 24, 38, 24, 38, 24, 46, 24, 29, 24, 29, 24, 29, 24, 29, 24] ⟨18, ⋯⟩ - 22) ∧
    (-if ⟨32, ⋯⟩ = ⟨32, ⋯⟩ then 1 else 0) <
      512 ^
          (![24, 24, 24, 24, 24, 24, 24, 24, 24, 38, 24, 38, 24, 46, 24, 29, 24, 29, 24, 29, 24, 29, 24] ⟨18, ⋯⟩ - 22) +
        if ⟨32, ⋯⟩ = ⟨30, ⋯⟩ then 1 else 0

case «18».«33»
⊢ ((if ⟨33, ⋯⟩ = ⟨30, ⋯⟩ then 1 else 0) + if ⟨33, ⋯⟩ = ⟨32, ⋯⟩ then 1 else 0) <
      512 ^
        (![24, 24, 24, 24, 24, 24, 24, 24, 24, 38, 24, 38, 24, 46, 24, 29, 24, 29, 24, 29, 24, 29, 24] ⟨18, ⋯⟩ - 22) ∧
    (-if ⟨33, ⋯⟩ = ⟨32, ⋯⟩ then 1 else 0) <
      512 ^
          (![24, 24, 24, 24, 24, 24, 24, 24, 24, 38, 24, 38, 24, 46, 24, 29, 24, 29, 24, 29, 24, 29, 24] ⟨18, ⋯⟩ - 22) +
        if ⟨33, ⋯⟩ = ⟨30, ⋯⟩ then 1 else 0

case «18».«34»
⊢ ((if ⟨34, ⋯⟩ = ⟨30, ⋯⟩ then 1 else 0) + if ⟨34, ⋯⟩ = ⟨32, ⋯⟩ then 1 else 0) <
      512 ^
        (![24, 24, 24, 24, 24, 24, 24, 24, 24, 38, 24, 38, 24, 46, 24, 29, 24, 29, 24, 29, 24, 29, 24] ⟨18, ⋯⟩ - 22) ∧
    (-if ⟨34, ⋯⟩ = ⟨32, ⋯⟩ then 1 else 0) <
      512 ^
          (![24, 24, 24, 24, 24, 24, 24, 24, 24, 38, 24, 38, 24, 46, 24, 29, 24, 29, 24, 29, 24, 29, 24] ⟨18, ⋯⟩ - 22) +
        if ⟨34, ⋯⟩ = ⟨30, ⋯⟩ then 1 else 0

case «18».«35»
⊢ ((if ⟨35, ⋯⟩ = ⟨30, ⋯⟩ then 1 else 0) + if ⟨35, ⋯⟩ = ⟨32, ⋯⟩ then 1 else 0) <
      512 ^
        (![24, 24, 24, 24, 24, 24, 24, 24, 24, 38, 24, 38, 24, 46, 24, 29, 24, 29, 24, 29, 24, 29, 24] ⟨18, ⋯⟩ - 22) ∧
    (-if ⟨35, ⋯⟩ = ⟨32, ⋯⟩ then 1 else 0) <
      512 ^
          (![24, 24, 24, 24, 24, 24, 24, 24, 24, 38, 24, 38, 24, 46, 24, 29, 24, 29, 24, 29, 24, 29, 24] ⟨18, ⋯⟩ - 22) +
        if ⟨35, ⋯⟩ = ⟨30, ⋯⟩ then 1 else 0

case «18».«36»
⊢ ((if ⟨36, ⋯⟩ = ⟨30, ⋯⟩ then 1 else 0) + if ⟨36, ⋯⟩ = ⟨32, ⋯⟩ then 1 else 0) <
      512 ^
        (![24, 24, 24, 24, 24, 24, 24, 24, 24, 38, 24, 38, 24, 46, 24, 29, 24, 29, 24, 29, 24, 29, 24] ⟨18, ⋯⟩ - 22) ∧
    (-if ⟨36, ⋯⟩ = ⟨32, ⋯⟩ then 1 else 0) <
      512 ^
          (![24, 24, 24, 24, 24, 24, 24, 24, 24, 38, 24, 38, 24, 46, 24, 29, 24, 29, 24, 29, 24, 29, 24] ⟨18, ⋯⟩ - 22) +
        if ⟨36, ⋯⟩ = ⟨30, ⋯⟩ then 1 else 0

case «18».«37»
⊢ ((if ⟨37, ⋯⟩ = ⟨30, ⋯⟩ then 1 else 0) + if ⟨37, ⋯⟩ = ⟨32, ⋯⟩ then 1 else 0) <
      512 ^
        (![24, 24, 24, 24, 24, 24, 24, 24, 24, 38, 24, 38, 24, 46, 24, 29, 24, 29, 24, 29, 24, 29, 24] ⟨18, ⋯⟩ - 22) ∧
    (-if ⟨37, ⋯⟩ = ⟨32, ⋯⟩ then 1 else 0) <
      512 ^
          (![24, 24, 24, 24, 24, 24, 24, 24, 24, 38, 24, 38, 24, 46, 24, 29, 24, 29, 24, 29, 24, 29, 24] ⟨18, ⋯⟩ - 22) +
        if ⟨37, ⋯⟩ = ⟨30, ⋯⟩ then 1 else 0

case «18».«38»
⊢ ((if ⟨38, ⋯⟩ = ⟨30, ⋯⟩ then 1 else 0) + if ⟨38, ⋯⟩ = ⟨32, ⋯⟩ then 1 else 0) <
      512 ^
        (![24, 24, 24, 24, 24, 24, 24, 24, 24, 38, 24, 38, 24, 46, 24, 29, 24, 29, 24, 29, 24, 29, 24] ⟨18, ⋯⟩ - 22) ∧
    (-if ⟨38, ⋯⟩ = ⟨32, ⋯⟩ then 1 else 0) <
      512 ^
          (![24, 24, 24, 24, 24, 24, 24, 24, 24, 38, 24, 38, 24, 46, 24, 29, 24, 29, 24, 29, 24, 29, 24] ⟨18, ⋯⟩ - 22) +
        if ⟨38, ⋯⟩ = ⟨30, ⋯⟩ then 1 else 0

case «19».«0»
⊢ (if ⟨0, ⋯⟩ = ⟨24, ⋯⟩ then 1 else 0) +
        ((-if ⟨0, ⋯⟩ = ⟨33, ⋯⟩ then 1 else 0) +
          -if ⟨0, ⋯⟩ = ⟨34, ⋯⟩ then ↑(![1125899906826241, 1125899906629633, 1125899905744897, 1125899905351681] 2)
            else 0) <
      512 ^
        (![24, 24, 24, 24, 24, 24, 24, 24, 24, 38, 24, 38, 24, 46, 24, 29, 24, 29, 24, 29, 24, 29, 24] ⟨19, ⋯⟩ - 22) ∧
    ((if ⟨0, ⋯⟩ = ⟨34, ⋯⟩ then ↑(![1125899906826241, 1125899906629633, 1125899905744897, 1125899905351681] 2) else 0) +
        if ⟨0, ⋯⟩ = ⟨33, ⋯⟩ then 1 else 0) <
      512 ^
          (![24, 24, 24, 24, 24, 24, 24, 24, 24, 38, 24, 38, 24, 46, 24, 29, 24, 29, 24, 29, 24, 29, 24] ⟨19, ⋯⟩ - 22) +
        if ⟨0, ⋯⟩ = ⟨24, ⋯⟩ then 1 else 0

case «19».«1»
⊢ (if ⟨1, ⋯⟩ = ⟨24, ⋯⟩ then 1 else 0) +
        ((-if ⟨1, ⋯⟩ = ⟨33, ⋯⟩ then 1 else 0) +
          -if ⟨1, ⋯⟩ = ⟨34, ⋯⟩ then ↑(![1125899906826241, 1125899906629633, 1125899905744897, 1125899905351681] 2)
            else 0) <
      512 ^
        (![24, 24, 24, 24, 24, 24, 24, 24, 24, 38, 24, 38, 24, 46, 24, 29, 24, 29, 24, 29, 24, 29, 24] ⟨19, ⋯⟩ - 22) ∧
    ((if ⟨1, ⋯⟩ = ⟨34, ⋯⟩ then ↑(![1125899906826241, 1125899906629633, 1125899905744897, 1125899905351681] 2) else 0) +
        if ⟨1, ⋯⟩ = ⟨33, ⋯⟩ then 1 else 0) <
      512 ^
          (![24, 24, 24, 24, 24, 24, 24, 24, 24, 38, 24, 38, 24, 46, 24, 29, 24, 29, 24, 29, 24, 29, 24] ⟨19, ⋯⟩ - 22) +
        if ⟨1, ⋯⟩ = ⟨24, ⋯⟩ then 1 else 0

case «19».«2»
⊢ (if ⟨2, ⋯⟩ = ⟨24, ⋯⟩ then 1 else 0) +
        ((-if ⟨2, ⋯⟩ = ⟨33, ⋯⟩ then 1 else 0) +
          -if ⟨2, ⋯⟩ = ⟨34, ⋯⟩ then ↑(![1125899906826241, 1125899906629633, 1125899905744897, 1125899905351681] 2)
            else 0) <
      512 ^
        (![24, 24, 24, 24, 24, 24, 24, 24, 24, 38, 24, 38, 24, 46, 24, 29, 24, 29, 24, 29, 24, 29, 24] ⟨19, ⋯⟩ - 22) ∧
    ((if ⟨2, ⋯⟩ = ⟨34, ⋯⟩ then ↑(![1125899906826241, 1125899906629633, 1125899905744897, 1125899905351681] 2) else 0) +
        if ⟨2, ⋯⟩ = ⟨33, ⋯⟩ then 1 else 0) <
      512 ^
          (![24, 24, 24, 24, 24, 24, 24, 24, 24, 38, 24, 38, 24, 46, 24, 29, 24, 29, 24, 29, 24, 29, 24] ⟨19, ⋯⟩ - 22) +
        if ⟨2, ⋯⟩ = ⟨24, ⋯⟩ then 1 else 0

case «19».«3»
⊢ (if ⟨3, ⋯⟩ = ⟨24, ⋯⟩ then 1 else 0) +
        ((-if ⟨3, ⋯⟩ = ⟨33, ⋯⟩ then 1 else 0) +
          -if ⟨3, ⋯⟩ = ⟨34, ⋯⟩ then ↑(![1125899906826241, 1125899906629633, 1125899905744897, 1125899905351681] 2)
            else 0) <
      512 ^
        (![24, 24, 24, 24, 24, 24, 24, 24, 24, 38, 24, 38, 24, 46, 24, 29, 24, 29, 24, 29, 24, 29, 24] ⟨19, ⋯⟩ - 22) ∧
    ((if ⟨3, ⋯⟩ = ⟨34, ⋯⟩ then ↑(![1125899906826241, 1125899906629633, 1125899905744897, 1125899905351681] 2) else 0) +
        if ⟨3, ⋯⟩ = ⟨33, ⋯⟩ then 1 else 0) <
      512 ^
          (![24, 24, 24, 24, 24, 24, 24, 24, 24, 38, 24, 38, 24, 46, 24, 29, 24, 29, 24, 29, 24, 29, 24] ⟨19, ⋯⟩ - 22) +
        if ⟨3, ⋯⟩ = ⟨24, ⋯⟩ then 1 else 0

case «19».«4»
⊢ (if ⟨4, ⋯⟩ = ⟨24, ⋯⟩ then 1 else 0) +
        ((-if ⟨4, ⋯⟩ = ⟨33, ⋯⟩ then 1 else 0) +
          -if ⟨4, ⋯⟩ = ⟨34, ⋯⟩ then ↑(![1125899906826241, 1125899906629633, 1125899905744897, 1125899905351681] 2)
            else 0) <
      512 ^
        (![24, 24, 24, 24, 24, 24, 24, 24, 24, 38, 24, 38, 24, 46, 24, 29, 24, 29, 24, 29, 24, 29, 24] ⟨19, ⋯⟩ - 22) ∧
    ((if ⟨4, ⋯⟩ = ⟨34, ⋯⟩ then ↑(![1125899906826241, 1125899906629633, 1125899905744897, 1125899905351681] 2) else 0) +
        if ⟨4, ⋯⟩ = ⟨33, ⋯⟩ then 1 else 0) <
      512 ^
          (![24, 24, 24, 24, 24, 24, 24, 24, 24, 38, 24, 38, 24, 46, 24, 29, 24, 29, 24, 29, 24, 29, 24] ⟨19, ⋯⟩ - 22) +
        if ⟨4, ⋯⟩ = ⟨24, ⋯⟩ then 1 else 0

case «19».«5»
⊢ (if ⟨5, ⋯⟩ = ⟨24, ⋯⟩ then 1 else 0) +
        ((-if ⟨5, ⋯⟩ = ⟨33, ⋯⟩ then 1 else 0) +
          -if ⟨5, ⋯⟩ = ⟨34, ⋯⟩ then ↑(![1125899906826241, 1125899906629633, 1125899905744897, 1125899905351681] 2)
            else 0) <
      512 ^
        (![24, 24, 24, 24, 24, 24, 24, 24, 24, 38, 24, 38, 24, 46, 24, 29, 24, 29, 24, 29, 24, 29, 24] ⟨19, ⋯⟩ - 22) ∧
    ((if ⟨5, ⋯⟩ = ⟨34, ⋯⟩ then ↑(![1125899906826241, 1125899906629633, 1125899905744897, 1125899905351681] 2) else 0) +
        if ⟨5, ⋯⟩ = ⟨33, ⋯⟩ then 1 else 0) <
      512 ^
          (![24, 24, 24, 24, 24, 24, 24, 24, 24, 38, 24, 38, 24, 46, 24, 29, 24, 29, 24, 29, 24, 29, 24] ⟨19, ⋯⟩ - 22) +
        if ⟨5, ⋯⟩ = ⟨24, ⋯⟩ then 1 else 0

case «19».«6»
⊢ (if ⟨6, ⋯⟩ = ⟨24, ⋯⟩ then 1 else 0) +
        ((-if ⟨6, ⋯⟩ = ⟨33, ⋯⟩ then 1 else 0) +
          -if ⟨6, ⋯⟩ = ⟨34, ⋯⟩ then ↑(![1125899906826241, 1125899906629633, 1125899905744897, 1125899905351681] 2)
            else 0) <
      512 ^
        (![24, 24, 24, 24, 24, 24, 24, 24, 24, 38, 24, 38, 24, 46, 24, 29, 24, 29, 24, 29, 24, 29, 24] ⟨19, ⋯⟩ - 22) ∧
    ((if ⟨6, ⋯⟩ = ⟨34, ⋯⟩ then ↑(![1125899906826241, 1125899906629633, 1125899905744897, 1125899905351681] 2) else 0) +
        if ⟨6, ⋯⟩ = ⟨33, ⋯⟩ then 1 else 0) <
      512 ^
          (![24, 24, 24, 24, 24, 24, 24, 24, 24, 38, 24, 38, 24, 46, 24, 29, 24, 29, 24, 29, 24, 29, 24] ⟨19, ⋯⟩ - 22) +
        if ⟨6, ⋯⟩ = ⟨24, ⋯⟩ then 1 else 0

case «19».«7»
⊢ (if ⟨7, ⋯⟩ = ⟨24, ⋯⟩ then 1 else 0) +
        ((-if ⟨7, ⋯⟩ = ⟨33, ⋯⟩ then 1 else 0) +
          -if ⟨7, ⋯⟩ = ⟨34, ⋯⟩ then ↑(![1125899906826241, 1125899906629633, 1125899905744897, 1125899905351681] 2)
            else 0) <
      512 ^
        (![24, 24, 24, 24, 24, 24, 24, 24, 24, 38, 24, 38, 24, 46, 24, 29, 24, 29, 24, 29, 24, 29, 24] ⟨19, ⋯⟩ - 22) ∧
    ((if ⟨7, ⋯⟩ = ⟨34, ⋯⟩ then ↑(![1125899906826241, 1125899906629633, 1125899905744897, 1125899905351681] 2) else 0) +
        if ⟨7, ⋯⟩ = ⟨33, ⋯⟩ then 1 else 0) <
      512 ^
          (![24, 24, 24, 24, 24, 24, 24, 24, 24, 38, 24, 38, 24, 46, 24, 29, 24, 29, 24, 29, 24, 29, 24] ⟨19, ⋯⟩ - 22) +
        if ⟨7, ⋯⟩ = ⟨24, ⋯⟩ then 1 else 0

case «19».«8»
⊢ (if ⟨8, ⋯⟩ = ⟨24, ⋯⟩ then 1 else 0) +
        ((-if ⟨8, ⋯⟩ = ⟨33, ⋯⟩ then 1 else 0) +
          -if ⟨8, ⋯⟩ = ⟨34, ⋯⟩ then ↑(![1125899906826241, 1125899906629633, 1125899905744897, 1125899905351681] 2)
            else 0) <
      512 ^
        (![24, 24, 24, 24, 24, 24, 24, 24, 24, 38, 24, 38, 24, 46, 24, 29, 24, 29, 24, 29, 24, 29, 24] ⟨19, ⋯⟩ - 22) ∧
    ((if ⟨8, ⋯⟩ = ⟨34, ⋯⟩ then ↑(![1125899906826241, 1125899906629633, 1125899905744897, 1125899905351681] 2) else 0) +
        if ⟨8, ⋯⟩ = ⟨33, ⋯⟩ then 1 else 0) <
      512 ^
          (![24, 24, 24, 24, 24, 24, 24, 24, 24, 38, 24, 38, 24, 46, 24, 29, 24, 29, 24, 29, 24, 29, 24] ⟨19, ⋯⟩ - 22) +
        if ⟨8, ⋯⟩ = ⟨24, ⋯⟩ then 1 else 0

case «19».«9»
⊢ (if ⟨9, ⋯⟩ = ⟨24, ⋯⟩ then 1 else 0) +
        ((-if ⟨9, ⋯⟩ = ⟨33, ⋯⟩ then 1 else 0) +
          -if ⟨9, ⋯⟩ = ⟨34, ⋯⟩ then ↑(![1125899906826241, 1125899906629633, 1125899905744897, 1125899905351681] 2)
            else 0) <
      512 ^
        (![24, 24, 24, 24, 24, 24, 24, 24, 24, 38, 24, 38, 24, 46, 24, 29, 24, 29, 24, 29, 24, 29, 24] ⟨19, ⋯⟩ - 22) ∧
    ((if ⟨9, ⋯⟩ = ⟨34, ⋯⟩ then ↑(![1125899906826241, 1125899906629633, 1125899905744897, 1125899905351681] 2) else 0) +
        if ⟨9, ⋯⟩ = ⟨33, ⋯⟩ then 1 else 0) <
      512 ^
          (![24, 24, 24, 24, 24, 24, 24, 24, 24, 38, 24, 38, 24, 46, 24, 29, 24, 29, 24, 29, 24, 29, 24] ⟨19, ⋯⟩ - 22) +
        if ⟨9, ⋯⟩ = ⟨24, ⋯⟩ then 1 else 0

case «19».«10»
⊢ (if ⟨10, ⋯⟩ = ⟨24, ⋯⟩ then 1 else 0) +
        ((-if ⟨10, ⋯⟩ = ⟨33, ⋯⟩ then 1 else 0) +
          -if ⟨10, ⋯⟩ = ⟨34, ⋯⟩ then ↑(![1125899906826241, 1125899906629633, 1125899905744897, 1125899905351681] 2)
            else 0) <
      512 ^
        (![24, 24, 24, 24, 24, 24, 24, 24, 24, 38, 24, 38, 24, 46, 24, 29, 24, 29, 24, 29, 24, 29, 24] ⟨19, ⋯⟩ - 22) ∧
    ((if ⟨10, ⋯⟩ = ⟨34, ⋯⟩ then ↑(![1125899906826241, 1125899906629633, 1125899905744897, 1125899905351681] 2) else 0) +
        if ⟨10, ⋯⟩ = ⟨33, ⋯⟩ then 1 else 0) <
      512 ^
          (![24, 24, 24, 24, 24, 24, 24, 24, 24, 38, 24, 38, 24, 46, 24, 29, 24, 29, 24, 29, 24, 29, 24] ⟨19, ⋯⟩ - 22) +
        if ⟨10, ⋯⟩ = ⟨24, ⋯⟩ then 1 else 0

case «19».«11»
⊢ (if ⟨11, ⋯⟩ = ⟨24, ⋯⟩ then 1 else 0) +
        ((-if ⟨11, ⋯⟩ = ⟨33, ⋯⟩ then 1 else 0) +
          -if ⟨11, ⋯⟩ = ⟨34, ⋯⟩ then ↑(![1125899906826241, 1125899906629633, 1125899905744897, 1125899905351681] 2)
            else 0) <
      512 ^
        (![24, 24, 24, 24, 24, 24, 24, 24, 24, 38, 24, 38, 24, 46, 24, 29, 24, 29, 24, 29, 24, 29, 24] ⟨19, ⋯⟩ - 22) ∧
    ((if ⟨11, ⋯⟩ = ⟨34, ⋯⟩ then ↑(![1125899906826241, 1125899906629633, 1125899905744897, 1125899905351681] 2) else 0) +
        if ⟨11, ⋯⟩ = ⟨33, ⋯⟩ then 1 else 0) <
      512 ^
          (![24, 24, 24, 24, 24, 24, 24, 24, 24, 38, 24, 38, 24, 46, 24, 29, 24, 29, 24, 29, 24, 29, 24] ⟨19, ⋯⟩ - 22) +
        if ⟨11, ⋯⟩ = ⟨24, ⋯⟩ then 1 else 0

case «19».«12»
⊢ (if ⟨12, ⋯⟩ = ⟨24, ⋯⟩ then 1 else 0) +
        ((-if ⟨12, ⋯⟩ = ⟨33, ⋯⟩ then 1 else 0) +
          -if ⟨12, ⋯⟩ = ⟨34, ⋯⟩ then ↑(![1125899906826241, 1125899906629633, 1125899905744897, 1125899905351681] 2)
            else 0) <
      512 ^
        (![24, 24, 24, 24, 24, 24, 24, 24, 24, 38, 24, 38, 24, 46, 24, 29, 24, 29, 24, 29, 24, 29, 24] ⟨19, ⋯⟩ - 22) ∧
    ((if ⟨12, ⋯⟩ = ⟨34, ⋯⟩ then ↑(![1125899906826241, 1125899906629633, 1125899905744897, 1125899905351681] 2) else 0) +
        if ⟨12, ⋯⟩ = ⟨33, ⋯⟩ then 1 else 0) <
      512 ^
          (![24, 24, 24, 24, 24, 24, 24, 24, 24, 38, 24, 38, 24, 46, 24, 29, 24, 29, 24, 29, 24, 29, 24] ⟨19, ⋯⟩ - 22) +
        if ⟨12, ⋯⟩ = ⟨24, ⋯⟩ then 1 else 0

case «19».«13»
⊢ (if ⟨13, ⋯⟩ = ⟨24, ⋯⟩ then 1 else 0) +
        ((-if ⟨13, ⋯⟩ = ⟨33, ⋯⟩ then 1 else 0) +
          -if ⟨13, ⋯⟩ = ⟨34, ⋯⟩ then ↑(![1125899906826241, 1125899906629633, 1125899905744897, 1125899905351681] 2)
            else 0) <
      512 ^
        (![24, 24, 24, 24, 24, 24, 24, 24, 24, 38, 24, 38, 24, 46, 24, 29, 24, 29, 24, 29, 24, 29, 24] ⟨19, ⋯⟩ - 22) ∧
    ((if ⟨13, ⋯⟩ = ⟨34, ⋯⟩ then ↑(![1125899906826241, 1125899906629633, 1125899905744897, 1125899905351681] 2) else 0) +
        if ⟨13, ⋯⟩ = ⟨33, ⋯⟩ then 1 else 0) <
      512 ^
          (![24, 24, 24, 24, 24, 24, 24, 24, 24, 38, 24, 38, 24, 46, 24, 29, 24, 29, 24, 29, 24, 29, 24] ⟨19, ⋯⟩ - 22) +
        if ⟨13, ⋯⟩ = ⟨24, ⋯⟩ then 1 else 0

case «19».«14»
⊢ (if ⟨14, ⋯⟩ = ⟨24, ⋯⟩ then 1 else 0) +
        ((-if ⟨14, ⋯⟩ = ⟨33, ⋯⟩ then 1 else 0) +
          -if ⟨14, ⋯⟩ = ⟨34, ⋯⟩ then ↑(![1125899906826241, 1125899906629633, 1125899905744897, 1125899905351681] 2)
            else 0) <
      512 ^
        (![24, 24, 24, 24, 24, 24, 24, 24, 24, 38, 24, 38, 24, 46, 24, 29, 24, 29, 24, 29, 24, 29, 24] ⟨19, ⋯⟩ - 22) ∧
    ((if ⟨14, ⋯⟩ = ⟨34, ⋯⟩ then ↑(![1125899906826241, 1125899906629633, 1125899905744897, 1125899905351681] 2) else 0) +
        if ⟨14, ⋯⟩ = ⟨33, ⋯⟩ then 1 else 0) <
      512 ^
          (![24, 24, 24, 24, 24, 24, 24, 24, 24, 38, 24, 38, 24, 46, 24, 29, 24, 29, 24, 29, 24, 29, 24] ⟨19, ⋯⟩ - 22) +
        if ⟨14, ⋯⟩ = ⟨24, ⋯⟩ then 1 else 0

case «19».«15»
⊢ (if ⟨15, ⋯⟩ = ⟨24, ⋯⟩ then 1 else 0) +
        ((-if ⟨15, ⋯⟩ = ⟨33, ⋯⟩ then 1 else 0) +
          -if ⟨15, ⋯⟩ = ⟨34, ⋯⟩ then ↑(![1125899906826241, 1125899906629633, 1125899905744897, 1125899905351681] 2)
            else 0) <
      512 ^
        (![24, 24, 24, 24, 24, 24, 24, 24, 24, 38, 24, 38, 24, 46, 24, 29, 24, 29, 24, 29, 24, 29, 24] ⟨19, ⋯⟩ - 22) ∧
    ((if ⟨15, ⋯⟩ = ⟨34, ⋯⟩ then ↑(![1125899906826241, 1125899906629633, 1125899905744897, 1125899905351681] 2) else 0) +
        if ⟨15, ⋯⟩ = ⟨33, ⋯⟩ then 1 else 0) <
      512 ^
          (![24, 24, 24, 24, 24, 24, 24, 24, 24, 38, 24, 38, 24, 46, 24, 29, 24, 29, 24, 29, 24, 29, 24] ⟨19, ⋯⟩ - 22) +
        if ⟨15, ⋯⟩ = ⟨24, ⋯⟩ then 1 else 0

case «19».«16»
⊢ (if ⟨16, ⋯⟩ = ⟨24, ⋯⟩ then 1 else 0) +
        ((-if ⟨16, ⋯⟩ = ⟨33, ⋯⟩ then 1 else 0) +
          -if ⟨16, ⋯⟩ = ⟨34, ⋯⟩ then ↑(![1125899906826241, 1125899906629633, 1125899905744897, 1125899905351681] 2)
            else 0) <
      512 ^
        (![24, 24, 24, 24, 24, 24, 24, 24, 24, 38, 24, 38, 24, 46, 24, 29, 24, 29, 24, 29, 24, 29, 24] ⟨19, ⋯⟩ - 22) ∧
    ((if ⟨16, ⋯⟩ = ⟨34, ⋯⟩ then ↑(![1125899906826241, 1125899906629633, 1125899905744897, 1125899905351681] 2) else 0) +
        if ⟨16, ⋯⟩ = ⟨33, ⋯⟩ then 1 else 0) <
      512 ^
          (![24, 24, 24, 24, 24, 24, 24, 24, 24, 38, 24, 38, 24, 46, 24, 29, 24, 29, 24, 29, 24, 29, 24] ⟨19, ⋯⟩ - 22) +
        if ⟨16, ⋯⟩ = ⟨24, ⋯⟩ then 1 else 0

case «19».«17»
⊢ (if ⟨17, ⋯⟩ = ⟨24, ⋯⟩ then 1 else 0) +
        ((-if ⟨17, ⋯⟩ = ⟨33, ⋯⟩ then 1 else 0) +
          -if ⟨17, ⋯⟩ = ⟨34, ⋯⟩ then ↑(![1125899906826241, 1125899906629633, 1125899905744897, 1125899905351681] 2)
            else 0) <
      512 ^
        (![24, 24, 24, 24, 24, 24, 24, 24, 24, 38, 24, 38, 24, 46, 24, 29, 24, 29, 24, 29, 24, 29, 24] ⟨19, ⋯⟩ - 22) ∧
    ((if ⟨17, ⋯⟩ = ⟨34, ⋯⟩ then ↑(![1125899906826241, 1125899906629633, 1125899905744897, 1125899905351681] 2) else 0) +
        if ⟨17, ⋯⟩ = ⟨33, ⋯⟩ then 1 else 0) <
      512 ^
          (![24, 24, 24, 24, 24, 24, 24, 24, 24, 38, 24, 38, 24, 46, 24, 29, 24, 29, 24, 29, 24, 29, 24] ⟨19, ⋯⟩ - 22) +
        if ⟨17, ⋯⟩ = ⟨24, ⋯⟩ then 1 else 0

case «19».«18»
⊢ (if ⟨18, ⋯⟩ = ⟨24, ⋯⟩ then 1 else 0) +
        ((-if ⟨18, ⋯⟩ = ⟨33, ⋯⟩ then 1 else 0) +
          -if ⟨18, ⋯⟩ = ⟨34, ⋯⟩ then ↑(![1125899906826241, 1125899906629633, 1125899905744897, 1125899905351681] 2)
            else 0) <
      512 ^
        (![24, 24, 24, 24, 24, 24, 24, 24, 24, 38, 24, 38, 24, 46, 24, 29, 24, 29, 24, 29, 24, 29, 24] ⟨19, ⋯⟩ - 22) ∧
    ((if ⟨18, ⋯⟩ = ⟨34, ⋯⟩ then ↑(![1125899906826241, 1125899906629633, 1125899905744897, 1125899905351681] 2) else 0) +
        if ⟨18, ⋯⟩ = ⟨33, ⋯⟩ then 1 else 0) <
      512 ^
          (![24, 24, 24, 24, 24, 24, 24, 24, 24, 38, 24, 38, 24, 46, 24, 29, 24, 29, 24, 29, 24, 29, 24] ⟨19, ⋯⟩ - 22) +
        if ⟨18, ⋯⟩ = ⟨24, ⋯⟩ then 1 else 0

case «19».«19»
⊢ (if ⟨19, ⋯⟩ = ⟨24, ⋯⟩ then 1 else 0) +
        ((-if ⟨19, ⋯⟩ = ⟨33, ⋯⟩ then 1 else 0) +
          -if ⟨19, ⋯⟩ = ⟨34, ⋯⟩ then ↑(![1125899906826241, 1125899906629633, 1125899905744897, 1125899905351681] 2)
            else 0) <
      512 ^
        (![24, 24, 24, 24, 24, 24, 24, 24, 24, 38, 24, 38, 24, 46, 24, 29, 24, 29, 24, 29, 24, 29, 24] ⟨19, ⋯⟩ - 22) ∧
    ((if ⟨19, ⋯⟩ = ⟨34, ⋯⟩ then ↑(![1125899906826241, 1125899906629633, 1125899905744897, 1125899905351681] 2) else 0) +
        if ⟨19, ⋯⟩ = ⟨33, ⋯⟩ then 1 else 0) <
      512 ^
          (![24, 24, 24, 24, 24, 24, 24, 24, 24, 38, 24, 38, 24, 46, 24, 29, 24, 29, 24, 29, 24, 29, 24] ⟨19, ⋯⟩ - 22) +
        if ⟨19, ⋯⟩ = ⟨24, ⋯⟩ then 1 else 0

case «19».«20»
⊢ (if ⟨20, ⋯⟩ = ⟨24, ⋯⟩ then 1 else 0) +
        ((-if ⟨20, ⋯⟩ = ⟨33, ⋯⟩ then 1 else 0) +
          -if ⟨20, ⋯⟩ = ⟨34, ⋯⟩ then ↑(![1125899906826241, 1125899906629633, 1125899905744897, 1125899905351681] 2)
            else 0) <
      512 ^
        (![24, 24, 24, 24, 24, 24, 24, 24, 24, 38, 24, 38, 24, 46, 24, 29, 24, 29, 24, 29, 24, 29, 24] ⟨19, ⋯⟩ - 22) ∧
    ((if ⟨20, ⋯⟩ = ⟨34, ⋯⟩ then ↑(![1125899906826241, 1125899906629633, 1125899905744897, 1125899905351681] 2) else 0) +
        if ⟨20, ⋯⟩ = ⟨33, ⋯⟩ then 1 else 0) <
      512 ^
          (![24, 24, 24, 24, 24, 24, 24, 24, 24, 38, 24, 38, 24, 46, 24, 29, 24, 29, 24, 29, 24, 29, 24] ⟨19, ⋯⟩ - 22) +
        if ⟨20, ⋯⟩ = ⟨24, ⋯⟩ then 1 else 0

case «19».«21»
⊢ (if ⟨21, ⋯⟩ = ⟨24, ⋯⟩ then 1 else 0) +
        ((-if ⟨21, ⋯⟩ = ⟨33, ⋯⟩ then 1 else 0) +
          -if ⟨21, ⋯⟩ = ⟨34, ⋯⟩ then ↑(![1125899906826241, 1125899906629633, 1125899905744897, 1125899905351681] 2)
            else 0) <
      512 ^
        (![24, 24, 24, 24, 24, 24, 24, 24, 24, 38, 24, 38, 24, 46, 24, 29, 24, 29, 24, 29, 24, 29, 24] ⟨19, ⋯⟩ - 22) ∧
    ((if ⟨21, ⋯⟩ = ⟨34, ⋯⟩ then ↑(![1125899906826241, 1125899906629633, 1125899905744897, 1125899905351681] 2) else 0) +
        if ⟨21, ⋯⟩ = ⟨33, ⋯⟩ then 1 else 0) <
      512 ^
          (![24, 24, 24, 24, 24, 24, 24, 24, 24, 38, 24, 38, 24, 46, 24, 29, 24, 29, 24, 29, 24, 29, 24] ⟨19, ⋯⟩ - 22) +
        if ⟨21, ⋯⟩ = ⟨24, ⋯⟩ then 1 else 0

case «19».«22»
⊢ (if ⟨22, ⋯⟩ = ⟨24, ⋯⟩ then 1 else 0) +
        ((-if ⟨22, ⋯⟩ = ⟨33, ⋯⟩ then 1 else 0) +
          -if ⟨22, ⋯⟩ = ⟨34, ⋯⟩ then ↑(![1125899906826241, 1125899906629633, 1125899905744897, 1125899905351681] 2)
            else 0) <
      512 ^
        (![24, 24, 24, 24, 24, 24, 24, 24, 24, 38, 24, 38, 24, 46, 24, 29, 24, 29, 24, 29, 24, 29, 24] ⟨19, ⋯⟩ - 22) ∧
    ((if ⟨22, ⋯⟩ = ⟨34, ⋯⟩ then ↑(![1125899906826241, 1125899906629633, 1125899905744897, 1125899905351681] 2) else 0) +
        if ⟨22, ⋯⟩ = ⟨33, ⋯⟩ then 1 else 0) <
      512 ^
          (![24, 24, 24, 24, 24, 24, 24, 24, 24, 38, 24, 38, 24, 46, 24, 29, 24, 29, 24, 29, 24, 29, 24] ⟨19, ⋯⟩ - 22) +
        if ⟨22, ⋯⟩ = ⟨24, ⋯⟩ then 1 else 0

case «19».«23»
⊢ (if ⟨23, ⋯⟩ = ⟨24, ⋯⟩ then 1 else 0) +
        ((-if ⟨23, ⋯⟩ = ⟨33, ⋯⟩ then 1 else 0) +
          -if ⟨23, ⋯⟩ = ⟨34, ⋯⟩ then ↑(![1125899906826241, 1125899906629633, 1125899905744897, 1125899905351681] 2)
            else 0) <
      512 ^
        (![24, 24, 24, 24, 24, 24, 24, 24, 24, 38, 24, 38, 24, 46, 24, 29, 24, 29, 24, 29, 24, 29, 24] ⟨19, ⋯⟩ - 22) ∧
    ((if ⟨23, ⋯⟩ = ⟨34, ⋯⟩ then ↑(![1125899906826241, 1125899906629633, 1125899905744897, 1125899905351681] 2) else 0) +
        if ⟨23, ⋯⟩ = ⟨33, ⋯⟩ then 1 else 0) <
      512 ^
          (![24, 24, 24, 24, 24, 24, 24, 24, 24, 38, 24, 38, 24, 46, 24, 29, 24, 29, 24, 29, 24, 29, 24] ⟨19, ⋯⟩ - 22) +
        if ⟨23, ⋯⟩ = ⟨24, ⋯⟩ then 1 else 0

case «19».«24»
⊢ (if ⟨24, ⋯⟩ = ⟨24, ⋯⟩ then 1 else 0) +
        ((-if ⟨24, ⋯⟩ = ⟨33, ⋯⟩ then 1 else 0) +
          -if ⟨24, ⋯⟩ = ⟨34, ⋯⟩ then ↑(![1125899906826241, 1125899906629633, 1125899905744897, 1125899905351681] 2)
            else 0) <
      512 ^
        (![24, 24, 24, 24, 24, 24, 24, 24, 24, 38, 24, 38, 24, 46, 24, 29, 24, 29, 24, 29, 24, 29, 24] ⟨19, ⋯⟩ - 22) ∧
    ((if ⟨24, ⋯⟩ = ⟨34, ⋯⟩ then ↑(![1125899906826241, 1125899906629633, 1125899905744897, 1125899905351681] 2) else 0) +
        if ⟨24, ⋯⟩ = ⟨33, ⋯⟩ then 1 else 0) <
      512 ^
          (![24, 24, 24, 24, 24, 24, 24, 24, 24, 38, 24, 38, 24, 46, 24, 29, 24, 29, 24, 29, 24, 29, 24] ⟨19, ⋯⟩ - 22) +
        if ⟨24, ⋯⟩ = ⟨24, ⋯⟩ then 1 else 0

case «19».«25»
⊢ (if ⟨25, ⋯⟩ = ⟨24, ⋯⟩ then 1 else 0) +
        ((-if ⟨25, ⋯⟩ = ⟨33, ⋯⟩ then 1 else 0) +
          -if ⟨25, ⋯⟩ = ⟨34, ⋯⟩ then ↑(![1125899906826241, 1125899906629633, 1125899905744897, 1125899905351681] 2)
            else 0) <
      512 ^
        (![24, 24, 24, 24, 24, 24, 24, 24, 24, 38, 24, 38, 24, 46, 24, 29, 24, 29, 24, 29, 24, 29, 24] ⟨19, ⋯⟩ - 22) ∧
    ((if ⟨25, ⋯⟩ = ⟨34, ⋯⟩ then ↑(![1125899906826241, 1125899906629633, 1125899905744897, 1125899905351681] 2) else 0) +
        if ⟨25, ⋯⟩ = ⟨33, ⋯⟩ then 1 else 0) <
      512 ^
          (![24, 24, 24, 24, 24, 24, 24, 24, 24, 38, 24, 38, 24, 46, 24, 29, 24, 29, 24, 29, 24, 29, 24] ⟨19, ⋯⟩ - 22) +
        if ⟨25, ⋯⟩ = ⟨24, ⋯⟩ then 1 else 0

case «19».«26»
⊢ (if ⟨26, ⋯⟩ = ⟨24, ⋯⟩ then 1 else 0) +
        ((-if ⟨26, ⋯⟩ = ⟨33, ⋯⟩ then 1 else 0) +
          -if ⟨26, ⋯⟩ = ⟨34, ⋯⟩ then ↑(![1125899906826241, 1125899906629633, 1125899905744897, 1125899905351681] 2)
            else 0) <
      512 ^
        (![24, 24, 24, 24, 24, 24, 24, 24, 24, 38, 24, 38, 24, 46, 24, 29, 24, 29, 24, 29, 24, 29, 24] ⟨19, ⋯⟩ - 22) ∧
    ((if ⟨26, ⋯⟩ = ⟨34, ⋯⟩ then ↑(![1125899906826241, 1125899906629633, 1125899905744897, 1125899905351681] 2) else 0) +
        if ⟨26, ⋯⟩ = ⟨33, ⋯⟩ then 1 else 0) <
      512 ^
          (![24, 24, 24, 24, 24, 24, 24, 24, 24, 38, 24, 38, 24, 46, 24, 29, 24, 29, 24, 29, 24, 29, 24] ⟨19, ⋯⟩ - 22) +
        if ⟨26, ⋯⟩ = ⟨24, ⋯⟩ then 1 else 0

case «19».«27»
⊢ (if ⟨27, ⋯⟩ = ⟨24, ⋯⟩ then 1 else 0) +
        ((-if ⟨27, ⋯⟩ = ⟨33, ⋯⟩ then 1 else 0) +
          -if ⟨27, ⋯⟩ = ⟨34, ⋯⟩ then ↑(![1125899906826241, 1125899906629633, 1125899905744897, 1125899905351681] 2)
            else 0) <
      512 ^
        (![24, 24, 24, 24, 24, 24, 24, 24, 24, 38, 24, 38, 24, 46, 24, 29, 24, 29, 24, 29, 24, 29, 24] ⟨19, ⋯⟩ - 22) ∧
    ((if ⟨27, ⋯⟩ = ⟨34, ⋯⟩ then ↑(![1125899906826241, 1125899906629633, 1125899905744897, 1125899905351681] 2) else 0) +
        if ⟨27, ⋯⟩ = ⟨33, ⋯⟩ then 1 else 0) <
      512 ^
          (![24, 24, 24, 24, 24, 24, 24, 24, 24, 38, 24, 38, 24, 46, 24, 29, 24, 29, 24, 29, 24, 29, 24] ⟨19, ⋯⟩ - 22) +
        if ⟨27, ⋯⟩ = ⟨24, ⋯⟩ then 1 else 0

case «19».«28»
⊢ (if ⟨28, ⋯⟩ = ⟨24, ⋯⟩ then 1 else 0) +
        ((-if ⟨28, ⋯⟩ = ⟨33, ⋯⟩ then 1 else 0) +
          -if ⟨28, ⋯⟩ = ⟨34, ⋯⟩ then ↑(![1125899906826241, 1125899906629633, 1125899905744897, 1125899905351681] 2)
            else 0) <
      512 ^
        (![24, 24, 24, 24, 24, 24, 24, 24, 24, 38, 24, 38, 24, 46, 24, 29, 24, 29, 24, 29, 24, 29, 24] ⟨19, ⋯⟩ - 22) ∧
    ((if ⟨28, ⋯⟩ = ⟨34, ⋯⟩ then ↑(![1125899906826241, 1125899906629633, 1125899905744897, 1125899905351681] 2) else 0) +
        if ⟨28, ⋯⟩ = ⟨33, ⋯⟩ then 1 else 0) <
      512 ^
          (![24, 24, 24, 24, 24, 24, 24, 24, 24, 38, 24, 38, 24, 46, 24, 29, 24, 29, 24, 29, 24, 29, 24] ⟨19, ⋯⟩ - 22) +
        if ⟨28, ⋯⟩ = ⟨24, ⋯⟩ then 1 else 0

case «19».«29»
⊢ (if ⟨29, ⋯⟩ = ⟨24, ⋯⟩ then 1 else 0) +
        ((-if ⟨29, ⋯⟩ = ⟨33, ⋯⟩ then 1 else 0) +
          -if ⟨29, ⋯⟩ = ⟨34, ⋯⟩ then ↑(![1125899906826241, 1125899906629633, 1125899905744897, 1125899905351681] 2)
            else 0) <
      512 ^
        (![24, 24, 24, 24, 24, 24, 24, 24, 24, 38, 24, 38, 24, 46, 24, 29, 24, 29, 24, 29, 24, 29, 24] ⟨19, ⋯⟩ - 22) ∧
    ((if ⟨29, ⋯⟩ = ⟨34, ⋯⟩ then ↑(![1125899906826241, 1125899906629633, 1125899905744897, 1125899905351681] 2) else 0) +
        if ⟨29, ⋯⟩ = ⟨33, ⋯⟩ then 1 else 0) <
      512 ^
          (![24, 24, 24, 24, 24, 24, 24, 24, 24, 38, 24, 38, 24, 46, 24, 29, 24, 29, 24, 29, 24, 29, 24] ⟨19, ⋯⟩ - 22) +
        if ⟨29, ⋯⟩ = ⟨24, ⋯⟩ then 1 else 0

case «19».«30»
⊢ (if ⟨30, ⋯⟩ = ⟨24, ⋯⟩ then 1 else 0) +
        ((-if ⟨30, ⋯⟩ = ⟨33, ⋯⟩ then 1 else 0) +
          -if ⟨30, ⋯⟩ = ⟨34, ⋯⟩ then ↑(![1125899906826241, 1125899906629633, 1125899905744897, 1125899905351681] 2)
            else 0) <
      512 ^
        (![24, 24, 24, 24, 24, 24, 24, 24, 24, 38, 24, 38, 24, 46, 24, 29, 24, 29, 24, 29, 24, 29, 24] ⟨19, ⋯⟩ - 22) ∧
    ((if ⟨30, ⋯⟩ = ⟨34, ⋯⟩ then ↑(![1125899906826241, 1125899906629633, 1125899905744897, 1125899905351681] 2) else 0) +
        if ⟨30, ⋯⟩ = ⟨33, ⋯⟩ then 1 else 0) <
      512 ^
          (![24, 24, 24, 24, 24, 24, 24, 24, 24, 38, 24, 38, 24, 46, 24, 29, 24, 29, 24, 29, 24, 29, 24] ⟨19, ⋯⟩ - 22) +
        if ⟨30, ⋯⟩ = ⟨24, ⋯⟩ then 1 else 0

case «19».«31»
⊢ (if ⟨31, ⋯⟩ = ⟨24, ⋯⟩ then 1 else 0) +
        ((-if ⟨31, ⋯⟩ = ⟨33, ⋯⟩ then 1 else 0) +
          -if ⟨31, ⋯⟩ = ⟨34, ⋯⟩ then ↑(![1125899906826241, 1125899906629633, 1125899905744897, 1125899905351681] 2)
            else 0) <
      512 ^
        (![24, 24, 24, 24, 24, 24, 24, 24, 24, 38, 24, 38, 24, 46, 24, 29, 24, 29, 24, 29, 24, 29, 24] ⟨19, ⋯⟩ - 22) ∧
    ((if ⟨31, ⋯⟩ = ⟨34, ⋯⟩ then ↑(![1125899906826241, 1125899906629633, 1125899905744897, 1125899905351681] 2) else 0) +
        if ⟨31, ⋯⟩ = ⟨33, ⋯⟩ then 1 else 0) <
      512 ^
          (![24, 24, 24, 24, 24, 24, 24, 24, 24, 38, 24, 38, 24, 46, 24, 29, 24, 29, 24, 29, 24, 29, 24] ⟨19, ⋯⟩ - 22) +
        if ⟨31, ⋯⟩ = ⟨24, ⋯⟩ then 1 else 0

case «19».«32»
⊢ (if ⟨32, ⋯⟩ = ⟨24, ⋯⟩ then 1 else 0) +
        ((-if ⟨32, ⋯⟩ = ⟨33, ⋯⟩ then 1 else 0) +
          -if ⟨32, ⋯⟩ = ⟨34, ⋯⟩ then ↑(![1125899906826241, 1125899906629633, 1125899905744897, 1125899905351681] 2)
            else 0) <
      512 ^
        (![24, 24, 24, 24, 24, 24, 24, 24, 24, 38, 24, 38, 24, 46, 24, 29, 24, 29, 24, 29, 24, 29, 24] ⟨19, ⋯⟩ - 22) ∧
    ((if ⟨32, ⋯⟩ = ⟨34, ⋯⟩ then ↑(![1125899906826241, 1125899906629633, 1125899905744897, 1125899905351681] 2) else 0) +
        if ⟨32, ⋯⟩ = ⟨33, ⋯⟩ then 1 else 0) <
      512 ^
          (![24, 24, 24, 24, 24, 24, 24, 24, 24, 38, 24, 38, 24, 46, 24, 29, 24, 29, 24, 29, 24, 29, 24] ⟨19, ⋯⟩ - 22) +
        if ⟨32, ⋯⟩ = ⟨24, ⋯⟩ then 1 else 0

case «19».«33»
⊢ (if ⟨33, ⋯⟩ = ⟨24, ⋯⟩ then 1 else 0) +
        ((-if ⟨33, ⋯⟩ = ⟨33, ⋯⟩ then 1 else 0) +
          -if ⟨33, ⋯⟩ = ⟨34, ⋯⟩ then ↑(![1125899906826241, 1125899906629633, 1125899905744897, 1125899905351681] 2)
            else 0) <
      512 ^
        (![24, 24, 24, 24, 24, 24, 24, 24, 24, 38, 24, 38, 24, 46, 24, 29, 24, 29, 24, 29, 24, 29, 24] ⟨19, ⋯⟩ - 22) ∧
    ((if ⟨33, ⋯⟩ = ⟨34, ⋯⟩ then ↑(![1125899906826241, 1125899906629633, 1125899905744897, 1125899905351681] 2) else 0) +
        if ⟨33, ⋯⟩ = ⟨33, ⋯⟩ then 1 else 0) <
      512 ^
          (![24, 24, 24, 24, 24, 24, 24, 24, 24, 38, 24, 38, 24, 46, 24, 29, 24, 29, 24, 29, 24, 29, 24] ⟨19, ⋯⟩ - 22) +
        if ⟨33, ⋯⟩ = ⟨24, ⋯⟩ then 1 else 0

case «19».«34»
⊢ (if ⟨34, ⋯⟩ = ⟨24, ⋯⟩ then 1 else 0) +
        ((-if ⟨34, ⋯⟩ = ⟨33, ⋯⟩ then 1 else 0) +
          -if ⟨34, ⋯⟩ = ⟨34, ⋯⟩ then ↑(![1125899906826241, 1125899906629633, 1125899905744897, 1125899905351681] 2)
            else 0) <
      512 ^
        (![24, 24, 24, 24, 24, 24, 24, 24, 24, 38, 24, 38, 24, 46, 24, 29, 24, 29, 24, 29, 24, 29, 24] ⟨19, ⋯⟩ - 22) ∧
    ((if ⟨34, ⋯⟩ = ⟨34, ⋯⟩ then ↑(![1125899906826241, 1125899906629633, 1125899905744897, 1125899905351681] 2) else 0) +
        if ⟨34, ⋯⟩ = ⟨33, ⋯⟩ then 1 else 0) <
      512 ^
          (![24, 24, 24, 24, 24, 24, 24, 24, 24, 38, 24, 38, 24, 46, 24, 29, 24, 29, 24, 29, 24, 29, 24] ⟨19, ⋯⟩ - 22) +
        if ⟨34, ⋯⟩ = ⟨24, ⋯⟩ then 1 else 0

case «19».«35»
⊢ (if ⟨35, ⋯⟩ = ⟨24, ⋯⟩ then 1 else 0) +
        ((-if ⟨35, ⋯⟩ = ⟨33, ⋯⟩ then 1 else 0) +
          -if ⟨35, ⋯⟩ = ⟨34, ⋯⟩ then ↑(![1125899906826241, 1125899906629633, 1125899905744897, 1125899905351681] 2)
            else 0) <
      512 ^
        (![24, 24, 24, 24, 24, 24, 24, 24, 24, 38, 24, 38, 24, 46, 24, 29, 24, 29, 24, 29, 24, 29, 24] ⟨19, ⋯⟩ - 22) ∧
    ((if ⟨35, ⋯⟩ = ⟨34, ⋯⟩ then ↑(![1125899906826241, 1125899906629633, 1125899905744897, 1125899905351681] 2) else 0) +
        if ⟨35, ⋯⟩ = ⟨33, ⋯⟩ then 1 else 0) <
      512 ^
          (![24, 24, 24, 24, 24, 24, 24, 24, 24, 38, 24, 38, 24, 46, 24, 29, 24, 29, 24, 29, 24, 29, 24] ⟨19, ⋯⟩ - 22) +
        if ⟨35, ⋯⟩ = ⟨24, ⋯⟩ then 1 else 0

case «19».«36»
⊢ (if ⟨36, ⋯⟩ = ⟨24, ⋯⟩ then 1 else 0) +
        ((-if ⟨36, ⋯⟩ = ⟨33, ⋯⟩ then 1 else 0) +
          -if ⟨36, ⋯⟩ = ⟨34, ⋯⟩ then ↑(![1125899906826241, 1125899906629633, 1125899905744897, 1125899905351681] 2)
            else 0) <
      512 ^
        (![24, 24, 24, 24, 24, 24, 24, 24, 24, 38, 24, 38, 24, 46, 24, 29, 24, 29, 24, 29, 24, 29, 24] ⟨19, ⋯⟩ - 22) ∧
    ((if ⟨36, ⋯⟩ = ⟨34, ⋯⟩ then ↑(![1125899906826241, 1125899906629633, 1125899905744897, 1125899905351681] 2) else 0) +
        if ⟨36, ⋯⟩ = ⟨33, ⋯⟩ then 1 else 0) <
      512 ^
          (![24, 24, 24, 24, 24, 24, 24, 24, 24, 38, 24, 38, 24, 46, 24, 29, 24, 29, 24, 29, 24, 29, 24] ⟨19, ⋯⟩ - 22) +
        if ⟨36, ⋯⟩ = ⟨24, ⋯⟩ then 1 else 0

case «19».«37»
⊢ (if ⟨37, ⋯⟩ = ⟨24, ⋯⟩ then 1 else 0) +
        ((-if ⟨37, ⋯⟩ = ⟨33, ⋯⟩ then 1 else 0) +
          -if ⟨37, ⋯⟩ = ⟨34, ⋯⟩ then ↑(![1125899906826241, 1125899906629633, 1125899905744897, 1125899905351681] 2)
            else 0) <
      512 ^
        (![24, 24, 24, 24, 24, 24, 24, 24, 24, 38, 24, 38, 24, 46, 24, 29, 24, 29, 24, 29, 24, 29, 24] ⟨19, ⋯⟩ - 22) ∧
    ((if ⟨37, ⋯⟩ = ⟨34, ⋯⟩ then ↑(![1125899906826241, 1125899906629633, 1125899905744897, 1125899905351681] 2) else 0) +
        if ⟨37, ⋯⟩ = ⟨33, ⋯⟩ then 1 else 0) <
      512 ^
          (![24, 24, 24, 24, 24, 24, 24, 24, 24, 38, 24, 38, 24, 46, 24, 29, 24, 29, 24, 29, 24, 29, 24] ⟨19, ⋯⟩ - 22) +
        if ⟨37, ⋯⟩ = ⟨24, ⋯⟩ then 1 else 0

case «19».«38»
⊢ (if ⟨38, ⋯⟩ = ⟨24, ⋯⟩ then 1 else 0) +
        ((-if ⟨38, ⋯⟩ = ⟨33, ⋯⟩ then 1 else 0) +
          -if ⟨38, ⋯⟩ = ⟨34, ⋯⟩ then ↑(![1125899906826241, 1125899906629633, 1125899905744897, 1125899905351681] 2)
            else 0) <
      512 ^
        (![24, 24, 24, 24, 24, 24, 24, 24, 24, 38, 24, 38, 24, 46, 24, 29, 24, 29, 24, 29, 24, 29, 24] ⟨19, ⋯⟩ - 22) ∧
    ((if ⟨38, ⋯⟩ = ⟨34, ⋯⟩ then ↑(![1125899906826241, 1125899906629633, 1125899905744897, 1125899905351681] 2) else 0) +
        if ⟨38, ⋯⟩ = ⟨33, ⋯⟩ then 1 else 0) <
      512 ^
          (![24, 24, 24, 24, 24, 24, 24, 24, 24, 38, 24, 38, 24, 46, 24, 29, 24, 29, 24, 29, 24, 29, 24] ⟨19, ⋯⟩ - 22) +
        if ⟨38, ⋯⟩ = ⟨24, ⋯⟩ then 1 else 0

case «20».«0»
⊢ ((if ⟨0, ⋯⟩ = ⟨33, ⋯⟩ then 1 else 0) + if ⟨0, ⋯⟩ = ⟨35, ⋯⟩ then 1 else 0) <
      512 ^
        (![24, 24, 24, 24, 24, 24, 24, 24, 24, 38, 24, 38, 24, 46, 24, 29, 24, 29, 24, 29, 24, 29, 24] ⟨20, ⋯⟩ - 22) ∧
    (-if ⟨0, ⋯⟩ = ⟨35, ⋯⟩ then 1 else 0) <
      512 ^
          (![24, 24, 24, 24, 24, 24, 24, 24, 24, 38, 24, 38, 24, 46, 24, 29, 24, 29, 24, 29, 24, 29, 24] ⟨20, ⋯⟩ - 22) +
        if ⟨0, ⋯⟩ = ⟨33, ⋯⟩ then 1 else 0

case «20».«1»
⊢ ((if ⟨1, ⋯⟩ = ⟨33, ⋯⟩ then 1 else 0) + if ⟨1, ⋯⟩ = ⟨35, ⋯⟩ then 1 else 0) <
      512 ^
        (![24, 24, 24, 24, 24, 24, 24, 24, 24, 38, 24, 38, 24, 46, 24, 29, 24, 29, 24, 29, 24, 29, 24] ⟨20, ⋯⟩ - 22) ∧
    (-if ⟨1, ⋯⟩ = ⟨35, ⋯⟩ then 1 else 0) <
      512 ^
          (![24, 24, 24, 24, 24, 24, 24, 24, 24, 38, 24, 38, 24, 46, 24, 29, 24, 29, 24, 29, 24, 29, 24] ⟨20, ⋯⟩ - 22) +
        if ⟨1, ⋯⟩ = ⟨33, ⋯⟩ then 1 else 0

case «20».«2»
⊢ ((if ⟨2, ⋯⟩ = ⟨33, ⋯⟩ then 1 else 0) + if ⟨2, ⋯⟩ = ⟨35, ⋯⟩ then 1 else 0) <
      512 ^
        (![24, 24, 24, 24, 24, 24, 24, 24, 24, 38, 24, 38, 24, 46, 24, 29, 24, 29, 24, 29, 24, 29, 24] ⟨20, ⋯⟩ - 22) ∧
    (-if ⟨2, ⋯⟩ = ⟨35, ⋯⟩ then 1 else 0) <
      512 ^
          (![24, 24, 24, 24, 24, 24, 24, 24, 24, 38, 24, 38, 24, 46, 24, 29, 24, 29, 24, 29, 24, 29, 24] ⟨20, ⋯⟩ - 22) +
        if ⟨2, ⋯⟩ = ⟨33, ⋯⟩ then 1 else 0

case «20».«3»
⊢ ((if ⟨3, ⋯⟩ = ⟨33, ⋯⟩ then 1 else 0) + if ⟨3, ⋯⟩ = ⟨35, ⋯⟩ then 1 else 0) <
      512 ^
        (![24, 24, 24, 24, 24, 24, 24, 24, 24, 38, 24, 38, 24, 46, 24, 29, 24, 29, 24, 29, 24, 29, 24] ⟨20, ⋯⟩ - 22) ∧
    (-if ⟨3, ⋯⟩ = ⟨35, ⋯⟩ then 1 else 0) <
      512 ^
          (![24, 24, 24, 24, 24, 24, 24, 24, 24, 38, 24, 38, 24, 46, 24, 29, 24, 29, 24, 29, 24, 29, 24] ⟨20, ⋯⟩ - 22) +
        if ⟨3, ⋯⟩ = ⟨33, ⋯⟩ then 1 else 0

case «20».«4»
⊢ ((if ⟨4, ⋯⟩ = ⟨33, ⋯⟩ then 1 else 0) + if ⟨4, ⋯⟩ = ⟨35, ⋯⟩ then 1 else 0) <
      512 ^
        (![24, 24, 24, 24, 24, 24, 24, 24, 24, 38, 24, 38, 24, 46, 24, 29, 24, 29, 24, 29, 24, 29, 24] ⟨20, ⋯⟩ - 22) ∧
    (-if ⟨4, ⋯⟩ = ⟨35, ⋯⟩ then 1 else 0) <
      512 ^
          (![24, 24, 24, 24, 24, 24, 24, 24, 24, 38, 24, 38, 24, 46, 24, 29, 24, 29, 24, 29, 24, 29, 24] ⟨20, ⋯⟩ - 22) +
        if ⟨4, ⋯⟩ = ⟨33, ⋯⟩ then 1 else 0

case «20».«5»
⊢ ((if ⟨5, ⋯⟩ = ⟨33, ⋯⟩ then 1 else 0) + if ⟨5, ⋯⟩ = ⟨35, ⋯⟩ then 1 else 0) <
      512 ^
        (![24, 24, 24, 24, 24, 24, 24, 24, 24, 38, 24, 38, 24, 46, 24, 29, 24, 29, 24, 29, 24, 29, 24] ⟨20, ⋯⟩ - 22) ∧
    (-if ⟨5, ⋯⟩ = ⟨35, ⋯⟩ then 1 else 0) <
      512 ^
          (![24, 24, 24, 24, 24, 24, 24, 24, 24, 38, 24, 38, 24, 46, 24, 29, 24, 29, 24, 29, 24, 29, 24] ⟨20, ⋯⟩ - 22) +
        if ⟨5, ⋯⟩ = ⟨33, ⋯⟩ then 1 else 0

case «20».«6»
⊢ ((if ⟨6, ⋯⟩ = ⟨33, ⋯⟩ then 1 else 0) + if ⟨6, ⋯⟩ = ⟨35, ⋯⟩ then 1 else 0) <
      512 ^
        (![24, 24, 24, 24, 24, 24, 24, 24, 24, 38, 24, 38, 24, 46, 24, 29, 24, 29, 24, 29, 24, 29, 24] ⟨20, ⋯⟩ - 22) ∧
    (-if ⟨6, ⋯⟩ = ⟨35, ⋯⟩ then 1 else 0) <
      512 ^
          (![24, 24, 24, 24, 24, 24, 24, 24, 24, 38, 24, 38, 24, 46, 24, 29, 24, 29, 24, 29, 24, 29, 24] ⟨20, ⋯⟩ - 22) +
        if ⟨6, ⋯⟩ = ⟨33, ⋯⟩ then 1 else 0

case «20».«7»
⊢ ((if ⟨7, ⋯⟩ = ⟨33, ⋯⟩ then 1 else 0) + if ⟨7, ⋯⟩ = ⟨35, ⋯⟩ then 1 else 0) <
      512 ^
        (![24, 24, 24, 24, 24, 24, 24, 24, 24, 38, 24, 38, 24, 46, 24, 29, 24, 29, 24, 29, 24, 29, 24] ⟨20, ⋯⟩ - 22) ∧
    (-if ⟨7, ⋯⟩ = ⟨35, ⋯⟩ then 1 else 0) <
      512 ^
          (![24, 24, 24, 24, 24, 24, 24, 24, 24, 38, 24, 38, 24, 46, 24, 29, 24, 29, 24, 29, 24, 29, 24] ⟨20, ⋯⟩ - 22) +
        if ⟨7, ⋯⟩ = ⟨33, ⋯⟩ then 1 else 0

case «20».«8»
⊢ ((if ⟨8, ⋯⟩ = ⟨33, ⋯⟩ then 1 else 0) + if ⟨8, ⋯⟩ = ⟨35, ⋯⟩ then 1 else 0) <
      512 ^
        (![24, 24, 24, 24, 24, 24, 24, 24, 24, 38, 24, 38, 24, 46, 24, 29, 24, 29, 24, 29, 24, 29, 24] ⟨20, ⋯⟩ - 22) ∧
    (-if ⟨8, ⋯⟩ = ⟨35, ⋯⟩ then 1 else 0) <
      512 ^
          (![24, 24, 24, 24, 24, 24, 24, 24, 24, 38, 24, 38, 24, 46, 24, 29, 24, 29, 24, 29, 24, 29, 24] ⟨20, ⋯⟩ - 22) +
        if ⟨8, ⋯⟩ = ⟨33, ⋯⟩ then 1 else 0

case «20».«9»
⊢ ((if ⟨9, ⋯⟩ = ⟨33, ⋯⟩ then 1 else 0) + if ⟨9, ⋯⟩ = ⟨35, ⋯⟩ then 1 else 0) <
      512 ^
        (![24, 24, 24, 24, 24, 24, 24, 24, 24, 38, 24, 38, 24, 46, 24, 29, 24, 29, 24, 29, 24, 29, 24] ⟨20, ⋯⟩ - 22) ∧
    (-if ⟨9, ⋯⟩ = ⟨35, ⋯⟩ then 1 else 0) <
      512 ^
          (![24, 24, 24, 24, 24, 24, 24, 24, 24, 38, 24, 38, 24, 46, 24, 29, 24, 29, 24, 29, 24, 29, 24] ⟨20, ⋯⟩ - 22) +
        if ⟨9, ⋯⟩ = ⟨33, ⋯⟩ then 1 else 0

case «20».«10»
⊢ ((if ⟨10, ⋯⟩ = ⟨33, ⋯⟩ then 1 else 0) + if ⟨10, ⋯⟩ = ⟨35, ⋯⟩ then 1 else 0) <
      512 ^
        (![24, 24, 24, 24, 24, 24, 24, 24, 24, 38, 24, 38, 24, 46, 24, 29, 24, 29, 24, 29, 24, 29, 24] ⟨20, ⋯⟩ - 22) ∧
    (-if ⟨10, ⋯⟩ = ⟨35, ⋯⟩ then 1 else 0) <
      512 ^
          (![24, 24, 24, 24, 24, 24, 24, 24, 24, 38, 24, 38, 24, 46, 24, 29, 24, 29, 24, 29, 24, 29, 24] ⟨20, ⋯⟩ - 22) +
        if ⟨10, ⋯⟩ = ⟨33, ⋯⟩ then 1 else 0

case «20».«11»
⊢ ((if ⟨11, ⋯⟩ = ⟨33, ⋯⟩ then 1 else 0) + if ⟨11, ⋯⟩ = ⟨35, ⋯⟩ then 1 else 0) <
      512 ^
        (![24, 24, 24, 24, 24, 24, 24, 24, 24, 38, 24, 38, 24, 46, 24, 29, 24, 29, 24, 29, 24, 29, 24] ⟨20, ⋯⟩ - 22) ∧
    (-if ⟨11, ⋯⟩ = ⟨35, ⋯⟩ then 1 else 0) <
      512 ^
          (![24, 24, 24, 24, 24, 24, 24, 24, 24, 38, 24, 38, 24, 46, 24, 29, 24, 29, 24, 29, 24, 29, 24] ⟨20, ⋯⟩ - 22) +
        if ⟨11, ⋯⟩ = ⟨33, ⋯⟩ then 1 else 0

case «20».«12»
⊢ ((if ⟨12, ⋯⟩ = ⟨33, ⋯⟩ then 1 else 0) + if ⟨12, ⋯⟩ = ⟨35, ⋯⟩ then 1 else 0) <
      512 ^
        (![24, 24, 24, 24, 24, 24, 24, 24, 24, 38, 24, 38, 24, 46, 24, 29, 24, 29, 24, 29, 24, 29, 24] ⟨20, ⋯⟩ - 22) ∧
    (-if ⟨12, ⋯⟩ = ⟨35, ⋯⟩ then 1 else 0) <
      512 ^
          (![24, 24, 24, 24, 24, 24, 24, 24, 24, 38, 24, 38, 24, 46, 24, 29, 24, 29, 24, 29, 24, 29, 24] ⟨20, ⋯⟩ - 22) +
        if ⟨12, ⋯⟩ = ⟨33, ⋯⟩ then 1 else 0

case «20».«13»
⊢ ((if ⟨13, ⋯⟩ = ⟨33, ⋯⟩ then 1 else 0) + if ⟨13, ⋯⟩ = ⟨35, ⋯⟩ then 1 else 0) <
      512 ^
        (![24, 24, 24, 24, 24, 24, 24, 24, 24, 38, 24, 38, 24, 46, 24, 29, 24, 29, 24, 29, 24, 29, 24] ⟨20, ⋯⟩ - 22) ∧
    (-if ⟨13, ⋯⟩ = ⟨35, ⋯⟩ then 1 else 0) <
      512 ^
          (![24, 24, 24, 24, 24, 24, 24, 24, 24, 38, 24, 38, 24, 46, 24, 29, 24, 29, 24, 29, 24, 29, 24] ⟨20, ⋯⟩ - 22) +
        if ⟨13, ⋯⟩ = ⟨33, ⋯⟩ then 1 else 0

case «20».«14»
⊢ ((if ⟨14, ⋯⟩ = ⟨33, ⋯⟩ then 1 else 0) + if ⟨14, ⋯⟩ = ⟨35, ⋯⟩ then 1 else 0) <
      512 ^
        (![24, 24, 24, 24, 24, 24, 24, 24, 24, 38, 24, 38, 24, 46, 24, 29, 24, 29, 24, 29, 24, 29, 24] ⟨20, ⋯⟩ - 22) ∧
    (-if ⟨14, ⋯⟩ = ⟨35, ⋯⟩ then 1 else 0) <
      512 ^
          (![24, 24, 24, 24, 24, 24, 24, 24, 24, 38, 24, 38, 24, 46, 24, 29, 24, 29, 24, 29, 24, 29, 24] ⟨20, ⋯⟩ - 22) +
        if ⟨14, ⋯⟩ = ⟨33, ⋯⟩ then 1 else 0

case «20».«15»
⊢ ((if ⟨15, ⋯⟩ = ⟨33, ⋯⟩ then 1 else 0) + if ⟨15, ⋯⟩ = ⟨35, ⋯⟩ then 1 else 0) <
      512 ^
        (![24, 24, 24, 24, 24, 24, 24, 24, 24, 38, 24, 38, 24, 46, 24, 29, 24, 29, 24, 29, 24, 29, 24] ⟨20, ⋯⟩ - 22) ∧
    (-if ⟨15, ⋯⟩ = ⟨35, ⋯⟩ then 1 else 0) <
      512 ^
          (![24, 24, 24, 24, 24, 24, 24, 24, 24, 38, 24, 38, 24, 46, 24, 29, 24, 29, 24, 29, 24, 29, 24] ⟨20, ⋯⟩ - 22) +
        if ⟨15, ⋯⟩ = ⟨33, ⋯⟩ then 1 else 0

case «20».«16»
⊢ ((if ⟨16, ⋯⟩ = ⟨33, ⋯⟩ then 1 else 0) + if ⟨16, ⋯⟩ = ⟨35, ⋯⟩ then 1 else 0) <
      512 ^
        (![24, 24, 24, 24, 24, 24, 24, 24, 24, 38, 24, 38, 24, 46, 24, 29, 24, 29, 24, 29, 24, 29, 24] ⟨20, ⋯⟩ - 22) ∧
    (-if ⟨16, ⋯⟩ = ⟨35, ⋯⟩ then 1 else 0) <
      512 ^
          (![24, 24, 24, 24, 24, 24, 24, 24, 24, 38, 24, 38, 24, 46, 24, 29, 24, 29, 24, 29, 24, 29, 24] ⟨20, ⋯⟩ - 22) +
        if ⟨16, ⋯⟩ = ⟨33, ⋯⟩ then 1 else 0

case «20».«17»
⊢ ((if ⟨17, ⋯⟩ = ⟨33, ⋯⟩ then 1 else 0) + if ⟨17, ⋯⟩ = ⟨35, ⋯⟩ then 1 else 0) <
      512 ^
        (![24, 24, 24, 24, 24, 24, 24, 24, 24, 38, 24, 38, 24, 46, 24, 29, 24, 29, 24, 29, 24, 29, 24] ⟨20, ⋯⟩ - 22) ∧
    (-if ⟨17, ⋯⟩ = ⟨35, ⋯⟩ then 1 else 0) <
      512 ^
          (![24, 24, 24, 24, 24, 24, 24, 24, 24, 38, 24, 38, 24, 46, 24, 29, 24, 29, 24, 29, 24, 29, 24] ⟨20, ⋯⟩ - 22) +
        if ⟨17, ⋯⟩ = ⟨33, ⋯⟩ then 1 else 0

case «20».«18»
⊢ ((if ⟨18, ⋯⟩ = ⟨33, ⋯⟩ then 1 else 0) + if ⟨18, ⋯⟩ = ⟨35, ⋯⟩ then 1 else 0) <
      512 ^
        (![24, 24, 24, 24, 24, 24, 24, 24, 24, 38, 24, 38, 24, 46, 24, 29, 24, 29, 24, 29, 24, 29, 24] ⟨20, ⋯⟩ - 22) ∧
    (-if ⟨18, ⋯⟩ = ⟨35, ⋯⟩ then 1 else 0) <
      512 ^
          (![24, 24, 24, 24, 24, 24, 24, 24, 24, 38, 24, 38, 24, 46, 24, 29, 24, 29, 24, 29, 24, 29, 24] ⟨20, ⋯⟩ - 22) +
        if ⟨18, ⋯⟩ = ⟨33, ⋯⟩ then 1 else 0

case «20».«19»
⊢ ((if ⟨19, ⋯⟩ = ⟨33, ⋯⟩ then 1 else 0) + if ⟨19, ⋯⟩ = ⟨35, ⋯⟩ then 1 else 0) <
      512 ^
        (![24, 24, 24, 24, 24, 24, 24, 24, 24, 38, 24, 38, 24, 46, 24, 29, 24, 29, 24, 29, 24, 29, 24] ⟨20, ⋯⟩ - 22) ∧
    (-if ⟨19, ⋯⟩ = ⟨35, ⋯⟩ then 1 else 0) <
      512 ^
          (![24, 24, 24, 24, 24, 24, 24, 24, 24, 38, 24, 38, 24, 46, 24, 29, 24, 29, 24, 29, 24, 29, 24] ⟨20, ⋯⟩ - 22) +
        if ⟨19, ⋯⟩ = ⟨33, ⋯⟩ then 1 else 0

case «20».«20»
⊢ ((if ⟨20, ⋯⟩ = ⟨33, ⋯⟩ then 1 else 0) + if ⟨20, ⋯⟩ = ⟨35, ⋯⟩ then 1 else 0) <
      512 ^
        (![24, 24, 24, 24, 24, 24, 24, 24, 24, 38, 24, 38, 24, 46, 24, 29, 24, 29, 24, 29, 24, 29, 24] ⟨20, ⋯⟩ - 22) ∧
    (-if ⟨20, ⋯⟩ = ⟨35, ⋯⟩ then 1 else 0) <
      512 ^
          (![24, 24, 24, 24, 24, 24, 24, 24, 24, 38, 24, 38, 24, 46, 24, 29, 24, 29, 24, 29, 24, 29, 24] ⟨20, ⋯⟩ - 22) +
        if ⟨20, ⋯⟩ = ⟨33, ⋯⟩ then 1 else 0

case «20».«21»
⊢ ((if ⟨21, ⋯⟩ = ⟨33, ⋯⟩ then 1 else 0) + if ⟨21, ⋯⟩ = ⟨35, ⋯⟩ then 1 else 0) <
      512 ^
        (![24, 24, 24, 24, 24, 24, 24, 24, 24, 38, 24, 38, 24, 46, 24, 29, 24, 29, 24, 29, 24, 29, 24] ⟨20, ⋯⟩ - 22) ∧
    (-if ⟨21, ⋯⟩ = ⟨35, ⋯⟩ then 1 else 0) <
      512 ^
          (![24, 24, 24, 24, 24, 24, 24, 24, 24, 38, 24, 38, 24, 46, 24, 29, 24, 29, 24, 29, 24, 29, 24] ⟨20, ⋯⟩ - 22) +
        if ⟨21, ⋯⟩ = ⟨33, ⋯⟩ then 1 else 0

case «20».«22»
⊢ ((if ⟨22, ⋯⟩ = ⟨33, ⋯⟩ then 1 else 0) + if ⟨22, ⋯⟩ = ⟨35, ⋯⟩ then 1 else 0) <
      512 ^
        (![24, 24, 24, 24, 24, 24, 24, 24, 24, 38, 24, 38, 24, 46, 24, 29, 24, 29, 24, 29, 24, 29, 24] ⟨20, ⋯⟩ - 22) ∧
    (-if ⟨22, ⋯⟩ = ⟨35, ⋯⟩ then 1 else 0) <
      512 ^
          (![24, 24, 24, 24, 24, 24, 24, 24, 24, 38, 24, 38, 24, 46, 24, 29, 24, 29, 24, 29, 24, 29, 24] ⟨20, ⋯⟩ - 22) +
        if ⟨22, ⋯⟩ = ⟨33, ⋯⟩ then 1 else 0

case «20».«23»
⊢ ((if ⟨23, ⋯⟩ = ⟨33, ⋯⟩ then 1 else 0) + if ⟨23, ⋯⟩ = ⟨35, ⋯⟩ then 1 else 0) <
      512 ^
        (![24, 24, 24, 24, 24, 24, 24, 24, 24, 38, 24, 38, 24, 46, 24, 29, 24, 29, 24, 29, 24, 29, 24] ⟨20, ⋯⟩ - 22) ∧
    (-if ⟨23, ⋯⟩ = ⟨35, ⋯⟩ then 1 else 0) <
      512 ^
          (![24, 24, 24, 24, 24, 24, 24, 24, 24, 38, 24, 38, 24, 46, 24, 29, 24, 29, 24, 29, 24, 29, 24] ⟨20, ⋯⟩ - 22) +
        if ⟨23, ⋯⟩ = ⟨33, ⋯⟩ then 1 else 0

case «20».«24»
⊢ ((if ⟨24, ⋯⟩ = ⟨33, ⋯⟩ then 1 else 0) + if ⟨24, ⋯⟩ = ⟨35, ⋯⟩ then 1 else 0) <
      512 ^
        (![24, 24, 24, 24, 24, 24, 24, 24, 24, 38, 24, 38, 24, 46, 24, 29, 24, 29, 24, 29, 24, 29, 24] ⟨20, ⋯⟩ - 22) ∧
    (-if ⟨24, ⋯⟩ = ⟨35, ⋯⟩ then 1 else 0) <
      512 ^
          (![24, 24, 24, 24, 24, 24, 24, 24, 24, 38, 24, 38, 24, 46, 24, 29, 24, 29, 24, 29, 24, 29, 24] ⟨20, ⋯⟩ - 22) +
        if ⟨24, ⋯⟩ = ⟨33, ⋯⟩ then 1 else 0

case «20».«25»
⊢ ((if ⟨25, ⋯⟩ = ⟨33, ⋯⟩ then 1 else 0) + if ⟨25, ⋯⟩ = ⟨35, ⋯⟩ then 1 else 0) <
      512 ^
        (![24, 24, 24, 24, 24, 24, 24, 24, 24, 38, 24, 38, 24, 46, 24, 29, 24, 29, 24, 29, 24, 29, 24] ⟨20, ⋯⟩ - 22) ∧
    (-if ⟨25, ⋯⟩ = ⟨35, ⋯⟩ then 1 else 0) <
      512 ^
          (![24, 24, 24, 24, 24, 24, 24, 24, 24, 38, 24, 38, 24, 46, 24, 29, 24, 29, 24, 29, 24, 29, 24] ⟨20, ⋯⟩ - 22) +
        if ⟨25, ⋯⟩ = ⟨33, ⋯⟩ then 1 else 0

case «20».«26»
⊢ ((if ⟨26, ⋯⟩ = ⟨33, ⋯⟩ then 1 else 0) + if ⟨26, ⋯⟩ = ⟨35, ⋯⟩ then 1 else 0) <
      512 ^
        (![24, 24, 24, 24, 24, 24, 24, 24, 24, 38, 24, 38, 24, 46, 24, 29, 24, 29, 24, 29, 24, 29, 24] ⟨20, ⋯⟩ - 22) ∧
    (-if ⟨26, ⋯⟩ = ⟨35, ⋯⟩ then 1 else 0) <
      512 ^
          (![24, 24, 24, 24, 24, 24, 24, 24, 24, 38, 24, 38, 24, 46, 24, 29, 24, 29, 24, 29, 24, 29, 24] ⟨20, ⋯⟩ - 22) +
        if ⟨26, ⋯⟩ = ⟨33, ⋯⟩ then 1 else 0

case «20».«27»
⊢ ((if ⟨27, ⋯⟩ = ⟨33, ⋯⟩ then 1 else 0) + if ⟨27, ⋯⟩ = ⟨35, ⋯⟩ then 1 else 0) <
      512 ^
        (![24, 24, 24, 24, 24, 24, 24, 24, 24, 38, 24, 38, 24, 46, 24, 29, 24, 29, 24, 29, 24, 29, 24] ⟨20, ⋯⟩ - 22) ∧
    (-if ⟨27, ⋯⟩ = ⟨35, ⋯⟩ then 1 else 0) <
      512 ^
          (![24, 24, 24, 24, 24, 24, 24, 24, 24, 38, 24, 38, 24, 46, 24, 29, 24, 29, 24, 29, 24, 29, 24] ⟨20, ⋯⟩ - 22) +
        if ⟨27, ⋯⟩ = ⟨33, ⋯⟩ then 1 else 0

case «20».«28»
⊢ ((if ⟨28, ⋯⟩ = ⟨33, ⋯⟩ then 1 else 0) + if ⟨28, ⋯⟩ = ⟨35, ⋯⟩ then 1 else 0) <
      512 ^
        (![24, 24, 24, 24, 24, 24, 24, 24, 24, 38, 24, 38, 24, 46, 24, 29, 24, 29, 24, 29, 24, 29, 24] ⟨20, ⋯⟩ - 22) ∧
    (-if ⟨28, ⋯⟩ = ⟨35, ⋯⟩ then 1 else 0) <
      512 ^
          (![24, 24, 24, 24, 24, 24, 24, 24, 24, 38, 24, 38, 24, 46, 24, 29, 24, 29, 24, 29, 24, 29, 24] ⟨20, ⋯⟩ - 22) +
        if ⟨28, ⋯⟩ = ⟨33, ⋯⟩ then 1 else 0

case «20».«29»
⊢ ((if ⟨29, ⋯⟩ = ⟨33, ⋯⟩ then 1 else 0) + if ⟨29, ⋯⟩ = ⟨35, ⋯⟩ then 1 else 0) <
      512 ^
        (![24, 24, 24, 24, 24, 24, 24, 24, 24, 38, 24, 38, 24, 46, 24, 29, 24, 29, 24, 29, 24, 29, 24] ⟨20, ⋯⟩ - 22) ∧
    (-if ⟨29, ⋯⟩ = ⟨35, ⋯⟩ then 1 else 0) <
      512 ^
          (![24, 24, 24, 24, 24, 24, 24, 24, 24, 38, 24, 38, 24, 46, 24, 29, 24, 29, 24, 29, 24, 29, 24] ⟨20, ⋯⟩ - 22) +
        if ⟨29, ⋯⟩ = ⟨33, ⋯⟩ then 1 else 0

case «20».«30»
⊢ ((if ⟨30, ⋯⟩ = ⟨33, ⋯⟩ then 1 else 0) + if ⟨30, ⋯⟩ = ⟨35, ⋯⟩ then 1 else 0) <
      512 ^
        (![24, 24, 24, 24, 24, 24, 24, 24, 24, 38, 24, 38, 24, 46, 24, 29, 24, 29, 24, 29, 24, 29, 24] ⟨20, ⋯⟩ - 22) ∧
    (-if ⟨30, ⋯⟩ = ⟨35, ⋯⟩ then 1 else 0) <
      512 ^
          (![24, 24, 24, 24, 24, 24, 24, 24, 24, 38, 24, 38, 24, 46, 24, 29, 24, 29, 24, 29, 24, 29, 24] ⟨20, ⋯⟩ - 22) +
        if ⟨30, ⋯⟩ = ⟨33, ⋯⟩ then 1 else 0

case «20».«31»
⊢ ((if ⟨31, ⋯⟩ = ⟨33, ⋯⟩ then 1 else 0) + if ⟨31, ⋯⟩ = ⟨35, ⋯⟩ then 1 else 0) <
      512 ^
        (![24, 24, 24, 24, 24, 24, 24, 24, 24, 38, 24, 38, 24, 46, 24, 29, 24, 29, 24, 29, 24, 29, 24] ⟨20, ⋯⟩ - 22) ∧
    (-if ⟨31, ⋯⟩ = ⟨35, ⋯⟩ then 1 else 0) <
      512 ^
          (![24, 24, 24, 24, 24, 24, 24, 24, 24, 38, 24, 38, 24, 46, 24, 29, 24, 29, 24, 29, 24, 29, 24] ⟨20, ⋯⟩ - 22) +
        if ⟨31, ⋯⟩ = ⟨33, ⋯⟩ then 1 else 0

case «20».«32»
⊢ ((if ⟨32, ⋯⟩ = ⟨33, ⋯⟩ then 1 else 0) + if ⟨32, ⋯⟩ = ⟨35, ⋯⟩ then 1 else 0) <
      512 ^
        (![24, 24, 24, 24, 24, 24, 24, 24, 24, 38, 24, 38, 24, 46, 24, 29, 24, 29, 24, 29, 24, 29, 24] ⟨20, ⋯⟩ - 22) ∧
    (-if ⟨32, ⋯⟩ = ⟨35, ⋯⟩ then 1 else 0) <
      512 ^
          (![24, 24, 24, 24, 24, 24, 24, 24, 24, 38, 24, 38, 24, 46, 24, 29, 24, 29, 24, 29, 24, 29, 24] ⟨20, ⋯⟩ - 22) +
        if ⟨32, ⋯⟩ = ⟨33, ⋯⟩ then 1 else 0

case «20».«33»
⊢ ((if ⟨33, ⋯⟩ = ⟨33, ⋯⟩ then 1 else 0) + if ⟨33, ⋯⟩ = ⟨35, ⋯⟩ then 1 else 0) <
      512 ^
        (![24, 24, 24, 24, 24, 24, 24, 24, 24, 38, 24, 38, 24, 46, 24, 29, 24, 29, 24, 29, 24, 29, 24] ⟨20, ⋯⟩ - 22) ∧
    (-if ⟨33, ⋯⟩ = ⟨35, ⋯⟩ then 1 else 0) <
      512 ^
          (![24, 24, 24, 24, 24, 24, 24, 24, 24, 38, 24, 38, 24, 46, 24, 29, 24, 29, 24, 29, 24, 29, 24] ⟨20, ⋯⟩ - 22) +
        if ⟨33, ⋯⟩ = ⟨33, ⋯⟩ then 1 else 0

case «20».«34»
⊢ ((if ⟨34, ⋯⟩ = ⟨33, ⋯⟩ then 1 else 0) + if ⟨34, ⋯⟩ = ⟨35, ⋯⟩ then 1 else 0) <
      512 ^
        (![24, 24, 24, 24, 24, 24, 24, 24, 24, 38, 24, 38, 24, 46, 24, 29, 24, 29, 24, 29, 24, 29, 24] ⟨20, ⋯⟩ - 22) ∧
    (-if ⟨34, ⋯⟩ = ⟨35, ⋯⟩ then 1 else 0) <
      512 ^
          (![24, 24, 24, 24, 24, 24, 24, 24, 24, 38, 24, 38, 24, 46, 24, 29, 24, 29, 24, 29, 24, 29, 24] ⟨20, ⋯⟩ - 22) +
        if ⟨34, ⋯⟩ = ⟨33, ⋯⟩ then 1 else 0

case «20».«35»
⊢ ((if ⟨35, ⋯⟩ = ⟨33, ⋯⟩ then 1 else 0) + if ⟨35, ⋯⟩ = ⟨35, ⋯⟩ then 1 else 0) <
      512 ^
        (![24, 24, 24, 24, 24, 24, 24, 24, 24, 38, 24, 38, 24, 46, 24, 29, 24, 29, 24, 29, 24, 29, 24] ⟨20, ⋯⟩ - 22) ∧
    (-if ⟨35, ⋯⟩ = ⟨35, ⋯⟩ then 1 else 0) <
      512 ^
          (![24, 24, 24, 24, 24, 24, 24, 24, 24, 38, 24, 38, 24, 46, 24, 29, 24, 29, 24, 29, 24, 29, 24] ⟨20, ⋯⟩ - 22) +
        if ⟨35, ⋯⟩ = ⟨33, ⋯⟩ then 1 else 0

case «20».«36»
⊢ ((if ⟨36, ⋯⟩ = ⟨33, ⋯⟩ then 1 else 0) + if ⟨36, ⋯⟩ = ⟨35, ⋯⟩ then 1 else 0) <
      512 ^
        (![24, 24, 24, 24, 24, 24, 24, 24, 24, 38, 24, 38, 24, 46, 24, 29, 24, 29, 24, 29, 24, 29, 24] ⟨20, ⋯⟩ - 22) ∧
    (-if ⟨36, ⋯⟩ = ⟨35, ⋯⟩ then 1 else 0) <
      512 ^
          (![24, 24, 24, 24, 24, 24, 24, 24, 24, 38, 24, 38, 24, 46, 24, 29, 24, 29, 24, 29, 24, 29, 24] ⟨20, ⋯⟩ - 22) +
        if ⟨36, ⋯⟩ = ⟨33, ⋯⟩ then 1 else 0

case «20».«37»
⊢ ((if ⟨37, ⋯⟩ = ⟨33, ⋯⟩ then 1 else 0) + if ⟨37, ⋯⟩ = ⟨35, ⋯⟩ then 1 else 0) <
      512 ^
        (![24, 24, 24, 24, 24, 24, 24, 24, 24, 38, 24, 38, 24, 46, 24, 29, 24, 29, 24, 29, 24, 29, 24] ⟨20, ⋯⟩ - 22) ∧
    (-if ⟨37, ⋯⟩ = ⟨35, ⋯⟩ then 1 else 0) <
      512 ^
          (![24, 24, 24, 24, 24, 24, 24, 24, 24, 38, 24, 38, 24, 46, 24, 29, 24, 29, 24, 29, 24, 29, 24] ⟨20, ⋯⟩ - 22) +
        if ⟨37, ⋯⟩ = ⟨33, ⋯⟩ then 1 else 0

case «20».«38»
⊢ ((if ⟨38, ⋯⟩ = ⟨33, ⋯⟩ then 1 else 0) + if ⟨38, ⋯⟩ = ⟨35, ⋯⟩ then 1 else 0) <
      512 ^
        (![24, 24, 24, 24, 24, 24, 24, 24, 24, 38, 24, 38, 24, 46, 24, 29, 24, 29, 24, 29, 24, 29, 24] ⟨20, ⋯⟩ - 22) ∧
    (-if ⟨38, ⋯⟩ = ⟨35, ⋯⟩ then 1 else 0) <
      512 ^
          (![24, 24, 24, 24, 24, 24, 24, 24, 24, 38, 24, 38, 24, 46, 24, 29, 24, 29, 24, 29, 24, 29, 24] ⟨20, ⋯⟩ - 22) +
        if ⟨38, ⋯⟩ = ⟨33, ⋯⟩ then 1 else 0

case «21».«0»
⊢ (if ⟨0, ⋯⟩ = ⟨24, ⋯⟩ then 1 else 0) +
        ((-if ⟨0, ⋯⟩ = ⟨36, ⋯⟩ then 1 else 0) +
          -if ⟨0, ⋯⟩ = ⟨37, ⋯⟩ then ↑(![1125899906629633, 1125899905744897, 1125899905351681] 2) else 0) <
      512 ^
        (![24, 24, 24, 24, 24, 24, 24, 24, 24, 38, 24, 38, 24, 46, 24, 29, 24, 29, 24, 29, 24, 29, 24] ⟨21, ⋯⟩ - 22) ∧
    ((if ⟨0, ⋯⟩ = ⟨37, ⋯⟩ then ↑(![1125899906629633, 1125899905744897, 1125899905351681] 2) else 0) +
        if ⟨0, ⋯⟩ = ⟨36, ⋯⟩ then 1 else 0) <
      512 ^
          (![24, 24, 24, 24, 24, 24, 24, 24, 24, 38, 24, 38, 24, 46, 24, 29, 24, 29, 24, 29, 24, 29, 24] ⟨21, ⋯⟩ - 22) +
        if ⟨0, ⋯⟩ = ⟨24, ⋯⟩ then 1 else 0

case «21».«1»
⊢ (if ⟨1, ⋯⟩ = ⟨24, ⋯⟩ then 1 else 0) +
        ((-if ⟨1, ⋯⟩ = ⟨36, ⋯⟩ then 1 else 0) +
          -if ⟨1, ⋯⟩ = ⟨37, ⋯⟩ then ↑(![1125899906629633, 1125899905744897, 1125899905351681] 2) else 0) <
      512 ^
        (![24, 24, 24, 24, 24, 24, 24, 24, 24, 38, 24, 38, 24, 46, 24, 29, 24, 29, 24, 29, 24, 29, 24] ⟨21, ⋯⟩ - 22) ∧
    ((if ⟨1, ⋯⟩ = ⟨37, ⋯⟩ then ↑(![1125899906629633, 1125899905744897, 1125899905351681] 2) else 0) +
        if ⟨1, ⋯⟩ = ⟨36, ⋯⟩ then 1 else 0) <
      512 ^
          (![24, 24, 24, 24, 24, 24, 24, 24, 24, 38, 24, 38, 24, 46, 24, 29, 24, 29, 24, 29, 24, 29, 24] ⟨21, ⋯⟩ - 22) +
        if ⟨1, ⋯⟩ = ⟨24, ⋯⟩ then 1 else 0

case «21».«2»
⊢ (if ⟨2, ⋯⟩ = ⟨24, ⋯⟩ then 1 else 0) +
        ((-if ⟨2, ⋯⟩ = ⟨36, ⋯⟩ then 1 else 0) +
          -if ⟨2, ⋯⟩ = ⟨37, ⋯⟩ then ↑(![1125899906629633, 1125899905744897, 1125899905351681] 2) else 0) <
      512 ^
        (![24, 24, 24, 24, 24, 24, 24, 24, 24, 38, 24, 38, 24, 46, 24, 29, 24, 29, 24, 29, 24, 29, 24] ⟨21, ⋯⟩ - 22) ∧
    ((if ⟨2, ⋯⟩ = ⟨37, ⋯⟩ then ↑(![1125899906629633, 1125899905744897, 1125899905351681] 2) else 0) +
        if ⟨2, ⋯⟩ = ⟨36, ⋯⟩ then 1 else 0) <
      512 ^
          (![24, 24, 24, 24, 24, 24, 24, 24, 24, 38, 24, 38, 24, 46, 24, 29, 24, 29, 24, 29, 24, 29, 24] ⟨21, ⋯⟩ - 22) +
        if ⟨2, ⋯⟩ = ⟨24, ⋯⟩ then 1 else 0

case «21».«3»
⊢ (if ⟨3, ⋯⟩ = ⟨24, ⋯⟩ then 1 else 0) +
        ((-if ⟨3, ⋯⟩ = ⟨36, ⋯⟩ then 1 else 0) +
          -if ⟨3, ⋯⟩ = ⟨37, ⋯⟩ then ↑(![1125899906629633, 1125899905744897, 1125899905351681] 2) else 0) <
      512 ^
        (![24, 24, 24, 24, 24, 24, 24, 24, 24, 38, 24, 38, 24, 46, 24, 29, 24, 29, 24, 29, 24, 29, 24] ⟨21, ⋯⟩ - 22) ∧
    ((if ⟨3, ⋯⟩ = ⟨37, ⋯⟩ then ↑(![1125899906629633, 1125899905744897, 1125899905351681] 2) else 0) +
        if ⟨3, ⋯⟩ = ⟨36, ⋯⟩ then 1 else 0) <
      512 ^
          (![24, 24, 24, 24, 24, 24, 24, 24, 24, 38, 24, 38, 24, 46, 24, 29, 24, 29, 24, 29, 24, 29, 24] ⟨21, ⋯⟩ - 22) +
        if ⟨3, ⋯⟩ = ⟨24, ⋯⟩ then 1 else 0

case «21».«4»
⊢ (if ⟨4, ⋯⟩ = ⟨24, ⋯⟩ then 1 else 0) +
        ((-if ⟨4, ⋯⟩ = ⟨36, ⋯⟩ then 1 else 0) +
          -if ⟨4, ⋯⟩ = ⟨37, ⋯⟩ then ↑(![1125899906629633, 1125899905744897, 1125899905351681] 2) else 0) <
      512 ^
        (![24, 24, 24, 24, 24, 24, 24, 24, 24, 38, 24, 38, 24, 46, 24, 29, 24, 29, 24, 29, 24, 29, 24] ⟨21, ⋯⟩ - 22) ∧
    ((if ⟨4, ⋯⟩ = ⟨37, ⋯⟩ then ↑(![1125899906629633, 1125899905744897, 1125899905351681] 2) else 0) +
        if ⟨4, ⋯⟩ = ⟨36, ⋯⟩ then 1 else 0) <
      512 ^
          (![24, 24, 24, 24, 24, 24, 24, 24, 24, 38, 24, 38, 24, 46, 24, 29, 24, 29, 24, 29, 24, 29, 24] ⟨21, ⋯⟩ - 22) +
        if ⟨4, ⋯⟩ = ⟨24, ⋯⟩ then 1 else 0

case «21».«5»
⊢ (if ⟨5, ⋯⟩ = ⟨24, ⋯⟩ then 1 else 0) +
        ((-if ⟨5, ⋯⟩ = ⟨36, ⋯⟩ then 1 else 0) +
          -if ⟨5, ⋯⟩ = ⟨37, ⋯⟩ then ↑(![1125899906629633, 1125899905744897, 1125899905351681] 2) else 0) <
      512 ^
        (![24, 24, 24, 24, 24, 24, 24, 24, 24, 38, 24, 38, 24, 46, 24, 29, 24, 29, 24, 29, 24, 29, 24] ⟨21, ⋯⟩ - 22) ∧
    ((if ⟨5, ⋯⟩ = ⟨37, ⋯⟩ then ↑(![1125899906629633, 1125899905744897, 1125899905351681] 2) else 0) +
        if ⟨5, ⋯⟩ = ⟨36, ⋯⟩ then 1 else 0) <
      512 ^
          (![24, 24, 24, 24, 24, 24, 24, 24, 24, 38, 24, 38, 24, 46, 24, 29, 24, 29, 24, 29, 24, 29, 24] ⟨21, ⋯⟩ - 22) +
        if ⟨5, ⋯⟩ = ⟨24, ⋯⟩ then 1 else 0

case «21».«6»
⊢ (if ⟨6, ⋯⟩ = ⟨24, ⋯⟩ then 1 else 0) +
        ((-if ⟨6, ⋯⟩ = ⟨36, ⋯⟩ then 1 else 0) +
          -if ⟨6, ⋯⟩ = ⟨37, ⋯⟩ then ↑(![1125899906629633, 1125899905744897, 1125899905351681] 2) else 0) <
      512 ^
        (![24, 24, 24, 24, 24, 24, 24, 24, 24, 38, 24, 38, 24, 46, 24, 29, 24, 29, 24, 29, 24, 29, 24] ⟨21, ⋯⟩ - 22) ∧
    ((if ⟨6, ⋯⟩ = ⟨37, ⋯⟩ then ↑(![1125899906629633, 1125899905744897, 1125899905351681] 2) else 0) +
        if ⟨6, ⋯⟩ = ⟨36, ⋯⟩ then 1 else 0) <
      512 ^
          (![24, 24, 24, 24, 24, 24, 24, 24, 24, 38, 24, 38, 24, 46, 24, 29, 24, 29, 24, 29, 24, 29, 24] ⟨21, ⋯⟩ - 22) +
        if ⟨6, ⋯⟩ = ⟨24, ⋯⟩ then 1 else 0

case «21».«7»
⊢ (if ⟨7, ⋯⟩ = ⟨24, ⋯⟩ then 1 else 0) +
        ((-if ⟨7, ⋯⟩ = ⟨36, ⋯⟩ then 1 else 0) +
          -if ⟨7, ⋯⟩ = ⟨37, ⋯⟩ then ↑(![1125899906629633, 1125899905744897, 1125899905351681] 2) else 0) <
      512 ^
        (![24, 24, 24, 24, 24, 24, 24, 24, 24, 38, 24, 38, 24, 46, 24, 29, 24, 29, 24, 29, 24, 29, 24] ⟨21, ⋯⟩ - 22) ∧
    ((if ⟨7, ⋯⟩ = ⟨37, ⋯⟩ then ↑(![1125899906629633, 1125899905744897, 1125899905351681] 2) else 0) +
        if ⟨7, ⋯⟩ = ⟨36, ⋯⟩ then 1 else 0) <
      512 ^
          (![24, 24, 24, 24, 24, 24, 24, 24, 24, 38, 24, 38, 24, 46, 24, 29, 24, 29, 24, 29, 24, 29, 24] ⟨21, ⋯⟩ - 22) +
        if ⟨7, ⋯⟩ = ⟨24, ⋯⟩ then 1 else 0

case «21».«8»
⊢ (if ⟨8, ⋯⟩ = ⟨24, ⋯⟩ then 1 else 0) +
        ((-if ⟨8, ⋯⟩ = ⟨36, ⋯⟩ then 1 else 0) +
          -if ⟨8, ⋯⟩ = ⟨37, ⋯⟩ then ↑(![1125899906629633, 1125899905744897, 1125899905351681] 2) else 0) <
      512 ^
        (![24, 24, 24, 24, 24, 24, 24, 24, 24, 38, 24, 38, 24, 46, 24, 29, 24, 29, 24, 29, 24, 29, 24] ⟨21, ⋯⟩ - 22) ∧
    ((if ⟨8, ⋯⟩ = ⟨37, ⋯⟩ then ↑(![1125899906629633, 1125899905744897, 1125899905351681] 2) else 0) +
        if ⟨8, ⋯⟩ = ⟨36, ⋯⟩ then 1 else 0) <
      512 ^
          (![24, 24, 24, 24, 24, 24, 24, 24, 24, 38, 24, 38, 24, 46, 24, 29, 24, 29, 24, 29, 24, 29, 24] ⟨21, ⋯⟩ - 22) +
        if ⟨8, ⋯⟩ = ⟨24, ⋯⟩ then 1 else 0

case «21».«9»
⊢ (if ⟨9, ⋯⟩ = ⟨24, ⋯⟩ then 1 else 0) +
        ((-if ⟨9, ⋯⟩ = ⟨36, ⋯⟩ then 1 else 0) +
          -if ⟨9, ⋯⟩ = ⟨37, ⋯⟩ then ↑(![1125899906629633, 1125899905744897, 1125899905351681] 2) else 0) <
      512 ^
        (![24, 24, 24, 24, 24, 24, 24, 24, 24, 38, 24, 38, 24, 46, 24, 29, 24, 29, 24, 29, 24, 29, 24] ⟨21, ⋯⟩ - 22) ∧
    ((if ⟨9, ⋯⟩ = ⟨37, ⋯⟩ then ↑(![1125899906629633, 1125899905744897, 1125899905351681] 2) else 0) +
        if ⟨9, ⋯⟩ = ⟨36, ⋯⟩ then 1 else 0) <
      512 ^
          (![24, 24, 24, 24, 24, 24, 24, 24, 24, 38, 24, 38, 24, 46, 24, 29, 24, 29, 24, 29, 24, 29, 24] ⟨21, ⋯⟩ - 22) +
        if ⟨9, ⋯⟩ = ⟨24, ⋯⟩ then 1 else 0

case «21».«10»
⊢ (if ⟨10, ⋯⟩ = ⟨24, ⋯⟩ then 1 else 0) +
        ((-if ⟨10, ⋯⟩ = ⟨36, ⋯⟩ then 1 else 0) +
          -if ⟨10, ⋯⟩ = ⟨37, ⋯⟩ then ↑(![1125899906629633, 1125899905744897, 1125899905351681] 2) else 0) <
      512 ^
        (![24, 24, 24, 24, 24, 24, 24, 24, 24, 38, 24, 38, 24, 46, 24, 29, 24, 29, 24, 29, 24, 29, 24] ⟨21, ⋯⟩ - 22) ∧
    ((if ⟨10, ⋯⟩ = ⟨37, ⋯⟩ then ↑(![1125899906629633, 1125899905744897, 1125899905351681] 2) else 0) +
        if ⟨10, ⋯⟩ = ⟨36, ⋯⟩ then 1 else 0) <
      512 ^
          (![24, 24, 24, 24, 24, 24, 24, 24, 24, 38, 24, 38, 24, 46, 24, 29, 24, 29, 24, 29, 24, 29, 24] ⟨21, ⋯⟩ - 22) +
        if ⟨10, ⋯⟩ = ⟨24, ⋯⟩ then 1 else 0

case «21».«11»
⊢ (if ⟨11, ⋯⟩ = ⟨24, ⋯⟩ then 1 else 0) +
        ((-if ⟨11, ⋯⟩ = ⟨36, ⋯⟩ then 1 else 0) +
          -if ⟨11, ⋯⟩ = ⟨37, ⋯⟩ then ↑(![1125899906629633, 1125899905744897, 1125899905351681] 2) else 0) <
      512 ^
        (![24, 24, 24, 24, 24, 24, 24, 24, 24, 38, 24, 38, 24, 46, 24, 29, 24, 29, 24, 29, 24, 29, 24] ⟨21, ⋯⟩ - 22) ∧
    ((if ⟨11, ⋯⟩ = ⟨37, ⋯⟩ then ↑(![1125899906629633, 1125899905744897, 1125899905351681] 2) else 0) +
        if ⟨11, ⋯⟩ = ⟨36, ⋯⟩ then 1 else 0) <
      512 ^
          (![24, 24, 24, 24, 24, 24, 24, 24, 24, 38, 24, 38, 24, 46, 24, 29, 24, 29, 24, 29, 24, 29, 24] ⟨21, ⋯⟩ - 22) +
        if ⟨11, ⋯⟩ = ⟨24, ⋯⟩ then 1 else 0

case «21».«12»
⊢ (if ⟨12, ⋯⟩ = ⟨24, ⋯⟩ then 1 else 0) +
        ((-if ⟨12, ⋯⟩ = ⟨36, ⋯⟩ then 1 else 0) +
          -if ⟨12, ⋯⟩ = ⟨37, ⋯⟩ then ↑(![1125899906629633, 1125899905744897, 1125899905351681] 2) else 0) <
      512 ^
        (![24, 24, 24, 24, 24, 24, 24, 24, 24, 38, 24, 38, 24, 46, 24, 29, 24, 29, 24, 29, 24, 29, 24] ⟨21, ⋯⟩ - 22) ∧
    ((if ⟨12, ⋯⟩ = ⟨37, ⋯⟩ then ↑(![1125899906629633, 1125899905744897, 1125899905351681] 2) else 0) +
        if ⟨12, ⋯⟩ = ⟨36, ⋯⟩ then 1 else 0) <
      512 ^
          (![24, 24, 24, 24, 24, 24, 24, 24, 24, 38, 24, 38, 24, 46, 24, 29, 24, 29, 24, 29, 24, 29, 24] ⟨21, ⋯⟩ - 22) +
        if ⟨12, ⋯⟩ = ⟨24, ⋯⟩ then 1 else 0

case «21».«13»
⊢ (if ⟨13, ⋯⟩ = ⟨24, ⋯⟩ then 1 else 0) +
        ((-if ⟨13, ⋯⟩ = ⟨36, ⋯⟩ then 1 else 0) +
          -if ⟨13, ⋯⟩ = ⟨37, ⋯⟩ then ↑(![1125899906629633, 1125899905744897, 1125899905351681] 2) else 0) <
      512 ^
        (![24, 24, 24, 24, 24, 24, 24, 24, 24, 38, 24, 38, 24, 46, 24, 29, 24, 29, 24, 29, 24, 29, 24] ⟨21, ⋯⟩ - 22) ∧
    ((if ⟨13, ⋯⟩ = ⟨37, ⋯⟩ then ↑(![1125899906629633, 1125899905744897, 1125899905351681] 2) else 0) +
        if ⟨13, ⋯⟩ = ⟨36, ⋯⟩ then 1 else 0) <
      512 ^
          (![24, 24, 24, 24, 24, 24, 24, 24, 24, 38, 24, 38, 24, 46, 24, 29, 24, 29, 24, 29, 24, 29, 24] ⟨21, ⋯⟩ - 22) +
        if ⟨13, ⋯⟩ = ⟨24, ⋯⟩ then 1 else 0

case «21».«14»
⊢ (if ⟨14, ⋯⟩ = ⟨24, ⋯⟩ then 1 else 0) +
        ((-if ⟨14, ⋯⟩ = ⟨36, ⋯⟩ then 1 else 0) +
          -if ⟨14, ⋯⟩ = ⟨37, ⋯⟩ then ↑(![1125899906629633, 1125899905744897, 1125899905351681] 2) else 0) <
      512 ^
        (![24, 24, 24, 24, 24, 24, 24, 24, 24, 38, 24, 38, 24, 46, 24, 29, 24, 29, 24, 29, 24, 29, 24] ⟨21, ⋯⟩ - 22) ∧
    ((if ⟨14, ⋯⟩ = ⟨37, ⋯⟩ then ↑(![1125899906629633, 1125899905744897, 1125899905351681] 2) else 0) +
        if ⟨14, ⋯⟩ = ⟨36, ⋯⟩ then 1 else 0) <
      512 ^
          (![24, 24, 24, 24, 24, 24, 24, 24, 24, 38, 24, 38, 24, 46, 24, 29, 24, 29, 24, 29, 24, 29, 24] ⟨21, ⋯⟩ - 22) +
        if ⟨14, ⋯⟩ = ⟨24, ⋯⟩ then 1 else 0

case «21».«15»
⊢ (if ⟨15, ⋯⟩ = ⟨24, ⋯⟩ then 1 else 0) +
        ((-if ⟨15, ⋯⟩ = ⟨36, ⋯⟩ then 1 else 0) +
          -if ⟨15, ⋯⟩ = ⟨37, ⋯⟩ then ↑(![1125899906629633, 1125899905744897, 1125899905351681] 2) else 0) <
      512 ^
        (![24, 24, 24, 24, 24, 24, 24, 24, 24, 38, 24, 38, 24, 46, 24, 29, 24, 29, 24, 29, 24, 29, 24] ⟨21, ⋯⟩ - 22) ∧
    ((if ⟨15, ⋯⟩ = ⟨37, ⋯⟩ then ↑(![1125899906629633, 1125899905744897, 1125899905351681] 2) else 0) +
        if ⟨15, ⋯⟩ = ⟨36, ⋯⟩ then 1 else 0) <
      512 ^
          (![24, 24, 24, 24, 24, 24, 24, 24, 24, 38, 24, 38, 24, 46, 24, 29, 24, 29, 24, 29, 24, 29, 24] ⟨21, ⋯⟩ - 22) +
        if ⟨15, ⋯⟩ = ⟨24, ⋯⟩ then 1 else 0

case «21».«16»
⊢ (if ⟨16, ⋯⟩ = ⟨24, ⋯⟩ then 1 else 0) +
        ((-if ⟨16, ⋯⟩ = ⟨36, ⋯⟩ then 1 else 0) +
          -if ⟨16, ⋯⟩ = ⟨37, ⋯⟩ then ↑(![1125899906629633, 1125899905744897, 1125899905351681] 2) else 0) <
      512 ^
        (![24, 24, 24, 24, 24, 24, 24, 24, 24, 38, 24, 38, 24, 46, 24, 29, 24, 29, 24, 29, 24, 29, 24] ⟨21, ⋯⟩ - 22) ∧
    ((if ⟨16, ⋯⟩ = ⟨37, ⋯⟩ then ↑(![1125899906629633, 1125899905744897, 1125899905351681] 2) else 0) +
        if ⟨16, ⋯⟩ = ⟨36, ⋯⟩ then 1 else 0) <
      512 ^
          (![24, 24, 24, 24, 24, 24, 24, 24, 24, 38, 24, 38, 24, 46, 24, 29, 24, 29, 24, 29, 24, 29, 24] ⟨21, ⋯⟩ - 22) +
        if ⟨16, ⋯⟩ = ⟨24, ⋯⟩ then 1 else 0

case «21».«17»
⊢ (if ⟨17, ⋯⟩ = ⟨24, ⋯⟩ then 1 else 0) +
        ((-if ⟨17, ⋯⟩ = ⟨36, ⋯⟩ then 1 else 0) +
          -if ⟨17, ⋯⟩ = ⟨37, ⋯⟩ then ↑(![1125899906629633, 1125899905744897, 1125899905351681] 2) else 0) <
      512 ^
        (![24, 24, 24, 24, 24, 24, 24, 24, 24, 38, 24, 38, 24, 46, 24, 29, 24, 29, 24, 29, 24, 29, 24] ⟨21, ⋯⟩ - 22) ∧
    ((if ⟨17, ⋯⟩ = ⟨37, ⋯⟩ then ↑(![1125899906629633, 1125899905744897, 1125899905351681] 2) else 0) +
        if ⟨17, ⋯⟩ = ⟨36, ⋯⟩ then 1 else 0) <
      512 ^
          (![24, 24, 24, 24, 24, 24, 24, 24, 24, 38, 24, 38, 24, 46, 24, 29, 24, 29, 24, 29, 24, 29, 24] ⟨21, ⋯⟩ - 22) +
        if ⟨17, ⋯⟩ = ⟨24, ⋯⟩ then 1 else 0

case «21».«18»
⊢ (if ⟨18, ⋯⟩ = ⟨24, ⋯⟩ then 1 else 0) +
        ((-if ⟨18, ⋯⟩ = ⟨36, ⋯⟩ then 1 else 0) +
          -if ⟨18, ⋯⟩ = ⟨37, ⋯⟩ then ↑(![1125899906629633, 1125899905744897, 1125899905351681] 2) else 0) <
      512 ^
        (![24, 24, 24, 24, 24, 24, 24, 24, 24, 38, 24, 38, 24, 46, 24, 29, 24, 29, 24, 29, 24, 29, 24] ⟨21, ⋯⟩ - 22) ∧
    ((if ⟨18, ⋯⟩ = ⟨37, ⋯⟩ then ↑(![1125899906629633, 1125899905744897, 1125899905351681] 2) else 0) +
        if ⟨18, ⋯⟩ = ⟨36, ⋯⟩ then 1 else 0) <
      512 ^
          (![24, 24, 24, 24, 24, 24, 24, 24, 24, 38, 24, 38, 24, 46, 24, 29, 24, 29, 24, 29, 24, 29, 24] ⟨21, ⋯⟩ - 22) +
        if ⟨18, ⋯⟩ = ⟨24, ⋯⟩ then 1 else 0

case «21».«19»
⊢ (if ⟨19, ⋯⟩ = ⟨24, ⋯⟩ then 1 else 0) +
        ((-if ⟨19, ⋯⟩ = ⟨36, ⋯⟩ then 1 else 0) +
          -if ⟨19, ⋯⟩ = ⟨37, ⋯⟩ then ↑(![1125899906629633, 1125899905744897, 1125899905351681] 2) else 0) <
      512 ^
        (![24, 24, 24, 24, 24, 24, 24, 24, 24, 38, 24, 38, 24, 46, 24, 29, 24, 29, 24, 29, 24, 29, 24] ⟨21, ⋯⟩ - 22) ∧
    ((if ⟨19, ⋯⟩ = ⟨37, ⋯⟩ then ↑(![1125899906629633, 1125899905744897, 1125899905351681] 2) else 0) +
        if ⟨19, ⋯⟩ = ⟨36, ⋯⟩ then 1 else 0) <
      512 ^
          (![24, 24, 24, 24, 24, 24, 24, 24, 24, 38, 24, 38, 24, 46, 24, 29, 24, 29, 24, 29, 24, 29, 24] ⟨21, ⋯⟩ - 22) +
        if ⟨19, ⋯⟩ = ⟨24, ⋯⟩ then 1 else 0

case «21».«20»
⊢ (if ⟨20, ⋯⟩ = ⟨24, ⋯⟩ then 1 else 0) +
        ((-if ⟨20, ⋯⟩ = ⟨36, ⋯⟩ then 1 else 0) +
          -if ⟨20, ⋯⟩ = ⟨37, ⋯⟩ then ↑(![1125899906629633, 1125899905744897, 1125899905351681] 2) else 0) <
      512 ^
        (![24, 24, 24, 24, 24, 24, 24, 24, 24, 38, 24, 38, 24, 46, 24, 29, 24, 29, 24, 29, 24, 29, 24] ⟨21, ⋯⟩ - 22) ∧
    ((if ⟨20, ⋯⟩ = ⟨37, ⋯⟩ then ↑(![1125899906629633, 1125899905744897, 1125899905351681] 2) else 0) +
        if ⟨20, ⋯⟩ = ⟨36, ⋯⟩ then 1 else 0) <
      512 ^
          (![24, 24, 24, 24, 24, 24, 24, 24, 24, 38, 24, 38, 24, 46, 24, 29, 24, 29, 24, 29, 24, 29, 24] ⟨21, ⋯⟩ - 22) +
        if ⟨20, ⋯⟩ = ⟨24, ⋯⟩ then 1 else 0

case «21».«21»
⊢ (if ⟨21, ⋯⟩ = ⟨24, ⋯⟩ then 1 else 0) +
        ((-if ⟨21, ⋯⟩ = ⟨36, ⋯⟩ then 1 else 0) +
          -if ⟨21, ⋯⟩ = ⟨37, ⋯⟩ then ↑(![1125899906629633, 1125899905744897, 1125899905351681] 2) else 0) <
      512 ^
        (![24, 24, 24, 24, 24, 24, 24, 24, 24, 38, 24, 38, 24, 46, 24, 29, 24, 29, 24, 29, 24, 29, 24] ⟨21, ⋯⟩ - 22) ∧
    ((if ⟨21, ⋯⟩ = ⟨37, ⋯⟩ then ↑(![1125899906629633, 1125899905744897, 1125899905351681] 2) else 0) +
        if ⟨21, ⋯⟩ = ⟨36, ⋯⟩ then 1 else 0) <
      512 ^
          (![24, 24, 24, 24, 24, 24, 24, 24, 24, 38, 24, 38, 24, 46, 24, 29, 24, 29, 24, 29, 24, 29, 24] ⟨21, ⋯⟩ - 22) +
        if ⟨21, ⋯⟩ = ⟨24, ⋯⟩ then 1 else 0

case «21».«22»
⊢ (if ⟨22, ⋯⟩ = ⟨24, ⋯⟩ then 1 else 0) +
        ((-if ⟨22, ⋯⟩ = ⟨36, ⋯⟩ then 1 else 0) +
          -if ⟨22, ⋯⟩ = ⟨37, ⋯⟩ then ↑(![1125899906629633, 1125899905744897, 1125899905351681] 2) else 0) <
      512 ^
        (![24, 24, 24, 24, 24, 24, 24, 24, 24, 38, 24, 38, 24, 46, 24, 29, 24, 29, 24, 29, 24, 29, 24] ⟨21, ⋯⟩ - 22) ∧
    ((if ⟨22, ⋯⟩ = ⟨37, ⋯⟩ then ↑(![1125899906629633, 1125899905744897, 1125899905351681] 2) else 0) +
        if ⟨22, ⋯⟩ = ⟨36, ⋯⟩ then 1 else 0) <
      512 ^
          (![24, 24, 24, 24, 24, 24, 24, 24, 24, 38, 24, 38, 24, 46, 24, 29, 24, 29, 24, 29, 24, 29, 24] ⟨21, ⋯⟩ - 22) +
        if ⟨22, ⋯⟩ = ⟨24, ⋯⟩ then 1 else 0

case «21».«23»
⊢ (if ⟨23, ⋯⟩ = ⟨24, ⋯⟩ then 1 else 0) +
        ((-if ⟨23, ⋯⟩ = ⟨36, ⋯⟩ then 1 else 0) +
          -if ⟨23, ⋯⟩ = ⟨37, ⋯⟩ then ↑(![1125899906629633, 1125899905744897, 1125899905351681] 2) else 0) <
      512 ^
        (![24, 24, 24, 24, 24, 24, 24, 24, 24, 38, 24, 38, 24, 46, 24, 29, 24, 29, 24, 29, 24, 29, 24] ⟨21, ⋯⟩ - 22) ∧
    ((if ⟨23, ⋯⟩ = ⟨37, ⋯⟩ then ↑(![1125899906629633, 1125899905744897, 1125899905351681] 2) else 0) +
        if ⟨23, ⋯⟩ = ⟨36, ⋯⟩ then 1 else 0) <
      512 ^
          (![24, 24, 24, 24, 24, 24, 24, 24, 24, 38, 24, 38, 24, 46, 24, 29, 24, 29, 24, 29, 24, 29, 24] ⟨21, ⋯⟩ - 22) +
        if ⟨23, ⋯⟩ = ⟨24, ⋯⟩ then 1 else 0

case «21».«24»
⊢ (if ⟨24, ⋯⟩ = ⟨24, ⋯⟩ then 1 else 0) +
        ((-if ⟨24, ⋯⟩ = ⟨36, ⋯⟩ then 1 else 0) +
          -if ⟨24, ⋯⟩ = ⟨37, ⋯⟩ then ↑(![1125899906629633, 1125899905744897, 1125899905351681] 2) else 0) <
      512 ^
        (![24, 24, 24, 24, 24, 24, 24, 24, 24, 38, 24, 38, 24, 46, 24, 29, 24, 29, 24, 29, 24, 29, 24] ⟨21, ⋯⟩ - 22) ∧
    ((if ⟨24, ⋯⟩ = ⟨37, ⋯⟩ then ↑(![1125899906629633, 1125899905744897, 1125899905351681] 2) else 0) +
        if ⟨24, ⋯⟩ = ⟨36, ⋯⟩ then 1 else 0) <
      512 ^
          (![24, 24, 24, 24, 24, 24, 24, 24, 24, 38, 24, 38, 24, 46, 24, 29, 24, 29, 24, 29, 24, 29, 24] ⟨21, ⋯⟩ - 22) +
        if ⟨24, ⋯⟩ = ⟨24, ⋯⟩ then 1 else 0

case «21».«25»
⊢ (if ⟨25, ⋯⟩ = ⟨24, ⋯⟩ then 1 else 0) +
        ((-if ⟨25, ⋯⟩ = ⟨36, ⋯⟩ then 1 else 0) +
          -if ⟨25, ⋯⟩ = ⟨37, ⋯⟩ then ↑(![1125899906629633, 1125899905744897, 1125899905351681] 2) else 0) <
      512 ^
        (![24, 24, 24, 24, 24, 24, 24, 24, 24, 38, 24, 38, 24, 46, 24, 29, 24, 29, 24, 29, 24, 29, 24] ⟨21, ⋯⟩ - 22) ∧
    ((if ⟨25, ⋯⟩ = ⟨37, ⋯⟩ then ↑(![1125899906629633, 1125899905744897, 1125899905351681] 2) else 0) +
        if ⟨25, ⋯⟩ = ⟨36, ⋯⟩ then 1 else 0) <
      512 ^
          (![24, 24, 24, 24, 24, 24, 24, 24, 24, 38, 24, 38, 24, 46, 24, 29, 24, 29, 24, 29, 24, 29, 24] ⟨21, ⋯⟩ - 22) +
        if ⟨25, ⋯⟩ = ⟨24, ⋯⟩ then 1 else 0

case «21».«26»
⊢ (if ⟨26, ⋯⟩ = ⟨24, ⋯⟩ then 1 else 0) +
        ((-if ⟨26, ⋯⟩ = ⟨36, ⋯⟩ then 1 else 0) +
          -if ⟨26, ⋯⟩ = ⟨37, ⋯⟩ then ↑(![1125899906629633, 1125899905744897, 1125899905351681] 2) else 0) <
      512 ^
        (![24, 24, 24, 24, 24, 24, 24, 24, 24, 38, 24, 38, 24, 46, 24, 29, 24, 29, 24, 29, 24, 29, 24] ⟨21, ⋯⟩ - 22) ∧
    ((if ⟨26, ⋯⟩ = ⟨37, ⋯⟩ then ↑(![1125899906629633, 1125899905744897, 1125899905351681] 2) else 0) +
        if ⟨26, ⋯⟩ = ⟨36, ⋯⟩ then 1 else 0) <
      512 ^
          (![24, 24, 24, 24, 24, 24, 24, 24, 24, 38, 24, 38, 24, 46, 24, 29, 24, 29, 24, 29, 24, 29, 24] ⟨21, ⋯⟩ - 22) +
        if ⟨26, ⋯⟩ = ⟨24, ⋯⟩ then 1 else 0

case «21».«27»
⊢ (if ⟨27, ⋯⟩ = ⟨24, ⋯⟩ then 1 else 0) +
        ((-if ⟨27, ⋯⟩ = ⟨36, ⋯⟩ then 1 else 0) +
          -if ⟨27, ⋯⟩ = ⟨37, ⋯⟩ then ↑(![1125899906629633, 1125899905744897, 1125899905351681] 2) else 0) <
      512 ^
        (![24, 24, 24, 24, 24, 24, 24, 24, 24, 38, 24, 38, 24, 46, 24, 29, 24, 29, 24, 29, 24, 29, 24] ⟨21, ⋯⟩ - 22) ∧
    ((if ⟨27, ⋯⟩ = ⟨37, ⋯⟩ then ↑(![1125899906629633, 1125899905744897, 1125899905351681] 2) else 0) +
        if ⟨27, ⋯⟩ = ⟨36, ⋯⟩ then 1 else 0) <
      512 ^
          (![24, 24, 24, 24, 24, 24, 24, 24, 24, 38, 24, 38, 24, 46, 24, 29, 24, 29, 24, 29, 24, 29, 24] ⟨21, ⋯⟩ - 22) +
        if ⟨27, ⋯⟩ = ⟨24, ⋯⟩ then 1 else 0

case «21».«28»
⊢ (if ⟨28, ⋯⟩ = ⟨24, ⋯⟩ then 1 else 0) +
        ((-if ⟨28, ⋯⟩ = ⟨36, ⋯⟩ then 1 else 0) +
          -if ⟨28, ⋯⟩ = ⟨37, ⋯⟩ then ↑(![1125899906629633, 1125899905744897, 1125899905351681] 2) else 0) <
      512 ^
        (![24, 24, 24, 24, 24, 24, 24, 24, 24, 38, 24, 38, 24, 46, 24, 29, 24, 29, 24, 29, 24, 29, 24] ⟨21, ⋯⟩ - 22) ∧
    ((if ⟨28, ⋯⟩ = ⟨37, ⋯⟩ then ↑(![1125899906629633, 1125899905744897, 1125899905351681] 2) else 0) +
        if ⟨28, ⋯⟩ = ⟨36, ⋯⟩ then 1 else 0) <
      512 ^
          (![24, 24, 24, 24, 24, 24, 24, 24, 24, 38, 24, 38, 24, 46, 24, 29, 24, 29, 24, 29, 24, 29, 24] ⟨21, ⋯⟩ - 22) +
        if ⟨28, ⋯⟩ = ⟨24, ⋯⟩ then 1 else 0

case «21».«29»
⊢ (if ⟨29, ⋯⟩ = ⟨24, ⋯⟩ then 1 else 0) +
        ((-if ⟨29, ⋯⟩ = ⟨36, ⋯⟩ then 1 else 0) +
          -if ⟨29, ⋯⟩ = ⟨37, ⋯⟩ then ↑(![1125899906629633, 1125899905744897, 1125899905351681] 2) else 0) <
      512 ^
        (![24, 24, 24, 24, 24, 24, 24, 24, 24, 38, 24, 38, 24, 46, 24, 29, 24, 29, 24, 29, 24, 29, 24] ⟨21, ⋯⟩ - 22) ∧
    ((if ⟨29, ⋯⟩ = ⟨37, ⋯⟩ then ↑(![1125899906629633, 1125899905744897, 1125899905351681] 2) else 0) +
        if ⟨29, ⋯⟩ = ⟨36, ⋯⟩ then 1 else 0) <
      512 ^
          (![24, 24, 24, 24, 24, 24, 24, 24, 24, 38, 24, 38, 24, 46, 24, 29, 24, 29, 24, 29, 24, 29, 24] ⟨21, ⋯⟩ - 22) +
        if ⟨29, ⋯⟩ = ⟨24, ⋯⟩ then 1 else 0

case «21».«30»
⊢ (if ⟨30, ⋯⟩ = ⟨24, ⋯⟩ then 1 else 0) +
        ((-if ⟨30, ⋯⟩ = ⟨36, ⋯⟩ then 1 else 0) +
          -if ⟨30, ⋯⟩ = ⟨37, ⋯⟩ then ↑(![1125899906629633, 1125899905744897, 1125899905351681] 2) else 0) <
      512 ^
        (![24, 24, 24, 24, 24, 24, 24, 24, 24, 38, 24, 38, 24, 46, 24, 29, 24, 29, 24, 29, 24, 29, 24] ⟨21, ⋯⟩ - 22) ∧
    ((if ⟨30, ⋯⟩ = ⟨37, ⋯⟩ then ↑(![1125899906629633, 1125899905744897, 1125899905351681] 2) else 0) +
        if ⟨30, ⋯⟩ = ⟨36, ⋯⟩ then 1 else 0) <
      512 ^
          (![24, 24, 24, 24, 24, 24, 24, 24, 24, 38, 24, 38, 24, 46, 24, 29, 24, 29, 24, 29, 24, 29, 24] ⟨21, ⋯⟩ - 22) +
        if ⟨30, ⋯⟩ = ⟨24, ⋯⟩ then 1 else 0

case «21».«31»
⊢ (if ⟨31, ⋯⟩ = ⟨24, ⋯⟩ then 1 else 0) +
        ((-if ⟨31, ⋯⟩ = ⟨36, ⋯⟩ then 1 else 0) +
          -if ⟨31, ⋯⟩ = ⟨37, ⋯⟩ then ↑(![1125899906629633, 1125899905744897, 1125899905351681] 2) else 0) <
      512 ^
        (![24, 24, 24, 24, 24, 24, 24, 24, 24, 38, 24, 38, 24, 46, 24, 29, 24, 29, 24, 29, 24, 29, 24] ⟨21, ⋯⟩ - 22) ∧
    ((if ⟨31, ⋯⟩ = ⟨37, ⋯⟩ then ↑(![1125899906629633, 1125899905744897, 1125899905351681] 2) else 0) +
        if ⟨31, ⋯⟩ = ⟨36, ⋯⟩ then 1 else 0) <
      512 ^
          (![24, 24, 24, 24, 24, 24, 24, 24, 24, 38, 24, 38, 24, 46, 24, 29, 24, 29, 24, 29, 24, 29, 24] ⟨21, ⋯⟩ - 22) +
        if ⟨31, ⋯⟩ = ⟨24, ⋯⟩ then 1 else 0

case «21».«32»
⊢ (if ⟨32, ⋯⟩ = ⟨24, ⋯⟩ then 1 else 0) +
        ((-if ⟨32, ⋯⟩ = ⟨36, ⋯⟩ then 1 else 0) +
          -if ⟨32, ⋯⟩ = ⟨37, ⋯⟩ then ↑(![1125899906629633, 1125899905744897, 1125899905351681] 2) else 0) <
      512 ^
        (![24, 24, 24, 24, 24, 24, 24, 24, 24, 38, 24, 38, 24, 46, 24, 29, 24, 29, 24, 29, 24, 29, 24] ⟨21, ⋯⟩ - 22) ∧
    ((if ⟨32, ⋯⟩ = ⟨37, ⋯⟩ then ↑(![1125899906629633, 1125899905744897, 1125899905351681] 2) else 0) +
        if ⟨32, ⋯⟩ = ⟨36, ⋯⟩ then 1 else 0) <
      512 ^
          (![24, 24, 24, 24, 24, 24, 24, 24, 24, 38, 24, 38, 24, 46, 24, 29, 24, 29, 24, 29, 24, 29, 24] ⟨21, ⋯⟩ - 22) +
        if ⟨32, ⋯⟩ = ⟨24, ⋯⟩ then 1 else 0

case «21».«33»
⊢ (if ⟨33, ⋯⟩ = ⟨24, ⋯⟩ then 1 else 0) +
        ((-if ⟨33, ⋯⟩ = ⟨36, ⋯⟩ then 1 else 0) +
          -if ⟨33, ⋯⟩ = ⟨37, ⋯⟩ then ↑(![1125899906629633, 1125899905744897, 1125899905351681] 2) else 0) <
      512 ^
        (![24, 24, 24, 24, 24, 24, 24, 24, 24, 38, 24, 38, 24, 46, 24, 29, 24, 29, 24, 29, 24, 29, 24] ⟨21, ⋯⟩ - 22) ∧
    ((if ⟨33, ⋯⟩ = ⟨37, ⋯⟩ then ↑(![1125899906629633, 1125899905744897, 1125899905351681] 2) else 0) +
        if ⟨33, ⋯⟩ = ⟨36, ⋯⟩ then 1 else 0) <
      512 ^
          (![24, 24, 24, 24, 24, 24, 24, 24, 24, 38, 24, 38, 24, 46, 24, 29, 24, 29, 24, 29, 24, 29, 24] ⟨21, ⋯⟩ - 22) +
        if ⟨33, ⋯⟩ = ⟨24, ⋯⟩ then 1 else 0

case «21».«34»
⊢ (if ⟨34, ⋯⟩ = ⟨24, ⋯⟩ then 1 else 0) +
        ((-if ⟨34, ⋯⟩ = ⟨36, ⋯⟩ then 1 else 0) +
          -if ⟨34, ⋯⟩ = ⟨37, ⋯⟩ then ↑(![1125899906629633, 1125899905744897, 1125899905351681] 2) else 0) <
      512 ^
        (![24, 24, 24, 24, 24, 24, 24, 24, 24, 38, 24, 38, 24, 46, 24, 29, 24, 29, 24, 29, 24, 29, 24] ⟨21, ⋯⟩ - 22) ∧
    ((if ⟨34, ⋯⟩ = ⟨37, ⋯⟩ then ↑(![1125899906629633, 1125899905744897, 1125899905351681] 2) else 0) +
        if ⟨34, ⋯⟩ = ⟨36, ⋯⟩ then 1 else 0) <
      512 ^
          (![24, 24, 24, 24, 24, 24, 24, 24, 24, 38, 24, 38, 24, 46, 24, 29, 24, 29, 24, 29, 24, 29, 24] ⟨21, ⋯⟩ - 22) +
        if ⟨34, ⋯⟩ = ⟨24, ⋯⟩ then 1 else 0

case «21».«35»
⊢ (if ⟨35, ⋯⟩ = ⟨24, ⋯⟩ then 1 else 0) +
        ((-if ⟨35, ⋯⟩ = ⟨36, ⋯⟩ then 1 else 0) +
          -if ⟨35, ⋯⟩ = ⟨37, ⋯⟩ then ↑(![1125899906629633, 1125899905744897, 1125899905351681] 2) else 0) <
      512 ^
        (![24, 24, 24, 24, 24, 24, 24, 24, 24, 38, 24, 38, 24, 46, 24, 29, 24, 29, 24, 29, 24, 29, 24] ⟨21, ⋯⟩ - 22) ∧
    ((if ⟨35, ⋯⟩ = ⟨37, ⋯⟩ then ↑(![1125899906629633, 1125899905744897, 1125899905351681] 2) else 0) +
        if ⟨35, ⋯⟩ = ⟨36, ⋯⟩ then 1 else 0) <
      512 ^
          (![24, 24, 24, 24, 24, 24, 24, 24, 24, 38, 24, 38, 24, 46, 24, 29, 24, 29, 24, 29, 24, 29, 24] ⟨21, ⋯⟩ - 22) +
        if ⟨35, ⋯⟩ = ⟨24, ⋯⟩ then 1 else 0

case «21».«36»
⊢ (if ⟨36, ⋯⟩ = ⟨24, ⋯⟩ then 1 else 0) +
        ((-if ⟨36, ⋯⟩ = ⟨36, ⋯⟩ then 1 else 0) +
          -if ⟨36, ⋯⟩ = ⟨37, ⋯⟩ then ↑(![1125899906629633, 1125899905744897, 1125899905351681] 2) else 0) <
      512 ^
        (![24, 24, 24, 24, 24, 24, 24, 24, 24, 38, 24, 38, 24, 46, 24, 29, 24, 29, 24, 29, 24, 29, 24] ⟨21, ⋯⟩ - 22) ∧
    ((if ⟨36, ⋯⟩ = ⟨37, ⋯⟩ then ↑(![1125899906629633, 1125899905744897, 1125899905351681] 2) else 0) +
        if ⟨36, ⋯⟩ = ⟨36, ⋯⟩ then 1 else 0) <
      512 ^
          (![24, 24, 24, 24, 24, 24, 24, 24, 24, 38, 24, 38, 24, 46, 24, 29, 24, 29, 24, 29, 24, 29, 24] ⟨21, ⋯⟩ - 22) +
        if ⟨36, ⋯⟩ = ⟨24, ⋯⟩ then 1 else 0

case «21».«37»
⊢ (if ⟨37, ⋯⟩ = ⟨24, ⋯⟩ then 1 else 0) +
        ((-if ⟨37, ⋯⟩ = ⟨36, ⋯⟩ then 1 else 0) +
          -if ⟨37, ⋯⟩ = ⟨37, ⋯⟩ then ↑(![1125899906629633, 1125899905744897, 1125899905351681] 2) else 0) <
      512 ^
        (![24, 24, 24, 24, 24, 24, 24, 24, 24, 38, 24, 38, 24, 46, 24, 29, 24, 29, 24, 29, 24, 29, 24] ⟨21, ⋯⟩ - 22) ∧
    ((if ⟨37, ⋯⟩ = ⟨37, ⋯⟩ then ↑(![1125899906629633, 1125899905744897, 1125899905351681] 2) else 0) +
        if ⟨37, ⋯⟩ = ⟨36, ⋯⟩ then 1 else 0) <
      512 ^
          (![24, 24, 24, 24, 24, 24, 24, 24, 24, 38, 24, 38, 24, 46, 24, 29, 24, 29, 24, 29, 24, 29, 24] ⟨21, ⋯⟩ - 22) +
        if ⟨37, ⋯⟩ = ⟨24, ⋯⟩ then 1 else 0

case «21».«38»
⊢ (if ⟨38, ⋯⟩ = ⟨24, ⋯⟩ then 1 else 0) +
        ((-if ⟨38, ⋯⟩ = ⟨36, ⋯⟩ then 1 else 0) +
          -if ⟨38, ⋯⟩ = ⟨37, ⋯⟩ then ↑(![1125899906629633, 1125899905744897, 1125899905351681] 2) else 0) <
      512 ^
        (![24, 24, 24, 24, 24, 24, 24, 24, 24, 38, 24, 38, 24, 46, 24, 29, 24, 29, 24, 29, 24, 29, 24] ⟨21, ⋯⟩ - 22) ∧
    ((if ⟨38, ⋯⟩ = ⟨37, ⋯⟩ then ↑(![1125899906629633, 1125899905744897, 1125899905351681] 2) else 0) +
        if ⟨38, ⋯⟩ = ⟨36, ⋯⟩ then 1 else 0) <
      512 ^
          (![24, 24, 24, 24, 24, 24, 24, 24, 24, 38, 24, 38, 24, 46, 24, 29, 24, 29, 24, 29, 24, 29, 24] ⟨21, ⋯⟩ - 22) +
        if ⟨38, ⋯⟩ = ⟨24, ⋯⟩ then 1 else 0

case «22».«0»
⊢ ((if ⟨0, ⋯⟩ = ⟨36, ⋯⟩ then 1 else 0) + if ⟨0, ⋯⟩ = ⟨38, ⋯⟩ then 1 else 0) <
      512 ^
        (![24, 24, 24, 24, 24, 24, 24, 24, 24, 38, 24, 38, 24, 46, 24, 29, 24, 29, 24, 29, 24, 29, 24] ⟨22, ⋯⟩ - 22) ∧
    (-if ⟨0, ⋯⟩ = ⟨38, ⋯⟩ then 1 else 0) <
      512 ^
          (![24, 24, 24, 24, 24, 24, 24, 24, 24, 38, 24, 38, 24, 46, 24, 29, 24, 29, 24, 29, 24, 29, 24] ⟨22, ⋯⟩ - 22) +
        if ⟨0, ⋯⟩ = ⟨36, ⋯⟩ then 1 else 0

case «22».«1»
⊢ ((if ⟨1, ⋯⟩ = ⟨36, ⋯⟩ then 1 else 0) + if ⟨1, ⋯⟩ = ⟨38, ⋯⟩ then 1 else 0) <
      512 ^
        (![24, 24, 24, 24, 24, 24, 24, 24, 24, 38, 24, 38, 24, 46, 24, 29, 24, 29, 24, 29, 24, 29, 24] ⟨22, ⋯⟩ - 22) ∧
    (-if ⟨1, ⋯⟩ = ⟨38, ⋯⟩ then 1 else 0) <
      512 ^
          (![24, 24, 24, 24, 24, 24, 24, 24, 24, 38, 24, 38, 24, 46, 24, 29, 24, 29, 24, 29, 24, 29, 24] ⟨22, ⋯⟩ - 22) +
        if ⟨1, ⋯⟩ = ⟨36, ⋯⟩ then 1 else 0

case «22».«2»
⊢ ((if ⟨2, ⋯⟩ = ⟨36, ⋯⟩ then 1 else 0) + if ⟨2, ⋯⟩ = ⟨38, ⋯⟩ then 1 else 0) <
      512 ^
        (![24, 24, 24, 24, 24, 24, 24, 24, 24, 38, 24, 38, 24, 46, 24, 29, 24, 29, 24, 29, 24, 29, 24] ⟨22, ⋯⟩ - 22) ∧
    (-if ⟨2, ⋯⟩ = ⟨38, ⋯⟩ then 1 else 0) <
      512 ^
          (![24, 24, 24, 24, 24, 24, 24, 24, 24, 38, 24, 38, 24, 46, 24, 29, 24, 29, 24, 29, 24, 29, 24] ⟨22, ⋯⟩ - 22) +
        if ⟨2, ⋯⟩ = ⟨36, ⋯⟩ then 1 else 0

case «22».«3»
⊢ ((if ⟨3, ⋯⟩ = ⟨36, ⋯⟩ then 1 else 0) + if ⟨3, ⋯⟩ = ⟨38, ⋯⟩ then 1 else 0) <
      512 ^
        (![24, 24, 24, 24, 24, 24, 24, 24, 24, 38, 24, 38, 24, 46, 24, 29, 24, 29, 24, 29, 24, 29, 24] ⟨22, ⋯⟩ - 22) ∧
    (-if ⟨3, ⋯⟩ = ⟨38, ⋯⟩ then 1 else 0) <
      512 ^
          (![24, 24, 24, 24, 24, 24, 24, 24, 24, 38, 24, 38, 24, 46, 24, 29, 24, 29, 24, 29, 24, 29, 24] ⟨22, ⋯⟩ - 22) +
        if ⟨3, ⋯⟩ = ⟨36, ⋯⟩ then 1 else 0

case «22».«4»
⊢ ((if ⟨4, ⋯⟩ = ⟨36, ⋯⟩ then 1 else 0) + if ⟨4, ⋯⟩ = ⟨38, ⋯⟩ then 1 else 0) <
      512 ^
        (![24, 24, 24, 24, 24, 24, 24, 24, 24, 38, 24, 38, 24, 46, 24, 29, 24, 29, 24, 29, 24, 29, 24] ⟨22, ⋯⟩ - 22) ∧
    (-if ⟨4, ⋯⟩ = ⟨38, ⋯⟩ then 1 else 0) <
      512 ^
          (![24, 24, 24, 24, 24, 24, 24, 24, 24, 38, 24, 38, 24, 46, 24, 29, 24, 29, 24, 29, 24, 29, 24] ⟨22, ⋯⟩ - 22) +
        if ⟨4, ⋯⟩ = ⟨36, ⋯⟩ then 1 else 0

case «22».«5»
⊢ ((if ⟨5, ⋯⟩ = ⟨36, ⋯⟩ then 1 else 0) + if ⟨5, ⋯⟩ = ⟨38, ⋯⟩ then 1 else 0) <
      512 ^
        (![24, 24, 24, 24, 24, 24, 24, 24, 24, 38, 24, 38, 24, 46, 24, 29, 24, 29, 24, 29, 24, 29, 24] ⟨22, ⋯⟩ - 22) ∧
    (-if ⟨5, ⋯⟩ = ⟨38, ⋯⟩ then 1 else 0) <
      512 ^
          (![24, 24, 24, 24, 24, 24, 24, 24, 24, 38, 24, 38, 24, 46, 24, 29, 24, 29, 24, 29, 24, 29, 24] ⟨22, ⋯⟩ - 22) +
        if ⟨5, ⋯⟩ = ⟨36, ⋯⟩ then 1 else 0

case «22».«6»
⊢ ((if ⟨6, ⋯⟩ = ⟨36, ⋯⟩ then 1 else 0) + if ⟨6, ⋯⟩ = ⟨38, ⋯⟩ then 1 else 0) <
      512 ^
        (![24, 24, 24, 24, 24, 24, 24, 24, 24, 38, 24, 38, 24, 46, 24, 29, 24, 29, 24, 29, 24, 29, 24] ⟨22, ⋯⟩ - 22) ∧
    (-if ⟨6, ⋯⟩ = ⟨38, ⋯⟩ then 1 else 0) <
      512 ^
          (![24, 24, 24, 24, 24, 24, 24, 24, 24, 38, 24, 38, 24, 46, 24, 29, 24, 29, 24, 29, 24, 29, 24] ⟨22, ⋯⟩ - 22) +
        if ⟨6, ⋯⟩ = ⟨36, ⋯⟩ then 1 else 0

case «22».«7»
⊢ ((if ⟨7, ⋯⟩ = ⟨36, ⋯⟩ then 1 else 0) + if ⟨7, ⋯⟩ = ⟨38, ⋯⟩ then 1 else 0) <
      512 ^
        (![24, 24, 24, 24, 24, 24, 24, 24, 24, 38, 24, 38, 24, 46, 24, 29, 24, 29, 24, 29, 24, 29, 24] ⟨22, ⋯⟩ - 22) ∧
    (-if ⟨7, ⋯⟩ = ⟨38, ⋯⟩ then 1 else 0) <
      512 ^
          (![24, 24, 24, 24, 24, 24, 24, 24, 24, 38, 24, 38, 24, 46, 24, 29, 24, 29, 24, 29, 24, 29, 24] ⟨22, ⋯⟩ - 22) +
        if ⟨7, ⋯⟩ = ⟨36, ⋯⟩ then 1 else 0

case «22».«8»
⊢ ((if ⟨8, ⋯⟩ = ⟨36, ⋯⟩ then 1 else 0) + if ⟨8, ⋯⟩ = ⟨38, ⋯⟩ then 1 else 0) <
      512 ^
        (![24, 24, 24, 24, 24, 24, 24, 24, 24, 38, 24, 38, 24, 46, 24, 29, 24, 29, 24, 29, 24, 29, 24] ⟨22, ⋯⟩ - 22) ∧
    (-if ⟨8, ⋯⟩ = ⟨38, ⋯⟩ then 1 else 0) <
      512 ^
          (![24, 24, 24, 24, 24, 24, 24, 24, 24, 38, 24, 38, 24, 46, 24, 29, 24, 29, 24, 29, 24, 29, 24] ⟨22, ⋯⟩ - 22) +
        if ⟨8, ⋯⟩ = ⟨36, ⋯⟩ then 1 else 0

case «22».«9»
⊢ ((if ⟨9, ⋯⟩ = ⟨36, ⋯⟩ then 1 else 0) + if ⟨9, ⋯⟩ = ⟨38, ⋯⟩ then 1 else 0) <
      512 ^
        (![24, 24, 24, 24, 24, 24, 24, 24, 24, 38, 24, 38, 24, 46, 24, 29, 24, 29, 24, 29, 24, 29, 24] ⟨22, ⋯⟩ - 22) ∧
    (-if ⟨9, ⋯⟩ = ⟨38, ⋯⟩ then 1 else 0) <
      512 ^
          (![24, 24, 24, 24, 24, 24, 24, 24, 24, 38, 24, 38, 24, 46, 24, 29, 24, 29, 24, 29, 24, 29, 24] ⟨22, ⋯⟩ - 22) +
        if ⟨9, ⋯⟩ = ⟨36, ⋯⟩ then 1 else 0

case «22».«10»
⊢ ((if ⟨10, ⋯⟩ = ⟨36, ⋯⟩ then 1 else 0) + if ⟨10, ⋯⟩ = ⟨38, ⋯⟩ then 1 else 0) <
      512 ^
        (![24, 24, 24, 24, 24, 24, 24, 24, 24, 38, 24, 38, 24, 46, 24, 29, 24, 29, 24, 29, 24, 29, 24] ⟨22, ⋯⟩ - 22) ∧
    (-if ⟨10, ⋯⟩ = ⟨38, ⋯⟩ then 1 else 0) <
      512 ^
          (![24, 24, 24, 24, 24, 24, 24, 24, 24, 38, 24, 38, 24, 46, 24, 29, 24, 29, 24, 29, 24, 29, 24] ⟨22, ⋯⟩ - 22) +
        if ⟨10, ⋯⟩ = ⟨36, ⋯⟩ then 1 else 0

case «22».«11»
⊢ ((if ⟨11, ⋯⟩ = ⟨36, ⋯⟩ then 1 else 0) + if ⟨11, ⋯⟩ = ⟨38, ⋯⟩ then 1 else 0) <
      512 ^
        (![24, 24, 24, 24, 24, 24, 24, 24, 24, 38, 24, 38, 24, 46, 24, 29, 24, 29, 24, 29, 24, 29, 24] ⟨22, ⋯⟩ - 22) ∧
    (-if ⟨11, ⋯⟩ = ⟨38, ⋯⟩ then 1 else 0) <
      512 ^
          (![24, 24, 24, 24, 24, 24, 24, 24, 24, 38, 24, 38, 24, 46, 24, 29, 24, 29, 24, 29, 24, 29, 24] ⟨22, ⋯⟩ - 22) +
        if ⟨11, ⋯⟩ = ⟨36, ⋯⟩ then 1 else 0

case «22».«12»
⊢ ((if ⟨12, ⋯⟩ = ⟨36, ⋯⟩ then 1 else 0) + if ⟨12, ⋯⟩ = ⟨38, ⋯⟩ then 1 else 0) <
      512 ^
        (![24, 24, 24, 24, 24, 24, 24, 24, 24, 38, 24, 38, 24, 46, 24, 29, 24, 29, 24, 29, 24, 29, 24] ⟨22, ⋯⟩ - 22) ∧
    (-if ⟨12, ⋯⟩ = ⟨38, ⋯⟩ then 1 else 0) <
      512 ^
          (![24, 24, 24, 24, 24, 24, 24, 24, 24, 38, 24, 38, 24, 46, 24, 29, 24, 29, 24, 29, 24, 29, 24] ⟨22, ⋯⟩ - 22) +
        if ⟨12, ⋯⟩ = ⟨36, ⋯⟩ then 1 else 0

case «22».«13»
⊢ ((if ⟨13, ⋯⟩ = ⟨36, ⋯⟩ then 1 else 0) + if ⟨13, ⋯⟩ = ⟨38, ⋯⟩ then 1 else 0) <
      512 ^
        (![24, 24, 24, 24, 24, 24, 24, 24, 24, 38, 24, 38, 24, 46, 24, 29, 24, 29, 24, 29, 24, 29, 24] ⟨22, ⋯⟩ - 22) ∧
    (-if ⟨13, ⋯⟩ = ⟨38, ⋯⟩ then 1 else 0) <
      512 ^
          (![24, 24, 24, 24, 24, 24, 24, 24, 24, 38, 24, 38, 24, 46, 24, 29, 24, 29, 24, 29, 24, 29, 24] ⟨22, ⋯⟩ - 22) +
        if ⟨13, ⋯⟩ = ⟨36, ⋯⟩ then 1 else 0

case «22».«14»
⊢ ((if ⟨14, ⋯⟩ = ⟨36, ⋯⟩ then 1 else 0) + if ⟨14, ⋯⟩ = ⟨38, ⋯⟩ then 1 else 0) <
      512 ^
        (![24, 24, 24, 24, 24, 24, 24, 24, 24, 38, 24, 38, 24, 46, 24, 29, 24, 29, 24, 29, 24, 29, 24] ⟨22, ⋯⟩ - 22) ∧
    (-if ⟨14, ⋯⟩ = ⟨38, ⋯⟩ then 1 else 0) <
      512 ^
          (![24, 24, 24, 24, 24, 24, 24, 24, 24, 38, 24, 38, 24, 46, 24, 29, 24, 29, 24, 29, 24, 29, 24] ⟨22, ⋯⟩ - 22) +
        if ⟨14, ⋯⟩ = ⟨36, ⋯⟩ then 1 else 0

case «22».«15»
⊢ ((if ⟨15, ⋯⟩ = ⟨36, ⋯⟩ then 1 else 0) + if ⟨15, ⋯⟩ = ⟨38, ⋯⟩ then 1 else 0) <
      512 ^
        (![24, 24, 24, 24, 24, 24, 24, 24, 24, 38, 24, 38, 24, 46, 24, 29, 24, 29, 24, 29, 24, 29, 24] ⟨22, ⋯⟩ - 22) ∧
    (-if ⟨15, ⋯⟩ = ⟨38, ⋯⟩ then 1 else 0) <
      512 ^
          (![24, 24, 24, 24, 24, 24, 24, 24, 24, 38, 24, 38, 24, 46, 24, 29, 24, 29, 24, 29, 24, 29, 24] ⟨22, ⋯⟩ - 22) +
        if ⟨15, ⋯⟩ = ⟨36, ⋯⟩ then 1 else 0

case «22».«16»
⊢ ((if ⟨16, ⋯⟩ = ⟨36, ⋯⟩ then 1 else 0) + if ⟨16, ⋯⟩ = ⟨38, ⋯⟩ then 1 else 0) <
      512 ^
        (![24, 24, 24, 24, 24, 24, 24, 24, 24, 38, 24, 38, 24, 46, 24, 29, 24, 29, 24, 29, 24, 29, 24] ⟨22, ⋯⟩ - 22) ∧
    (-if ⟨16, ⋯⟩ = ⟨38, ⋯⟩ then 1 else 0) <
      512 ^
          (![24, 24, 24, 24, 24, 24, 24, 24, 24, 38, 24, 38, 24, 46, 24, 29, 24, 29, 24, 29, 24, 29, 24] ⟨22, ⋯⟩ - 22) +
        if ⟨16, ⋯⟩ = ⟨36, ⋯⟩ then 1 else 0

case «22».«17»
⊢ ((if ⟨17, ⋯⟩ = ⟨36, ⋯⟩ then 1 else 0) + if ⟨17, ⋯⟩ = ⟨38, ⋯⟩ then 1 else 0) <
      512 ^
        (![24, 24, 24, 24, 24, 24, 24, 24, 24, 38, 24, 38, 24, 46, 24, 29, 24, 29, 24, 29, 24, 29, 24] ⟨22, ⋯⟩ - 22) ∧
    (-if ⟨17, ⋯⟩ = ⟨38, ⋯⟩ then 1 else 0) <
      512 ^
          (![24, 24, 24, 24, 24, 24, 24, 24, 24, 38, 24, 38, 24, 46, 24, 29, 24, 29, 24, 29, 24, 29, 24] ⟨22, ⋯⟩ - 22) +
        if ⟨17, ⋯⟩ = ⟨36, ⋯⟩ then 1 else 0

case «22».«18»
⊢ ((if ⟨18, ⋯⟩ = ⟨36, ⋯⟩ then 1 else 0) + if ⟨18, ⋯⟩ = ⟨38, ⋯⟩ then 1 else 0) <
      512 ^
        (![24, 24, 24, 24, 24, 24, 24, 24, 24, 38, 24, 38, 24, 46, 24, 29, 24, 29, 24, 29, 24, 29, 24] ⟨22, ⋯⟩ - 22) ∧
    (-if ⟨18, ⋯⟩ = ⟨38, ⋯⟩ then 1 else 0) <
      512 ^
          (![24, 24, 24, 24, 24, 24, 24, 24, 24, 38, 24, 38, 24, 46, 24, 29, 24, 29, 24, 29, 24, 29, 24] ⟨22, ⋯⟩ - 22) +
        if ⟨18, ⋯⟩ = ⟨36, ⋯⟩ then 1 else 0

case «22».«19»
⊢ ((if ⟨19, ⋯⟩ = ⟨36, ⋯⟩ then 1 else 0) + if ⟨19, ⋯⟩ = ⟨38, ⋯⟩ then 1 else 0) <
      512 ^
        (![24, 24, 24, 24, 24, 24, 24, 24, 24, 38, 24, 38, 24, 46, 24, 29, 24, 29, 24, 29, 24, 29, 24] ⟨22, ⋯⟩ - 22) ∧
    (-if ⟨19, ⋯⟩ = ⟨38, ⋯⟩ then 1 else 0) <
      512 ^
          (![24, 24, 24, 24, 24, 24, 24, 24, 24, 38, 24, 38, 24, 46, 24, 29, 24, 29, 24, 29, 24, 29, 24] ⟨22, ⋯⟩ - 22) +
        if ⟨19, ⋯⟩ = ⟨36, ⋯⟩ then 1 else 0

case «22».«20»
⊢ ((if ⟨20, ⋯⟩ = ⟨36, ⋯⟩ then 1 else 0) + if ⟨20, ⋯⟩ = ⟨38, ⋯⟩ then 1 else 0) <
      512 ^
        (![24, 24, 24, 24, 24, 24, 24, 24, 24, 38, 24, 38, 24, 46, 24, 29, 24, 29, 24, 29, 24, 29, 24] ⟨22, ⋯⟩ - 22) ∧
    (-if ⟨20, ⋯⟩ = ⟨38, ⋯⟩ then 1 else 0) <
      512 ^
          (![24, 24, 24, 24, 24, 24, 24, 24, 24, 38, 24, 38, 24, 46, 24, 29, 24, 29, 24, 29, 24, 29, 24] ⟨22, ⋯⟩ - 22) +
        if ⟨20, ⋯⟩ = ⟨36, ⋯⟩ then 1 else 0

case «22».«21»
⊢ ((if ⟨21, ⋯⟩ = ⟨36, ⋯⟩ then 1 else 0) + if ⟨21, ⋯⟩ = ⟨38, ⋯⟩ then 1 else 0) <
      512 ^
        (![24, 24, 24, 24, 24, 24, 24, 24, 24, 38, 24, 38, 24, 46, 24, 29, 24, 29, 24, 29, 24, 29, 24] ⟨22, ⋯⟩ - 22) ∧
    (-if ⟨21, ⋯⟩ = ⟨38, ⋯⟩ then 1 else 0) <
      512 ^
          (![24, 24, 24, 24, 24, 24, 24, 24, 24, 38, 24, 38, 24, 46, 24, 29, 24, 29, 24, 29, 24, 29, 24] ⟨22, ⋯⟩ - 22) +
        if ⟨21, ⋯⟩ = ⟨36, ⋯⟩ then 1 else 0

case «22».«22»
⊢ ((if ⟨22, ⋯⟩ = ⟨36, ⋯⟩ then 1 else 0) + if ⟨22, ⋯⟩ = ⟨38, ⋯⟩ then 1 else 0) <
      512 ^
        (![24, 24, 24, 24, 24, 24, 24, 24, 24, 38, 24, 38, 24, 46, 24, 29, 24, 29, 24, 29, 24, 29, 24] ⟨22, ⋯⟩ - 22) ∧
    (-if ⟨22, ⋯⟩ = ⟨38, ⋯⟩ then 1 else 0) <
      512 ^
          (![24, 24, 24, 24, 24, 24, 24, 24, 24, 38, 24, 38, 24, 46, 24, 29, 24, 29, 24, 29, 24, 29, 24] ⟨22, ⋯⟩ - 22) +
        if ⟨22, ⋯⟩ = ⟨36, ⋯⟩ then 1 else 0

case «22».«23»
⊢ ((if ⟨23, ⋯⟩ = ⟨36, ⋯⟩ then 1 else 0) + if ⟨23, ⋯⟩ = ⟨38, ⋯⟩ then 1 else 0) <
      512 ^
        (![24, 24, 24, 24, 24, 24, 24, 24, 24, 38, 24, 38, 24, 46, 24, 29, 24, 29, 24, 29, 24, 29, 24] ⟨22, ⋯⟩ - 22) ∧
    (-if ⟨23, ⋯⟩ = ⟨38, ⋯⟩ then 1 else 0) <
      512 ^
          (![24, 24, 24, 24, 24, 24, 24, 24, 24, 38, 24, 38, 24, 46, 24, 29, 24, 29, 24, 29, 24, 29, 24] ⟨22, ⋯⟩ - 22) +
        if ⟨23, ⋯⟩ = ⟨36, ⋯⟩ then 1 else 0

case «22».«24»
⊢ ((if ⟨24, ⋯⟩ = ⟨36, ⋯⟩ then 1 else 0) + if ⟨24, ⋯⟩ = ⟨38, ⋯⟩ then 1 else 0) <
      512 ^
        (![24, 24, 24, 24, 24, 24, 24, 24, 24, 38, 24, 38, 24, 46, 24, 29, 24, 29, 24, 29, 24, 29, 24] ⟨22, ⋯⟩ - 22) ∧
    (-if ⟨24, ⋯⟩ = ⟨38, ⋯⟩ then 1 else 0) <
      512 ^
          (![24, 24, 24, 24, 24, 24, 24, 24, 24, 38, 24, 38, 24, 46, 24, 29, 24, 29, 24, 29, 24, 29, 24] ⟨22, ⋯⟩ - 22) +
        if ⟨24, ⋯⟩ = ⟨36, ⋯⟩ then 1 else 0

case «22».«25»
⊢ ((if ⟨25, ⋯⟩ = ⟨36, ⋯⟩ then 1 else 0) + if ⟨25, ⋯⟩ = ⟨38, ⋯⟩ then 1 else 0) <
      512 ^
        (![24, 24, 24, 24, 24, 24, 24, 24, 24, 38, 24, 38, 24, 46, 24, 29, 24, 29, 24, 29, 24, 29, 24] ⟨22, ⋯⟩ - 22) ∧
    (-if ⟨25, ⋯⟩ = ⟨38, ⋯⟩ then 1 else 0) <
      512 ^
          (![24, 24, 24, 24, 24, 24, 24, 24, 24, 38, 24, 38, 24, 46, 24, 29, 24, 29, 24, 29, 24, 29, 24] ⟨22, ⋯⟩ - 22) +
        if ⟨25, ⋯⟩ = ⟨36, ⋯⟩ then 1 else 0

case «22».«26»
⊢ ((if ⟨26, ⋯⟩ = ⟨36, ⋯⟩ then 1 else 0) + if ⟨26, ⋯⟩ = ⟨38, ⋯⟩ then 1 else 0) <
      512 ^
        (![24, 24, 24, 24, 24, 24, 24, 24, 24, 38, 24, 38, 24, 46, 24, 29, 24, 29, 24, 29, 24, 29, 24] ⟨22, ⋯⟩ - 22) ∧
    (-if ⟨26, ⋯⟩ = ⟨38, ⋯⟩ then 1 else 0) <
      512 ^
          (![24, 24, 24, 24, 24, 24, 24, 24, 24, 38, 24, 38, 24, 46, 24, 29, 24, 29, 24, 29, 24, 29, 24] ⟨22, ⋯⟩ - 22) +
        if ⟨26, ⋯⟩ = ⟨36, ⋯⟩ then 1 else 0

case «22».«27»
⊢ ((if ⟨27, ⋯⟩ = ⟨36, ⋯⟩ then 1 else 0) + if ⟨27, ⋯⟩ = ⟨38, ⋯⟩ then 1 else 0) <
      512 ^
        (![24, 24, 24, 24, 24, 24, 24, 24, 24, 38, 24, 38, 24, 46, 24, 29, 24, 29, 24, 29, 24, 29, 24] ⟨22, ⋯⟩ - 22) ∧
    (-if ⟨27, ⋯⟩ = ⟨38, ⋯⟩ then 1 else 0) <
      512 ^
          (![24, 24, 24, 24, 24, 24, 24, 24, 24, 38, 24, 38, 24, 46, 24, 29, 24, 29, 24, 29, 24, 29, 24] ⟨22, ⋯⟩ - 22) +
        if ⟨27, ⋯⟩ = ⟨36, ⋯⟩ then 1 else 0

case «22».«28»
⊢ ((if ⟨28, ⋯⟩ = ⟨36, ⋯⟩ then 1 else 0) + if ⟨28, ⋯⟩ = ⟨38, ⋯⟩ then 1 else 0) <
      512 ^
        (![24, 24, 24, 24, 24, 24, 24, 24, 24, 38, 24, 38, 24, 46, 24, 29, 24, 29, 24, 29, 24, 29, 24] ⟨22, ⋯⟩ - 22) ∧
    (-if ⟨28, ⋯⟩ = ⟨38, ⋯⟩ then 1 else 0) <
      512 ^
          (![24, 24, 24, 24, 24, 24, 24, 24, 24, 38, 24, 38, 24, 46, 24, 29, 24, 29, 24, 29, 24, 29, 24] ⟨22, ⋯⟩ - 22) +
        if ⟨28, ⋯⟩ = ⟨36, ⋯⟩ then 1 else 0

case «22».«29»
⊢ ((if ⟨29, ⋯⟩ = ⟨36, ⋯⟩ then 1 else 0) + if ⟨29, ⋯⟩ = ⟨38, ⋯⟩ then 1 else 0) <
      512 ^
        (![24, 24, 24, 24, 24, 24, 24, 24, 24, 38, 24, 38, 24, 46, 24, 29, 24, 29, 24, 29, 24, 29, 24] ⟨22, ⋯⟩ - 22) ∧
    (-if ⟨29, ⋯⟩ = ⟨38, ⋯⟩ then 1 else 0) <
      512 ^
          (![24, 24, 24, 24, 24, 24, 24, 24, 24, 38, 24, 38, 24, 46, 24, 29, 24, 29, 24, 29, 24, 29, 24] ⟨22, ⋯⟩ - 22) +
        if ⟨29, ⋯⟩ = ⟨36, ⋯⟩ then 1 else 0

case «22».«30»
⊢ ((if ⟨30, ⋯⟩ = ⟨36, ⋯⟩ then 1 else 0) + if ⟨30, ⋯⟩ = ⟨38, ⋯⟩ then 1 else 0) <
      512 ^
        (![24, 24, 24, 24, 24, 24, 24, 24, 24, 38, 24, 38, 24, 46, 24, 29, 24, 29, 24, 29, 24, 29, 24] ⟨22, ⋯⟩ - 22) ∧
    (-if ⟨30, ⋯⟩ = ⟨38, ⋯⟩ then 1 else 0) <
      512 ^
          (![24, 24, 24, 24, 24, 24, 24, 24, 24, 38, 24, 38, 24, 46, 24, 29, 24, 29, 24, 29, 24, 29, 24] ⟨22, ⋯⟩ - 22) +
        if ⟨30, ⋯⟩ = ⟨36, ⋯⟩ then 1 else 0

case «22».«31»
⊢ ((if ⟨31, ⋯⟩ = ⟨36, ⋯⟩ then 1 else 0) + if ⟨31, ⋯⟩ = ⟨38, ⋯⟩ then 1 else 0) <
      512 ^
        (![24, 24, 24, 24, 24, 24, 24, 24, 24, 38, 24, 38, 24, 46, 24, 29, 24, 29, 24, 29, 24, 29, 24] ⟨22, ⋯⟩ - 22) ∧
    (-if ⟨31, ⋯⟩ = ⟨38, ⋯⟩ then 1 else 0) <
      512 ^
          (![24, 24, 24, 24, 24, 24, 24, 24, 24, 38, 24, 38, 24, 46, 24, 29, 24, 29, 24, 29, 24, 29, 24] ⟨22, ⋯⟩ - 22) +
        if ⟨31, ⋯⟩ = ⟨36, ⋯⟩ then 1 else 0

case «22».«32»
⊢ ((if ⟨32, ⋯⟩ = ⟨36, ⋯⟩ then 1 else 0) + if ⟨32, ⋯⟩ = ⟨38, ⋯⟩ then 1 else 0) <
      512 ^
        (![24, 24, 24, 24, 24, 24, 24, 24, 24, 38, 24, 38, 24, 46, 24, 29, 24, 29, 24, 29, 24, 29, 24] ⟨22, ⋯⟩ - 22) ∧
    (-if ⟨32, ⋯⟩ = ⟨38, ⋯⟩ then 1 else 0) <
      512 ^
          (![24, 24, 24, 24, 24, 24, 24, 24, 24, 38, 24, 38, 24, 46, 24, 29, 24, 29, 24, 29, 24, 29, 24] ⟨22, ⋯⟩ - 22) +
        if ⟨32, ⋯⟩ = ⟨36, ⋯⟩ then 1 else 0

case «22».«33»
⊢ ((if ⟨33, ⋯⟩ = ⟨36, ⋯⟩ then 1 else 0) + if ⟨33, ⋯⟩ = ⟨38, ⋯⟩ then 1 else 0) <
      512 ^
        (![24, 24, 24, 24, 24, 24, 24, 24, 24, 38, 24, 38, 24, 46, 24, 29, 24, 29, 24, 29, 24, 29, 24] ⟨22, ⋯⟩ - 22) ∧
    (-if ⟨33, ⋯⟩ = ⟨38, ⋯⟩ then 1 else 0) <
      512 ^
          (![24, 24, 24, 24, 24, 24, 24, 24, 24, 38, 24, 38, 24, 46, 24, 29, 24, 29, 24, 29, 24, 29, 24] ⟨22, ⋯⟩ - 22) +
        if ⟨33, ⋯⟩ = ⟨36, ⋯⟩ then 1 else 0

case «22».«34»
⊢ ((if ⟨34, ⋯⟩ = ⟨36, ⋯⟩ then 1 else 0) + if ⟨34, ⋯⟩ = ⟨38, ⋯⟩ then 1 else 0) <
      512 ^
        (![24, 24, 24, 24, 24, 24, 24, 24, 24, 38, 24, 38, 24, 46, 24, 29, 24, 29, 24, 29, 24, 29, 24] ⟨22, ⋯⟩ - 22) ∧
    (-if ⟨34, ⋯⟩ = ⟨38, ⋯⟩ then 1 else 0) <
      512 ^
          (![24, 24, 24, 24, 24, 24, 24, 24, 24, 38, 24, 38, 24, 46, 24, 29, 24, 29, 24, 29, 24, 29, 24] ⟨22, ⋯⟩ - 22) +
        if ⟨34, ⋯⟩ = ⟨36, ⋯⟩ then 1 else 0

case «22».«35»
⊢ ((if ⟨35, ⋯⟩ = ⟨36, ⋯⟩ then 1 else 0) + if ⟨35, ⋯⟩ = ⟨38, ⋯⟩ then 1 else 0) <
      512 ^
        (![24, 24, 24, 24, 24, 24, 24, 24, 24, 38, 24, 38, 24, 46, 24, 29, 24, 29, 24, 29, 24, 29, 24] ⟨22, ⋯⟩ - 22) ∧
    (-if ⟨35, ⋯⟩ = ⟨38, ⋯⟩ then 1 else 0) <
      512 ^
          (![24, 24, 24, 24, 24, 24, 24, 24, 24, 38, 24, 38, 24, 46, 24, 29, 24, 29, 24, 29, 24, 29, 24] ⟨22, ⋯⟩ - 22) +
        if ⟨35, ⋯⟩ = ⟨36, ⋯⟩ then 1 else 0

case «22».«36»
⊢ ((if ⟨36, ⋯⟩ = ⟨36, ⋯⟩ then 1 else 0) + if ⟨36, ⋯⟩ = ⟨38, ⋯⟩ then 1 else 0) <
      512 ^
        (![24, 24, 24, 24, 24, 24, 24, 24, 24, 38, 24, 38, 24, 46, 24, 29, 24, 29, 24, 29, 24, 29, 24] ⟨22, ⋯⟩ - 22) ∧
    (-if ⟨36, ⋯⟩ = ⟨38, ⋯⟩ then 1 else 0) <
      512 ^
          (![24, 24, 24, 24, 24, 24, 24, 24, 24, 38, 24, 38, 24, 46, 24, 29, 24, 29, 24, 29, 24, 29, 24] ⟨22, ⋯⟩ - 22) +
        if ⟨36, ⋯⟩ = ⟨36, ⋯⟩ then 1 else 0

case «22».«37»
⊢ ((if ⟨37, ⋯⟩ = ⟨36, ⋯⟩ then 1 else 0) + if ⟨37, ⋯⟩ = ⟨38, ⋯⟩ then 1 else 0) <
      512 ^
        (![24, 24, 24, 24, 24, 24, 24, 24, 24, 38, 24, 38, 24, 46, 24, 29, 24, 29, 24, 29, 24, 29, 24] ⟨22, ⋯⟩ - 22) ∧
    (-if ⟨37, ⋯⟩ = ⟨38, ⋯⟩ then 1 else 0) <
      512 ^
          (![24, 24, 24, 24, 24, 24, 24, 24, 24, 38, 24, 38, 24, 46, 24, 29, 24, 29, 24, 29, 24, 29, 24] ⟨22, ⋯⟩ - 22) +
        if ⟨37, ⋯⟩ = ⟨36, ⋯⟩ then 1 else 0

case «22».«38»
⊢ ((if ⟨38, ⋯⟩ = ⟨36, ⋯⟩ then 1 else 0) + if ⟨38, ⋯⟩ = ⟨38, ⋯⟩ then 1 else 0) <
      512 ^
        (![24, 24, 24, 24, 24, 24, 24, 24, 24, 38, 24, 38, 24, 46, 24, 29, 24, 29, 24, 29, 24, 29, 24] ⟨22, ⋯⟩ - 22) ∧
    (-if ⟨38, ⋯⟩ = ⟨38, ⋯⟩ then 1 else 0) <
      512 ^
          (![24, 24, 24, 24, 24, 24, 24, 24, 24, 38, 24, 38, 24, 46, 24, 29, 24, 29, 24, 29, 24, 29, 24] ⟨22, ⋯⟩ - 22) +
        if ⟨38, ⋯⟩ = ⟨36, ⋯⟩ then 1 else 0
Compiler/NonlinearRnsProfiled.lean:43:56: error: unsolved goals
case «0»
⊢ -1125899906826240 <
      512 ^ ![24, 24, 24, 24, 24, 24, 24, 24, 24, 38, 24, 38, 24, 46, 24, 29, 24, 29, 24, 29, 24, 29, 24] ⟨0, ⋯⟩ ∧
    1125899906826240 <
      512 ^ ![24, 24, 24, 24, 24, 24, 24, 24, 24, 38, 24, 38, 24, 46, 24, 29, 24, 29, 24, 29, 24, 29, 24] ⟨0, ⋯⟩

case «1»
⊢ -1125899906629632 <
      512 ^ ![24, 24, 24, 24, 24, 24, 24, 24, 24, 38, 24, 38, 24, 46, 24, 29, 24, 29, 24, 29, 24, 29, 24] ⟨1, ⋯⟩ ∧
    1125899906629632 <
      512 ^ ![24, 24, 24, 24, 24, 24, 24, 24, 24, 38, 24, 38, 24, 46, 24, 29, 24, 29, 24, 29, 24, 29, 24] ⟨1, ⋯⟩

case «2»
⊢ 1 -
        ![1125899906826241, 1125899906629633, 1125899905744897, 1125899905351681, 4611686018427322369,
            4611686018427289601, 4611686018426454017, 4611686018426257409, 4611686018425815041]
          2 <
      512 ^ ![24, 24, 24, 24, 24, 24, 24, 24, 24, 38, 24, 38, 24, 46, 24, 29, 24, 29, 24, 29, 24, 29, 24] ⟨2, ⋯⟩ ∧
    ![1125899906826241, 1125899906629633, 1125899905744897, 1125899905351681, 4611686018427322369, 4611686018427289601,
            4611686018426454017, 4611686018426257409, 4611686018425815041]
          2 -
        1 <
      512 ^ ![24, 24, 24, 24, 24, 24, 24, 24, 24, 38, 24, 38, 24, 46, 24, 29, 24, 29, 24, 29, 24, 29, 24] ⟨2, ⋯⟩

case «3»
⊢ 1 -
        ![1125899906629633, 1125899905744897, 1125899905351681, 4611686018427322369, 4611686018427289601,
            4611686018426454017, 4611686018426257409, 4611686018425815041]
          2 <
      512 ^ ![24, 24, 24, 24, 24, 24, 24, 24, 24, 38, 24, 38, 24, 46, 24, 29, 24, 29, 24, 29, 24, 29, 24] ⟨3, ⋯⟩ ∧
    ![1125899906629633, 1125899905744897, 1125899905351681, 4611686018427322369, 4611686018427289601,
            4611686018426454017, 4611686018426257409, 4611686018425815041]
          2 -
        1 <
      512 ^ ![24, 24, 24, 24, 24, 24, 24, 24, 24, 38, 24, 38, 24, 46, 24, 29, 24, 29, 24, 29, 24, 29, 24] ⟨3, ⋯⟩

case «4»
⊢ 1 -
        ![1125899905744897, 1125899905351681, 4611686018427322369, 4611686018427289601, 4611686018426454017,
            4611686018426257409, 4611686018425815041]
          2 <
      512 ^ ![24, 24, 24, 24, 24, 24, 24, 24, 24, 38, 24, 38, 24, 46, 24, 29, 24, 29, 24, 29, 24, 29, 24] ⟨4, ⋯⟩ ∧
    ![1125899905744897, 1125899905351681, 4611686018427322369, 4611686018427289601, 4611686018426454017,
            4611686018426257409, 4611686018425815041]
          2 -
        1 <
      512 ^ ![24, 24, 24, 24, 24, 24, 24, 24, 24, 38, 24, 38, 24, 46, 24, 29, 24, 29, 24, 29, 24, 29, 24] ⟨4, ⋯⟩

case «5»
⊢ 1 -
        ![1125899905351681, 4611686018427322369, 4611686018427289601, 4611686018426454017, 4611686018426257409,
            4611686018425815041]
          2 <
      512 ^ ![24, 24, 24, 24, 24, 24, 24, 24, 24, 38, 24, 38, 24, 46, 24, 29, 24, 29, 24, 29, 24, 29, 24] ⟨5, ⋯⟩ ∧
    ![1125899905351681, 4611686018427322369, 4611686018427289601, 4611686018426454017, 4611686018426257409,
            4611686018425815041]
          2 -
        1 <
      512 ^ ![24, 24, 24, 24, 24, 24, 24, 24, 24, 38, 24, 38, 24, 46, 24, 29, 24, 29, 24, 29, 24, 29, 24] ⟨5, ⋯⟩

case «6»
⊢ 1 - ![4611686018427322369, 4611686018427289601, 4611686018426454017, 4611686018426257409, 4611686018425815041] 2 <
      512 ^ ![24, 24, 24, 24, 24, 24, 24, 24, 24, 38, 24, 38, 24, 46, 24, 29, 24, 29, 24, 29, 24, 29, 24] ⟨6, ⋯⟩ ∧
    ![4611686018427322369, 4611686018427289601, 4611686018426454017, 4611686018426257409, 4611686018425815041] 2 - 1 <
      512 ^ ![24, 24, 24, 24, 24, 24, 24, 24, 24, 38, 24, 38, 24, 46, 24, 29, 24, 29, 24, 29, 24, 29, 24] ⟨6, ⋯⟩

case «7»
⊢ 1 - ![4611686018427289601, 4611686018426454017, 4611686018426257409, 4611686018425815041] 2 <
      512 ^ ![24, 24, 24, 24, 24, 24, 24, 24, 24, 38, 24, 38, 24, 46, 24, 29, 24, 29, 24, 29, 24, 29, 24] ⟨7, ⋯⟩ ∧
    ![4611686018427289601, 4611686018426454017, 4611686018426257409, 4611686018425815041] 2 - 1 <
      512 ^ ![24, 24, 24, 24, 24, 24, 24, 24, 24, 38, 24, 38, 24, 46, 24, 29, 24, 29, 24, 29, 24, 29, 24] ⟨7, ⋯⟩

case «8»
⊢ 1 - ![4611686018426454017, 4611686018426257409, 4611686018425815041] 2 <
      512 ^ ![24, 24, 24, 24, 24, 24, 24, 24, 24, 38, 24, 38, 24, 46, 24, 29, 24, 29, 24, 29, 24, 29, 24] ⟨8, ⋯⟩ ∧
    ![4611686018426454017, 4611686018426257409, 4611686018425815041] 2 - 1 <
      512 ^ ![24, 24, 24, 24, 24, 24, 24, 24, 24, 38, 24, 38, 24, 46, 24, 29, 24, 29, 24, 29, 24, 29, 24] ⟨8, ⋯⟩

case «9»
⊢ 42535295865117307932921825928971026432 <
      512 ^ ![24, 24, 24, 24, 24, 24, 24, 24, 24, 38, 24, 38, 24, 46, 24, 29, 24, 29, 24, 29, 24, 29, 24] ⟨9, ⋯⟩ ∧
    -42535295865117307932921825928971026432 <
      512 ^ ![24, 24, 24, 24, 24, 24, 24, 24, 24, 38, 24, 38, 24, 46, 24, 29, 24, 29, 24, 29, 24, 29, 24] ⟨9, ⋯⟩

case «10»
⊢ -85070591730234615865843651857942052863 <
      512 ^ ![24, 24, 24, 24, 24, 24, 24, 24, 24, 38, 24, 38, 24, 46, 24, 29, 24, 29, 24, 29, 24, 29, 24] ⟨10, ⋯⟩ ∧
    85070591730234615865843651857942052863 <
      512 ^ ![24, 24, 24, 24, 24, 24, 24, 24, 24, 38, 24, 38, 24, 46, 24, 29, 24, 29, 24, 29, 24, 29, 24] ⟨10, ⋯⟩

case «11»
⊢ 401734511064747568885660664268751119862282435749414092931072 <
      512 ^ ![24, 24, 24, 24, 24, 24, 24, 24, 24, 38, 24, 38, 24, 46, 24, 29, 24, 29, 24, 29, 24, 29, 24] ⟨11, ⋯⟩ ∧
    -401734511064747568885660664268751119862282435749414092931072 <
      512 ^ ![24, 24, 24, 24, 24, 24, 24, 24, 24, 38, 24, 38, 24, 46, 24, 29, 24, 29, 24, 29, 24, 29, 24] ⟨11, ⋯⟩

case «12»
⊢ -340282366920938463463374607431768211455 <
      512 ^ ![24, 24, 24, 24, 24, 24, 24, 24, 24, 38, 24, 38, 24, 46, 24, 29, 24, 29, 24, 29, 24, 29, 24] ⟨12, ⋯⟩ ∧
    340282366920938463463374607431768211455 <
      512 ^ ![24, 24, 24, 24, 24, 24, 24, 24, 24, 38, 24, 38, 24, 46, 24, 29, 24, 29, 24, 29, 24, 29, 24] ⟨12, ⋯⟩

case «13»
⊢ 1897137585315793802557767868582797475605230919206748990711570863649154253539246080 <
      512 ^ ![24, 24, 24, 24, 24, 24, 24, 24, 24, 38, 24, 38, 24, 46, 24, 29, 24, 29, 24, 29, 24, 29, 24] ⟨13, ⋯⟩ ∧
    -1897137585315793802557767868582797475605230919206748990711570863649154253539246080 <
      512 ^ ![24, 24, 24, 24, 24, 24, 24, 24, 24, 38, 24, 38, 24, 46, 24, 29, 24, 29, 24, 29, 24, 29, 24] ⟨13, ⋯⟩

case «14»
⊢ -1606938040236943481429907225474247728170690725378808731729920 <
      512 ^ ![24, 24, 24, 24, 24, 24, 24, 24, 24, 38, 24, 38, 24, 46, 24, 29, 24, 29, 24, 29, 24, 29, 24] ⟨14, ⋯⟩ ∧
    1606938040236943481429907225474247728170690725378808731729920 <
      512 ^ ![24, 24, 24, 24, 24, 24, 24, 24, 24, 38, 24, 38, 24, 46, 24, 29, 24, 29, 24, 29, 24, 29, 24] ⟨14, ⋯⟩

case «16»
⊢ -1125899906826240 <
      512 ^ ![24, 24, 24, 24, 24, 24, 24, 24, 24, 38, 24, 38, 24, 46, 24, 29, 24, 29, 24, 29, 24, 29, 24] ⟨16, ⋯⟩ ∧
    1125899906826240 <
      512 ^ ![24, 24, 24, 24, 24, 24, 24, 24, 24, 38, 24, 38, 24, 46, 24, 29, 24, 29, 24, 29, 24, 29, 24] ⟨16, ⋯⟩

case «18»
⊢ -1125899906629632 <
      512 ^ ![24, 24, 24, 24, 24, 24, 24, 24, 24, 38, 24, 38, 24, 46, 24, 29, 24, 29, 24, 29, 24, 29, 24] ⟨18, ⋯⟩ ∧
    1125899906629632 <
      512 ^ ![24, 24, 24, 24, 24, 24, 24, 24, 24, 38, 24, 38, 24, 46, 24, 29, 24, 29, 24, 29, 24, 29, 24] ⟨18, ⋯⟩

case «20»
⊢ 1 - ![1125899906826241, 1125899906629633, 1125899905744897, 1125899905351681] 2 <
      512 ^ ![24, 24, 24, 24, 24, 24, 24, 24, 24, 38, 24, 38, 24, 46, 24, 29, 24, 29, 24, 29, 24, 29, 24] ⟨20, ⋯⟩ ∧
    ![1125899906826241, 1125899906629633, 1125899905744897, 1125899905351681] 2 - 1 <
      512 ^ ![24, 24, 24, 24, 24, 24, 24, 24, 24, 38, 24, 38, 24, 46, 24, 29, 24, 29, 24, 29, 24, 29, 24] ⟨20, ⋯⟩

case «22»
⊢ 1 - ![1125899906629633, 1125899905744897, 1125899905351681] 2 <
      512 ^ ![24, 24, 24, 24, 24, 24, 24, 24, 24, 38, 24, 38, 24, 46, 24, 29, 24, 29, 24, 29, 24, 29, 24] ⟨22, ⋯⟩ ∧
    ![1125899906629633, 1125899905744897, 1125899905351681] 2 - 1 <
      512 ^ ![24, 24, 24, 24, 24, 24, 24, 24, 24, 38, 24, 38, 24, 46, 24, 29, 24, 29, 24, 29, 24, 29, 24] ⟨22, ⋯⟩
